<?xml version="1.0" encoding="UTF-8"?>
<gpx version="1.1" schemaLocation="http://www.topografix.com/GPX/1/1 http://www.topografix.com/GPX/1/1/gpx.xsd" creator="MotionXGPSFull 24.1 Build 5049R64" xmlns="http://www.topografix.com/GPX/1/1" xmlns:xsi="http://www.w3.org/2001/XMLSchema-instance" xsi:schemaLocation="http://www.topografix.com/GPX/1/1 http://www.topografix.com/GPX/1/1/gpx.xsd http://www.garmin.com/xmlschemas/GpxExtensions/v3 http://www.garmin.com/xmlschemas/GpxExtensionsv3.xsd http://www.garmin.com/xmlschemas/TrackPointExtension/v1 http://www.garmin.com/xmlschemas/TrackPointExtensionv1.xsd http://www.garmin.com/xmlschemas/PowerExtension/v1 http://www.garmin.com/xmlschemas/PowerExtensionv1.xsd http://www.topografix.com/GPX/gpx_style/0/2 http://www.topografix.com/GPX/gpx_style/0/2/gpx_style.xsd" xmlns:gpxtpx="http://www.garmin.com/xmlschemas/TrackPointExtension/v1" xmlns:gpxx="http://www.garmin.com/xmlschemas/GpxExtensions/v3" xmlns:gpxpx="http://www.garmin.com/xmlschemas/PowerExtension/v1" xmlns:gpx_style="http://www.topografix.com/GPX/gpx_style/0/2">
  <metadata>
    <name>265 Chivasso -_ Pont</name>
    <author>
      <name>gpx.studio</name>
      <link href="https://gpx.studio"/>
    </author>
  </metadata>
  <trk>
    <name>265 Chivasso-Pont Saint Martin</name>
    <desc>23 nov 2016  7:43 pm</desc>
    <trkseg>
      <trkpt lat="45.192725" lon="7.887563">
        <ele>185.25</ele>
        <time>2016-11-23T18:46:37.051Z</time>
        <extensions>
          <gpxtpx:TrackPointExtension>
            <gpxtpx:Extensions>
              <highway>service</highway>
            </gpxtpx:Extensions>
          </gpxtpx:TrackPointExtension>
        </extensions>
      </trkpt>
      <trkpt lat="45.192668" lon="7.887247">
        <ele>185.5</ele>
        <time>2016-11-23T18:46:41.899Z</time>
        <extensions>
          <gpxtpx:TrackPointExtension>
            <gpxtpx:Extensions>
              <highway>service</highway>
            </gpxtpx:Extensions>
          </gpxtpx:TrackPointExtension>
        </extensions>
      </trkpt>
      <trkpt lat="45.192598" lon="7.887152">
        <ele>185.75</ele>
        <time>2016-11-23T18:46:43.942Z</time>
        <extensions>
          <gpxtpx:TrackPointExtension>
            <gpxtpx:Extensions>
              <highway>residential</highway>
              <oneway>yes</oneway>
            </gpxtpx:Extensions>
          </gpxtpx:TrackPointExtension>
        </extensions>
      </trkpt>
      <trkpt lat="45.192598" lon="7.887045">
        <ele>185.75</ele>
        <time>2016-11-23T18:46:45.532Z</time>
        <extensions>
          <gpxtpx:TrackPointExtension>
            <gpxtpx:Extensions>
              <highway>residential</highway>
              <oneway>yes</oneway>
            </gpxtpx:Extensions>
          </gpxtpx:TrackPointExtension>
        </extensions>
      </trkpt>
      <trkpt lat="45.192595" lon="7.886754">
        <ele>185.75</ele>
        <time>2016-11-23T18:46:49.857Z</time>
        <extensions>
          <gpxtpx:TrackPointExtension>
            <gpxtpx:Extensions>
              <highway>residential</highway>
              <oneway>yes</oneway>
            </gpxtpx:Extensions>
          </gpxtpx:TrackPointExtension>
        </extensions>
      </trkpt>
      <trkpt lat="45.192622" lon="7.886701">
        <ele>185.5</ele>
        <time>2016-11-23T18:46:50.829Z</time>
        <extensions>
          <gpxtpx:TrackPointExtension>
            <gpxtpx:Extensions>
              <highway>residential</highway>
              <surface>asphalt</surface>
              <junction>roundabout</junction>
            </gpxtpx:Extensions>
          </gpxtpx:TrackPointExtension>
        </extensions>
      </trkpt>
      <trkpt lat="45.192666" lon="7.886706">
        <ele>185.5</ele>
        <time>2016-11-23T18:46:51.759Z</time>
        <extensions>
          <gpxtpx:TrackPointExtension>
            <gpxtpx:Extensions>
              <highway>residential</highway>
              <surface>asphalt</surface>
              <junction>roundabout</junction>
            </gpxtpx:Extensions>
          </gpxtpx:TrackPointExtension>
        </extensions>
      </trkpt>
      <trkpt lat="45.192701" lon="7.886667">
        <ele>185.5</ele>
        <time>2016-11-23T18:46:52.697Z</time>
        <extensions>
          <gpxtpx:TrackPointExtension>
            <gpxtpx:Extensions>
              <highway>residential</highway>
              <surface>asphalt</surface>
              <junction>roundabout</junction>
            </gpxtpx:Extensions>
          </gpxtpx:TrackPointExtension>
        </extensions>
      </trkpt>
      <trkpt lat="45.19271" lon="7.886605">
        <ele>185.25</ele>
        <time>2016-11-23T18:46:53.637Z</time>
        <extensions>
          <gpxtpx:TrackPointExtension>
            <gpxtpx:Extensions>
              <highway>residential</highway>
              <surface>asphalt</surface>
              <junction>roundabout</junction>
            </gpxtpx:Extensions>
          </gpxtpx:TrackPointExtension>
        </extensions>
      </trkpt>
      <trkpt lat="45.192688" lon="7.88655">
        <ele>185.25</ele>
        <time>2016-11-23T18:46:54.577Z</time>
        <extensions>
          <gpxtpx:TrackPointExtension>
            <gpxtpx:Extensions>
              <highway>residential</highway>
              <surface>asphalt</surface>
              <junction>roundabout</junction>
            </gpxtpx:Extensions>
          </gpxtpx:TrackPointExtension>
        </extensions>
      </trkpt>
      <trkpt lat="45.192646" lon="7.88653">
        <ele>185.5</ele>
        <time>2016-11-23T18:46:55.511Z</time>
        <extensions>
          <gpxtpx:TrackPointExtension>
            <gpxtpx:Extensions>
              <highway>residential</highway>
              <surface>asphalt</surface>
              <junction>roundabout</junction>
            </gpxtpx:Extensions>
          </gpxtpx:TrackPointExtension>
        </extensions>
      </trkpt>
      <trkpt lat="45.192613" lon="7.886545">
        <ele>185.5</ele>
        <time>2016-11-23T18:46:56.241Z</time>
        <extensions>
          <gpxtpx:TrackPointExtension>
            <gpxtpx:Extensions>
              <highway>residential</highway>
              <surface>asphalt</surface>
              <junction>roundabout</junction>
            </gpxtpx:Extensions>
          </gpxtpx:TrackPointExtension>
        </extensions>
      </trkpt>
      <trkpt lat="45.192591" lon="7.886581">
        <ele>185.5</ele>
        <time>2016-11-23T18:46:56.949Z</time>
        <extensions>
          <gpxtpx:TrackPointExtension>
            <gpxtpx:Extensions>
              <highway>residential</highway>
              <oneway>yes</oneway>
            </gpxtpx:Extensions>
          </gpxtpx:TrackPointExtension>
        </extensions>
      </trkpt>
      <trkpt lat="45.192504" lon="7.886628">
        <ele>185.75</ele>
        <time>2016-11-23T18:46:58.912Z</time>
        <extensions>
          <gpxtpx:TrackPointExtension>
            <gpxtpx:Extensions>
              <reversedirection>yes</reversedirection>
              <highway>residential</highway>
              <surface>asphalt</surface>
              <oneway>no</oneway>
            </gpxtpx:Extensions>
          </gpxtpx:TrackPointExtension>
        </extensions>
      </trkpt>
      <trkpt lat="45.192449" lon="7.886629">
        <ele>186</ele>
        <time>2016-11-23T18:47:00.072Z</time>
        <extensions>
          <gpxtpx:TrackPointExtension>
            <gpxtpx:Extensions>
              <reversedirection>yes</reversedirection>
              <highway>residential</highway>
              <surface>asphalt</surface>
              <oneway>no</oneway>
            </gpxtpx:Extensions>
          </gpxtpx:TrackPointExtension>
        </extensions>
      </trkpt>
      <trkpt lat="45.191931" lon="7.886641">
        <ele>188.5</ele>
        <time>2016-11-23T18:47:10.998Z</time>
        <extensions>
          <gpxtpx:TrackPointExtension>
            <gpxtpx:Extensions>
              <highway>unclassified</highway>
              <oneway>yes</oneway>
            </gpxtpx:Extensions>
          </gpxtpx:TrackPointExtension>
        </extensions>
      </trkpt>
      <trkpt lat="45.191151" lon="7.886665">
        <ele>189.25</ele>
        <time>2016-11-23T18:47:27.453Z</time>
        <extensions>
          <gpxtpx:TrackPointExtension>
            <gpxtpx:Extensions>
              <highway>tertiary</highway>
              <surface>sett</surface>
              <oneway>yes</oneway>
            </gpxtpx:Extensions>
          </gpxtpx:TrackPointExtension>
        </extensions>
      </trkpt>
      <trkpt lat="45.190125" lon="7.886651">
        <ele>188.75</ele>
        <time>2016-11-23T18:47:49.093Z</time>
        <extensions>
          <gpxtpx:TrackPointExtension>
            <gpxtpx:Extensions>
              <highway>tertiary</highway>
              <surface>sett</surface>
              <oneway>yes</oneway>
            </gpxtpx:Extensions>
          </gpxtpx:TrackPointExtension>
        </extensions>
      </trkpt>
      <trkpt lat="45.190038" lon="7.886649">
        <ele>188.75</ele>
        <time>2016-11-23T18:47:50.928Z</time>
        <extensions>
          <gpxtpx:TrackPointExtension>
            <gpxtpx:Extensions>
              <highway>residential</highway>
              <surface>asphalt</surface>
              <oneway>yes</oneway>
            </gpxtpx:Extensions>
          </gpxtpx:TrackPointExtension>
        </extensions>
      </trkpt>
      <trkpt lat="45.189959" lon="7.886624">
        <ele>188.75</ele>
        <time>2016-11-23T18:47:52.635Z</time>
        <extensions>
          <gpxtpx:TrackPointExtension>
            <gpxtpx:Extensions>
              <highway>residential</highway>
              <surface>asphalt</surface>
              <oneway>yes</oneway>
            </gpxtpx:Extensions>
          </gpxtpx:TrackPointExtension>
        </extensions>
      </trkpt>
      <trkpt lat="45.189778" lon="7.886632">
        <ele>188.25</ele>
        <time>2016-11-23T18:47:56.454Z</time>
        <extensions>
          <gpxtpx:TrackPointExtension>
            <gpxtpx:Extensions>
              <highway>residential</highway>
              <surface>asphalt</surface>
              <oneway>yes</oneway>
            </gpxtpx:Extensions>
          </gpxtpx:TrackPointExtension>
        </extensions>
      </trkpt>
      <trkpt lat="45.1892" lon="7.886683">
        <ele>187</ele>
        <time>2016-11-23T18:48:08.668Z</time>
        <extensions>
          <gpxtpx:TrackPointExtension>
            <gpxtpx:Extensions>
              <highway>residential</highway>
              <surface>sett</surface>
              <oneway>yes</oneway>
            </gpxtpx:Extensions>
          </gpxtpx:TrackPointExtension>
        </extensions>
      </trkpt>
      <trkpt lat="45.189121" lon="7.886688">
        <ele>186.75</ele>
        <time>2016-11-23T18:48:10.335Z</time>
        <extensions>
          <gpxtpx:TrackPointExtension>
            <gpxtpx:Extensions>
              <highway>residential</highway>
              <surface>sett</surface>
              <oneway>yes</oneway>
            </gpxtpx:Extensions>
          </gpxtpx:TrackPointExtension>
        </extensions>
      </trkpt>
      <trkpt lat="45.188764" lon="7.886708">
        <ele>185</ele>
        <time>2016-11-23T18:48:17.870Z</time>
        <extensions>
          <gpxtpx:TrackPointExtension>
            <gpxtpx:Extensions>
              <highway>residential</highway>
              <surface>sett</surface>
              <oneway>yes</oneway>
            </gpxtpx:Extensions>
          </gpxtpx:TrackPointExtension>
        </extensions>
      </trkpt>
      <trkpt lat="45.188175" lon="7.886742">
        <ele>183.25</ele>
        <time>2016-11-23T18:48:30.303Z</time>
        <extensions>
          <gpxtpx:TrackPointExtension>
            <gpxtpx:Extensions>
              <reversedirection>yes</reversedirection>
              <highway>residential</highway>
              <surface>asphalt</surface>
              <oneway>no</oneway>
            </gpxtpx:Extensions>
          </gpxtpx:TrackPointExtension>
        </extensions>
      </trkpt>
      <trkpt lat="45.18791" lon="7.886754">
        <ele>183.5</ele>
        <time>2016-11-23T18:48:35.895Z</time>
        <extensions>
          <gpxtpx:TrackPointExtension>
            <gpxtpx:Extensions>
              <reversedirection>yes</reversedirection>
              <highway>residential</highway>
              <surface>asphalt</surface>
              <oneway>no</oneway>
            </gpxtpx:Extensions>
          </gpxtpx:TrackPointExtension>
        </extensions>
      </trkpt>
      <trkpt lat="45.187576" lon="7.886769">
        <ele>184</ele>
        <time>2016-11-23T18:48:42.943Z</time>
        <extensions>
          <gpxtpx:TrackPointExtension>
            <gpxtpx:Extensions>
              <reversedirection>yes</reversedirection>
              <highway>residential</highway>
              <surface>asphalt</surface>
              <oneway>no</oneway>
            </gpxtpx:Extensions>
          </gpxtpx:TrackPointExtension>
        </extensions>
      </trkpt>
      <trkpt lat="45.187505" lon="7.886801">
        <ele>184</ele>
        <time>2016-11-23T18:48:44.514Z</time>
        <extensions>
          <gpxtpx:TrackPointExtension>
            <gpxtpx:Extensions>
              <reversedirection>yes</reversedirection>
              <highway>residential</highway>
              <surface>asphalt</surface>
              <oneway>no</oneway>
            </gpxtpx:Extensions>
          </gpxtpx:TrackPointExtension>
        </extensions>
      </trkpt>
      <trkpt lat="45.187433" lon="7.886833">
        <ele>183.75</ele>
        <time>2016-11-23T18:48:46.105Z</time>
        <extensions>
          <gpxtpx:TrackPointExtension>
            <gpxtpx:Extensions>
              <highway>secondary</highway>
              <surface>asphalt</surface>
              <oneway>yes</oneway>
            </gpxtpx:Extensions>
          </gpxtpx:TrackPointExtension>
        </extensions>
      </trkpt>
      <trkpt lat="45.187435" lon="7.886841">
        <ele>184.25</ele>
        <time>2016-11-23T18:48:46.252Z</time>
        <extensions>
          <gpxtpx:TrackPointExtension>
            <gpxtpx:Extensions>
              <highway>secondary</highway>
              <surface>asphalt</surface>
              <oneway>yes</oneway>
            </gpxtpx:Extensions>
          </gpxtpx:TrackPointExtension>
        </extensions>
      </trkpt>
      <trkpt lat="45.187434" lon="7.88684">
        <ele>183.75</ele>
        <time>2016-11-23T18:48:46.288Z</time>
        <extensions>
          <gpxtpx:TrackPointExtension>
            <gpxtpx:Extensions>
              <highway>secondary</highway>
              <surface>asphalt</surface>
              <oneway>yes</oneway>
            </gpxtpx:Extensions>
          </gpxtpx:TrackPointExtension>
        </extensions>
      </trkpt>
      <trkpt lat="45.187491" lon="7.887064">
        <ele>184.25</ele>
        <time>2016-11-23T18:48:50.467Z</time>
        <extensions>
          <gpxtpx:TrackPointExtension>
            <gpxtpx:Extensions>
              <highway>secondary</highway>
              <surface>asphalt</surface>
              <oneway>yes</oneway>
            </gpxtpx:Extensions>
          </gpxtpx:TrackPointExtension>
        </extensions>
      </trkpt>
      <trkpt lat="45.187631" lon="7.887616">
        <ele>185</ele>
        <time>2016-11-23T18:49:00.761Z</time>
        <extensions>
          <gpxtpx:TrackPointExtension>
            <gpxtpx:Extensions>
              <highway>secondary</highway>
              <surface>asphalt</surface>
              <oneway>yes</oneway>
            </gpxtpx:Extensions>
          </gpxtpx:TrackPointExtension>
        </extensions>
      </trkpt>
      <trkpt lat="45.187688" lon="7.887844">
        <ele>185.5</ele>
        <time>2016-11-23T18:49:05.006Z</time>
        <extensions>
          <gpxtpx:TrackPointExtension>
            <gpxtpx:Extensions>
              <highway>secondary</highway>
              <surface>asphalt</surface>
              <oneway>yes</oneway>
            </gpxtpx:Extensions>
          </gpxtpx:TrackPointExtension>
        </extensions>
      </trkpt>
      <trkpt lat="45.187733" lon="7.888021">
        <ele>185.75</ele>
        <time>2016-11-23T18:49:08.307Z</time>
        <extensions>
          <gpxtpx:TrackPointExtension>
            <gpxtpx:Extensions>
              <highway>secondary</highway>
              <surface>asphalt</surface>
              <oneway>yes</oneway>
            </gpxtpx:Extensions>
          </gpxtpx:TrackPointExtension>
        </extensions>
      </trkpt>
      <trkpt lat="45.187791" lon="7.888255">
        <ele>186</ele>
        <time>2016-11-23T18:49:12.659Z</time>
        <extensions>
          <gpxtpx:TrackPointExtension>
            <gpxtpx:Extensions>
              <highway>secondary</highway>
              <surface>asphalt</surface>
              <oneway>yes</oneway>
            </gpxtpx:Extensions>
          </gpxtpx:TrackPointExtension>
        </extensions>
      </trkpt>
      <trkpt lat="45.187877" lon="7.888594">
        <ele>187</ele>
        <time>2016-11-23T18:49:18.981Z</time>
        <extensions>
          <gpxtpx:TrackPointExtension>
            <gpxtpx:Extensions>
              <highway>secondary</highway>
              <surface>asphalt</surface>
              <oneway>yes</oneway>
            </gpxtpx:Extensions>
          </gpxtpx:TrackPointExtension>
        </extensions>
      </trkpt>
      <trkpt lat="45.187893" lon="7.888662">
        <ele>187.25</ele>
        <time>2016-11-23T18:49:20.239Z</time>
        <extensions>
          <gpxtpx:TrackPointExtension>
            <gpxtpx:Extensions>
              <highway>secondary</highway>
              <surface>asphalt</surface>
              <oneway>yes</oneway>
            </gpxtpx:Extensions>
          </gpxtpx:TrackPointExtension>
        </extensions>
      </trkpt>
      <trkpt lat="45.188066" lon="7.889365">
        <ele>188</ele>
        <time>2016-11-23T18:49:33.305Z</time>
        <extensions>
          <gpxtpx:TrackPointExtension>
            <gpxtpx:Extensions>
              <highway>secondary</highway>
              <surface>asphalt</surface>
              <oneway>yes</oneway>
            </gpxtpx:Extensions>
          </gpxtpx:TrackPointExtension>
        </extensions>
      </trkpt>
      <trkpt lat="45.18811" lon="7.889541">
        <ele>187.75</ele>
        <time>2016-11-23T18:49:36.582Z</time>
        <extensions>
          <gpxtpx:TrackPointExtension>
            <gpxtpx:Extensions>
              <highway>secondary</highway>
              <surface>asphalt</surface>
              <oneway>yes</oneway>
            </gpxtpx:Extensions>
          </gpxtpx:TrackPointExtension>
        </extensions>
      </trkpt>
      <trkpt lat="45.188126" lon="7.889664">
        <ele>187.75</ele>
        <time>2016-11-23T18:49:38.776Z</time>
        <extensions>
          <gpxtpx:TrackPointExtension>
            <gpxtpx:Extensions>
              <highway>secondary</highway>
              <surface>asphalt</surface>
              <oneway>yes</oneway>
            </gpxtpx:Extensions>
          </gpxtpx:TrackPointExtension>
        </extensions>
      </trkpt>
      <trkpt lat="45.1882" lon="7.890243">
        <ele>186.5</ele>
        <time>2016-11-23T18:49:49.101Z</time>
        <extensions>
          <gpxtpx:TrackPointExtension>
            <gpxtpx:Extensions>
              <highway>secondary</highway>
              <surface>asphalt</surface>
              <oneway>yes</oneway>
            </gpxtpx:Extensions>
          </gpxtpx:TrackPointExtension>
        </extensions>
      </trkpt>
      <trkpt lat="45.188292" lon="7.890963">
        <ele>185.25</ele>
        <time>2016-11-23T18:50:01.941Z</time>
        <extensions>
          <gpxtpx:TrackPointExtension>
            <gpxtpx:Extensions>
              <highway>secondary</highway>
              <surface>asphalt</surface>
              <oneway>yes</oneway>
            </gpxtpx:Extensions>
          </gpxtpx:TrackPointExtension>
        </extensions>
      </trkpt>
      <trkpt lat="45.188372" lon="7.89159">
        <ele>186.75</ele>
        <time>2016-11-23T18:50:13.122Z</time>
        <extensions>
          <gpxtpx:TrackPointExtension>
            <gpxtpx:Extensions>
              <highway>secondary</highway>
              <surface>asphalt</surface>
              <oneway>yes</oneway>
            </gpxtpx:Extensions>
          </gpxtpx:TrackPointExtension>
        </extensions>
      </trkpt>
      <trkpt lat="45.188392" lon="7.89175">
        <ele>187</ele>
        <time>2016-11-23T18:50:15.973Z</time>
        <extensions>
          <gpxtpx:TrackPointExtension>
            <gpxtpx:Extensions>
              <highway>secondary</highway>
              <surface>asphalt</surface>
              <oneway>yes</oneway>
            </gpxtpx:Extensions>
          </gpxtpx:TrackPointExtension>
        </extensions>
      </trkpt>
      <trkpt lat="45.18845" lon="7.892203">
        <ele>187.5</ele>
        <time>2016-11-23T18:50:24.052Z</time>
        <extensions>
          <gpxtpx:TrackPointExtension>
            <gpxtpx:Extensions>
              <highway>secondary</highway>
              <surface>asphalt</surface>
              <oneway>yes</oneway>
            </gpxtpx:Extensions>
          </gpxtpx:TrackPointExtension>
        </extensions>
      </trkpt>
      <trkpt lat="45.188444" lon="7.892288">
        <ele>187.5</ele>
        <time>2016-11-23T18:50:25.551Z</time>
        <extensions>
          <gpxtpx:TrackPointExtension>
            <gpxtpx:Extensions>
              <highway>secondary</highway>
              <surface>asphalt</surface>
              <oneway>yes</oneway>
            </gpxtpx:Extensions>
          </gpxtpx:TrackPointExtension>
        </extensions>
      </trkpt>
      <trkpt lat="45.188418" lon="7.892359">
        <ele>187.5</ele>
        <time>2016-11-23T18:50:26.954Z</time>
        <extensions>
          <gpxtpx:TrackPointExtension>
            <gpxtpx:Extensions>
              <highway>secondary</highway>
              <surface>asphalt</surface>
              <junction>roundabout</junction>
            </gpxtpx:Extensions>
          </gpxtpx:TrackPointExtension>
        </extensions>
      </trkpt>
      <trkpt lat="45.188382" lon="7.892378">
        <ele>187.75</ele>
        <time>2016-11-23T18:50:27.910Z</time>
        <extensions>
          <gpxtpx:TrackPointExtension>
            <gpxtpx:Extensions>
              <highway>secondary</highway>
              <surface>asphalt</surface>
              <junction>roundabout</junction>
            </gpxtpx:Extensions>
          </gpxtpx:TrackPointExtension>
        </extensions>
      </trkpt>
      <trkpt lat="45.188352" lon="7.892413">
        <ele>187.75</ele>
        <time>2016-11-23T18:50:28.877Z</time>
        <extensions>
          <gpxtpx:TrackPointExtension>
            <gpxtpx:Extensions>
              <highway>secondary</highway>
              <surface>asphalt</surface>
              <junction>roundabout</junction>
            </gpxtpx:Extensions>
          </gpxtpx:TrackPointExtension>
        </extensions>
      </trkpt>
      <trkpt lat="45.18833" lon="7.892459">
        <ele>187.75</ele>
        <time>2016-11-23T18:50:29.852Z</time>
        <extensions>
          <gpxtpx:TrackPointExtension>
            <gpxtpx:Extensions>
              <highway>secondary</highway>
              <surface>asphalt</surface>
              <junction>roundabout</junction>
            </gpxtpx:Extensions>
          </gpxtpx:TrackPointExtension>
        </extensions>
      </trkpt>
      <trkpt lat="45.18832" lon="7.892512">
        <ele>187.75</ele>
        <time>2016-11-23T18:50:30.814Z</time>
        <extensions>
          <gpxtpx:TrackPointExtension>
            <gpxtpx:Extensions>
              <highway>secondary</highway>
              <surface>asphalt</surface>
              <junction>roundabout</junction>
            </gpxtpx:Extensions>
          </gpxtpx:TrackPointExtension>
        </extensions>
      </trkpt>
      <trkpt lat="45.188321" lon="7.892567">
        <ele>187.75</ele>
        <time>2016-11-23T18:50:31.779Z</time>
        <extensions>
          <gpxtpx:TrackPointExtension>
            <gpxtpx:Extensions>
              <highway>secondary</highway>
              <surface>asphalt</surface>
              <junction>roundabout</junction>
            </gpxtpx:Extensions>
          </gpxtpx:TrackPointExtension>
        </extensions>
      </trkpt>
      <trkpt lat="45.188334" lon="7.892618">
        <ele>187.5</ele>
        <time>2016-11-23T18:50:32.730Z</time>
        <extensions>
          <gpxtpx:TrackPointExtension>
            <gpxtpx:Extensions>
              <highway>secondary</highway>
              <surface>asphalt</surface>
              <junction>roundabout</junction>
            </gpxtpx:Extensions>
          </gpxtpx:TrackPointExtension>
        </extensions>
      </trkpt>
      <trkpt lat="45.188356" lon="7.892661">
        <ele>187.5</ele>
        <time>2016-11-23T18:50:33.662Z</time>
        <extensions>
          <gpxtpx:TrackPointExtension>
            <gpxtpx:Extensions>
              <highway>secondary</highway>
              <surface>asphalt</surface>
              <junction>roundabout</junction>
            </gpxtpx:Extensions>
          </gpxtpx:TrackPointExtension>
        </extensions>
      </trkpt>
      <trkpt lat="45.188387" lon="7.892693">
        <ele>187.5</ele>
        <time>2016-11-23T18:50:34.616Z</time>
        <extensions>
          <gpxtpx:TrackPointExtension>
            <gpxtpx:Extensions>
              <highway>secondary</highway>
              <surface>asphalt</surface>
              <junction>roundabout</junction>
            </gpxtpx:Extensions>
          </gpxtpx:TrackPointExtension>
        </extensions>
      </trkpt>
      <trkpt lat="45.188423" lon="7.89271">
        <ele>187.25</ele>
        <time>2016-11-23T18:50:35.560Z</time>
        <extensions>
          <gpxtpx:TrackPointExtension>
            <gpxtpx:Extensions>
              <highway>secondary</highway>
              <surface>asphalt</surface>
              <junction>roundabout</junction>
            </gpxtpx:Extensions>
          </gpxtpx:TrackPointExtension>
        </extensions>
      </trkpt>
      <trkpt lat="45.188461" lon="7.892711">
        <ele>187.25</ele>
        <time>2016-11-23T18:50:36.506Z</time>
        <extensions>
          <gpxtpx:TrackPointExtension>
            <gpxtpx:Extensions>
              <highway>secondary</highway>
              <surface>asphalt</surface>
              <oneway>yes</oneway>
            </gpxtpx:Extensions>
          </gpxtpx:TrackPointExtension>
        </extensions>
      </trkpt>
      <trkpt lat="45.188495" lon="7.892774">
        <ele>187.25</ele>
        <time>2016-11-23T18:50:37.898Z</time>
        <extensions>
          <gpxtpx:TrackPointExtension>
            <gpxtpx:Extensions>
              <highway>secondary</highway>
              <surface>asphalt</surface>
              <oneway>yes</oneway>
            </gpxtpx:Extensions>
          </gpxtpx:TrackPointExtension>
        </extensions>
      </trkpt>
      <trkpt lat="45.188529" lon="7.892856">
        <ele>187</ele>
        <time>2016-11-23T18:50:39.567Z</time>
        <extensions>
          <gpxtpx:TrackPointExtension>
            <gpxtpx:Extensions>
              <highway>secondary</highway>
              <surface>asphalt</surface>
              <oneway>yes</oneway>
            </gpxtpx:Extensions>
          </gpxtpx:TrackPointExtension>
        </extensions>
      </trkpt>
      <trkpt lat="45.188607" lon="7.893522">
        <ele>185.75</ele>
        <time>2016-11-23T18:50:51.414Z</time>
        <extensions>
          <gpxtpx:TrackPointExtension>
            <gpxtpx:Extensions>
              <highway>secondary</highway>
              <surface>asphalt</surface>
              <oneway>yes</oneway>
            </gpxtpx:Extensions>
          </gpxtpx:TrackPointExtension>
        </extensions>
      </trkpt>
      <trkpt lat="45.188669" lon="7.893979">
        <ele>184.25</ele>
        <time>2016-11-23T18:50:59.580Z</time>
        <extensions>
          <gpxtpx:TrackPointExtension>
            <gpxtpx:Extensions>
              <highway>secondary</highway>
              <surface>asphalt</surface>
              <oneway>yes</oneway>
            </gpxtpx:Extensions>
          </gpxtpx:TrackPointExtension>
        </extensions>
      </trkpt>
      <trkpt lat="45.18868" lon="7.894059">
        <ele>184</ele>
        <time>2016-11-23T18:51:01.010Z</time>
        <extensions>
          <gpxtpx:TrackPointExtension>
            <gpxtpx:Extensions>
              <highway>secondary</highway>
              <surface>asphalt</surface>
              <oneway>yes</oneway>
            </gpxtpx:Extensions>
          </gpxtpx:TrackPointExtension>
        </extensions>
      </trkpt>
      <trkpt lat="45.188683" lon="7.894079">
        <ele>184</ele>
        <time>2016-11-23T18:51:01.368Z</time>
        <extensions>
          <gpxtpx:TrackPointExtension>
            <gpxtpx:Extensions>
              <highway>secondary</highway>
              <surface>asphalt</surface>
              <maxspeed>50</maxspeed>
              <junction>roundabout</junction>
            </gpxtpx:Extensions>
          </gpxtpx:TrackPointExtension>
        </extensions>
      </trkpt>
      <trkpt lat="45.188664" lon="7.894111">
        <ele>183.75</ele>
        <time>2016-11-23T18:51:02.101Z</time>
        <extensions>
          <gpxtpx:TrackPointExtension>
            <gpxtpx:Extensions>
              <highway>secondary</highway>
              <surface>asphalt</surface>
              <maxspeed>50</maxspeed>
              <junction>roundabout</junction>
            </gpxtpx:Extensions>
          </gpxtpx:TrackPointExtension>
        </extensions>
      </trkpt>
      <trkpt lat="45.188654" lon="7.89415">
        <ele>183.5</ele>
        <time>2016-11-23T18:51:02.829Z</time>
        <extensions>
          <gpxtpx:TrackPointExtension>
            <gpxtpx:Extensions>
              <highway>secondary</highway>
              <surface>asphalt</surface>
              <maxspeed>50</maxspeed>
              <junction>roundabout</junction>
            </gpxtpx:Extensions>
          </gpxtpx:TrackPointExtension>
        </extensions>
      </trkpt>
      <trkpt lat="45.188652" lon="7.894189">
        <ele>183.25</ele>
        <time>2016-11-23T18:51:03.515Z</time>
        <extensions>
          <gpxtpx:TrackPointExtension>
            <gpxtpx:Extensions>
              <highway>secondary</highway>
              <surface>asphalt</surface>
              <maxspeed>50</maxspeed>
              <junction>roundabout</junction>
            </gpxtpx:Extensions>
          </gpxtpx:TrackPointExtension>
        </extensions>
      </trkpt>
      <trkpt lat="45.188659" lon="7.894227">
        <ele>183.25</ele>
        <time>2016-11-23T18:51:04.204Z</time>
        <extensions>
          <gpxtpx:TrackPointExtension>
            <gpxtpx:Extensions>
              <highway>secondary</highway>
              <surface>asphalt</surface>
              <maxspeed>50</maxspeed>
              <junction>roundabout</junction>
            </gpxtpx:Extensions>
          </gpxtpx:TrackPointExtension>
        </extensions>
      </trkpt>
      <trkpt lat="45.188673" lon="7.894261">
        <ele>183.25</ele>
        <time>2016-11-23T18:51:04.895Z</time>
        <extensions>
          <gpxtpx:TrackPointExtension>
            <gpxtpx:Extensions>
              <highway>secondary</highway>
              <surface>asphalt</surface>
              <maxspeed>50</maxspeed>
              <junction>roundabout</junction>
            </gpxtpx:Extensions>
          </gpxtpx:TrackPointExtension>
        </extensions>
      </trkpt>
      <trkpt lat="45.188698" lon="7.89429">
        <ele>183.5</ele>
        <time>2016-11-23T18:51:05.698Z</time>
        <extensions>
          <gpxtpx:TrackPointExtension>
            <gpxtpx:Extensions>
              <highway>secondary</highway>
              <surface>asphalt</surface>
              <maxspeed>50</maxspeed>
              <junction>roundabout</junction>
            </gpxtpx:Extensions>
          </gpxtpx:TrackPointExtension>
        </extensions>
      </trkpt>
      <trkpt lat="45.188726" lon="7.894305">
        <ele>183.5</ele>
        <time>2016-11-23T18:51:06.443Z</time>
        <extensions>
          <gpxtpx:TrackPointExtension>
            <gpxtpx:Extensions>
              <highway>secondary</highway>
              <surface>asphalt</surface>
              <maxspeed>50</maxspeed>
              <junction>roundabout</junction>
            </gpxtpx:Extensions>
          </gpxtpx:TrackPointExtension>
        </extensions>
      </trkpt>
      <trkpt lat="45.188757" lon="7.894305">
        <ele>183.75</ele>
        <time>2016-11-23T18:51:07.214Z</time>
        <extensions>
          <gpxtpx:TrackPointExtension>
            <gpxtpx:Extensions>
              <highway>secondary</highway>
              <surface>asphalt</surface>
              <maxspeed>50</maxspeed>
              <junction>roundabout</junction>
            </gpxtpx:Extensions>
          </gpxtpx:TrackPointExtension>
        </extensions>
      </trkpt>
      <trkpt lat="45.188786" lon="7.894292">
        <ele>184</ele>
        <time>2016-11-23T18:51:07.971Z</time>
        <extensions>
          <gpxtpx:TrackPointExtension>
            <gpxtpx:Extensions>
              <highway>secondary</highway>
              <surface>asphalt</surface>
              <maxspeed>50</maxspeed>
              <junction>roundabout</junction>
            </gpxtpx:Extensions>
          </gpxtpx:TrackPointExtension>
        </extensions>
      </trkpt>
      <trkpt lat="45.188808" lon="7.894269">
        <ele>184</ele>
        <time>2016-11-23T18:51:08.651Z</time>
        <extensions>
          <gpxtpx:TrackPointExtension>
            <gpxtpx:Extensions>
              <highway>secondary</highway>
              <surface>asphalt</surface>
              <maxspeed>50</maxspeed>
              <junction>roundabout</junction>
            </gpxtpx:Extensions>
          </gpxtpx:TrackPointExtension>
        </extensions>
      </trkpt>
      <trkpt lat="45.188824" lon="7.894237">
        <ele>184.25</ele>
        <time>2016-11-23T18:51:09.339Z</time>
        <extensions>
          <gpxtpx:TrackPointExtension>
            <gpxtpx:Extensions>
              <highway>secondary</highway>
              <surface>asphalt</surface>
              <maxspeed>50</maxspeed>
              <junction>roundabout</junction>
            </gpxtpx:Extensions>
          </gpxtpx:TrackPointExtension>
        </extensions>
      </trkpt>
      <trkpt lat="45.188833" lon="7.894201">
        <ele>184.25</ele>
        <time>2016-11-23T18:51:10.009Z</time>
        <extensions>
          <gpxtpx:TrackPointExtension>
            <gpxtpx:Extensions>
              <highway>secondary</highway>
              <surface>asphalt</surface>
              <maxspeed>50</maxspeed>
              <oneway>yes</oneway>
            </gpxtpx:Extensions>
          </gpxtpx:TrackPointExtension>
        </extensions>
      </trkpt>
      <trkpt lat="45.188929" lon="7.894183">
        <ele>184.75</ele>
        <time>2016-11-23T18:51:12.420Z</time>
        <extensions>
          <gpxtpx:TrackPointExtension>
            <gpxtpx:Extensions>
              <highway>secondary</highway>
              <surface>asphalt</surface>
              <maxspeed>50</maxspeed>
              <oneway>yes</oneway>
            </gpxtpx:Extensions>
          </gpxtpx:TrackPointExtension>
        </extensions>
      </trkpt>
      <trkpt lat="45.189095" lon="7.894131">
        <ele>185.75</ele>
        <time>2016-11-23T18:51:16.448Z</time>
        <extensions>
          <gpxtpx:TrackPointExtension>
            <gpxtpx:Extensions>
              <highway>secondary</highway>
              <surface>asphalt</surface>
              <maxspeed>50</maxspeed>
              <oneway>yes</oneway>
            </gpxtpx:Extensions>
          </gpxtpx:TrackPointExtension>
        </extensions>
      </trkpt>
      <trkpt lat="45.189095" lon="7.894131">
        <ele>185</ele>
        <time>2016-11-23T18:51:16.448Z</time>
        <extensions>
          <gpxtpx:TrackPointExtension>
            <gpxtpx:Extensions>
              <highway>secondary</highway>
              <surface>asphalt</surface>
              <maxspeed>50</maxspeed>
              <oneway>yes</oneway>
            </gpxtpx:Extensions>
          </gpxtpx:TrackPointExtension>
        </extensions>
      </trkpt>
      <trkpt lat="45.189429" lon="7.894027">
        <ele>185.75</ele>
        <time>2016-11-23T18:51:24.551Z</time>
        <extensions>
          <gpxtpx:TrackPointExtension>
            <gpxtpx:Extensions>
              <highway>secondary</highway>
              <surface>asphalt</surface>
              <maxspeed>30</maxspeed>
              <oneway>yes</oneway>
            </gpxtpx:Extensions>
          </gpxtpx:TrackPointExtension>
        </extensions>
      </trkpt>
      <trkpt lat="45.189618" lon="7.89397">
        <ele>185.5</ele>
        <time>2016-11-23T18:51:29.130Z</time>
        <extensions>
          <gpxtpx:TrackPointExtension>
            <gpxtpx:Extensions>
              <highway>secondary</highway>
              <surface>asphalt</surface>
              <maxspeed>30</maxspeed>
              <oneway>yes</oneway>
            </gpxtpx:Extensions>
          </gpxtpx:TrackPointExtension>
        </extensions>
      </trkpt>
      <trkpt lat="45.190148" lon="7.893799">
        <ele>185.25</ele>
        <time>2016-11-23T18:51:42.011Z</time>
        <extensions>
          <gpxtpx:TrackPointExtension>
            <gpxtpx:Extensions>
              <highway>secondary</highway>
              <surface>asphalt</surface>
              <maxspeed>30</maxspeed>
              <oneway>yes</oneway>
            </gpxtpx:Extensions>
          </gpxtpx:TrackPointExtension>
        </extensions>
      </trkpt>
      <trkpt lat="45.190192" lon="7.89378">
        <ele>185.25</ele>
        <time>2016-11-23T18:51:43.100Z</time>
        <extensions>
          <gpxtpx:TrackPointExtension>
            <gpxtpx:Extensions>
              <highway>secondary</highway>
              <surface>asphalt</surface>
              <maxspeed>30</maxspeed>
              <oneway>yes</oneway>
            </gpxtpx:Extensions>
          </gpxtpx:TrackPointExtension>
        </extensions>
      </trkpt>
      <trkpt lat="45.190228" lon="7.893763">
        <ele>185.5</ele>
        <time>2016-11-23T18:51:43.998Z</time>
        <extensions>
          <gpxtpx:TrackPointExtension>
            <gpxtpx:Extensions>
              <highway>secondary</highway>
              <surface>asphalt</surface>
              <maxspeed>30</maxspeed>
              <oneway>yes</oneway>
            </gpxtpx:Extensions>
          </gpxtpx:TrackPointExtension>
        </extensions>
      </trkpt>
      <trkpt lat="45.190259" lon="7.893732">
        <ele>185.5</ele>
        <time>2016-11-23T18:51:44.896Z</time>
        <extensions>
          <gpxtpx:TrackPointExtension>
            <gpxtpx:Extensions>
              <highway>primary</highway>
              <surface>asphalt</surface>
              <maxspeed>30</maxspeed>
              <junction>roundabout</junction>
            </gpxtpx:Extensions>
          </gpxtpx:TrackPointExtension>
        </extensions>
      </trkpt>
      <trkpt lat="45.190301" lon="7.893745">
        <ele>185.5</ele>
        <time>2016-11-23T18:51:45.914Z</time>
        <extensions>
          <gpxtpx:TrackPointExtension>
            <gpxtpx:Extensions>
              <highway>primary</highway>
              <surface>asphalt</surface>
              <maxspeed>30</maxspeed>
              <junction>roundabout</junction>
            </gpxtpx:Extensions>
          </gpxtpx:TrackPointExtension>
        </extensions>
      </trkpt>
      <trkpt lat="45.19034" lon="7.893726">
        <ele>185.75</ele>
        <time>2016-11-23T18:51:46.891Z</time>
        <extensions>
          <gpxtpx:TrackPointExtension>
            <gpxtpx:Extensions>
              <highway>primary</highway>
              <surface>asphalt</surface>
              <maxspeed>30</maxspeed>
              <junction>roundabout</junction>
            </gpxtpx:Extensions>
          </gpxtpx:TrackPointExtension>
        </extensions>
      </trkpt>
      <trkpt lat="45.190369" lon="7.893679">
        <ele>185.75</ele>
        <time>2016-11-23T18:51:47.934Z</time>
        <extensions>
          <gpxtpx:TrackPointExtension>
            <gpxtpx:Extensions>
              <highway>primary</highway>
              <surface>asphalt</surface>
              <maxspeed>30</maxspeed>
              <junction>roundabout</junction>
            </gpxtpx:Extensions>
          </gpxtpx:TrackPointExtension>
        </extensions>
      </trkpt>
      <trkpt lat="45.190375" lon="7.893649">
        <ele>185.75</ele>
        <time>2016-11-23T18:51:48.454Z</time>
        <extensions>
          <gpxtpx:TrackPointExtension>
            <gpxtpx:Extensions>
              <highway>primary</highway>
              <surface>asphalt</surface>
              <maxspeed>30</maxspeed>
              <oneway>yes</oneway>
            </gpxtpx:Extensions>
          </gpxtpx:TrackPointExtension>
        </extensions>
      </trkpt>
      <trkpt lat="45.190398" lon="7.893597">
        <ele>185.75</ele>
        <time>2016-11-23T18:51:49.479Z</time>
        <extensions>
          <gpxtpx:TrackPointExtension>
            <gpxtpx:Extensions>
              <highway>primary</highway>
              <surface>asphalt</surface>
              <maxspeed>30</maxspeed>
              <oneway>yes</oneway>
            </gpxtpx:Extensions>
          </gpxtpx:TrackPointExtension>
        </extensions>
      </trkpt>
      <trkpt lat="45.190442" lon="7.89353">
        <ele>186</ele>
        <time>2016-11-23T18:51:51.008Z</time>
        <extensions>
          <gpxtpx:TrackPointExtension>
            <gpxtpx:Extensions>
              <highway>primary</highway>
              <surface>asphalt</surface>
              <maxspeed>30</maxspeed>
              <oneway>yes</oneway>
            </gpxtpx:Extensions>
          </gpxtpx:TrackPointExtension>
        </extensions>
      </trkpt>
      <trkpt lat="45.190496" lon="7.893486">
        <ele>186</ele>
        <time>2016-11-23T18:51:52.483Z</time>
        <extensions>
          <gpxtpx:TrackPointExtension>
            <gpxtpx:Extensions>
              <reversedirection>yes</reversedirection>
              <highway>primary</highway>
              <surface>sett</surface>
              <maxspeed>30</maxspeed>
              <oneway>no</oneway>
            </gpxtpx:Extensions>
          </gpxtpx:TrackPointExtension>
        </extensions>
      </trkpt>
      <trkpt lat="45.190502" lon="7.893487">
        <ele>186</ele>
        <time>2016-11-23T18:51:52.626Z</time>
        <extensions>
          <gpxtpx:TrackPointExtension>
            <gpxtpx:Extensions>
              <reversedirection>yes</reversedirection>
              <highway>primary</highway>
              <surface>sett</surface>
              <maxspeed>30</maxspeed>
              <oneway>no</oneway>
            </gpxtpx:Extensions>
          </gpxtpx:TrackPointExtension>
        </extensions>
      </trkpt>
      <trkpt lat="45.190896" lon="7.893573">
        <ele>186</ele>
        <time>2016-11-23T18:52:00.830Z</time>
        <extensions>
          <gpxtpx:TrackPointExtension>
            <gpxtpx:Extensions>
              <reversedirection>yes</reversedirection>
              <highway>primary</highway>
              <surface>sett</surface>
              <maxspeed>30</maxspeed>
              <oneway>no</oneway>
            </gpxtpx:Extensions>
          </gpxtpx:TrackPointExtension>
        </extensions>
      </trkpt>
      <trkpt lat="45.190894" lon="7.893573">
        <ele>186</ele>
        <time>2016-11-23T18:52:00.873Z</time>
        <extensions>
          <gpxtpx:TrackPointExtension>
            <gpxtpx:Extensions>
              <reversedirection>yes</reversedirection>
              <highway>primary</highway>
              <surface>sett</surface>
              <maxspeed>30</maxspeed>
              <oneway>no</oneway>
            </gpxtpx:Extensions>
          </gpxtpx:TrackPointExtension>
        </extensions>
      </trkpt>
      <trkpt lat="45.191132" lon="7.893626">
        <ele>186</ele>
        <time>2016-11-23T18:52:05.831Z</time>
        <extensions>
          <gpxtpx:TrackPointExtension>
            <gpxtpx:Extensions>
              <reversedirection>yes</reversedirection>
              <highway>primary</highway>
              <surface>sett</surface>
              <maxspeed>30</maxspeed>
              <oneway>no</oneway>
            </gpxtpx:Extensions>
          </gpxtpx:TrackPointExtension>
        </extensions>
      </trkpt>
      <trkpt lat="45.191398" lon="7.893685">
        <ele>185.25</ele>
        <time>2016-11-23T18:52:11.372Z</time>
        <extensions>
          <gpxtpx:TrackPointExtension>
            <gpxtpx:Extensions>
              <reversedirection>yes</reversedirection>
              <highway>primary</highway>
              <surface>asphalt</surface>
              <maxspeed>30</maxspeed>
              <oneway>no</oneway>
            </gpxtpx:Extensions>
          </gpxtpx:TrackPointExtension>
        </extensions>
      </trkpt>
      <trkpt lat="45.191783" lon="7.893791">
        <ele>184.5</ele>
        <time>2016-11-23T18:52:19.443Z</time>
        <extensions>
          <gpxtpx:TrackPointExtension>
            <gpxtpx:Extensions>
              <reversedirection>yes</reversedirection>
              <highway>primary</highway>
              <surface>asphalt</surface>
              <maxspeed>30</maxspeed>
              <oneway>no</oneway>
            </gpxtpx:Extensions>
          </gpxtpx:TrackPointExtension>
        </extensions>
      </trkpt>
      <trkpt lat="45.191848" lon="7.893816">
        <ele>184.5</ele>
        <time>2016-11-23T18:52:20.829Z</time>
        <extensions>
          <gpxtpx:TrackPointExtension>
            <gpxtpx:Extensions>
              <reversedirection>yes</reversedirection>
              <highway>primary</highway>
              <surface>asphalt</surface>
              <maxspeed>30</maxspeed>
              <oneway>no</oneway>
            </gpxtpx:Extensions>
          </gpxtpx:TrackPointExtension>
        </extensions>
      </trkpt>
      <trkpt lat="45.191949" lon="7.893856">
        <ele>184.5</ele>
        <time>2016-11-23T18:52:22.987Z</time>
        <extensions>
          <gpxtpx:TrackPointExtension>
            <gpxtpx:Extensions>
              <reversedirection>yes</reversedirection>
              <highway>primary</highway>
              <surface>asphalt</surface>
              <maxspeed>30</maxspeed>
              <oneway>no</oneway>
            </gpxtpx:Extensions>
          </gpxtpx:TrackPointExtension>
        </extensions>
      </trkpt>
      <trkpt lat="45.192085" lon="7.893944">
        <ele>184.5</ele>
        <time>2016-11-23T18:52:26.063Z</time>
        <extensions>
          <gpxtpx:TrackPointExtension>
            <gpxtpx:Extensions>
              <reversedirection>yes</reversedirection>
              <highway>primary</highway>
              <surface>asphalt</surface>
              <maxspeed>30</maxspeed>
              <oneway>no</oneway>
            </gpxtpx:Extensions>
          </gpxtpx:TrackPointExtension>
        </extensions>
      </trkpt>
      <trkpt lat="45.192466" lon="7.894278">
        <ele>184.75</ele>
        <time>2016-11-23T18:52:35.280Z</time>
        <extensions>
          <gpxtpx:TrackPointExtension>
            <gpxtpx:Extensions>
              <reversedirection>yes</reversedirection>
              <highway>primary</highway>
              <surface>asphalt</surface>
              <maxspeed>30</maxspeed>
              <oneway>no</oneway>
            </gpxtpx:Extensions>
          </gpxtpx:TrackPointExtension>
        </extensions>
      </trkpt>
      <trkpt lat="45.192536" lon="7.894348">
        <ele>184.75</ele>
        <time>2016-11-23T18:52:37.042Z</time>
        <extensions>
          <gpxtpx:TrackPointExtension>
            <gpxtpx:Extensions>
              <reversedirection>yes</reversedirection>
              <highway>primary</highway>
              <surface>asphalt</surface>
              <maxspeed>30</maxspeed>
              <oneway>no</oneway>
            </gpxtpx:Extensions>
          </gpxtpx:TrackPointExtension>
        </extensions>
      </trkpt>
      <trkpt lat="45.192639" lon="7.89445">
        <ele>184.5</ele>
        <time>2016-11-23T18:52:39.626Z</time>
        <extensions>
          <gpxtpx:TrackPointExtension>
            <gpxtpx:Extensions>
              <highway>primary</highway>
              <surface>asphalt</surface>
              <junction>roundabout</junction>
            </gpxtpx:Extensions>
          </gpxtpx:TrackPointExtension>
        </extensions>
      </trkpt>
      <trkpt lat="45.192625" lon="7.894491">
        <ele>184.5</ele>
        <time>2016-11-23T18:52:40.286Z</time>
        <extensions>
          <gpxtpx:TrackPointExtension>
            <gpxtpx:Extensions>
              <highway>primary</highway>
              <surface>asphalt</surface>
              <junction>roundabout</junction>
            </gpxtpx:Extensions>
          </gpxtpx:TrackPointExtension>
        </extensions>
      </trkpt>
      <trkpt lat="45.192621" lon="7.894536">
        <ele>184.5</ele>
        <time>2016-11-23T18:52:40.943Z</time>
        <extensions>
          <gpxtpx:TrackPointExtension>
            <gpxtpx:Extensions>
              <highway>primary</highway>
              <surface>asphalt</surface>
              <junction>roundabout</junction>
            </gpxtpx:Extensions>
          </gpxtpx:TrackPointExtension>
        </extensions>
      </trkpt>
      <trkpt lat="45.192628" lon="7.894582">
        <ele>184.5</ele>
        <time>2016-11-23T18:52:41.625Z</time>
        <extensions>
          <gpxtpx:TrackPointExtension>
            <gpxtpx:Extensions>
              <highway>primary</highway>
              <surface>asphalt</surface>
              <junction>roundabout</junction>
            </gpxtpx:Extensions>
          </gpxtpx:TrackPointExtension>
        </extensions>
      </trkpt>
      <trkpt lat="45.192644" lon="7.894622">
        <ele>184.25</ele>
        <time>2016-11-23T18:52:42.292Z</time>
        <extensions>
          <gpxtpx:TrackPointExtension>
            <gpxtpx:Extensions>
              <highway>primary</highway>
              <surface>asphalt</surface>
              <junction>roundabout</junction>
            </gpxtpx:Extensions>
          </gpxtpx:TrackPointExtension>
        </extensions>
      </trkpt>
      <trkpt lat="45.19267" lon="7.894652">
        <ele>184.25</ele>
        <time>2016-11-23T18:52:42.982Z</time>
        <extensions>
          <gpxtpx:TrackPointExtension>
            <gpxtpx:Extensions>
              <highway>primary</highway>
              <surface>asphalt</surface>
              <junction>roundabout</junction>
            </gpxtpx:Extensions>
          </gpxtpx:TrackPointExtension>
        </extensions>
      </trkpt>
      <trkpt lat="45.1927" lon="7.894669">
        <ele>184.25</ele>
        <time>2016-11-23T18:52:43.646Z</time>
        <extensions>
          <gpxtpx:TrackPointExtension>
            <gpxtpx:Extensions>
              <highway>primary</highway>
              <surface>asphalt</surface>
              <junction>roundabout</junction>
            </gpxtpx:Extensions>
          </gpxtpx:TrackPointExtension>
        </extensions>
      </trkpt>
      <trkpt lat="45.192733" lon="7.89467">
        <ele>184.25</ele>
        <time>2016-11-23T18:52:44.325Z</time>
        <extensions>
          <gpxtpx:TrackPointExtension>
            <gpxtpx:Extensions>
              <highway>primary</highway>
              <surface>asphalt</surface>
              <junction>roundabout</junction>
            </gpxtpx:Extensions>
          </gpxtpx:TrackPointExtension>
        </extensions>
      </trkpt>
      <trkpt lat="45.192764" lon="7.894656">
        <ele>184.25</ele>
        <time>2016-11-23T18:52:44.994Z</time>
        <extensions>
          <gpxtpx:TrackPointExtension>
            <gpxtpx:Extensions>
              <highway>primary</highway>
              <surface>asphalt</surface>
              <junction>roundabout</junction>
            </gpxtpx:Extensions>
          </gpxtpx:TrackPointExtension>
        </extensions>
      </trkpt>
      <trkpt lat="45.19278" lon="7.89464">
        <ele>184.25</ele>
        <time>2016-11-23T18:52:45.396Z</time>
        <extensions>
          <gpxtpx:TrackPointExtension>
            <gpxtpx:Extensions>
              <highway>primary</highway>
              <surface>asphalt</surface>
              <junction>roundabout</junction>
            </gpxtpx:Extensions>
          </gpxtpx:TrackPointExtension>
        </extensions>
      </trkpt>
      <trkpt lat="45.192809" lon="7.89459">
        <ele>184.25</ele>
        <time>2016-11-23T18:52:46.365Z</time>
        <extensions>
          <gpxtpx:TrackPointExtension>
            <gpxtpx:Extensions>
              <highway>primary</highway>
              <surface>asphalt</surface>
              <junction>roundabout</junction>
            </gpxtpx:Extensions>
          </gpxtpx:TrackPointExtension>
        </extensions>
      </trkpt>
      <trkpt lat="45.192809" lon="7.89459">
        <ele>184.25</ele>
        <time>2016-11-23T18:52:46.365Z</time>
        <extensions>
          <gpxtpx:TrackPointExtension>
            <gpxtpx:Extensions>
              <highway>primary</highway>
              <surface>asphalt</surface>
              <junction>roundabout</junction>
            </gpxtpx:Extensions>
          </gpxtpx:TrackPointExtension>
        </extensions>
      </trkpt>
      <trkpt lat="45.192818" lon="7.894545">
        <ele>184.5</ele>
        <time>2016-11-23T18:52:47.065Z</time>
        <extensions>
          <gpxtpx:TrackPointExtension>
            <gpxtpx:Extensions>
              <highway>primary</highway>
              <surface>asphalt</surface>
              <junction>roundabout</junction>
            </gpxtpx:Extensions>
          </gpxtpx:TrackPointExtension>
        </extensions>
      </trkpt>
      <trkpt lat="45.192816" lon="7.8945">
        <ele>184.5</ele>
        <time>2016-11-23T18:52:47.740Z</time>
        <extensions>
          <gpxtpx:TrackPointExtension>
            <gpxtpx:Extensions>
              <highway>primary</highway>
              <surface>asphalt</surface>
              <junction>roundabout</junction>
            </gpxtpx:Extensions>
          </gpxtpx:TrackPointExtension>
        </extensions>
      </trkpt>
      <trkpt lat="45.192804" lon="7.894457">
        <ele>184.5</ele>
        <time>2016-11-23T18:52:48.432Z</time>
        <extensions>
          <gpxtpx:TrackPointExtension>
            <gpxtpx:Extensions>
              <reversedirection>yes</reversedirection>
              <highway>primary</highway>
              <surface>asphalt</surface>
              <maxspeed>30</maxspeed>
              <oneway>no</oneway>
            </gpxtpx:Extensions>
          </gpxtpx:TrackPointExtension>
        </extensions>
      </trkpt>
      <trkpt lat="45.193506" lon="7.894318">
        <ele>184.25</ele>
        <time>2016-11-23T18:53:03.492Z</time>
        <extensions>
          <gpxtpx:TrackPointExtension>
            <gpxtpx:Extensions>
              <reversedirection>yes</reversedirection>
              <highway>primary</highway>
              <surface>asphalt</surface>
              <maxspeed>50</maxspeed>
            </gpxtpx:Extensions>
          </gpxtpx:TrackPointExtension>
        </extensions>
      </trkpt>
      <trkpt lat="45.194264" lon="7.894216">
        <ele>183.25</ele>
        <time>2016-11-23T18:53:19.670Z</time>
        <extensions>
          <gpxtpx:TrackPointExtension>
            <gpxtpx:Extensions>
              <reversedirection>yes</reversedirection>
              <highway>primary</highway>
              <surface>asphalt</surface>
              <maxspeed>50</maxspeed>
            </gpxtpx:Extensions>
          </gpxtpx:TrackPointExtension>
        </extensions>
      </trkpt>
      <trkpt lat="45.194375" lon="7.894186">
        <ele>183.75</ele>
        <time>2016-11-23T18:53:22.070Z</time>
        <extensions>
          <gpxtpx:TrackPointExtension>
            <gpxtpx:Extensions>
              <reversedirection>yes</reversedirection>
              <highway>primary</highway>
              <surface>asphalt</surface>
              <maxspeed>50</maxspeed>
            </gpxtpx:Extensions>
          </gpxtpx:TrackPointExtension>
        </extensions>
      </trkpt>
      <trkpt lat="45.194496" lon="7.894123">
        <ele>184.25</ele>
        <time>2016-11-23T18:53:24.808Z</time>
        <extensions>
          <gpxtpx:TrackPointExtension>
            <gpxtpx:Extensions>
              <reversedirection>yes</reversedirection>
              <highway>primary</highway>
              <surface>asphalt</surface>
              <maxspeed>50</maxspeed>
            </gpxtpx:Extensions>
          </gpxtpx:TrackPointExtension>
        </extensions>
      </trkpt>
      <trkpt lat="45.194729" lon="7.893938">
        <ele>185.5</ele>
        <time>2016-11-23T18:53:30.481Z</time>
        <extensions>
          <gpxtpx:TrackPointExtension>
            <gpxtpx:Extensions>
              <highway>primary</highway>
              <surface>asphalt</surface>
              <maxspeed>50</maxspeed>
              <oneway>yes</oneway>
            </gpxtpx:Extensions>
          </gpxtpx:TrackPointExtension>
        </extensions>
      </trkpt>
      <trkpt lat="45.194811" lon="7.893916">
        <ele>185.75</ele>
        <time>2016-11-23T18:53:32.254Z</time>
        <extensions>
          <gpxtpx:TrackPointExtension>
            <gpxtpx:Extensions>
              <highway>primary</highway>
              <surface>asphalt</surface>
              <maxspeed>50</maxspeed>
              <oneway>yes</oneway>
            </gpxtpx:Extensions>
          </gpxtpx:TrackPointExtension>
        </extensions>
      </trkpt>
      <trkpt lat="45.194914" lon="7.893929">
        <ele>186.25</ele>
        <time>2016-11-23T18:53:34.451Z</time>
        <extensions>
          <gpxtpx:TrackPointExtension>
            <gpxtpx:Extensions>
              <highway>primary</highway>
              <surface>asphalt</surface>
              <maxspeed>50</maxspeed>
              <junction>roundabout</junction>
            </gpxtpx:Extensions>
          </gpxtpx:TrackPointExtension>
        </extensions>
      </trkpt>
      <trkpt lat="45.194927" lon="7.893962">
        <ele>186</ele>
        <time>2016-11-23T18:53:35.017Z</time>
        <extensions>
          <gpxtpx:TrackPointExtension>
            <gpxtpx:Extensions>
              <highway>primary</highway>
              <surface>asphalt</surface>
              <maxspeed>50</maxspeed>
              <junction>roundabout</junction>
            </gpxtpx:Extensions>
          </gpxtpx:TrackPointExtension>
        </extensions>
      </trkpt>
      <trkpt lat="45.194947" lon="7.893988">
        <ele>186</ele>
        <time>2016-11-23T18:53:35.593Z</time>
        <extensions>
          <gpxtpx:TrackPointExtension>
            <gpxtpx:Extensions>
              <highway>primary</highway>
              <surface>asphalt</surface>
              <maxspeed>50</maxspeed>
              <junction>roundabout</junction>
            </gpxtpx:Extensions>
          </gpxtpx:TrackPointExtension>
        </extensions>
      </trkpt>
      <trkpt lat="45.194971" lon="7.894003">
        <ele>186.25</ele>
        <time>2016-11-23T18:53:36.150Z</time>
        <extensions>
          <gpxtpx:TrackPointExtension>
            <gpxtpx:Extensions>
              <highway>primary</highway>
              <surface>asphalt</surface>
              <maxspeed>50</maxspeed>
              <junction>roundabout</junction>
            </gpxtpx:Extensions>
          </gpxtpx:TrackPointExtension>
        </extensions>
      </trkpt>
      <trkpt lat="45.194998" lon="7.894007">
        <ele>186.25</ele>
        <time>2016-11-23T18:53:36.726Z</time>
        <extensions>
          <gpxtpx:TrackPointExtension>
            <gpxtpx:Extensions>
              <highway>primary</highway>
              <surface>asphalt</surface>
              <maxspeed>50</maxspeed>
              <junction>roundabout</junction>
            </gpxtpx:Extensions>
          </gpxtpx:TrackPointExtension>
        </extensions>
      </trkpt>
      <trkpt lat="45.195024" lon="7.893998">
        <ele>186.25</ele>
        <time>2016-11-23T18:53:37.294Z</time>
        <extensions>
          <gpxtpx:TrackPointExtension>
            <gpxtpx:Extensions>
              <highway>tertiary</highway>
              <surface>asphalt</surface>
            </gpxtpx:Extensions>
          </gpxtpx:TrackPointExtension>
        </extensions>
      </trkpt>
      <trkpt lat="45.19503" lon="7.894014">
        <ele>186.25</ele>
        <time>2016-11-23T18:53:37.500Z</time>
        <extensions>
          <gpxtpx:TrackPointExtension>
            <gpxtpx:Extensions>
              <reversedirection>yes</reversedirection>
              <highway>tertiary</highway>
              <surface>asphalt</surface>
            </gpxtpx:Extensions>
          </gpxtpx:TrackPointExtension>
        </extensions>
      </trkpt>
      <trkpt lat="45.195029" lon="7.894013">
        <ele>186.25</ele>
        <time>2016-11-23T18:53:37.519Z</time>
        <extensions>
          <gpxtpx:TrackPointExtension>
            <gpxtpx:Extensions>
              <reversedirection>yes</reversedirection>
              <highway>tertiary</highway>
              <surface>asphalt</surface>
            </gpxtpx:Extensions>
          </gpxtpx:TrackPointExtension>
        </extensions>
      </trkpt>
      <trkpt lat="45.195024" lon="7.893998">
        <ele>186.25</ele>
        <time>2016-11-23T18:53:37.708Z</time>
        <extensions>
          <gpxtpx:TrackPointExtension>
            <gpxtpx:Extensions>
              <highway>primary</highway>
              <surface>asphalt</surface>
              <maxspeed>50</maxspeed>
              <junction>roundabout</junction>
            </gpxtpx:Extensions>
          </gpxtpx:TrackPointExtension>
        </extensions>
      </trkpt>
      <trkpt lat="45.195047" lon="7.893978">
        <ele>186.5</ele>
        <time>2016-11-23T18:53:38.143Z</time>
        <extensions>
          <gpxtpx:TrackPointExtension>
            <gpxtpx:Extensions>
              <highway>primary</highway>
              <surface>asphalt</surface>
              <maxspeed>50</maxspeed>
              <junction>roundabout</junction>
            </gpxtpx:Extensions>
          </gpxtpx:TrackPointExtension>
        </extensions>
      </trkpt>
      <trkpt lat="45.195064" lon="7.893947">
        <ele>186.5</ele>
        <time>2016-11-23T18:53:38.590Z</time>
        <extensions>
          <gpxtpx:TrackPointExtension>
            <gpxtpx:Extensions>
              <highway>primary</highway>
              <surface>asphalt</surface>
              <maxspeed>50</maxspeed>
              <junction>roundabout</junction>
            </gpxtpx:Extensions>
          </gpxtpx:TrackPointExtension>
        </extensions>
      </trkpt>
      <trkpt lat="45.195074" lon="7.893911">
        <ele>186.5</ele>
        <time>2016-11-23T18:53:39.030Z</time>
        <extensions>
          <gpxtpx:TrackPointExtension>
            <gpxtpx:Extensions>
              <highway>primary</highway>
              <surface>asphalt</surface>
              <maxspeed>50</maxspeed>
              <junction>roundabout</junction>
            </gpxtpx:Extensions>
          </gpxtpx:TrackPointExtension>
        </extensions>
      </trkpt>
      <trkpt lat="45.195074" lon="7.893872">
        <ele>186.75</ele>
        <time>2016-11-23T18:53:39.474Z</time>
        <extensions>
          <gpxtpx:TrackPointExtension>
            <gpxtpx:Extensions>
              <highway>primary</highway>
              <surface>asphalt</surface>
              <maxspeed>50</maxspeed>
              <junction>roundabout</junction>
            </gpxtpx:Extensions>
          </gpxtpx:TrackPointExtension>
        </extensions>
      </trkpt>
      <trkpt lat="45.195065" lon="7.893835">
        <ele>186.75</ele>
        <time>2016-11-23T18:53:39.919Z</time>
        <extensions>
          <gpxtpx:TrackPointExtension>
            <gpxtpx:Extensions>
              <highway>primary</highway>
              <surface>asphalt</surface>
              <maxspeed>50</maxspeed>
              <oneway>yes</oneway>
            </gpxtpx:Extensions>
          </gpxtpx:TrackPointExtension>
        </extensions>
      </trkpt>
      <trkpt lat="45.195108" lon="7.893737">
        <ele>187</ele>
        <time>2016-11-23T18:53:41.233Z</time>
        <extensions>
          <gpxtpx:TrackPointExtension>
            <gpxtpx:Extensions>
              <highway>primary</highway>
              <surface>asphalt</surface>
              <maxspeed>50</maxspeed>
              <oneway>yes</oneway>
            </gpxtpx:Extensions>
          </gpxtpx:TrackPointExtension>
        </extensions>
      </trkpt>
      <trkpt lat="45.195155" lon="7.89365">
        <ele>187.25</ele>
        <time>2016-11-23T18:53:42.481Z</time>
        <extensions>
          <gpxtpx:TrackPointExtension>
            <gpxtpx:Extensions>
              <highway>primary</highway>
              <surface>asphalt</surface>
              <maxspeed>50</maxspeed>
              <oneway>yes</oneway>
            </gpxtpx:Extensions>
          </gpxtpx:TrackPointExtension>
        </extensions>
      </trkpt>
      <trkpt lat="45.19524" lon="7.893588">
        <ele>187.5</ele>
        <time>2016-11-23T18:53:44.025Z</time>
        <extensions>
          <gpxtpx:TrackPointExtension>
            <gpxtpx:Extensions>
              <highway>primary</highway>
              <surface>asphalt</surface>
              <maxspeed>50</maxspeed>
              <oneway>yes</oneway>
            </gpxtpx:Extensions>
          </gpxtpx:TrackPointExtension>
        </extensions>
      </trkpt>
      <trkpt lat="45.195625" lon="7.893415">
        <ele>187.75</ele>
        <time>2016-11-23T18:53:50.550Z</time>
        <extensions>
          <gpxtpx:TrackPointExtension>
            <gpxtpx:Extensions>
              <highway>primary</highway>
              <surface>asphalt</surface>
              <maxspeed>50</maxspeed>
              <oneway>yes</oneway>
            </gpxtpx:Extensions>
          </gpxtpx:TrackPointExtension>
        </extensions>
      </trkpt>
      <trkpt lat="45.195759" lon="7.893331">
        <ele>187.75</ele>
        <time>2016-11-23T18:53:52.917Z</time>
        <extensions>
          <gpxtpx:TrackPointExtension>
            <gpxtpx:Extensions>
              <reversedirection>yes</reversedirection>
              <highway>primary</highway>
              <surface>asphalt</surface>
              <maxspeed>50</maxspeed>
            </gpxtpx:Extensions>
          </gpxtpx:TrackPointExtension>
        </extensions>
      </trkpt>
      <trkpt lat="45.19579" lon="7.893318">
        <ele>187.75</ele>
        <time>2016-11-23T18:53:53.439Z</time>
        <extensions>
          <gpxtpx:TrackPointExtension>
            <gpxtpx:Extensions>
              <reversedirection>yes</reversedirection>
              <highway>primary</highway>
              <surface>asphalt</surface>
              <maxspeed>50</maxspeed>
            </gpxtpx:Extensions>
          </gpxtpx:TrackPointExtension>
        </extensions>
      </trkpt>
      <trkpt lat="45.196026" lon="7.893228">
        <ele>187.75</ele>
        <time>2016-11-23T18:53:57.387Z</time>
        <extensions>
          <gpxtpx:TrackPointExtension>
            <gpxtpx:Extensions>
              <reversedirection>yes</reversedirection>
              <highway>primary</highway>
              <surface>asphalt</surface>
              <maxspeed>50</maxspeed>
            </gpxtpx:Extensions>
          </gpxtpx:TrackPointExtension>
        </extensions>
      </trkpt>
      <trkpt lat="45.19605" lon="7.893178">
        <ele>187.75</ele>
        <time>2016-11-23T18:53:57.950Z</time>
        <extensions>
          <gpxtpx:TrackPointExtension>
            <gpxtpx:Extensions>
              <reversedirection>yes</reversedirection>
              <highway>primary</highway>
              <surface>asphalt</surface>
              <maxspeed>50</maxspeed>
            </gpxtpx:Extensions>
          </gpxtpx:TrackPointExtension>
        </extensions>
      </trkpt>
      <trkpt lat="45.19605" lon="7.893178">
        <ele>187.75</ele>
        <time>2016-11-23T18:53:57.950Z</time>
        <extensions>
          <gpxtpx:TrackPointExtension>
            <gpxtpx:Extensions>
              <reversedirection>yes</reversedirection>
              <highway>primary</highway>
              <surface>asphalt</surface>
              <maxspeed>50</maxspeed>
            </gpxtpx:Extensions>
          </gpxtpx:TrackPointExtension>
        </extensions>
      </trkpt>
      <trkpt lat="45.196066" lon="7.893095">
        <ele>187.75</ele>
        <time>2016-11-23T18:53:58.750Z</time>
        <extensions>
          <gpxtpx:TrackPointExtension>
            <gpxtpx:Extensions>
              <reversedirection>yes</reversedirection>
              <highway>primary</highway>
              <surface>asphalt</surface>
              <maxspeed>50</maxspeed>
            </gpxtpx:Extensions>
          </gpxtpx:TrackPointExtension>
        </extensions>
      </trkpt>
      <trkpt lat="45.196063" lon="7.89236">
        <ele>187.25</ele>
        <time>2016-11-23T18:54:05.590Z</time>
        <extensions>
          <gpxtpx:TrackPointExtension>
            <gpxtpx:Extensions>
              <reversedirection>yes</reversedirection>
              <highway>primary</highway>
              <surface>asphalt</surface>
              <maxspeed>50</maxspeed>
            </gpxtpx:Extensions>
          </gpxtpx:TrackPointExtension>
        </extensions>
      </trkpt>
      <trkpt lat="45.196063" lon="7.890954">
        <ele>187.75</ele>
        <time>2016-11-23T18:54:18.676Z</time>
        <extensions>
          <gpxtpx:TrackPointExtension>
            <gpxtpx:Extensions>
              <highway>primary</highway>
              <surface>asphalt</surface>
              <maxspeed>50</maxspeed>
              <oneway>yes</oneway>
            </gpxtpx:Extensions>
          </gpxtpx:TrackPointExtension>
        </extensions>
      </trkpt>
      <trkpt lat="45.196076" lon="7.890812">
        <ele>188</ele>
        <time>2016-11-23T18:54:20.008Z</time>
        <extensions>
          <gpxtpx:TrackPointExtension>
            <gpxtpx:Extensions>
              <highway>primary</highway>
              <surface>asphalt</surface>
              <maxspeed>50</maxspeed>
              <oneway>yes</oneway>
            </gpxtpx:Extensions>
          </gpxtpx:TrackPointExtension>
        </extensions>
      </trkpt>
      <trkpt lat="45.196077" lon="7.89063">
        <ele>188.5</ele>
        <time>2016-11-23T18:54:21.701Z</time>
        <extensions>
          <gpxtpx:TrackPointExtension>
            <gpxtpx:Extensions>
              <highway>primary</highway>
              <surface>asphalt</surface>
              <maxspeed>50</maxspeed>
              <oneway>yes</oneway>
            </gpxtpx:Extensions>
          </gpxtpx:TrackPointExtension>
        </extensions>
      </trkpt>
      <trkpt lat="45.196084" lon="7.89052">
        <ele>188.75</ele>
        <time>2016-11-23T18:54:22.728Z</time>
        <extensions>
          <gpxtpx:TrackPointExtension>
            <gpxtpx:Extensions>
              <highway>primary</highway>
              <surface>asphalt</surface>
              <maxspeed>50</maxspeed>
              <oneway>yes</oneway>
            </gpxtpx:Extensions>
          </gpxtpx:TrackPointExtension>
        </extensions>
      </trkpt>
      <trkpt lat="45.196099" lon="7.890422">
        <ele>189</ele>
        <time>2016-11-23T18:54:23.661Z</time>
        <extensions>
          <gpxtpx:TrackPointExtension>
            <gpxtpx:Extensions>
              <highway>primary</highway>
              <surface>asphalt</surface>
              <maxspeed>50</maxspeed>
              <junction>roundabout</junction>
            </gpxtpx:Extensions>
          </gpxtpx:TrackPointExtension>
        </extensions>
      </trkpt>
      <trkpt lat="45.196112" lon="7.890395">
        <ele>189</ele>
        <time>2016-11-23T18:54:23.965Z</time>
        <extensions>
          <gpxtpx:TrackPointExtension>
            <gpxtpx:Extensions>
              <highway>primary</highway>
              <surface>asphalt</surface>
              <maxspeed>50</maxspeed>
              <oneway>yes</oneway>
            </gpxtpx:Extensions>
          </gpxtpx:TrackPointExtension>
        </extensions>
      </trkpt>
      <trkpt lat="45.196162" lon="7.890343">
        <ele>189.5</ele>
        <time>2016-11-23T18:54:24.783Z</time>
        <extensions>
          <gpxtpx:TrackPointExtension>
            <gpxtpx:Extensions>
              <highway>primary</highway>
              <surface>asphalt</surface>
              <maxspeed>50</maxspeed>
              <oneway>yes</oneway>
            </gpxtpx:Extensions>
          </gpxtpx:TrackPointExtension>
        </extensions>
      </trkpt>
      <trkpt lat="45.196179" lon="7.890331">
        <ele>190</ele>
        <time>2016-11-23T18:54:25.011Z</time>
        <extensions>
          <gpxtpx:TrackPointExtension>
            <gpxtpx:Extensions>
              <highway>primary</highway>
              <surface>asphalt</surface>
              <maxspeed>50</maxspeed>
              <oneway>yes</oneway>
            </gpxtpx:Extensions>
          </gpxtpx:TrackPointExtension>
        </extensions>
      </trkpt>
      <trkpt lat="45.196179" lon="7.890331">
        <ele>189.5</ele>
        <time>2016-11-23T18:54:25.011Z</time>
        <extensions>
          <gpxtpx:TrackPointExtension>
            <gpxtpx:Extensions>
              <highway>primary</highway>
              <surface>asphalt</surface>
              <maxspeed>50</maxspeed>
              <oneway>yes</oneway>
            </gpxtpx:Extensions>
          </gpxtpx:TrackPointExtension>
        </extensions>
      </trkpt>
      <trkpt lat="45.196281" lon="7.890265">
        <ele>190</ele>
        <time>2016-11-23T18:54:26.357Z</time>
        <extensions>
          <gpxtpx:TrackPointExtension>
            <gpxtpx:Extensions>
              <reversedirection>yes</reversedirection>
              <highway>primary</highway>
              <surface>asphalt</surface>
              <maxspeed>50</maxspeed>
            </gpxtpx:Extensions>
          </gpxtpx:TrackPointExtension>
        </extensions>
      </trkpt>
      <trkpt lat="45.196737" lon="7.890221">
        <ele>191.5</ele>
        <time>2016-11-23T18:54:31.845Z</time>
        <extensions>
          <gpxtpx:TrackPointExtension>
            <gpxtpx:Extensions>
              <reversedirection>yes</reversedirection>
              <highway>primary</highway>
              <surface>asphalt</surface>
              <maxspeed>50</maxspeed>
            </gpxtpx:Extensions>
          </gpxtpx:TrackPointExtension>
        </extensions>
      </trkpt>
      <trkpt lat="45.196949" lon="7.89019">
        <ele>190.75</ele>
        <time>2016-11-23T18:54:34.404Z</time>
        <extensions>
          <gpxtpx:TrackPointExtension>
            <gpxtpx:Extensions>
              <reversedirection>yes</reversedirection>
              <highway>primary</highway>
              <surface>asphalt</surface>
              <maxspeed>50</maxspeed>
            </gpxtpx:Extensions>
          </gpxtpx:TrackPointExtension>
        </extensions>
      </trkpt>
      <trkpt lat="45.197393" lon="7.890155">
        <ele>189.25</ele>
        <time>2016-11-23T18:54:39.743Z</time>
        <extensions>
          <gpxtpx:TrackPointExtension>
            <gpxtpx:Extensions>
              <reversedirection>yes</reversedirection>
              <highway>primary</highway>
              <surface>asphalt</surface>
              <maxspeed>50</maxspeed>
            </gpxtpx:Extensions>
          </gpxtpx:TrackPointExtension>
        </extensions>
      </trkpt>
      <trkpt lat="45.197502" lon="7.890137">
        <ele>189</ele>
        <time>2016-11-23T18:54:41.060Z</time>
        <extensions>
          <gpxtpx:TrackPointExtension>
            <gpxtpx:Extensions>
              <reversedirection>yes</reversedirection>
              <highway>primary</highway>
              <surface>asphalt</surface>
              <maxspeed>50</maxspeed>
            </gpxtpx:Extensions>
          </gpxtpx:TrackPointExtension>
        </extensions>
      </trkpt>
      <trkpt lat="45.198309" lon="7.890026">
        <ele>189.75</ele>
        <time>2016-11-23T18:54:50.796Z</time>
        <extensions>
          <gpxtpx:TrackPointExtension>
            <gpxtpx:Extensions>
              <reversedirection>yes</reversedirection>
              <highway>primary</highway>
              <surface>asphalt</surface>
              <maxspeed>50</maxspeed>
            </gpxtpx:Extensions>
          </gpxtpx:TrackPointExtension>
        </extensions>
      </trkpt>
      <trkpt lat="45.198457" lon="7.89">
        <ele>189.75</ele>
        <time>2016-11-23T18:54:52.586Z</time>
        <extensions>
          <gpxtpx:TrackPointExtension>
            <gpxtpx:Extensions>
              <reversedirection>yes</reversedirection>
              <highway>primary</highway>
              <surface>asphalt</surface>
              <maxspeed>50</maxspeed>
            </gpxtpx:Extensions>
          </gpxtpx:TrackPointExtension>
        </extensions>
      </trkpt>
      <trkpt lat="45.19856" lon="7.889989">
        <ele>189.75</ele>
        <time>2016-11-23T18:54:53.826Z</time>
        <extensions>
          <gpxtpx:TrackPointExtension>
            <gpxtpx:Extensions>
              <reversedirection>yes</reversedirection>
              <highway>primary</highway>
              <surface>asphalt</surface>
              <maxspeed>50</maxspeed>
            </gpxtpx:Extensions>
          </gpxtpx:TrackPointExtension>
        </extensions>
      </trkpt>
      <trkpt lat="45.198765" lon="7.88996">
        <ele>189.75</ele>
        <time>2016-11-23T18:54:56.299Z</time>
        <extensions>
          <gpxtpx:TrackPointExtension>
            <gpxtpx:Extensions>
              <reversedirection>yes</reversedirection>
              <highway>primary</highway>
              <surface>asphalt</surface>
              <maxspeed>50</maxspeed>
            </gpxtpx:Extensions>
          </gpxtpx:TrackPointExtension>
        </extensions>
      </trkpt>
      <trkpt lat="45.199689" lon="7.889817">
        <ele>189</ele>
        <time>2016-11-23T18:55:07.460Z</time>
        <extensions>
          <gpxtpx:TrackPointExtension>
            <gpxtpx:Extensions>
              <highway>primary</highway>
              <surface>asphalt</surface>
              <maxspeed>50</maxspeed>
              <oneway>yes</oneway>
            </gpxtpx:Extensions>
          </gpxtpx:TrackPointExtension>
        </extensions>
      </trkpt>
      <trkpt lat="45.200449" lon="7.889812">
        <ele>189.25</ele>
        <time>2016-11-23T18:55:16.586Z</time>
        <extensions>
          <gpxtpx:TrackPointExtension>
            <gpxtpx:Extensions>
              <highway>primary</highway>
              <surface>asphalt</surface>
              <maxspeed>50</maxspeed>
              <oneway>yes</oneway>
            </gpxtpx:Extensions>
          </gpxtpx:TrackPointExtension>
        </extensions>
      </trkpt>
      <trkpt lat="45.200505" lon="7.889826">
        <ele>189.5</ele>
        <time>2016-11-23T18:55:17.268Z</time>
        <extensions>
          <gpxtpx:TrackPointExtension>
            <gpxtpx:Extensions>
              <highway>primary</highway>
              <surface>asphalt</surface>
              <maxspeed>50</maxspeed>
              <oneway>yes</oneway>
            </gpxtpx:Extensions>
          </gpxtpx:TrackPointExtension>
        </extensions>
      </trkpt>
      <trkpt lat="45.200537" lon="7.889849">
        <ele>189.5</ele>
        <time>2016-11-23T18:55:17.698Z</time>
        <extensions>
          <gpxtpx:TrackPointExtension>
            <gpxtpx:Extensions>
              <highway>primary</highway>
              <surface>asphalt</surface>
              <maxspeed>50</maxspeed>
              <oneway>yes</oneway>
            </gpxtpx:Extensions>
          </gpxtpx:TrackPointExtension>
        </extensions>
      </trkpt>
      <trkpt lat="45.200563" lon="7.889873">
        <ele>189.5</ele>
        <time>2016-11-23T18:55:18.070Z</time>
        <extensions>
          <gpxtpx:TrackPointExtension>
            <gpxtpx:Extensions>
              <highway>primary</highway>
              <surface>asphalt</surface>
              <maxspeed>50</maxspeed>
              <oneway>yes</oneway>
            </gpxtpx:Extensions>
          </gpxtpx:TrackPointExtension>
        </extensions>
      </trkpt>
      <trkpt lat="45.200619" lon="7.889946">
        <ele>189.5</ele>
        <time>2016-11-23T18:55:18.983Z</time>
        <extensions>
          <gpxtpx:TrackPointExtension>
            <gpxtpx:Extensions>
              <highway>primary</highway>
              <surface>asphalt</surface>
              <maxspeed>50</maxspeed>
              <junction>roundabout</junction>
            </gpxtpx:Extensions>
          </gpxtpx:TrackPointExtension>
        </extensions>
      </trkpt>
      <trkpt lat="45.200644" lon="7.890015">
        <ele>189.75</ele>
        <time>2016-11-23T18:55:19.639Z</time>
        <extensions>
          <gpxtpx:TrackPointExtension>
            <gpxtpx:Extensions>
              <highway>primary</highway>
              <surface>asphalt</surface>
              <maxspeed>50</maxspeed>
              <junction>roundabout</junction>
            </gpxtpx:Extensions>
          </gpxtpx:TrackPointExtension>
        </extensions>
      </trkpt>
      <trkpt lat="45.20069" lon="7.890087">
        <ele>189.75</ele>
        <time>2016-11-23T18:55:20.461Z</time>
        <extensions>
          <gpxtpx:TrackPointExtension>
            <gpxtpx:Extensions>
              <highway>primary</highway>
              <surface>asphalt</surface>
              <maxspeed>50</maxspeed>
              <junction>roundabout</junction>
            </gpxtpx:Extensions>
          </gpxtpx:TrackPointExtension>
        </extensions>
      </trkpt>
      <trkpt lat="45.200735" lon="7.890127">
        <ele>190</ele>
        <time>2016-11-23T18:55:21.098Z</time>
        <extensions>
          <gpxtpx:TrackPointExtension>
            <gpxtpx:Extensions>
              <highway>primary</highway>
              <surface>asphalt</surface>
              <maxspeed>50</maxspeed>
              <junction>roundabout</junction>
            </gpxtpx:Extensions>
          </gpxtpx:TrackPointExtension>
        </extensions>
      </trkpt>
      <trkpt lat="45.200799" lon="7.890157">
        <ele>190</ele>
        <time>2016-11-23T18:55:21.907Z</time>
        <extensions>
          <gpxtpx:TrackPointExtension>
            <gpxtpx:Extensions>
              <highway>primary</highway>
              <surface>asphalt</surface>
              <maxspeed>50</maxspeed>
              <junction>roundabout</junction>
            </gpxtpx:Extensions>
          </gpxtpx:TrackPointExtension>
        </extensions>
      </trkpt>
      <trkpt lat="45.200866" lon="7.890159">
        <ele>190</ele>
        <time>2016-11-23T18:55:22.711Z</time>
        <extensions>
          <gpxtpx:TrackPointExtension>
            <gpxtpx:Extensions>
              <highway>primary</highway>
              <surface>asphalt</surface>
              <maxspeed>50</maxspeed>
              <junction>roundabout</junction>
            </gpxtpx:Extensions>
          </gpxtpx:TrackPointExtension>
        </extensions>
      </trkpt>
      <trkpt lat="45.200924" lon="7.890138">
        <ele>189.75</ele>
        <time>2016-11-23T18:55:23.429Z</time>
        <extensions>
          <gpxtpx:TrackPointExtension>
            <gpxtpx:Extensions>
              <highway>primary</highway>
              <surface>asphalt</surface>
              <maxspeed>50</maxspeed>
              <junction>roundabout</junction>
            </gpxtpx:Extensions>
          </gpxtpx:TrackPointExtension>
        </extensions>
      </trkpt>
      <trkpt lat="45.200973" lon="7.8901">
        <ele>189.5</ele>
        <time>2016-11-23T18:55:24.099Z</time>
        <extensions>
          <gpxtpx:TrackPointExtension>
            <gpxtpx:Extensions>
              <highway>primary</highway>
              <surface>asphalt</surface>
              <maxspeed>50</maxspeed>
              <junction>roundabout</junction>
            </gpxtpx:Extensions>
          </gpxtpx:TrackPointExtension>
        </extensions>
      </trkpt>
      <trkpt lat="45.201006" lon="7.890061">
        <ele>189.25</ele>
        <time>2016-11-23T18:55:24.614Z</time>
        <extensions>
          <gpxtpx:TrackPointExtension>
            <gpxtpx:Extensions>
              <highway>primary</highway>
              <surface>asphalt</surface>
              <maxspeed>50</maxspeed>
              <junction>roundabout</junction>
            </gpxtpx:Extensions>
          </gpxtpx:TrackPointExtension>
        </extensions>
      </trkpt>
      <trkpt lat="45.201037" lon="7.890004">
        <ele>189</ele>
        <time>2016-11-23T18:55:25.223Z</time>
        <extensions>
          <gpxtpx:TrackPointExtension>
            <gpxtpx:Extensions>
              <highway>primary</highway>
              <surface>asphalt</surface>
              <maxspeed>50</maxspeed>
              <oneway>yes</oneway>
            </gpxtpx:Extensions>
          </gpxtpx:TrackPointExtension>
        </extensions>
      </trkpt>
      <trkpt lat="45.201127" lon="7.889971">
        <ele>188.5</ele>
        <time>2016-11-23T18:55:26.339Z</time>
        <extensions>
          <gpxtpx:TrackPointExtension>
            <gpxtpx:Extensions>
              <highway>primary</highway>
              <surface>asphalt</surface>
              <maxspeed>50</maxspeed>
              <oneway>yes</oneway>
            </gpxtpx:Extensions>
          </gpxtpx:TrackPointExtension>
        </extensions>
      </trkpt>
      <trkpt lat="45.201205" lon="7.889954">
        <ele>188.25</ele>
        <time>2016-11-23T18:55:27.286Z</time>
        <extensions>
          <gpxtpx:TrackPointExtension>
            <gpxtpx:Extensions>
              <highway>primary</highway>
              <surface>asphalt</surface>
              <maxspeed>50</maxspeed>
              <oneway>yes</oneway>
            </gpxtpx:Extensions>
          </gpxtpx:TrackPointExtension>
        </extensions>
      </trkpt>
      <trkpt lat="45.201529" lon="7.889957">
        <ele>186.75</ele>
        <time>2016-11-23T18:55:31.176Z</time>
        <extensions>
          <gpxtpx:TrackPointExtension>
            <gpxtpx:Extensions>
              <highway>primary</highway>
              <surface>asphalt</surface>
              <maxspeed>50</maxspeed>
              <oneway>yes</oneway>
            </gpxtpx:Extensions>
          </gpxtpx:TrackPointExtension>
        </extensions>
      </trkpt>
      <trkpt lat="45.202708" lon="7.889981">
        <ele>188</ele>
        <time>2016-11-23T18:55:45.335Z</time>
        <extensions>
          <gpxtpx:TrackPointExtension>
            <gpxtpx:Extensions>
              <highway>primary</highway>
              <surface>asphalt</surface>
              <maxspeed>50</maxspeed>
              <oneway>yes</oneway>
            </gpxtpx:Extensions>
          </gpxtpx:TrackPointExtension>
        </extensions>
      </trkpt>
      <trkpt lat="45.203097" lon="7.889947">
        <ele>189.75</ele>
        <time>2016-11-23T18:55:50.015Z</time>
        <extensions>
          <gpxtpx:TrackPointExtension>
            <gpxtpx:Extensions>
              <highway>primary</highway>
              <surface>asphalt</surface>
              <maxspeed>50</maxspeed>
              <oneway>yes</oneway>
            </gpxtpx:Extensions>
          </gpxtpx:TrackPointExtension>
        </extensions>
      </trkpt>
      <trkpt lat="45.203208" lon="7.889946">
        <ele>190.5</ele>
        <time>2016-11-23T18:55:51.347Z</time>
        <extensions>
          <gpxtpx:TrackPointExtension>
            <gpxtpx:Extensions>
              <highway>primary</highway>
              <surface>asphalt</surface>
              <maxspeed>50</maxspeed>
              <oneway>yes</oneway>
            </gpxtpx:Extensions>
          </gpxtpx:TrackPointExtension>
        </extensions>
      </trkpt>
      <trkpt lat="45.203264" lon="7.889951">
        <ele>191</ele>
        <time>2016-11-23T18:55:51.827Z</time>
        <extensions>
          <gpxtpx:TrackPointExtension>
            <gpxtpx:Extensions>
              <highway>primary</highway>
              <surface>asphalt</surface>
              <maxspeed>50</maxspeed>
              <oneway>yes</oneway>
            </gpxtpx:Extensions>
          </gpxtpx:TrackPointExtension>
        </extensions>
      </trkpt>
      <trkpt lat="45.203262" lon="7.889951">
        <ele>190.5</ele>
        <time>2016-11-23T18:55:51.844Z</time>
        <extensions>
          <gpxtpx:TrackPointExtension>
            <gpxtpx:Extensions>
              <highway>primary</highway>
              <surface>asphalt</surface>
              <maxspeed>50</maxspeed>
              <oneway>yes</oneway>
            </gpxtpx:Extensions>
          </gpxtpx:TrackPointExtension>
        </extensions>
      </trkpt>
      <trkpt lat="45.203346" lon="7.889959">
        <ele>191</ele>
        <time>2016-11-23T18:55:52.564Z</time>
        <extensions>
          <gpxtpx:TrackPointExtension>
            <gpxtpx:Extensions>
              <highway>primary</highway>
              <surface>asphalt</surface>
              <maxspeed>50</maxspeed>
              <oneway>yes</oneway>
            </gpxtpx:Extensions>
          </gpxtpx:TrackPointExtension>
        </extensions>
      </trkpt>
      <trkpt lat="45.204784" lon="7.890021">
        <ele>193.25</ele>
        <time>2016-11-23T18:56:04.881Z</time>
        <extensions>
          <gpxtpx:TrackPointExtension>
            <gpxtpx:Extensions>
              <highway>primary</highway>
              <surface>asphalt</surface>
              <maxspeed>50</maxspeed>
              <oneway>yes</oneway>
            </gpxtpx:Extensions>
          </gpxtpx:TrackPointExtension>
        </extensions>
      </trkpt>
      <trkpt lat="45.20503" lon="7.890028">
        <ele>193.75</ele>
        <time>2016-11-23T18:56:06.987Z</time>
        <extensions>
          <gpxtpx:TrackPointExtension>
            <gpxtpx:Extensions>
              <highway>primary</highway>
              <surface>asphalt</surface>
              <maxspeed>50</maxspeed>
              <oneway>yes</oneway>
            </gpxtpx:Extensions>
          </gpxtpx:TrackPointExtension>
        </extensions>
      </trkpt>
      <trkpt lat="45.205197" lon="7.889996">
        <ele>194</ele>
        <time>2016-11-23T18:56:08.429Z</time>
        <extensions>
          <gpxtpx:TrackPointExtension>
            <gpxtpx:Extensions>
              <reversedirection>yes</reversedirection>
              <highway>primary</highway>
              <surface>asphalt</surface>
              <maxspeed>50</maxspeed>
            </gpxtpx:Extensions>
          </gpxtpx:TrackPointExtension>
        </extensions>
      </trkpt>
      <trkpt lat="45.205296" lon="7.889996">
        <ele>194</ele>
        <time>2016-11-23T18:56:09.276Z</time>
        <extensions>
          <gpxtpx:TrackPointExtension>
            <gpxtpx:Extensions>
              <reversedirection>yes</reversedirection>
              <highway>primary</highway>
              <surface>asphalt</surface>
              <maxspeed>50</maxspeed>
            </gpxtpx:Extensions>
          </gpxtpx:TrackPointExtension>
        </extensions>
      </trkpt>
      <trkpt lat="45.205432" lon="7.889995">
        <ele>194</ele>
        <time>2016-11-23T18:56:10.440Z</time>
        <extensions>
          <gpxtpx:TrackPointExtension>
            <gpxtpx:Extensions>
              <reversedirection>yes</reversedirection>
              <highway>primary</highway>
              <surface>asphalt</surface>
              <maxspeed>50</maxspeed>
            </gpxtpx:Extensions>
          </gpxtpx:TrackPointExtension>
        </extensions>
      </trkpt>
      <trkpt lat="45.20574" lon="7.890005">
        <ele>193.75</ele>
        <time>2016-11-23T18:56:13.077Z</time>
        <extensions>
          <gpxtpx:TrackPointExtension>
            <gpxtpx:Extensions>
              <reversedirection>yes</reversedirection>
              <highway>primary</highway>
              <surface>asphalt</surface>
              <maxspeed>50</maxspeed>
            </gpxtpx:Extensions>
          </gpxtpx:TrackPointExtension>
        </extensions>
      </trkpt>
      <trkpt lat="45.206019" lon="7.890016">
        <ele>193.5</ele>
        <time>2016-11-23T18:56:15.466Z</time>
        <extensions>
          <gpxtpx:TrackPointExtension>
            <gpxtpx:Extensions>
              <reversedirection>yes</reversedirection>
              <highway>primary</highway>
              <surface>asphalt</surface>
              <maxspeed>70</maxspeed>
            </gpxtpx:Extensions>
          </gpxtpx:TrackPointExtension>
        </extensions>
      </trkpt>
      <trkpt lat="45.207117" lon="7.890035">
        <ele>194</ele>
        <time>2016-11-23T18:56:24.867Z</time>
        <extensions>
          <gpxtpx:TrackPointExtension>
            <gpxtpx:Extensions>
              <highway>primary</highway>
              <surface>asphalt</surface>
              <maxspeed>70</maxspeed>
            </gpxtpx:Extensions>
          </gpxtpx:TrackPointExtension>
        </extensions>
      </trkpt>
      <trkpt lat="45.208314" lon="7.890069">
        <ele>195.75</ele>
        <time>2016-11-23T18:56:35.117Z</time>
        <extensions>
          <gpxtpx:TrackPointExtension>
            <gpxtpx:Extensions>
              <highway>primary</highway>
              <surface>asphalt</surface>
              <maxspeed>70</maxspeed>
            </gpxtpx:Extensions>
          </gpxtpx:TrackPointExtension>
        </extensions>
      </trkpt>
      <trkpt lat="45.208481" lon="7.890077">
        <ele>196</ele>
        <time>2016-11-23T18:56:36.547Z</time>
        <extensions>
          <gpxtpx:TrackPointExtension>
            <gpxtpx:Extensions>
              <highway>primary</highway>
              <surface>asphalt</surface>
              <maxspeed>70</maxspeed>
            </gpxtpx:Extensions>
          </gpxtpx:TrackPointExtension>
        </extensions>
      </trkpt>
      <trkpt lat="45.210894" lon="7.890174">
        <ele>196.5</ele>
        <time>2016-11-23T18:56:57.215Z</time>
        <extensions>
          <gpxtpx:TrackPointExtension>
            <gpxtpx:Extensions>
              <highway>primary</highway>
              <surface>asphalt</surface>
              <maxspeed>70</maxspeed>
            </gpxtpx:Extensions>
          </gpxtpx:TrackPointExtension>
        </extensions>
      </trkpt>
      <trkpt lat="45.212298" lon="7.890223">
        <ele>197.75</ele>
        <time>2016-11-23T18:57:09.239Z</time>
        <extensions>
          <gpxtpx:TrackPointExtension>
            <gpxtpx:Extensions>
              <highway>primary</highway>
              <surface>asphalt</surface>
              <maxspeed>40</maxspeed>
              <oneway>yes</oneway>
            </gpxtpx:Extensions>
          </gpxtpx:TrackPointExtension>
        </extensions>
      </trkpt>
      <trkpt lat="45.21244" lon="7.890281">
        <ele>198</ele>
        <time>2016-11-23T18:57:10.504Z</time>
        <extensions>
          <gpxtpx:TrackPointExtension>
            <gpxtpx:Extensions>
              <highway>primary</highway>
              <surface>asphalt</surface>
              <maxspeed>40</maxspeed>
              <oneway>yes</oneway>
            </gpxtpx:Extensions>
          </gpxtpx:TrackPointExtension>
        </extensions>
      </trkpt>
      <trkpt lat="45.212526" lon="7.890342">
        <ele>198.25</ele>
        <time>2016-11-23T18:57:11.327Z</time>
        <extensions>
          <gpxtpx:TrackPointExtension>
            <gpxtpx:Extensions>
              <highway>primary</highway>
              <surface>asphalt</surface>
              <maxspeed>40</maxspeed>
              <oneway>yes</oneway>
            </gpxtpx:Extensions>
          </gpxtpx:TrackPointExtension>
        </extensions>
      </trkpt>
      <trkpt lat="45.212591" lon="7.890414">
        <ele>198.5</ele>
        <time>2016-11-23T18:57:12.032Z</time>
        <extensions>
          <gpxtpx:TrackPointExtension>
            <gpxtpx:Extensions>
              <highway>primary</highway>
              <surface>asphalt</surface>
              <maxspeed>40</maxspeed>
              <junction>roundabout</junction>
            </gpxtpx:Extensions>
          </gpxtpx:TrackPointExtension>
        </extensions>
      </trkpt>
      <trkpt lat="45.212638" lon="7.890505">
        <ele>198.75</ele>
        <time>2016-11-23T18:57:12.712Z</time>
        <extensions>
          <gpxtpx:TrackPointExtension>
            <gpxtpx:Extensions>
              <highway>primary</highway>
              <surface>asphalt</surface>
              <maxspeed>40</maxspeed>
              <junction>roundabout</junction>
            </gpxtpx:Extensions>
          </gpxtpx:TrackPointExtension>
        </extensions>
      </trkpt>
      <trkpt lat="45.212703" lon="7.890569">
        <ele>199.25</ele>
        <time>2016-11-23T18:57:13.389Z</time>
        <extensions>
          <gpxtpx:TrackPointExtension>
            <gpxtpx:Extensions>
              <highway>primary</highway>
              <surface>asphalt</surface>
              <maxspeed>40</maxspeed>
              <junction>roundabout</junction>
            </gpxtpx:Extensions>
          </gpxtpx:TrackPointExtension>
        </extensions>
      </trkpt>
      <trkpt lat="45.212778" lon="7.890601">
        <ele>199.25</ele>
        <time>2016-11-23T18:57:14.059Z</time>
        <extensions>
          <gpxtpx:TrackPointExtension>
            <gpxtpx:Extensions>
              <highway>primary</highway>
              <surface>asphalt</surface>
              <maxspeed>40</maxspeed>
              <junction>roundabout</junction>
            </gpxtpx:Extensions>
          </gpxtpx:TrackPointExtension>
        </extensions>
      </trkpt>
      <trkpt lat="45.212857" lon="7.890597">
        <ele>199.5</ele>
        <time>2016-11-23T18:57:14.735Z</time>
        <extensions>
          <gpxtpx:TrackPointExtension>
            <gpxtpx:Extensions>
              <highway>primary</highway>
              <surface>asphalt</surface>
              <maxspeed>40</maxspeed>
              <junction>roundabout</junction>
            </gpxtpx:Extensions>
          </gpxtpx:TrackPointExtension>
        </extensions>
      </trkpt>
      <trkpt lat="45.21292" lon="7.890567">
        <ele>199.5</ele>
        <time>2016-11-23T18:57:15.303Z</time>
        <extensions>
          <gpxtpx:TrackPointExtension>
            <gpxtpx:Extensions>
              <highway>primary</highway>
              <surface>asphalt</surface>
              <maxspeed>40</maxspeed>
              <junction>roundabout</junction>
            </gpxtpx:Extensions>
          </gpxtpx:TrackPointExtension>
        </extensions>
      </trkpt>
      <trkpt lat="45.212974" lon="7.890514">
        <ele>199.25</ele>
        <time>2016-11-23T18:57:15.865Z</time>
        <extensions>
          <gpxtpx:TrackPointExtension>
            <gpxtpx:Extensions>
              <highway>primary</highway>
              <surface>asphalt</surface>
              <maxspeed>40</maxspeed>
              <oneway>yes</oneway>
            </gpxtpx:Extensions>
          </gpxtpx:TrackPointExtension>
        </extensions>
      </trkpt>
      <trkpt lat="45.213039" lon="7.890435">
        <ele>199</ele>
        <time>2016-11-23T18:57:16.597Z</time>
        <extensions>
          <gpxtpx:TrackPointExtension>
            <gpxtpx:Extensions>
              <highway>primary</highway>
              <surface>asphalt</surface>
              <maxspeed>40</maxspeed>
              <oneway>yes</oneway>
            </gpxtpx:Extensions>
          </gpxtpx:TrackPointExtension>
        </extensions>
      </trkpt>
      <trkpt lat="45.213202" lon="7.890312">
        <ele>198.75</ele>
        <time>2016-11-23T18:57:18.177Z</time>
        <extensions>
          <gpxtpx:TrackPointExtension>
            <gpxtpx:Extensions>
              <highway>primary</highway>
              <surface>asphalt</surface>
              <maxspeed>40</maxspeed>
              <oneway>yes</oneway>
            </gpxtpx:Extensions>
          </gpxtpx:TrackPointExtension>
        </extensions>
      </trkpt>
      <trkpt lat="45.213341" lon="7.890272">
        <ele>198.75</ele>
        <time>2016-11-23T18:57:19.391Z</time>
        <extensions>
          <gpxtpx:TrackPointExtension>
            <gpxtpx:Extensions>
              <highway>primary</highway>
              <surface>asphalt</surface>
              <maxspeed>70</maxspeed>
            </gpxtpx:Extensions>
          </gpxtpx:TrackPointExtension>
        </extensions>
      </trkpt>
      <trkpt lat="45.214754" lon="7.890304">
        <ele>200</ele>
        <time>2016-11-23T18:57:31.490Z</time>
        <extensions>
          <gpxtpx:TrackPointExtension>
            <gpxtpx:Extensions>
              <highway>primary</highway>
              <surface>asphalt</surface>
              <maxspeed>70</maxspeed>
            </gpxtpx:Extensions>
          </gpxtpx:TrackPointExtension>
        </extensions>
      </trkpt>
      <trkpt lat="45.217186" lon="7.89039">
        <ele>202</ele>
        <time>2016-11-23T18:57:52.319Z</time>
        <extensions>
          <gpxtpx:TrackPointExtension>
            <gpxtpx:Extensions>
              <highway>primary</highway>
              <surface>asphalt</surface>
              <maxspeed>40</maxspeed>
              <oneway>yes</oneway>
            </gpxtpx:Extensions>
          </gpxtpx:TrackPointExtension>
        </extensions>
      </trkpt>
      <trkpt lat="45.217393" lon="7.890476">
        <ele>202.25</ele>
        <time>2016-11-23T18:57:54.165Z</time>
        <extensions>
          <gpxtpx:TrackPointExtension>
            <gpxtpx:Extensions>
              <highway>primary</highway>
              <surface>asphalt</surface>
              <maxspeed>40</maxspeed>
              <oneway>yes</oneway>
            </gpxtpx:Extensions>
          </gpxtpx:TrackPointExtension>
        </extensions>
      </trkpt>
      <trkpt lat="45.217527" lon="7.890573">
        <ele>202.25</ele>
        <time>2016-11-23T18:57:55.452Z</time>
        <extensions>
          <gpxtpx:TrackPointExtension>
            <gpxtpx:Extensions>
              <highway>primary</highway>
              <surface>asphalt</surface>
              <maxspeed>40</maxspeed>
              <junction>roundabout</junction>
            </gpxtpx:Extensions>
          </gpxtpx:TrackPointExtension>
        </extensions>
      </trkpt>
      <trkpt lat="45.217572" lon="7.890676">
        <ele>202.25</ele>
        <time>2016-11-23T18:57:56.183Z</time>
        <extensions>
          <gpxtpx:TrackPointExtension>
            <gpxtpx:Extensions>
              <highway>primary</highway>
              <surface>asphalt</surface>
              <maxspeed>40</maxspeed>
              <junction>roundabout</junction>
            </gpxtpx:Extensions>
          </gpxtpx:TrackPointExtension>
        </extensions>
      </trkpt>
      <trkpt lat="45.21764" lon="7.890751">
        <ele>202.25</ele>
        <time>2016-11-23T18:57:56.920Z</time>
        <extensions>
          <gpxtpx:TrackPointExtension>
            <gpxtpx:Extensions>
              <highway>primary</highway>
              <surface>asphalt</surface>
              <maxspeed>40</maxspeed>
              <junction>roundabout</junction>
            </gpxtpx:Extensions>
          </gpxtpx:TrackPointExtension>
        </extensions>
      </trkpt>
      <trkpt lat="45.217721" lon="7.890789">
        <ele>202.5</ele>
        <time>2016-11-23T18:57:57.650Z</time>
        <extensions>
          <gpxtpx:TrackPointExtension>
            <gpxtpx:Extensions>
              <highway>primary</highway>
              <surface>asphalt</surface>
              <maxspeed>40</maxspeed>
              <junction>roundabout</junction>
            </gpxtpx:Extensions>
          </gpxtpx:TrackPointExtension>
        </extensions>
      </trkpt>
      <trkpt lat="45.217806" lon="7.890787">
        <ele>202.5</ele>
        <time>2016-11-23T18:57:58.377Z</time>
        <extensions>
          <gpxtpx:TrackPointExtension>
            <gpxtpx:Extensions>
              <highway>primary</highway>
              <surface>asphalt</surface>
              <maxspeed>40</maxspeed>
              <junction>roundabout</junction>
            </gpxtpx:Extensions>
          </gpxtpx:TrackPointExtension>
        </extensions>
      </trkpt>
      <trkpt lat="45.217885" lon="7.890744">
        <ele>202.75</ele>
        <time>2016-11-23T18:57:59.101Z</time>
        <extensions>
          <gpxtpx:TrackPointExtension>
            <gpxtpx:Extensions>
              <highway>primary</highway>
              <surface>asphalt</surface>
              <maxspeed>40</maxspeed>
              <junction>roundabout</junction>
            </gpxtpx:Extensions>
          </gpxtpx:TrackPointExtension>
        </extensions>
      </trkpt>
      <trkpt lat="45.21795" lon="7.890665">
        <ele>203</ele>
        <time>2016-11-23T18:57:59.833Z</time>
        <extensions>
          <gpxtpx:TrackPointExtension>
            <gpxtpx:Extensions>
              <highway>primary</highway>
              <surface>asphalt</surface>
              <maxspeed>40</maxspeed>
              <oneway>yes</oneway>
            </gpxtpx:Extensions>
          </gpxtpx:TrackPointExtension>
        </extensions>
      </trkpt>
      <trkpt lat="45.218144" lon="7.89052">
        <ele>203.25</ele>
        <time>2016-11-23T18:58:01.710Z</time>
        <extensions>
          <gpxtpx:TrackPointExtension>
            <gpxtpx:Extensions>
              <highway>primary</highway>
              <surface>asphalt</surface>
              <maxspeed>40</maxspeed>
              <oneway>yes</oneway>
            </gpxtpx:Extensions>
          </gpxtpx:TrackPointExtension>
        </extensions>
      </trkpt>
      <trkpt lat="45.218426" lon="7.890457">
        <ele>203.5</ele>
        <time>2016-11-23T18:58:04.154Z</time>
        <extensions>
          <gpxtpx:TrackPointExtension>
            <gpxtpx:Extensions>
              <highway>primary</highway>
              <surface>asphalt</surface>
              <maxspeed>70</maxspeed>
            </gpxtpx:Extensions>
          </gpxtpx:TrackPointExtension>
        </extensions>
      </trkpt>
      <trkpt lat="45.219005" lon="7.890477">
        <ele>204.75</ele>
        <time>2016-11-23T18:58:09.112Z</time>
        <extensions>
          <gpxtpx:TrackPointExtension>
            <gpxtpx:Extensions>
              <highway>primary</highway>
              <surface>asphalt</surface>
              <maxspeed>70</maxspeed>
            </gpxtpx:Extensions>
          </gpxtpx:TrackPointExtension>
        </extensions>
      </trkpt>
      <trkpt lat="45.219444" lon="7.890494">
        <ele>205.25</ele>
        <time>2016-11-23T18:58:12.872Z</time>
        <extensions>
          <gpxtpx:TrackPointExtension>
            <gpxtpx:Extensions>
              <highway>primary</highway>
              <surface>asphalt</surface>
              <maxspeed>70</maxspeed>
            </gpxtpx:Extensions>
          </gpxtpx:TrackPointExtension>
        </extensions>
      </trkpt>
      <trkpt lat="45.225034" lon="7.8907">
        <ele>208.5</ele>
        <time>2016-11-23T18:59:00.749Z</time>
        <extensions>
          <gpxtpx:TrackPointExtension>
            <gpxtpx:Extensions>
              <highway>primary</highway>
              <surface>asphalt</surface>
              <maxspeed>70</maxspeed>
            </gpxtpx:Extensions>
          </gpxtpx:TrackPointExtension>
        </extensions>
      </trkpt>
      <trkpt lat="45.227327" lon="7.890782">
        <ele>209.75</ele>
        <time>2016-11-23T18:59:20.387Z</time>
        <extensions>
          <gpxtpx:TrackPointExtension>
            <gpxtpx:Extensions>
              <highway>primary</highway>
              <surface>asphalt</surface>
              <maxspeed>40</maxspeed>
              <oneway>yes</oneway>
            </gpxtpx:Extensions>
          </gpxtpx:TrackPointExtension>
        </extensions>
      </trkpt>
      <trkpt lat="45.228148" lon="7.890857">
        <ele>209.75</ele>
        <time>2016-11-23T18:59:27.430Z</time>
        <extensions>
          <gpxtpx:TrackPointExtension>
            <gpxtpx:Extensions>
              <highway>primary</highway>
              <surface>asphalt</surface>
              <maxspeed>40</maxspeed>
              <oneway>yes</oneway>
            </gpxtpx:Extensions>
          </gpxtpx:TrackPointExtension>
        </extensions>
      </trkpt>
      <trkpt lat="45.228284" lon="7.890883">
        <ele>209.75</ele>
        <time>2016-11-23T18:59:28.604Z</time>
        <extensions>
          <gpxtpx:TrackPointExtension>
            <gpxtpx:Extensions>
              <highway>primary</highway>
              <surface>asphalt</surface>
              <maxspeed>40</maxspeed>
              <oneway>yes</oneway>
            </gpxtpx:Extensions>
          </gpxtpx:TrackPointExtension>
        </extensions>
      </trkpt>
      <trkpt lat="45.228373" lon="7.890921">
        <ele>209.75</ele>
        <time>2016-11-23T18:59:29.399Z</time>
        <extensions>
          <gpxtpx:TrackPointExtension>
            <gpxtpx:Extensions>
              <highway>primary</highway>
              <surface>asphalt</surface>
              <maxspeed>40</maxspeed>
              <oneway>yes</oneway>
            </gpxtpx:Extensions>
          </gpxtpx:TrackPointExtension>
        </extensions>
      </trkpt>
      <trkpt lat="45.228445" lon="7.890995">
        <ele>210</ele>
        <time>2016-11-23T18:59:30.160Z</time>
        <extensions>
          <gpxtpx:TrackPointExtension>
            <gpxtpx:Extensions>
              <highway>primary</highway>
              <surface>asphalt</surface>
              <maxspeed>40</maxspeed>
              <junction>roundabout</junction>
            </gpxtpx:Extensions>
          </gpxtpx:TrackPointExtension>
        </extensions>
      </trkpt>
      <trkpt lat="45.228486" lon="7.891088">
        <ele>210</ele>
        <time>2016-11-23T18:59:30.821Z</time>
        <extensions>
          <gpxtpx:TrackPointExtension>
            <gpxtpx:Extensions>
              <highway>primary</highway>
              <surface>asphalt</surface>
              <maxspeed>40</maxspeed>
              <junction>roundabout</junction>
            </gpxtpx:Extensions>
          </gpxtpx:TrackPointExtension>
        </extensions>
      </trkpt>
      <trkpt lat="45.228544" lon="7.891159">
        <ele>210</ele>
        <time>2016-11-23T18:59:31.476Z</time>
        <extensions>
          <gpxtpx:TrackPointExtension>
            <gpxtpx:Extensions>
              <highway>primary</highway>
              <surface>asphalt</surface>
              <maxspeed>40</maxspeed>
              <junction>roundabout</junction>
            </gpxtpx:Extensions>
          </gpxtpx:TrackPointExtension>
        </extensions>
      </trkpt>
      <trkpt lat="45.228614" lon="7.891205">
        <ele>210</ele>
        <time>2016-11-23T18:59:32.136Z</time>
        <extensions>
          <gpxtpx:TrackPointExtension>
            <gpxtpx:Extensions>
              <highway>primary</highway>
              <surface>asphalt</surface>
              <maxspeed>40</maxspeed>
              <junction>roundabout</junction>
            </gpxtpx:Extensions>
          </gpxtpx:TrackPointExtension>
        </extensions>
      </trkpt>
      <trkpt lat="45.228699" lon="7.891221">
        <ele>210</ele>
        <time>2016-11-23T18:59:32.870Z</time>
        <extensions>
          <gpxtpx:TrackPointExtension>
            <gpxtpx:Extensions>
              <highway>primary</highway>
              <surface>asphalt</surface>
              <maxspeed>40</maxspeed>
              <junction>roundabout</junction>
            </gpxtpx:Extensions>
          </gpxtpx:TrackPointExtension>
        </extensions>
      </trkpt>
      <trkpt lat="45.228784" lon="7.891197">
        <ele>210</ele>
        <time>2016-11-23T18:59:33.612Z</time>
        <extensions>
          <gpxtpx:TrackPointExtension>
            <gpxtpx:Extensions>
              <highway>primary</highway>
              <surface>asphalt</surface>
              <maxspeed>40</maxspeed>
              <junction>roundabout</junction>
            </gpxtpx:Extensions>
          </gpxtpx:TrackPointExtension>
        </extensions>
      </trkpt>
      <trkpt lat="45.228859" lon="7.891137">
        <ele>210</ele>
        <time>2016-11-23T18:59:34.349Z</time>
        <extensions>
          <gpxtpx:TrackPointExtension>
            <gpxtpx:Extensions>
              <highway>primary</highway>
              <surface>asphalt</surface>
              <maxspeed>40</maxspeed>
              <junction>roundabout</junction>
            </gpxtpx:Extensions>
          </gpxtpx:TrackPointExtension>
        </extensions>
      </trkpt>
      <trkpt lat="45.228906" lon="7.891068">
        <ele>210</ele>
        <time>2016-11-23T18:59:34.927Z</time>
        <extensions>
          <gpxtpx:TrackPointExtension>
            <gpxtpx:Extensions>
              <highway>primary</highway>
              <surface>asphalt</surface>
              <maxspeed>40</maxspeed>
              <oneway>yes</oneway>
            </gpxtpx:Extensions>
          </gpxtpx:TrackPointExtension>
        </extensions>
      </trkpt>
      <trkpt lat="45.22898" lon="7.890996">
        <ele>210</ele>
        <time>2016-11-23T18:59:35.695Z</time>
        <extensions>
          <gpxtpx:TrackPointExtension>
            <gpxtpx:Extensions>
              <highway>primary</highway>
              <surface>asphalt</surface>
              <maxspeed>40</maxspeed>
              <oneway>yes</oneway>
            </gpxtpx:Extensions>
          </gpxtpx:TrackPointExtension>
        </extensions>
      </trkpt>
      <trkpt lat="45.229082" lon="7.890935">
        <ele>210</ele>
        <time>2016-11-23T18:59:36.642Z</time>
        <extensions>
          <gpxtpx:TrackPointExtension>
            <gpxtpx:Extensions>
              <highway>primary</highway>
              <surface>asphalt</surface>
              <maxspeed>40</maxspeed>
              <oneway>yes</oneway>
            </gpxtpx:Extensions>
          </gpxtpx:TrackPointExtension>
        </extensions>
      </trkpt>
      <trkpt lat="45.229204" lon="7.890907">
        <ele>209.75</ele>
        <time>2016-11-23T18:59:37.700Z</time>
        <extensions>
          <gpxtpx:TrackPointExtension>
            <gpxtpx:Extensions>
              <highway>primary</highway>
              <surface>asphalt</surface>
              <maxspeed>40</maxspeed>
              <oneway>yes</oneway>
            </gpxtpx:Extensions>
          </gpxtpx:TrackPointExtension>
        </extensions>
      </trkpt>
      <trkpt lat="45.229796" lon="7.890878">
        <ele>210</ele>
        <time>2016-11-23T18:59:42.771Z</time>
        <extensions>
          <gpxtpx:TrackPointExtension>
            <gpxtpx:Extensions>
              <highway>primary</highway>
              <surface>asphalt</surface>
              <maxspeed>90</maxspeed>
            </gpxtpx:Extensions>
          </gpxtpx:TrackPointExtension>
        </extensions>
      </trkpt>
      <trkpt lat="45.234202" lon="7.891044">
        <ele>214</ele>
        <time>2016-11-23T19:00:20.508Z</time>
        <extensions>
          <gpxtpx:TrackPointExtension>
            <gpxtpx:Extensions>
              <highway>primary</highway>
              <surface>asphalt</surface>
              <maxspeed>90</maxspeed>
            </gpxtpx:Extensions>
          </gpxtpx:TrackPointExtension>
        </extensions>
      </trkpt>
      <trkpt lat="45.236998" lon="7.891145">
        <ele>216</ele>
        <time>2016-11-23T19:00:44.455Z</time>
        <extensions>
          <gpxtpx:TrackPointExtension>
            <gpxtpx:Extensions>
              <highway>primary</highway>
              <surface>asphalt</surface>
              <maxspeed>50</maxspeed>
            </gpxtpx:Extensions>
          </gpxtpx:TrackPointExtension>
        </extensions>
      </trkpt>
      <trkpt lat="45.237301" lon="7.89119">
        <ele>216.25</ele>
        <time>2016-11-23T19:00:47.063Z</time>
        <extensions>
          <gpxtpx:TrackPointExtension>
            <gpxtpx:Extensions>
              <highway>primary</highway>
              <oneway>yes</oneway>
            </gpxtpx:Extensions>
          </gpxtpx:TrackPointExtension>
        </extensions>
      </trkpt>
      <trkpt lat="45.237393" lon="7.891196">
        <ele>216.25</ele>
        <time>2016-11-23T19:00:47.851Z</time>
        <extensions>
          <gpxtpx:TrackPointExtension>
            <gpxtpx:Extensions>
              <highway>primary</highway>
              <oneway>yes</oneway>
            </gpxtpx:Extensions>
          </gpxtpx:TrackPointExtension>
        </extensions>
      </trkpt>
      <trkpt lat="45.237586" lon="7.891243">
        <ele>216.5</ele>
        <time>2016-11-23T19:00:49.527Z</time>
        <extensions>
          <gpxtpx:TrackPointExtension>
            <gpxtpx:Extensions>
              <highway>primary</highway>
              <oneway>yes</oneway>
            </gpxtpx:Extensions>
          </gpxtpx:TrackPointExtension>
        </extensions>
      </trkpt>
      <trkpt lat="45.237671" lon="7.891281">
        <ele>216.5</ele>
        <time>2016-11-23T19:00:50.289Z</time>
        <extensions>
          <gpxtpx:TrackPointExtension>
            <gpxtpx:Extensions>
              <highway>primary</highway>
              <oneway>yes</oneway>
            </gpxtpx:Extensions>
          </gpxtpx:TrackPointExtension>
        </extensions>
      </trkpt>
      <trkpt lat="45.237768" lon="7.891343">
        <ele>216.5</ele>
        <time>2016-11-23T19:00:51.199Z</time>
        <extensions>
          <gpxtpx:TrackPointExtension>
            <gpxtpx:Extensions>
              <highway>primary</highway>
              <junction>roundabout</junction>
            </gpxtpx:Extensions>
          </gpxtpx:TrackPointExtension>
        </extensions>
      </trkpt>
      <trkpt lat="45.237799" lon="7.891421">
        <ele>216.5</ele>
        <time>2016-11-23T19:00:51.739Z</time>
        <extensions>
          <gpxtpx:TrackPointExtension>
            <gpxtpx:Extensions>
              <highway>primary</highway>
              <junction>roundabout</junction>
            </gpxtpx:Extensions>
          </gpxtpx:TrackPointExtension>
        </extensions>
      </trkpt>
      <trkpt lat="45.237864" lon="7.891507">
        <ele>216.5</ele>
        <time>2016-11-23T19:00:52.499Z</time>
        <extensions>
          <gpxtpx:TrackPointExtension>
            <gpxtpx:Extensions>
              <highway>primary</highway>
              <junction>roundabout</junction>
            </gpxtpx:Extensions>
          </gpxtpx:TrackPointExtension>
        </extensions>
      </trkpt>
      <trkpt lat="45.237896" lon="7.891535">
        <ele>216.5</ele>
        <time>2016-11-23T19:00:52.820Z</time>
        <extensions>
          <gpxtpx:TrackPointExtension>
            <gpxtpx:Extensions>
              <highway>primary</highway>
              <junction>roundabout</junction>
            </gpxtpx:Extensions>
          </gpxtpx:TrackPointExtension>
        </extensions>
      </trkpt>
      <trkpt lat="45.237956" lon="7.891565">
        <ele>216.5</ele>
        <time>2016-11-23T19:00:53.364Z</time>
        <extensions>
          <gpxtpx:TrackPointExtension>
            <gpxtpx:Extensions>
              <highway>primary</highway>
              <junction>roundabout</junction>
            </gpxtpx:Extensions>
          </gpxtpx:TrackPointExtension>
        </extensions>
      </trkpt>
      <trkpt lat="45.238022" lon="7.891574">
        <ele>216.5</ele>
        <time>2016-11-23T19:00:53.931Z</time>
        <extensions>
          <gpxtpx:TrackPointExtension>
            <gpxtpx:Extensions>
              <highway>primary</highway>
              <junction>roundabout</junction>
            </gpxtpx:Extensions>
          </gpxtpx:TrackPointExtension>
        </extensions>
      </trkpt>
      <trkpt lat="45.238087" lon="7.89156">
        <ele>216.5</ele>
        <time>2016-11-23T19:00:54.493Z</time>
        <extensions>
          <gpxtpx:TrackPointExtension>
            <gpxtpx:Extensions>
              <highway>primary</highway>
              <junction>roundabout</junction>
            </gpxtpx:Extensions>
          </gpxtpx:TrackPointExtension>
        </extensions>
      </trkpt>
      <trkpt lat="45.238118" lon="7.891541">
        <ele>216.75</ele>
        <time>2016-11-23T19:00:54.782Z</time>
        <extensions>
          <gpxtpx:TrackPointExtension>
            <gpxtpx:Extensions>
              <highway>primary</highway>
              <junction>roundabout</junction>
            </gpxtpx:Extensions>
          </gpxtpx:TrackPointExtension>
        </extensions>
      </trkpt>
      <trkpt lat="45.238148" lon="7.891523">
        <ele>216.75</ele>
        <time>2016-11-23T19:00:55.060Z</time>
        <extensions>
          <gpxtpx:TrackPointExtension>
            <gpxtpx:Extensions>
              <highway>primary</highway>
              <junction>roundabout</junction>
            </gpxtpx:Extensions>
          </gpxtpx:TrackPointExtension>
        </extensions>
      </trkpt>
      <trkpt lat="45.238201" lon="7.891467">
        <ele>216.75</ele>
        <time>2016-11-23T19:00:55.625Z</time>
        <extensions>
          <gpxtpx:TrackPointExtension>
            <gpxtpx:Extensions>
              <highway>primary</highway>
              <junction>roundabout</junction>
            </gpxtpx:Extensions>
          </gpxtpx:TrackPointExtension>
        </extensions>
      </trkpt>
      <trkpt lat="45.238246" lon="7.891385">
        <ele>216.75</ele>
        <time>2016-11-23T19:00:56.251Z</time>
        <extensions>
          <gpxtpx:TrackPointExtension>
            <gpxtpx:Extensions>
              <highway>primary</highway>
              <oneway>yes</oneway>
            </gpxtpx:Extensions>
          </gpxtpx:TrackPointExtension>
        </extensions>
      </trkpt>
      <trkpt lat="45.238291" lon="7.891341">
        <ele>216.75</ele>
        <time>2016-11-23T19:00:56.718Z</time>
        <extensions>
          <gpxtpx:TrackPointExtension>
            <gpxtpx:Extensions>
              <highway>primary</highway>
              <oneway>yes</oneway>
            </gpxtpx:Extensions>
          </gpxtpx:TrackPointExtension>
        </extensions>
      </trkpt>
      <trkpt lat="45.238387" lon="7.891281">
        <ele>216.75</ele>
        <time>2016-11-23T19:00:57.616Z</time>
        <extensions>
          <gpxtpx:TrackPointExtension>
            <gpxtpx:Extensions>
              <highway>primary</highway>
              <oneway>yes</oneway>
            </gpxtpx:Extensions>
          </gpxtpx:TrackPointExtension>
        </extensions>
      </trkpt>
      <trkpt lat="45.238609" lon="7.891231">
        <ele>216.5</ele>
        <time>2016-11-23T19:00:59.540Z</time>
        <extensions>
          <gpxtpx:TrackPointExtension>
            <gpxtpx:Extensions>
              <highway>primary</highway>
              <oneway>yes</oneway>
            </gpxtpx:Extensions>
          </gpxtpx:TrackPointExtension>
        </extensions>
      </trkpt>
      <trkpt lat="45.238726" lon="7.891211">
        <ele>216.25</ele>
        <time>2016-11-23T19:01:00.548Z</time>
        <extensions>
          <gpxtpx:TrackPointExtension>
            <gpxtpx:Extensions>
              <highway>primary</highway>
              <surface>asphalt</surface>
              <maxspeed>50</maxspeed>
            </gpxtpx:Extensions>
          </gpxtpx:TrackPointExtension>
        </extensions>
      </trkpt>
      <trkpt lat="45.243652" lon="7.891393">
        <ele>219.25</ele>
        <time>2016-11-23T19:01:42.738Z</time>
        <extensions>
          <gpxtpx:TrackPointExtension>
            <gpxtpx:Extensions>
              <highway>primary</highway>
              <surface>asphalt</surface>
              <maxspeed>50</maxspeed>
            </gpxtpx:Extensions>
          </gpxtpx:TrackPointExtension>
        </extensions>
      </trkpt>
      <trkpt lat="45.247376" lon="7.89153">
        <ele>222.75</ele>
        <time>2016-11-23T19:02:14.633Z</time>
        <extensions>
          <gpxtpx:TrackPointExtension>
            <gpxtpx:Extensions>
              <highway>primary</highway>
              <surface>asphalt</surface>
              <maxspeed>50</maxspeed>
            </gpxtpx:Extensions>
          </gpxtpx:TrackPointExtension>
        </extensions>
      </trkpt>
      <trkpt lat="45.25129" lon="7.891675">
        <ele>225.5</ele>
        <time>2016-11-23T19:02:48.156Z</time>
        <extensions>
          <gpxtpx:TrackPointExtension>
            <gpxtpx:Extensions>
              <highway>primary</highway>
              <surface>asphalt</surface>
              <maxspeed>50</maxspeed>
            </gpxtpx:Extensions>
          </gpxtpx:TrackPointExtension>
        </extensions>
      </trkpt>
      <trkpt lat="45.253224" lon="7.89179">
        <ele>226.5</ele>
        <time>2016-11-23T19:03:04.729Z</time>
        <extensions>
          <gpxtpx:TrackPointExtension>
            <gpxtpx:Extensions>
              <highway>primary</highway>
              <oneway>yes</oneway>
            </gpxtpx:Extensions>
          </gpxtpx:TrackPointExtension>
        </extensions>
      </trkpt>
      <trkpt lat="45.253318" lon="7.891813">
        <ele>226.75</ele>
        <time>2016-11-23T19:03:05.545Z</time>
        <extensions>
          <gpxtpx:TrackPointExtension>
            <gpxtpx:Extensions>
              <highway>primary</highway>
              <oneway>yes</oneway>
            </gpxtpx:Extensions>
          </gpxtpx:TrackPointExtension>
        </extensions>
      </trkpt>
      <trkpt lat="45.2535" lon="7.891861">
        <ele>226.75</ele>
        <time>2016-11-23T19:03:07.129Z</time>
        <extensions>
          <gpxtpx:TrackPointExtension>
            <gpxtpx:Extensions>
              <highway>primary</highway>
              <oneway>yes</oneway>
            </gpxtpx:Extensions>
          </gpxtpx:TrackPointExtension>
        </extensions>
      </trkpt>
      <trkpt lat="45.25366" lon="7.891916">
        <ele>226.75</ele>
        <time>2016-11-23T19:03:08.538Z</time>
        <extensions>
          <gpxtpx:TrackPointExtension>
            <gpxtpx:Extensions>
              <highway>primary</highway>
              <junction>roundabout</junction>
            </gpxtpx:Extensions>
          </gpxtpx:TrackPointExtension>
        </extensions>
      </trkpt>
      <trkpt lat="45.2537" lon="7.89204">
        <ele>226.75</ele>
        <time>2016-11-23T19:03:09.360Z</time>
        <extensions>
          <gpxtpx:TrackPointExtension>
            <gpxtpx:Extensions>
              <highway>primary</highway>
              <junction>roundabout</junction>
            </gpxtpx:Extensions>
          </gpxtpx:TrackPointExtension>
        </extensions>
      </trkpt>
      <trkpt lat="45.253774" lon="7.892132">
        <ele>227</ele>
        <time>2016-11-23T19:03:10.202Z</time>
        <extensions>
          <gpxtpx:TrackPointExtension>
            <gpxtpx:Extensions>
              <highway>primary</highway>
              <junction>roundabout</junction>
            </gpxtpx:Extensions>
          </gpxtpx:TrackPointExtension>
        </extensions>
      </trkpt>
      <trkpt lat="45.253895" lon="7.892189">
        <ele>227.25</ele>
        <time>2016-11-23T19:03:11.293Z</time>
        <extensions>
          <gpxtpx:TrackPointExtension>
            <gpxtpx:Extensions>
              <highway>primary</highway>
              <junction>roundabout</junction>
            </gpxtpx:Extensions>
          </gpxtpx:TrackPointExtension>
        </extensions>
      </trkpt>
      <trkpt lat="45.253992" lon="7.892174">
        <ele>227.5</ele>
        <time>2016-11-23T19:03:12.128Z</time>
        <extensions>
          <gpxtpx:TrackPointExtension>
            <gpxtpx:Extensions>
              <highway>primary</highway>
              <junction>roundabout</junction>
            </gpxtpx:Extensions>
          </gpxtpx:TrackPointExtension>
        </extensions>
      </trkpt>
      <trkpt lat="45.254044" lon="7.892148">
        <ele>227.5</ele>
        <time>2016-11-23T19:03:12.599Z</time>
        <extensions>
          <gpxtpx:TrackPointExtension>
            <gpxtpx:Extensions>
              <highway>primary</highway>
              <junction>roundabout</junction>
            </gpxtpx:Extensions>
          </gpxtpx:TrackPointExtension>
        </extensions>
      </trkpt>
      <trkpt lat="45.254117" lon="7.892061">
        <ele>227.25</ele>
        <time>2016-11-23T19:03:13.414Z</time>
        <extensions>
          <gpxtpx:TrackPointExtension>
            <gpxtpx:Extensions>
              <highway>primary</highway>
              <junction>roundabout</junction>
            </gpxtpx:Extensions>
          </gpxtpx:TrackPointExtension>
        </extensions>
      </trkpt>
      <trkpt lat="45.254151" lon="7.892">
        <ele>227</ele>
        <time>2016-11-23T19:03:13.882Z</time>
        <extensions>
          <gpxtpx:TrackPointExtension>
            <gpxtpx:Extensions>
              <highway>primary</highway>
              <junction>roundabout</junction>
            </gpxtpx:Extensions>
          </gpxtpx:TrackPointExtension>
        </extensions>
      </trkpt>
      <trkpt lat="45.254167" lon="7.891929">
        <ele>226.75</ele>
        <time>2016-11-23T19:03:14.331Z</time>
        <extensions>
          <gpxtpx:TrackPointExtension>
            <gpxtpx:Extensions>
              <highway>primary</highway>
              <surface>asphalt</surface>
              <maxspeed>50</maxspeed>
              <oneway>yes</oneway>
            </gpxtpx:Extensions>
          </gpxtpx:TrackPointExtension>
        </extensions>
      </trkpt>
      <trkpt lat="45.254236" lon="7.891895">
        <ele>226.75</ele>
        <time>2016-11-23T19:03:14.956Z</time>
        <extensions>
          <gpxtpx:TrackPointExtension>
            <gpxtpx:Extensions>
              <highway>primary</highway>
              <surface>asphalt</surface>
              <maxspeed>50</maxspeed>
              <oneway>yes</oneway>
            </gpxtpx:Extensions>
          </gpxtpx:TrackPointExtension>
        </extensions>
      </trkpt>
      <trkpt lat="45.254308" lon="7.891877">
        <ele>227</ele>
        <time>2016-11-23T19:03:15.581Z</time>
        <extensions>
          <gpxtpx:TrackPointExtension>
            <gpxtpx:Extensions>
              <highway>primary</highway>
              <surface>asphalt</surface>
              <maxspeed>50</maxspeed>
              <oneway>yes</oneway>
            </gpxtpx:Extensions>
          </gpxtpx:TrackPointExtension>
        </extensions>
      </trkpt>
      <trkpt lat="45.254442" lon="7.89186">
        <ele>227</ele>
        <time>2016-11-23T19:03:16.732Z</time>
        <extensions>
          <gpxtpx:TrackPointExtension>
            <gpxtpx:Extensions>
              <highway>primary</highway>
              <surface>asphalt</surface>
              <maxspeed>50</maxspeed>
              <oneway>yes</oneway>
            </gpxtpx:Extensions>
          </gpxtpx:TrackPointExtension>
        </extensions>
      </trkpt>
      <trkpt lat="45.254658" lon="7.891834">
        <ele>227.5</ele>
        <time>2016-11-23T19:03:18.588Z</time>
        <extensions>
          <gpxtpx:TrackPointExtension>
            <gpxtpx:Extensions>
              <highway>primary</highway>
              <surface>asphalt</surface>
              <maxspeed>50</maxspeed>
            </gpxtpx:Extensions>
          </gpxtpx:TrackPointExtension>
        </extensions>
      </trkpt>
      <trkpt lat="45.257319" lon="7.891892">
        <ele>229</ele>
        <time>2016-11-23T19:03:41.374Z</time>
        <extensions>
          <gpxtpx:TrackPointExtension>
            <gpxtpx:Extensions>
              <highway>primary</highway>
              <surface>asphalt</surface>
              <maxspeed>50</maxspeed>
            </gpxtpx:Extensions>
          </gpxtpx:TrackPointExtension>
        </extensions>
      </trkpt>
      <trkpt lat="45.263405" lon="7.892111">
        <ele>234</ele>
        <time>2016-11-23T19:04:33.499Z</time>
        <extensions>
          <gpxtpx:TrackPointExtension>
            <gpxtpx:Extensions>
              <highway>primary</highway>
              <surface>asphalt</surface>
              <maxspeed>50</maxspeed>
            </gpxtpx:Extensions>
          </gpxtpx:TrackPointExtension>
        </extensions>
      </trkpt>
      <trkpt lat="45.264247" lon="7.892142">
        <ele>234.5</ele>
        <time>2016-11-23T19:04:40.710Z</time>
        <extensions>
          <gpxtpx:TrackPointExtension>
            <gpxtpx:Extensions>
              <highway>primary</highway>
              <surface>asphalt</surface>
              <maxspeed>50</maxspeed>
            </gpxtpx:Extensions>
          </gpxtpx:TrackPointExtension>
        </extensions>
      </trkpt>
      <trkpt lat="45.266324" lon="7.892261">
        <ele>236.25</ele>
        <time>2016-11-23T19:04:58.507Z</time>
        <extensions>
          <gpxtpx:TrackPointExtension>
            <gpxtpx:Extensions>
              <highway>primary</highway>
              <surface>asphalt</surface>
              <maxspeed>50</maxspeed>
            </gpxtpx:Extensions>
          </gpxtpx:TrackPointExtension>
        </extensions>
      </trkpt>
      <trkpt lat="45.266485" lon="7.892267">
        <ele>236.75</ele>
        <time>2016-11-23T19:04:59.885Z</time>
        <extensions>
          <gpxtpx:TrackPointExtension>
            <gpxtpx:Extensions>
              <highway>primary</highway>
              <surface>asphalt</surface>
              <maxspeed>50</maxspeed>
            </gpxtpx:Extensions>
          </gpxtpx:TrackPointExtension>
        </extensions>
      </trkpt>
      <trkpt lat="45.268054" lon="7.892318">
        <ele>237.5</ele>
        <time>2016-11-23T19:05:13.322Z</time>
        <extensions>
          <gpxtpx:TrackPointExtension>
            <gpxtpx:Extensions>
              <highway>primary</highway>
              <surface>asphalt</surface>
              <maxspeed>50</maxspeed>
            </gpxtpx:Extensions>
          </gpxtpx:TrackPointExtension>
        </extensions>
      </trkpt>
      <trkpt lat="45.269578" lon="7.892373">
        <ele>239.25</ele>
        <time>2016-11-23T19:05:26.374Z</time>
        <extensions>
          <gpxtpx:TrackPointExtension>
            <gpxtpx:Extensions>
              <highway>primary</highway>
              <surface>asphalt</surface>
              <maxspeed>50</maxspeed>
            </gpxtpx:Extensions>
          </gpxtpx:TrackPointExtension>
        </extensions>
      </trkpt>
      <trkpt lat="45.272957" lon="7.892469">
        <ele>241.75</ele>
        <time>2016-11-23T19:05:55.310Z</time>
        <extensions>
          <gpxtpx:TrackPointExtension>
            <gpxtpx:Extensions>
              <highway>primary</highway>
              <surface>asphalt</surface>
              <maxspeed>50</maxspeed>
              <oneway>yes</oneway>
            </gpxtpx:Extensions>
          </gpxtpx:TrackPointExtension>
        </extensions>
      </trkpt>
      <trkpt lat="45.273303" lon="7.892567">
        <ele>241</ele>
        <time>2016-11-23T19:05:58.330Z</time>
        <extensions>
          <gpxtpx:TrackPointExtension>
            <gpxtpx:Extensions>
              <highway>primary</highway>
              <surface>asphalt</surface>
              <maxspeed>50</maxspeed>
              <oneway>yes</oneway>
            </gpxtpx:Extensions>
          </gpxtpx:TrackPointExtension>
        </extensions>
      </trkpt>
      <trkpt lat="45.273367" lon="7.892606">
        <ele>241</ele>
        <time>2016-11-23T19:05:58.926Z</time>
        <extensions>
          <gpxtpx:TrackPointExtension>
            <gpxtpx:Extensions>
              <highway>primary</highway>
              <surface>asphalt</surface>
              <maxspeed>50</maxspeed>
              <oneway>yes</oneway>
            </gpxtpx:Extensions>
          </gpxtpx:TrackPointExtension>
        </extensions>
      </trkpt>
      <trkpt lat="45.273425" lon="7.892655">
        <ele>241.25</ele>
        <time>2016-11-23T19:05:59.503Z</time>
        <extensions>
          <gpxtpx:TrackPointExtension>
            <gpxtpx:Extensions>
              <highway>primary</highway>
              <surface>asphalt</surface>
              <maxspeed>50</maxspeed>
              <junction>roundabout</junction>
            </gpxtpx:Extensions>
          </gpxtpx:TrackPointExtension>
        </extensions>
      </trkpt>
      <trkpt lat="45.273461" lon="7.892745">
        <ele>241.25</ele>
        <time>2016-11-23T19:06:00.126Z</time>
        <extensions>
          <gpxtpx:TrackPointExtension>
            <gpxtpx:Extensions>
              <highway>primary</highway>
              <surface>asphalt</surface>
              <maxspeed>50</maxspeed>
              <junction>roundabout</junction>
            </gpxtpx:Extensions>
          </gpxtpx:TrackPointExtension>
        </extensions>
      </trkpt>
      <trkpt lat="45.273512" lon="7.892818">
        <ele>241.5</ele>
        <time>2016-11-23T19:06:00.745Z</time>
        <extensions>
          <gpxtpx:TrackPointExtension>
            <gpxtpx:Extensions>
              <highway>primary</highway>
              <surface>asphalt</surface>
              <maxspeed>50</maxspeed>
              <junction>roundabout</junction>
            </gpxtpx:Extensions>
          </gpxtpx:TrackPointExtension>
        </extensions>
      </trkpt>
      <trkpt lat="45.273575" lon="7.892869">
        <ele>241.5</ele>
        <time>2016-11-23T19:06:01.365Z</time>
        <extensions>
          <gpxtpx:TrackPointExtension>
            <gpxtpx:Extensions>
              <highway>primary</highway>
              <surface>asphalt</surface>
              <maxspeed>50</maxspeed>
              <junction>roundabout</junction>
            </gpxtpx:Extensions>
          </gpxtpx:TrackPointExtension>
        </extensions>
      </trkpt>
      <trkpt lat="45.273646" lon="7.892894">
        <ele>241.75</ele>
        <time>2016-11-23T19:06:01.991Z</time>
        <extensions>
          <gpxtpx:TrackPointExtension>
            <gpxtpx:Extensions>
              <highway>primary</highway>
              <surface>asphalt</surface>
              <maxspeed>50</maxspeed>
              <junction>roundabout</junction>
            </gpxtpx:Extensions>
          </gpxtpx:TrackPointExtension>
        </extensions>
      </trkpt>
      <trkpt lat="45.273718" lon="7.892892">
        <ele>241.75</ele>
        <time>2016-11-23T19:06:02.607Z</time>
        <extensions>
          <gpxtpx:TrackPointExtension>
            <gpxtpx:Extensions>
              <highway>primary</highway>
              <surface>asphalt</surface>
              <maxspeed>50</maxspeed>
              <junction>roundabout</junction>
            </gpxtpx:Extensions>
          </gpxtpx:TrackPointExtension>
        </extensions>
      </trkpt>
      <trkpt lat="45.273769" lon="7.892873">
        <ele>241.75</ele>
        <time>2016-11-23T19:06:03.058Z</time>
        <extensions>
          <gpxtpx:TrackPointExtension>
            <gpxtpx:Extensions>
              <highway>primary</highway>
              <surface>asphalt</surface>
              <maxspeed>50</maxspeed>
              <junction>roundabout</junction>
            </gpxtpx:Extensions>
          </gpxtpx:TrackPointExtension>
        </extensions>
      </trkpt>
      <trkpt lat="45.273844" lon="7.892812">
        <ele>241.75</ele>
        <time>2016-11-23T19:06:03.797Z</time>
        <extensions>
          <gpxtpx:TrackPointExtension>
            <gpxtpx:Extensions>
              <highway>primary</highway>
              <surface>asphalt</surface>
              <maxspeed>50</maxspeed>
              <junction>roundabout</junction>
            </gpxtpx:Extensions>
          </gpxtpx:TrackPointExtension>
        </extensions>
      </trkpt>
      <trkpt lat="45.273901" lon="7.892722">
        <ele>241.75</ele>
        <time>2016-11-23T19:06:04.526Z</time>
        <extensions>
          <gpxtpx:TrackPointExtension>
            <gpxtpx:Extensions>
              <highway>primary</highway>
              <surface>asphalt</surface>
              <maxspeed>50</maxspeed>
              <junction>roundabout</junction>
            </gpxtpx:Extensions>
          </gpxtpx:TrackPointExtension>
        </extensions>
      </trkpt>
      <trkpt lat="45.27393" lon="7.892639">
        <ele>241.75</ele>
        <time>2016-11-23T19:06:05.084Z</time>
        <extensions>
          <gpxtpx:TrackPointExtension>
            <gpxtpx:Extensions>
              <highway>tertiary</highway>
              <surface>asphalt</surface>
              <maxspeed>50</maxspeed>
              <oneway>yes</oneway>
            </gpxtpx:Extensions>
          </gpxtpx:TrackPointExtension>
        </extensions>
      </trkpt>
      <trkpt lat="45.274" lon="7.892572">
        <ele>241.75</ele>
        <time>2016-11-23T19:06:05.806Z</time>
        <extensions>
          <gpxtpx:TrackPointExtension>
            <gpxtpx:Extensions>
              <highway>tertiary</highway>
              <surface>asphalt</surface>
              <maxspeed>50</maxspeed>
              <oneway>yes</oneway>
            </gpxtpx:Extensions>
          </gpxtpx:TrackPointExtension>
        </extensions>
      </trkpt>
      <trkpt lat="45.274108" lon="7.892527">
        <ele>241.75</ele>
        <time>2016-11-23T19:06:06.769Z</time>
        <extensions>
          <gpxtpx:TrackPointExtension>
            <gpxtpx:Extensions>
              <highway>tertiary</highway>
              <surface>asphalt</surface>
              <maxspeed>50</maxspeed>
              <oneway>yes</oneway>
            </gpxtpx:Extensions>
          </gpxtpx:TrackPointExtension>
        </extensions>
      </trkpt>
      <trkpt lat="45.274255" lon="7.892509">
        <ele>242</ele>
        <time>2016-11-23T19:06:08.032Z</time>
        <extensions>
          <gpxtpx:TrackPointExtension>
            <gpxtpx:Extensions>
              <highway>tertiary</highway>
              <surface>asphalt</surface>
              <maxspeed>50</maxspeed>
              <oneway>yes</oneway>
            </gpxtpx:Extensions>
          </gpxtpx:TrackPointExtension>
        </extensions>
      </trkpt>
      <trkpt lat="45.274463" lon="7.892502">
        <ele>242.25</ele>
        <time>2016-11-23T19:06:09.813Z</time>
        <extensions>
          <gpxtpx:TrackPointExtension>
            <gpxtpx:Extensions>
              <highway>tertiary</highway>
              <surface>asphalt</surface>
              <maxspeed>50</maxspeed>
            </gpxtpx:Extensions>
          </gpxtpx:TrackPointExtension>
        </extensions>
      </trkpt>
      <trkpt lat="45.274694" lon="7.892513">
        <ele>242.5</ele>
        <time>2016-11-23T19:06:11.791Z</time>
        <extensions>
          <gpxtpx:TrackPointExtension>
            <gpxtpx:Extensions>
              <highway>tertiary</highway>
              <surface>asphalt</surface>
              <maxspeed>50</maxspeed>
            </gpxtpx:Extensions>
          </gpxtpx:TrackPointExtension>
        </extensions>
      </trkpt>
      <trkpt lat="45.276097" lon="7.892585">
        <ele>244.25</ele>
        <time>2016-11-23T19:06:23.811Z</time>
        <extensions>
          <gpxtpx:TrackPointExtension>
            <gpxtpx:Extensions>
              <highway>tertiary</highway>
              <surface>asphalt</surface>
              <maxspeed>50</maxspeed>
            </gpxtpx:Extensions>
          </gpxtpx:TrackPointExtension>
        </extensions>
      </trkpt>
      <trkpt lat="45.279605" lon="7.892696">
        <ele>249.5</ele>
        <time>2016-11-23T19:06:53.854Z</time>
        <extensions>
          <gpxtpx:TrackPointExtension>
            <gpxtpx:Extensions>
              <highway>tertiary</highway>
              <surface>asphalt</surface>
              <maxspeed>50</maxspeed>
            </gpxtpx:Extensions>
          </gpxtpx:TrackPointExtension>
        </extensions>
      </trkpt>
      <trkpt lat="45.280332" lon="7.892796">
        <ele>251.5</ele>
        <time>2016-11-23T19:07:00.107Z</time>
        <extensions>
          <gpxtpx:TrackPointExtension>
            <gpxtpx:Extensions>
              <highway>tertiary</highway>
              <surface>asphalt</surface>
              <maxspeed>50</maxspeed>
            </gpxtpx:Extensions>
          </gpxtpx:TrackPointExtension>
        </extensions>
      </trkpt>
      <trkpt lat="45.280551" lon="7.892795">
        <ele>251.5</ele>
        <time>2016-11-23T19:07:01.982Z</time>
        <extensions>
          <gpxtpx:TrackPointExtension>
            <gpxtpx:Extensions>
              <highway>tertiary</highway>
              <surface>asphalt</surface>
              <maxspeed>50</maxspeed>
            </gpxtpx:Extensions>
          </gpxtpx:TrackPointExtension>
        </extensions>
      </trkpt>
      <trkpt lat="45.281139" lon="7.892756">
        <ele>251</ele>
        <time>2016-11-23T19:07:07.021Z</time>
        <extensions>
          <gpxtpx:TrackPointExtension>
            <gpxtpx:Extensions>
              <highway>tertiary</highway>
              <surface>asphalt</surface>
              <maxspeed>50</maxspeed>
            </gpxtpx:Extensions>
          </gpxtpx:TrackPointExtension>
        </extensions>
      </trkpt>
      <trkpt lat="45.282557" lon="7.892647">
        <ele>253</ele>
        <time>2016-11-23T19:07:19.179Z</time>
        <extensions>
          <gpxtpx:TrackPointExtension>
            <gpxtpx:Extensions>
              <highway>tertiary</highway>
              <surface>asphalt</surface>
              <maxspeed>50</maxspeed>
            </gpxtpx:Extensions>
          </gpxtpx:TrackPointExtension>
        </extensions>
      </trkpt>
      <trkpt lat="45.283024" lon="7.892611">
        <ele>254</ele>
        <time>2016-11-23T19:07:23.183Z</time>
        <extensions>
          <gpxtpx:TrackPointExtension>
            <gpxtpx:Extensions>
              <highway>tertiary</highway>
              <surface>asphalt</surface>
              <maxspeed>50</maxspeed>
            </gpxtpx:Extensions>
          </gpxtpx:TrackPointExtension>
        </extensions>
      </trkpt>
      <trkpt lat="45.283743" lon="7.892559">
        <ele>255.75</ele>
        <time>2016-11-23T19:07:29.347Z</time>
        <extensions>
          <gpxtpx:TrackPointExtension>
            <gpxtpx:Extensions>
              <highway>tertiary</highway>
              <surface>asphalt</surface>
              <maxspeed>50</maxspeed>
            </gpxtpx:Extensions>
          </gpxtpx:TrackPointExtension>
        </extensions>
      </trkpt>
      <trkpt lat="45.283768" lon="7.892557">
        <ele>255.75</ele>
        <time>2016-11-23T19:07:29.561Z</time>
        <extensions>
          <gpxtpx:TrackPointExtension>
            <gpxtpx:Extensions>
              <highway>tertiary</highway>
              <surface>asphalt</surface>
              <maxspeed>50</maxspeed>
            </gpxtpx:Extensions>
          </gpxtpx:TrackPointExtension>
        </extensions>
      </trkpt>
      <trkpt lat="45.284345" lon="7.892518">
        <ele>257</ele>
        <time>2016-11-23T19:07:34.506Z</time>
        <extensions>
          <gpxtpx:TrackPointExtension>
            <gpxtpx:Extensions>
              <highway>tertiary</highway>
              <surface>asphalt</surface>
              <maxspeed>50</maxspeed>
            </gpxtpx:Extensions>
          </gpxtpx:TrackPointExtension>
        </extensions>
      </trkpt>
      <trkpt lat="45.284499" lon="7.892501">
        <ele>257.25</ele>
        <time>2016-11-23T19:07:35.828Z</time>
        <extensions>
          <gpxtpx:TrackPointExtension>
            <gpxtpx:Extensions>
              <highway>tertiary</highway>
              <surface>asphalt</surface>
              <maxspeed>50</maxspeed>
            </gpxtpx:Extensions>
          </gpxtpx:TrackPointExtension>
        </extensions>
      </trkpt>
      <trkpt lat="45.284601" lon="7.892486">
        <ele>257.5</ele>
        <time>2016-11-23T19:07:36.705Z</time>
        <extensions>
          <gpxtpx:TrackPointExtension>
            <gpxtpx:Extensions>
              <highway>tertiary</highway>
              <surface>asphalt</surface>
              <maxspeed>50</maxspeed>
            </gpxtpx:Extensions>
          </gpxtpx:TrackPointExtension>
        </extensions>
      </trkpt>
      <trkpt lat="45.284622" lon="7.892482">
        <ele>257.5</ele>
        <time>2016-11-23T19:07:36.886Z</time>
        <extensions>
          <gpxtpx:TrackPointExtension>
            <gpxtpx:Extensions>
              <highway>tertiary</highway>
              <surface>asphalt</surface>
              <maxspeed>50</maxspeed>
            </gpxtpx:Extensions>
          </gpxtpx:TrackPointExtension>
        </extensions>
      </trkpt>
      <trkpt lat="45.284726" lon="7.892466">
        <ele>257.5</ele>
        <time>2016-11-23T19:07:37.781Z</time>
        <extensions>
          <gpxtpx:TrackPointExtension>
            <gpxtpx:Extensions>
              <highway>tertiary</highway>
              <surface>asphalt</surface>
              <maxspeed>50</maxspeed>
            </gpxtpx:Extensions>
          </gpxtpx:TrackPointExtension>
        </extensions>
      </trkpt>
      <trkpt lat="45.285092" lon="7.892418">
        <ele>258</ele>
        <time>2016-11-23T19:07:40.928Z</time>
        <extensions>
          <gpxtpx:TrackPointExtension>
            <gpxtpx:Extensions>
              <highway>tertiary</highway>
              <surface>asphalt</surface>
              <maxspeed>50</maxspeed>
            </gpxtpx:Extensions>
          </gpxtpx:TrackPointExtension>
        </extensions>
      </trkpt>
      <trkpt lat="45.285289" lon="7.892416">
        <ele>258.5</ele>
        <time>2016-11-23T19:07:42.614Z</time>
        <extensions>
          <gpxtpx:TrackPointExtension>
            <gpxtpx:Extensions>
              <highway>tertiary</highway>
              <surface>asphalt</surface>
              <maxspeed>50</maxspeed>
            </gpxtpx:Extensions>
          </gpxtpx:TrackPointExtension>
        </extensions>
      </trkpt>
      <trkpt lat="45.28583" lon="7.892435">
        <ele>259.75</ele>
        <time>2016-11-23T19:07:47.247Z</time>
        <extensions>
          <gpxtpx:TrackPointExtension>
            <gpxtpx:Extensions>
              <highway>tertiary</highway>
              <surface>asphalt</surface>
              <maxspeed>50</maxspeed>
            </gpxtpx:Extensions>
          </gpxtpx:TrackPointExtension>
        </extensions>
      </trkpt>
      <trkpt lat="45.286067" lon="7.892444">
        <ele>259.5</ele>
        <time>2016-11-23T19:07:49.276Z</time>
        <extensions>
          <gpxtpx:TrackPointExtension>
            <gpxtpx:Extensions>
              <highway>residential</highway>
            </gpxtpx:Extensions>
          </gpxtpx:TrackPointExtension>
        </extensions>
      </trkpt>
      <trkpt lat="45.286051" lon="7.892793">
        <ele>257</ele>
        <time>2016-11-23T19:07:51.382Z</time>
      </trkpt>
      <trkpt lat="45.2859986" lon="7.8927886">
        <ele>255.731</ele>
        <time>2016-11-23T19:07:51.999Z</time>
      </trkpt>
      <trkpt lat="45.286051" lon="7.892793">
        <ele>259</ele>
        <time>2016-11-23T19:07:52.616Z</time>
        <extensions>
          <gpxtpx:TrackPointExtension>
            <gpxtpx:Extensions>
              <reversedirection>yes</reversedirection>
              <highway>residential</highway>
            </gpxtpx:Extensions>
          </gpxtpx:TrackPointExtension>
        </extensions>
      </trkpt>
      <trkpt lat="45.286067" lon="7.892444">
        <ele>259.5</ele>
        <time>2016-11-23T19:07:55.510Z</time>
        <extensions>
          <gpxtpx:TrackPointExtension>
            <gpxtpx:Extensions>
              <highway>tertiary</highway>
              <surface>asphalt</surface>
              <maxspeed>50</maxspeed>
            </gpxtpx:Extensions>
          </gpxtpx:TrackPointExtension>
        </extensions>
      </trkpt>
      <trkpt lat="45.286223" lon="7.892441">
        <ele>259.25</ele>
        <time>2016-11-23T19:07:57.345Z</time>
        <extensions>
          <gpxtpx:TrackPointExtension>
            <gpxtpx:Extensions>
              <highway>tertiary</highway>
              <surface>asphalt</surface>
              <maxspeed>50</maxspeed>
            </gpxtpx:Extensions>
          </gpxtpx:TrackPointExtension>
        </extensions>
      </trkpt>
      <trkpt lat="45.286643" lon="7.892453">
        <ele>259</ele>
        <time>2016-11-23T19:08:02.286Z</time>
        <extensions>
          <gpxtpx:TrackPointExtension>
            <gpxtpx:Extensions>
              <highway>tertiary</highway>
              <surface>asphalt</surface>
              <maxspeed>50</maxspeed>
            </gpxtpx:Extensions>
          </gpxtpx:TrackPointExtension>
        </extensions>
      </trkpt>
      <trkpt lat="45.286745" lon="7.892443">
        <ele>259</ele>
        <time>2016-11-23T19:08:03.488Z</time>
        <extensions>
          <gpxtpx:TrackPointExtension>
            <gpxtpx:Extensions>
              <highway>tertiary</highway>
              <surface>asphalt</surface>
              <maxspeed>50</maxspeed>
            </gpxtpx:Extensions>
          </gpxtpx:TrackPointExtension>
        </extensions>
      </trkpt>
      <trkpt lat="45.286789" lon="7.892438">
        <ele>259</ele>
        <time>2016-11-23T19:08:04.007Z</time>
        <extensions>
          <gpxtpx:TrackPointExtension>
            <gpxtpx:Extensions>
              <highway>tertiary</highway>
              <surface>asphalt</surface>
              <maxspeed>50</maxspeed>
            </gpxtpx:Extensions>
          </gpxtpx:TrackPointExtension>
        </extensions>
      </trkpt>
      <trkpt lat="45.287169" lon="7.892365">
        <ele>259</ele>
        <time>2016-11-23T19:08:08.517Z</time>
        <extensions>
          <gpxtpx:TrackPointExtension>
            <gpxtpx:Extensions>
              <highway>tertiary</highway>
              <surface>asphalt</surface>
              <maxspeed>50</maxspeed>
            </gpxtpx:Extensions>
          </gpxtpx:TrackPointExtension>
        </extensions>
      </trkpt>
      <trkpt lat="45.287703" lon="7.892267">
        <ele>259</ele>
        <time>2016-11-23T19:08:14.850Z</time>
        <extensions>
          <gpxtpx:TrackPointExtension>
            <gpxtpx:Extensions>
              <highway>tertiary</highway>
              <surface>asphalt</surface>
              <maxspeed>50</maxspeed>
            </gpxtpx:Extensions>
          </gpxtpx:TrackPointExtension>
        </extensions>
      </trkpt>
      <trkpt lat="45.287784" lon="7.892253">
        <ele>259.25</ele>
        <time>2016-11-23T19:08:15.809Z</time>
        <extensions>
          <gpxtpx:TrackPointExtension>
            <gpxtpx:Extensions>
              <highway>tertiary</highway>
              <surface>asphalt</surface>
              <maxspeed>50</maxspeed>
            </gpxtpx:Extensions>
          </gpxtpx:TrackPointExtension>
        </extensions>
      </trkpt>
      <trkpt lat="45.288292" lon="7.892159">
        <ele>259.75</ele>
        <time>2016-11-23T19:08:21.834Z</time>
        <extensions>
          <gpxtpx:TrackPointExtension>
            <gpxtpx:Extensions>
              <highway>tertiary</highway>
              <surface>asphalt</surface>
              <maxspeed>50</maxspeed>
            </gpxtpx:Extensions>
          </gpxtpx:TrackPointExtension>
        </extensions>
      </trkpt>
      <trkpt lat="45.288706" lon="7.892082">
        <ele>260</ele>
        <time>2016-11-23T19:08:26.745Z</time>
        <extensions>
          <gpxtpx:TrackPointExtension>
            <gpxtpx:Extensions>
              <highway>tertiary</highway>
              <surface>asphalt</surface>
              <maxspeed>50</maxspeed>
            </gpxtpx:Extensions>
          </gpxtpx:TrackPointExtension>
        </extensions>
      </trkpt>
      <trkpt lat="45.288739" lon="7.892076">
        <ele>260</ele>
        <time>2016-11-23T19:08:27.136Z</time>
        <extensions>
          <gpxtpx:TrackPointExtension>
            <gpxtpx:Extensions>
              <highway>tertiary</highway>
              <surface>asphalt</surface>
              <maxspeed>50</maxspeed>
            </gpxtpx:Extensions>
          </gpxtpx:TrackPointExtension>
        </extensions>
      </trkpt>
      <trkpt lat="45.28921" lon="7.891989">
        <ele>260.25</ele>
        <time>2016-11-23T19:08:32.722Z</time>
        <extensions>
          <gpxtpx:TrackPointExtension>
            <gpxtpx:Extensions>
              <highway>tertiary</highway>
              <surface>asphalt</surface>
              <maxspeed>50</maxspeed>
            </gpxtpx:Extensions>
          </gpxtpx:TrackPointExtension>
        </extensions>
      </trkpt>
      <trkpt lat="45.289968" lon="7.891848">
        <ele>261.5</ele>
        <time>2016-11-23T19:08:41.714Z</time>
        <extensions>
          <gpxtpx:TrackPointExtension>
            <gpxtpx:Extensions>
              <highway>tertiary</highway>
              <surface>asphalt</surface>
              <maxspeed>50</maxspeed>
            </gpxtpx:Extensions>
          </gpxtpx:TrackPointExtension>
        </extensions>
      </trkpt>
      <trkpt lat="45.290716" lon="7.891708">
        <ele>261</ele>
        <time>2016-11-23T19:08:50.588Z</time>
        <extensions>
          <gpxtpx:TrackPointExtension>
            <gpxtpx:Extensions>
              <highway>tertiary</highway>
              <surface>asphalt</surface>
              <maxspeed>50</maxspeed>
            </gpxtpx:Extensions>
          </gpxtpx:TrackPointExtension>
        </extensions>
      </trkpt>
      <trkpt lat="45.291147" lon="7.891626">
        <ele>261.25</ele>
        <time>2016-11-23T19:08:55.702Z</time>
        <extensions>
          <gpxtpx:TrackPointExtension>
            <gpxtpx:Extensions>
              <highway>tertiary</highway>
              <surface>asphalt</surface>
              <maxspeed>50</maxspeed>
            </gpxtpx:Extensions>
          </gpxtpx:TrackPointExtension>
        </extensions>
      </trkpt>
      <trkpt lat="45.291564" lon="7.89155">
        <ele>261.75</ele>
        <time>2016-11-23T19:09:00.647Z</time>
        <extensions>
          <gpxtpx:TrackPointExtension>
            <gpxtpx:Extensions>
              <highway>tertiary</highway>
              <surface>asphalt</surface>
              <maxspeed>50</maxspeed>
            </gpxtpx:Extensions>
          </gpxtpx:TrackPointExtension>
        </extensions>
      </trkpt>
      <trkpt lat="45.292101" lon="7.891449">
        <ele>262.5</ele>
        <time>2016-11-23T19:09:07.018Z</time>
        <extensions>
          <gpxtpx:TrackPointExtension>
            <gpxtpx:Extensions>
              <highway>tertiary</highway>
              <surface>asphalt</surface>
              <maxspeed>50</maxspeed>
            </gpxtpx:Extensions>
          </gpxtpx:TrackPointExtension>
        </extensions>
      </trkpt>
      <trkpt lat="45.292718" lon="7.891336">
        <ele>263.25</ele>
        <time>2016-11-23T19:09:14.335Z</time>
        <extensions>
          <gpxtpx:TrackPointExtension>
            <gpxtpx:Extensions>
              <highway>tertiary</highway>
              <surface>asphalt</surface>
              <maxspeed>50</maxspeed>
            </gpxtpx:Extensions>
          </gpxtpx:TrackPointExtension>
        </extensions>
      </trkpt>
      <trkpt lat="45.293888" lon="7.891115">
        <ele>264</ele>
        <time>2016-11-23T19:09:28.218Z</time>
        <extensions>
          <gpxtpx:TrackPointExtension>
            <gpxtpx:Extensions>
              <highway>tertiary</highway>
              <surface>asphalt</surface>
              <maxspeed>50</maxspeed>
            </gpxtpx:Extensions>
          </gpxtpx:TrackPointExtension>
        </extensions>
      </trkpt>
      <trkpt lat="45.29507" lon="7.89091">
        <ele>265.75</ele>
        <time>2016-11-23T19:09:42.224Z</time>
        <extensions>
          <gpxtpx:TrackPointExtension>
            <gpxtpx:Extensions>
              <highway>tertiary</highway>
              <surface>asphalt</surface>
            </gpxtpx:Extensions>
          </gpxtpx:TrackPointExtension>
        </extensions>
      </trkpt>
      <trkpt lat="45.295587" lon="7.890815">
        <ele>266.75</ele>
        <time>2016-11-23T19:09:48.355Z</time>
        <extensions>
          <gpxtpx:TrackPointExtension>
            <gpxtpx:Extensions>
              <highway>tertiary</highway>
              <surface>asphalt</surface>
              <oneway>yes</oneway>
            </gpxtpx:Extensions>
          </gpxtpx:TrackPointExtension>
        </extensions>
      </trkpt>
      <trkpt lat="45.295908" lon="7.890801">
        <ele>267</ele>
        <time>2016-11-23T19:09:52.132Z</time>
        <extensions>
          <gpxtpx:TrackPointExtension>
            <gpxtpx:Extensions>
              <highway>tertiary</highway>
              <surface>asphalt</surface>
              <oneway>yes</oneway>
            </gpxtpx:Extensions>
          </gpxtpx:TrackPointExtension>
        </extensions>
      </trkpt>
      <trkpt lat="45.295983" lon="7.890798">
        <ele>267</ele>
        <time>2016-11-23T19:09:53.014Z</time>
        <extensions>
          <gpxtpx:TrackPointExtension>
            <gpxtpx:Extensions>
              <highway>primary</highway>
              <surface>asphalt</surface>
              <junction>roundabout</junction>
            </gpxtpx:Extensions>
          </gpxtpx:TrackPointExtension>
        </extensions>
      </trkpt>
      <trkpt lat="45.296018" lon="7.890829">
        <ele>267</ele>
        <time>2016-11-23T19:09:53.498Z</time>
        <extensions>
          <gpxtpx:TrackPointExtension>
            <gpxtpx:Extensions>
              <highway>primary</highway>
              <surface>asphalt</surface>
              <junction>roundabout</junction>
            </gpxtpx:Extensions>
          </gpxtpx:TrackPointExtension>
        </extensions>
      </trkpt>
      <trkpt lat="45.296057" lon="7.890848">
        <ele>267</ele>
        <time>2016-11-23T19:09:53.982Z</time>
        <extensions>
          <gpxtpx:TrackPointExtension>
            <gpxtpx:Extensions>
              <highway>primary</highway>
              <surface>asphalt</surface>
              <junction>roundabout</junction>
            </gpxtpx:Extensions>
          </gpxtpx:TrackPointExtension>
        </extensions>
      </trkpt>
      <trkpt lat="45.296097" lon="7.890852">
        <ele>267</ele>
        <time>2016-11-23T19:09:54.453Z</time>
        <extensions>
          <gpxtpx:TrackPointExtension>
            <gpxtpx:Extensions>
              <highway>primary</highway>
              <surface>asphalt</surface>
              <junction>roundabout</junction>
            </gpxtpx:Extensions>
          </gpxtpx:TrackPointExtension>
        </extensions>
      </trkpt>
      <trkpt lat="45.296136" lon="7.890842">
        <ele>267</ele>
        <time>2016-11-23T19:09:54.919Z</time>
        <extensions>
          <gpxtpx:TrackPointExtension>
            <gpxtpx:Extensions>
              <highway>primary</highway>
              <surface>asphalt</surface>
              <junction>roundabout</junction>
            </gpxtpx:Extensions>
          </gpxtpx:TrackPointExtension>
        </extensions>
      </trkpt>
      <trkpt lat="45.296172" lon="7.89082">
        <ele>267</ele>
        <time>2016-11-23T19:09:55.379Z</time>
        <extensions>
          <gpxtpx:TrackPointExtension>
            <gpxtpx:Extensions>
              <highway>primary</highway>
              <surface>asphalt</surface>
              <junction>roundabout</junction>
            </gpxtpx:Extensions>
          </gpxtpx:TrackPointExtension>
        </extensions>
      </trkpt>
      <trkpt lat="45.296203" lon="7.890787">
        <ele>267</ele>
        <time>2016-11-23T19:09:55.834Z</time>
        <extensions>
          <gpxtpx:TrackPointExtension>
            <gpxtpx:Extensions>
              <highway>secondary</highway>
              <surface>asphalt</surface>
              <oneway>yes</oneway>
            </gpxtpx:Extensions>
          </gpxtpx:TrackPointExtension>
        </extensions>
      </trkpt>
      <trkpt lat="45.296492" lon="7.890619">
        <ele>267.25</ele>
        <time>2016-11-23T19:09:59.506Z</time>
        <extensions>
          <gpxtpx:TrackPointExtension>
            <gpxtpx:Extensions>
              <highway>secondary</highway>
              <surface>asphalt</surface>
            </gpxtpx:Extensions>
          </gpxtpx:TrackPointExtension>
        </extensions>
      </trkpt>
      <trkpt lat="45.296758" lon="7.890597">
        <ele>267.5</ele>
        <time>2016-11-23T19:10:02.640Z</time>
        <extensions>
          <gpxtpx:TrackPointExtension>
            <gpxtpx:Extensions>
              <highway>secondary</highway>
              <surface>asphalt</surface>
            </gpxtpx:Extensions>
          </gpxtpx:TrackPointExtension>
        </extensions>
      </trkpt>
      <trkpt lat="45.296918" lon="7.890568">
        <ele>268.25</ele>
        <time>2016-11-23T19:10:04.537Z</time>
        <extensions>
          <gpxtpx:TrackPointExtension>
            <gpxtpx:Extensions>
              <highway>secondary</highway>
              <surface>asphalt</surface>
            </gpxtpx:Extensions>
          </gpxtpx:TrackPointExtension>
        </extensions>
      </trkpt>
      <trkpt lat="45.297563" lon="7.890451">
        <ele>270.5</ele>
        <time>2016-11-23T19:10:12.185Z</time>
        <extensions>
          <gpxtpx:TrackPointExtension>
            <gpxtpx:Extensions>
              <highway>secondary</highway>
              <surface>asphalt</surface>
            </gpxtpx:Extensions>
          </gpxtpx:TrackPointExtension>
        </extensions>
      </trkpt>
      <trkpt lat="45.297983" lon="7.890359">
        <ele>270.75</ele>
        <time>2016-11-23T19:10:17.183Z</time>
        <extensions>
          <gpxtpx:TrackPointExtension>
            <gpxtpx:Extensions>
              <highway>secondary</highway>
              <surface>asphalt</surface>
            </gpxtpx:Extensions>
          </gpxtpx:TrackPointExtension>
        </extensions>
      </trkpt>
      <trkpt lat="45.29929" lon="7.890118">
        <ele>273.25</ele>
        <time>2016-11-23T19:10:32.685Z</time>
        <extensions>
          <gpxtpx:TrackPointExtension>
            <gpxtpx:Extensions>
              <highway>secondary</highway>
              <surface>asphalt</surface>
            </gpxtpx:Extensions>
          </gpxtpx:TrackPointExtension>
        </extensions>
      </trkpt>
      <trkpt lat="45.300138" lon="7.889969">
        <ele>275.25</ele>
        <time>2016-11-23T19:10:42.735Z</time>
        <extensions>
          <gpxtpx:TrackPointExtension>
            <gpxtpx:Extensions>
              <highway>secondary</highway>
              <surface>asphalt</surface>
            </gpxtpx:Extensions>
          </gpxtpx:TrackPointExtension>
        </extensions>
      </trkpt>
      <trkpt lat="45.300598" lon="7.889876">
        <ele>276.25</ele>
        <time>2016-11-23T19:10:48.200Z</time>
        <extensions>
          <gpxtpx:TrackPointExtension>
            <gpxtpx:Extensions>
              <highway>secondary</highway>
              <surface>asphalt</surface>
            </gpxtpx:Extensions>
          </gpxtpx:TrackPointExtension>
        </extensions>
      </trkpt>
      <trkpt lat="45.300643" lon="7.889868">
        <ele>276.5</ele>
        <time>2016-11-23T19:10:48.733Z</time>
        <extensions>
          <gpxtpx:TrackPointExtension>
            <gpxtpx:Extensions>
              <highway>secondary</highway>
              <surface>asphalt</surface>
            </gpxtpx:Extensions>
          </gpxtpx:TrackPointExtension>
        </extensions>
      </trkpt>
      <trkpt lat="45.301162" lon="7.889769">
        <ele>277.25</ele>
        <time>2016-11-23T19:10:54.892Z</time>
        <extensions>
          <gpxtpx:TrackPointExtension>
            <gpxtpx:Extensions>
              <highway>secondary</highway>
              <surface>asphalt</surface>
            </gpxtpx:Extensions>
          </gpxtpx:TrackPointExtension>
        </extensions>
      </trkpt>
      <trkpt lat="45.301587" lon="7.889688">
        <ele>277.75</ele>
        <time>2016-11-23T19:10:59.935Z</time>
        <extensions>
          <gpxtpx:TrackPointExtension>
            <gpxtpx:Extensions>
              <highway>secondary</highway>
              <surface>asphalt</surface>
            </gpxtpx:Extensions>
          </gpxtpx:TrackPointExtension>
        </extensions>
      </trkpt>
      <trkpt lat="45.301967" lon="7.889607">
        <ele>278</ele>
        <time>2016-11-23T19:11:04.454Z</time>
        <extensions>
          <gpxtpx:TrackPointExtension>
            <gpxtpx:Extensions>
              <highway>secondary</highway>
              <surface>asphalt</surface>
            </gpxtpx:Extensions>
          </gpxtpx:TrackPointExtension>
        </extensions>
      </trkpt>
      <trkpt lat="45.302291" lon="7.889536">
        <ele>278.25</ele>
        <time>2016-11-23T19:11:08.310Z</time>
        <extensions>
          <gpxtpx:TrackPointExtension>
            <gpxtpx:Extensions>
              <highway>tertiary</highway>
              <surface>asphalt</surface>
            </gpxtpx:Extensions>
          </gpxtpx:TrackPointExtension>
        </extensions>
      </trkpt>
      <trkpt lat="45.302422" lon="7.889509">
        <ele>278.25</ele>
        <time>2016-11-23T19:11:09.866Z</time>
        <extensions>
          <gpxtpx:TrackPointExtension>
            <gpxtpx:Extensions>
              <highway>tertiary</highway>
              <surface>asphalt</surface>
            </gpxtpx:Extensions>
          </gpxtpx:TrackPointExtension>
        </extensions>
      </trkpt>
      <trkpt lat="45.302551" lon="7.889483">
        <ele>278.5</ele>
        <time>2016-11-23T19:11:11.398Z</time>
        <extensions>
          <gpxtpx:TrackPointExtension>
            <gpxtpx:Extensions>
              <highway>tertiary</highway>
              <surface>asphalt</surface>
            </gpxtpx:Extensions>
          </gpxtpx:TrackPointExtension>
        </extensions>
      </trkpt>
      <trkpt lat="45.303179" lon="7.889379">
        <ele>280.75</ele>
        <time>2016-11-23T19:11:18.834Z</time>
        <extensions>
          <gpxtpx:TrackPointExtension>
            <gpxtpx:Extensions>
              <highway>tertiary</highway>
              <surface>asphalt</surface>
            </gpxtpx:Extensions>
          </gpxtpx:TrackPointExtension>
        </extensions>
      </trkpt>
      <trkpt lat="45.303253" lon="7.889364">
        <ele>281</ele>
        <time>2016-11-23T19:11:19.713Z</time>
        <extensions>
          <gpxtpx:TrackPointExtension>
            <gpxtpx:Extensions>
              <highway>tertiary</highway>
              <surface>asphalt</surface>
            </gpxtpx:Extensions>
          </gpxtpx:TrackPointExtension>
        </extensions>
      </trkpt>
      <trkpt lat="45.303296" lon="7.889357">
        <ele>281.25</ele>
        <time>2016-11-23T19:11:20.222Z</time>
        <extensions>
          <gpxtpx:TrackPointExtension>
            <gpxtpx:Extensions>
              <highway>tertiary</highway>
              <surface>asphalt</surface>
            </gpxtpx:Extensions>
          </gpxtpx:TrackPointExtension>
        </extensions>
      </trkpt>
      <trkpt lat="45.303714" lon="7.889292">
        <ele>282</ele>
        <time>2016-11-23T19:11:25.168Z</time>
        <extensions>
          <gpxtpx:TrackPointExtension>
            <gpxtpx:Extensions>
              <highway>tertiary</highway>
              <surface>asphalt</surface>
            </gpxtpx:Extensions>
          </gpxtpx:TrackPointExtension>
        </extensions>
      </trkpt>
      <trkpt lat="45.303923" lon="7.889259">
        <ele>282.5</ele>
        <time>2016-11-23T19:11:27.641Z</time>
        <extensions>
          <gpxtpx:TrackPointExtension>
            <gpxtpx:Extensions>
              <highway>tertiary</highway>
              <surface>asphalt</surface>
            </gpxtpx:Extensions>
          </gpxtpx:TrackPointExtension>
        </extensions>
      </trkpt>
      <trkpt lat="45.303975" lon="7.889251">
        <ele>282.5</ele>
        <time>2016-11-23T19:11:28.256Z</time>
        <extensions>
          <gpxtpx:TrackPointExtension>
            <gpxtpx:Extensions>
              <highway>tertiary</highway>
              <surface>asphalt</surface>
            </gpxtpx:Extensions>
          </gpxtpx:TrackPointExtension>
        </extensions>
      </trkpt>
      <trkpt lat="45.304473" lon="7.889154">
        <ele>283.5</ele>
        <time>2016-11-23T19:11:34.168Z</time>
        <extensions>
          <gpxtpx:TrackPointExtension>
            <gpxtpx:Extensions>
              <highway>tertiary</highway>
              <surface>asphalt</surface>
            </gpxtpx:Extensions>
          </gpxtpx:TrackPointExtension>
        </extensions>
      </trkpt>
      <trkpt lat="45.30512" lon="7.889081">
        <ele>285.25</ele>
        <time>2016-11-23T19:11:41.802Z</time>
        <extensions>
          <gpxtpx:TrackPointExtension>
            <gpxtpx:Extensions>
              <highway>tertiary</highway>
              <surface>asphalt</surface>
            </gpxtpx:Extensions>
          </gpxtpx:TrackPointExtension>
        </extensions>
      </trkpt>
      <trkpt lat="45.305515" lon="7.889027">
        <ele>286</ele>
        <time>2016-11-23T19:11:46.469Z</time>
        <extensions>
          <gpxtpx:TrackPointExtension>
            <gpxtpx:Extensions>
              <highway>tertiary</highway>
              <surface>asphalt</surface>
            </gpxtpx:Extensions>
          </gpxtpx:TrackPointExtension>
        </extensions>
      </trkpt>
      <trkpt lat="45.305579" lon="7.888997">
        <ele>286</ele>
        <time>2016-11-23T19:11:47.491Z</time>
        <extensions>
          <gpxtpx:TrackPointExtension>
            <gpxtpx:Extensions>
              <highway>tertiary</highway>
              <surface>asphalt</surface>
            </gpxtpx:Extensions>
          </gpxtpx:TrackPointExtension>
        </extensions>
      </trkpt>
      <trkpt lat="45.305579" lon="7.888997">
        <ele>286</ele>
        <time>2016-11-23T19:11:47.491Z</time>
        <extensions>
          <gpxtpx:TrackPointExtension>
            <gpxtpx:Extensions>
              <highway>tertiary</highway>
              <surface>asphalt</surface>
            </gpxtpx:Extensions>
          </gpxtpx:TrackPointExtension>
        </extensions>
      </trkpt>
      <trkpt lat="45.305603" lon="7.888986">
        <ele>286</ele>
        <time>2016-11-23T19:11:47.873Z</time>
        <extensions>
          <gpxtpx:TrackPointExtension>
            <gpxtpx:Extensions>
              <highway>tertiary</highway>
            </gpxtpx:Extensions>
          </gpxtpx:TrackPointExtension>
        </extensions>
      </trkpt>
      <trkpt lat="45.305571" lon="7.888785">
        <ele>285.5</ele>
        <time>2016-11-23T19:11:50.071Z</time>
        <extensions>
          <gpxtpx:TrackPointExtension>
            <gpxtpx:Extensions>
              <highway>tertiary</highway>
            </gpxtpx:Extensions>
          </gpxtpx:TrackPointExtension>
        </extensions>
      </trkpt>
      <trkpt lat="45.305432" lon="7.888241">
        <ele>284.75</ele>
        <time>2016-11-23T19:11:56.245Z</time>
        <extensions>
          <gpxtpx:TrackPointExtension>
            <gpxtpx:Extensions>
              <highway>tertiary</highway>
            </gpxtpx:Extensions>
          </gpxtpx:TrackPointExtension>
        </extensions>
      </trkpt>
      <trkpt lat="45.305419" lon="7.888189">
        <ele>284.5</ele>
        <time>2016-11-23T19:11:56.833Z</time>
        <extensions>
          <gpxtpx:TrackPointExtension>
            <gpxtpx:Extensions>
              <highway>tertiary</highway>
            </gpxtpx:Extensions>
          </gpxtpx:TrackPointExtension>
        </extensions>
      </trkpt>
      <trkpt lat="45.305419" lon="7.88815">
        <ele>284.5</ele>
        <time>2016-11-23T19:11:57.249Z</time>
        <extensions>
          <gpxtpx:TrackPointExtension>
            <gpxtpx:Extensions>
              <highway>tertiary</highway>
            </gpxtpx:Extensions>
          </gpxtpx:TrackPointExtension>
        </extensions>
      </trkpt>
      <trkpt lat="45.305446" lon="7.88765">
        <ele>283.25</ele>
        <time>2016-11-23T19:12:02.598Z</time>
        <extensions>
          <gpxtpx:TrackPointExtension>
            <gpxtpx:Extensions>
              <highway>tertiary</highway>
            </gpxtpx:Extensions>
          </gpxtpx:TrackPointExtension>
        </extensions>
      </trkpt>
      <trkpt lat="45.305447" lon="7.886745">
        <ele>281.5</ele>
        <time>2016-11-23T19:12:12.252Z</time>
        <extensions>
          <gpxtpx:TrackPointExtension>
            <gpxtpx:Extensions>
              <highway>tertiary</highway>
            </gpxtpx:Extensions>
          </gpxtpx:TrackPointExtension>
        </extensions>
      </trkpt>
      <trkpt lat="45.305419" lon="7.886354">
        <ele>281</ele>
        <time>2016-11-23T19:12:16.444Z</time>
        <extensions>
          <gpxtpx:TrackPointExtension>
            <gpxtpx:Extensions>
              <highway>tertiary</highway>
            </gpxtpx:Extensions>
          </gpxtpx:TrackPointExtension>
        </extensions>
      </trkpt>
      <trkpt lat="45.305313" lon="7.885727">
        <ele>280</ele>
        <time>2016-11-23T19:12:23.323Z</time>
        <extensions>
          <gpxtpx:TrackPointExtension>
            <gpxtpx:Extensions>
              <highway>tertiary</highway>
            </gpxtpx:Extensions>
          </gpxtpx:TrackPointExtension>
        </extensions>
      </trkpt>
      <trkpt lat="45.3054" lon="7.885727">
        <ele>280.25</ele>
        <time>2016-11-23T19:12:24.642Z</time>
        <extensions>
          <gpxtpx:TrackPointExtension>
            <gpxtpx:Extensions>
              <highway>tertiary</highway>
            </gpxtpx:Extensions>
          </gpxtpx:TrackPointExtension>
        </extensions>
      </trkpt>
      <trkpt lat="45.305781" lon="7.885692">
        <ele>282</ele>
        <time>2016-11-23T19:12:29.926Z</time>
        <extensions>
          <gpxtpx:TrackPointExtension>
            <gpxtpx:Extensions>
              <highway>tertiary</highway>
            </gpxtpx:Extensions>
          </gpxtpx:TrackPointExtension>
        </extensions>
      </trkpt>
      <trkpt lat="45.305781" lon="7.885692">
        <ele>281.25</ele>
        <time>2016-11-23T19:12:29.926Z</time>
        <extensions>
          <gpxtpx:TrackPointExtension>
            <gpxtpx:Extensions>
              <highway>tertiary</highway>
            </gpxtpx:Extensions>
          </gpxtpx:TrackPointExtension>
        </extensions>
      </trkpt>
      <trkpt lat="45.305979" lon="7.885674">
        <ele>282</ele>
        <time>2016-11-23T19:12:32.672Z</time>
        <extensions>
          <gpxtpx:TrackPointExtension>
            <gpxtpx:Extensions>
              <highway>tertiary</highway>
            </gpxtpx:Extensions>
          </gpxtpx:TrackPointExtension>
        </extensions>
      </trkpt>
      <trkpt lat="45.306156" lon="7.88567">
        <ele>282.5</ele>
        <time>2016-11-23T19:12:35.122Z</time>
        <extensions>
          <gpxtpx:TrackPointExtension>
            <gpxtpx:Extensions>
              <highway>tertiary</highway>
            </gpxtpx:Extensions>
          </gpxtpx:TrackPointExtension>
        </extensions>
      </trkpt>
      <trkpt lat="45.306699" lon="7.885658">
        <ele>283.5</ele>
        <time>2016-11-23T19:12:42.638Z</time>
        <extensions>
          <gpxtpx:TrackPointExtension>
            <gpxtpx:Extensions>
              <highway>tertiary</highway>
            </gpxtpx:Extensions>
          </gpxtpx:TrackPointExtension>
        </extensions>
      </trkpt>
      <trkpt lat="45.307138" lon="7.885669">
        <ele>285.75</ele>
        <time>2016-11-23T19:12:48.715Z</time>
        <extensions>
          <gpxtpx:TrackPointExtension>
            <gpxtpx:Extensions>
              <highway>tertiary</highway>
            </gpxtpx:Extensions>
          </gpxtpx:TrackPointExtension>
        </extensions>
      </trkpt>
      <trkpt lat="45.307684" lon="7.88565">
        <ele>287.75</ele>
        <time>2016-11-23T19:12:56.274Z</time>
        <extensions>
          <gpxtpx:TrackPointExtension>
            <gpxtpx:Extensions>
              <highway>tertiary</highway>
            </gpxtpx:Extensions>
          </gpxtpx:TrackPointExtension>
        </extensions>
      </trkpt>
      <trkpt lat="45.308" lon="7.88566">
        <ele>288.5</ele>
        <time>2016-11-23T19:13:00.648Z</time>
        <extensions>
          <gpxtpx:TrackPointExtension>
            <gpxtpx:Extensions>
              <highway>tertiary</highway>
            </gpxtpx:Extensions>
          </gpxtpx:TrackPointExtension>
        </extensions>
      </trkpt>
      <trkpt lat="45.308456" lon="7.885575">
        <ele>289.5</ele>
        <time>2016-11-23T19:13:07.013Z</time>
        <extensions>
          <gpxtpx:TrackPointExtension>
            <gpxtpx:Extensions>
              <highway>tertiary</highway>
            </gpxtpx:Extensions>
          </gpxtpx:TrackPointExtension>
        </extensions>
      </trkpt>
      <trkpt lat="45.308548" lon="7.885554">
        <ele>289.75</ele>
        <time>2016-11-23T19:13:08.302Z</time>
        <extensions>
          <gpxtpx:TrackPointExtension>
            <gpxtpx:Extensions>
              <highway>tertiary</highway>
            </gpxtpx:Extensions>
          </gpxtpx:TrackPointExtension>
        </extensions>
      </trkpt>
      <trkpt lat="45.310392" lon="7.88489">
        <ele>295.5</ele>
        <time>2016-11-23T19:13:34.630Z</time>
        <extensions>
          <gpxtpx:TrackPointExtension>
            <gpxtpx:Extensions>
              <highway>tertiary</highway>
              <oneway>yes</oneway>
            </gpxtpx:Extensions>
          </gpxtpx:TrackPointExtension>
        </extensions>
      </trkpt>
      <trkpt lat="45.310535" lon="7.884892">
        <ele>296</ele>
        <time>2016-11-23T19:13:36.609Z</time>
        <extensions>
          <gpxtpx:TrackPointExtension>
            <gpxtpx:Extensions>
              <highway>tertiary</highway>
              <oneway>yes</oneway>
            </gpxtpx:Extensions>
          </gpxtpx:TrackPointExtension>
        </extensions>
      </trkpt>
      <trkpt lat="45.310711" lon="7.884908">
        <ele>296.5</ele>
        <time>2016-11-23T19:13:39.050Z</time>
        <extensions>
          <gpxtpx:TrackPointExtension>
            <gpxtpx:Extensions>
              <highway>tertiary</highway>
              <oneway>yes</oneway>
            </gpxtpx:Extensions>
          </gpxtpx:TrackPointExtension>
        </extensions>
      </trkpt>
      <trkpt lat="45.310765" lon="7.884899">
        <ele>296.75</ele>
        <time>2016-11-23T19:13:39.802Z</time>
        <extensions>
          <gpxtpx:TrackPointExtension>
            <gpxtpx:Extensions>
              <highway>tertiary</highway>
            </gpxtpx:Extensions>
          </gpxtpx:TrackPointExtension>
        </extensions>
      </trkpt>
      <trkpt lat="45.310786" lon="7.884865">
        <ele>296.75</ele>
        <time>2016-11-23T19:13:40.242Z</time>
        <extensions>
          <gpxtpx:TrackPointExtension>
            <gpxtpx:Extensions>
              <highway>tertiary</highway>
            </gpxtpx:Extensions>
          </gpxtpx:TrackPointExtension>
        </extensions>
      </trkpt>
      <trkpt lat="45.310934" lon="7.884645">
        <ele>298</ele>
        <time>2016-11-23T19:13:43.205Z</time>
        <extensions>
          <gpxtpx:TrackPointExtension>
            <gpxtpx:Extensions>
              <highway>tertiary</highway>
            </gpxtpx:Extensions>
          </gpxtpx:TrackPointExtension>
        </extensions>
      </trkpt>
      <trkpt lat="45.31099" lon="7.88456">
        <ele>298.75</ele>
        <time>2016-11-23T19:13:43.970Z</time>
        <extensions>
          <gpxtpx:TrackPointExtension>
            <gpxtpx:Extensions>
              <highway>tertiary</highway>
            </gpxtpx:Extensions>
          </gpxtpx:TrackPointExtension>
        </extensions>
      </trkpt>
      <trkpt lat="45.31099" lon="7.88456">
        <ele>298.25</ele>
        <time>2016-11-23T19:13:43.970Z</time>
        <extensions>
          <gpxtpx:TrackPointExtension>
            <gpxtpx:Extensions>
              <highway>tertiary</highway>
            </gpxtpx:Extensions>
          </gpxtpx:TrackPointExtension>
        </extensions>
      </trkpt>
      <trkpt lat="45.311078" lon="7.884428">
        <ele>298.75</ele>
        <time>2016-11-23T19:13:45.166Z</time>
        <extensions>
          <gpxtpx:TrackPointExtension>
            <gpxtpx:Extensions>
              <highway>tertiary</highway>
            </gpxtpx:Extensions>
          </gpxtpx:TrackPointExtension>
        </extensions>
      </trkpt>
      <trkpt lat="45.311289" lon="7.884115">
        <ele>298.75</ele>
        <time>2016-11-23T19:13:48.017Z</time>
        <extensions>
          <gpxtpx:TrackPointExtension>
            <gpxtpx:Extensions>
              <highway>tertiary</highway>
            </gpxtpx:Extensions>
          </gpxtpx:TrackPointExtension>
        </extensions>
      </trkpt>
      <trkpt lat="45.311465" lon="7.883869">
        <ele>298.25</ele>
        <time>2016-11-23T19:13:50.324Z</time>
        <extensions>
          <gpxtpx:TrackPointExtension>
            <gpxtpx:Extensions>
              <highway>tertiary</highway>
            </gpxtpx:Extensions>
          </gpxtpx:TrackPointExtension>
        </extensions>
      </trkpt>
      <trkpt lat="45.311778" lon="7.883486">
        <ele>298</ele>
        <time>2016-11-23T19:13:54.185Z</time>
        <extensions>
          <gpxtpx:TrackPointExtension>
            <gpxtpx:Extensions>
              <highway>tertiary</highway>
            </gpxtpx:Extensions>
          </gpxtpx:TrackPointExtension>
        </extensions>
      </trkpt>
      <trkpt lat="45.312371" lon="7.882816">
        <ele>300.25</ele>
        <time>2016-11-23T19:14:01.266Z</time>
        <extensions>
          <gpxtpx:TrackPointExtension>
            <gpxtpx:Extensions>
              <highway>tertiary</highway>
            </gpxtpx:Extensions>
          </gpxtpx:TrackPointExtension>
        </extensions>
      </trkpt>
      <trkpt lat="45.312536" lon="7.882632">
        <ele>301</ele>
        <time>2016-11-23T19:14:03.226Z</time>
        <extensions>
          <gpxtpx:TrackPointExtension>
            <gpxtpx:Extensions>
              <highway>tertiary</highway>
            </gpxtpx:Extensions>
          </gpxtpx:TrackPointExtension>
        </extensions>
      </trkpt>
      <trkpt lat="45.312635" lon="7.882523">
        <ele>301.25</ele>
        <time>2016-11-23T19:14:04.396Z</time>
        <extensions>
          <gpxtpx:TrackPointExtension>
            <gpxtpx:Extensions>
              <highway>tertiary</highway>
            </gpxtpx:Extensions>
          </gpxtpx:TrackPointExtension>
        </extensions>
      </trkpt>
      <trkpt lat="45.31289" lon="7.882242">
        <ele>301.75</ele>
        <time>2016-11-23T19:14:07.412Z</time>
        <extensions>
          <gpxtpx:TrackPointExtension>
            <gpxtpx:Extensions>
              <highway>tertiary</highway>
            </gpxtpx:Extensions>
          </gpxtpx:TrackPointExtension>
        </extensions>
      </trkpt>
      <trkpt lat="45.313133" lon="7.881962">
        <ele>300.5</ele>
        <time>2016-11-23T19:14:10.336Z</time>
        <extensions>
          <gpxtpx:TrackPointExtension>
            <gpxtpx:Extensions>
              <highway>tertiary</highway>
            </gpxtpx:Extensions>
          </gpxtpx:TrackPointExtension>
        </extensions>
      </trkpt>
      <trkpt lat="45.313774" lon="7.881234">
        <ele>298.5</ele>
        <time>2016-11-23T19:14:18.006Z</time>
        <extensions>
          <gpxtpx:TrackPointExtension>
            <gpxtpx:Extensions>
              <highway>tertiary</highway>
            </gpxtpx:Extensions>
          </gpxtpx:TrackPointExtension>
        </extensions>
      </trkpt>
      <trkpt lat="45.313957" lon="7.881045">
        <ele>298.25</ele>
        <time>2016-11-23T19:14:20.120Z</time>
        <extensions>
          <gpxtpx:TrackPointExtension>
            <gpxtpx:Extensions>
              <highway>tertiary</highway>
            </gpxtpx:Extensions>
          </gpxtpx:TrackPointExtension>
        </extensions>
      </trkpt>
      <trkpt lat="45.314144" lon="7.880904">
        <ele>298.25</ele>
        <time>2016-11-23T19:14:22.099Z</time>
        <extensions>
          <gpxtpx:TrackPointExtension>
            <gpxtpx:Extensions>
              <highway>tertiary</highway>
            </gpxtpx:Extensions>
          </gpxtpx:TrackPointExtension>
        </extensions>
      </trkpt>
      <trkpt lat="45.314324" lon="7.880808">
        <ele>297.25</ele>
        <time>2016-11-23T19:14:23.686Z</time>
        <extensions>
          <gpxtpx:TrackPointExtension>
            <gpxtpx:Extensions>
              <highway>tertiary</highway>
            </gpxtpx:Extensions>
          </gpxtpx:TrackPointExtension>
        </extensions>
      </trkpt>
      <trkpt lat="45.314324" lon="7.880808">
        <ele>297.5</ele>
        <time>2016-11-23T19:14:23.686Z</time>
        <extensions>
          <gpxtpx:TrackPointExtension>
            <gpxtpx:Extensions>
              <highway>tertiary</highway>
            </gpxtpx:Extensions>
          </gpxtpx:TrackPointExtension>
        </extensions>
      </trkpt>
      <trkpt lat="45.314487" lon="7.880723">
        <ele>297.25</ele>
        <time>2016-11-23T19:14:25.119Z</time>
        <extensions>
          <gpxtpx:TrackPointExtension>
            <gpxtpx:Extensions>
              <highway>tertiary</highway>
            </gpxtpx:Extensions>
          </gpxtpx:TrackPointExtension>
        </extensions>
      </trkpt>
      <trkpt lat="45.314703" lon="7.880605">
        <ele>296.75</ele>
        <time>2016-11-23T19:14:27.029Z</time>
        <extensions>
          <gpxtpx:TrackPointExtension>
            <gpxtpx:Extensions>
              <highway>tertiary</highway>
              <oneway>yes</oneway>
            </gpxtpx:Extensions>
          </gpxtpx:TrackPointExtension>
        </extensions>
      </trkpt>
      <trkpt lat="45.314915" lon="7.880497">
        <ele>296.5</ele>
        <time>2016-11-23T19:14:28.888Z</time>
        <extensions>
          <gpxtpx:TrackPointExtension>
            <gpxtpx:Extensions>
              <highway>tertiary</highway>
              <oneway>yes</oneway>
            </gpxtpx:Extensions>
          </gpxtpx:TrackPointExtension>
        </extensions>
      </trkpt>
      <trkpt lat="45.315495" lon="7.88017">
        <ele>296.5</ele>
        <time>2016-11-23T19:14:34.040Z</time>
        <extensions>
          <gpxtpx:TrackPointExtension>
            <gpxtpx:Extensions>
              <highway>tertiary</highway>
              <oneway>yes</oneway>
            </gpxtpx:Extensions>
          </gpxtpx:TrackPointExtension>
        </extensions>
      </trkpt>
      <trkpt lat="45.315632" lon="7.880057">
        <ele>296.5</ele>
        <time>2016-11-23T19:14:35.347Z</time>
        <extensions>
          <gpxtpx:TrackPointExtension>
            <gpxtpx:Extensions>
              <reversedirection>yes</reversedirection>
              <highway>primary</highway>
              <surface>asphalt</surface>
            </gpxtpx:Extensions>
          </gpxtpx:TrackPointExtension>
        </extensions>
      </trkpt>
      <trkpt lat="45.315724" lon="7.880013">
        <ele>296.75</ele>
        <time>2016-11-23T19:14:36.148Z</time>
        <extensions>
          <gpxtpx:TrackPointExtension>
            <gpxtpx:Extensions>
              <reversedirection>yes</reversedirection>
              <highway>primary</highway>
              <surface>asphalt</surface>
            </gpxtpx:Extensions>
          </gpxtpx:TrackPointExtension>
        </extensions>
      </trkpt>
      <trkpt lat="45.317005" lon="7.879282">
        <ele>300</ele>
        <time>2016-11-23T19:14:47.545Z</time>
        <extensions>
          <gpxtpx:TrackPointExtension>
            <gpxtpx:Extensions>
              <reversedirection>yes</reversedirection>
              <highway>primary</highway>
              <surface>asphalt</surface>
            </gpxtpx:Extensions>
          </gpxtpx:TrackPointExtension>
        </extensions>
      </trkpt>
      <trkpt lat="45.317273" lon="7.879147">
        <ele>301</ele>
        <time>2016-11-23T19:14:49.892Z</time>
        <extensions>
          <gpxtpx:TrackPointExtension>
            <gpxtpx:Extensions>
              <reversedirection>yes</reversedirection>
              <highway>primary</highway>
              <surface>asphalt</surface>
            </gpxtpx:Extensions>
          </gpxtpx:TrackPointExtension>
        </extensions>
      </trkpt>
      <trkpt lat="45.31798" lon="7.878866">
        <ele>302.75</ele>
        <time>2016-11-23T19:14:55.953Z</time>
        <extensions>
          <gpxtpx:TrackPointExtension>
            <gpxtpx:Extensions>
              <reversedirection>yes</reversedirection>
              <highway>primary</highway>
              <surface>asphalt</surface>
            </gpxtpx:Extensions>
          </gpxtpx:TrackPointExtension>
        </extensions>
      </trkpt>
      <trkpt lat="45.318712" lon="7.878592">
        <ele>303.25</ele>
        <time>2016-11-23T19:15:02.203Z</time>
        <extensions>
          <gpxtpx:TrackPointExtension>
            <gpxtpx:Extensions>
              <reversedirection>yes</reversedirection>
              <highway>primary</highway>
              <surface>asphalt</surface>
            </gpxtpx:Extensions>
          </gpxtpx:TrackPointExtension>
        </extensions>
      </trkpt>
      <trkpt lat="45.319482" lon="7.878296">
        <ele>301.75</ele>
        <time>2016-11-23T19:15:08.789Z</time>
        <extensions>
          <gpxtpx:TrackPointExtension>
            <gpxtpx:Extensions>
              <reversedirection>yes</reversedirection>
              <highway>primary</highway>
              <surface>asphalt</surface>
            </gpxtpx:Extensions>
          </gpxtpx:TrackPointExtension>
        </extensions>
      </trkpt>
      <trkpt lat="45.320134" lon="7.878042">
        <ele>302.25</ele>
        <time>2016-11-23T19:15:14.371Z</time>
        <extensions>
          <gpxtpx:TrackPointExtension>
            <gpxtpx:Extensions>
              <reversedirection>yes</reversedirection>
              <highway>primary</highway>
              <surface>asphalt</surface>
            </gpxtpx:Extensions>
          </gpxtpx:TrackPointExtension>
        </extensions>
      </trkpt>
      <trkpt lat="45.320215" lon="7.87802">
        <ele>302.25</ele>
        <time>2016-11-23T19:15:15.051Z</time>
        <extensions>
          <gpxtpx:TrackPointExtension>
            <gpxtpx:Extensions>
              <reversedirection>yes</reversedirection>
              <highway>primary</highway>
              <surface>asphalt</surface>
            </gpxtpx:Extensions>
          </gpxtpx:TrackPointExtension>
        </extensions>
      </trkpt>
      <trkpt lat="45.320364" lon="7.877998">
        <ele>302.5</ele>
        <time>2016-11-23T19:15:16.288Z</time>
        <extensions>
          <gpxtpx:TrackPointExtension>
            <gpxtpx:Extensions>
              <reversedirection>yes</reversedirection>
              <highway>primary</highway>
              <surface>asphalt</surface>
            </gpxtpx:Extensions>
          </gpxtpx:TrackPointExtension>
        </extensions>
      </trkpt>
      <trkpt lat="45.320504" lon="7.878005">
        <ele>302.5</ele>
        <time>2016-11-23T19:15:17.444Z</time>
        <extensions>
          <gpxtpx:TrackPointExtension>
            <gpxtpx:Extensions>
              <reversedirection>yes</reversedirection>
              <highway>primary</highway>
              <surface>asphalt</surface>
            </gpxtpx:Extensions>
          </gpxtpx:TrackPointExtension>
        </extensions>
      </trkpt>
      <trkpt lat="45.320591" lon="7.87802">
        <ele>302.75</ele>
        <time>2016-11-23T19:15:18.167Z</time>
        <extensions>
          <gpxtpx:TrackPointExtension>
            <gpxtpx:Extensions>
              <reversedirection>yes</reversedirection>
              <highway>primary</highway>
              <surface>asphalt</surface>
            </gpxtpx:Extensions>
          </gpxtpx:TrackPointExtension>
        </extensions>
      </trkpt>
      <trkpt lat="45.320721" lon="7.878063">
        <ele>304.25</ele>
        <time>2016-11-23T19:15:19.922Z</time>
        <extensions>
          <gpxtpx:TrackPointExtension>
            <gpxtpx:Extensions>
              <reversedirection>yes</reversedirection>
              <highway>primary</highway>
              <surface>asphalt</surface>
            </gpxtpx:Extensions>
          </gpxtpx:TrackPointExtension>
        </extensions>
      </trkpt>
      <trkpt lat="45.32072" lon="7.878062">
        <ele>303</ele>
        <time>2016-11-23T19:15:19.937Z</time>
        <extensions>
          <gpxtpx:TrackPointExtension>
            <gpxtpx:Extensions>
              <reversedirection>yes</reversedirection>
              <highway>primary</highway>
              <surface>asphalt</surface>
            </gpxtpx:Extensions>
          </gpxtpx:TrackPointExtension>
        </extensions>
      </trkpt>
      <trkpt lat="45.321058" lon="7.878175">
        <ele>304.25</ele>
        <time>2016-11-23T19:15:24.502Z</time>
        <extensions>
          <gpxtpx:TrackPointExtension>
            <gpxtpx:Extensions>
              <reversedirection>yes</reversedirection>
              <highway>primary</highway>
              <surface>asphalt</surface>
            </gpxtpx:Extensions>
          </gpxtpx:TrackPointExtension>
        </extensions>
      </trkpt>
      <trkpt lat="45.321405" lon="7.878302">
        <ele>305.75</ele>
        <time>2016-11-23T19:15:29.213Z</time>
        <extensions>
          <gpxtpx:TrackPointExtension>
            <gpxtpx:Extensions>
              <reversedirection>yes</reversedirection>
              <highway>primary</highway>
              <surface>asphalt</surface>
            </gpxtpx:Extensions>
          </gpxtpx:TrackPointExtension>
        </extensions>
      </trkpt>
      <trkpt lat="45.323798" lon="7.879153">
        <ele>311.5</ele>
        <time>2016-11-23T19:16:01.650Z</time>
        <extensions>
          <gpxtpx:TrackPointExtension>
            <gpxtpx:Extensions>
              <reversedirection>yes</reversedirection>
              <highway>primary</highway>
              <surface>asphalt</surface>
            </gpxtpx:Extensions>
          </gpxtpx:TrackPointExtension>
        </extensions>
      </trkpt>
      <trkpt lat="45.324065" lon="7.879274">
        <ele>311.5</ele>
        <time>2016-11-23T19:16:05.335Z</time>
        <extensions>
          <gpxtpx:TrackPointExtension>
            <gpxtpx:Extensions>
              <reversedirection>yes</reversedirection>
              <highway>primary</highway>
              <surface>asphalt</surface>
            </gpxtpx:Extensions>
          </gpxtpx:TrackPointExtension>
        </extensions>
      </trkpt>
      <trkpt lat="45.324199" lon="7.879364">
        <ele>312</ele>
        <time>2016-11-23T19:16:07.283Z</time>
        <extensions>
          <gpxtpx:TrackPointExtension>
            <gpxtpx:Extensions>
              <reversedirection>yes</reversedirection>
              <highway>primary</highway>
              <surface>asphalt</surface>
            </gpxtpx:Extensions>
          </gpxtpx:TrackPointExtension>
        </extensions>
      </trkpt>
      <trkpt lat="45.324303" lon="7.879478">
        <ele>313.25</ele>
        <time>2016-11-23T19:16:09.009Z</time>
        <extensions>
          <gpxtpx:TrackPointExtension>
            <gpxtpx:Extensions>
              <reversedirection>yes</reversedirection>
              <highway>primary</highway>
              <surface>asphalt</surface>
            </gpxtpx:Extensions>
          </gpxtpx:TrackPointExtension>
        </extensions>
      </trkpt>
      <trkpt lat="45.324394" lon="7.879596">
        <ele>314.5</ele>
        <time>2016-11-23T19:16:10.996Z</time>
        <extensions>
          <gpxtpx:TrackPointExtension>
            <gpxtpx:Extensions>
              <reversedirection>yes</reversedirection>
              <highway>primary</highway>
              <surface>asphalt</surface>
            </gpxtpx:Extensions>
          </gpxtpx:TrackPointExtension>
        </extensions>
      </trkpt>
      <trkpt lat="45.324393" lon="7.879595">
        <ele>314</ele>
        <time>2016-11-23T19:16:11.015Z</time>
        <extensions>
          <gpxtpx:TrackPointExtension>
            <gpxtpx:Extensions>
              <reversedirection>yes</reversedirection>
              <highway>primary</highway>
              <surface>asphalt</surface>
            </gpxtpx:Extensions>
          </gpxtpx:TrackPointExtension>
        </extensions>
      </trkpt>
      <trkpt lat="45.324418" lon="7.879628">
        <ele>314.5</ele>
        <time>2016-11-23T19:16:11.565Z</time>
        <extensions>
          <gpxtpx:TrackPointExtension>
            <gpxtpx:Extensions>
              <reversedirection>yes</reversedirection>
              <highway>primary</highway>
              <surface>asphalt</surface>
            </gpxtpx:Extensions>
          </gpxtpx:TrackPointExtension>
        </extensions>
      </trkpt>
      <trkpt lat="45.32448" lon="7.879734">
        <ele>315.25</ele>
        <time>2016-11-23T19:16:13.129Z</time>
        <extensions>
          <gpxtpx:TrackPointExtension>
            <gpxtpx:Extensions>
              <reversedirection>yes</reversedirection>
              <highway>primary</highway>
              <surface>asphalt</surface>
            </gpxtpx:Extensions>
          </gpxtpx:TrackPointExtension>
        </extensions>
      </trkpt>
      <trkpt lat="45.324827" lon="7.880386">
        <ele>315.25</ele>
        <time>2016-11-23T19:16:22.410Z</time>
        <extensions>
          <gpxtpx:TrackPointExtension>
            <gpxtpx:Extensions>
              <reversedirection>yes</reversedirection>
              <highway>primary</highway>
              <surface>asphalt</surface>
            </gpxtpx:Extensions>
          </gpxtpx:TrackPointExtension>
        </extensions>
      </trkpt>
      <trkpt lat="45.325108" lon="7.8809">
        <ele>312.75</ele>
        <time>2016-11-23T19:16:29.799Z</time>
        <extensions>
          <gpxtpx:TrackPointExtension>
            <gpxtpx:Extensions>
              <reversedirection>yes</reversedirection>
              <highway>primary</highway>
              <surface>asphalt</surface>
              <maxspeed>50</maxspeed>
            </gpxtpx:Extensions>
          </gpxtpx:TrackPointExtension>
        </extensions>
      </trkpt>
      <trkpt lat="45.325194" lon="7.881028">
        <ele>312.5</ele>
        <time>2016-11-23T19:16:31.808Z</time>
        <extensions>
          <gpxtpx:TrackPointExtension>
            <gpxtpx:Extensions>
              <reversedirection>yes</reversedirection>
              <highway>primary</highway>
              <surface>asphalt</surface>
              <maxspeed>50</maxspeed>
            </gpxtpx:Extensions>
          </gpxtpx:TrackPointExtension>
        </extensions>
      </trkpt>
      <trkpt lat="45.325262" lon="7.881106">
        <ele>312.5</ele>
        <time>2016-11-23T19:16:33.218Z</time>
        <extensions>
          <gpxtpx:TrackPointExtension>
            <gpxtpx:Extensions>
              <highway>tertiary</highway>
              <surface>asphalt</surface>
            </gpxtpx:Extensions>
          </gpxtpx:TrackPointExtension>
        </extensions>
      </trkpt>
      <trkpt lat="45.325271" lon="7.881218">
        <ele>312.5</ele>
        <time>2016-11-23T19:16:34.497Z</time>
        <extensions>
          <gpxtpx:TrackPointExtension>
            <gpxtpx:Extensions>
              <highway>tertiary</highway>
              <surface>asphalt</surface>
            </gpxtpx:Extensions>
          </gpxtpx:TrackPointExtension>
        </extensions>
      </trkpt>
      <trkpt lat="45.325312" lon="7.881301">
        <ele>312.5</ele>
        <time>2016-11-23T19:16:35.648Z</time>
        <extensions>
          <gpxtpx:TrackPointExtension>
            <gpxtpx:Extensions>
              <highway>tertiary</highway>
              <surface>asphalt</surface>
            </gpxtpx:Extensions>
          </gpxtpx:TrackPointExtension>
        </extensions>
      </trkpt>
      <trkpt lat="45.325755" lon="7.882111">
        <ele>307.75</ele>
        <time>2016-11-23T19:16:47.295Z</time>
        <extensions>
          <gpxtpx:TrackPointExtension>
            <gpxtpx:Extensions>
              <highway>tertiary</highway>
              <surface>asphalt</surface>
            </gpxtpx:Extensions>
          </gpxtpx:TrackPointExtension>
        </extensions>
      </trkpt>
      <trkpt lat="45.326713" lon="7.883884">
        <ele>293.75</ele>
        <time>2016-11-23T19:17:12.673Z</time>
        <extensions>
          <gpxtpx:TrackPointExtension>
            <gpxtpx:Extensions>
              <highway>tertiary</highway>
              <surface>asphalt</surface>
            </gpxtpx:Extensions>
          </gpxtpx:TrackPointExtension>
        </extensions>
      </trkpt>
      <trkpt lat="45.326802" lon="7.884058">
        <ele>293</ele>
        <time>2016-11-23T19:17:15.115Z</time>
        <extensions>
          <gpxtpx:TrackPointExtension>
            <gpxtpx:Extensions>
              <highway>tertiary</highway>
              <surface>asphalt</surface>
            </gpxtpx:Extensions>
          </gpxtpx:TrackPointExtension>
        </extensions>
      </trkpt>
      <trkpt lat="45.327127" lon="7.884695">
        <ele>290.5</ele>
        <time>2016-11-23T19:17:24.047Z</time>
        <extensions>
          <gpxtpx:TrackPointExtension>
            <gpxtpx:Extensions>
              <highway>tertiary</highway>
              <surface>asphalt</surface>
            </gpxtpx:Extensions>
          </gpxtpx:TrackPointExtension>
        </extensions>
      </trkpt>
      <trkpt lat="45.327307" lon="7.885027">
        <ele>290</ele>
        <time>2016-11-23T19:17:28.805Z</time>
        <extensions>
          <gpxtpx:TrackPointExtension>
            <gpxtpx:Extensions>
              <highway>unclassified</highway>
              <surface>asphalt</surface>
            </gpxtpx:Extensions>
          </gpxtpx:TrackPointExtension>
        </extensions>
      </trkpt>
      <trkpt lat="45.327425" lon="7.88524">
        <ele>290</ele>
        <time>2016-11-23T19:17:31.882Z</time>
        <extensions>
          <gpxtpx:TrackPointExtension>
            <gpxtpx:Extensions>
              <highway>unclassified</highway>
              <surface>asphalt</surface>
            </gpxtpx:Extensions>
          </gpxtpx:TrackPointExtension>
        </extensions>
      </trkpt>
      <trkpt lat="45.327617" lon="7.885588">
        <ele>290.75</ele>
        <time>2016-11-23T19:17:36.902Z</time>
        <extensions>
          <gpxtpx:TrackPointExtension>
            <gpxtpx:Extensions>
              <highway>unclassified</highway>
              <surface>asphalt</surface>
            </gpxtpx:Extensions>
          </gpxtpx:TrackPointExtension>
        </extensions>
      </trkpt>
      <trkpt lat="45.327826" lon="7.885975">
        <ele>292.25</ele>
        <time>2016-11-23T19:17:42.440Z</time>
        <extensions>
          <gpxtpx:TrackPointExtension>
            <gpxtpx:Extensions>
              <highway>unclassified</highway>
              <surface>sett</surface>
              <maxspeed>30</maxspeed>
            </gpxtpx:Extensions>
          </gpxtpx:TrackPointExtension>
        </extensions>
      </trkpt>
      <trkpt lat="45.328004" lon="7.886311">
        <ele>293.5</ele>
        <time>2016-11-23T19:17:47.214Z</time>
        <extensions>
          <gpxtpx:TrackPointExtension>
            <gpxtpx:Extensions>
              <highway>unclassified</highway>
              <surface>sett</surface>
              <maxspeed>30</maxspeed>
            </gpxtpx:Extensions>
          </gpxtpx:TrackPointExtension>
        </extensions>
      </trkpt>
      <trkpt lat="45.328105" lon="7.886546">
        <ele>293.75</ele>
        <time>2016-11-23T19:17:50.339Z</time>
        <extensions>
          <gpxtpx:TrackPointExtension>
            <gpxtpx:Extensions>
              <highway>unclassified</highway>
              <surface>sett</surface>
              <maxspeed>30</maxspeed>
            </gpxtpx:Extensions>
          </gpxtpx:TrackPointExtension>
        </extensions>
      </trkpt>
      <trkpt lat="45.328118" lon="7.886856">
        <ele>293.5</ele>
        <time>2016-11-23T19:17:53.863Z</time>
        <extensions>
          <gpxtpx:TrackPointExtension>
            <gpxtpx:Extensions>
              <highway>unclassified</highway>
              <surface>sett</surface>
              <maxspeed>30</maxspeed>
            </gpxtpx:Extensions>
          </gpxtpx:TrackPointExtension>
        </extensions>
      </trkpt>
      <trkpt lat="45.32811" lon="7.887054">
        <ele>293.5</ele>
        <time>2016-11-23T19:17:56.113Z</time>
        <extensions>
          <gpxtpx:TrackPointExtension>
            <gpxtpx:Extensions>
              <highway>unclassified</highway>
              <surface>sett</surface>
              <maxspeed>30</maxspeed>
            </gpxtpx:Extensions>
          </gpxtpx:TrackPointExtension>
        </extensions>
      </trkpt>
      <trkpt lat="45.328127" lon="7.887263">
        <ele>293.75</ele>
        <time>2016-11-23T19:17:58.500Z</time>
        <extensions>
          <gpxtpx:TrackPointExtension>
            <gpxtpx:Extensions>
              <highway>unclassified</highway>
              <surface>sett</surface>
              <maxspeed>30</maxspeed>
            </gpxtpx:Extensions>
          </gpxtpx:TrackPointExtension>
        </extensions>
      </trkpt>
      <trkpt lat="45.328209" lon="7.887307">
        <ele>294.25</ele>
        <time>2016-11-23T19:17:59.914Z</time>
        <extensions>
          <gpxtpx:TrackPointExtension>
            <gpxtpx:Extensions>
              <highway>unclassified</highway>
              <surface>sett</surface>
              <maxspeed>30</maxspeed>
            </gpxtpx:Extensions>
          </gpxtpx:TrackPointExtension>
        </extensions>
      </trkpt>
      <trkpt lat="45.328344" lon="7.887315">
        <ele>294.75</ele>
        <time>2016-11-23T19:18:01.917Z</time>
        <extensions>
          <gpxtpx:TrackPointExtension>
            <gpxtpx:Extensions>
              <highway>unclassified</highway>
              <surface>sett</surface>
              <maxspeed>30</maxspeed>
            </gpxtpx:Extensions>
          </gpxtpx:TrackPointExtension>
        </extensions>
      </trkpt>
      <trkpt lat="45.328342" lon="7.887315">
        <ele>294.5</ele>
        <time>2016-11-23T19:18:01.948Z</time>
        <extensions>
          <gpxtpx:TrackPointExtension>
            <gpxtpx:Extensions>
              <highway>unclassified</highway>
              <surface>sett</surface>
              <maxspeed>30</maxspeed>
            </gpxtpx:Extensions>
          </gpxtpx:TrackPointExtension>
        </extensions>
      </trkpt>
      <trkpt lat="45.328433" lon="7.887321">
        <ele>294.75</ele>
        <time>2016-11-23T19:18:03.298Z</time>
        <extensions>
          <gpxtpx:TrackPointExtension>
            <gpxtpx:Extensions>
              <highway>unclassified</highway>
              <surface>sett</surface>
              <maxspeed>30</maxspeed>
            </gpxtpx:Extensions>
          </gpxtpx:TrackPointExtension>
        </extensions>
      </trkpt>
      <trkpt lat="45.328564" lon="7.887317">
        <ele>294.75</ele>
        <time>2016-11-23T19:18:05.240Z</time>
        <extensions>
          <gpxtpx:TrackPointExtension>
            <gpxtpx:Extensions>
              <highway>unclassified</highway>
              <surface>sett</surface>
              <maxspeed>30</maxspeed>
            </gpxtpx:Extensions>
          </gpxtpx:TrackPointExtension>
        </extensions>
      </trkpt>
      <trkpt lat="45.32879" lon="7.887366">
        <ele>294.5</ele>
        <time>2016-11-23T19:18:08.629Z</time>
        <extensions>
          <gpxtpx:TrackPointExtension>
            <gpxtpx:Extensions>
              <highway>unclassified</highway>
              <surface>sett</surface>
              <maxspeed>30</maxspeed>
            </gpxtpx:Extensions>
          </gpxtpx:TrackPointExtension>
        </extensions>
      </trkpt>
      <trkpt lat="45.328925" lon="7.887428">
        <ele>294.25</ele>
        <time>2016-11-23T19:18:10.732Z</time>
        <extensions>
          <gpxtpx:TrackPointExtension>
            <gpxtpx:Extensions>
              <highway>unclassified</highway>
              <surface>sett</surface>
              <maxspeed>30</maxspeed>
            </gpxtpx:Extensions>
          </gpxtpx:TrackPointExtension>
        </extensions>
      </trkpt>
      <trkpt lat="45.329125" lon="7.887596">
        <ele>294</ele>
        <time>2016-11-23T19:18:14.176Z</time>
        <extensions>
          <gpxtpx:TrackPointExtension>
            <gpxtpx:Extensions>
              <highway>unclassified</highway>
              <surface>asphalt</surface>
            </gpxtpx:Extensions>
          </gpxtpx:TrackPointExtension>
        </extensions>
      </trkpt>
      <trkpt lat="45.329297" lon="7.887739">
        <ele>293.25</ele>
        <time>2016-11-23T19:18:17.130Z</time>
        <extensions>
          <gpxtpx:TrackPointExtension>
            <gpxtpx:Extensions>
              <highway>unclassified</highway>
              <surface>asphalt</surface>
            </gpxtpx:Extensions>
          </gpxtpx:TrackPointExtension>
        </extensions>
      </trkpt>
      <trkpt lat="45.329686" lon="7.887956">
        <ele>290.25</ele>
        <time>2016-11-23T19:18:23.325Z</time>
        <extensions>
          <gpxtpx:TrackPointExtension>
            <gpxtpx:Extensions>
              <highway>unclassified</highway>
              <surface>asphalt</surface>
            </gpxtpx:Extensions>
          </gpxtpx:TrackPointExtension>
        </extensions>
      </trkpt>
      <trkpt lat="45.329789" lon="7.887987">
        <ele>289.5</ele>
        <time>2016-11-23T19:18:24.886Z</time>
        <extensions>
          <gpxtpx:TrackPointExtension>
            <gpxtpx:Extensions>
              <highway>unclassified</highway>
              <surface>asphalt</surface>
            </gpxtpx:Extensions>
          </gpxtpx:TrackPointExtension>
        </extensions>
      </trkpt>
      <trkpt lat="45.330691" lon="7.888147">
        <ele>286</ele>
        <time>2016-11-23T19:18:38.364Z</time>
        <extensions>
          <gpxtpx:TrackPointExtension>
            <gpxtpx:Extensions>
              <highway>unclassified</highway>
              <surface>asphalt</surface>
            </gpxtpx:Extensions>
          </gpxtpx:TrackPointExtension>
        </extensions>
      </trkpt>
      <trkpt lat="45.332219" lon="7.888474">
        <ele>282.5</ele>
        <time>2016-11-23T19:19:01.275Z</time>
        <extensions>
          <gpxtpx:TrackPointExtension>
            <gpxtpx:Extensions>
              <highway>unclassified</highway>
              <surface>asphalt</surface>
            </gpxtpx:Extensions>
          </gpxtpx:TrackPointExtension>
        </extensions>
      </trkpt>
      <trkpt lat="45.333701" lon="7.888791">
        <ele>283.75</ele>
        <time>2016-11-23T19:19:23.496Z</time>
        <extensions>
          <gpxtpx:TrackPointExtension>
            <gpxtpx:Extensions>
              <highway>unclassified</highway>
              <surface>asphalt</surface>
            </gpxtpx:Extensions>
          </gpxtpx:TrackPointExtension>
        </extensions>
      </trkpt>
      <trkpt lat="45.333995" lon="7.88884">
        <ele>284.5</ele>
        <time>2016-11-23T19:19:27.885Z</time>
        <extensions>
          <gpxtpx:TrackPointExtension>
            <gpxtpx:Extensions>
              <highway>unclassified</highway>
              <surface>asphalt</surface>
            </gpxtpx:Extensions>
          </gpxtpx:TrackPointExtension>
        </extensions>
      </trkpt>
      <trkpt lat="45.334146" lon="7.888889">
        <ele>284.75</ele>
        <time>2016-11-23T19:19:30.181Z</time>
        <extensions>
          <gpxtpx:TrackPointExtension>
            <gpxtpx:Extensions>
              <highway>unclassified</highway>
              <surface>asphalt</surface>
            </gpxtpx:Extensions>
          </gpxtpx:TrackPointExtension>
        </extensions>
      </trkpt>
      <trkpt lat="45.334179" lon="7.888911">
        <ele>285.5</ele>
        <time>2016-11-23T19:19:30.462Z</time>
        <extensions>
          <gpxtpx:TrackPointExtension>
            <gpxtpx:Extensions>
              <highway>unclassified</highway>
              <surface>asphalt</surface>
            </gpxtpx:Extensions>
          </gpxtpx:TrackPointExtension>
        </extensions>
      </trkpt>
      <trkpt lat="45.334178" lon="7.88891">
        <ele>284.75</ele>
        <time>2016-11-23T19:19:30.468Z</time>
        <extensions>
          <gpxtpx:TrackPointExtension>
            <gpxtpx:Extensions>
              <highway>unclassified</highway>
              <surface>asphalt</surface>
            </gpxtpx:Extensions>
          </gpxtpx:TrackPointExtension>
        </extensions>
      </trkpt>
      <trkpt lat="45.334258" lon="7.888964">
        <ele>285.5</ele>
        <time>2016-11-23T19:19:31.150Z</time>
        <extensions>
          <gpxtpx:TrackPointExtension>
            <gpxtpx:Extensions>
              <highway>unclassified</highway>
              <surface>asphalt</surface>
            </gpxtpx:Extensions>
          </gpxtpx:TrackPointExtension>
        </extensions>
      </trkpt>
      <trkpt lat="45.334334" lon="7.889044">
        <ele>285.75</ele>
        <time>2016-11-23T19:19:31.879Z</time>
        <extensions>
          <gpxtpx:TrackPointExtension>
            <gpxtpx:Extensions>
              <highway>unclassified</highway>
              <surface>asphalt</surface>
            </gpxtpx:Extensions>
          </gpxtpx:TrackPointExtension>
        </extensions>
      </trkpt>
      <trkpt lat="45.334587" lon="7.889506">
        <ele>285.25</ele>
        <time>2016-11-23T19:19:35.054Z</time>
        <extensions>
          <gpxtpx:TrackPointExtension>
            <gpxtpx:Extensions>
              <highway>unclassified</highway>
              <surface>asphalt</surface>
            </gpxtpx:Extensions>
          </gpxtpx:TrackPointExtension>
        </extensions>
      </trkpt>
      <trkpt lat="45.334704" lon="7.889673">
        <ele>285.25</ele>
        <time>2016-11-23T19:19:36.332Z</time>
        <extensions>
          <gpxtpx:TrackPointExtension>
            <gpxtpx:Extensions>
              <highway>unclassified</highway>
              <surface>asphalt</surface>
            </gpxtpx:Extensions>
          </gpxtpx:TrackPointExtension>
        </extensions>
      </trkpt>
      <trkpt lat="45.334833" lon="7.889824">
        <ele>285.25</ele>
        <time>2016-11-23T19:19:37.620Z</time>
        <extensions>
          <gpxtpx:TrackPointExtension>
            <gpxtpx:Extensions>
              <highway>unclassified</highway>
              <surface>asphalt</surface>
            </gpxtpx:Extensions>
          </gpxtpx:TrackPointExtension>
        </extensions>
      </trkpt>
      <trkpt lat="45.335005" lon="7.889997">
        <ele>285</ele>
        <time>2016-11-23T19:19:39.244Z</time>
        <extensions>
          <gpxtpx:TrackPointExtension>
            <gpxtpx:Extensions>
              <highway>unclassified</highway>
              <surface>asphalt</surface>
            </gpxtpx:Extensions>
          </gpxtpx:TrackPointExtension>
        </extensions>
      </trkpt>
      <trkpt lat="45.335135" lon="7.89011">
        <ele>284.25</ele>
        <time>2016-11-23T19:19:40.418Z</time>
        <extensions>
          <gpxtpx:TrackPointExtension>
            <gpxtpx:Extensions>
              <highway>unclassified</highway>
              <surface>asphalt</surface>
            </gpxtpx:Extensions>
          </gpxtpx:TrackPointExtension>
        </extensions>
      </trkpt>
      <trkpt lat="45.335279" lon="7.890199">
        <ele>284.25</ele>
        <time>2016-11-23T19:19:41.628Z</time>
        <extensions>
          <gpxtpx:TrackPointExtension>
            <gpxtpx:Extensions>
              <highway>unclassified</highway>
              <surface>asphalt</surface>
            </gpxtpx:Extensions>
          </gpxtpx:TrackPointExtension>
        </extensions>
      </trkpt>
      <trkpt lat="45.335637" lon="7.890301">
        <ele>285.25</ele>
        <time>2016-11-23T19:19:44.443Z</time>
        <extensions>
          <gpxtpx:TrackPointExtension>
            <gpxtpx:Extensions>
              <highway>unclassified</highway>
              <surface>asphalt</surface>
            </gpxtpx:Extensions>
          </gpxtpx:TrackPointExtension>
        </extensions>
      </trkpt>
      <trkpt lat="45.335737" lon="7.890301">
        <ele>286</ele>
        <time>2016-11-23T19:19:45.214Z</time>
        <extensions>
          <gpxtpx:TrackPointExtension>
            <gpxtpx:Extensions>
              <highway>unclassified</highway>
              <surface>asphalt</surface>
            </gpxtpx:Extensions>
          </gpxtpx:TrackPointExtension>
        </extensions>
      </trkpt>
      <trkpt lat="45.335776" lon="7.890281">
        <ele>286.5</ele>
        <time>2016-11-23T19:19:45.533Z</time>
        <extensions>
          <gpxtpx:TrackPointExtension>
            <gpxtpx:Extensions>
              <highway>unclassified</highway>
              <surface>asphalt</surface>
            </gpxtpx:Extensions>
          </gpxtpx:TrackPointExtension>
        </extensions>
      </trkpt>
      <trkpt lat="45.335846" lon="7.890234">
        <ele>287.5</ele>
        <time>2016-11-23T19:19:46.129Z</time>
        <extensions>
          <gpxtpx:TrackPointExtension>
            <gpxtpx:Extensions>
              <reversedirection>yes</reversedirection>
              <highway>primary</highway>
              <surface>asphalt</surface>
              <maxspeed>70</maxspeed>
            </gpxtpx:Extensions>
          </gpxtpx:TrackPointExtension>
        </extensions>
      </trkpt>
      <trkpt lat="45.335941" lon="7.890238">
        <ele>287.25</ele>
        <time>2016-11-23T19:19:46.862Z</time>
        <extensions>
          <gpxtpx:TrackPointExtension>
            <gpxtpx:Extensions>
              <reversedirection>yes</reversedirection>
              <highway>primary</highway>
              <surface>asphalt</surface>
              <maxspeed>70</maxspeed>
            </gpxtpx:Extensions>
          </gpxtpx:TrackPointExtension>
        </extensions>
      </trkpt>
      <trkpt lat="45.336026" lon="7.89023">
        <ele>287</ele>
        <time>2016-11-23T19:19:47.519Z</time>
        <extensions>
          <gpxtpx:TrackPointExtension>
            <gpxtpx:Extensions>
              <reversedirection>yes</reversedirection>
              <highway>primary</highway>
              <surface>asphalt</surface>
              <maxspeed>70</maxspeed>
            </gpxtpx:Extensions>
          </gpxtpx:TrackPointExtension>
        </extensions>
      </trkpt>
      <trkpt lat="45.336208" lon="7.890189">
        <ele>287</ele>
        <time>2016-11-23T19:19:48.940Z</time>
        <extensions>
          <gpxtpx:TrackPointExtension>
            <gpxtpx:Extensions>
              <reversedirection>yes</reversedirection>
              <highway>primary</highway>
              <surface>asphalt</surface>
              <maxspeed>70</maxspeed>
            </gpxtpx:Extensions>
          </gpxtpx:TrackPointExtension>
        </extensions>
      </trkpt>
      <trkpt lat="45.336343" lon="7.890141">
        <ele>287.25</ele>
        <time>2016-11-23T19:19:50.013Z</time>
        <extensions>
          <gpxtpx:TrackPointExtension>
            <gpxtpx:Extensions>
              <reversedirection>yes</reversedirection>
              <highway>primary</highway>
              <surface>asphalt</surface>
              <maxspeed>70</maxspeed>
            </gpxtpx:Extensions>
          </gpxtpx:TrackPointExtension>
        </extensions>
      </trkpt>
      <trkpt lat="45.336567" lon="7.890017">
        <ele>288</ele>
        <time>2016-11-23T19:19:51.866Z</time>
        <extensions>
          <gpxtpx:TrackPointExtension>
            <gpxtpx:Extensions>
              <reversedirection>yes</reversedirection>
              <highway>primary</highway>
              <surface>asphalt</surface>
              <maxspeed>70</maxspeed>
            </gpxtpx:Extensions>
          </gpxtpx:TrackPointExtension>
        </extensions>
      </trkpt>
      <trkpt lat="45.338154" lon="7.888841">
        <ele>285</ele>
        <time>2016-11-23T19:20:05.666Z</time>
        <extensions>
          <gpxtpx:TrackPointExtension>
            <gpxtpx:Extensions>
              <reversedirection>yes</reversedirection>
              <highway>primary</highway>
              <surface>asphalt</surface>
              <maxspeed>70</maxspeed>
            </gpxtpx:Extensions>
          </gpxtpx:TrackPointExtension>
        </extensions>
      </trkpt>
      <trkpt lat="45.339028" lon="7.888189">
        <ele>277.75</ele>
        <time>2016-11-23T19:20:13.277Z</time>
        <extensions>
          <gpxtpx:TrackPointExtension>
            <gpxtpx:Extensions>
              <reversedirection>yes</reversedirection>
              <highway>primary</highway>
              <surface>asphalt</surface>
              <maxspeed>70</maxspeed>
            </gpxtpx:Extensions>
          </gpxtpx:TrackPointExtension>
        </extensions>
      </trkpt>
      <trkpt lat="45.3392" lon="7.888065">
        <ele>277.5</ele>
        <time>2016-11-23T19:20:14.764Z</time>
        <extensions>
          <gpxtpx:TrackPointExtension>
            <gpxtpx:Extensions>
              <reversedirection>yes</reversedirection>
              <highway>primary</highway>
              <surface>asphalt</surface>
              <maxspeed>70</maxspeed>
            </gpxtpx:Extensions>
          </gpxtpx:TrackPointExtension>
        </extensions>
      </trkpt>
      <trkpt lat="45.339354" lon="7.887969">
        <ele>277.25</ele>
        <time>2016-11-23T19:20:16.060Z</time>
        <extensions>
          <gpxtpx:TrackPointExtension>
            <gpxtpx:Extensions>
              <reversedirection>yes</reversedirection>
              <highway>primary</highway>
              <surface>asphalt</surface>
              <maxspeed>70</maxspeed>
            </gpxtpx:Extensions>
          </gpxtpx:TrackPointExtension>
        </extensions>
      </trkpt>
      <trkpt lat="45.339807" lon="7.88772">
        <ele>276.25</ele>
        <time>2016-11-23T19:20:19.805Z</time>
        <extensions>
          <gpxtpx:TrackPointExtension>
            <gpxtpx:Extensions>
              <reversedirection>yes</reversedirection>
              <highway>primary</highway>
              <surface>asphalt</surface>
              <maxspeed>70</maxspeed>
            </gpxtpx:Extensions>
          </gpxtpx:TrackPointExtension>
        </extensions>
      </trkpt>
      <trkpt lat="45.342132" lon="7.886485">
        <ele>270</ele>
        <time>2016-11-23T19:20:38.945Z</time>
        <extensions>
          <gpxtpx:TrackPointExtension>
            <gpxtpx:Extensions>
              <reversedirection>yes</reversedirection>
              <highway>primary</highway>
              <surface>asphalt</surface>
              <maxspeed>70</maxspeed>
            </gpxtpx:Extensions>
          </gpxtpx:TrackPointExtension>
        </extensions>
      </trkpt>
      <trkpt lat="45.342337" lon="7.88639">
        <ele>268.25</ele>
        <time>2016-11-23T19:20:40.607Z</time>
        <extensions>
          <gpxtpx:TrackPointExtension>
            <gpxtpx:Extensions>
              <reversedirection>yes</reversedirection>
              <highway>primary</highway>
              <surface>asphalt</surface>
              <maxspeed>70</maxspeed>
            </gpxtpx:Extensions>
          </gpxtpx:TrackPointExtension>
        </extensions>
      </trkpt>
      <trkpt lat="45.342532" lon="7.886316">
        <ele>267</ele>
        <time>2016-11-23T19:20:42.163Z</time>
        <extensions>
          <gpxtpx:TrackPointExtension>
            <gpxtpx:Extensions>
              <reversedirection>yes</reversedirection>
              <highway>primary</highway>
              <surface>asphalt</surface>
              <maxspeed>70</maxspeed>
            </gpxtpx:Extensions>
          </gpxtpx:TrackPointExtension>
        </extensions>
      </trkpt>
      <trkpt lat="45.342738" lon="7.886245">
        <ele>268</ele>
        <time>2016-11-23T19:20:43.797Z</time>
        <extensions>
          <gpxtpx:TrackPointExtension>
            <gpxtpx:Extensions>
              <reversedirection>yes</reversedirection>
              <highway>primary</highway>
              <surface>asphalt</surface>
              <maxspeed>70</maxspeed>
            </gpxtpx:Extensions>
          </gpxtpx:TrackPointExtension>
        </extensions>
      </trkpt>
      <trkpt lat="45.343304" lon="7.886075">
        <ele>270</ele>
        <time>2016-11-23T19:20:48.258Z</time>
        <extensions>
          <gpxtpx:TrackPointExtension>
            <gpxtpx:Extensions>
              <reversedirection>yes</reversedirection>
              <highway>primary</highway>
              <surface>asphalt</surface>
              <maxspeed>70</maxspeed>
            </gpxtpx:Extensions>
          </gpxtpx:TrackPointExtension>
        </extensions>
      </trkpt>
      <trkpt lat="45.343853" lon="7.885902">
        <ele>270</ele>
        <time>2016-11-23T19:20:52.594Z</time>
        <extensions>
          <gpxtpx:TrackPointExtension>
            <gpxtpx:Extensions>
              <reversedirection>yes</reversedirection>
              <highway>primary</highway>
              <surface>asphalt</surface>
              <maxspeed>70</maxspeed>
            </gpxtpx:Extensions>
          </gpxtpx:TrackPointExtension>
        </extensions>
      </trkpt>
      <trkpt lat="45.345179" lon="7.885504">
        <ele>271.25</ele>
        <time>2016-11-23T19:21:03.045Z</time>
        <extensions>
          <gpxtpx:TrackPointExtension>
            <gpxtpx:Extensions>
              <reversedirection>yes</reversedirection>
              <highway>primary</highway>
              <surface>asphalt</surface>
              <maxspeed>70</maxspeed>
            </gpxtpx:Extensions>
          </gpxtpx:TrackPointExtension>
        </extensions>
      </trkpt>
      <trkpt lat="45.345385" lon="7.885423">
        <ele>271</ele>
        <time>2016-11-23T19:21:04.693Z</time>
        <extensions>
          <gpxtpx:TrackPointExtension>
            <gpxtpx:Extensions>
              <reversedirection>yes</reversedirection>
              <highway>primary</highway>
              <surface>asphalt</surface>
              <maxspeed>70</maxspeed>
            </gpxtpx:Extensions>
          </gpxtpx:TrackPointExtension>
        </extensions>
      </trkpt>
      <trkpt lat="45.345459" lon="7.885381">
        <ele>271</ele>
        <time>2016-11-23T19:21:05.307Z</time>
        <extensions>
          <gpxtpx:TrackPointExtension>
            <gpxtpx:Extensions>
              <reversedirection>yes</reversedirection>
              <highway>primary</highway>
              <surface>asphalt</surface>
              <maxspeed>70</maxspeed>
            </gpxtpx:Extensions>
          </gpxtpx:TrackPointExtension>
        </extensions>
      </trkpt>
      <trkpt lat="45.345578" lon="7.885294">
        <ele>270.75</ele>
        <time>2016-11-23T19:21:06.338Z</time>
        <extensions>
          <gpxtpx:TrackPointExtension>
            <gpxtpx:Extensions>
              <reversedirection>yes</reversedirection>
              <highway>primary</highway>
              <surface>asphalt</surface>
              <maxspeed>70</maxspeed>
            </gpxtpx:Extensions>
          </gpxtpx:TrackPointExtension>
        </extensions>
      </trkpt>
      <trkpt lat="45.347486" lon="7.883692">
        <ele>269.25</ele>
        <time>2016-11-23T19:21:23.424Z</time>
        <extensions>
          <gpxtpx:TrackPointExtension>
            <gpxtpx:Extensions>
              <reversedirection>yes</reversedirection>
              <highway>primary</highway>
              <surface>asphalt</surface>
              <maxspeed>70</maxspeed>
            </gpxtpx:Extensions>
          </gpxtpx:TrackPointExtension>
        </extensions>
      </trkpt>
      <trkpt lat="45.348597" lon="7.882759">
        <ele>272.75</ele>
        <time>2016-11-23T19:21:33.373Z</time>
        <extensions>
          <gpxtpx:TrackPointExtension>
            <gpxtpx:Extensions>
              <reversedirection>yes</reversedirection>
              <highway>primary</highway>
              <surface>asphalt</surface>
              <maxspeed>70</maxspeed>
            </gpxtpx:Extensions>
          </gpxtpx:TrackPointExtension>
        </extensions>
      </trkpt>
      <trkpt lat="45.348737" lon="7.882653">
        <ele>272.5</ele>
        <time>2016-11-23T19:21:34.596Z</time>
        <extensions>
          <gpxtpx:TrackPointExtension>
            <gpxtpx:Extensions>
              <reversedirection>yes</reversedirection>
              <highway>primary</highway>
              <surface>asphalt</surface>
              <maxspeed>70</maxspeed>
            </gpxtpx:Extensions>
          </gpxtpx:TrackPointExtension>
        </extensions>
      </trkpt>
      <trkpt lat="45.348854" lon="7.882578">
        <ele>272.25</ele>
        <time>2016-11-23T19:21:35.585Z</time>
        <extensions>
          <gpxtpx:TrackPointExtension>
            <gpxtpx:Extensions>
              <reversedirection>yes</reversedirection>
              <highway>primary</highway>
              <surface>asphalt</surface>
              <maxspeed>70</maxspeed>
            </gpxtpx:Extensions>
          </gpxtpx:TrackPointExtension>
        </extensions>
      </trkpt>
      <trkpt lat="45.349036" lon="7.882506">
        <ele>272.5</ele>
        <time>2016-11-23T19:21:37.041Z</time>
        <extensions>
          <gpxtpx:TrackPointExtension>
            <gpxtpx:Extensions>
              <reversedirection>yes</reversedirection>
              <highway>primary</highway>
              <surface>asphalt</surface>
              <maxspeed>70</maxspeed>
            </gpxtpx:Extensions>
          </gpxtpx:TrackPointExtension>
        </extensions>
      </trkpt>
      <trkpt lat="45.349149" lon="7.882483">
        <ele>272.75</ele>
        <time>2016-11-23T19:21:37.921Z</time>
        <extensions>
          <gpxtpx:TrackPointExtension>
            <gpxtpx:Extensions>
              <reversedirection>yes</reversedirection>
              <highway>primary</highway>
              <surface>asphalt</surface>
              <maxspeed>70</maxspeed>
            </gpxtpx:Extensions>
          </gpxtpx:TrackPointExtension>
        </extensions>
      </trkpt>
      <trkpt lat="45.34927" lon="7.882478">
        <ele>272.25</ele>
        <time>2016-11-23T19:21:38.854Z</time>
        <extensions>
          <gpxtpx:TrackPointExtension>
            <gpxtpx:Extensions>
              <reversedirection>yes</reversedirection>
              <highway>primary</highway>
              <surface>asphalt</surface>
              <maxspeed>70</maxspeed>
            </gpxtpx:Extensions>
          </gpxtpx:TrackPointExtension>
        </extensions>
      </trkpt>
      <trkpt lat="45.349384" lon="7.882489">
        <ele>271.5</ele>
        <time>2016-11-23T19:21:39.735Z</time>
        <extensions>
          <gpxtpx:TrackPointExtension>
            <gpxtpx:Extensions>
              <reversedirection>yes</reversedirection>
              <highway>primary</highway>
              <surface>asphalt</surface>
              <maxspeed>70</maxspeed>
            </gpxtpx:Extensions>
          </gpxtpx:TrackPointExtension>
        </extensions>
      </trkpt>
      <trkpt lat="45.349719" lon="7.882584">
        <ele>270.25</ele>
        <time>2016-11-23T19:21:42.369Z</time>
        <extensions>
          <gpxtpx:TrackPointExtension>
            <gpxtpx:Extensions>
              <reversedirection>yes</reversedirection>
              <highway>primary</highway>
              <surface>asphalt</surface>
              <maxspeed>70</maxspeed>
            </gpxtpx:Extensions>
          </gpxtpx:TrackPointExtension>
        </extensions>
      </trkpt>
      <trkpt lat="45.350115" lon="7.882708">
        <ele>268.75</ele>
        <time>2016-11-23T19:21:45.496Z</time>
        <extensions>
          <gpxtpx:TrackPointExtension>
            <gpxtpx:Extensions>
              <reversedirection>yes</reversedirection>
              <highway>primary</highway>
              <surface>asphalt</surface>
              <maxspeed>50</maxspeed>
            </gpxtpx:Extensions>
          </gpxtpx:TrackPointExtension>
        </extensions>
      </trkpt>
      <trkpt lat="45.350479" lon="7.8828">
        <ele>267.75</ele>
        <time>2016-11-23T19:21:48.347Z</time>
        <extensions>
          <gpxtpx:TrackPointExtension>
            <gpxtpx:Extensions>
              <reversedirection>yes</reversedirection>
              <highway>primary</highway>
              <surface>asphalt</surface>
              <maxspeed>50</maxspeed>
            </gpxtpx:Extensions>
          </gpxtpx:TrackPointExtension>
        </extensions>
      </trkpt>
      <trkpt lat="45.350778" lon="7.88285">
        <ele>266.5</ele>
        <time>2016-11-23T19:21:50.668Z</time>
        <extensions>
          <gpxtpx:TrackPointExtension>
            <gpxtpx:Extensions>
              <reversedirection>yes</reversedirection>
              <highway>primary</highway>
              <surface>asphalt</surface>
              <maxspeed>50</maxspeed>
            </gpxtpx:Extensions>
          </gpxtpx:TrackPointExtension>
        </extensions>
      </trkpt>
      <trkpt lat="45.350915" lon="7.882859">
        <ele>266</ele>
        <time>2016-11-23T19:21:51.725Z</time>
        <extensions>
          <gpxtpx:TrackPointExtension>
            <gpxtpx:Extensions>
              <reversedirection>yes</reversedirection>
              <highway>primary</highway>
              <surface>asphalt</surface>
              <maxspeed>50</maxspeed>
            </gpxtpx:Extensions>
          </gpxtpx:TrackPointExtension>
        </extensions>
      </trkpt>
      <trkpt lat="45.351135" lon="7.88286">
        <ele>265.5</ele>
        <time>2016-11-23T19:21:53.421Z</time>
        <extensions>
          <gpxtpx:TrackPointExtension>
            <gpxtpx:Extensions>
              <reversedirection>yes</reversedirection>
              <highway>primary</highway>
              <surface>asphalt</surface>
              <maxspeed>50</maxspeed>
            </gpxtpx:Extensions>
          </gpxtpx:TrackPointExtension>
        </extensions>
      </trkpt>
      <trkpt lat="45.352111" lon="7.88285">
        <ele>262.5</ele>
        <time>2016-11-23T19:22:00.948Z</time>
        <extensions>
          <gpxtpx:TrackPointExtension>
            <gpxtpx:Extensions>
              <reversedirection>yes</reversedirection>
              <highway>primary</highway>
              <surface>asphalt</surface>
              <maxspeed>50</maxspeed>
            </gpxtpx:Extensions>
          </gpxtpx:TrackPointExtension>
        </extensions>
      </trkpt>
      <trkpt lat="45.353015" lon="7.882832">
        <ele>259.25</ele>
        <time>2016-11-23T19:22:07.920Z</time>
        <extensions>
          <gpxtpx:TrackPointExtension>
            <gpxtpx:Extensions>
              <reversedirection>yes</reversedirection>
              <highway>primary</highway>
              <surface>asphalt</surface>
              <maxspeed>50</maxspeed>
            </gpxtpx:Extensions>
          </gpxtpx:TrackPointExtension>
        </extensions>
      </trkpt>
      <trkpt lat="45.353254" lon="7.882834">
        <ele>258.5</ele>
        <time>2016-11-23T19:22:09.763Z</time>
        <extensions>
          <gpxtpx:TrackPointExtension>
            <gpxtpx:Extensions>
              <reversedirection>yes</reversedirection>
              <highway>primary</highway>
              <surface>asphalt</surface>
              <maxspeed>50</maxspeed>
            </gpxtpx:Extensions>
          </gpxtpx:TrackPointExtension>
        </extensions>
      </trkpt>
      <trkpt lat="45.353362" lon="7.882846">
        <ele>258</ele>
        <time>2016-11-23T19:22:10.598Z</time>
        <extensions>
          <gpxtpx:TrackPointExtension>
            <gpxtpx:Extensions>
              <reversedirection>yes</reversedirection>
              <highway>primary</highway>
              <surface>asphalt</surface>
              <maxspeed>50</maxspeed>
            </gpxtpx:Extensions>
          </gpxtpx:TrackPointExtension>
        </extensions>
      </trkpt>
      <trkpt lat="45.353592" lon="7.882897">
        <ele>257</ele>
        <time>2016-11-23T19:22:12.393Z</time>
        <extensions>
          <gpxtpx:TrackPointExtension>
            <gpxtpx:Extensions>
              <reversedirection>yes</reversedirection>
              <highway>primary</highway>
              <surface>asphalt</surface>
              <maxspeed>50</maxspeed>
            </gpxtpx:Extensions>
          </gpxtpx:TrackPointExtension>
        </extensions>
      </trkpt>
      <trkpt lat="45.353743" lon="7.882953">
        <ele>256.25</ele>
        <time>2016-11-23T19:22:13.596Z</time>
        <extensions>
          <gpxtpx:TrackPointExtension>
            <gpxtpx:Extensions>
              <reversedirection>yes</reversedirection>
              <highway>primary</highway>
              <surface>asphalt</surface>
              <maxspeed>50</maxspeed>
            </gpxtpx:Extensions>
          </gpxtpx:TrackPointExtension>
        </extensions>
      </trkpt>
      <trkpt lat="45.353808" lon="7.883019">
        <ele>256</ele>
        <time>2016-11-23T19:22:14.211Z</time>
        <extensions>
          <gpxtpx:TrackPointExtension>
            <gpxtpx:Extensions>
              <reversedirection>yes</reversedirection>
              <highway>primary</highway>
              <surface>asphalt</surface>
              <maxspeed>50</maxspeed>
            </gpxtpx:Extensions>
          </gpxtpx:TrackPointExtension>
        </extensions>
      </trkpt>
      <trkpt lat="45.353871" lon="7.88311">
        <ele>256</ele>
        <time>2016-11-23T19:22:14.903Z</time>
        <extensions>
          <gpxtpx:TrackPointExtension>
            <gpxtpx:Extensions>
              <reversedirection>yes</reversedirection>
              <highway>primary</highway>
              <surface>asphalt</surface>
              <maxspeed>50</maxspeed>
            </gpxtpx:Extensions>
          </gpxtpx:TrackPointExtension>
        </extensions>
      </trkpt>
      <trkpt lat="45.3539" lon="7.883179">
        <ele>256</ele>
        <time>2016-11-23T19:22:15.338Z</time>
        <extensions>
          <gpxtpx:TrackPointExtension>
            <gpxtpx:Extensions>
              <reversedirection>yes</reversedirection>
              <highway>primary</highway>
              <surface>asphalt</surface>
              <maxspeed>50</maxspeed>
            </gpxtpx:Extensions>
          </gpxtpx:TrackPointExtension>
        </extensions>
      </trkpt>
      <trkpt lat="45.353913" lon="7.883237">
        <ele>256.25</ele>
        <time>2016-11-23T19:22:15.667Z</time>
        <extensions>
          <gpxtpx:TrackPointExtension>
            <gpxtpx:Extensions>
              <reversedirection>yes</reversedirection>
              <highway>primary</highway>
              <surface>asphalt</surface>
              <maxspeed>50</maxspeed>
            </gpxtpx:Extensions>
          </gpxtpx:TrackPointExtension>
        </extensions>
      </trkpt>
      <trkpt lat="45.353921" lon="7.883303">
        <ele>256.25</ele>
        <time>2016-11-23T19:22:16.029Z</time>
        <extensions>
          <gpxtpx:TrackPointExtension>
            <gpxtpx:Extensions>
              <reversedirection>yes</reversedirection>
              <highway>primary</highway>
              <surface>asphalt</surface>
              <maxspeed>50</maxspeed>
            </gpxtpx:Extensions>
          </gpxtpx:TrackPointExtension>
        </extensions>
      </trkpt>
      <trkpt lat="45.35392" lon="7.883374">
        <ele>256.25</ele>
        <time>2016-11-23T19:22:16.413Z</time>
        <extensions>
          <gpxtpx:TrackPointExtension>
            <gpxtpx:Extensions>
              <reversedirection>yes</reversedirection>
              <highway>primary</highway>
              <surface>asphalt</surface>
              <maxspeed>50</maxspeed>
            </gpxtpx:Extensions>
          </gpxtpx:TrackPointExtension>
        </extensions>
      </trkpt>
      <trkpt lat="45.353914" lon="7.883458">
        <ele>256</ele>
        <time>2016-11-23T19:22:16.870Z</time>
        <extensions>
          <gpxtpx:TrackPointExtension>
            <gpxtpx:Extensions>
              <reversedirection>yes</reversedirection>
              <highway>primary</highway>
              <surface>asphalt</surface>
              <maxspeed>50</maxspeed>
            </gpxtpx:Extensions>
          </gpxtpx:TrackPointExtension>
        </extensions>
      </trkpt>
      <trkpt lat="45.353674" lon="7.884533">
        <ele>252.5</ele>
        <time>2016-11-23T19:22:22.983Z</time>
        <extensions>
          <gpxtpx:TrackPointExtension>
            <gpxtpx:Extensions>
              <reversedirection>yes</reversedirection>
              <highway>primary</highway>
              <surface>asphalt</surface>
              <maxspeed>50</maxspeed>
            </gpxtpx:Extensions>
          </gpxtpx:TrackPointExtension>
        </extensions>
      </trkpt>
      <trkpt lat="45.353639" lon="7.884755">
        <ele>251.25</ele>
        <time>2016-11-23T19:22:24.216Z</time>
        <extensions>
          <gpxtpx:TrackPointExtension>
            <gpxtpx:Extensions>
              <reversedirection>yes</reversedirection>
              <highway>primary</highway>
              <surface>asphalt</surface>
              <maxspeed>50</maxspeed>
            </gpxtpx:Extensions>
          </gpxtpx:TrackPointExtension>
        </extensions>
      </trkpt>
      <trkpt lat="45.353648" lon="7.884897">
        <ele>250</ele>
        <time>2016-11-23T19:22:24.988Z</time>
        <extensions>
          <gpxtpx:TrackPointExtension>
            <gpxtpx:Extensions>
              <reversedirection>yes</reversedirection>
              <highway>primary</highway>
              <surface>asphalt</surface>
              <maxspeed>50</maxspeed>
            </gpxtpx:Extensions>
          </gpxtpx:TrackPointExtension>
        </extensions>
      </trkpt>
      <trkpt lat="45.35366" lon="7.884953">
        <ele>249.75</ele>
        <time>2016-11-23T19:22:25.305Z</time>
        <extensions>
          <gpxtpx:TrackPointExtension>
            <gpxtpx:Extensions>
              <reversedirection>yes</reversedirection>
              <highway>primary</highway>
              <surface>asphalt</surface>
              <maxspeed>50</maxspeed>
            </gpxtpx:Extensions>
          </gpxtpx:TrackPointExtension>
        </extensions>
      </trkpt>
      <trkpt lat="45.353685" lon="7.885018">
        <ele>249</ele>
        <time>2016-11-23T19:22:25.706Z</time>
        <extensions>
          <gpxtpx:TrackPointExtension>
            <gpxtpx:Extensions>
              <reversedirection>yes</reversedirection>
              <highway>primary</highway>
              <surface>asphalt</surface>
              <maxspeed>50</maxspeed>
            </gpxtpx:Extensions>
          </gpxtpx:TrackPointExtension>
        </extensions>
      </trkpt>
      <trkpt lat="45.35375" lon="7.885119">
        <ele>247.5</ele>
        <time>2016-11-23T19:22:26.448Z</time>
        <extensions>
          <gpxtpx:TrackPointExtension>
            <gpxtpx:Extensions>
              <reversedirection>yes</reversedirection>
              <highway>primary</highway>
              <surface>asphalt</surface>
              <maxspeed>50</maxspeed>
            </gpxtpx:Extensions>
          </gpxtpx:TrackPointExtension>
        </extensions>
      </trkpt>
      <trkpt lat="45.353801" lon="7.885166">
        <ele>247</ele>
        <time>2016-11-23T19:22:26.916Z</time>
        <extensions>
          <gpxtpx:TrackPointExtension>
            <gpxtpx:Extensions>
              <reversedirection>yes</reversedirection>
              <highway>primary</highway>
              <surface>asphalt</surface>
              <maxspeed>50</maxspeed>
            </gpxtpx:Extensions>
          </gpxtpx:TrackPointExtension>
        </extensions>
      </trkpt>
      <trkpt lat="45.353863" lon="7.885201">
        <ele>246.25</ele>
        <time>2016-11-23T19:22:27.430Z</time>
        <extensions>
          <gpxtpx:TrackPointExtension>
            <gpxtpx:Extensions>
              <reversedirection>yes</reversedirection>
              <highway>primary</highway>
              <surface>asphalt</surface>
              <maxspeed>50</maxspeed>
            </gpxtpx:Extensions>
          </gpxtpx:TrackPointExtension>
        </extensions>
      </trkpt>
      <trkpt lat="45.353928" lon="7.885221">
        <ele>245.75</ele>
        <time>2016-11-23T19:22:27.942Z</time>
        <extensions>
          <gpxtpx:TrackPointExtension>
            <gpxtpx:Extensions>
              <reversedirection>yes</reversedirection>
              <highway>primary</highway>
              <surface>asphalt</surface>
              <maxspeed>50</maxspeed>
            </gpxtpx:Extensions>
          </gpxtpx:TrackPointExtension>
        </extensions>
      </trkpt>
      <trkpt lat="45.353978" lon="7.885216">
        <ele>245.75</ele>
        <time>2016-11-23T19:22:28.328Z</time>
        <extensions>
          <gpxtpx:TrackPointExtension>
            <gpxtpx:Extensions>
              <reversedirection>yes</reversedirection>
              <highway>primary</highway>
              <surface>asphalt</surface>
            </gpxtpx:Extensions>
          </gpxtpx:TrackPointExtension>
        </extensions>
      </trkpt>
      <trkpt lat="45.354077" lon="7.885193">
        <ele>245.5</ele>
        <time>2016-11-23T19:22:29.101Z</time>
        <extensions>
          <gpxtpx:TrackPointExtension>
            <gpxtpx:Extensions>
              <reversedirection>yes</reversedirection>
              <highway>primary</highway>
              <surface>asphalt</surface>
            </gpxtpx:Extensions>
          </gpxtpx:TrackPointExtension>
        </extensions>
      </trkpt>
      <trkpt lat="45.354154" lon="7.88517">
        <ele>245.5</ele>
        <time>2016-11-23T19:22:29.707Z</time>
        <extensions>
          <gpxtpx:TrackPointExtension>
            <gpxtpx:Extensions>
              <reversedirection>yes</reversedirection>
              <highway>primary</highway>
              <surface>asphalt</surface>
            </gpxtpx:Extensions>
          </gpxtpx:TrackPointExtension>
        </extensions>
      </trkpt>
      <trkpt lat="45.354235" lon="7.885145">
        <ele>245.75</ele>
        <time>2016-11-23T19:22:30.346Z</time>
        <extensions>
          <gpxtpx:TrackPointExtension>
            <gpxtpx:Extensions>
              <reversedirection>yes</reversedirection>
              <highway>primary</highway>
              <surface>asphalt</surface>
            </gpxtpx:Extensions>
          </gpxtpx:TrackPointExtension>
        </extensions>
      </trkpt>
      <trkpt lat="45.355599" lon="7.884732">
        <ele>251.25</ele>
        <time>2016-11-23T19:22:41.101Z</time>
        <extensions>
          <gpxtpx:TrackPointExtension>
            <gpxtpx:Extensions>
              <reversedirection>yes</reversedirection>
              <highway>primary</highway>
              <surface>asphalt</surface>
            </gpxtpx:Extensions>
          </gpxtpx:TrackPointExtension>
        </extensions>
      </trkpt>
      <trkpt lat="45.35583" lon="7.884645">
        <ele>252.5</ele>
        <time>2016-11-23T19:22:42.943Z</time>
        <extensions>
          <gpxtpx:TrackPointExtension>
            <gpxtpx:Extensions>
              <reversedirection>yes</reversedirection>
              <highway>primary</highway>
              <surface>asphalt</surface>
            </gpxtpx:Extensions>
          </gpxtpx:TrackPointExtension>
        </extensions>
      </trkpt>
      <trkpt lat="45.356114" lon="7.884519">
        <ele>250.75</ele>
        <time>2016-11-23T19:22:45.237Z</time>
        <extensions>
          <gpxtpx:TrackPointExtension>
            <gpxtpx:Extensions>
              <reversedirection>yes</reversedirection>
              <highway>primary</highway>
              <surface>asphalt</surface>
            </gpxtpx:Extensions>
          </gpxtpx:TrackPointExtension>
        </extensions>
      </trkpt>
      <trkpt lat="45.356413" lon="7.88436">
        <ele>248.5</ele>
        <time>2016-11-23T19:22:47.698Z</time>
        <extensions>
          <gpxtpx:TrackPointExtension>
            <gpxtpx:Extensions>
              <reversedirection>yes</reversedirection>
              <highway>primary</highway>
              <surface>asphalt</surface>
            </gpxtpx:Extensions>
          </gpxtpx:TrackPointExtension>
        </extensions>
      </trkpt>
      <trkpt lat="45.357398" lon="7.883753">
        <ele>247.5</ele>
        <time>2016-11-23T19:22:55.976Z</time>
        <extensions>
          <gpxtpx:TrackPointExtension>
            <gpxtpx:Extensions>
              <reversedirection>yes</reversedirection>
              <highway>primary</highway>
              <surface>asphalt</surface>
            </gpxtpx:Extensions>
          </gpxtpx:TrackPointExtension>
        </extensions>
      </trkpt>
      <trkpt lat="45.357682" lon="7.883556">
        <ele>248</ele>
        <time>2016-11-23T19:22:58.412Z</time>
        <extensions>
          <gpxtpx:TrackPointExtension>
            <gpxtpx:Extensions>
              <reversedirection>yes</reversedirection>
              <highway>primary</highway>
              <surface>asphalt</surface>
            </gpxtpx:Extensions>
          </gpxtpx:TrackPointExtension>
        </extensions>
      </trkpt>
      <trkpt lat="45.357964" lon="7.883323">
        <ele>247.75</ele>
        <time>2016-11-23T19:23:00.926Z</time>
        <extensions>
          <gpxtpx:TrackPointExtension>
            <gpxtpx:Extensions>
              <reversedirection>yes</reversedirection>
              <highway>primary</highway>
              <surface>asphalt</surface>
            </gpxtpx:Extensions>
          </gpxtpx:TrackPointExtension>
        </extensions>
      </trkpt>
      <trkpt lat="45.359019" lon="7.882422">
        <ele>246.5</ele>
        <time>2016-11-23T19:23:10.415Z</time>
        <extensions>
          <gpxtpx:TrackPointExtension>
            <gpxtpx:Extensions>
              <reversedirection>yes</reversedirection>
              <highway>primary</highway>
              <surface>asphalt</surface>
            </gpxtpx:Extensions>
          </gpxtpx:TrackPointExtension>
        </extensions>
      </trkpt>
      <trkpt lat="45.359491" lon="7.882009">
        <ele>245.75</ele>
        <time>2016-11-23T19:23:14.688Z</time>
        <extensions>
          <gpxtpx:TrackPointExtension>
            <gpxtpx:Extensions>
              <reversedirection>yes</reversedirection>
              <highway>primary</highway>
              <surface>asphalt</surface>
            </gpxtpx:Extensions>
          </gpxtpx:TrackPointExtension>
        </extensions>
      </trkpt>
      <trkpt lat="45.359896" lon="7.881624">
        <ele>243.75</ele>
        <time>2016-11-23T19:23:18.444Z</time>
        <extensions>
          <gpxtpx:TrackPointExtension>
            <gpxtpx:Extensions>
              <reversedirection>yes</reversedirection>
              <highway>primary</highway>
              <surface>asphalt</surface>
            </gpxtpx:Extensions>
          </gpxtpx:TrackPointExtension>
        </extensions>
      </trkpt>
      <trkpt lat="45.360593" lon="7.880906">
        <ele>241.25</ele>
        <time>2016-11-23T19:23:25.079Z</time>
        <extensions>
          <gpxtpx:TrackPointExtension>
            <gpxtpx:Extensions>
              <reversedirection>yes</reversedirection>
              <highway>primary</highway>
              <surface>asphalt</surface>
            </gpxtpx:Extensions>
          </gpxtpx:TrackPointExtension>
        </extensions>
      </trkpt>
      <trkpt lat="45.360752" lon="7.880757">
        <ele>239.75</ele>
        <time>2016-11-23T19:23:26.547Z</time>
        <extensions>
          <gpxtpx:TrackPointExtension>
            <gpxtpx:Extensions>
              <reversedirection>yes</reversedirection>
              <highway>primary</highway>
              <surface>asphalt</surface>
            </gpxtpx:Extensions>
          </gpxtpx:TrackPointExtension>
        </extensions>
      </trkpt>
      <trkpt lat="45.360842" lon="7.880671">
        <ele>239</ele>
        <time>2016-11-23T19:23:27.383Z</time>
        <extensions>
          <gpxtpx:TrackPointExtension>
            <gpxtpx:Extensions>
              <reversedirection>yes</reversedirection>
              <highway>primary</highway>
              <surface>asphalt</surface>
            </gpxtpx:Extensions>
          </gpxtpx:TrackPointExtension>
        </extensions>
      </trkpt>
      <trkpt lat="45.361013" lon="7.880492">
        <ele>238.5</ele>
        <time>2016-11-23T19:23:29.020Z</time>
        <extensions>
          <gpxtpx:TrackPointExtension>
            <gpxtpx:Extensions>
              <reversedirection>yes</reversedirection>
              <highway>primary</highway>
              <surface>asphalt</surface>
            </gpxtpx:Extensions>
          </gpxtpx:TrackPointExtension>
        </extensions>
      </trkpt>
      <trkpt lat="45.361325" lon="7.88016">
        <ele>237.25</ele>
        <time>2016-11-23T19:23:32.024Z</time>
        <extensions>
          <gpxtpx:TrackPointExtension>
            <gpxtpx:Extensions>
              <reversedirection>yes</reversedirection>
              <highway>primary</highway>
              <surface>asphalt</surface>
            </gpxtpx:Extensions>
          </gpxtpx:TrackPointExtension>
        </extensions>
      </trkpt>
      <trkpt lat="45.361484" lon="7.879996">
        <ele>236.75</ele>
        <time>2016-11-23T19:23:33.538Z</time>
        <extensions>
          <gpxtpx:TrackPointExtension>
            <gpxtpx:Extensions>
              <reversedirection>yes</reversedirection>
              <highway>primary</highway>
              <surface>asphalt</surface>
            </gpxtpx:Extensions>
          </gpxtpx:TrackPointExtension>
        </extensions>
      </trkpt>
      <trkpt lat="45.362358" lon="7.8791">
        <ele>234.25</ele>
        <time>2016-11-23T19:23:41.845Z</time>
        <extensions>
          <gpxtpx:TrackPointExtension>
            <gpxtpx:Extensions>
              <reversedirection>yes</reversedirection>
              <highway>primary</highway>
              <surface>asphalt</surface>
            </gpxtpx:Extensions>
          </gpxtpx:TrackPointExtension>
        </extensions>
      </trkpt>
      <trkpt lat="45.363084" lon="7.878357">
        <ele>236.5</ele>
        <time>2016-11-23T19:23:48.741Z</time>
        <extensions>
          <gpxtpx:TrackPointExtension>
            <gpxtpx:Extensions>
              <reversedirection>yes</reversedirection>
              <highway>primary</highway>
              <surface>asphalt</surface>
            </gpxtpx:Extensions>
          </gpxtpx:TrackPointExtension>
        </extensions>
      </trkpt>
      <trkpt lat="45.363244" lon="7.878192">
        <ele>236.75</ele>
        <time>2016-11-23T19:23:50.264Z</time>
        <extensions>
          <gpxtpx:TrackPointExtension>
            <gpxtpx:Extensions>
              <reversedirection>yes</reversedirection>
              <highway>primary</highway>
              <surface>asphalt</surface>
            </gpxtpx:Extensions>
          </gpxtpx:TrackPointExtension>
        </extensions>
      </trkpt>
      <trkpt lat="45.363433" lon="7.877984">
        <ele>236.5</ele>
        <time>2016-11-23T19:23:52.106Z</time>
        <extensions>
          <gpxtpx:TrackPointExtension>
            <gpxtpx:Extensions>
              <reversedirection>yes</reversedirection>
              <highway>primary</highway>
              <surface>asphalt</surface>
            </gpxtpx:Extensions>
          </gpxtpx:TrackPointExtension>
        </extensions>
      </trkpt>
      <trkpt lat="45.364177" lon="7.877253">
        <ele>237.5</ele>
        <time>2016-11-23T19:23:59.078Z</time>
        <extensions>
          <gpxtpx:TrackPointExtension>
            <gpxtpx:Extensions>
              <reversedirection>yes</reversedirection>
              <highway>primary</highway>
              <surface>asphalt</surface>
            </gpxtpx:Extensions>
          </gpxtpx:TrackPointExtension>
        </extensions>
      </trkpt>
      <trkpt lat="45.364409" lon="7.87705">
        <ele>237.75</ele>
        <time>2016-11-23T19:24:01.178Z</time>
        <extensions>
          <gpxtpx:TrackPointExtension>
            <gpxtpx:Extensions>
              <reversedirection>yes</reversedirection>
              <highway>primary</highway>
              <surface>asphalt</surface>
            </gpxtpx:Extensions>
          </gpxtpx:TrackPointExtension>
        </extensions>
      </trkpt>
      <trkpt lat="45.364751" lon="7.876797">
        <ele>238.25</ele>
        <time>2016-11-23T19:24:04.150Z</time>
        <extensions>
          <gpxtpx:TrackPointExtension>
            <gpxtpx:Extensions>
              <reversedirection>yes</reversedirection>
              <highway>primary</highway>
              <surface>asphalt</surface>
            </gpxtpx:Extensions>
          </gpxtpx:TrackPointExtension>
        </extensions>
      </trkpt>
      <trkpt lat="45.364966" lon="7.876671">
        <ele>238.75</ele>
        <time>2016-11-23T19:24:05.943Z</time>
        <extensions>
          <gpxtpx:TrackPointExtension>
            <gpxtpx:Extensions>
              <reversedirection>yes</reversedirection>
              <highway>primary</highway>
              <surface>asphalt</surface>
            </gpxtpx:Extensions>
          </gpxtpx:TrackPointExtension>
        </extensions>
      </trkpt>
      <trkpt lat="45.36517" lon="7.876573">
        <ele>239</ele>
        <time>2016-11-23T19:24:07.603Z</time>
        <extensions>
          <gpxtpx:TrackPointExtension>
            <gpxtpx:Extensions>
              <reversedirection>yes</reversedirection>
              <highway>primary</highway>
              <surface>asphalt</surface>
            </gpxtpx:Extensions>
          </gpxtpx:TrackPointExtension>
        </extensions>
      </trkpt>
      <trkpt lat="45.365403" lon="7.876487">
        <ele>239.25</ele>
        <time>2016-11-23T19:24:09.459Z</time>
        <extensions>
          <gpxtpx:TrackPointExtension>
            <gpxtpx:Extensions>
              <reversedirection>yes</reversedirection>
              <highway>primary</highway>
              <surface>asphalt</surface>
            </gpxtpx:Extensions>
          </gpxtpx:TrackPointExtension>
        </extensions>
      </trkpt>
      <trkpt lat="45.365614" lon="7.876433">
        <ele>239.25</ele>
        <time>2016-11-23T19:24:11.112Z</time>
        <extensions>
          <gpxtpx:TrackPointExtension>
            <gpxtpx:Extensions>
              <reversedirection>yes</reversedirection>
              <highway>primary</highway>
              <surface>asphalt</surface>
            </gpxtpx:Extensions>
          </gpxtpx:TrackPointExtension>
        </extensions>
      </trkpt>
      <trkpt lat="45.365882" lon="7.876382">
        <ele>239.5</ele>
        <time>2016-11-23T19:24:13.197Z</time>
        <extensions>
          <gpxtpx:TrackPointExtension>
            <gpxtpx:Extensions>
              <reversedirection>yes</reversedirection>
              <highway>primary</highway>
              <surface>asphalt</surface>
            </gpxtpx:Extensions>
          </gpxtpx:TrackPointExtension>
        </extensions>
      </trkpt>
      <trkpt lat="45.366038" lon="7.876367">
        <ele>239.25</ele>
        <time>2016-11-23T19:24:14.402Z</time>
        <extensions>
          <gpxtpx:TrackPointExtension>
            <gpxtpx:Extensions>
              <reversedirection>yes</reversedirection>
              <highway>primary</highway>
              <surface>asphalt</surface>
            </gpxtpx:Extensions>
          </gpxtpx:TrackPointExtension>
        </extensions>
      </trkpt>
      <trkpt lat="45.366107" lon="7.876361">
        <ele>239.25</ele>
        <time>2016-11-23T19:24:14.935Z</time>
        <extensions>
          <gpxtpx:TrackPointExtension>
            <gpxtpx:Extensions>
              <reversedirection>yes</reversedirection>
              <highway>primary</highway>
              <surface>asphalt</surface>
            </gpxtpx:Extensions>
          </gpxtpx:TrackPointExtension>
        </extensions>
      </trkpt>
      <trkpt lat="45.366324" lon="7.876369">
        <ele>239.25</ele>
        <time>2016-11-23T19:24:16.609Z</time>
        <extensions>
          <gpxtpx:TrackPointExtension>
            <gpxtpx:Extensions>
              <reversedirection>yes</reversedirection>
              <highway>primary</highway>
              <surface>asphalt</surface>
            </gpxtpx:Extensions>
          </gpxtpx:TrackPointExtension>
        </extensions>
      </trkpt>
      <trkpt lat="45.366527" lon="7.8764">
        <ele>239</ele>
        <time>2016-11-23T19:24:18.183Z</time>
        <extensions>
          <gpxtpx:TrackPointExtension>
            <gpxtpx:Extensions>
              <reversedirection>yes</reversedirection>
              <highway>primary</highway>
              <surface>asphalt</surface>
            </gpxtpx:Extensions>
          </gpxtpx:TrackPointExtension>
        </extensions>
      </trkpt>
      <trkpt lat="45.366768" lon="7.876456">
        <ele>238.75</ele>
        <time>2016-11-23T19:24:20.066Z</time>
        <extensions>
          <gpxtpx:TrackPointExtension>
            <gpxtpx:Extensions>
              <reversedirection>yes</reversedirection>
              <highway>primary</highway>
              <surface>asphalt</surface>
            </gpxtpx:Extensions>
          </gpxtpx:TrackPointExtension>
        </extensions>
      </trkpt>
      <trkpt lat="45.367006" lon="7.876526">
        <ele>238.5</ele>
        <time>2016-11-23T19:24:21.940Z</time>
        <extensions>
          <gpxtpx:TrackPointExtension>
            <gpxtpx:Extensions>
              <reversedirection>yes</reversedirection>
              <highway>primary</highway>
              <surface>asphalt</surface>
            </gpxtpx:Extensions>
          </gpxtpx:TrackPointExtension>
        </extensions>
      </trkpt>
      <trkpt lat="45.367231" lon="7.876616">
        <ele>238.25</ele>
        <time>2016-11-23T19:24:23.742Z</time>
        <extensions>
          <gpxtpx:TrackPointExtension>
            <gpxtpx:Extensions>
              <reversedirection>yes</reversedirection>
              <highway>primary</highway>
              <surface>asphalt</surface>
            </gpxtpx:Extensions>
          </gpxtpx:TrackPointExtension>
        </extensions>
      </trkpt>
      <trkpt lat="45.367444" lon="7.876724">
        <ele>238</ele>
        <time>2016-11-23T19:24:25.485Z</time>
        <extensions>
          <gpxtpx:TrackPointExtension>
            <gpxtpx:Extensions>
              <reversedirection>yes</reversedirection>
              <highway>primary</highway>
              <surface>asphalt</surface>
            </gpxtpx:Extensions>
          </gpxtpx:TrackPointExtension>
        </extensions>
      </trkpt>
      <trkpt lat="45.367907" lon="7.876982">
        <ele>237.75</ele>
        <time>2016-11-23T19:24:29.319Z</time>
        <extensions>
          <gpxtpx:TrackPointExtension>
            <gpxtpx:Extensions>
              <reversedirection>yes</reversedirection>
              <highway>primary</highway>
              <surface>asphalt</surface>
            </gpxtpx:Extensions>
          </gpxtpx:TrackPointExtension>
        </extensions>
      </trkpt>
      <trkpt lat="45.368201" lon="7.877156">
        <ele>237.75</ele>
        <time>2016-11-23T19:24:31.774Z</time>
        <extensions>
          <gpxtpx:TrackPointExtension>
            <gpxtpx:Extensions>
              <reversedirection>yes</reversedirection>
              <highway>primary</highway>
              <surface>asphalt</surface>
            </gpxtpx:Extensions>
          </gpxtpx:TrackPointExtension>
        </extensions>
      </trkpt>
      <trkpt lat="45.36823" lon="7.877173">
        <ele>237.75</ele>
        <time>2016-11-23T19:24:32.015Z</time>
        <extensions>
          <gpxtpx:TrackPointExtension>
            <gpxtpx:Extensions>
              <reversedirection>yes</reversedirection>
              <highway>primary</highway>
              <surface>asphalt</surface>
            </gpxtpx:Extensions>
          </gpxtpx:TrackPointExtension>
        </extensions>
      </trkpt>
      <trkpt lat="45.37446" lon="7.880768">
        <ele>236</ele>
        <time>2016-11-23T19:25:23.861Z</time>
        <extensions>
          <gpxtpx:TrackPointExtension>
            <gpxtpx:Extensions>
              <reversedirection>yes</reversedirection>
              <highway>primary</highway>
              <surface>asphalt</surface>
            </gpxtpx:Extensions>
          </gpxtpx:TrackPointExtension>
        </extensions>
      </trkpt>
      <trkpt lat="45.375053" lon="7.881109">
        <ele>237</ele>
        <time>2016-11-23T19:25:28.793Z</time>
        <extensions>
          <gpxtpx:TrackPointExtension>
            <gpxtpx:Extensions>
              <reversedirection>yes</reversedirection>
              <highway>primary</highway>
              <surface>asphalt</surface>
            </gpxtpx:Extensions>
          </gpxtpx:TrackPointExtension>
        </extensions>
      </trkpt>
      <trkpt lat="45.377951" lon="7.882783">
        <ele>239</ele>
        <time>2016-11-23T19:25:52.913Z</time>
        <extensions>
          <gpxtpx:TrackPointExtension>
            <gpxtpx:Extensions>
              <reversedirection>yes</reversedirection>
              <highway>primary</highway>
              <surface>asphalt</surface>
            </gpxtpx:Extensions>
          </gpxtpx:TrackPointExtension>
        </extensions>
      </trkpt>
      <trkpt lat="45.378351" lon="7.883012">
        <ele>239.5</ele>
        <time>2016-11-23T19:25:56.238Z</time>
        <extensions>
          <gpxtpx:TrackPointExtension>
            <gpxtpx:Extensions>
              <reversedirection>yes</reversedirection>
              <highway>primary</highway>
              <surface>asphalt</surface>
            </gpxtpx:Extensions>
          </gpxtpx:TrackPointExtension>
        </extensions>
      </trkpt>
      <trkpt lat="45.378617" lon="7.883182">
        <ele>239.75</ele>
        <time>2016-11-23T19:25:58.486Z</time>
        <extensions>
          <gpxtpx:TrackPointExtension>
            <gpxtpx:Extensions>
              <highway>primary</highway>
              <oneway>yes</oneway>
            </gpxtpx:Extensions>
          </gpxtpx:TrackPointExtension>
        </extensions>
      </trkpt>
      <trkpt lat="45.378868" lon="7.883351">
        <ele>239.75</ele>
        <time>2016-11-23T19:26:00.627Z</time>
        <extensions>
          <gpxtpx:TrackPointExtension>
            <gpxtpx:Extensions>
              <highway>primary</highway>
              <oneway>yes</oneway>
            </gpxtpx:Extensions>
          </gpxtpx:TrackPointExtension>
        </extensions>
      </trkpt>
      <trkpt lat="45.378953" lon="7.88342">
        <ele>239.75</ele>
        <time>2016-11-23T19:26:01.381Z</time>
        <extensions>
          <gpxtpx:TrackPointExtension>
            <gpxtpx:Extensions>
              <highway>primary</highway>
              <oneway>yes</oneway>
            </gpxtpx:Extensions>
          </gpxtpx:TrackPointExtension>
        </extensions>
      </trkpt>
      <trkpt lat="45.379025" lon="7.883493">
        <ele>239.75</ele>
        <time>2016-11-23T19:26:02.062Z</time>
        <extensions>
          <gpxtpx:TrackPointExtension>
            <gpxtpx:Extensions>
              <highway>primary</highway>
              <surface>asphalt</surface>
              <junction>roundabout</junction>
            </gpxtpx:Extensions>
          </gpxtpx:TrackPointExtension>
        </extensions>
      </trkpt>
      <trkpt lat="45.379034" lon="7.883533">
        <ele>239.75</ele>
        <time>2016-11-23T19:26:02.289Z</time>
        <extensions>
          <gpxtpx:TrackPointExtension>
            <gpxtpx:Extensions>
              <highway>primary</highway>
              <surface>asphalt</surface>
              <junction>roundabout</junction>
            </gpxtpx:Extensions>
          </gpxtpx:TrackPointExtension>
        </extensions>
      </trkpt>
      <trkpt lat="45.379061" lon="7.883588">
        <ele>239.5</ele>
        <time>2016-11-23T19:26:02.652Z</time>
        <extensions>
          <gpxtpx:TrackPointExtension>
            <gpxtpx:Extensions>
              <highway>primary</highway>
              <surface>asphalt</surface>
              <junction>roundabout</junction>
            </gpxtpx:Extensions>
          </gpxtpx:TrackPointExtension>
        </extensions>
      </trkpt>
      <trkpt lat="45.379084" lon="7.883615">
        <ele>239.5</ele>
        <time>2016-11-23T19:26:02.881Z</time>
        <extensions>
          <gpxtpx:TrackPointExtension>
            <gpxtpx:Extensions>
              <highway>primary</highway>
              <surface>asphalt</surface>
              <junction>roundabout</junction>
            </gpxtpx:Extensions>
          </gpxtpx:TrackPointExtension>
        </extensions>
      </trkpt>
      <trkpt lat="45.379111" lon="7.883633">
        <ele>239.5</ele>
        <time>2016-11-23T19:26:03.110Z</time>
        <extensions>
          <gpxtpx:TrackPointExtension>
            <gpxtpx:Extensions>
              <highway>primary</highway>
              <surface>asphalt</surface>
              <junction>roundabout</junction>
            </gpxtpx:Extensions>
          </gpxtpx:TrackPointExtension>
        </extensions>
      </trkpt>
      <trkpt lat="45.379137" lon="7.883642">
        <ele>239.5</ele>
        <time>2016-11-23T19:26:03.316Z</time>
        <extensions>
          <gpxtpx:TrackPointExtension>
            <gpxtpx:Extensions>
              <highway>primary</highway>
              <surface>asphalt</surface>
              <junction>roundabout</junction>
            </gpxtpx:Extensions>
          </gpxtpx:TrackPointExtension>
        </extensions>
      </trkpt>
      <trkpt lat="45.379188" lon="7.883639">
        <ele>239.5</ele>
        <time>2016-11-23T19:26:03.709Z</time>
        <extensions>
          <gpxtpx:TrackPointExtension>
            <gpxtpx:Extensions>
              <highway>primary</highway>
              <surface>asphalt</surface>
              <junction>roundabout</junction>
            </gpxtpx:Extensions>
          </gpxtpx:TrackPointExtension>
        </extensions>
      </trkpt>
      <trkpt lat="45.379237" lon="7.883605">
        <ele>239.5</ele>
        <time>2016-11-23T19:26:04.129Z</time>
        <extensions>
          <gpxtpx:TrackPointExtension>
            <gpxtpx:Extensions>
              <highway>primary</highway>
              <surface>asphalt</surface>
              <oneway>yes</oneway>
            </gpxtpx:Extensions>
          </gpxtpx:TrackPointExtension>
        </extensions>
      </trkpt>
      <trkpt lat="45.379294" lon="7.883604">
        <ele>239.5</ele>
        <time>2016-11-23T19:26:04.568Z</time>
        <extensions>
          <gpxtpx:TrackPointExtension>
            <gpxtpx:Extensions>
              <highway>primary</highway>
              <surface>asphalt</surface>
              <oneway>yes</oneway>
            </gpxtpx:Extensions>
          </gpxtpx:TrackPointExtension>
        </extensions>
      </trkpt>
      <trkpt lat="45.379438" lon="7.883647">
        <ele>239.5</ele>
        <time>2016-11-23T19:26:05.702Z</time>
        <extensions>
          <gpxtpx:TrackPointExtension>
            <gpxtpx:Extensions>
              <reversedirection>yes</reversedirection>
              <highway>primary</highway>
              <surface>asphalt</surface>
              <maxspeed>50</maxspeed>
            </gpxtpx:Extensions>
          </gpxtpx:TrackPointExtension>
        </extensions>
      </trkpt>
      <trkpt lat="45.379705" lon="7.883788">
        <ele>239.25</ele>
        <time>2016-11-23T19:26:07.898Z</time>
        <extensions>
          <gpxtpx:TrackPointExtension>
            <gpxtpx:Extensions>
              <reversedirection>yes</reversedirection>
              <highway>primary</highway>
              <surface>asphalt</surface>
              <maxspeed>50</maxspeed>
            </gpxtpx:Extensions>
          </gpxtpx:TrackPointExtension>
        </extensions>
      </trkpt>
      <trkpt lat="45.380854" lon="7.884452">
        <ele>240.25</ele>
        <time>2016-11-23T19:26:17.461Z</time>
        <extensions>
          <gpxtpx:TrackPointExtension>
            <gpxtpx:Extensions>
              <reversedirection>yes</reversedirection>
              <highway>primary</highway>
              <surface>asphalt</surface>
              <maxspeed>50</maxspeed>
            </gpxtpx:Extensions>
          </gpxtpx:TrackPointExtension>
        </extensions>
      </trkpt>
      <trkpt lat="45.381253" lon="7.884665">
        <ele>239.5</ele>
        <time>2016-11-23T19:26:20.747Z</time>
        <extensions>
          <gpxtpx:TrackPointExtension>
            <gpxtpx:Extensions>
              <reversedirection>yes</reversedirection>
              <highway>primary</highway>
              <surface>asphalt</surface>
              <maxspeed>50</maxspeed>
            </gpxtpx:Extensions>
          </gpxtpx:TrackPointExtension>
        </extensions>
      </trkpt>
      <trkpt lat="45.381677" lon="7.884819">
        <ele>239.75</ele>
        <time>2016-11-23T19:26:24.121Z</time>
        <extensions>
          <gpxtpx:TrackPointExtension>
            <gpxtpx:Extensions>
              <reversedirection>yes</reversedirection>
              <highway>primary</highway>
              <surface>asphalt</surface>
              <maxspeed>50</maxspeed>
            </gpxtpx:Extensions>
          </gpxtpx:TrackPointExtension>
        </extensions>
      </trkpt>
      <trkpt lat="45.381987" lon="7.884919">
        <ele>240.5</ele>
        <time>2016-11-23T19:26:26.572Z</time>
        <extensions>
          <gpxtpx:TrackPointExtension>
            <gpxtpx:Extensions>
              <reversedirection>yes</reversedirection>
              <highway>primary</highway>
              <surface>asphalt</surface>
              <maxspeed>50</maxspeed>
            </gpxtpx:Extensions>
          </gpxtpx:TrackPointExtension>
        </extensions>
      </trkpt>
      <trkpt lat="45.382584" lon="7.885089">
        <ele>241.75</ele>
        <time>2016-11-23T19:26:31.267Z</time>
        <extensions>
          <gpxtpx:TrackPointExtension>
            <gpxtpx:Extensions>
              <reversedirection>yes</reversedirection>
              <highway>primary</highway>
              <surface>asphalt</surface>
              <maxspeed>50</maxspeed>
            </gpxtpx:Extensions>
          </gpxtpx:TrackPointExtension>
        </extensions>
      </trkpt>
      <trkpt lat="45.382652" lon="7.885106">
        <ele>242</ele>
        <time>2016-11-23T19:26:31.799Z</time>
        <extensions>
          <gpxtpx:TrackPointExtension>
            <gpxtpx:Extensions>
              <reversedirection>yes</reversedirection>
              <highway>primary</highway>
              <surface>asphalt</surface>
              <maxspeed>50</maxspeed>
            </gpxtpx:Extensions>
          </gpxtpx:TrackPointExtension>
        </extensions>
      </trkpt>
      <trkpt lat="45.382762" lon="7.885139">
        <ele>242.25</ele>
        <time>2016-11-23T19:26:32.665Z</time>
        <extensions>
          <gpxtpx:TrackPointExtension>
            <gpxtpx:Extensions>
              <reversedirection>yes</reversedirection>
              <highway>primary</highway>
              <surface>asphalt</surface>
              <maxspeed>50</maxspeed>
            </gpxtpx:Extensions>
          </gpxtpx:TrackPointExtension>
        </extensions>
      </trkpt>
      <trkpt lat="45.383036" lon="7.885213">
        <ele>242.75</ele>
        <time>2016-11-23T19:26:34.815Z</time>
        <extensions>
          <gpxtpx:TrackPointExtension>
            <gpxtpx:Extensions>
              <reversedirection>yes</reversedirection>
              <highway>primary</highway>
              <surface>asphalt</surface>
              <maxspeed>50</maxspeed>
            </gpxtpx:Extensions>
          </gpxtpx:TrackPointExtension>
        </extensions>
      </trkpt>
      <trkpt lat="45.383402" lon="7.885318">
        <ele>243.5</ele>
        <time>2016-11-23T19:26:37.694Z</time>
        <extensions>
          <gpxtpx:TrackPointExtension>
            <gpxtpx:Extensions>
              <reversedirection>yes</reversedirection>
              <highway>primary</highway>
              <surface>asphalt</surface>
              <maxspeed>50</maxspeed>
            </gpxtpx:Extensions>
          </gpxtpx:TrackPointExtension>
        </extensions>
      </trkpt>
      <trkpt lat="45.383588" lon="7.885371">
        <ele>243.5</ele>
        <time>2016-11-23T19:26:39.156Z</time>
        <extensions>
          <gpxtpx:TrackPointExtension>
            <gpxtpx:Extensions>
              <reversedirection>yes</reversedirection>
              <highway>primary</highway>
              <surface>asphalt</surface>
              <maxspeed>50</maxspeed>
            </gpxtpx:Extensions>
          </gpxtpx:TrackPointExtension>
        </extensions>
      </trkpt>
      <trkpt lat="45.383894" lon="7.88547">
        <ele>243.25</ele>
        <time>2016-11-23T19:26:41.576Z</time>
        <extensions>
          <gpxtpx:TrackPointExtension>
            <gpxtpx:Extensions>
              <reversedirection>yes</reversedirection>
              <highway>primary</highway>
              <surface>asphalt</surface>
              <maxspeed>50</maxspeed>
            </gpxtpx:Extensions>
          </gpxtpx:TrackPointExtension>
        </extensions>
      </trkpt>
      <trkpt lat="45.384135" lon="7.885506">
        <ele>243.25</ele>
        <time>2016-11-23T19:26:43.444Z</time>
        <extensions>
          <gpxtpx:TrackPointExtension>
            <gpxtpx:Extensions>
              <reversedirection>yes</reversedirection>
              <highway>primary</highway>
              <surface>asphalt</surface>
              <maxspeed>50</maxspeed>
            </gpxtpx:Extensions>
          </gpxtpx:TrackPointExtension>
        </extensions>
      </trkpt>
      <trkpt lat="45.384313" lon="7.885503">
        <ele>242.75</ele>
        <time>2016-11-23T19:26:44.816Z</time>
        <extensions>
          <gpxtpx:TrackPointExtension>
            <gpxtpx:Extensions>
              <reversedirection>yes</reversedirection>
              <highway>primary</highway>
              <surface>asphalt</surface>
              <maxspeed>50</maxspeed>
            </gpxtpx:Extensions>
          </gpxtpx:TrackPointExtension>
        </extensions>
      </trkpt>
      <trkpt lat="45.384519" lon="7.885485">
        <ele>242.25</ele>
        <time>2016-11-23T19:26:46.407Z</time>
        <extensions>
          <gpxtpx:TrackPointExtension>
            <gpxtpx:Extensions>
              <reversedirection>yes</reversedirection>
              <highway>primary</highway>
              <surface>asphalt</surface>
              <maxspeed>50</maxspeed>
            </gpxtpx:Extensions>
          </gpxtpx:TrackPointExtension>
        </extensions>
      </trkpt>
      <trkpt lat="45.38565" lon="7.88535">
        <ele>238.5</ele>
        <time>2016-11-23T19:26:55.160Z</time>
        <extensions>
          <gpxtpx:TrackPointExtension>
            <gpxtpx:Extensions>
              <reversedirection>yes</reversedirection>
              <highway>primary</highway>
              <surface>asphalt</surface>
              <maxspeed>50</maxspeed>
            </gpxtpx:Extensions>
          </gpxtpx:TrackPointExtension>
        </extensions>
      </trkpt>
      <trkpt lat="45.385787" lon="7.885334">
        <ele>238</ele>
        <time>2016-11-23T19:26:56.220Z</time>
        <extensions>
          <gpxtpx:TrackPointExtension>
            <gpxtpx:Extensions>
              <reversedirection>yes</reversedirection>
              <highway>primary</highway>
              <surface>asphalt</surface>
              <maxspeed>50</maxspeed>
            </gpxtpx:Extensions>
          </gpxtpx:TrackPointExtension>
        </extensions>
      </trkpt>
      <trkpt lat="45.387824" lon="7.885098">
        <ele>234.25</ele>
        <time>2016-11-23T19:27:11.982Z</time>
        <extensions>
          <gpxtpx:TrackPointExtension>
            <gpxtpx:Extensions>
              <reversedirection>yes</reversedirection>
              <highway>primary</highway>
              <surface>asphalt</surface>
              <maxspeed>50</maxspeed>
            </gpxtpx:Extensions>
          </gpxtpx:TrackPointExtension>
        </extensions>
      </trkpt>
      <trkpt lat="45.388942" lon="7.884975">
        <ele>235.5</ele>
        <time>2016-11-23T19:27:20.630Z</time>
        <extensions>
          <gpxtpx:TrackPointExtension>
            <gpxtpx:Extensions>
              <reversedirection>yes</reversedirection>
              <highway>primary</highway>
              <surface>asphalt</surface>
              <maxspeed>50</maxspeed>
            </gpxtpx:Extensions>
          </gpxtpx:TrackPointExtension>
        </extensions>
      </trkpt>
      <trkpt lat="45.389447" lon="7.884906">
        <ele>235</ele>
        <time>2016-11-23T19:27:24.542Z</time>
        <extensions>
          <gpxtpx:TrackPointExtension>
            <gpxtpx:Extensions>
              <reversedirection>yes</reversedirection>
              <highway>primary</highway>
              <surface>asphalt</surface>
              <maxspeed>50</maxspeed>
            </gpxtpx:Extensions>
          </gpxtpx:TrackPointExtension>
        </extensions>
      </trkpt>
      <trkpt lat="45.389866" lon="7.884855">
        <ele>234</ele>
        <time>2016-11-23T19:27:27.785Z</time>
        <extensions>
          <gpxtpx:TrackPointExtension>
            <gpxtpx:Extensions>
              <reversedirection>yes</reversedirection>
              <highway>primary</highway>
              <surface>asphalt</surface>
              <maxspeed>50</maxspeed>
            </gpxtpx:Extensions>
          </gpxtpx:TrackPointExtension>
        </extensions>
      </trkpt>
      <trkpt lat="45.39092" lon="7.884725">
        <ele>230.5</ele>
        <time>2016-11-23T19:27:35.944Z</time>
        <extensions>
          <gpxtpx:TrackPointExtension>
            <gpxtpx:Extensions>
              <reversedirection>yes</reversedirection>
              <highway>primary</highway>
              <surface>asphalt</surface>
              <maxspeed>50</maxspeed>
            </gpxtpx:Extensions>
          </gpxtpx:TrackPointExtension>
        </extensions>
      </trkpt>
      <trkpt lat="45.391932" lon="7.884615">
        <ele>232.75</ele>
        <time>2016-11-23T19:27:43.771Z</time>
        <extensions>
          <gpxtpx:TrackPointExtension>
            <gpxtpx:Extensions>
              <reversedirection>yes</reversedirection>
              <highway>primary</highway>
              <surface>asphalt</surface>
              <maxspeed>50</maxspeed>
            </gpxtpx:Extensions>
          </gpxtpx:TrackPointExtension>
        </extensions>
      </trkpt>
      <trkpt lat="45.393118" lon="7.884474">
        <ele>234.25</ele>
        <time>2016-11-23T19:27:52.949Z</time>
        <extensions>
          <gpxtpx:TrackPointExtension>
            <gpxtpx:Extensions>
              <reversedirection>yes</reversedirection>
              <highway>primary</highway>
              <surface>asphalt</surface>
              <maxspeed>50</maxspeed>
            </gpxtpx:Extensions>
          </gpxtpx:TrackPointExtension>
        </extensions>
      </trkpt>
      <trkpt lat="45.393768" lon="7.884396">
        <ele>234.5</ele>
        <time>2016-11-23T19:27:57.979Z</time>
        <extensions>
          <gpxtpx:TrackPointExtension>
            <gpxtpx:Extensions>
              <reversedirection>yes</reversedirection>
              <highway>primary</highway>
              <surface>asphalt</surface>
              <maxspeed>50</maxspeed>
            </gpxtpx:Extensions>
          </gpxtpx:TrackPointExtension>
        </extensions>
      </trkpt>
      <trkpt lat="45.394047" lon="7.884363">
        <ele>234.5</ele>
        <time>2016-11-23T19:28:00.138Z</time>
        <extensions>
          <gpxtpx:TrackPointExtension>
            <gpxtpx:Extensions>
              <reversedirection>yes</reversedirection>
              <highway>primary</highway>
              <surface>asphalt</surface>
              <maxspeed>50</maxspeed>
            </gpxtpx:Extensions>
          </gpxtpx:TrackPointExtension>
        </extensions>
      </trkpt>
      <trkpt lat="45.39419" lon="7.884347">
        <ele>234.5</ele>
        <time>2016-11-23T19:28:01.244Z</time>
        <extensions>
          <gpxtpx:TrackPointExtension>
            <gpxtpx:Extensions>
              <reversedirection>yes</reversedirection>
              <highway>primary</highway>
              <surface>asphalt</surface>
              <maxspeed>50</maxspeed>
            </gpxtpx:Extensions>
          </gpxtpx:TrackPointExtension>
        </extensions>
      </trkpt>
      <trkpt lat="45.395285" lon="7.884216">
        <ele>235.5</ele>
        <time>2016-11-23T19:28:09.718Z</time>
        <extensions>
          <gpxtpx:TrackPointExtension>
            <gpxtpx:Extensions>
              <reversedirection>yes</reversedirection>
              <highway>primary</highway>
              <surface>asphalt</surface>
              <maxspeed>50</maxspeed>
            </gpxtpx:Extensions>
          </gpxtpx:TrackPointExtension>
        </extensions>
      </trkpt>
      <trkpt lat="45.395929" lon="7.884142">
        <ele>236.75</ele>
        <time>2016-11-23T19:28:14.700Z</time>
        <extensions>
          <gpxtpx:TrackPointExtension>
            <gpxtpx:Extensions>
              <reversedirection>yes</reversedirection>
              <highway>primary</highway>
              <surface>asphalt</surface>
              <maxspeed>50</maxspeed>
            </gpxtpx:Extensions>
          </gpxtpx:TrackPointExtension>
        </extensions>
      </trkpt>
      <trkpt lat="45.39646" lon="7.884077">
        <ele>235.5</ele>
        <time>2016-11-23T19:28:18.810Z</time>
        <extensions>
          <gpxtpx:TrackPointExtension>
            <gpxtpx:Extensions>
              <reversedirection>yes</reversedirection>
              <highway>primary</highway>
              <surface>asphalt</surface>
              <maxspeed>50</maxspeed>
            </gpxtpx:Extensions>
          </gpxtpx:TrackPointExtension>
        </extensions>
      </trkpt>
      <trkpt lat="45.396583" lon="7.884064">
        <ele>235.25</ele>
        <time>2016-11-23T19:28:19.761Z</time>
        <extensions>
          <gpxtpx:TrackPointExtension>
            <gpxtpx:Extensions>
              <reversedirection>yes</reversedirection>
              <highway>primary</highway>
              <surface>asphalt</surface>
              <maxspeed>50</maxspeed>
            </gpxtpx:Extensions>
          </gpxtpx:TrackPointExtension>
        </extensions>
      </trkpt>
      <trkpt lat="45.39678" lon="7.884041">
        <ele>235</ele>
        <time>2016-11-23T19:28:21.285Z</time>
        <extensions>
          <gpxtpx:TrackPointExtension>
            <gpxtpx:Extensions>
              <reversedirection>yes</reversedirection>
              <highway>primary</highway>
              <surface>asphalt</surface>
              <maxspeed>50</maxspeed>
            </gpxtpx:Extensions>
          </gpxtpx:TrackPointExtension>
        </extensions>
      </trkpt>
      <trkpt lat="45.39733" lon="7.883971">
        <ele>234.5</ele>
        <time>2016-11-23T19:28:25.543Z</time>
        <extensions>
          <gpxtpx:TrackPointExtension>
            <gpxtpx:Extensions>
              <reversedirection>yes</reversedirection>
              <highway>primary</highway>
              <surface>asphalt</surface>
              <maxspeed>90</maxspeed>
            </gpxtpx:Extensions>
          </gpxtpx:TrackPointExtension>
        </extensions>
      </trkpt>
      <trkpt lat="45.398625" lon="7.883819">
        <ele>233.75</ele>
        <time>2016-11-23T19:28:35.564Z</time>
        <extensions>
          <gpxtpx:TrackPointExtension>
            <gpxtpx:Extensions>
              <reversedirection>yes</reversedirection>
              <highway>primary</highway>
              <surface>asphalt</surface>
              <maxspeed>90</maxspeed>
            </gpxtpx:Extensions>
          </gpxtpx:TrackPointExtension>
        </extensions>
      </trkpt>
      <trkpt lat="45.401614" lon="7.883474">
        <ele>230.25</ele>
        <time>2016-11-23T19:28:58.692Z</time>
        <extensions>
          <gpxtpx:TrackPointExtension>
            <gpxtpx:Extensions>
              <reversedirection>yes</reversedirection>
              <highway>primary</highway>
              <surface>asphalt</surface>
              <maxspeed>90</maxspeed>
            </gpxtpx:Extensions>
          </gpxtpx:TrackPointExtension>
        </extensions>
      </trkpt>
      <trkpt lat="45.402037" lon="7.883418">
        <ele>229.75</ele>
        <time>2016-11-23T19:29:01.968Z</time>
        <extensions>
          <gpxtpx:TrackPointExtension>
            <gpxtpx:Extensions>
              <reversedirection>yes</reversedirection>
              <highway>primary</highway>
              <surface>asphalt</surface>
              <maxspeed>90</maxspeed>
            </gpxtpx:Extensions>
          </gpxtpx:TrackPointExtension>
        </extensions>
      </trkpt>
      <trkpt lat="45.40249" lon="7.88333">
        <ele>230</ele>
        <time>2016-11-23T19:29:05.494Z</time>
        <extensions>
          <gpxtpx:TrackPointExtension>
            <gpxtpx:Extensions>
              <reversedirection>yes</reversedirection>
              <highway>primary</highway>
              <surface>asphalt</surface>
              <maxspeed>90</maxspeed>
            </gpxtpx:Extensions>
          </gpxtpx:TrackPointExtension>
        </extensions>
      </trkpt>
      <trkpt lat="45.405625" lon="7.882742">
        <ele>231.75</ele>
        <time>2016-11-23T19:29:29.881Z</time>
        <extensions>
          <gpxtpx:TrackPointExtension>
            <gpxtpx:Extensions>
              <reversedirection>yes</reversedirection>
              <highway>primary</highway>
              <surface>asphalt</surface>
              <maxspeed>90</maxspeed>
            </gpxtpx:Extensions>
          </gpxtpx:TrackPointExtension>
        </extensions>
      </trkpt>
      <trkpt lat="45.406869" lon="7.882508">
        <ele>232</ele>
        <time>2016-11-23T19:29:39.558Z</time>
        <extensions>
          <gpxtpx:TrackPointExtension>
            <gpxtpx:Extensions>
              <reversedirection>yes</reversedirection>
              <highway>primary</highway>
              <surface>asphalt</surface>
              <maxspeed>90</maxspeed>
            </gpxtpx:Extensions>
          </gpxtpx:TrackPointExtension>
        </extensions>
      </trkpt>
      <trkpt lat="45.408668" lon="7.88217">
        <ele>234.5</ele>
        <time>2016-11-23T19:29:53.552Z</time>
        <extensions>
          <gpxtpx:TrackPointExtension>
            <gpxtpx:Extensions>
              <reversedirection>yes</reversedirection>
              <highway>primary</highway>
              <surface>asphalt</surface>
              <maxspeed>90</maxspeed>
            </gpxtpx:Extensions>
          </gpxtpx:TrackPointExtension>
        </extensions>
      </trkpt>
      <trkpt lat="45.408712" lon="7.882161">
        <ele>234.5</ele>
        <time>2016-11-23T19:29:53.894Z</time>
        <extensions>
          <gpxtpx:TrackPointExtension>
            <gpxtpx:Extensions>
              <reversedirection>yes</reversedirection>
              <highway>primary</highway>
              <surface>asphalt</surface>
              <maxspeed>50</maxspeed>
            </gpxtpx:Extensions>
          </gpxtpx:TrackPointExtension>
        </extensions>
      </trkpt>
      <trkpt lat="45.410318" lon="7.881861">
        <ele>234.75</ele>
        <time>2016-11-23T19:30:06.386Z</time>
        <extensions>
          <gpxtpx:TrackPointExtension>
            <gpxtpx:Extensions>
              <reversedirection>yes</reversedirection>
              <highway>primary</highway>
              <surface>asphalt</surface>
              <maxspeed>50</maxspeed>
            </gpxtpx:Extensions>
          </gpxtpx:TrackPointExtension>
        </extensions>
      </trkpt>
      <trkpt lat="45.410787" lon="7.881753">
        <ele>234</ele>
        <time>2016-11-23T19:30:10.050Z</time>
        <extensions>
          <gpxtpx:TrackPointExtension>
            <gpxtpx:Extensions>
              <reversedirection>yes</reversedirection>
              <highway>primary</highway>
              <surface>asphalt</surface>
              <maxspeed>50</maxspeed>
            </gpxtpx:Extensions>
          </gpxtpx:TrackPointExtension>
        </extensions>
      </trkpt>
      <trkpt lat="45.411149" lon="7.881681">
        <ele>232.25</ele>
        <time>2016-11-23T19:30:12.868Z</time>
        <extensions>
          <gpxtpx:TrackPointExtension>
            <gpxtpx:Extensions>
              <reversedirection>yes</reversedirection>
              <highway>primary</highway>
              <surface>asphalt</surface>
              <maxspeed>50</maxspeed>
            </gpxtpx:Extensions>
          </gpxtpx:TrackPointExtension>
        </extensions>
      </trkpt>
      <trkpt lat="45.411529" lon="7.881615">
        <ele>230.5</ele>
        <time>2016-11-23T19:30:15.820Z</time>
        <extensions>
          <gpxtpx:TrackPointExtension>
            <gpxtpx:Extensions>
              <reversedirection>yes</reversedirection>
              <highway>primary</highway>
              <surface>asphalt</surface>
              <maxspeed>50</maxspeed>
            </gpxtpx:Extensions>
          </gpxtpx:TrackPointExtension>
        </extensions>
      </trkpt>
      <trkpt lat="45.411998" lon="7.881549">
        <ele>228.5</ele>
        <time>2016-11-23T19:30:19.454Z</time>
        <extensions>
          <gpxtpx:TrackPointExtension>
            <gpxtpx:Extensions>
              <reversedirection>yes</reversedirection>
              <highway>primary</highway>
              <surface>asphalt</surface>
              <maxspeed>50</maxspeed>
            </gpxtpx:Extensions>
          </gpxtpx:TrackPointExtension>
        </extensions>
      </trkpt>
      <trkpt lat="45.412235" lon="7.881559">
        <ele>227.25</ele>
        <time>2016-11-23T19:30:21.282Z</time>
        <extensions>
          <gpxtpx:TrackPointExtension>
            <gpxtpx:Extensions>
              <reversedirection>yes</reversedirection>
              <highway>primary</highway>
              <surface>asphalt</surface>
              <maxspeed>50</maxspeed>
            </gpxtpx:Extensions>
          </gpxtpx:TrackPointExtension>
        </extensions>
      </trkpt>
      <trkpt lat="45.412483" lon="7.881598">
        <ele>226.75</ele>
        <time>2016-11-23T19:30:23.206Z</time>
        <extensions>
          <gpxtpx:TrackPointExtension>
            <gpxtpx:Extensions>
              <reversedirection>yes</reversedirection>
              <highway>primary</highway>
              <surface>asphalt</surface>
              <maxspeed>50</maxspeed>
            </gpxtpx:Extensions>
          </gpxtpx:TrackPointExtension>
        </extensions>
      </trkpt>
      <trkpt lat="45.413037" lon="7.881753">
        <ele>225.75</ele>
        <time>2016-11-23T19:30:27.560Z</time>
        <extensions>
          <gpxtpx:TrackPointExtension>
            <gpxtpx:Extensions>
              <reversedirection>yes</reversedirection>
              <highway>primary</highway>
              <surface>asphalt</surface>
              <maxspeed>50</maxspeed>
            </gpxtpx:Extensions>
          </gpxtpx:TrackPointExtension>
        </extensions>
      </trkpt>
      <trkpt lat="45.413448" lon="7.881879">
        <ele>225.25</ele>
        <time>2016-11-23T19:30:30.802Z</time>
        <extensions>
          <gpxtpx:TrackPointExtension>
            <gpxtpx:Extensions>
              <reversedirection>yes</reversedirection>
              <highway>primary</highway>
              <surface>asphalt</surface>
              <maxspeed>50</maxspeed>
            </gpxtpx:Extensions>
          </gpxtpx:TrackPointExtension>
        </extensions>
      </trkpt>
      <trkpt lat="45.413701" lon="7.881951">
        <ele>225.25</ele>
        <time>2016-11-23T19:30:32.791Z</time>
        <extensions>
          <gpxtpx:TrackPointExtension>
            <gpxtpx:Extensions>
              <reversedirection>yes</reversedirection>
              <highway>primary</highway>
              <surface>asphalt</surface>
              <maxspeed>50</maxspeed>
            </gpxtpx:Extensions>
          </gpxtpx:TrackPointExtension>
        </extensions>
      </trkpt>
      <trkpt lat="45.413997" lon="7.882059">
        <ele>225.25</ele>
        <time>2016-11-23T19:30:35.147Z</time>
        <extensions>
          <gpxtpx:TrackPointExtension>
            <gpxtpx:Extensions>
              <reversedirection>yes</reversedirection>
              <highway>primary</highway>
              <surface>asphalt</surface>
              <maxspeed>90</maxspeed>
            </gpxtpx:Extensions>
          </gpxtpx:TrackPointExtension>
        </extensions>
      </trkpt>
      <trkpt lat="45.414225" lon="7.882168">
        <ele>225.5</ele>
        <time>2016-11-23T19:30:37.001Z</time>
        <extensions>
          <gpxtpx:TrackPointExtension>
            <gpxtpx:Extensions>
              <reversedirection>yes</reversedirection>
              <highway>primary</highway>
              <surface>asphalt</surface>
              <maxspeed>90</maxspeed>
            </gpxtpx:Extensions>
          </gpxtpx:TrackPointExtension>
        </extensions>
      </trkpt>
      <trkpt lat="45.4145" lon="7.882327">
        <ele>225.25</ele>
        <time>2016-11-23T19:30:39.289Z</time>
        <extensions>
          <gpxtpx:TrackPointExtension>
            <gpxtpx:Extensions>
              <reversedirection>yes</reversedirection>
              <highway>primary</highway>
              <surface>asphalt</surface>
              <maxspeed>90</maxspeed>
            </gpxtpx:Extensions>
          </gpxtpx:TrackPointExtension>
        </extensions>
      </trkpt>
      <trkpt lat="45.414763" lon="7.882481">
        <ele>225.25</ele>
        <time>2016-11-23T19:30:41.482Z</time>
        <extensions>
          <gpxtpx:TrackPointExtension>
            <gpxtpx:Extensions>
              <reversedirection>yes</reversedirection>
              <highway>primary</highway>
              <surface>asphalt</surface>
              <maxspeed>90</maxspeed>
            </gpxtpx:Extensions>
          </gpxtpx:TrackPointExtension>
        </extensions>
      </trkpt>
      <trkpt lat="45.415136" lon="7.882743">
        <ele>225.75</ele>
        <time>2016-11-23T19:30:44.689Z</time>
        <extensions>
          <gpxtpx:TrackPointExtension>
            <gpxtpx:Extensions>
              <reversedirection>yes</reversedirection>
              <highway>primary</highway>
              <surface>asphalt</surface>
              <maxspeed>90</maxspeed>
            </gpxtpx:Extensions>
          </gpxtpx:TrackPointExtension>
        </extensions>
      </trkpt>
      <trkpt lat="45.415468" lon="7.882999">
        <ele>226.75</ele>
        <time>2016-11-23T19:30:47.600Z</time>
        <extensions>
          <gpxtpx:TrackPointExtension>
            <gpxtpx:Extensions>
              <reversedirection>yes</reversedirection>
              <highway>primary</highway>
              <surface>asphalt</surface>
              <maxspeed>90</maxspeed>
            </gpxtpx:Extensions>
          </gpxtpx:TrackPointExtension>
        </extensions>
      </trkpt>
      <trkpt lat="45.415758" lon="7.883246">
        <ele>227.75</ele>
        <time>2016-11-23T19:30:50.205Z</time>
        <extensions>
          <gpxtpx:TrackPointExtension>
            <gpxtpx:Extensions>
              <reversedirection>yes</reversedirection>
              <highway>primary</highway>
              <surface>asphalt</surface>
              <maxspeed>90</maxspeed>
            </gpxtpx:Extensions>
          </gpxtpx:TrackPointExtension>
        </extensions>
      </trkpt>
      <trkpt lat="45.416018" lon="7.88349">
        <ele>228</ele>
        <time>2016-11-23T19:30:52.606Z</time>
        <extensions>
          <gpxtpx:TrackPointExtension>
            <gpxtpx:Extensions>
              <reversedirection>yes</reversedirection>
              <highway>primary</highway>
              <surface>asphalt</surface>
              <maxspeed>90</maxspeed>
            </gpxtpx:Extensions>
          </gpxtpx:TrackPointExtension>
        </extensions>
      </trkpt>
      <trkpt lat="45.41647" lon="7.883935">
        <ele>228</ele>
        <time>2016-11-23T19:30:56.843Z</time>
        <extensions>
          <gpxtpx:TrackPointExtension>
            <gpxtpx:Extensions>
              <reversedirection>yes</reversedirection>
              <highway>primary</highway>
              <surface>asphalt</surface>
              <maxspeed>90</maxspeed>
            </gpxtpx:Extensions>
          </gpxtpx:TrackPointExtension>
        </extensions>
      </trkpt>
      <trkpt lat="45.41695" lon="7.88442">
        <ele>227</ele>
        <time>2016-11-23T19:31:01.381Z</time>
        <extensions>
          <gpxtpx:TrackPointExtension>
            <gpxtpx:Extensions>
              <highway>primary_link</highway>
              <surface>asphalt</surface>
              <maxspeed>50</maxspeed>
              <oneway>yes</oneway>
            </gpxtpx:Extensions>
          </gpxtpx:TrackPointExtension>
        </extensions>
      </trkpt>
      <trkpt lat="45.417112" lon="7.884723">
        <ele>226.5</ele>
        <time>2016-11-23T19:31:03.442Z</time>
        <extensions>
          <gpxtpx:TrackPointExtension>
            <gpxtpx:Extensions>
              <highway>primary_link</highway>
              <surface>asphalt</surface>
              <maxspeed>50</maxspeed>
              <oneway>yes</oneway>
            </gpxtpx:Extensions>
          </gpxtpx:TrackPointExtension>
        </extensions>
      </trkpt>
      <trkpt lat="45.417174" lon="7.884976">
        <ele>226.5</ele>
        <time>2016-11-23T19:31:04.892Z</time>
        <extensions>
          <gpxtpx:TrackPointExtension>
            <gpxtpx:Extensions>
              <highway>primary_link</highway>
              <surface>asphalt</surface>
              <maxspeed>50</maxspeed>
              <oneway>yes</oneway>
            </gpxtpx:Extensions>
          </gpxtpx:TrackPointExtension>
        </extensions>
      </trkpt>
      <trkpt lat="45.417176" lon="7.885299">
        <ele>226.5</ele>
        <time>2016-11-23T19:31:06.640Z</time>
        <extensions>
          <gpxtpx:TrackPointExtension>
            <gpxtpx:Extensions>
              <highway>primary_link</highway>
              <surface>asphalt</surface>
              <maxspeed>50</maxspeed>
              <oneway>yes</oneway>
            </gpxtpx:Extensions>
          </gpxtpx:TrackPointExtension>
        </extensions>
      </trkpt>
      <trkpt lat="45.41712" lon="7.885559">
        <ele>226.25</ele>
        <time>2016-11-23T19:31:08.112Z</time>
        <extensions>
          <gpxtpx:TrackPointExtension>
            <gpxtpx:Extensions>
              <highway>primary_link</highway>
              <surface>asphalt</surface>
              <maxspeed>50</maxspeed>
              <oneway>yes</oneway>
            </gpxtpx:Extensions>
          </gpxtpx:TrackPointExtension>
        </extensions>
      </trkpt>
      <trkpt lat="45.417035" lon="7.885715">
        <ele>226.5</ele>
        <time>2016-11-23T19:31:09.181Z</time>
        <extensions>
          <gpxtpx:TrackPointExtension>
            <gpxtpx:Extensions>
              <highway>primary_link</highway>
              <surface>asphalt</surface>
              <maxspeed>50</maxspeed>
              <oneway>yes</oneway>
            </gpxtpx:Extensions>
          </gpxtpx:TrackPointExtension>
        </extensions>
      </trkpt>
      <trkpt lat="45.416896" lon="7.885908">
        <ele>226.5</ele>
        <time>2016-11-23T19:31:10.677Z</time>
        <extensions>
          <gpxtpx:TrackPointExtension>
            <gpxtpx:Extensions>
              <highway>primary_link</highway>
              <surface>asphalt</surface>
              <maxspeed>50</maxspeed>
            </gpxtpx:Extensions>
          </gpxtpx:TrackPointExtension>
        </extensions>
      </trkpt>
      <trkpt lat="45.416781" lon="7.885969">
        <ele>226.75</ele>
        <time>2016-11-23T19:31:11.623Z</time>
        <extensions>
          <gpxtpx:TrackPointExtension>
            <gpxtpx:Extensions>
              <highway>primary_link</highway>
              <surface>asphalt</surface>
              <maxspeed>50</maxspeed>
            </gpxtpx:Extensions>
          </gpxtpx:TrackPointExtension>
        </extensions>
      </trkpt>
      <trkpt lat="45.416643" lon="7.885978">
        <ele>226.75</ele>
        <time>2016-11-23T19:31:12.688Z</time>
        <extensions>
          <gpxtpx:TrackPointExtension>
            <gpxtpx:Extensions>
              <highway>primary_link</highway>
              <surface>asphalt</surface>
              <maxspeed>50</maxspeed>
            </gpxtpx:Extensions>
          </gpxtpx:TrackPointExtension>
        </extensions>
      </trkpt>
      <trkpt lat="45.416504" lon="7.885959">
        <ele>226.5</ele>
        <time>2016-11-23T19:31:13.764Z</time>
        <extensions>
          <gpxtpx:TrackPointExtension>
            <gpxtpx:Extensions>
              <highway>primary_link</highway>
              <surface>asphalt</surface>
              <maxspeed>50</maxspeed>
            </gpxtpx:Extensions>
          </gpxtpx:TrackPointExtension>
        </extensions>
      </trkpt>
      <trkpt lat="45.416366" lon="7.885891">
        <ele>226.25</ele>
        <time>2016-11-23T19:31:14.890Z</time>
        <extensions>
          <gpxtpx:TrackPointExtension>
            <gpxtpx:Extensions>
              <highway>primary_link</highway>
              <surface>asphalt</surface>
              <maxspeed>50</maxspeed>
            </gpxtpx:Extensions>
          </gpxtpx:TrackPointExtension>
        </extensions>
      </trkpt>
      <trkpt lat="45.416288" lon="7.885813">
        <ele>226</ele>
        <time>2016-11-23T19:31:15.625Z</time>
        <extensions>
          <gpxtpx:TrackPointExtension>
            <gpxtpx:Extensions>
              <highway>primary_link</highway>
              <surface>asphalt</surface>
              <oneway>yes</oneway>
            </gpxtpx:Extensions>
          </gpxtpx:TrackPointExtension>
        </extensions>
      </trkpt>
      <trkpt lat="45.416168" lon="7.885627">
        <ele>225.75</ele>
        <time>2016-11-23T19:31:16.992Z</time>
        <extensions>
          <gpxtpx:TrackPointExtension>
            <gpxtpx:Extensions>
              <highway>primary_link</highway>
              <surface>asphalt</surface>
              <oneway>yes</oneway>
            </gpxtpx:Extensions>
          </gpxtpx:TrackPointExtension>
        </extensions>
      </trkpt>
      <trkpt lat="45.416125" lon="7.885496">
        <ele>226</ele>
        <time>2016-11-23T19:31:17.774Z</time>
        <extensions>
          <gpxtpx:TrackPointExtension>
            <gpxtpx:Extensions>
              <highway>primary_link</highway>
              <surface>asphalt</surface>
              <oneway>yes</oneway>
            </gpxtpx:Extensions>
          </gpxtpx:TrackPointExtension>
        </extensions>
      </trkpt>
      <trkpt lat="45.41607" lon="7.885279">
        <ele>226.25</ele>
        <time>2016-11-23T19:31:19.023Z</time>
        <extensions>
          <gpxtpx:TrackPointExtension>
            <gpxtpx:Extensions>
              <highway>primary_link</highway>
              <surface>asphalt</surface>
              <oneway>yes</oneway>
            </gpxtpx:Extensions>
          </gpxtpx:TrackPointExtension>
        </extensions>
      </trkpt>
      <trkpt lat="45.416086" lon="7.884998">
        <ele>226.5</ele>
        <time>2016-11-23T19:31:20.549Z</time>
        <extensions>
          <gpxtpx:TrackPointExtension>
            <gpxtpx:Extensions>
              <highway>primary_link</highway>
              <surface>asphalt</surface>
              <oneway>yes</oneway>
            </gpxtpx:Extensions>
          </gpxtpx:TrackPointExtension>
        </extensions>
      </trkpt>
      <trkpt lat="45.416138" lon="7.884828">
        <ele>226.75</ele>
        <time>2016-11-23T19:31:21.552Z</time>
        <extensions>
          <gpxtpx:TrackPointExtension>
            <gpxtpx:Extensions>
              <highway>primary_link</highway>
              <surface>asphalt</surface>
              <oneway>yes</oneway>
            </gpxtpx:Extensions>
          </gpxtpx:TrackPointExtension>
        </extensions>
      </trkpt>
      <trkpt lat="45.416261" lon="7.884547">
        <ele>227.25</ele>
        <time>2016-11-23T19:31:23.344Z</time>
        <extensions>
          <gpxtpx:TrackPointExtension>
            <gpxtpx:Extensions>
              <highway>primary_link</highway>
              <surface>asphalt</surface>
              <oneway>yes</oneway>
            </gpxtpx:Extensions>
          </gpxtpx:TrackPointExtension>
        </extensions>
      </trkpt>
      <trkpt lat="45.416428" lon="7.884212">
        <ele>227.75</ele>
        <time>2016-11-23T19:31:25.568Z</time>
        <extensions>
          <gpxtpx:TrackPointExtension>
            <gpxtpx:Extensions>
              <highway>tertiary</highway>
              <surface>asphalt</surface>
              <maxspeed>50</maxspeed>
            </gpxtpx:Extensions>
          </gpxtpx:TrackPointExtension>
        </extensions>
      </trkpt>
      <trkpt lat="45.416728" lon="7.883842">
        <ele>227.75</ele>
        <time>2016-11-23T19:31:28.628Z</time>
        <extensions>
          <gpxtpx:TrackPointExtension>
            <gpxtpx:Extensions>
              <highway>tertiary</highway>
              <surface>asphalt</surface>
              <maxspeed>50</maxspeed>
            </gpxtpx:Extensions>
          </gpxtpx:TrackPointExtension>
        </extensions>
      </trkpt>
      <trkpt lat="45.416866" lon="7.883709">
        <ele>227.5</ele>
        <time>2016-11-23T19:31:29.912Z</time>
        <extensions>
          <gpxtpx:TrackPointExtension>
            <gpxtpx:Extensions>
              <highway>tertiary</highway>
              <surface>asphalt</surface>
              <maxspeed>50</maxspeed>
            </gpxtpx:Extensions>
          </gpxtpx:TrackPointExtension>
        </extensions>
      </trkpt>
      <trkpt lat="45.417013" lon="7.883597">
        <ele>227.25</ele>
        <time>2016-11-23T19:31:31.197Z</time>
        <extensions>
          <gpxtpx:TrackPointExtension>
            <gpxtpx:Extensions>
              <highway>tertiary</highway>
              <surface>asphalt</surface>
              <maxspeed>50</maxspeed>
            </gpxtpx:Extensions>
          </gpxtpx:TrackPointExtension>
        </extensions>
      </trkpt>
      <trkpt lat="45.417167" lon="7.883506">
        <ele>227.25</ele>
        <time>2016-11-23T19:31:32.482Z</time>
        <extensions>
          <gpxtpx:TrackPointExtension>
            <gpxtpx:Extensions>
              <highway>tertiary</highway>
              <surface>asphalt</surface>
              <maxspeed>50</maxspeed>
            </gpxtpx:Extensions>
          </gpxtpx:TrackPointExtension>
        </extensions>
      </trkpt>
      <trkpt lat="45.417327" lon="7.883437">
        <ele>227</ele>
        <time>2016-11-23T19:31:33.771Z</time>
        <extensions>
          <gpxtpx:TrackPointExtension>
            <gpxtpx:Extensions>
              <highway>tertiary</highway>
              <surface>asphalt</surface>
              <maxspeed>50</maxspeed>
            </gpxtpx:Extensions>
          </gpxtpx:TrackPointExtension>
        </extensions>
      </trkpt>
      <trkpt lat="45.417491" lon="7.883392">
        <ele>226.75</ele>
        <time>2016-11-23T19:31:35.059Z</time>
        <extensions>
          <gpxtpx:TrackPointExtension>
            <gpxtpx:Extensions>
              <highway>tertiary</highway>
              <surface>asphalt</surface>
              <maxspeed>50</maxspeed>
            </gpxtpx:Extensions>
          </gpxtpx:TrackPointExtension>
        </extensions>
      </trkpt>
      <trkpt lat="45.418198" lon="7.883253">
        <ele>226</ele>
        <time>2016-11-23T19:31:40.985Z</time>
        <extensions>
          <gpxtpx:TrackPointExtension>
            <gpxtpx:Extensions>
              <highway>tertiary</highway>
              <surface>asphalt</surface>
              <maxspeed>50</maxspeed>
            </gpxtpx:Extensions>
          </gpxtpx:TrackPointExtension>
        </extensions>
      </trkpt>
      <trkpt lat="45.418198" lon="7.883253">
        <ele>226</ele>
        <time>2016-11-23T19:31:40.985Z</time>
        <extensions>
          <gpxtpx:TrackPointExtension>
            <gpxtpx:Extensions>
              <highway>tertiary</highway>
              <surface>asphalt</surface>
              <maxspeed>50</maxspeed>
            </gpxtpx:Extensions>
          </gpxtpx:TrackPointExtension>
        </extensions>
      </trkpt>
      <trkpt lat="45.418447" lon="7.883205">
        <ele>226</ele>
        <time>2016-11-23T19:31:43.071Z</time>
        <extensions>
          <gpxtpx:TrackPointExtension>
            <gpxtpx:Extensions>
              <highway>tertiary</highway>
              <surface>asphalt</surface>
            </gpxtpx:Extensions>
          </gpxtpx:TrackPointExtension>
        </extensions>
      </trkpt>
      <trkpt lat="45.418918" lon="7.883113">
        <ele>225.75</ele>
        <time>2016-11-23T19:31:47.018Z</time>
        <extensions>
          <gpxtpx:TrackPointExtension>
            <gpxtpx:Extensions>
              <highway>tertiary</highway>
              <surface>asphalt</surface>
              <maxspeed>50</maxspeed>
            </gpxtpx:Extensions>
          </gpxtpx:TrackPointExtension>
        </extensions>
      </trkpt>
      <trkpt lat="45.41948" lon="7.883044">
        <ele>226</ele>
        <time>2016-11-23T19:31:51.702Z</time>
        <extensions>
          <gpxtpx:TrackPointExtension>
            <gpxtpx:Extensions>
              <reversedirection>yes</reversedirection>
              <highway>tertiary</highway>
              <surface>asphalt</surface>
              <maxspeed>50</maxspeed>
            </gpxtpx:Extensions>
          </gpxtpx:TrackPointExtension>
        </extensions>
      </trkpt>
      <trkpt lat="45.419876" lon="7.88301">
        <ele>226.75</ele>
        <time>2016-11-23T19:31:54.996Z</time>
        <extensions>
          <gpxtpx:TrackPointExtension>
            <gpxtpx:Extensions>
              <reversedirection>yes</reversedirection>
              <highway>tertiary</highway>
              <surface>asphalt</surface>
              <maxspeed>50</maxspeed>
            </gpxtpx:Extensions>
          </gpxtpx:TrackPointExtension>
        </extensions>
      </trkpt>
      <trkpt lat="45.421356" lon="7.882894">
        <ele>229.25</ele>
        <time>2016-11-23T19:32:07.304Z</time>
        <extensions>
          <gpxtpx:TrackPointExtension>
            <gpxtpx:Extensions>
              <reversedirection>yes</reversedirection>
              <highway>tertiary</highway>
              <surface>asphalt</surface>
              <maxspeed>50</maxspeed>
            </gpxtpx:Extensions>
          </gpxtpx:TrackPointExtension>
        </extensions>
      </trkpt>
      <trkpt lat="45.421663" lon="7.882885">
        <ele>230.75</ele>
        <time>2016-11-23T19:32:09.853Z</time>
        <extensions>
          <gpxtpx:TrackPointExtension>
            <gpxtpx:Extensions>
              <reversedirection>yes</reversedirection>
              <highway>tertiary</highway>
              <surface>asphalt</surface>
              <maxspeed>50</maxspeed>
            </gpxtpx:Extensions>
          </gpxtpx:TrackPointExtension>
        </extensions>
      </trkpt>
      <trkpt lat="45.42187" lon="7.882861">
        <ele>230.5</ele>
        <time>2016-11-23T19:32:11.577Z</time>
        <extensions>
          <gpxtpx:TrackPointExtension>
            <gpxtpx:Extensions>
              <reversedirection>yes</reversedirection>
              <highway>tertiary</highway>
              <surface>asphalt</surface>
              <maxspeed>50</maxspeed>
            </gpxtpx:Extensions>
          </gpxtpx:TrackPointExtension>
        </extensions>
      </trkpt>
      <trkpt lat="45.422672" lon="7.882799">
        <ele>229.5</ele>
        <time>2016-11-23T19:32:18.246Z</time>
        <extensions>
          <gpxtpx:TrackPointExtension>
            <gpxtpx:Extensions>
              <reversedirection>yes</reversedirection>
              <highway>tertiary</highway>
              <surface>asphalt</surface>
              <maxspeed>50</maxspeed>
            </gpxtpx:Extensions>
          </gpxtpx:TrackPointExtension>
        </extensions>
      </trkpt>
      <trkpt lat="45.423754" lon="7.88272">
        <ele>233</ele>
        <time>2016-11-23T19:32:27.242Z</time>
        <extensions>
          <gpxtpx:TrackPointExtension>
            <gpxtpx:Extensions>
              <reversedirection>yes</reversedirection>
              <highway>tertiary</highway>
              <surface>asphalt</surface>
              <maxspeed>50</maxspeed>
            </gpxtpx:Extensions>
          </gpxtpx:TrackPointExtension>
        </extensions>
      </trkpt>
      <trkpt lat="45.42387" lon="7.882711">
        <ele>233.25</ele>
        <time>2016-11-23T19:32:28.206Z</time>
        <extensions>
          <gpxtpx:TrackPointExtension>
            <gpxtpx:Extensions>
              <reversedirection>yes</reversedirection>
              <highway>tertiary</highway>
              <surface>asphalt</surface>
              <maxspeed>50</maxspeed>
            </gpxtpx:Extensions>
          </gpxtpx:TrackPointExtension>
        </extensions>
      </trkpt>
      <trkpt lat="45.425165" lon="7.882607">
        <ele>233.5</ele>
        <time>2016-11-23T19:32:38.976Z</time>
        <extensions>
          <gpxtpx:TrackPointExtension>
            <gpxtpx:Extensions>
              <reversedirection>yes</reversedirection>
              <highway>tertiary</highway>
              <surface>asphalt</surface>
              <maxspeed>50</maxspeed>
            </gpxtpx:Extensions>
          </gpxtpx:TrackPointExtension>
        </extensions>
      </trkpt>
      <trkpt lat="45.425415" lon="7.882587">
        <ele>233.5</ele>
        <time>2016-11-23T19:32:41.055Z</time>
        <extensions>
          <gpxtpx:TrackPointExtension>
            <gpxtpx:Extensions>
              <reversedirection>yes</reversedirection>
              <highway>tertiary</highway>
              <surface>asphalt</surface>
              <maxspeed>50</maxspeed>
            </gpxtpx:Extensions>
          </gpxtpx:TrackPointExtension>
        </extensions>
      </trkpt>
      <trkpt lat="45.426585" lon="7.882506">
        <ele>233</ele>
        <time>2016-11-23T19:32:50.782Z</time>
        <extensions>
          <gpxtpx:TrackPointExtension>
            <gpxtpx:Extensions>
              <reversedirection>yes</reversedirection>
              <highway>tertiary</highway>
              <surface>asphalt</surface>
              <maxspeed>50</maxspeed>
            </gpxtpx:Extensions>
          </gpxtpx:TrackPointExtension>
        </extensions>
      </trkpt>
      <trkpt lat="45.426642" lon="7.882501">
        <ele>233</ele>
        <time>2016-11-23T19:32:51.256Z</time>
        <extensions>
          <gpxtpx:TrackPointExtension>
            <gpxtpx:Extensions>
              <reversedirection>yes</reversedirection>
              <highway>tertiary</highway>
              <surface>asphalt</surface>
              <maxspeed>50</maxspeed>
            </gpxtpx:Extensions>
          </gpxtpx:TrackPointExtension>
        </extensions>
      </trkpt>
      <trkpt lat="45.426747" lon="7.882492">
        <ele>233</ele>
        <time>2016-11-23T19:32:52.129Z</time>
        <extensions>
          <gpxtpx:TrackPointExtension>
            <gpxtpx:Extensions>
              <reversedirection>yes</reversedirection>
              <highway>tertiary</highway>
              <surface>asphalt</surface>
              <maxspeed>50</maxspeed>
            </gpxtpx:Extensions>
          </gpxtpx:TrackPointExtension>
        </extensions>
      </trkpt>
      <trkpt lat="45.427963" lon="7.8824">
        <ele>234.75</ele>
        <time>2016-11-23T19:33:02.240Z</time>
        <extensions>
          <gpxtpx:TrackPointExtension>
            <gpxtpx:Extensions>
              <reversedirection>yes</reversedirection>
              <highway>tertiary</highway>
              <surface>asphalt</surface>
              <maxspeed>50</maxspeed>
            </gpxtpx:Extensions>
          </gpxtpx:TrackPointExtension>
        </extensions>
      </trkpt>
      <trkpt lat="45.428047" lon="7.882392">
        <ele>234.75</ele>
        <time>2016-11-23T19:33:02.939Z</time>
        <extensions>
          <gpxtpx:TrackPointExtension>
            <gpxtpx:Extensions>
              <reversedirection>yes</reversedirection>
              <highway>tertiary</highway>
              <surface>asphalt</surface>
              <maxspeed>50</maxspeed>
            </gpxtpx:Extensions>
          </gpxtpx:TrackPointExtension>
        </extensions>
      </trkpt>
      <trkpt lat="45.428264" lon="7.882361">
        <ele>234.75</ele>
        <time>2016-11-23T19:33:04.749Z</time>
        <extensions>
          <gpxtpx:TrackPointExtension>
            <gpxtpx:Extensions>
              <reversedirection>yes</reversedirection>
              <highway>tertiary</highway>
              <surface>asphalt</surface>
              <maxspeed>50</maxspeed>
            </gpxtpx:Extensions>
          </gpxtpx:TrackPointExtension>
        </extensions>
      </trkpt>
      <trkpt lat="45.4284" lon="7.882334">
        <ele>235</ele>
        <time>2016-11-23T19:33:05.889Z</time>
        <extensions>
          <gpxtpx:TrackPointExtension>
            <gpxtpx:Extensions>
              <reversedirection>yes</reversedirection>
              <highway>tertiary</highway>
              <surface>asphalt</surface>
              <maxspeed>50</maxspeed>
            </gpxtpx:Extensions>
          </gpxtpx:TrackPointExtension>
        </extensions>
      </trkpt>
      <trkpt lat="45.428631" lon="7.882262">
        <ele>235.25</ele>
        <time>2016-11-23T19:33:07.852Z</time>
        <extensions>
          <gpxtpx:TrackPointExtension>
            <gpxtpx:Extensions>
              <reversedirection>yes</reversedirection>
              <highway>tertiary</highway>
              <surface>asphalt</surface>
              <maxspeed>50</maxspeed>
            </gpxtpx:Extensions>
          </gpxtpx:TrackPointExtension>
        </extensions>
      </trkpt>
      <trkpt lat="45.429023" lon="7.882122">
        <ele>236</ele>
        <time>2016-11-23T19:33:11.207Z</time>
        <extensions>
          <gpxtpx:TrackPointExtension>
            <gpxtpx:Extensions>
              <reversedirection>yes</reversedirection>
              <highway>tertiary</highway>
              <surface>asphalt</surface>
              <maxspeed>50</maxspeed>
            </gpxtpx:Extensions>
          </gpxtpx:TrackPointExtension>
        </extensions>
      </trkpt>
      <trkpt lat="45.429367" lon="7.881996">
        <ele>236.5</ele>
        <time>2016-11-23T19:33:14.156Z</time>
        <extensions>
          <gpxtpx:TrackPointExtension>
            <gpxtpx:Extensions>
              <reversedirection>yes</reversedirection>
              <highway>tertiary</highway>
              <surface>asphalt</surface>
              <maxspeed>50</maxspeed>
            </gpxtpx:Extensions>
          </gpxtpx:TrackPointExtension>
        </extensions>
      </trkpt>
      <trkpt lat="45.429783" lon="7.881844">
        <ele>236.75</ele>
        <time>2016-11-23T19:33:17.722Z</time>
        <extensions>
          <gpxtpx:TrackPointExtension>
            <gpxtpx:Extensions>
              <reversedirection>yes</reversedirection>
              <highway>tertiary</highway>
              <surface>asphalt</surface>
              <maxspeed>50</maxspeed>
            </gpxtpx:Extensions>
          </gpxtpx:TrackPointExtension>
        </extensions>
      </trkpt>
      <trkpt lat="45.429871" lon="7.881812">
        <ele>236.75</ele>
        <time>2016-11-23T19:33:18.476Z</time>
        <extensions>
          <gpxtpx:TrackPointExtension>
            <gpxtpx:Extensions>
              <reversedirection>yes</reversedirection>
              <highway>tertiary</highway>
              <surface>asphalt</surface>
              <maxspeed>50</maxspeed>
            </gpxtpx:Extensions>
          </gpxtpx:TrackPointExtension>
        </extensions>
      </trkpt>
      <trkpt lat="45.430645" lon="7.88153">
        <ele>236</ele>
        <time>2016-11-23T19:33:25.110Z</time>
        <extensions>
          <gpxtpx:TrackPointExtension>
            <gpxtpx:Extensions>
              <reversedirection>yes</reversedirection>
              <highway>tertiary</highway>
              <surface>asphalt</surface>
              <maxspeed>50</maxspeed>
            </gpxtpx:Extensions>
          </gpxtpx:TrackPointExtension>
        </extensions>
      </trkpt>
      <trkpt lat="45.430732" lon="7.881498">
        <ele>235.75</ele>
        <time>2016-11-23T19:33:25.856Z</time>
        <extensions>
          <gpxtpx:TrackPointExtension>
            <gpxtpx:Extensions>
              <reversedirection>yes</reversedirection>
              <highway>tertiary</highway>
              <surface>asphalt</surface>
              <maxspeed>50</maxspeed>
            </gpxtpx:Extensions>
          </gpxtpx:TrackPointExtension>
        </extensions>
      </trkpt>
      <trkpt lat="45.432064" lon="7.881011">
        <ele>235.25</ele>
        <time>2016-11-23T19:33:37.275Z</time>
        <extensions>
          <gpxtpx:TrackPointExtension>
            <gpxtpx:Extensions>
              <reversedirection>yes</reversedirection>
              <highway>tertiary</highway>
              <surface>asphalt</surface>
              <maxspeed>50</maxspeed>
            </gpxtpx:Extensions>
          </gpxtpx:TrackPointExtension>
        </extensions>
      </trkpt>
      <trkpt lat="45.432082" lon="7.881005">
        <ele>235.25</ele>
        <time>2016-11-23T19:33:37.428Z</time>
        <extensions>
          <gpxtpx:TrackPointExtension>
            <gpxtpx:Extensions>
              <reversedirection>yes</reversedirection>
              <highway>tertiary</highway>
              <surface>asphalt</surface>
              <maxspeed>50</maxspeed>
            </gpxtpx:Extensions>
          </gpxtpx:TrackPointExtension>
        </extensions>
      </trkpt>
      <trkpt lat="45.432155" lon="7.880977">
        <ele>235.25</ele>
        <time>2016-11-23T19:33:38.055Z</time>
        <extensions>
          <gpxtpx:TrackPointExtension>
            <gpxtpx:Extensions>
              <reversedirection>yes</reversedirection>
              <highway>tertiary</highway>
              <surface>asphalt</surface>
            </gpxtpx:Extensions>
          </gpxtpx:TrackPointExtension>
        </extensions>
      </trkpt>
      <trkpt lat="45.432608" lon="7.880808">
        <ele>235</ele>
        <time>2016-11-23T19:33:41.943Z</time>
        <extensions>
          <gpxtpx:TrackPointExtension>
            <gpxtpx:Extensions>
              <reversedirection>yes</reversedirection>
              <highway>tertiary</highway>
              <surface>asphalt</surface>
            </gpxtpx:Extensions>
          </gpxtpx:TrackPointExtension>
        </extensions>
      </trkpt>
      <trkpt lat="45.432781" lon="7.880746">
        <ele>235.5</ele>
        <time>2016-11-23T19:33:43.424Z</time>
        <extensions>
          <gpxtpx:TrackPointExtension>
            <gpxtpx:Extensions>
              <reversedirection>yes</reversedirection>
              <highway>tertiary</highway>
              <surface>asphalt</surface>
              <maxspeed>50</maxspeed>
            </gpxtpx:Extensions>
          </gpxtpx:TrackPointExtension>
        </extensions>
      </trkpt>
      <trkpt lat="45.432873" lon="7.880714">
        <ele>235.5</ele>
        <time>2016-11-23T19:33:44.210Z</time>
        <extensions>
          <gpxtpx:TrackPointExtension>
            <gpxtpx:Extensions>
              <reversedirection>yes</reversedirection>
              <highway>tertiary</highway>
              <surface>asphalt</surface>
              <maxspeed>50</maxspeed>
            </gpxtpx:Extensions>
          </gpxtpx:TrackPointExtension>
        </extensions>
      </trkpt>
      <trkpt lat="45.433068" lon="7.880643">
        <ele>236</ele>
        <time>2016-11-23T19:33:45.881Z</time>
        <extensions>
          <gpxtpx:TrackPointExtension>
            <gpxtpx:Extensions>
              <reversedirection>yes</reversedirection>
              <highway>tertiary</highway>
              <surface>asphalt</surface>
              <maxspeed>50</maxspeed>
            </gpxtpx:Extensions>
          </gpxtpx:TrackPointExtension>
        </extensions>
      </trkpt>
      <trkpt lat="45.433096" lon="7.880633">
        <ele>236</ele>
        <time>2016-11-23T19:33:46.120Z</time>
        <extensions>
          <gpxtpx:TrackPointExtension>
            <gpxtpx:Extensions>
              <reversedirection>yes</reversedirection>
              <highway>tertiary</highway>
              <surface>asphalt</surface>
              <maxspeed>50</maxspeed>
            </gpxtpx:Extensions>
          </gpxtpx:TrackPointExtension>
        </extensions>
      </trkpt>
      <trkpt lat="45.433584" lon="7.880456">
        <ele>237</ele>
        <time>2016-11-23T19:33:50.301Z</time>
        <extensions>
          <gpxtpx:TrackPointExtension>
            <gpxtpx:Extensions>
              <reversedirection>yes</reversedirection>
              <highway>tertiary</highway>
              <surface>asphalt</surface>
              <maxspeed>50</maxspeed>
            </gpxtpx:Extensions>
          </gpxtpx:TrackPointExtension>
        </extensions>
      </trkpt>
      <trkpt lat="45.433665" lon="7.880426">
        <ele>237</ele>
        <time>2016-11-23T19:33:50.995Z</time>
        <extensions>
          <gpxtpx:TrackPointExtension>
            <gpxtpx:Extensions>
              <reversedirection>yes</reversedirection>
              <highway>tertiary</highway>
              <surface>asphalt</surface>
              <maxspeed>50</maxspeed>
            </gpxtpx:Extensions>
          </gpxtpx:TrackPointExtension>
        </extensions>
      </trkpt>
      <trkpt lat="45.435212" lon="7.879862">
        <ele>237</ele>
        <time>2016-11-23T19:34:04.254Z</time>
        <extensions>
          <gpxtpx:TrackPointExtension>
            <gpxtpx:Extensions>
              <reversedirection>yes</reversedirection>
              <highway>tertiary</highway>
              <surface>asphalt</surface>
              <maxspeed>50</maxspeed>
            </gpxtpx:Extensions>
          </gpxtpx:TrackPointExtension>
        </extensions>
      </trkpt>
      <trkpt lat="45.435343" lon="7.879817">
        <ele>237</ele>
        <time>2016-11-23T19:34:05.372Z</time>
        <extensions>
          <gpxtpx:TrackPointExtension>
            <gpxtpx:Extensions>
              <reversedirection>yes</reversedirection>
              <highway>tertiary</highway>
              <surface>asphalt</surface>
              <maxspeed>50</maxspeed>
            </gpxtpx:Extensions>
          </gpxtpx:TrackPointExtension>
        </extensions>
      </trkpt>
      <trkpt lat="45.435811" lon="7.879646">
        <ele>237</ele>
        <time>2016-11-23T19:34:09.383Z</time>
        <extensions>
          <gpxtpx:TrackPointExtension>
            <gpxtpx:Extensions>
              <reversedirection>yes</reversedirection>
              <highway>tertiary</highway>
              <surface>asphalt</surface>
              <maxspeed>50</maxspeed>
            </gpxtpx:Extensions>
          </gpxtpx:TrackPointExtension>
        </extensions>
      </trkpt>
      <trkpt lat="45.436983" lon="7.879215">
        <ele>236.5</ele>
        <time>2016-11-23T19:34:19.434Z</time>
        <extensions>
          <gpxtpx:TrackPointExtension>
            <gpxtpx:Extensions>
              <reversedirection>yes</reversedirection>
              <highway>tertiary</highway>
              <surface>asphalt</surface>
              <maxspeed>50</maxspeed>
            </gpxtpx:Extensions>
          </gpxtpx:TrackPointExtension>
        </extensions>
      </trkpt>
      <trkpt lat="45.437033" lon="7.879195">
        <ele>236.25</ele>
        <time>2016-11-23T19:34:19.865Z</time>
        <extensions>
          <gpxtpx:TrackPointExtension>
            <gpxtpx:Extensions>
              <reversedirection>yes</reversedirection>
              <highway>tertiary</highway>
              <surface>asphalt</surface>
              <maxspeed>50</maxspeed>
            </gpxtpx:Extensions>
          </gpxtpx:TrackPointExtension>
        </extensions>
      </trkpt>
      <trkpt lat="45.437195" lon="7.879135">
        <ele>236.25</ele>
        <time>2016-11-23T19:34:21.254Z</time>
        <extensions>
          <gpxtpx:TrackPointExtension>
            <gpxtpx:Extensions>
              <reversedirection>yes</reversedirection>
              <highway>tertiary</highway>
              <surface>asphalt</surface>
              <maxspeed>50</maxspeed>
            </gpxtpx:Extensions>
          </gpxtpx:TrackPointExtension>
        </extensions>
      </trkpt>
      <trkpt lat="45.438367" lon="7.878711">
        <ele>236.5</ele>
        <time>2016-11-23T19:34:31.294Z</time>
        <extensions>
          <gpxtpx:TrackPointExtension>
            <gpxtpx:Extensions>
              <reversedirection>yes</reversedirection>
              <highway>tertiary</highway>
              <surface>asphalt</surface>
              <maxspeed>50</maxspeed>
            </gpxtpx:Extensions>
          </gpxtpx:TrackPointExtension>
        </extensions>
      </trkpt>
      <trkpt lat="45.438431" lon="7.878685">
        <ele>236.5</ele>
        <time>2016-11-23T19:34:31.846Z</time>
        <extensions>
          <gpxtpx:TrackPointExtension>
            <gpxtpx:Extensions>
              <reversedirection>yes</reversedirection>
              <highway>tertiary</highway>
              <surface>asphalt</surface>
              <maxspeed>50</maxspeed>
            </gpxtpx:Extensions>
          </gpxtpx:TrackPointExtension>
        </extensions>
      </trkpt>
      <trkpt lat="45.440077" lon="7.878086">
        <ele>239.25</ele>
        <time>2016-11-23T19:34:45.952Z</time>
        <extensions>
          <gpxtpx:TrackPointExtension>
            <gpxtpx:Extensions>
              <reversedirection>yes</reversedirection>
              <highway>tertiary</highway>
              <surface>asphalt</surface>
              <maxspeed>50</maxspeed>
            </gpxtpx:Extensions>
          </gpxtpx:TrackPointExtension>
        </extensions>
      </trkpt>
      <trkpt lat="45.440805" lon="7.877821">
        <ele>239.25</ele>
        <time>2016-11-23T19:34:52.191Z</time>
        <extensions>
          <gpxtpx:TrackPointExtension>
            <gpxtpx:Extensions>
              <reversedirection>yes</reversedirection>
              <highway>tertiary</highway>
              <surface>asphalt</surface>
              <maxspeed>50</maxspeed>
            </gpxtpx:Extensions>
          </gpxtpx:TrackPointExtension>
        </extensions>
      </trkpt>
      <trkpt lat="45.44129" lon="7.877644">
        <ele>239.5</ele>
        <time>2016-11-23T19:34:56.348Z</time>
        <extensions>
          <gpxtpx:TrackPointExtension>
            <gpxtpx:Extensions>
              <reversedirection>yes</reversedirection>
              <highway>tertiary</highway>
              <surface>asphalt</surface>
              <maxspeed>50</maxspeed>
            </gpxtpx:Extensions>
          </gpxtpx:TrackPointExtension>
        </extensions>
      </trkpt>
      <trkpt lat="45.441415" lon="7.877602">
        <ele>239.5</ele>
        <time>2016-11-23T19:34:57.414Z</time>
        <extensions>
          <gpxtpx:TrackPointExtension>
            <gpxtpx:Extensions>
              <reversedirection>yes</reversedirection>
              <highway>tertiary</highway>
              <surface>asphalt</surface>
              <maxspeed>50</maxspeed>
            </gpxtpx:Extensions>
          </gpxtpx:TrackPointExtension>
        </extensions>
      </trkpt>
      <trkpt lat="45.441581" lon="7.877562">
        <ele>239.75</ele>
        <time>2016-11-23T19:34:58.812Z</time>
        <extensions>
          <gpxtpx:TrackPointExtension>
            <gpxtpx:Extensions>
              <reversedirection>yes</reversedirection>
              <highway>tertiary</highway>
              <surface>asphalt</surface>
              <maxspeed>50</maxspeed>
            </gpxtpx:Extensions>
          </gpxtpx:TrackPointExtension>
        </extensions>
      </trkpt>
      <trkpt lat="45.441856" lon="7.877548">
        <ele>239.75</ele>
        <time>2016-11-23T19:35:01.097Z</time>
        <extensions>
          <gpxtpx:TrackPointExtension>
            <gpxtpx:Extensions>
              <reversedirection>yes</reversedirection>
              <highway>tertiary</highway>
              <surface>asphalt</surface>
              <maxspeed>50</maxspeed>
            </gpxtpx:Extensions>
          </gpxtpx:TrackPointExtension>
        </extensions>
      </trkpt>
      <trkpt lat="45.442191" lon="7.877579">
        <ele>239.25</ele>
        <time>2016-11-23T19:35:03.884Z</time>
        <extensions>
          <gpxtpx:TrackPointExtension>
            <gpxtpx:Extensions>
              <reversedirection>yes</reversedirection>
              <highway>tertiary</highway>
              <surface>asphalt</surface>
              <maxspeed>50</maxspeed>
            </gpxtpx:Extensions>
          </gpxtpx:TrackPointExtension>
        </extensions>
      </trkpt>
      <trkpt lat="45.442517" lon="7.877614">
        <ele>239</ele>
        <time>2016-11-23T19:35:06.598Z</time>
        <extensions>
          <gpxtpx:TrackPointExtension>
            <gpxtpx:Extensions>
              <reversedirection>yes</reversedirection>
              <highway>tertiary</highway>
              <surface>asphalt</surface>
              <maxspeed>50</maxspeed>
            </gpxtpx:Extensions>
          </gpxtpx:TrackPointExtension>
        </extensions>
      </trkpt>
      <trkpt lat="45.442572" lon="7.877621">
        <ele>239</ele>
        <time>2016-11-23T19:35:07.056Z</time>
        <extensions>
          <gpxtpx:TrackPointExtension>
            <gpxtpx:Extensions>
              <reversedirection>yes</reversedirection>
              <highway>tertiary</highway>
              <surface>asphalt</surface>
              <maxspeed>50</maxspeed>
            </gpxtpx:Extensions>
          </gpxtpx:TrackPointExtension>
        </extensions>
      </trkpt>
      <trkpt lat="45.442665" lon="7.877634">
        <ele>239</ele>
        <time>2016-11-23T19:35:07.831Z</time>
        <extensions>
          <gpxtpx:TrackPointExtension>
            <gpxtpx:Extensions>
              <reversedirection>yes</reversedirection>
              <highway>tertiary</highway>
              <surface>asphalt</surface>
              <maxspeed>50</maxspeed>
            </gpxtpx:Extensions>
          </gpxtpx:TrackPointExtension>
        </extensions>
      </trkpt>
      <trkpt lat="45.442924" lon="7.877661">
        <ele>239.25</ele>
        <time>2016-11-23T19:35:09.987Z</time>
        <extensions>
          <gpxtpx:TrackPointExtension>
            <gpxtpx:Extensions>
              <reversedirection>yes</reversedirection>
              <highway>tertiary</highway>
              <surface>asphalt</surface>
              <maxspeed>50</maxspeed>
            </gpxtpx:Extensions>
          </gpxtpx:TrackPointExtension>
        </extensions>
      </trkpt>
      <trkpt lat="45.443053" lon="7.877674">
        <ele>239.25</ele>
        <time>2016-11-23T19:35:11.060Z</time>
        <extensions>
          <gpxtpx:TrackPointExtension>
            <gpxtpx:Extensions>
              <reversedirection>yes</reversedirection>
              <highway>tertiary</highway>
              <surface>asphalt</surface>
              <maxspeed>50</maxspeed>
            </gpxtpx:Extensions>
          </gpxtpx:TrackPointExtension>
        </extensions>
      </trkpt>
      <trkpt lat="45.443143" lon="7.877685">
        <ele>239.25</ele>
        <time>2016-11-23T19:35:11.810Z</time>
        <extensions>
          <gpxtpx:TrackPointExtension>
            <gpxtpx:Extensions>
              <reversedirection>yes</reversedirection>
              <highway>tertiary</highway>
              <surface>asphalt</surface>
              <maxspeed>50</maxspeed>
            </gpxtpx:Extensions>
          </gpxtpx:TrackPointExtension>
        </extensions>
      </trkpt>
      <trkpt lat="45.443554" lon="7.877735">
        <ele>239.25</ele>
        <time>2016-11-23T19:35:15.235Z</time>
        <extensions>
          <gpxtpx:TrackPointExtension>
            <gpxtpx:Extensions>
              <reversedirection>yes</reversedirection>
              <highway>tertiary</highway>
              <surface>asphalt</surface>
              <maxspeed>50</maxspeed>
            </gpxtpx:Extensions>
          </gpxtpx:TrackPointExtension>
        </extensions>
      </trkpt>
      <trkpt lat="45.443677" lon="7.877746">
        <ele>239</ele>
        <time>2016-11-23T19:35:16.258Z</time>
        <extensions>
          <gpxtpx:TrackPointExtension>
            <gpxtpx:Extensions>
              <reversedirection>yes</reversedirection>
              <highway>tertiary</highway>
              <surface>asphalt</surface>
              <maxspeed>50</maxspeed>
            </gpxtpx:Extensions>
          </gpxtpx:TrackPointExtension>
        </extensions>
      </trkpt>
      <trkpt lat="45.444322" lon="7.877822">
        <ele>239</ele>
        <time>2016-11-23T19:35:21.632Z</time>
        <extensions>
          <gpxtpx:TrackPointExtension>
            <gpxtpx:Extensions>
              <reversedirection>yes</reversedirection>
              <highway>tertiary</highway>
              <surface>asphalt</surface>
              <maxspeed>30</maxspeed>
            </gpxtpx:Extensions>
          </gpxtpx:TrackPointExtension>
        </extensions>
      </trkpt>
      <trkpt lat="45.444618" lon="7.877857">
        <ele>239.25</ele>
        <time>2016-11-23T19:35:24.098Z</time>
        <extensions>
          <gpxtpx:TrackPointExtension>
            <gpxtpx:Extensions>
              <reversedirection>yes</reversedirection>
              <highway>tertiary</highway>
              <surface>asphalt</surface>
              <maxspeed>30</maxspeed>
            </gpxtpx:Extensions>
          </gpxtpx:TrackPointExtension>
        </extensions>
      </trkpt>
      <trkpt lat="45.445247" lon="7.877924">
        <ele>239.75</ele>
        <time>2016-11-23T19:35:29.335Z</time>
        <extensions>
          <gpxtpx:TrackPointExtension>
            <gpxtpx:Extensions>
              <reversedirection>yes</reversedirection>
              <highway>tertiary</highway>
              <surface>asphalt</surface>
              <maxspeed>30</maxspeed>
            </gpxtpx:Extensions>
          </gpxtpx:TrackPointExtension>
        </extensions>
      </trkpt>
      <trkpt lat="45.445416" lon="7.877942">
        <ele>240</ele>
        <time>2016-11-23T19:35:30.742Z</time>
        <extensions>
          <gpxtpx:TrackPointExtension>
            <gpxtpx:Extensions>
              <reversedirection>yes</reversedirection>
              <highway>tertiary</highway>
              <surface>asphalt</surface>
              <maxspeed>30</maxspeed>
            </gpxtpx:Extensions>
          </gpxtpx:TrackPointExtension>
        </extensions>
      </trkpt>
      <trkpt lat="45.445524" lon="7.877957">
        <ele>240.25</ele>
        <time>2016-11-23T19:35:31.643Z</time>
        <extensions>
          <gpxtpx:TrackPointExtension>
            <gpxtpx:Extensions>
              <reversedirection>yes</reversedirection>
              <highway>tertiary</highway>
              <surface>asphalt</surface>
              <maxspeed>30</maxspeed>
            </gpxtpx:Extensions>
          </gpxtpx:TrackPointExtension>
        </extensions>
      </trkpt>
      <trkpt lat="45.445675" lon="7.877974">
        <ele>240.5</ele>
        <time>2016-11-23T19:35:32.900Z</time>
        <extensions>
          <gpxtpx:TrackPointExtension>
            <gpxtpx:Extensions>
              <reversedirection>yes</reversedirection>
              <highway>tertiary</highway>
              <surface>asphalt</surface>
              <maxspeed>30</maxspeed>
            </gpxtpx:Extensions>
          </gpxtpx:TrackPointExtension>
        </extensions>
      </trkpt>
      <trkpt lat="45.445852" lon="7.877996">
        <ele>241</ele>
        <time>2016-11-23T19:35:34.375Z</time>
        <extensions>
          <gpxtpx:TrackPointExtension>
            <gpxtpx:Extensions>
              <reversedirection>yes</reversedirection>
              <highway>tertiary</highway>
              <surface>asphalt</surface>
              <maxspeed>30</maxspeed>
            </gpxtpx:Extensions>
          </gpxtpx:TrackPointExtension>
        </extensions>
      </trkpt>
      <trkpt lat="45.445863" lon="7.877997">
        <ele>241</ele>
        <time>2016-11-23T19:35:34.466Z</time>
        <extensions>
          <gpxtpx:TrackPointExtension>
            <gpxtpx:Extensions>
              <reversedirection>yes</reversedirection>
              <highway>tertiary</highway>
              <surface>asphalt</surface>
              <maxspeed>30</maxspeed>
            </gpxtpx:Extensions>
          </gpxtpx:TrackPointExtension>
        </extensions>
      </trkpt>
      <trkpt lat="45.445899" lon="7.878002">
        <ele>241.25</ele>
        <time>2016-11-23T19:35:34.766Z</time>
        <extensions>
          <gpxtpx:TrackPointExtension>
            <gpxtpx:Extensions>
              <reversedirection>yes</reversedirection>
              <highway>tertiary</highway>
              <surface>asphalt</surface>
              <maxspeed>30</maxspeed>
            </gpxtpx:Extensions>
          </gpxtpx:TrackPointExtension>
        </extensions>
      </trkpt>
      <trkpt lat="45.446162" lon="7.878032">
        <ele>242.25</ele>
        <time>2016-11-23T19:35:36.956Z</time>
        <extensions>
          <gpxtpx:TrackPointExtension>
            <gpxtpx:Extensions>
              <reversedirection>yes</reversedirection>
              <highway>tertiary</highway>
              <surface>asphalt</surface>
              <maxspeed>30</maxspeed>
            </gpxtpx:Extensions>
          </gpxtpx:TrackPointExtension>
        </extensions>
      </trkpt>
      <trkpt lat="45.446191" lon="7.878035">
        <ele>242.25</ele>
        <time>2016-11-23T19:35:37.197Z</time>
        <extensions>
          <gpxtpx:TrackPointExtension>
            <gpxtpx:Extensions>
              <reversedirection>yes</reversedirection>
              <highway>tertiary</highway>
              <surface>asphalt</surface>
              <maxspeed>30</maxspeed>
            </gpxtpx:Extensions>
          </gpxtpx:TrackPointExtension>
        </extensions>
      </trkpt>
      <trkpt lat="45.446268" lon="7.878043">
        <ele>242.75</ele>
        <time>2016-11-23T19:35:37.838Z</time>
        <extensions>
          <gpxtpx:TrackPointExtension>
            <gpxtpx:Extensions>
              <reversedirection>yes</reversedirection>
              <highway>tertiary</highway>
              <surface>asphalt</surface>
              <maxspeed>50</maxspeed>
            </gpxtpx:Extensions>
          </gpxtpx:TrackPointExtension>
        </extensions>
      </trkpt>
      <trkpt lat="45.446324" lon="7.87805">
        <ele>242.75</ele>
        <time>2016-11-23T19:35:38.304Z</time>
        <extensions>
          <gpxtpx:TrackPointExtension>
            <gpxtpx:Extensions>
              <reversedirection>yes</reversedirection>
              <highway>tertiary</highway>
              <surface>asphalt</surface>
              <maxspeed>50</maxspeed>
            </gpxtpx:Extensions>
          </gpxtpx:TrackPointExtension>
        </extensions>
      </trkpt>
      <trkpt lat="45.446359" lon="7.878055">
        <ele>243</ele>
        <time>2016-11-23T19:35:38.595Z</time>
        <extensions>
          <gpxtpx:TrackPointExtension>
            <gpxtpx:Extensions>
              <reversedirection>yes</reversedirection>
              <highway>tertiary</highway>
              <surface>asphalt</surface>
              <maxspeed>50</maxspeed>
            </gpxtpx:Extensions>
          </gpxtpx:TrackPointExtension>
        </extensions>
      </trkpt>
      <trkpt lat="45.446477" lon="7.878067">
        <ele>243.5</ele>
        <time>2016-11-23T19:35:39.577Z</time>
        <extensions>
          <gpxtpx:TrackPointExtension>
            <gpxtpx:Extensions>
              <reversedirection>yes</reversedirection>
              <highway>tertiary</highway>
              <surface>asphalt</surface>
              <maxspeed>50</maxspeed>
            </gpxtpx:Extensions>
          </gpxtpx:TrackPointExtension>
        </extensions>
      </trkpt>
      <trkpt lat="45.446534" lon="7.878072">
        <ele>243.5</ele>
        <time>2016-11-23T19:35:40.051Z</time>
        <extensions>
          <gpxtpx:TrackPointExtension>
            <gpxtpx:Extensions>
              <reversedirection>yes</reversedirection>
              <highway>tertiary</highway>
              <surface>asphalt</surface>
              <maxspeed>50</maxspeed>
            </gpxtpx:Extensions>
          </gpxtpx:TrackPointExtension>
        </extensions>
      </trkpt>
      <trkpt lat="45.446788" lon="7.8781">
        <ele>243.75</ele>
        <time>2016-11-23T19:35:42.166Z</time>
        <extensions>
          <gpxtpx:TrackPointExtension>
            <gpxtpx:Extensions>
              <reversedirection>yes</reversedirection>
              <highway>tertiary</highway>
              <surface>asphalt</surface>
              <maxspeed>50</maxspeed>
            </gpxtpx:Extensions>
          </gpxtpx:TrackPointExtension>
        </extensions>
      </trkpt>
      <trkpt lat="45.446878" lon="7.878109">
        <ele>243.5</ele>
        <time>2016-11-23T19:35:42.915Z</time>
        <extensions>
          <gpxtpx:TrackPointExtension>
            <gpxtpx:Extensions>
              <reversedirection>yes</reversedirection>
              <highway>tertiary</highway>
              <surface>asphalt</surface>
              <maxspeed>50</maxspeed>
            </gpxtpx:Extensions>
          </gpxtpx:TrackPointExtension>
        </extensions>
      </trkpt>
      <trkpt lat="45.447205" lon="7.878147">
        <ele>242.75</ele>
        <time>2016-11-23T19:35:45.639Z</time>
        <extensions>
          <gpxtpx:TrackPointExtension>
            <gpxtpx:Extensions>
              <reversedirection>yes</reversedirection>
              <highway>tertiary</highway>
              <surface>asphalt</surface>
              <maxspeed>50</maxspeed>
            </gpxtpx:Extensions>
          </gpxtpx:TrackPointExtension>
        </extensions>
      </trkpt>
      <trkpt lat="45.447414" lon="7.87817">
        <ele>242.25</ele>
        <time>2016-11-23T19:35:47.379Z</time>
        <extensions>
          <gpxtpx:TrackPointExtension>
            <gpxtpx:Extensions>
              <reversedirection>yes</reversedirection>
              <highway>tertiary</highway>
              <surface>asphalt</surface>
              <maxspeed>50</maxspeed>
            </gpxtpx:Extensions>
          </gpxtpx:TrackPointExtension>
        </extensions>
      </trkpt>
      <trkpt lat="45.447453" lon="7.878175">
        <ele>242.25</ele>
        <time>2016-11-23T19:35:47.704Z</time>
        <extensions>
          <gpxtpx:TrackPointExtension>
            <gpxtpx:Extensions>
              <reversedirection>yes</reversedirection>
              <highway>tertiary</highway>
              <surface>asphalt</surface>
              <maxspeed>50</maxspeed>
            </gpxtpx:Extensions>
          </gpxtpx:TrackPointExtension>
        </extensions>
      </trkpt>
      <trkpt lat="45.447859" lon="7.878221">
        <ele>242.75</ele>
        <time>2016-11-23T19:35:51.086Z</time>
        <extensions>
          <gpxtpx:TrackPointExtension>
            <gpxtpx:Extensions>
              <reversedirection>yes</reversedirection>
              <highway>tertiary</highway>
              <surface>asphalt</surface>
              <maxspeed>50</maxspeed>
            </gpxtpx:Extensions>
          </gpxtpx:TrackPointExtension>
        </extensions>
      </trkpt>
      <trkpt lat="45.447993" lon="7.878236">
        <ele>243</ele>
        <time>2016-11-23T19:35:52.202Z</time>
        <extensions>
          <gpxtpx:TrackPointExtension>
            <gpxtpx:Extensions>
              <reversedirection>yes</reversedirection>
              <highway>tertiary</highway>
              <surface>asphalt</surface>
              <maxspeed>30</maxspeed>
            </gpxtpx:Extensions>
          </gpxtpx:TrackPointExtension>
        </extensions>
      </trkpt>
      <trkpt lat="45.448477" lon="7.878291">
        <ele>243.5</ele>
        <time>2016-11-23T19:35:56.233Z</time>
        <extensions>
          <gpxtpx:TrackPointExtension>
            <gpxtpx:Extensions>
              <reversedirection>yes</reversedirection>
              <highway>tertiary</highway>
              <surface>asphalt</surface>
              <maxspeed>30</maxspeed>
            </gpxtpx:Extensions>
          </gpxtpx:TrackPointExtension>
        </extensions>
      </trkpt>
      <trkpt lat="45.448508" lon="7.878294">
        <ele>243.5</ele>
        <time>2016-11-23T19:35:56.490Z</time>
        <extensions>
          <gpxtpx:TrackPointExtension>
            <gpxtpx:Extensions>
              <reversedirection>yes</reversedirection>
              <highway>tertiary</highway>
              <surface>asphalt</surface>
              <maxspeed>30</maxspeed>
            </gpxtpx:Extensions>
          </gpxtpx:TrackPointExtension>
        </extensions>
      </trkpt>
      <trkpt lat="45.448631" lon="7.878307">
        <ele>243</ele>
        <time>2016-11-23T19:35:57.514Z</time>
        <extensions>
          <gpxtpx:TrackPointExtension>
            <gpxtpx:Extensions>
              <reversedirection>yes</reversedirection>
              <highway>tertiary</highway>
              <surface>asphalt</surface>
              <maxspeed>30</maxspeed>
            </gpxtpx:Extensions>
          </gpxtpx:TrackPointExtension>
        </extensions>
      </trkpt>
      <trkpt lat="45.448938" lon="7.878343">
        <ele>242.5</ele>
        <time>2016-11-23T19:36:00.071Z</time>
        <extensions>
          <gpxtpx:TrackPointExtension>
            <gpxtpx:Extensions>
              <reversedirection>yes</reversedirection>
              <highway>tertiary</highway>
              <surface>asphalt</surface>
              <maxspeed>30</maxspeed>
            </gpxtpx:Extensions>
          </gpxtpx:TrackPointExtension>
        </extensions>
      </trkpt>
      <trkpt lat="45.44919" lon="7.878374">
        <ele>242</ele>
        <time>2016-11-23T19:36:02.171Z</time>
        <extensions>
          <gpxtpx:TrackPointExtension>
            <gpxtpx:Extensions>
              <reversedirection>yes</reversedirection>
              <highway>tertiary</highway>
              <surface>asphalt</surface>
              <maxspeed>30</maxspeed>
            </gpxtpx:Extensions>
          </gpxtpx:TrackPointExtension>
        </extensions>
      </trkpt>
      <trkpt lat="45.449809" lon="7.87844">
        <ele>242.75</ele>
        <time>2016-11-23T19:36:07.325Z</time>
        <extensions>
          <gpxtpx:TrackPointExtension>
            <gpxtpx:Extensions>
              <reversedirection>yes</reversedirection>
              <highway>tertiary</highway>
              <surface>asphalt</surface>
              <maxspeed>30</maxspeed>
            </gpxtpx:Extensions>
          </gpxtpx:TrackPointExtension>
        </extensions>
      </trkpt>
      <trkpt lat="45.449842" lon="7.878443">
        <ele>242.75</ele>
        <time>2016-11-23T19:36:07.599Z</time>
        <extensions>
          <gpxtpx:TrackPointExtension>
            <gpxtpx:Extensions>
              <reversedirection>yes</reversedirection>
              <highway>tertiary</highway>
              <surface>asphalt</surface>
            </gpxtpx:Extensions>
          </gpxtpx:TrackPointExtension>
        </extensions>
      </trkpt>
      <trkpt lat="45.450165" lon="7.878485">
        <ele>242.75</ele>
        <time>2016-11-23T19:36:10.292Z</time>
        <extensions>
          <gpxtpx:TrackPointExtension>
            <gpxtpx:Extensions>
              <reversedirection>yes</reversedirection>
              <highway>tertiary</highway>
              <surface>asphalt</surface>
            </gpxtpx:Extensions>
          </gpxtpx:TrackPointExtension>
        </extensions>
      </trkpt>
      <trkpt lat="45.450257" lon="7.878495">
        <ele>242.75</ele>
        <time>2016-11-23T19:36:11.058Z</time>
        <extensions>
          <gpxtpx:TrackPointExtension>
            <gpxtpx:Extensions>
              <reversedirection>yes</reversedirection>
              <highway>tertiary</highway>
              <surface>asphalt</surface>
            </gpxtpx:Extensions>
          </gpxtpx:TrackPointExtension>
        </extensions>
      </trkpt>
      <trkpt lat="45.450376" lon="7.878509">
        <ele>242.5</ele>
        <time>2016-11-23T19:36:12.049Z</time>
        <extensions>
          <gpxtpx:TrackPointExtension>
            <gpxtpx:Extensions>
              <reversedirection>yes</reversedirection>
              <highway>tertiary</highway>
              <surface>asphalt</surface>
              <maxspeed>50</maxspeed>
            </gpxtpx:Extensions>
          </gpxtpx:TrackPointExtension>
        </extensions>
      </trkpt>
      <trkpt lat="45.451134" lon="7.878596">
        <ele>243</ele>
        <time>2016-11-23T19:36:18.363Z</time>
        <extensions>
          <gpxtpx:TrackPointExtension>
            <gpxtpx:Extensions>
              <reversedirection>yes</reversedirection>
              <highway>tertiary</highway>
              <surface>asphalt</surface>
              <maxspeed>50</maxspeed>
            </gpxtpx:Extensions>
          </gpxtpx:TrackPointExtension>
        </extensions>
      </trkpt>
      <trkpt lat="45.451583" lon="7.878649">
        <ele>243.5</ele>
        <time>2016-11-23T19:36:22.104Z</time>
        <extensions>
          <gpxtpx:TrackPointExtension>
            <gpxtpx:Extensions>
              <reversedirection>yes</reversedirection>
              <highway>tertiary</highway>
              <surface>asphalt</surface>
              <maxspeed>50</maxspeed>
            </gpxtpx:Extensions>
          </gpxtpx:TrackPointExtension>
        </extensions>
      </trkpt>
      <trkpt lat="45.451772" lon="7.87867">
        <ele>243</ele>
        <time>2016-11-23T19:36:23.678Z</time>
        <extensions>
          <gpxtpx:TrackPointExtension>
            <gpxtpx:Extensions>
              <reversedirection>yes</reversedirection>
              <highway>tertiary</highway>
              <surface>asphalt</surface>
              <maxspeed>50</maxspeed>
            </gpxtpx:Extensions>
          </gpxtpx:TrackPointExtension>
        </extensions>
      </trkpt>
      <trkpt lat="45.452185" lon="7.878707">
        <ele>241</ele>
        <time>2016-11-23T19:36:27.114Z</time>
        <extensions>
          <gpxtpx:TrackPointExtension>
            <gpxtpx:Extensions>
              <reversedirection>yes</reversedirection>
              <highway>tertiary</highway>
              <surface>asphalt</surface>
              <maxspeed>50</maxspeed>
            </gpxtpx:Extensions>
          </gpxtpx:TrackPointExtension>
        </extensions>
      </trkpt>
      <trkpt lat="45.452273" lon="7.878717">
        <ele>240.5</ele>
        <time>2016-11-23T19:36:27.847Z</time>
        <extensions>
          <gpxtpx:TrackPointExtension>
            <gpxtpx:Extensions>
              <reversedirection>yes</reversedirection>
              <highway>tertiary</highway>
            </gpxtpx:Extensions>
          </gpxtpx:TrackPointExtension>
        </extensions>
      </trkpt>
      <trkpt lat="45.452438" lon="7.878737">
        <ele>239.75</ele>
        <time>2016-11-23T19:36:29.222Z</time>
        <extensions>
          <gpxtpx:TrackPointExtension>
            <gpxtpx:Extensions>
              <reversedirection>yes</reversedirection>
              <highway>tertiary</highway>
              <maxspeed>50</maxspeed>
            </gpxtpx:Extensions>
          </gpxtpx:TrackPointExtension>
        </extensions>
      </trkpt>
      <trkpt lat="45.452515" lon="7.878747">
        <ele>239.25</ele>
        <time>2016-11-23T19:36:29.864Z</time>
        <extensions>
          <gpxtpx:TrackPointExtension>
            <gpxtpx:Extensions>
              <reversedirection>yes</reversedirection>
              <highway>tertiary</highway>
              <maxspeed>50</maxspeed>
            </gpxtpx:Extensions>
          </gpxtpx:TrackPointExtension>
        </extensions>
      </trkpt>
      <trkpt lat="45.453056" lon="7.878804">
        <ele>238</ele>
        <time>2016-11-23T19:36:34.368Z</time>
        <extensions>
          <gpxtpx:TrackPointExtension>
            <gpxtpx:Extensions>
              <reversedirection>yes</reversedirection>
              <highway>tertiary</highway>
              <maxspeed>50</maxspeed>
            </gpxtpx:Extensions>
          </gpxtpx:TrackPointExtension>
        </extensions>
      </trkpt>
      <trkpt lat="45.45312" lon="7.878811">
        <ele>238</ele>
        <time>2016-11-23T19:36:34.901Z</time>
        <extensions>
          <gpxtpx:TrackPointExtension>
            <gpxtpx:Extensions>
              <reversedirection>yes</reversedirection>
              <highway>tertiary</highway>
              <surface>asphalt</surface>
              <maxspeed>50</maxspeed>
            </gpxtpx:Extensions>
          </gpxtpx:TrackPointExtension>
        </extensions>
      </trkpt>
      <trkpt lat="45.453217" lon="7.878824">
        <ele>237.75</ele>
        <time>2016-11-23T19:36:35.710Z</time>
        <extensions>
          <gpxtpx:TrackPointExtension>
            <gpxtpx:Extensions>
              <reversedirection>yes</reversedirection>
              <highway>tertiary</highway>
              <surface>asphalt</surface>
              <maxspeed>50</maxspeed>
            </gpxtpx:Extensions>
          </gpxtpx:TrackPointExtension>
        </extensions>
      </trkpt>
      <trkpt lat="45.453361" lon="7.878842">
        <ele>237.5</ele>
        <time>2016-11-23T19:36:36.910Z</time>
        <extensions>
          <gpxtpx:TrackPointExtension>
            <gpxtpx:Extensions>
              <reversedirection>yes</reversedirection>
              <highway>tertiary</highway>
              <surface>asphalt</surface>
              <maxspeed>50</maxspeed>
            </gpxtpx:Extensions>
          </gpxtpx:TrackPointExtension>
        </extensions>
      </trkpt>
      <trkpt lat="45.454094" lon="7.878927">
        <ele>236.5</ele>
        <time>2016-11-23T19:36:43.016Z</time>
        <extensions>
          <gpxtpx:TrackPointExtension>
            <gpxtpx:Extensions>
              <reversedirection>yes</reversedirection>
              <highway>tertiary</highway>
              <surface>asphalt</surface>
              <maxspeed>50</maxspeed>
            </gpxtpx:Extensions>
          </gpxtpx:TrackPointExtension>
        </extensions>
      </trkpt>
      <trkpt lat="45.454203" lon="7.878937">
        <ele>236.5</ele>
        <time>2016-11-23T19:36:43.923Z</time>
        <extensions>
          <gpxtpx:TrackPointExtension>
            <gpxtpx:Extensions>
              <reversedirection>yes</reversedirection>
              <highway>tertiary</highway>
              <surface>asphalt</surface>
              <maxspeed>50</maxspeed>
            </gpxtpx:Extensions>
          </gpxtpx:TrackPointExtension>
        </extensions>
      </trkpt>
      <trkpt lat="45.454294" lon="7.878946">
        <ele>236.75</ele>
        <time>2016-11-23T19:36:44.680Z</time>
        <extensions>
          <gpxtpx:TrackPointExtension>
            <gpxtpx:Extensions>
              <reversedirection>yes</reversedirection>
              <highway>tertiary</highway>
              <surface>asphalt</surface>
              <maxspeed>50</maxspeed>
            </gpxtpx:Extensions>
          </gpxtpx:TrackPointExtension>
        </extensions>
      </trkpt>
      <trkpt lat="45.454324" lon="7.87895">
        <ele>236.75</ele>
        <time>2016-11-23T19:36:44.930Z</time>
        <extensions>
          <gpxtpx:TrackPointExtension>
            <gpxtpx:Extensions>
              <reversedirection>yes</reversedirection>
              <highway>tertiary</highway>
              <surface>asphalt</surface>
              <maxspeed>50</maxspeed>
            </gpxtpx:Extensions>
          </gpxtpx:TrackPointExtension>
        </extensions>
      </trkpt>
      <trkpt lat="45.454456" lon="7.878967">
        <ele>237</ele>
        <time>2016-11-23T19:36:46.030Z</time>
        <extensions>
          <gpxtpx:TrackPointExtension>
            <gpxtpx:Extensions>
              <reversedirection>yes</reversedirection>
              <highway>tertiary</highway>
              <surface>asphalt</surface>
              <maxspeed>50</maxspeed>
            </gpxtpx:Extensions>
          </gpxtpx:TrackPointExtension>
        </extensions>
      </trkpt>
      <trkpt lat="45.45456" lon="7.87898">
        <ele>237</ele>
        <time>2016-11-23T19:36:46.896Z</time>
        <extensions>
          <gpxtpx:TrackPointExtension>
            <gpxtpx:Extensions>
              <reversedirection>yes</reversedirection>
              <highway>tertiary</highway>
              <surface>asphalt</surface>
              <maxspeed>50</maxspeed>
            </gpxtpx:Extensions>
          </gpxtpx:TrackPointExtension>
        </extensions>
      </trkpt>
      <trkpt lat="45.454721" lon="7.878997">
        <ele>237.25</ele>
        <time>2016-11-23T19:36:48.236Z</time>
        <extensions>
          <gpxtpx:TrackPointExtension>
            <gpxtpx:Extensions>
              <reversedirection>yes</reversedirection>
              <highway>tertiary</highway>
              <surface>asphalt</surface>
              <maxspeed>50</maxspeed>
            </gpxtpx:Extensions>
          </gpxtpx:TrackPointExtension>
        </extensions>
      </trkpt>
      <trkpt lat="45.454858" lon="7.879014">
        <ele>237.5</ele>
        <time>2016-11-23T19:36:49.377Z</time>
        <extensions>
          <gpxtpx:TrackPointExtension>
            <gpxtpx:Extensions>
              <reversedirection>yes</reversedirection>
              <highway>tertiary</highway>
              <surface>asphalt</surface>
              <maxspeed>30</maxspeed>
            </gpxtpx:Extensions>
          </gpxtpx:TrackPointExtension>
        </extensions>
      </trkpt>
      <trkpt lat="45.45504" lon="7.879032">
        <ele>238</ele>
        <time>2016-11-23T19:36:50.891Z</time>
        <extensions>
          <gpxtpx:TrackPointExtension>
            <gpxtpx:Extensions>
              <reversedirection>yes</reversedirection>
              <highway>tertiary</highway>
              <surface>asphalt</surface>
              <maxspeed>30</maxspeed>
            </gpxtpx:Extensions>
          </gpxtpx:TrackPointExtension>
        </extensions>
      </trkpt>
      <trkpt lat="45.455259" lon="7.879058">
        <ele>238.25</ele>
        <time>2016-11-23T19:36:52.715Z</time>
        <extensions>
          <gpxtpx:TrackPointExtension>
            <gpxtpx:Extensions>
              <reversedirection>yes</reversedirection>
              <highway>tertiary</highway>
              <surface>asphalt</surface>
              <maxspeed>30</maxspeed>
            </gpxtpx:Extensions>
          </gpxtpx:TrackPointExtension>
        </extensions>
      </trkpt>
      <trkpt lat="45.455309" lon="7.879064">
        <ele>238.25</ele>
        <time>2016-11-23T19:36:53.131Z</time>
        <extensions>
          <gpxtpx:TrackPointExtension>
            <gpxtpx:Extensions>
              <reversedirection>yes</reversedirection>
              <highway>tertiary</highway>
              <surface>asphalt</surface>
              <maxspeed>30</maxspeed>
            </gpxtpx:Extensions>
          </gpxtpx:TrackPointExtension>
        </extensions>
      </trkpt>
      <trkpt lat="45.455496" lon="7.879084">
        <ele>238.5</ele>
        <time>2016-11-23T19:36:54.688Z</time>
        <extensions>
          <gpxtpx:TrackPointExtension>
            <gpxtpx:Extensions>
              <reversedirection>yes</reversedirection>
              <highway>tertiary</highway>
              <surface>asphalt</surface>
              <maxspeed>30</maxspeed>
            </gpxtpx:Extensions>
          </gpxtpx:TrackPointExtension>
        </extensions>
      </trkpt>
      <trkpt lat="45.455545" lon="7.87909">
        <ele>238.5</ele>
        <time>2016-11-23T19:36:55.096Z</time>
        <extensions>
          <gpxtpx:TrackPointExtension>
            <gpxtpx:Extensions>
              <reversedirection>yes</reversedirection>
              <highway>tertiary</highway>
              <surface>asphalt</surface>
              <maxspeed>30</maxspeed>
            </gpxtpx:Extensions>
          </gpxtpx:TrackPointExtension>
        </extensions>
      </trkpt>
      <trkpt lat="45.455568" lon="7.879092">
        <ele>238.5</ele>
        <time>2016-11-23T19:36:55.287Z</time>
        <extensions>
          <gpxtpx:TrackPointExtension>
            <gpxtpx:Extensions>
              <reversedirection>yes</reversedirection>
              <highway>tertiary</highway>
              <surface>asphalt</surface>
              <maxspeed>30</maxspeed>
            </gpxtpx:Extensions>
          </gpxtpx:TrackPointExtension>
        </extensions>
      </trkpt>
      <trkpt lat="45.455622" lon="7.879098">
        <ele>238.5</ele>
        <time>2016-11-23T19:36:55.736Z</time>
        <extensions>
          <gpxtpx:TrackPointExtension>
            <gpxtpx:Extensions>
              <reversedirection>yes</reversedirection>
              <highway>tertiary</highway>
              <surface>asphalt</surface>
              <maxspeed>30</maxspeed>
            </gpxtpx:Extensions>
          </gpxtpx:TrackPointExtension>
        </extensions>
      </trkpt>
      <trkpt lat="45.455691" lon="7.879105">
        <ele>238.75</ele>
        <time>2016-11-23T19:36:56.310Z</time>
        <extensions>
          <gpxtpx:TrackPointExtension>
            <gpxtpx:Extensions>
              <reversedirection>yes</reversedirection>
              <highway>tertiary</highway>
              <surface>asphalt</surface>
              <maxspeed>30</maxspeed>
            </gpxtpx:Extensions>
          </gpxtpx:TrackPointExtension>
        </extensions>
      </trkpt>
      <trkpt lat="45.455865" lon="7.879121">
        <ele>238.75</ele>
        <time>2016-11-23T19:36:57.757Z</time>
        <extensions>
          <gpxtpx:TrackPointExtension>
            <gpxtpx:Extensions>
              <reversedirection>yes</reversedirection>
              <highway>tertiary</highway>
              <surface>asphalt</surface>
              <maxspeed>30</maxspeed>
            </gpxtpx:Extensions>
          </gpxtpx:TrackPointExtension>
        </extensions>
      </trkpt>
      <trkpt lat="45.455957" lon="7.879131">
        <ele>238.75</ele>
        <time>2016-11-23T19:36:58.523Z</time>
        <extensions>
          <gpxtpx:TrackPointExtension>
            <gpxtpx:Extensions>
              <reversedirection>yes</reversedirection>
              <highway>tertiary</highway>
              <surface>asphalt</surface>
              <maxspeed>30</maxspeed>
            </gpxtpx:Extensions>
          </gpxtpx:TrackPointExtension>
        </extensions>
      </trkpt>
      <trkpt lat="45.456033" lon="7.879138">
        <ele>238.75</ele>
        <time>2016-11-23T19:36:59.155Z</time>
        <extensions>
          <gpxtpx:TrackPointExtension>
            <gpxtpx:Extensions>
              <reversedirection>yes</reversedirection>
              <highway>tertiary</highway>
              <surface>asphalt</surface>
              <maxspeed>30</maxspeed>
            </gpxtpx:Extensions>
          </gpxtpx:TrackPointExtension>
        </extensions>
      </trkpt>
      <trkpt lat="45.45607" lon="7.87914">
        <ele>238.5</ele>
        <time>2016-11-23T19:36:59.462Z</time>
        <extensions>
          <gpxtpx:TrackPointExtension>
            <gpxtpx:Extensions>
              <reversedirection>yes</reversedirection>
              <highway>tertiary</highway>
              <surface>asphalt</surface>
              <maxspeed>30</maxspeed>
            </gpxtpx:Extensions>
          </gpxtpx:TrackPointExtension>
        </extensions>
      </trkpt>
      <trkpt lat="45.456437" lon="7.879181">
        <ele>238</ele>
        <time>2016-11-23T19:37:02.518Z</time>
        <extensions>
          <gpxtpx:TrackPointExtension>
            <gpxtpx:Extensions>
              <reversedirection>yes</reversedirection>
              <highway>tertiary</highway>
              <surface>asphalt</surface>
              <maxspeed>30</maxspeed>
            </gpxtpx:Extensions>
          </gpxtpx:TrackPointExtension>
        </extensions>
      </trkpt>
      <trkpt lat="45.456531" lon="7.879175">
        <ele>238</ele>
        <time>2016-11-23T19:37:03.299Z</time>
        <extensions>
          <gpxtpx:TrackPointExtension>
            <gpxtpx:Extensions>
              <reversedirection>yes</reversedirection>
              <highway>tertiary</highway>
              <surface>asphalt</surface>
              <maxspeed>30</maxspeed>
            </gpxtpx:Extensions>
          </gpxtpx:TrackPointExtension>
        </extensions>
      </trkpt>
      <trkpt lat="45.456586" lon="7.879161">
        <ele>238</ele>
        <time>2016-11-23T19:37:03.762Z</time>
        <extensions>
          <gpxtpx:TrackPointExtension>
            <gpxtpx:Extensions>
              <reversedirection>yes</reversedirection>
              <highway>tertiary</highway>
              <surface>asphalt</surface>
              <maxspeed>50</maxspeed>
            </gpxtpx:Extensions>
          </gpxtpx:TrackPointExtension>
        </extensions>
      </trkpt>
      <trkpt lat="45.456723" lon="7.879092">
        <ele>237.75</ele>
        <time>2016-11-23T19:37:04.968Z</time>
        <extensions>
          <gpxtpx:TrackPointExtension>
            <gpxtpx:Extensions>
              <reversedirection>yes</reversedirection>
              <highway>tertiary</highway>
              <surface>asphalt</surface>
              <maxspeed>50</maxspeed>
            </gpxtpx:Extensions>
          </gpxtpx:TrackPointExtension>
        </extensions>
      </trkpt>
      <trkpt lat="45.456893" lon="7.879006">
        <ele>237.5</ele>
        <time>2016-11-23T19:37:06.465Z</time>
        <extensions>
          <gpxtpx:TrackPointExtension>
            <gpxtpx:Extensions>
              <reversedirection>yes</reversedirection>
              <highway>tertiary</highway>
              <surface>asphalt</surface>
              <maxspeed>50</maxspeed>
            </gpxtpx:Extensions>
          </gpxtpx:TrackPointExtension>
        </extensions>
      </trkpt>
      <trkpt lat="45.457008" lon="7.878947">
        <ele>237.25</ele>
        <time>2016-11-23T19:37:08.215Z</time>
        <extensions>
          <gpxtpx:TrackPointExtension>
            <gpxtpx:Extensions>
              <reversedirection>yes</reversedirection>
              <highway>tertiary</highway>
              <surface>asphalt</surface>
              <maxspeed>50</maxspeed>
            </gpxtpx:Extensions>
          </gpxtpx:TrackPointExtension>
        </extensions>
      </trkpt>
      <trkpt lat="45.457008" lon="7.878947">
        <ele>237.25</ele>
        <time>2016-11-23T19:37:08.215Z</time>
        <extensions>
          <gpxtpx:TrackPointExtension>
            <gpxtpx:Extensions>
              <reversedirection>yes</reversedirection>
              <highway>tertiary</highway>
              <surface>asphalt</surface>
              <maxspeed>50</maxspeed>
            </gpxtpx:Extensions>
          </gpxtpx:TrackPointExtension>
        </extensions>
      </trkpt>
      <trkpt lat="45.457164" lon="7.878869">
        <ele>237.25</ele>
        <time>2016-11-23T19:37:10.583Z</time>
        <extensions>
          <gpxtpx:TrackPointExtension>
            <gpxtpx:Extensions>
              <reversedirection>yes</reversedirection>
              <highway>tertiary</highway>
              <surface>asphalt</surface>
              <maxspeed>50</maxspeed>
            </gpxtpx:Extensions>
          </gpxtpx:TrackPointExtension>
        </extensions>
      </trkpt>
      <trkpt lat="45.457211" lon="7.878846">
        <ele>237.25</ele>
        <time>2016-11-23T19:37:11.294Z</time>
        <extensions>
          <gpxtpx:TrackPointExtension>
            <gpxtpx:Extensions>
              <reversedirection>yes</reversedirection>
              <highway>tertiary</highway>
              <surface>asphalt</surface>
              <maxspeed>50</maxspeed>
            </gpxtpx:Extensions>
          </gpxtpx:TrackPointExtension>
        </extensions>
      </trkpt>
      <trkpt lat="45.457301" lon="7.8788">
        <ele>237.25</ele>
        <time>2016-11-23T19:37:12.663Z</time>
        <extensions>
          <gpxtpx:TrackPointExtension>
            <gpxtpx:Extensions>
              <reversedirection>yes</reversedirection>
              <highway>tertiary</highway>
              <surface>asphalt</surface>
              <maxspeed>50</maxspeed>
            </gpxtpx:Extensions>
          </gpxtpx:TrackPointExtension>
        </extensions>
      </trkpt>
      <trkpt lat="45.457678" lon="7.87861">
        <ele>237.25</ele>
        <time>2016-11-23T19:37:18.390Z</time>
        <extensions>
          <gpxtpx:TrackPointExtension>
            <gpxtpx:Extensions>
              <reversedirection>yes</reversedirection>
              <highway>tertiary</highway>
              <surface>asphalt</surface>
              <maxspeed>50</maxspeed>
            </gpxtpx:Extensions>
          </gpxtpx:TrackPointExtension>
        </extensions>
      </trkpt>
      <trkpt lat="45.458084" lon="7.878406">
        <ele>237</ele>
        <time>2016-11-23T19:37:24.556Z</time>
        <extensions>
          <gpxtpx:TrackPointExtension>
            <gpxtpx:Extensions>
              <reversedirection>yes</reversedirection>
              <highway>tertiary</highway>
              <surface>asphalt</surface>
              <maxspeed>50</maxspeed>
            </gpxtpx:Extensions>
          </gpxtpx:TrackPointExtension>
        </extensions>
      </trkpt>
      <trkpt lat="45.458102" lon="7.878396">
        <ele>237</ele>
        <time>2016-11-23T19:37:24.832Z</time>
        <extensions>
          <gpxtpx:TrackPointExtension>
            <gpxtpx:Extensions>
              <highway>tertiary</highway>
              <surface>asphalt</surface>
              <oneway>yes</oneway>
            </gpxtpx:Extensions>
          </gpxtpx:TrackPointExtension>
        </extensions>
      </trkpt>
      <trkpt lat="45.458215" lon="7.878348">
        <ele>237</ele>
        <time>2016-11-23T19:37:26.521Z</time>
        <extensions>
          <gpxtpx:TrackPointExtension>
            <gpxtpx:Extensions>
              <highway>tertiary</highway>
              <surface>asphalt</surface>
              <oneway>yes</oneway>
            </gpxtpx:Extensions>
          </gpxtpx:TrackPointExtension>
        </extensions>
      </trkpt>
      <trkpt lat="45.45834" lon="7.878267">
        <ele>237</ele>
        <time>2016-11-23T19:37:28.487Z</time>
        <extensions>
          <gpxtpx:TrackPointExtension>
            <gpxtpx:Extensions>
              <highway>primary</highway>
              <surface>asphalt</surface>
              <junction>roundabout</junction>
            </gpxtpx:Extensions>
          </gpxtpx:TrackPointExtension>
        </extensions>
      </trkpt>
      <trkpt lat="45.458367" lon="7.878271">
        <ele>237</ele>
        <time>2016-11-23T19:37:28.875Z</time>
        <extensions>
          <gpxtpx:TrackPointExtension>
            <gpxtpx:Extensions>
              <highway>primary</highway>
              <surface>asphalt</surface>
              <junction>roundabout</junction>
            </gpxtpx:Extensions>
          </gpxtpx:TrackPointExtension>
        </extensions>
      </trkpt>
      <trkpt lat="45.458392" lon="7.878263">
        <ele>237</ele>
        <time>2016-11-23T19:37:29.242Z</time>
        <extensions>
          <gpxtpx:TrackPointExtension>
            <gpxtpx:Extensions>
              <highway>primary</highway>
              <surface>asphalt</surface>
              <junction>roundabout</junction>
            </gpxtpx:Extensions>
          </gpxtpx:TrackPointExtension>
        </extensions>
      </trkpt>
      <trkpt lat="45.45841" lon="7.878247">
        <ele>237</ele>
        <time>2016-11-23T19:37:29.545Z</time>
        <extensions>
          <gpxtpx:TrackPointExtension>
            <gpxtpx:Extensions>
              <highway>primary</highway>
              <surface>asphalt</surface>
              <oneway>yes</oneway>
            </gpxtpx:Extensions>
          </gpxtpx:TrackPointExtension>
        </extensions>
      </trkpt>
      <trkpt lat="45.458564" lon="7.878182">
        <ele>237</ele>
        <time>2016-11-23T19:37:31.845Z</time>
        <extensions>
          <gpxtpx:TrackPointExtension>
            <gpxtpx:Extensions>
              <highway>primary</highway>
              <surface>asphalt</surface>
              <oneway>yes</oneway>
            </gpxtpx:Extensions>
          </gpxtpx:TrackPointExtension>
        </extensions>
      </trkpt>
      <trkpt lat="45.458586" lon="7.87817">
        <ele>237</ele>
        <time>2016-11-23T19:37:32.182Z</time>
        <extensions>
          <gpxtpx:TrackPointExtension>
            <gpxtpx:Extensions>
              <highway>primary</highway>
              <surface>asphalt</surface>
              <oneway>yes</oneway>
            </gpxtpx:Extensions>
          </gpxtpx:TrackPointExtension>
        </extensions>
      </trkpt>
      <trkpt lat="45.458655" lon="7.878106">
        <ele>237</ele>
        <time>2016-11-23T19:37:33.361Z</time>
        <extensions>
          <gpxtpx:TrackPointExtension>
            <gpxtpx:Extensions>
              <reversedirection>yes</reversedirection>
              <highway>primary</highway>
              <surface>asphalt</surface>
              <maxspeed>50</maxspeed>
            </gpxtpx:Extensions>
          </gpxtpx:TrackPointExtension>
        </extensions>
      </trkpt>
      <trkpt lat="45.458687" lon="7.878089">
        <ele>237</ele>
        <time>2016-11-23T19:37:33.850Z</time>
        <extensions>
          <gpxtpx:TrackPointExtension>
            <gpxtpx:Extensions>
              <reversedirection>yes</reversedirection>
              <highway>primary</highway>
              <surface>asphalt</surface>
              <maxspeed>50</maxspeed>
            </gpxtpx:Extensions>
          </gpxtpx:TrackPointExtension>
        </extensions>
      </trkpt>
      <trkpt lat="45.458759" lon="7.878052">
        <ele>237</ele>
        <time>2016-11-23T19:37:34.946Z</time>
        <extensions>
          <gpxtpx:TrackPointExtension>
            <gpxtpx:Extensions>
              <reversedirection>yes</reversedirection>
              <highway>primary</highway>
              <surface>asphalt</surface>
              <maxspeed>50</maxspeed>
            </gpxtpx:Extensions>
          </gpxtpx:TrackPointExtension>
        </extensions>
      </trkpt>
      <trkpt lat="45.458867" lon="7.877995">
        <ele>237</ele>
        <time>2016-11-23T19:37:36.595Z</time>
        <extensions>
          <gpxtpx:TrackPointExtension>
            <gpxtpx:Extensions>
              <reversedirection>yes</reversedirection>
              <highway>primary</highway>
              <surface>asphalt</surface>
              <maxspeed>50</maxspeed>
            </gpxtpx:Extensions>
          </gpxtpx:TrackPointExtension>
        </extensions>
      </trkpt>
      <trkpt lat="45.458952" lon="7.877951">
        <ele>237</ele>
        <time>2016-11-23T19:37:37.890Z</time>
        <extensions>
          <gpxtpx:TrackPointExtension>
            <gpxtpx:Extensions>
              <reversedirection>yes</reversedirection>
              <highway>primary</highway>
              <surface>asphalt</surface>
              <maxspeed>50</maxspeed>
            </gpxtpx:Extensions>
          </gpxtpx:TrackPointExtension>
        </extensions>
      </trkpt>
      <trkpt lat="45.459051" lon="7.877901">
        <ele>237</ele>
        <time>2016-11-23T19:37:39.394Z</time>
        <extensions>
          <gpxtpx:TrackPointExtension>
            <gpxtpx:Extensions>
              <reversedirection>yes</reversedirection>
              <highway>primary</highway>
              <surface>asphalt</surface>
              <maxspeed>50</maxspeed>
            </gpxtpx:Extensions>
          </gpxtpx:TrackPointExtension>
        </extensions>
      </trkpt>
      <trkpt lat="45.45908" lon="7.877885">
        <ele>237</ele>
        <time>2016-11-23T19:37:39.839Z</time>
        <extensions>
          <gpxtpx:TrackPointExtension>
            <gpxtpx:Extensions>
              <reversedirection>yes</reversedirection>
              <highway>primary</highway>
              <surface>asphalt</surface>
              <maxspeed>50</maxspeed>
            </gpxtpx:Extensions>
          </gpxtpx:TrackPointExtension>
        </extensions>
      </trkpt>
      <trkpt lat="45.459227" lon="7.877808">
        <ele>237</ele>
        <time>2016-11-23T19:37:42.082Z</time>
        <extensions>
          <gpxtpx:TrackPointExtension>
            <gpxtpx:Extensions>
              <reversedirection>yes</reversedirection>
              <highway>primary</highway>
              <surface>asphalt</surface>
              <maxspeed>50</maxspeed>
            </gpxtpx:Extensions>
          </gpxtpx:TrackPointExtension>
        </extensions>
      </trkpt>
      <trkpt lat="45.459299" lon="7.87777">
        <ele>237.25</ele>
        <time>2016-11-23T19:37:43.181Z</time>
        <extensions>
          <gpxtpx:TrackPointExtension>
            <gpxtpx:Extensions>
              <reversedirection>yes</reversedirection>
              <highway>primary</highway>
              <surface>asphalt</surface>
              <maxspeed>50</maxspeed>
            </gpxtpx:Extensions>
          </gpxtpx:TrackPointExtension>
        </extensions>
      </trkpt>
      <trkpt lat="45.459347" lon="7.877745">
        <ele>237.25</ele>
        <time>2016-11-23T19:37:43.912Z</time>
        <extensions>
          <gpxtpx:TrackPointExtension>
            <gpxtpx:Extensions>
              <reversedirection>yes</reversedirection>
              <highway>primary</highway>
              <surface>asphalt</surface>
              <maxspeed>50</maxspeed>
            </gpxtpx:Extensions>
          </gpxtpx:TrackPointExtension>
        </extensions>
      </trkpt>
      <trkpt lat="45.459491" lon="7.877673">
        <ele>237.25</ele>
        <time>2016-11-23T19:37:46.097Z</time>
        <extensions>
          <gpxtpx:TrackPointExtension>
            <gpxtpx:Extensions>
              <reversedirection>yes</reversedirection>
              <highway>primary</highway>
              <surface>asphalt</surface>
              <maxspeed>50</maxspeed>
            </gpxtpx:Extensions>
          </gpxtpx:TrackPointExtension>
        </extensions>
      </trkpt>
      <trkpt lat="45.459505" lon="7.877666">
        <ele>237.25</ele>
        <time>2016-11-23T19:37:46.309Z</time>
        <extensions>
          <gpxtpx:TrackPointExtension>
            <gpxtpx:Extensions>
              <reversedirection>yes</reversedirection>
              <highway>primary</highway>
              <surface>asphalt</surface>
              <maxspeed>50</maxspeed>
            </gpxtpx:Extensions>
          </gpxtpx:TrackPointExtension>
        </extensions>
      </trkpt>
      <trkpt lat="45.459542" lon="7.877647">
        <ele>237.25</ele>
        <time>2016-11-23T19:37:46.872Z</time>
        <extensions>
          <gpxtpx:TrackPointExtension>
            <gpxtpx:Extensions>
              <reversedirection>yes</reversedirection>
              <highway>primary</highway>
              <surface>asphalt</surface>
              <maxspeed>50</maxspeed>
            </gpxtpx:Extensions>
          </gpxtpx:TrackPointExtension>
        </extensions>
      </trkpt>
      <trkpt lat="45.45973" lon="7.877552">
        <ele>237.25</ele>
        <time>2016-11-23T19:37:49.729Z</time>
        <extensions>
          <gpxtpx:TrackPointExtension>
            <gpxtpx:Extensions>
              <reversedirection>yes</reversedirection>
              <highway>primary</highway>
              <surface>asphalt</surface>
              <maxspeed>50</maxspeed>
            </gpxtpx:Extensions>
          </gpxtpx:TrackPointExtension>
        </extensions>
      </trkpt>
      <trkpt lat="45.459894" lon="7.877469">
        <ele>237</ele>
        <time>2016-11-23T19:37:52.221Z</time>
        <extensions>
          <gpxtpx:TrackPointExtension>
            <gpxtpx:Extensions>
              <reversedirection>yes</reversedirection>
              <highway>primary</highway>
              <surface>asphalt</surface>
              <maxspeed>50</maxspeed>
            </gpxtpx:Extensions>
          </gpxtpx:TrackPointExtension>
        </extensions>
      </trkpt>
      <trkpt lat="45.460031" lon="7.877381">
        <ele>237.25</ele>
        <time>2016-11-23T19:37:54.373Z</time>
        <extensions>
          <gpxtpx:TrackPointExtension>
            <gpxtpx:Extensions>
              <reversedirection>yes</reversedirection>
              <highway>primary</highway>
              <surface>asphalt</surface>
              <maxspeed>50</maxspeed>
            </gpxtpx:Extensions>
          </gpxtpx:TrackPointExtension>
        </extensions>
      </trkpt>
      <trkpt lat="45.460109" lon="7.877318">
        <ele>237.75</ele>
        <time>2016-11-23T19:37:55.657Z</time>
        <extensions>
          <gpxtpx:TrackPointExtension>
            <gpxtpx:Extensions>
              <reversedirection>yes</reversedirection>
              <highway>primary</highway>
              <surface>asphalt</surface>
              <maxspeed>50</maxspeed>
            </gpxtpx:Extensions>
          </gpxtpx:TrackPointExtension>
        </extensions>
      </trkpt>
      <trkpt lat="45.460228" lon="7.877188">
        <ele>238.5</ele>
        <time>2016-11-23T19:37:59.333Z</time>
        <extensions>
          <gpxtpx:TrackPointExtension>
            <gpxtpx:Extensions>
              <reversedirection>yes</reversedirection>
              <highway>primary</highway>
              <surface>asphalt</surface>
              <maxspeed>50</maxspeed>
            </gpxtpx:Extensions>
          </gpxtpx:TrackPointExtension>
        </extensions>
      </trkpt>
      <trkpt lat="45.460228" lon="7.877188">
        <ele>238.25</ele>
        <time>2016-11-23T19:37:59.353Z</time>
        <extensions>
          <gpxtpx:TrackPointExtension>
            <gpxtpx:Extensions>
              <reversedirection>yes</reversedirection>
              <highway>primary</highway>
              <surface>asphalt</surface>
              <maxspeed>50</maxspeed>
            </gpxtpx:Extensions>
          </gpxtpx:TrackPointExtension>
        </extensions>
      </trkpt>
      <trkpt lat="45.46027" lon="7.877143">
        <ele>238.5</ele>
        <time>2016-11-23T19:38:00.641Z</time>
        <extensions>
          <gpxtpx:TrackPointExtension>
            <gpxtpx:Extensions>
              <reversedirection>yes</reversedirection>
              <highway>primary</highway>
              <surface>asphalt</surface>
              <maxspeed>50</maxspeed>
            </gpxtpx:Extensions>
          </gpxtpx:TrackPointExtension>
        </extensions>
      </trkpt>
      <trkpt lat="45.460493" lon="7.876863">
        <ele>239</ele>
        <time>2016-11-23T19:38:07.927Z</time>
        <extensions>
          <gpxtpx:TrackPointExtension>
            <gpxtpx:Extensions>
              <reversedirection>yes</reversedirection>
              <highway>primary</highway>
              <surface>asphalt</surface>
              <maxspeed>50</maxspeed>
            </gpxtpx:Extensions>
          </gpxtpx:TrackPointExtension>
        </extensions>
      </trkpt>
      <trkpt lat="45.460719" lon="7.876572">
        <ele>239.25</ele>
        <time>2016-11-23T19:38:15.394Z</time>
        <extensions>
          <gpxtpx:TrackPointExtension>
            <gpxtpx:Extensions>
              <reversedirection>yes</reversedirection>
              <highway>primary</highway>
              <surface>asphalt</surface>
              <maxspeed>50</maxspeed>
            </gpxtpx:Extensions>
          </gpxtpx:TrackPointExtension>
        </extensions>
      </trkpt>
      <trkpt lat="45.460815" lon="7.876451">
        <ele>239.25</ele>
        <time>2016-11-23T19:38:18.536Z</time>
        <extensions>
          <gpxtpx:TrackPointExtension>
            <gpxtpx:Extensions>
              <reversedirection>yes</reversedirection>
              <highway>primary</highway>
              <surface>cobblestone</surface>
              <maxspeed>50</maxspeed>
            </gpxtpx:Extensions>
          </gpxtpx:TrackPointExtension>
        </extensions>
      </trkpt>
      <trkpt lat="45.460896" lon="7.876344">
        <ele>239.25</ele>
        <time>2016-11-23T19:38:21.243Z</time>
        <extensions>
          <gpxtpx:TrackPointExtension>
            <gpxtpx:Extensions>
              <reversedirection>yes</reversedirection>
              <highway>primary</highway>
              <surface>cobblestone</surface>
              <maxspeed>50</maxspeed>
            </gpxtpx:Extensions>
          </gpxtpx:TrackPointExtension>
        </extensions>
      </trkpt>
      <trkpt lat="45.460997" lon="7.876213">
        <ele>239.25</ele>
        <time>2016-11-23T19:38:24.591Z</time>
        <extensions>
          <gpxtpx:TrackPointExtension>
            <gpxtpx:Extensions>
              <reversedirection>yes</reversedirection>
              <highway>primary</highway>
              <surface>cobblestone</surface>
              <maxspeed>50</maxspeed>
            </gpxtpx:Extensions>
          </gpxtpx:TrackPointExtension>
        </extensions>
      </trkpt>
      <trkpt lat="45.461034" lon="7.876166">
        <ele>239.5</ele>
        <time>2016-11-23T19:38:25.806Z</time>
        <extensions>
          <gpxtpx:TrackPointExtension>
            <gpxtpx:Extensions>
              <reversedirection>yes</reversedirection>
              <highway>primary</highway>
              <surface>cobblestone</surface>
              <maxspeed>50</maxspeed>
            </gpxtpx:Extensions>
          </gpxtpx:TrackPointExtension>
        </extensions>
      </trkpt>
      <trkpt lat="45.461087" lon="7.876099">
        <ele>239.5</ele>
        <time>2016-11-23T19:38:27.543Z</time>
        <extensions>
          <gpxtpx:TrackPointExtension>
            <gpxtpx:Extensions>
              <reversedirection>yes</reversedirection>
              <highway>primary</highway>
              <surface>cobblestone</surface>
              <maxspeed>50</maxspeed>
            </gpxtpx:Extensions>
          </gpxtpx:TrackPointExtension>
        </extensions>
      </trkpt>
      <trkpt lat="45.461174" lon="7.876015">
        <ele>239.5</ele>
        <time>2016-11-23T19:38:30.119Z</time>
        <extensions>
          <gpxtpx:TrackPointExtension>
            <gpxtpx:Extensions>
              <reversedirection>yes</reversedirection>
              <highway>primary</highway>
              <surface>cobblestone</surface>
              <maxspeed>50</maxspeed>
            </gpxtpx:Extensions>
          </gpxtpx:TrackPointExtension>
        </extensions>
      </trkpt>
      <trkpt lat="45.461213" lon="7.875974">
        <ele>239.75</ele>
        <time>2016-11-23T19:38:31.307Z</time>
        <extensions>
          <gpxtpx:TrackPointExtension>
            <gpxtpx:Extensions>
              <reversedirection>yes</reversedirection>
              <highway>primary</highway>
              <surface>cobblestone</surface>
              <maxspeed>50</maxspeed>
            </gpxtpx:Extensions>
          </gpxtpx:TrackPointExtension>
        </extensions>
      </trkpt>
      <trkpt lat="45.461547" lon="7.875546">
        <ele>240.75</ele>
        <time>2016-11-23T19:38:42.319Z</time>
        <extensions>
          <gpxtpx:TrackPointExtension>
            <gpxtpx:Extensions>
              <reversedirection>yes</reversedirection>
              <highway>primary</highway>
              <surface>cobblestone</surface>
              <maxspeed>50</maxspeed>
            </gpxtpx:Extensions>
          </gpxtpx:TrackPointExtension>
        </extensions>
      </trkpt>
      <trkpt lat="45.461603" lon="7.875472">
        <ele>241</ele>
        <time>2016-11-23T19:38:44.191Z</time>
        <extensions>
          <gpxtpx:TrackPointExtension>
            <gpxtpx:Extensions>
              <reversedirection>yes</reversedirection>
              <highway>primary</highway>
              <surface>cobblestone</surface>
              <maxspeed>50</maxspeed>
            </gpxtpx:Extensions>
          </gpxtpx:TrackPointExtension>
        </extensions>
      </trkpt>
      <trkpt lat="45.461691" lon="7.875362">
        <ele>241.5</ele>
        <time>2016-11-23T19:38:47.060Z</time>
        <extensions>
          <gpxtpx:TrackPointExtension>
            <gpxtpx:Extensions>
              <reversedirection>yes</reversedirection>
              <highway>primary</highway>
              <surface>sett</surface>
              <maxspeed>50</maxspeed>
            </gpxtpx:Extensions>
          </gpxtpx:TrackPointExtension>
        </extensions>
      </trkpt>
      <trkpt lat="45.461835" lon="7.875174">
        <ele>242.25</ele>
        <time>2016-11-23T19:38:51.848Z</time>
        <extensions>
          <gpxtpx:TrackPointExtension>
            <gpxtpx:Extensions>
              <reversedirection>yes</reversedirection>
              <highway>primary</highway>
              <surface>cobblestone</surface>
              <maxspeed>50</maxspeed>
            </gpxtpx:Extensions>
          </gpxtpx:TrackPointExtension>
        </extensions>
      </trkpt>
      <trkpt lat="45.46191" lon="7.875086">
        <ele>242.5</ele>
        <time>2016-11-23T19:38:54.230Z</time>
        <extensions>
          <gpxtpx:TrackPointExtension>
            <gpxtpx:Extensions>
              <reversedirection>yes</reversedirection>
              <highway>secondary</highway>
              <surface>sett</surface>
              <maxspeed>50</maxspeed>
            </gpxtpx:Extensions>
          </gpxtpx:TrackPointExtension>
        </extensions>
      </trkpt>
      <trkpt lat="45.461981" lon="7.875023">
        <ele>242.75</ele>
        <time>2016-11-23T19:38:56.280Z</time>
        <extensions>
          <gpxtpx:TrackPointExtension>
            <gpxtpx:Extensions>
              <reversedirection>yes</reversedirection>
              <highway>secondary</highway>
              <surface>sett</surface>
              <maxspeed>50</maxspeed>
            </gpxtpx:Extensions>
          </gpxtpx:TrackPointExtension>
        </extensions>
      </trkpt>
      <trkpt lat="45.462058" lon="7.874942">
        <ele>243.25</ele>
        <time>2016-11-23T19:38:58.626Z</time>
        <extensions>
          <gpxtpx:TrackPointExtension>
            <gpxtpx:Extensions>
              <reversedirection>yes</reversedirection>
              <highway>secondary</highway>
              <surface>sett</surface>
              <maxspeed>50</maxspeed>
            </gpxtpx:Extensions>
          </gpxtpx:TrackPointExtension>
        </extensions>
      </trkpt>
      <trkpt lat="45.462259" lon="7.874753">
        <ele>244.5</ele>
        <time>2016-11-23T19:39:04.530Z</time>
        <extensions>
          <gpxtpx:TrackPointExtension>
            <gpxtpx:Extensions>
              <reversedirection>yes</reversedirection>
              <highway>secondary</highway>
              <surface>sett</surface>
              <maxspeed>50</maxspeed>
            </gpxtpx:Extensions>
          </gpxtpx:TrackPointExtension>
        </extensions>
      </trkpt>
      <trkpt lat="45.462274" lon="7.874736">
        <ele>244.5</ele>
        <time>2016-11-23T19:39:05.000Z</time>
        <extensions>
          <gpxtpx:TrackPointExtension>
            <gpxtpx:Extensions>
              <reversedirection>yes</reversedirection>
              <highway>secondary</highway>
              <surface>cobblestone</surface>
              <maxspeed>50</maxspeed>
            </gpxtpx:Extensions>
          </gpxtpx:TrackPointExtension>
        </extensions>
      </trkpt>
      <trkpt lat="45.462414" lon="7.874548">
        <ele>246</ele>
        <time>2016-11-23T19:39:09.716Z</time>
        <extensions>
          <gpxtpx:TrackPointExtension>
            <gpxtpx:Extensions>
              <reversedirection>yes</reversedirection>
              <highway>secondary</highway>
              <surface>cobblestone</surface>
              <maxspeed>50</maxspeed>
            </gpxtpx:Extensions>
          </gpxtpx:TrackPointExtension>
        </extensions>
      </trkpt>
      <trkpt lat="45.462498" lon="7.874434">
        <ele>247</ele>
        <time>2016-11-23T19:39:12.559Z</time>
        <extensions>
          <gpxtpx:TrackPointExtension>
            <gpxtpx:Extensions>
              <reversedirection>yes</reversedirection>
              <highway>secondary</highway>
              <surface>cobblestone</surface>
              <maxspeed>50</maxspeed>
            </gpxtpx:Extensions>
          </gpxtpx:TrackPointExtension>
        </extensions>
      </trkpt>
      <trkpt lat="45.462647" lon="7.874235">
        <ele>247.75</ele>
        <time>2016-11-23T19:39:17.565Z</time>
        <extensions>
          <gpxtpx:TrackPointExtension>
            <gpxtpx:Extensions>
              <reversedirection>yes</reversedirection>
              <highway>secondary</highway>
              <surface>cobblestone</surface>
              <maxspeed>50</maxspeed>
            </gpxtpx:Extensions>
          </gpxtpx:TrackPointExtension>
        </extensions>
      </trkpt>
      <trkpt lat="45.462719" lon="7.874132">
        <ele>248</ele>
        <time>2016-11-23T19:39:20.066Z</time>
        <extensions>
          <gpxtpx:TrackPointExtension>
            <gpxtpx:Extensions>
              <reversedirection>yes</reversedirection>
              <highway>secondary</highway>
              <surface>sett</surface>
              <maxspeed>50</maxspeed>
            </gpxtpx:Extensions>
          </gpxtpx:TrackPointExtension>
        </extensions>
      </trkpt>
      <trkpt lat="45.462861" lon="7.873827">
        <ele>248</ele>
        <time>2016-11-23T19:39:26.362Z</time>
        <extensions>
          <gpxtpx:TrackPointExtension>
            <gpxtpx:Extensions>
              <highway>secondary</highway>
              <surface>cobblestone</surface>
              <oneway>yes</oneway>
            </gpxtpx:Extensions>
          </gpxtpx:TrackPointExtension>
        </extensions>
      </trkpt>
      <trkpt lat="45.462892" lon="7.873791">
        <ele>248</ele>
        <time>2016-11-23T19:39:27.342Z</time>
        <extensions>
          <gpxtpx:TrackPointExtension>
            <gpxtpx:Extensions>
              <highway>secondary</highway>
              <surface>cobblestone</surface>
              <oneway>yes</oneway>
            </gpxtpx:Extensions>
          </gpxtpx:TrackPointExtension>
        </extensions>
      </trkpt>
      <trkpt lat="45.462982" lon="7.873665">
        <ele>247.75</ele>
        <time>2016-11-23T19:39:30.435Z</time>
        <extensions>
          <gpxtpx:TrackPointExtension>
            <gpxtpx:Extensions>
              <highway>secondary</highway>
              <surface>cobblestone</surface>
              <oneway>yes</oneway>
            </gpxtpx:Extensions>
          </gpxtpx:TrackPointExtension>
        </extensions>
      </trkpt>
      <trkpt lat="45.463103" lon="7.873509">
        <ele>247.5</ele>
        <time>2016-11-23T19:39:34.435Z</time>
        <extensions>
          <gpxtpx:TrackPointExtension>
            <gpxtpx:Extensions>
              <highway>secondary</highway>
              <surface>sett</surface>
              <junction>roundabout</junction>
            </gpxtpx:Extensions>
          </gpxtpx:TrackPointExtension>
        </extensions>
      </trkpt>
      <trkpt lat="45.463125" lon="7.87349">
        <ele>247.5</ele>
        <time>2016-11-23T19:39:35.065Z</time>
        <extensions>
          <gpxtpx:TrackPointExtension>
            <gpxtpx:Extensions>
              <highway>secondary</highway>
              <surface>sett</surface>
              <junction>roundabout</junction>
            </gpxtpx:Extensions>
          </gpxtpx:TrackPointExtension>
        </extensions>
      </trkpt>
      <trkpt lat="45.463145" lon="7.87345">
        <ele>247.5</ele>
        <time>2016-11-23T19:39:35.910Z</time>
        <extensions>
          <gpxtpx:TrackPointExtension>
            <gpxtpx:Extensions>
              <highway>secondary</highway>
              <surface>cobblestone</surface>
              <oneway>yes</oneway>
            </gpxtpx:Extensions>
          </gpxtpx:TrackPointExtension>
        </extensions>
      </trkpt>
      <trkpt lat="45.463291" lon="7.873365">
        <ele>247</ele>
        <time>2016-11-23T19:39:39.777Z</time>
        <extensions>
          <gpxtpx:TrackPointExtension>
            <gpxtpx:Extensions>
              <highway>secondary</highway>
              <surface>cobblestone</surface>
              <oneway>yes</oneway>
            </gpxtpx:Extensions>
          </gpxtpx:TrackPointExtension>
        </extensions>
      </trkpt>
      <trkpt lat="45.463341" lon="7.873294">
        <ele>247</ele>
        <time>2016-11-23T19:39:41.507Z</time>
        <extensions>
          <gpxtpx:TrackPointExtension>
            <gpxtpx:Extensions>
              <reversedirection>yes</reversedirection>
              <highway>secondary</highway>
              <surface>sett</surface>
              <maxspeed>50</maxspeed>
            </gpxtpx:Extensions>
          </gpxtpx:TrackPointExtension>
        </extensions>
      </trkpt>
      <trkpt lat="45.463454" lon="7.87321">
        <ele>247.25</ele>
        <time>2016-11-23T19:39:44.316Z</time>
        <extensions>
          <gpxtpx:TrackPointExtension>
            <gpxtpx:Extensions>
              <reversedirection>yes</reversedirection>
              <highway>secondary</highway>
              <surface>sett</surface>
              <maxspeed>50</maxspeed>
            </gpxtpx:Extensions>
          </gpxtpx:TrackPointExtension>
        </extensions>
      </trkpt>
      <trkpt lat="45.463454" lon="7.87321">
        <ele>247</ele>
        <time>2016-11-23T19:39:44.316Z</time>
        <extensions>
          <gpxtpx:TrackPointExtension>
            <gpxtpx:Extensions>
              <reversedirection>yes</reversedirection>
              <highway>secondary</highway>
              <surface>sett</surface>
              <maxspeed>50</maxspeed>
            </gpxtpx:Extensions>
          </gpxtpx:TrackPointExtension>
        </extensions>
      </trkpt>
      <trkpt lat="45.463718" lon="7.873016">
        <ele>247.25</ele>
        <time>2016-11-23T19:39:50.863Z</time>
        <extensions>
          <gpxtpx:TrackPointExtension>
            <gpxtpx:Extensions>
              <reversedirection>yes</reversedirection>
              <highway>secondary</highway>
              <surface>sett</surface>
              <maxspeed>50</maxspeed>
            </gpxtpx:Extensions>
          </gpxtpx:TrackPointExtension>
        </extensions>
      </trkpt>
      <trkpt lat="45.463786" lon="7.872966">
        <ele>247.5</ele>
        <time>2016-11-23T19:39:52.549Z</time>
        <extensions>
          <gpxtpx:TrackPointExtension>
            <gpxtpx:Extensions>
              <reversedirection>yes</reversedirection>
              <highway>secondary</highway>
              <surface>sett</surface>
              <maxspeed>50</maxspeed>
            </gpxtpx:Extensions>
          </gpxtpx:TrackPointExtension>
        </extensions>
      </trkpt>
      <trkpt lat="45.464441" lon="7.8725">
        <ele>246.5</ele>
        <time>2016-11-23T19:40:08.687Z</time>
        <extensions>
          <gpxtpx:TrackPointExtension>
            <gpxtpx:Extensions>
              <reversedirection>yes</reversedirection>
              <highway>secondary</highway>
              <surface>sett</surface>
              <maxspeed>50</maxspeed>
            </gpxtpx:Extensions>
          </gpxtpx:TrackPointExtension>
        </extensions>
      </trkpt>
      <trkpt lat="45.464574" lon="7.872408">
        <ele>245.75</ele>
        <time>2016-11-23T19:40:11.946Z</time>
        <extensions>
          <gpxtpx:TrackPointExtension>
            <gpxtpx:Extensions>
              <reversedirection>yes</reversedirection>
              <highway>secondary</highway>
              <surface>cobblestone</surface>
              <maxspeed>50</maxspeed>
            </gpxtpx:Extensions>
          </gpxtpx:TrackPointExtension>
        </extensions>
      </trkpt>
      <trkpt lat="45.46473" lon="7.872302">
        <ele>245</ele>
        <time>2016-11-23T19:40:15.755Z</time>
        <extensions>
          <gpxtpx:TrackPointExtension>
            <gpxtpx:Extensions>
              <reversedirection>yes</reversedirection>
              <highway>secondary</highway>
              <surface>cobblestone</surface>
              <maxspeed>50</maxspeed>
            </gpxtpx:Extensions>
          </gpxtpx:TrackPointExtension>
        </extensions>
      </trkpt>
      <trkpt lat="45.464774" lon="7.872272">
        <ele>245</ele>
        <time>2016-11-23T19:40:16.830Z</time>
        <extensions>
          <gpxtpx:TrackPointExtension>
            <gpxtpx:Extensions>
              <reversedirection>yes</reversedirection>
              <highway>secondary</highway>
              <surface>sett</surface>
              <maxspeed>50</maxspeed>
            </gpxtpx:Extensions>
          </gpxtpx:TrackPointExtension>
        </extensions>
      </trkpt>
      <trkpt lat="45.464817" lon="7.872235">
        <ele>245</ele>
        <time>2016-11-23T19:40:17.937Z</time>
        <extensions>
          <gpxtpx:TrackPointExtension>
            <gpxtpx:Extensions>
              <highway>secondary</highway>
              <surface>sett</surface>
              <oneway>yes</oneway>
            </gpxtpx:Extensions>
          </gpxtpx:TrackPointExtension>
        </extensions>
      </trkpt>
      <trkpt lat="45.464937" lon="7.872369">
        <ele>243.25</ele>
        <time>2016-11-23T19:40:20.618Z</time>
        <extensions>
          <gpxtpx:TrackPointExtension>
            <gpxtpx:Extensions>
              <highway>secondary</highway>
              <surface>sett</surface>
              <oneway>yes</oneway>
            </gpxtpx:Extensions>
          </gpxtpx:TrackPointExtension>
        </extensions>
      </trkpt>
      <trkpt lat="45.464937" lon="7.872369">
        <ele>244</ele>
        <time>2016-11-23T19:40:20.618Z</time>
        <extensions>
          <gpxtpx:TrackPointExtension>
            <gpxtpx:Extensions>
              <highway>secondary</highway>
              <surface>sett</surface>
              <oneway>yes</oneway>
            </gpxtpx:Extensions>
          </gpxtpx:TrackPointExtension>
        </extensions>
      </trkpt>
      <trkpt lat="45.465057" lon="7.872503">
        <ele>243.25</ele>
        <time>2016-11-23T19:40:23.298Z</time>
        <extensions>
          <gpxtpx:TrackPointExtension>
            <gpxtpx:Extensions>
              <highway>secondary</highway>
              <surface>sett</surface>
              <oneway>yes</oneway>
            </gpxtpx:Extensions>
          </gpxtpx:TrackPointExtension>
        </extensions>
      </trkpt>
      <trkpt lat="45.46514" lon="7.872667">
        <ele>244.5</ele>
        <time>2016-11-23T19:40:25.792Z</time>
        <extensions>
          <gpxtpx:TrackPointExtension>
            <gpxtpx:Extensions>
              <highway>secondary</highway>
              <surface>sett</surface>
              <oneway>yes</oneway>
            </gpxtpx:Extensions>
          </gpxtpx:TrackPointExtension>
        </extensions>
      </trkpt>
      <trkpt lat="45.465196" lon="7.872793">
        <ele>245</ele>
        <time>2016-11-23T19:40:27.632Z</time>
        <extensions>
          <gpxtpx:TrackPointExtension>
            <gpxtpx:Extensions>
              <highway>secondary</highway>
              <surface>sett</surface>
              <oneway>yes</oneway>
            </gpxtpx:Extensions>
          </gpxtpx:TrackPointExtension>
        </extensions>
      </trkpt>
      <trkpt lat="45.465359" lon="7.873165">
        <ele>246</ele>
        <time>2016-11-23T19:40:33.043Z</time>
        <extensions>
          <gpxtpx:TrackPointExtension>
            <gpxtpx:Extensions>
              <highway>secondary</highway>
              <surface>sett</surface>
              <oneway>yes</oneway>
            </gpxtpx:Extensions>
          </gpxtpx:TrackPointExtension>
        </extensions>
      </trkpt>
      <trkpt lat="45.46556" lon="7.873624">
        <ele>247.5</ele>
        <time>2016-11-23T19:40:39.718Z</time>
        <extensions>
          <gpxtpx:TrackPointExtension>
            <gpxtpx:Extensions>
              <highway>secondary</highway>
              <surface>sett</surface>
              <oneway>yes</oneway>
            </gpxtpx:Extensions>
          </gpxtpx:TrackPointExtension>
        </extensions>
      </trkpt>
      <trkpt lat="45.465541" lon="7.874287">
        <ele>244.5</ele>
        <time>2016-11-23T19:40:47.903Z</time>
        <extensions>
          <gpxtpx:TrackPointExtension>
            <gpxtpx:Extensions>
              <highway>secondary</highway>
              <surface>sett</surface>
              <oneway>yes</oneway>
            </gpxtpx:Extensions>
          </gpxtpx:TrackPointExtension>
        </extensions>
      </trkpt>
      <trkpt lat="45.46551" lon="7.875366">
        <ele>243.75</ele>
        <time>2016-11-23T19:41:01.224Z</time>
        <extensions>
          <gpxtpx:TrackPointExtension>
            <gpxtpx:Extensions>
              <highway>secondary</highway>
              <surface>sett</surface>
              <oneway>yes</oneway>
            </gpxtpx:Extensions>
          </gpxtpx:TrackPointExtension>
        </extensions>
      </trkpt>
      <trkpt lat="45.465498" lon="7.87577">
        <ele>243.75</ele>
        <time>2016-11-23T19:41:06.212Z</time>
        <extensions>
          <gpxtpx:TrackPointExtension>
            <gpxtpx:Extensions>
              <highway>secondary</highway>
              <surface>sett</surface>
              <oneway>yes</oneway>
            </gpxtpx:Extensions>
          </gpxtpx:TrackPointExtension>
        </extensions>
      </trkpt>
      <trkpt lat="45.465482" lon="7.876319">
        <ele>241</ele>
        <time>2016-11-23T19:41:12.990Z</time>
        <extensions>
          <gpxtpx:TrackPointExtension>
            <gpxtpx:Extensions>
              <highway>secondary</highway>
              <surface>sett</surface>
              <oneway>yes</oneway>
            </gpxtpx:Extensions>
          </gpxtpx:TrackPointExtension>
        </extensions>
      </trkpt>
      <trkpt lat="45.465464" lon="7.876921">
        <ele>239.5</ele>
        <time>2016-11-23T19:41:20.423Z</time>
        <extensions>
          <gpxtpx:TrackPointExtension>
            <gpxtpx:Extensions>
              <highway>secondary</highway>
              <surface>sett</surface>
              <oneway>yes</oneway>
            </gpxtpx:Extensions>
          </gpxtpx:TrackPointExtension>
        </extensions>
      </trkpt>
      <trkpt lat="45.46546" lon="7.877059">
        <ele>239.75</ele>
        <time>2016-11-23T19:41:22.126Z</time>
        <extensions>
          <gpxtpx:TrackPointExtension>
            <gpxtpx:Extensions>
              <highway>secondary</highway>
              <surface>sett</surface>
              <oneway>yes</oneway>
            </gpxtpx:Extensions>
          </gpxtpx:TrackPointExtension>
        </extensions>
      </trkpt>
      <trkpt lat="45.465454" lon="7.877276">
        <ele>240</ele>
        <time>2016-11-23T19:41:24.804Z</time>
        <extensions>
          <gpxtpx:TrackPointExtension>
            <gpxtpx:Extensions>
              <highway>secondary</highway>
              <surface>sett</surface>
              <oneway>yes</oneway>
            </gpxtpx:Extensions>
          </gpxtpx:TrackPointExtension>
        </extensions>
      </trkpt>
      <trkpt lat="45.465436" lon="7.877975">
        <ele>239</ele>
        <time>2016-11-23T19:41:33.432Z</time>
        <extensions>
          <gpxtpx:TrackPointExtension>
            <gpxtpx:Extensions>
              <highway>secondary</highway>
              <surface>sett</surface>
              <oneway>yes</oneway>
            </gpxtpx:Extensions>
          </gpxtpx:TrackPointExtension>
        </extensions>
      </trkpt>
      <trkpt lat="45.465414" lon="7.878627">
        <ele>238</ele>
        <time>2016-11-23T19:41:41.484Z</time>
        <extensions>
          <gpxtpx:TrackPointExtension>
            <gpxtpx:Extensions>
              <highway>secondary</highway>
              <surface>sett</surface>
              <oneway>yes</oneway>
            </gpxtpx:Extensions>
          </gpxtpx:TrackPointExtension>
        </extensions>
      </trkpt>
      <trkpt lat="45.46538" lon="7.8798">
        <ele>238.25</ele>
        <time>2016-11-23T19:41:55.966Z</time>
        <extensions>
          <gpxtpx:TrackPointExtension>
            <gpxtpx:Extensions>
              <highway>secondary</highway>
              <surface>cobblestone</surface>
              <oneway>yes</oneway>
            </gpxtpx:Extensions>
          </gpxtpx:TrackPointExtension>
        </extensions>
      </trkpt>
      <trkpt lat="45.465375" lon="7.880367">
        <ele>238.5</ele>
        <time>2016-11-23T19:42:02.961Z</time>
        <extensions>
          <gpxtpx:TrackPointExtension>
            <gpxtpx:Extensions>
              <highway>secondary</highway>
              <surface>cobblestone</surface>
              <oneway>yes</oneway>
            </gpxtpx:Extensions>
          </gpxtpx:TrackPointExtension>
        </extensions>
      </trkpt>
      <trkpt lat="45.465415" lon="7.880455">
        <ele>238.75</ele>
        <time>2016-11-23T19:42:04.254Z</time>
        <extensions>
          <gpxtpx:TrackPointExtension>
            <gpxtpx:Extensions>
              <highway>secondary</highway>
              <surface>cobblestone</surface>
              <oneway>yes</oneway>
            </gpxtpx:Extensions>
          </gpxtpx:TrackPointExtension>
        </extensions>
      </trkpt>
      <trkpt lat="45.465469" lon="7.880514">
        <ele>239.25</ele>
        <time>2016-11-23T19:42:05.450Z</time>
        <extensions>
          <gpxtpx:TrackPointExtension>
            <gpxtpx:Extensions>
              <highway>secondary</highway>
              <surface>cobblestone</surface>
              <oneway>yes</oneway>
            </gpxtpx:Extensions>
          </gpxtpx:TrackPointExtension>
        </extensions>
      </trkpt>
      <trkpt lat="45.465533" lon="7.880548">
        <ele>239.5</ele>
        <time>2016-11-23T19:42:06.651Z</time>
        <extensions>
          <gpxtpx:TrackPointExtension>
            <gpxtpx:Extensions>
              <highway>secondary</highway>
              <surface>cobblestone</surface>
              <oneway>yes</oneway>
            </gpxtpx:Extensions>
          </gpxtpx:TrackPointExtension>
        </extensions>
      </trkpt>
      <trkpt lat="45.465596" lon="7.880561">
        <ele>240</ele>
        <time>2016-11-23T19:42:07.770Z</time>
        <extensions>
          <gpxtpx:TrackPointExtension>
            <gpxtpx:Extensions>
              <highway>secondary</highway>
              <surface>cobblestone</surface>
              <oneway>yes</oneway>
            </gpxtpx:Extensions>
          </gpxtpx:TrackPointExtension>
        </extensions>
      </trkpt>
      <trkpt lat="45.465611" lon="7.880558">
        <ele>240.75</ele>
        <time>2016-11-23T19:42:08.048Z</time>
        <extensions>
          <gpxtpx:TrackPointExtension>
            <gpxtpx:Extensions>
              <highway>secondary</highway>
              <surface>cobblestone</surface>
              <oneway>yes</oneway>
            </gpxtpx:Extensions>
          </gpxtpx:TrackPointExtension>
        </extensions>
      </trkpt>
      <trkpt lat="45.465611" lon="7.880558">
        <ele>240</ele>
        <time>2016-11-23T19:42:08.048Z</time>
        <extensions>
          <gpxtpx:TrackPointExtension>
            <gpxtpx:Extensions>
              <highway>secondary</highway>
              <surface>cobblestone</surface>
              <oneway>yes</oneway>
            </gpxtpx:Extensions>
          </gpxtpx:TrackPointExtension>
        </extensions>
      </trkpt>
      <trkpt lat="45.465723" lon="7.880538">
        <ele>240.75</ele>
        <time>2016-11-23T19:42:10.124Z</time>
        <extensions>
          <gpxtpx:TrackPointExtension>
            <gpxtpx:Extensions>
              <highway>secondary</highway>
              <surface>sett</surface>
              <oneway>yes</oneway>
            </gpxtpx:Extensions>
          </gpxtpx:TrackPointExtension>
        </extensions>
      </trkpt>
      <trkpt lat="45.465888" lon="7.880509">
        <ele>241.75</ele>
        <time>2016-11-23T19:42:13.182Z</time>
        <extensions>
          <gpxtpx:TrackPointExtension>
            <gpxtpx:Extensions>
              <highway>secondary</highway>
              <surface>sett</surface>
              <oneway>yes</oneway>
            </gpxtpx:Extensions>
          </gpxtpx:TrackPointExtension>
        </extensions>
      </trkpt>
      <trkpt lat="45.465963" lon="7.880493">
        <ele>242.25</ele>
        <time>2016-11-23T19:42:14.577Z</time>
        <extensions>
          <gpxtpx:TrackPointExtension>
            <gpxtpx:Extensions>
              <highway>secondary</highway>
              <surface>sett</surface>
              <oneway>yes</oneway>
            </gpxtpx:Extensions>
          </gpxtpx:TrackPointExtension>
        </extensions>
      </trkpt>
      <trkpt lat="45.466463" lon="7.880387">
        <ele>244.5</ele>
        <time>2016-11-23T19:42:23.877Z</time>
        <extensions>
          <gpxtpx:TrackPointExtension>
            <gpxtpx:Extensions>
              <highway>secondary</highway>
              <surface>sett</surface>
              <oneway>yes</oneway>
            </gpxtpx:Extensions>
          </gpxtpx:TrackPointExtension>
        </extensions>
      </trkpt>
      <trkpt lat="45.46656" lon="7.880367">
        <ele>245</ele>
        <time>2016-11-23T19:42:25.680Z</time>
        <extensions>
          <gpxtpx:TrackPointExtension>
            <gpxtpx:Extensions>
              <highway>secondary</highway>
              <surface>asphalt</surface>
              <oneway>yes</oneway>
            </gpxtpx:Extensions>
          </gpxtpx:TrackPointExtension>
        </extensions>
      </trkpt>
      <trkpt lat="45.466654" lon="7.880347">
        <ele>245.5</ele>
        <time>2016-11-23T19:42:27.428Z</time>
        <extensions>
          <gpxtpx:TrackPointExtension>
            <gpxtpx:Extensions>
              <highway>secondary</highway>
              <surface>asphalt</surface>
              <oneway>yes</oneway>
            </gpxtpx:Extensions>
          </gpxtpx:TrackPointExtension>
        </extensions>
      </trkpt>
      <trkpt lat="45.466802" lon="7.880316">
        <ele>246.5</ele>
        <time>2016-11-23T19:42:30.180Z</time>
        <extensions>
          <gpxtpx:TrackPointExtension>
            <gpxtpx:Extensions>
              <highway>secondary</highway>
              <surface>asphalt</surface>
              <oneway>yes</oneway>
            </gpxtpx:Extensions>
          </gpxtpx:TrackPointExtension>
        </extensions>
      </trkpt>
      <trkpt lat="45.466932" lon="7.880288">
        <ele>247.25</ele>
        <time>2016-11-23T19:42:32.598Z</time>
        <extensions>
          <gpxtpx:TrackPointExtension>
            <gpxtpx:Extensions>
              <highway>secondary</highway>
              <surface>asphalt</surface>
              <oneway>yes</oneway>
            </gpxtpx:Extensions>
          </gpxtpx:TrackPointExtension>
        </extensions>
      </trkpt>
      <trkpt lat="45.467046" lon="7.880278">
        <ele>247.75</ele>
        <time>2016-11-23T19:42:34.699Z</time>
        <extensions>
          <gpxtpx:TrackPointExtension>
            <gpxtpx:Extensions>
              <highway>secondary</highway>
              <surface>asphalt</surface>
              <oneway>yes</oneway>
            </gpxtpx:Extensions>
          </gpxtpx:TrackPointExtension>
        </extensions>
      </trkpt>
      <trkpt lat="45.467208" lon="7.880302">
        <ele>248.75</ele>
        <time>2016-11-23T19:42:37.695Z</time>
        <extensions>
          <gpxtpx:TrackPointExtension>
            <gpxtpx:Extensions>
              <highway>primary</highway>
              <surface>asphalt</surface>
              <junction>roundabout</junction>
            </gpxtpx:Extensions>
          </gpxtpx:TrackPointExtension>
        </extensions>
      </trkpt>
      <trkpt lat="45.467246" lon="7.880353">
        <ele>248.75</ele>
        <time>2016-11-23T19:42:38.654Z</time>
        <extensions>
          <gpxtpx:TrackPointExtension>
            <gpxtpx:Extensions>
              <highway>primary</highway>
              <surface>asphalt</surface>
              <junction>roundabout</junction>
            </gpxtpx:Extensions>
          </gpxtpx:TrackPointExtension>
        </extensions>
      </trkpt>
      <trkpt lat="45.467279" lon="7.880367">
        <ele>249</ele>
        <time>2016-11-23T19:42:39.287Z</time>
        <extensions>
          <gpxtpx:TrackPointExtension>
            <gpxtpx:Extensions>
              <highway>primary</highway>
              <surface>asphalt</surface>
              <junction>roundabout</junction>
            </gpxtpx:Extensions>
          </gpxtpx:TrackPointExtension>
        </extensions>
      </trkpt>
      <trkpt lat="45.467314" lon="7.880364">
        <ele>249.25</ele>
        <time>2016-11-23T19:42:39.931Z</time>
        <extensions>
          <gpxtpx:TrackPointExtension>
            <gpxtpx:Extensions>
              <highway>primary</highway>
              <surface>asphalt</surface>
              <junction>roundabout</junction>
            </gpxtpx:Extensions>
          </gpxtpx:TrackPointExtension>
        </extensions>
      </trkpt>
      <trkpt lat="45.467353" lon="7.880335">
        <ele>249.5</ele>
        <time>2016-11-23T19:42:40.740Z</time>
        <extensions>
          <gpxtpx:TrackPointExtension>
            <gpxtpx:Extensions>
              <highway>primary</highway>
              <surface>asphalt</surface>
              <maxspeed>50</maxspeed>
              <oneway>yes</oneway>
            </gpxtpx:Extensions>
          </gpxtpx:TrackPointExtension>
        </extensions>
      </trkpt>
      <trkpt lat="45.467552" lon="7.88028">
        <ele>250.5</ele>
        <time>2016-11-23T19:42:44.469Z</time>
        <extensions>
          <gpxtpx:TrackPointExtension>
            <gpxtpx:Extensions>
              <highway>primary</highway>
              <surface>asphalt</surface>
              <maxspeed>50</maxspeed>
              <oneway>yes</oneway>
            </gpxtpx:Extensions>
          </gpxtpx:TrackPointExtension>
        </extensions>
      </trkpt>
      <trkpt lat="45.467638" lon="7.880256">
        <ele>250.75</ele>
        <time>2016-11-23T19:42:46.081Z</time>
        <extensions>
          <gpxtpx:TrackPointExtension>
            <gpxtpx:Extensions>
              <reversedirection>yes</reversedirection>
              <highway>primary</highway>
              <surface>asphalt</surface>
              <maxspeed>50</maxspeed>
              <oneway>no</oneway>
            </gpxtpx:Extensions>
          </gpxtpx:TrackPointExtension>
        </extensions>
      </trkpt>
      <trkpt lat="45.468221" lon="7.880141">
        <ele>252.75</ele>
        <time>2016-11-23T19:42:56.909Z</time>
        <extensions>
          <gpxtpx:TrackPointExtension>
            <gpxtpx:Extensions>
              <reversedirection>yes</reversedirection>
              <highway>primary</highway>
              <surface>asphalt</surface>
              <maxspeed>50</maxspeed>
              <oneway>no</oneway>
            </gpxtpx:Extensions>
          </gpxtpx:TrackPointExtension>
        </extensions>
      </trkpt>
      <trkpt lat="45.468515" lon="7.88007">
        <ele>252.5</ele>
        <time>2016-11-23T19:43:02.395Z</time>
        <extensions>
          <gpxtpx:TrackPointExtension>
            <gpxtpx:Extensions>
              <reversedirection>yes</reversedirection>
              <highway>primary</highway>
              <surface>asphalt</surface>
              <maxspeed>50</maxspeed>
              <oneway>no</oneway>
            </gpxtpx:Extensions>
          </gpxtpx:TrackPointExtension>
        </extensions>
      </trkpt>
      <trkpt lat="45.468728" lon="7.880007">
        <ele>251.5</ele>
        <time>2016-11-23T19:43:06.397Z</time>
        <extensions>
          <gpxtpx:TrackPointExtension>
            <gpxtpx:Extensions>
              <reversedirection>yes</reversedirection>
              <highway>primary</highway>
              <surface>asphalt</surface>
              <maxspeed>50</maxspeed>
              <oneway>no</oneway>
            </gpxtpx:Extensions>
          </gpxtpx:TrackPointExtension>
        </extensions>
      </trkpt>
      <trkpt lat="45.46881" lon="7.879981">
        <ele>251.25</ele>
        <time>2016-11-23T19:43:07.942Z</time>
        <extensions>
          <gpxtpx:TrackPointExtension>
            <gpxtpx:Extensions>
              <reversedirection>yes</reversedirection>
              <highway>primary</highway>
              <surface>asphalt</surface>
              <maxspeed>50</maxspeed>
              <oneway>no</oneway>
            </gpxtpx:Extensions>
          </gpxtpx:TrackPointExtension>
        </extensions>
      </trkpt>
      <trkpt lat="45.468898" lon="7.879943">
        <ele>250.75</ele>
        <time>2016-11-23T19:43:09.633Z</time>
        <extensions>
          <gpxtpx:TrackPointExtension>
            <gpxtpx:Extensions>
              <reversedirection>yes</reversedirection>
              <highway>primary</highway>
              <surface>asphalt</surface>
              <maxspeed>50</maxspeed>
              <oneway>no</oneway>
            </gpxtpx:Extensions>
          </gpxtpx:TrackPointExtension>
        </extensions>
      </trkpt>
      <trkpt lat="45.469242" lon="7.879708">
        <ele>249.25</ele>
        <time>2016-11-23T19:43:16.650Z</time>
        <extensions>
          <gpxtpx:TrackPointExtension>
            <gpxtpx:Extensions>
              <reversedirection>yes</reversedirection>
              <highway>primary</highway>
              <surface>asphalt</surface>
              <maxspeed>50</maxspeed>
              <oneway>no</oneway>
            </gpxtpx:Extensions>
          </gpxtpx:TrackPointExtension>
        </extensions>
      </trkpt>
      <trkpt lat="45.469266" lon="7.879688">
        <ele>249.25</ele>
        <time>2016-11-23T19:43:17.161Z</time>
        <extensions>
          <gpxtpx:TrackPointExtension>
            <gpxtpx:Extensions>
              <reversedirection>yes</reversedirection>
              <highway>primary</highway>
              <surface>asphalt</surface>
              <maxspeed>50</maxspeed>
              <oneway>no</oneway>
            </gpxtpx:Extensions>
          </gpxtpx:TrackPointExtension>
        </extensions>
      </trkpt>
      <trkpt lat="45.46932" lon="7.879643">
        <ele>249</ele>
        <time>2016-11-23T19:43:18.311Z</time>
        <extensions>
          <gpxtpx:TrackPointExtension>
            <gpxtpx:Extensions>
              <reversedirection>yes</reversedirection>
              <highway>primary</highway>
              <surface>asphalt</surface>
              <maxspeed>50</maxspeed>
              <oneway>no</oneway>
            </gpxtpx:Extensions>
          </gpxtpx:TrackPointExtension>
        </extensions>
      </trkpt>
      <trkpt lat="45.469413" lon="7.879548">
        <ele>248.75</ele>
        <time>2016-11-23T19:43:20.415Z</time>
        <extensions>
          <gpxtpx:TrackPointExtension>
            <gpxtpx:Extensions>
              <reversedirection>yes</reversedirection>
              <highway>primary</highway>
              <surface>asphalt</surface>
              <maxspeed>50</maxspeed>
              <oneway>no</oneway>
            </gpxtpx:Extensions>
          </gpxtpx:TrackPointExtension>
        </extensions>
      </trkpt>
      <trkpt lat="45.46944" lon="7.87951">
        <ele>248.5</ele>
        <time>2016-11-23T19:43:21.112Z</time>
        <extensions>
          <gpxtpx:TrackPointExtension>
            <gpxtpx:Extensions>
              <reversedirection>yes</reversedirection>
              <highway>primary</highway>
              <surface>asphalt</surface>
              <maxspeed>50</maxspeed>
              <oneway>no</oneway>
            </gpxtpx:Extensions>
          </gpxtpx:TrackPointExtension>
        </extensions>
      </trkpt>
      <trkpt lat="45.469472" lon="7.879463">
        <ele>248.5</ele>
        <time>2016-11-23T19:43:21.957Z</time>
        <extensions>
          <gpxtpx:TrackPointExtension>
            <gpxtpx:Extensions>
              <reversedirection>yes</reversedirection>
              <highway>primary</highway>
              <surface>asphalt</surface>
              <maxspeed>50</maxspeed>
              <oneway>no</oneway>
            </gpxtpx:Extensions>
          </gpxtpx:TrackPointExtension>
        </extensions>
      </trkpt>
      <trkpt lat="45.469521" lon="7.87937">
        <ele>248.5</ele>
        <time>2016-11-23T19:43:23.457Z</time>
        <extensions>
          <gpxtpx:TrackPointExtension>
            <gpxtpx:Extensions>
              <reversedirection>yes</reversedirection>
              <highway>primary</highway>
              <surface>asphalt</surface>
              <maxspeed>50</maxspeed>
              <oneway>no</oneway>
            </gpxtpx:Extensions>
          </gpxtpx:TrackPointExtension>
        </extensions>
      </trkpt>
      <trkpt lat="45.469722" lon="7.879023">
        <ele>248.75</ele>
        <time>2016-11-23T19:43:29.263Z</time>
        <extensions>
          <gpxtpx:TrackPointExtension>
            <gpxtpx:Extensions>
              <reversedirection>yes</reversedirection>
              <highway>primary</highway>
              <surface>asphalt</surface>
              <maxspeed>50</maxspeed>
              <oneway>no</oneway>
            </gpxtpx:Extensions>
          </gpxtpx:TrackPointExtension>
        </extensions>
      </trkpt>
      <trkpt lat="45.469806" lon="7.878852">
        <ele>249.25</ele>
        <time>2016-11-23T19:43:31.956Z</time>
        <extensions>
          <gpxtpx:TrackPointExtension>
            <gpxtpx:Extensions>
              <reversedirection>yes</reversedirection>
              <highway>primary</highway>
              <surface>asphalt</surface>
              <maxspeed>50</maxspeed>
              <oneway>no</oneway>
            </gpxtpx:Extensions>
          </gpxtpx:TrackPointExtension>
        </extensions>
      </trkpt>
      <trkpt lat="45.469885" lon="7.878677">
        <ele>249.5</ele>
        <time>2016-11-23T19:43:34.641Z</time>
        <extensions>
          <gpxtpx:TrackPointExtension>
            <gpxtpx:Extensions>
              <reversedirection>yes</reversedirection>
              <highway>primary</highway>
              <surface>asphalt</surface>
              <maxspeed>50</maxspeed>
              <oneway>no</oneway>
            </gpxtpx:Extensions>
          </gpxtpx:TrackPointExtension>
        </extensions>
      </trkpt>
      <trkpt lat="45.469932" lon="7.878556">
        <ele>249.75</ele>
        <time>2016-11-23T19:43:36.425Z</time>
        <extensions>
          <gpxtpx:TrackPointExtension>
            <gpxtpx:Extensions>
              <reversedirection>yes</reversedirection>
              <highway>primary</highway>
              <surface>asphalt</surface>
              <maxspeed>50</maxspeed>
              <oneway>no</oneway>
            </gpxtpx:Extensions>
          </gpxtpx:TrackPointExtension>
        </extensions>
      </trkpt>
      <trkpt lat="45.470036" lon="7.878234">
        <ele>250.25</ele>
        <time>2016-11-23T19:43:40.999Z</time>
        <extensions>
          <gpxtpx:TrackPointExtension>
            <gpxtpx:Extensions>
              <reversedirection>yes</reversedirection>
              <highway>primary</highway>
              <surface>asphalt</surface>
              <maxspeed>50</maxspeed>
              <oneway>no</oneway>
            </gpxtpx:Extensions>
          </gpxtpx:TrackPointExtension>
        </extensions>
      </trkpt>
      <trkpt lat="45.470072" lon="7.878086">
        <ele>250.75</ele>
        <time>2016-11-23T19:43:43.020Z</time>
        <extensions>
          <gpxtpx:TrackPointExtension>
            <gpxtpx:Extensions>
              <reversedirection>yes</reversedirection>
              <highway>primary</highway>
              <surface>asphalt</surface>
              <maxspeed>50</maxspeed>
              <oneway>no</oneway>
            </gpxtpx:Extensions>
          </gpxtpx:TrackPointExtension>
        </extensions>
      </trkpt>
      <trkpt lat="45.470089" lon="7.878003">
        <ele>251.25</ele>
        <time>2016-11-23T19:43:44.135Z</time>
        <extensions>
          <gpxtpx:TrackPointExtension>
            <gpxtpx:Extensions>
              <reversedirection>yes</reversedirection>
              <highway>primary</highway>
              <surface>asphalt</surface>
              <maxspeed>50</maxspeed>
              <oneway>no</oneway>
            </gpxtpx:Extensions>
          </gpxtpx:TrackPointExtension>
        </extensions>
      </trkpt>
      <trkpt lat="45.470108" lon="7.877871">
        <ele>251.75</ele>
        <time>2016-11-23T19:43:45.873Z</time>
        <extensions>
          <gpxtpx:TrackPointExtension>
            <gpxtpx:Extensions>
              <reversedirection>yes</reversedirection>
              <highway>primary</highway>
              <surface>asphalt</surface>
              <maxspeed>50</maxspeed>
              <oneway>no</oneway>
            </gpxtpx:Extensions>
          </gpxtpx:TrackPointExtension>
        </extensions>
      </trkpt>
      <trkpt lat="45.470144" lon="7.877411">
        <ele>253</ele>
        <time>2016-11-23T19:43:51.844Z</time>
        <extensions>
          <gpxtpx:TrackPointExtension>
            <gpxtpx:Extensions>
              <reversedirection>yes</reversedirection>
              <highway>primary</highway>
              <surface>asphalt</surface>
              <maxspeed>50</maxspeed>
              <oneway>no</oneway>
            </gpxtpx:Extensions>
          </gpxtpx:TrackPointExtension>
        </extensions>
      </trkpt>
      <trkpt lat="45.47014" lon="7.877274">
        <ele>252.75</ele>
        <time>2016-11-23T19:43:53.613Z</time>
        <extensions>
          <gpxtpx:TrackPointExtension>
            <gpxtpx:Extensions>
              <reversedirection>yes</reversedirection>
              <highway>primary</highway>
              <surface>asphalt</surface>
              <maxspeed>50</maxspeed>
              <oneway>no</oneway>
            </gpxtpx:Extensions>
          </gpxtpx:TrackPointExtension>
        </extensions>
      </trkpt>
      <trkpt lat="45.470142" lon="7.87719">
        <ele>252.75</ele>
        <time>2016-11-23T19:43:54.697Z</time>
        <extensions>
          <gpxtpx:TrackPointExtension>
            <gpxtpx:Extensions>
              <reversedirection>yes</reversedirection>
              <highway>primary</highway>
              <surface>asphalt</surface>
              <maxspeed>50</maxspeed>
              <oneway>no</oneway>
            </gpxtpx:Extensions>
          </gpxtpx:TrackPointExtension>
        </extensions>
      </trkpt>
      <trkpt lat="45.470121" lon="7.876687">
        <ele>252</ele>
        <time>2016-11-23T19:44:01.198Z</time>
        <extensions>
          <gpxtpx:TrackPointExtension>
            <gpxtpx:Extensions>
              <reversedirection>yes</reversedirection>
              <highway>primary</highway>
              <surface>asphalt</surface>
              <maxspeed>50</maxspeed>
              <oneway>no</oneway>
            </gpxtpx:Extensions>
          </gpxtpx:TrackPointExtension>
        </extensions>
      </trkpt>
      <trkpt lat="45.470104" lon="7.876574">
        <ele>251.75</ele>
        <time>2016-11-23T19:44:02.689Z</time>
        <extensions>
          <gpxtpx:TrackPointExtension>
            <gpxtpx:Extensions>
              <reversedirection>yes</reversedirection>
              <highway>primary</highway>
              <surface>asphalt</surface>
              <maxspeed>50</maxspeed>
              <oneway>no</oneway>
            </gpxtpx:Extensions>
          </gpxtpx:TrackPointExtension>
        </extensions>
      </trkpt>
      <trkpt lat="45.470096" lon="7.876538">
        <ele>251.5</ele>
        <time>2016-11-23T19:44:03.176Z</time>
        <extensions>
          <gpxtpx:TrackPointExtension>
            <gpxtpx:Extensions>
              <reversedirection>yes</reversedirection>
              <highway>primary</highway>
              <surface>asphalt</surface>
              <maxspeed>50</maxspeed>
              <oneway>no</oneway>
            </gpxtpx:Extensions>
          </gpxtpx:TrackPointExtension>
        </extensions>
      </trkpt>
      <trkpt lat="45.470059" lon="7.876366">
        <ele>250.75</ele>
        <time>2016-11-23T19:44:05.497Z</time>
        <extensions>
          <gpxtpx:TrackPointExtension>
            <gpxtpx:Extensions>
              <reversedirection>yes</reversedirection>
              <highway>primary</highway>
              <surface>asphalt</surface>
              <maxspeed>50</maxspeed>
              <oneway>no</oneway>
            </gpxtpx:Extensions>
          </gpxtpx:TrackPointExtension>
        </extensions>
      </trkpt>
      <trkpt lat="45.469979" lon="7.876044">
        <ele>249.5</ele>
        <time>2016-11-23T19:44:09.904Z</time>
        <extensions>
          <gpxtpx:TrackPointExtension>
            <gpxtpx:Extensions>
              <reversedirection>yes</reversedirection>
              <highway>primary</highway>
              <surface>asphalt</surface>
              <maxspeed>50</maxspeed>
              <oneway>no</oneway>
            </gpxtpx:Extensions>
          </gpxtpx:TrackPointExtension>
        </extensions>
      </trkpt>
      <trkpt lat="45.46993" lon="7.87589">
        <ele>249.75</ele>
        <time>2016-11-23T19:44:12.085Z</time>
        <extensions>
          <gpxtpx:TrackPointExtension>
            <gpxtpx:Extensions>
              <reversedirection>yes</reversedirection>
              <highway>primary</highway>
              <surface>asphalt</surface>
              <maxspeed>50</maxspeed>
              <oneway>no</oneway>
            </gpxtpx:Extensions>
          </gpxtpx:TrackPointExtension>
        </extensions>
      </trkpt>
      <trkpt lat="45.469865" lon="7.875715">
        <ele>250.25</ele>
        <time>2016-11-23T19:44:14.640Z</time>
        <extensions>
          <gpxtpx:TrackPointExtension>
            <gpxtpx:Extensions>
              <reversedirection>yes</reversedirection>
              <highway>primary</highway>
              <surface>asphalt</surface>
              <maxspeed>50</maxspeed>
              <oneway>no</oneway>
            </gpxtpx:Extensions>
          </gpxtpx:TrackPointExtension>
        </extensions>
      </trkpt>
      <trkpt lat="45.469827" lon="7.875621">
        <ele>250.5</ele>
        <time>2016-11-23T19:44:16.039Z</time>
        <extensions>
          <gpxtpx:TrackPointExtension>
            <gpxtpx:Extensions>
              <reversedirection>yes</reversedirection>
              <highway>primary</highway>
              <surface>asphalt</surface>
              <maxspeed>50</maxspeed>
              <oneway>no</oneway>
            </gpxtpx:Extensions>
          </gpxtpx:TrackPointExtension>
        </extensions>
      </trkpt>
      <trkpt lat="45.469801" lon="7.875564">
        <ele>250.75</ele>
        <time>2016-11-23T19:44:16.916Z</time>
        <extensions>
          <gpxtpx:TrackPointExtension>
            <gpxtpx:Extensions>
              <reversedirection>yes</reversedirection>
              <highway>primary</highway>
              <surface>asphalt</surface>
              <maxspeed>50</maxspeed>
              <oneway>no</oneway>
            </gpxtpx:Extensions>
          </gpxtpx:TrackPointExtension>
        </extensions>
      </trkpt>
      <trkpt lat="45.469725" lon="7.875426">
        <ele>251.25</ele>
        <time>2016-11-23T19:44:19.180Z</time>
        <extensions>
          <gpxtpx:TrackPointExtension>
            <gpxtpx:Extensions>
              <highway>primary</highway>
              <surface>asphalt</surface>
              <oneway>no</oneway>
            </gpxtpx:Extensions>
          </gpxtpx:TrackPointExtension>
        </extensions>
      </trkpt>
      <trkpt lat="45.469501" lon="7.875058">
        <ele>252</ele>
        <time>2016-11-23T19:44:25.467Z</time>
        <extensions>
          <gpxtpx:TrackPointExtension>
            <gpxtpx:Extensions>
              <highway>primary</highway>
              <surface>asphalt</surface>
              <oneway>no</oneway>
            </gpxtpx:Extensions>
          </gpxtpx:TrackPointExtension>
        </extensions>
      </trkpt>
      <trkpt lat="45.469182" lon="7.874563">
        <ele>253</ele>
        <time>2016-11-23T19:44:34.140Z</time>
        <extensions>
          <gpxtpx:TrackPointExtension>
            <gpxtpx:Extensions>
              <highway>primary</highway>
              <surface>asphalt</surface>
              <oneway>no</oneway>
            </gpxtpx:Extensions>
          </gpxtpx:TrackPointExtension>
        </extensions>
      </trkpt>
      <trkpt lat="45.468984" lon="7.874233">
        <ele>254.5</ele>
        <time>2016-11-23T19:44:39.743Z</time>
        <extensions>
          <gpxtpx:TrackPointExtension>
            <gpxtpx:Extensions>
              <highway>primary</highway>
              <surface>asphalt</surface>
              <oneway>no</oneway>
            </gpxtpx:Extensions>
          </gpxtpx:TrackPointExtension>
        </extensions>
      </trkpt>
      <trkpt lat="45.46871" lon="7.873785">
        <ele>256</ele>
        <time>2016-11-23T19:44:47.412Z</time>
        <extensions>
          <gpxtpx:TrackPointExtension>
            <gpxtpx:Extensions>
              <highway>primary</highway>
              <surface>asphalt</surface>
              <oneway>no</oneway>
            </gpxtpx:Extensions>
          </gpxtpx:TrackPointExtension>
        </extensions>
      </trkpt>
      <trkpt lat="45.468628" lon="7.873653">
        <ele>256</ele>
        <time>2016-11-23T19:44:49.687Z</time>
        <extensions>
          <gpxtpx:TrackPointExtension>
            <gpxtpx:Extensions>
              <highway>primary</highway>
              <surface>asphalt</surface>
              <oneway>no</oneway>
            </gpxtpx:Extensions>
          </gpxtpx:TrackPointExtension>
        </extensions>
      </trkpt>
      <trkpt lat="45.468226" lon="7.873012">
        <ele>257</ele>
        <time>2016-11-23T19:45:00.782Z</time>
        <extensions>
          <gpxtpx:TrackPointExtension>
            <gpxtpx:Extensions>
              <highway>primary</highway>
              <surface>asphalt</surface>
              <oneway>no</oneway>
            </gpxtpx:Extensions>
          </gpxtpx:TrackPointExtension>
        </extensions>
      </trkpt>
      <trkpt lat="45.468186" lon="7.872936">
        <ele>257.25</ele>
        <time>2016-11-23T19:45:02.008Z</time>
        <extensions>
          <gpxtpx:TrackPointExtension>
            <gpxtpx:Extensions>
              <highway>primary</highway>
              <surface>asphalt</surface>
              <oneway>yes</oneway>
            </gpxtpx:Extensions>
          </gpxtpx:TrackPointExtension>
        </extensions>
      </trkpt>
      <trkpt lat="45.467701" lon="7.872117">
        <ele>260.75</ele>
        <time>2016-11-23T19:45:15.838Z</time>
        <extensions>
          <gpxtpx:TrackPointExtension>
            <gpxtpx:Extensions>
              <highway>primary</highway>
              <surface>sett</surface>
              <oneway>yes</oneway>
            </gpxtpx:Extensions>
          </gpxtpx:TrackPointExtension>
        </extensions>
      </trkpt>
      <trkpt lat="45.467659" lon="7.872012">
        <ele>261.25</ele>
        <time>2016-11-23T19:45:17.397Z</time>
        <extensions>
          <gpxtpx:TrackPointExtension>
            <gpxtpx:Extensions>
              <highway>primary</highway>
              <surface>sett</surface>
              <oneway>yes</oneway>
            </gpxtpx:Extensions>
          </gpxtpx:TrackPointExtension>
        </extensions>
      </trkpt>
      <trkpt lat="45.467658" lon="7.87198">
        <ele>261.5</ele>
        <time>2016-11-23T19:45:17.810Z</time>
      </trkpt>
      <trkpt lat="45.467658" lon="7.871982">
        <ele>261.5</ele>
        <time>2016-11-23T19:45:17.823Z</time>
        <extensions>
          <gpxtpx:TrackPointExtension>
            <gpxtpx:Extensions>
              <highway>primary</highway>
              <surface>sett</surface>
              <oneway>yes</oneway>
            </gpxtpx:Extensions>
          </gpxtpx:TrackPointExtension>
        </extensions>
      </trkpt>
      <trkpt lat="45.467658" lon="7.87198">
        <ele>261.25</ele>
        <time>2016-11-23T19:45:17.836Z</time>
        <extensions>
          <gpxtpx:TrackPointExtension>
            <gpxtpx:Extensions>
              <highway>primary</highway>
              <surface>sett</surface>
              <oneway>yes</oneway>
            </gpxtpx:Extensions>
          </gpxtpx:TrackPointExtension>
        </extensions>
      </trkpt>
      <trkpt lat="45.467658" lon="7.871932">
        <ele>261.5</ele>
        <time>2016-11-23T19:45:18.212Z</time>
        <extensions>
          <gpxtpx:TrackPointExtension>
            <gpxtpx:Extensions>
              <highway>primary</highway>
              <surface>sett</surface>
              <oneway>yes</oneway>
            </gpxtpx:Extensions>
          </gpxtpx:TrackPointExtension>
        </extensions>
      </trkpt>
      <trkpt lat="45.467674" lon="7.871863">
        <ele>261.5</ele>
        <time>2016-11-23T19:45:18.781Z</time>
        <extensions>
          <gpxtpx:TrackPointExtension>
            <gpxtpx:Extensions>
              <highway>primary</highway>
              <surface>sett</surface>
              <oneway>yes</oneway>
            </gpxtpx:Extensions>
          </gpxtpx:TrackPointExtension>
        </extensions>
      </trkpt>
      <trkpt lat="45.4677" lon="7.871808">
        <ele>261.75</ele>
        <time>2016-11-23T19:45:19.301Z</time>
        <extensions>
          <gpxtpx:TrackPointExtension>
            <gpxtpx:Extensions>
              <highway>primary</highway>
              <surface>sett</surface>
              <oneway>yes</oneway>
            </gpxtpx:Extensions>
          </gpxtpx:TrackPointExtension>
        </extensions>
      </trkpt>
      <trkpt lat="45.467741" lon="7.871771">
        <ele>261.75</ele>
        <time>2016-11-23T19:45:19.843Z</time>
        <extensions>
          <gpxtpx:TrackPointExtension>
            <gpxtpx:Extensions>
              <highway>primary</highway>
              <surface>sett</surface>
              <oneway>yes</oneway>
            </gpxtpx:Extensions>
          </gpxtpx:TrackPointExtension>
        </extensions>
      </trkpt>
      <trkpt lat="45.467803" lon="7.871698">
        <ele>262</ele>
        <time>2016-11-23T19:45:20.742Z</time>
        <extensions>
          <gpxtpx:TrackPointExtension>
            <gpxtpx:Extensions>
              <reversedirection>yes</reversedirection>
              <highway>primary</highway>
              <surface>sett</surface>
              <maxspeed>50</maxspeed>
            </gpxtpx:Extensions>
          </gpxtpx:TrackPointExtension>
        </extensions>
      </trkpt>
      <trkpt lat="45.467827" lon="7.871679">
        <ele>262.25</ele>
        <time>2016-11-23T19:45:21.048Z</time>
        <extensions>
          <gpxtpx:TrackPointExtension>
            <gpxtpx:Extensions>
              <reversedirection>yes</reversedirection>
              <highway>primary</highway>
              <surface>sett</surface>
              <maxspeed>50</maxspeed>
            </gpxtpx:Extensions>
          </gpxtpx:TrackPointExtension>
        </extensions>
      </trkpt>
      <trkpt lat="45.467938" lon="7.871562">
        <ele>263.5</ele>
        <time>2016-11-23T19:45:22.591Z</time>
        <extensions>
          <gpxtpx:TrackPointExtension>
            <gpxtpx:Extensions>
              <reversedirection>yes</reversedirection>
              <highway>primary</highway>
              <surface>asphalt</surface>
              <maxspeed>50</maxspeed>
            </gpxtpx:Extensions>
          </gpxtpx:TrackPointExtension>
        </extensions>
      </trkpt>
      <trkpt lat="45.468141" lon="7.871344">
        <ele>265.75</ele>
        <time>2016-11-23T19:45:25.432Z</time>
        <extensions>
          <gpxtpx:TrackPointExtension>
            <gpxtpx:Extensions>
              <reversedirection>yes</reversedirection>
              <highway>primary</highway>
              <surface>asphalt</surface>
              <maxspeed>50</maxspeed>
            </gpxtpx:Extensions>
          </gpxtpx:TrackPointExtension>
        </extensions>
      </trkpt>
      <trkpt lat="45.468561" lon="7.870905">
        <ele>268.75</ele>
        <time>2016-11-23T19:45:31.254Z</time>
        <extensions>
          <gpxtpx:TrackPointExtension>
            <gpxtpx:Extensions>
              <reversedirection>yes</reversedirection>
              <highway>primary</highway>
              <surface>asphalt</surface>
              <maxspeed>50</maxspeed>
            </gpxtpx:Extensions>
          </gpxtpx:TrackPointExtension>
        </extensions>
      </trkpt>
      <trkpt lat="45.468775" lon="7.870675">
        <ele>269</ele>
        <time>2016-11-23T19:45:34.250Z</time>
        <extensions>
          <gpxtpx:TrackPointExtension>
            <gpxtpx:Extensions>
              <reversedirection>yes</reversedirection>
              <highway>primary</highway>
              <surface>asphalt</surface>
              <maxspeed>50</maxspeed>
            </gpxtpx:Extensions>
          </gpxtpx:TrackPointExtension>
        </extensions>
      </trkpt>
      <trkpt lat="45.468863" lon="7.870585">
        <ele>268.75</ele>
        <time>2016-11-23T19:45:35.460Z</time>
        <extensions>
          <gpxtpx:TrackPointExtension>
            <gpxtpx:Extensions>
              <reversedirection>yes</reversedirection>
              <highway>primary</highway>
              <surface>asphalt</surface>
              <maxspeed>50</maxspeed>
            </gpxtpx:Extensions>
          </gpxtpx:TrackPointExtension>
        </extensions>
      </trkpt>
      <trkpt lat="45.469085" lon="7.870349">
        <ele>268.25</ele>
        <time>2016-11-23T19:45:38.555Z</time>
        <extensions>
          <gpxtpx:TrackPointExtension>
            <gpxtpx:Extensions>
              <reversedirection>yes</reversedirection>
              <highway>primary</highway>
              <surface>asphalt</surface>
              <maxspeed>50</maxspeed>
            </gpxtpx:Extensions>
          </gpxtpx:TrackPointExtension>
        </extensions>
      </trkpt>
      <trkpt lat="45.46923" lon="7.87019">
        <ele>268.25</ele>
        <time>2016-11-23T19:45:40.600Z</time>
        <extensions>
          <gpxtpx:TrackPointExtension>
            <gpxtpx:Extensions>
              <reversedirection>yes</reversedirection>
              <highway>primary</highway>
              <surface>asphalt</surface>
              <maxspeed>50</maxspeed>
            </gpxtpx:Extensions>
          </gpxtpx:TrackPointExtension>
        </extensions>
      </trkpt>
      <trkpt lat="45.469406" lon="7.870003">
        <ele>268.75</ele>
        <time>2016-11-23T19:45:43.053Z</time>
        <extensions>
          <gpxtpx:TrackPointExtension>
            <gpxtpx:Extensions>
              <reversedirection>yes</reversedirection>
              <highway>primary</highway>
              <surface>asphalt</surface>
              <maxspeed>50</maxspeed>
            </gpxtpx:Extensions>
          </gpxtpx:TrackPointExtension>
        </extensions>
      </trkpt>
      <trkpt lat="45.469984" lon="7.869389">
        <ele>273.25</ele>
        <time>2016-11-23T19:45:51.111Z</time>
        <extensions>
          <gpxtpx:TrackPointExtension>
            <gpxtpx:Extensions>
              <reversedirection>yes</reversedirection>
              <highway>primary</highway>
              <surface>asphalt</surface>
              <maxspeed>50</maxspeed>
            </gpxtpx:Extensions>
          </gpxtpx:TrackPointExtension>
        </extensions>
      </trkpt>
      <trkpt lat="45.470234" lon="7.869108">
        <ele>275</ele>
        <time>2016-11-23T19:45:54.670Z</time>
        <extensions>
          <gpxtpx:TrackPointExtension>
            <gpxtpx:Extensions>
              <reversedirection>yes</reversedirection>
              <highway>primary</highway>
              <surface>asphalt</surface>
              <maxspeed>50</maxspeed>
            </gpxtpx:Extensions>
          </gpxtpx:TrackPointExtension>
        </extensions>
      </trkpt>
      <trkpt lat="45.470387" lon="7.868882">
        <ele>275.25</ele>
        <time>2016-11-23T19:45:57.132Z</time>
        <extensions>
          <gpxtpx:TrackPointExtension>
            <gpxtpx:Extensions>
              <reversedirection>yes</reversedirection>
              <highway>primary</highway>
              <surface>asphalt</surface>
              <maxspeed>50</maxspeed>
            </gpxtpx:Extensions>
          </gpxtpx:TrackPointExtension>
        </extensions>
      </trkpt>
      <trkpt lat="45.470465" lon="7.868744">
        <ele>275.25</ele>
        <time>2016-11-23T19:45:58.521Z</time>
        <extensions>
          <gpxtpx:TrackPointExtension>
            <gpxtpx:Extensions>
              <reversedirection>yes</reversedirection>
              <highway>primary</highway>
              <surface>asphalt</surface>
              <maxspeed>50</maxspeed>
            </gpxtpx:Extensions>
          </gpxtpx:TrackPointExtension>
        </extensions>
      </trkpt>
      <trkpt lat="45.47052" lon="7.868622">
        <ele>275.25</ele>
        <time>2016-11-23T19:45:59.658Z</time>
        <extensions>
          <gpxtpx:TrackPointExtension>
            <gpxtpx:Extensions>
              <reversedirection>yes</reversedirection>
              <highway>primary</highway>
              <surface>asphalt</surface>
              <maxspeed>50</maxspeed>
            </gpxtpx:Extensions>
          </gpxtpx:TrackPointExtension>
        </extensions>
      </trkpt>
      <trkpt lat="45.470568" lon="7.868509">
        <ele>275.5</ele>
        <time>2016-11-23T19:46:00.693Z</time>
        <extensions>
          <gpxtpx:TrackPointExtension>
            <gpxtpx:Extensions>
              <reversedirection>yes</reversedirection>
              <highway>primary</highway>
              <surface>asphalt</surface>
              <maxspeed>50</maxspeed>
            </gpxtpx:Extensions>
          </gpxtpx:TrackPointExtension>
        </extensions>
      </trkpt>
      <trkpt lat="45.470608" lon="7.868411">
        <ele>275.25</ele>
        <time>2016-11-23T19:46:01.582Z</time>
        <extensions>
          <gpxtpx:TrackPointExtension>
            <gpxtpx:Extensions>
              <reversedirection>yes</reversedirection>
              <highway>primary</highway>
              <surface>asphalt</surface>
              <maxspeed>50</maxspeed>
            </gpxtpx:Extensions>
          </gpxtpx:TrackPointExtension>
        </extensions>
      </trkpt>
      <trkpt lat="45.470663" lon="7.868235">
        <ele>275.25</ele>
        <time>2016-11-23T19:46:03.092Z</time>
        <extensions>
          <gpxtpx:TrackPointExtension>
            <gpxtpx:Extensions>
              <reversedirection>yes</reversedirection>
              <highway>primary</highway>
              <surface>asphalt</surface>
              <maxspeed>50</maxspeed>
            </gpxtpx:Extensions>
          </gpxtpx:TrackPointExtension>
        </extensions>
      </trkpt>
      <trkpt lat="45.470926" lon="7.867062">
        <ele>274</ele>
        <time>2016-11-23T19:46:12.747Z</time>
        <extensions>
          <gpxtpx:TrackPointExtension>
            <gpxtpx:Extensions>
              <reversedirection>yes</reversedirection>
              <highway>primary</highway>
              <surface>asphalt</surface>
              <maxspeed>50</maxspeed>
            </gpxtpx:Extensions>
          </gpxtpx:TrackPointExtension>
        </extensions>
      </trkpt>
      <trkpt lat="45.470974" lon="7.866891">
        <ele>273.5</ele>
        <time>2016-11-23T19:46:14.191Z</time>
        <extensions>
          <gpxtpx:TrackPointExtension>
            <gpxtpx:Extensions>
              <reversedirection>yes</reversedirection>
              <highway>primary</highway>
              <surface>asphalt</surface>
              <maxspeed>50</maxspeed>
            </gpxtpx:Extensions>
          </gpxtpx:TrackPointExtension>
        </extensions>
      </trkpt>
      <trkpt lat="45.471025" lon="7.866746">
        <ele>273</ele>
        <time>2016-11-23T19:46:15.462Z</time>
        <extensions>
          <gpxtpx:TrackPointExtension>
            <gpxtpx:Extensions>
              <reversedirection>yes</reversedirection>
              <highway>primary</highway>
              <surface>asphalt</surface>
              <maxspeed>50</maxspeed>
            </gpxtpx:Extensions>
          </gpxtpx:TrackPointExtension>
        </extensions>
      </trkpt>
      <trkpt lat="45.471069" lon="7.866643">
        <ele>272.25</ele>
        <time>2016-11-23T19:46:16.407Z</time>
        <extensions>
          <gpxtpx:TrackPointExtension>
            <gpxtpx:Extensions>
              <reversedirection>yes</reversedirection>
              <highway>primary</highway>
              <surface>asphalt</surface>
              <maxspeed>50</maxspeed>
            </gpxtpx:Extensions>
          </gpxtpx:TrackPointExtension>
        </extensions>
      </trkpt>
      <trkpt lat="45.47112" lon="7.866537">
        <ele>271.75</ele>
        <time>2016-11-23T19:46:17.414Z</time>
        <extensions>
          <gpxtpx:TrackPointExtension>
            <gpxtpx:Extensions>
              <reversedirection>yes</reversedirection>
              <highway>primary</highway>
              <surface>asphalt</surface>
              <maxspeed>50</maxspeed>
            </gpxtpx:Extensions>
          </gpxtpx:TrackPointExtension>
        </extensions>
      </trkpt>
      <trkpt lat="45.471188" lon="7.866422">
        <ele>270.75</ele>
        <time>2016-11-23T19:46:18.593Z</time>
        <extensions>
          <gpxtpx:TrackPointExtension>
            <gpxtpx:Extensions>
              <reversedirection>yes</reversedirection>
              <highway>primary</highway>
              <surface>asphalt</surface>
              <maxspeed>50</maxspeed>
            </gpxtpx:Extensions>
          </gpxtpx:TrackPointExtension>
        </extensions>
      </trkpt>
      <trkpt lat="45.471272" lon="7.866298">
        <ele>269.5</ele>
        <time>2016-11-23T19:46:19.944Z</time>
        <extensions>
          <gpxtpx:TrackPointExtension>
            <gpxtpx:Extensions>
              <reversedirection>yes</reversedirection>
              <highway>primary</highway>
              <surface>asphalt</surface>
              <maxspeed>50</maxspeed>
            </gpxtpx:Extensions>
          </gpxtpx:TrackPointExtension>
        </extensions>
      </trkpt>
      <trkpt lat="45.471979" lon="7.865344">
        <ele>262.5</ele>
        <time>2016-11-23T19:46:30.826Z</time>
        <extensions>
          <gpxtpx:TrackPointExtension>
            <gpxtpx:Extensions>
              <reversedirection>yes</reversedirection>
              <highway>primary</highway>
              <surface>asphalt</surface>
              <maxspeed>50</maxspeed>
            </gpxtpx:Extensions>
          </gpxtpx:TrackPointExtension>
        </extensions>
      </trkpt>
      <trkpt lat="45.472153" lon="7.86511">
        <ele>262</ele>
        <time>2016-11-23T19:46:33.500Z</time>
        <extensions>
          <gpxtpx:TrackPointExtension>
            <gpxtpx:Extensions>
              <reversedirection>yes</reversedirection>
              <highway>primary</highway>
              <surface>asphalt</surface>
              <maxspeed>50</maxspeed>
            </gpxtpx:Extensions>
          </gpxtpx:TrackPointExtension>
        </extensions>
      </trkpt>
      <trkpt lat="45.472286" lon="7.864954">
        <ele>261.5</ele>
        <time>2016-11-23T19:46:35.425Z</time>
        <extensions>
          <gpxtpx:TrackPointExtension>
            <gpxtpx:Extensions>
              <reversedirection>yes</reversedirection>
              <highway>primary</highway>
              <surface>asphalt</surface>
              <maxspeed>50</maxspeed>
            </gpxtpx:Extensions>
          </gpxtpx:TrackPointExtension>
        </extensions>
      </trkpt>
      <trkpt lat="45.47235" lon="7.864897">
        <ele>261.25</ele>
        <time>2016-11-23T19:46:36.268Z</time>
        <extensions>
          <gpxtpx:TrackPointExtension>
            <gpxtpx:Extensions>
              <reversedirection>yes</reversedirection>
              <highway>primary</highway>
              <surface>asphalt</surface>
              <maxspeed>50</maxspeed>
            </gpxtpx:Extensions>
          </gpxtpx:TrackPointExtension>
        </extensions>
      </trkpt>
      <trkpt lat="45.472493" lon="7.864809">
        <ele>261.25</ele>
        <time>2016-11-23T19:46:38.009Z</time>
        <extensions>
          <gpxtpx:TrackPointExtension>
            <gpxtpx:Extensions>
              <reversedirection>yes</reversedirection>
              <highway>primary</highway>
              <surface>asphalt</surface>
              <maxspeed>50</maxspeed>
            </gpxtpx:Extensions>
          </gpxtpx:TrackPointExtension>
        </extensions>
      </trkpt>
      <trkpt lat="45.472624" lon="7.864764">
        <ele>260.25</ele>
        <time>2016-11-23T19:46:39.515Z</time>
        <extensions>
          <gpxtpx:TrackPointExtension>
            <gpxtpx:Extensions>
              <reversedirection>yes</reversedirection>
              <highway>primary</highway>
              <surface>asphalt</surface>
              <maxspeed>50</maxspeed>
            </gpxtpx:Extensions>
          </gpxtpx:TrackPointExtension>
        </extensions>
      </trkpt>
      <trkpt lat="45.472722" lon="7.864747">
        <ele>259.5</ele>
        <time>2016-11-23T19:46:40.618Z</time>
        <extensions>
          <gpxtpx:TrackPointExtension>
            <gpxtpx:Extensions>
              <reversedirection>yes</reversedirection>
              <highway>primary</highway>
              <surface>asphalt</surface>
              <maxspeed>50</maxspeed>
            </gpxtpx:Extensions>
          </gpxtpx:TrackPointExtension>
        </extensions>
      </trkpt>
      <trkpt lat="45.472811" lon="7.864751">
        <ele>259</ele>
        <time>2016-11-23T19:46:41.613Z</time>
        <extensions>
          <gpxtpx:TrackPointExtension>
            <gpxtpx:Extensions>
              <reversedirection>yes</reversedirection>
              <highway>primary</highway>
              <surface>asphalt</surface>
              <maxspeed>50</maxspeed>
            </gpxtpx:Extensions>
          </gpxtpx:TrackPointExtension>
        </extensions>
      </trkpt>
      <trkpt lat="45.472881" lon="7.864763">
        <ele>258.5</ele>
        <time>2016-11-23T19:46:42.401Z</time>
        <extensions>
          <gpxtpx:TrackPointExtension>
            <gpxtpx:Extensions>
              <reversedirection>yes</reversedirection>
              <highway>primary</highway>
              <surface>asphalt</surface>
              <maxspeed>50</maxspeed>
            </gpxtpx:Extensions>
          </gpxtpx:TrackPointExtension>
        </extensions>
      </trkpt>
      <trkpt lat="45.472961" lon="7.864788">
        <ele>258.25</ele>
        <time>2016-11-23T19:46:43.316Z</time>
        <extensions>
          <gpxtpx:TrackPointExtension>
            <gpxtpx:Extensions>
              <reversedirection>yes</reversedirection>
              <highway>primary</highway>
              <surface>asphalt</surface>
              <maxspeed>50</maxspeed>
            </gpxtpx:Extensions>
          </gpxtpx:TrackPointExtension>
        </extensions>
      </trkpt>
      <trkpt lat="45.473068" lon="7.864845">
        <ele>258</ele>
        <time>2016-11-23T19:46:44.593Z</time>
        <extensions>
          <gpxtpx:TrackPointExtension>
            <gpxtpx:Extensions>
              <reversedirection>yes</reversedirection>
              <highway>primary</highway>
              <surface>asphalt</surface>
              <maxspeed>50</maxspeed>
            </gpxtpx:Extensions>
          </gpxtpx:TrackPointExtension>
        </extensions>
      </trkpt>
      <trkpt lat="45.473268" lon="7.864991">
        <ele>258</ele>
        <time>2016-11-23T19:46:47.105Z</time>
        <extensions>
          <gpxtpx:TrackPointExtension>
            <gpxtpx:Extensions>
              <reversedirection>yes</reversedirection>
              <highway>primary</highway>
              <surface>asphalt</surface>
              <maxspeed>50</maxspeed>
            </gpxtpx:Extensions>
          </gpxtpx:TrackPointExtension>
        </extensions>
      </trkpt>
      <trkpt lat="45.47512" lon="7.866528">
        <ele>251</ele>
        <time>2016-11-23T19:47:11.062Z</time>
        <extensions>
          <gpxtpx:TrackPointExtension>
            <gpxtpx:Extensions>
              <reversedirection>yes</reversedirection>
              <highway>primary</highway>
              <surface>asphalt</surface>
              <maxspeed>50</maxspeed>
            </gpxtpx:Extensions>
          </gpxtpx:TrackPointExtension>
        </extensions>
      </trkpt>
      <trkpt lat="45.475268" lon="7.866632">
        <ele>250.75</ele>
        <time>2016-11-23T19:47:12.906Z</time>
        <extensions>
          <gpxtpx:TrackPointExtension>
            <gpxtpx:Extensions>
              <reversedirection>yes</reversedirection>
              <highway>primary</highway>
              <surface>asphalt</surface>
              <maxspeed>50</maxspeed>
            </gpxtpx:Extensions>
          </gpxtpx:TrackPointExtension>
        </extensions>
      </trkpt>
      <trkpt lat="45.475338" lon="7.866659">
        <ele>250.5</ele>
        <time>2016-11-23T19:47:13.716Z</time>
        <extensions>
          <gpxtpx:TrackPointExtension>
            <gpxtpx:Extensions>
              <reversedirection>yes</reversedirection>
              <highway>primary</highway>
              <surface>asphalt</surface>
              <maxspeed>50</maxspeed>
            </gpxtpx:Extensions>
          </gpxtpx:TrackPointExtension>
        </extensions>
      </trkpt>
      <trkpt lat="45.475429" lon="7.866673">
        <ele>250.5</ele>
        <time>2016-11-23T19:47:14.739Z</time>
        <extensions>
          <gpxtpx:TrackPointExtension>
            <gpxtpx:Extensions>
              <reversedirection>yes</reversedirection>
              <highway>primary</highway>
              <surface>asphalt</surface>
              <maxspeed>50</maxspeed>
            </gpxtpx:Extensions>
          </gpxtpx:TrackPointExtension>
        </extensions>
      </trkpt>
      <trkpt lat="45.475521" lon="7.866672">
        <ele>250</ele>
        <time>2016-11-23T19:47:15.767Z</time>
        <extensions>
          <gpxtpx:TrackPointExtension>
            <gpxtpx:Extensions>
              <reversedirection>yes</reversedirection>
              <highway>primary</highway>
              <surface>asphalt</surface>
              <maxspeed>50</maxspeed>
            </gpxtpx:Extensions>
          </gpxtpx:TrackPointExtension>
        </extensions>
      </trkpt>
      <trkpt lat="45.475618" lon="7.86666">
        <ele>249.5</ele>
        <time>2016-11-23T19:47:16.855Z</time>
        <extensions>
          <gpxtpx:TrackPointExtension>
            <gpxtpx:Extensions>
              <reversedirection>yes</reversedirection>
              <highway>primary</highway>
              <surface>asphalt</surface>
              <maxspeed>50</maxspeed>
            </gpxtpx:Extensions>
          </gpxtpx:TrackPointExtension>
        </extensions>
      </trkpt>
      <trkpt lat="45.475755" lon="7.86662">
        <ele>249</ele>
        <time>2016-11-23T19:47:18.418Z</time>
        <extensions>
          <gpxtpx:TrackPointExtension>
            <gpxtpx:Extensions>
              <reversedirection>yes</reversedirection>
              <highway>primary</highway>
              <surface>asphalt</surface>
              <maxspeed>50</maxspeed>
            </gpxtpx:Extensions>
          </gpxtpx:TrackPointExtension>
        </extensions>
      </trkpt>
      <trkpt lat="45.475877" lon="7.866569">
        <ele>247.75</ele>
        <time>2016-11-23T19:47:19.839Z</time>
      </trkpt>
      <trkpt lat="45.4758757" lon="7.8665632">
        <ele>264.756</ele>
        <time>2016-11-23T19:47:19.868Z</time>
      </trkpt>
      <trkpt lat="45.475877" lon="7.866569">
        <ele>248.25</ele>
        <time>2016-11-23T19:47:19.897Z</time>
        <extensions>
          <gpxtpx:TrackPointExtension>
            <gpxtpx:Extensions>
              <reversedirection>yes</reversedirection>
              <highway>primary</highway>
              <surface>asphalt</surface>
              <maxspeed>50</maxspeed>
            </gpxtpx:Extensions>
          </gpxtpx:TrackPointExtension>
        </extensions>
      </trkpt>
      <trkpt lat="45.476001" lon="7.866519">
        <ele>247.75</ele>
        <time>2016-11-23T19:47:20.798Z</time>
        <extensions>
          <gpxtpx:TrackPointExtension>
            <gpxtpx:Extensions>
              <reversedirection>yes</reversedirection>
              <highway>primary</highway>
              <surface>asphalt</surface>
              <maxspeed>70</maxspeed>
            </gpxtpx:Extensions>
          </gpxtpx:TrackPointExtension>
        </extensions>
      </trkpt>
      <trkpt lat="45.478189" lon="7.865471">
        <ele>245.25</ele>
        <time>2016-11-23T19:47:36.938Z</time>
        <extensions>
          <gpxtpx:TrackPointExtension>
            <gpxtpx:Extensions>
              <reversedirection>yes</reversedirection>
              <highway>primary</highway>
              <surface>asphalt</surface>
              <maxspeed>70</maxspeed>
            </gpxtpx:Extensions>
          </gpxtpx:TrackPointExtension>
        </extensions>
      </trkpt>
      <trkpt lat="45.478249" lon="7.865442">
        <ele>245.25</ele>
        <time>2016-11-23T19:47:37.381Z</time>
        <extensions>
          <gpxtpx:TrackPointExtension>
            <gpxtpx:Extensions>
              <reversedirection>yes</reversedirection>
              <highway>primary</highway>
              <surface>asphalt</surface>
              <maxspeed>70</maxspeed>
            </gpxtpx:Extensions>
          </gpxtpx:TrackPointExtension>
        </extensions>
      </trkpt>
      <trkpt lat="45.481355" lon="7.863958">
        <ele>246.5</ele>
        <time>2016-11-23T19:48:00.287Z</time>
        <extensions>
          <gpxtpx:TrackPointExtension>
            <gpxtpx:Extensions>
              <reversedirection>yes</reversedirection>
              <highway>primary</highway>
              <surface>asphalt</surface>
              <maxspeed>70</maxspeed>
            </gpxtpx:Extensions>
          </gpxtpx:TrackPointExtension>
        </extensions>
      </trkpt>
      <trkpt lat="45.481432" lon="7.863921">
        <ele>246.75</ele>
        <time>2016-11-23T19:48:00.855Z</time>
        <extensions>
          <gpxtpx:TrackPointExtension>
            <gpxtpx:Extensions>
              <reversedirection>yes</reversedirection>
              <highway>primary</highway>
              <surface>asphalt</surface>
              <maxspeed>50</maxspeed>
            </gpxtpx:Extensions>
          </gpxtpx:TrackPointExtension>
        </extensions>
      </trkpt>
      <trkpt lat="45.481973" lon="7.86366">
        <ele>248.5</ele>
        <time>2016-11-23T19:48:04.848Z</time>
        <extensions>
          <gpxtpx:TrackPointExtension>
            <gpxtpx:Extensions>
              <reversedirection>yes</reversedirection>
              <highway>primary</highway>
              <surface>asphalt</surface>
              <maxspeed>50</maxspeed>
            </gpxtpx:Extensions>
          </gpxtpx:TrackPointExtension>
        </extensions>
      </trkpt>
      <trkpt lat="45.482131" lon="7.863585">
        <ele>249</ele>
        <time>2016-11-23T19:48:06.012Z</time>
        <extensions>
          <gpxtpx:TrackPointExtension>
            <gpxtpx:Extensions>
              <reversedirection>yes</reversedirection>
              <highway>primary</highway>
              <surface>asphalt</surface>
              <maxspeed>50</maxspeed>
            </gpxtpx:Extensions>
          </gpxtpx:TrackPointExtension>
        </extensions>
      </trkpt>
      <trkpt lat="45.482354" lon="7.863478">
        <ele>249.5</ele>
        <time>2016-11-23T19:48:07.657Z</time>
        <extensions>
          <gpxtpx:TrackPointExtension>
            <gpxtpx:Extensions>
              <reversedirection>yes</reversedirection>
              <highway>primary</highway>
              <surface>asphalt</surface>
              <maxspeed>50</maxspeed>
            </gpxtpx:Extensions>
          </gpxtpx:TrackPointExtension>
        </extensions>
      </trkpt>
      <trkpt lat="45.482517" lon="7.863399">
        <ele>249.75</ele>
        <time>2016-11-23T19:48:08.860Z</time>
        <extensions>
          <gpxtpx:TrackPointExtension>
            <gpxtpx:Extensions>
              <reversedirection>yes</reversedirection>
              <highway>primary</highway>
              <surface>asphalt</surface>
              <maxspeed>50</maxspeed>
            </gpxtpx:Extensions>
          </gpxtpx:TrackPointExtension>
        </extensions>
      </trkpt>
      <trkpt lat="45.482596" lon="7.863362">
        <ele>249.75</ele>
        <time>2016-11-23T19:48:09.441Z</time>
        <extensions>
          <gpxtpx:TrackPointExtension>
            <gpxtpx:Extensions>
              <reversedirection>yes</reversedirection>
              <highway>primary</highway>
              <surface>asphalt</surface>
              <maxspeed>50</maxspeed>
            </gpxtpx:Extensions>
          </gpxtpx:TrackPointExtension>
        </extensions>
      </trkpt>
      <trkpt lat="45.482786" lon="7.863271">
        <ele>249.5</ele>
        <time>2016-11-23T19:48:10.842Z</time>
        <extensions>
          <gpxtpx:TrackPointExtension>
            <gpxtpx:Extensions>
              <reversedirection>yes</reversedirection>
              <highway>primary</highway>
              <surface>asphalt</surface>
              <maxspeed>50</maxspeed>
            </gpxtpx:Extensions>
          </gpxtpx:TrackPointExtension>
        </extensions>
      </trkpt>
      <trkpt lat="45.483058" lon="7.863155">
        <ele>249.25</ele>
        <time>2016-11-23T19:48:12.827Z</time>
        <extensions>
          <gpxtpx:TrackPointExtension>
            <gpxtpx:Extensions>
              <reversedirection>yes</reversedirection>
              <highway>primary</highway>
              <surface>asphalt</surface>
              <maxspeed>50</maxspeed>
            </gpxtpx:Extensions>
          </gpxtpx:TrackPointExtension>
        </extensions>
      </trkpt>
      <trkpt lat="45.483242" lon="7.863106">
        <ele>249.25</ele>
        <time>2016-11-23T19:48:14.135Z</time>
        <extensions>
          <gpxtpx:TrackPointExtension>
            <gpxtpx:Extensions>
              <reversedirection>yes</reversedirection>
              <highway>primary</highway>
              <surface>asphalt</surface>
              <maxspeed>50</maxspeed>
            </gpxtpx:Extensions>
          </gpxtpx:TrackPointExtension>
        </extensions>
      </trkpt>
      <trkpt lat="45.483342" lon="7.863091">
        <ele>249</ele>
        <time>2016-11-23T19:48:14.972Z</time>
        <extensions>
          <gpxtpx:TrackPointExtension>
            <gpxtpx:Extensions>
              <reversedirection>yes</reversedirection>
              <highway>primary</highway>
              <surface>asphalt</surface>
              <maxspeed>50</maxspeed>
            </gpxtpx:Extensions>
          </gpxtpx:TrackPointExtension>
        </extensions>
      </trkpt>
      <trkpt lat="45.483342" lon="7.863091">
        <ele>249</ele>
        <time>2016-11-23T19:48:14.972Z</time>
        <extensions>
          <gpxtpx:TrackPointExtension>
            <gpxtpx:Extensions>
              <reversedirection>yes</reversedirection>
              <highway>primary</highway>
              <surface>asphalt</surface>
              <maxspeed>50</maxspeed>
            </gpxtpx:Extensions>
          </gpxtpx:TrackPointExtension>
        </extensions>
      </trkpt>
      <trkpt lat="45.483531" lon="7.863065">
        <ele>249</ele>
        <time>2016-11-23T19:48:16.552Z</time>
        <extensions>
          <gpxtpx:TrackPointExtension>
            <gpxtpx:Extensions>
              <reversedirection>yes</reversedirection>
              <highway>primary</highway>
              <surface>asphalt</surface>
              <maxspeed>50</maxspeed>
            </gpxtpx:Extensions>
          </gpxtpx:TrackPointExtension>
        </extensions>
      </trkpt>
      <trkpt lat="45.484283" lon="7.863007">
        <ele>248.25</ele>
        <time>2016-11-23T19:48:22.820Z</time>
        <extensions>
          <gpxtpx:TrackPointExtension>
            <gpxtpx:Extensions>
              <reversedirection>yes</reversedirection>
              <highway>primary</highway>
              <surface>asphalt</surface>
              <maxspeed>50</maxspeed>
            </gpxtpx:Extensions>
          </gpxtpx:TrackPointExtension>
        </extensions>
      </trkpt>
      <trkpt lat="45.484301" lon="7.863006">
        <ele>248.25</ele>
        <time>2016-11-23T19:48:22.970Z</time>
        <extensions>
          <gpxtpx:TrackPointExtension>
            <gpxtpx:Extensions>
              <reversedirection>yes</reversedirection>
              <highway>primary</highway>
              <surface>asphalt</surface>
              <maxspeed>50</maxspeed>
            </gpxtpx:Extensions>
          </gpxtpx:TrackPointExtension>
        </extensions>
      </trkpt>
      <trkpt lat="45.484678" lon="7.862979">
        <ele>248.25</ele>
        <time>2016-11-23T19:48:26.112Z</time>
        <extensions>
          <gpxtpx:TrackPointExtension>
            <gpxtpx:Extensions>
              <reversedirection>yes</reversedirection>
              <highway>primary</highway>
              <surface>asphalt</surface>
              <maxspeed>50</maxspeed>
            </gpxtpx:Extensions>
          </gpxtpx:TrackPointExtension>
        </extensions>
      </trkpt>
      <trkpt lat="45.485516" lon="7.862917">
        <ele>248.75</ele>
        <time>2016-11-23T19:48:33.096Z</time>
        <extensions>
          <gpxtpx:TrackPointExtension>
            <gpxtpx:Extensions>
              <reversedirection>yes</reversedirection>
              <highway>primary</highway>
              <surface>asphalt</surface>
              <maxspeed>50</maxspeed>
            </gpxtpx:Extensions>
          </gpxtpx:TrackPointExtension>
        </extensions>
      </trkpt>
      <trkpt lat="45.486237" lon="7.862867">
        <ele>248.75</ele>
        <time>2016-11-23T19:48:39.104Z</time>
        <extensions>
          <gpxtpx:TrackPointExtension>
            <gpxtpx:Extensions>
              <reversedirection>yes</reversedirection>
              <highway>primary</highway>
              <surface>asphalt</surface>
              <maxspeed>50</maxspeed>
            </gpxtpx:Extensions>
          </gpxtpx:TrackPointExtension>
        </extensions>
      </trkpt>
      <trkpt lat="45.486326" lon="7.86286">
        <ele>248.5</ele>
        <time>2016-11-23T19:48:39.845Z</time>
        <extensions>
          <gpxtpx:TrackPointExtension>
            <gpxtpx:Extensions>
              <reversedirection>yes</reversedirection>
              <highway>primary</highway>
              <surface>asphalt</surface>
              <maxspeed>50</maxspeed>
            </gpxtpx:Extensions>
          </gpxtpx:TrackPointExtension>
        </extensions>
      </trkpt>
      <trkpt lat="45.48689" lon="7.862822">
        <ele>248.5</ele>
        <time>2016-11-23T19:48:44.544Z</time>
        <extensions>
          <gpxtpx:TrackPointExtension>
            <gpxtpx:Extensions>
              <reversedirection>yes</reversedirection>
              <highway>primary</highway>
              <surface>asphalt</surface>
              <maxspeed>50</maxspeed>
            </gpxtpx:Extensions>
          </gpxtpx:TrackPointExtension>
        </extensions>
      </trkpt>
      <trkpt lat="45.48775" lon="7.862762">
        <ele>248.5</ele>
        <time>2016-11-23T19:48:51.711Z</time>
        <extensions>
          <gpxtpx:TrackPointExtension>
            <gpxtpx:Extensions>
              <reversedirection>yes</reversedirection>
              <highway>primary</highway>
              <surface>asphalt</surface>
              <maxspeed>50</maxspeed>
            </gpxtpx:Extensions>
          </gpxtpx:TrackPointExtension>
        </extensions>
      </trkpt>
      <trkpt lat="45.487971" lon="7.862727">
        <ele>248.75</ele>
        <time>2016-11-23T19:48:53.561Z</time>
        <extensions>
          <gpxtpx:TrackPointExtension>
            <gpxtpx:Extensions>
              <reversedirection>yes</reversedirection>
              <highway>primary</highway>
              <surface>asphalt</surface>
              <maxspeed>50</maxspeed>
            </gpxtpx:Extensions>
          </gpxtpx:TrackPointExtension>
        </extensions>
      </trkpt>
      <trkpt lat="45.488181" lon="7.862673">
        <ele>249</ele>
        <time>2016-11-23T19:48:55.337Z</time>
        <extensions>
          <gpxtpx:TrackPointExtension>
            <gpxtpx:Extensions>
              <reversedirection>yes</reversedirection>
              <highway>primary</highway>
              <surface>asphalt</surface>
              <maxspeed>50</maxspeed>
            </gpxtpx:Extensions>
          </gpxtpx:TrackPointExtension>
        </extensions>
      </trkpt>
      <trkpt lat="45.488562" lon="7.862522">
        <ele>249</ele>
        <time>2016-11-23T19:48:58.628Z</time>
        <extensions>
          <gpxtpx:TrackPointExtension>
            <gpxtpx:Extensions>
              <reversedirection>yes</reversedirection>
              <highway>primary</highway>
              <surface>asphalt</surface>
              <maxspeed>50</maxspeed>
            </gpxtpx:Extensions>
          </gpxtpx:TrackPointExtension>
        </extensions>
      </trkpt>
      <trkpt lat="45.488628" lon="7.862493">
        <ele>249</ele>
        <time>2016-11-23T19:48:59.202Z</time>
        <extensions>
          <gpxtpx:TrackPointExtension>
            <gpxtpx:Extensions>
              <reversedirection>yes</reversedirection>
              <highway>primary</highway>
              <surface>asphalt</surface>
              <maxspeed>50</maxspeed>
            </gpxtpx:Extensions>
          </gpxtpx:TrackPointExtension>
        </extensions>
      </trkpt>
      <trkpt lat="45.489366" lon="7.862157">
        <ele>249.25</ele>
        <time>2016-11-23T19:49:05.650Z</time>
        <extensions>
          <gpxtpx:TrackPointExtension>
            <gpxtpx:Extensions>
              <reversedirection>yes</reversedirection>
              <highway>primary</highway>
              <surface>asphalt</surface>
              <maxspeed>50</maxspeed>
            </gpxtpx:Extensions>
          </gpxtpx:TrackPointExtension>
        </extensions>
      </trkpt>
      <trkpt lat="45.489408" lon="7.862138">
        <ele>249.25</ele>
        <time>2016-11-23T19:49:06.016Z</time>
        <extensions>
          <gpxtpx:TrackPointExtension>
            <gpxtpx:Extensions>
              <reversedirection>yes</reversedirection>
              <highway>primary</highway>
              <surface>asphalt</surface>
              <maxspeed>50</maxspeed>
            </gpxtpx:Extensions>
          </gpxtpx:TrackPointExtension>
        </extensions>
      </trkpt>
      <trkpt lat="45.490415" lon="7.8617">
        <ele>250.5</ele>
        <time>2016-11-23T19:49:14.779Z</time>
        <extensions>
          <gpxtpx:TrackPointExtension>
            <gpxtpx:Extensions>
              <reversedirection>yes</reversedirection>
              <highway>primary</highway>
              <surface>asphalt</surface>
              <maxspeed>50</maxspeed>
            </gpxtpx:Extensions>
          </gpxtpx:TrackPointExtension>
        </extensions>
      </trkpt>
      <trkpt lat="45.490821" lon="7.861519">
        <ele>251.75</ele>
        <time>2016-11-23T19:49:18.319Z</time>
        <extensions>
          <gpxtpx:TrackPointExtension>
            <gpxtpx:Extensions>
              <reversedirection>yes</reversedirection>
              <highway>primary</highway>
              <surface>asphalt</surface>
              <maxspeed>50</maxspeed>
            </gpxtpx:Extensions>
          </gpxtpx:TrackPointExtension>
        </extensions>
      </trkpt>
      <trkpt lat="45.491079" lon="7.861399">
        <ele>251.25</ele>
        <time>2016-11-23T19:49:20.577Z</time>
        <extensions>
          <gpxtpx:TrackPointExtension>
            <gpxtpx:Extensions>
              <reversedirection>yes</reversedirection>
              <highway>primary</highway>
              <surface>asphalt</surface>
              <maxspeed>50</maxspeed>
            </gpxtpx:Extensions>
          </gpxtpx:TrackPointExtension>
        </extensions>
      </trkpt>
      <trkpt lat="45.49122" lon="7.86133">
        <ele>250.75</ele>
        <time>2016-11-23T19:49:21.817Z</time>
        <extensions>
          <gpxtpx:TrackPointExtension>
            <gpxtpx:Extensions>
              <reversedirection>yes</reversedirection>
              <highway>primary</highway>
              <surface>asphalt</surface>
              <maxspeed>50</maxspeed>
            </gpxtpx:Extensions>
          </gpxtpx:TrackPointExtension>
        </extensions>
      </trkpt>
      <trkpt lat="45.491345" lon="7.861255">
        <ele>250.5</ele>
        <time>2016-11-23T19:49:22.945Z</time>
        <extensions>
          <gpxtpx:TrackPointExtension>
            <gpxtpx:Extensions>
              <reversedirection>yes</reversedirection>
              <highway>primary</highway>
              <surface>asphalt</surface>
              <maxspeed>50</maxspeed>
            </gpxtpx:Extensions>
          </gpxtpx:TrackPointExtension>
        </extensions>
      </trkpt>
      <trkpt lat="45.491569" lon="7.861105">
        <ele>249.75</ele>
        <time>2016-11-23T19:49:25.004Z</time>
        <extensions>
          <gpxtpx:TrackPointExtension>
            <gpxtpx:Extensions>
              <reversedirection>yes</reversedirection>
              <highway>primary</highway>
              <surface>asphalt</surface>
              <maxspeed>50</maxspeed>
            </gpxtpx:Extensions>
          </gpxtpx:TrackPointExtension>
        </extensions>
      </trkpt>
      <trkpt lat="45.491828" lon="7.860885">
        <ele>249.5</ele>
        <time>2016-11-23T19:49:27.513Z</time>
        <extensions>
          <gpxtpx:TrackPointExtension>
            <gpxtpx:Extensions>
              <reversedirection>yes</reversedirection>
              <highway>primary</highway>
              <surface>asphalt</surface>
              <maxspeed>50</maxspeed>
            </gpxtpx:Extensions>
          </gpxtpx:TrackPointExtension>
        </extensions>
      </trkpt>
      <trkpt lat="45.491909" lon="7.860821">
        <ele>249.5</ele>
        <time>2016-11-23T19:49:28.283Z</time>
        <extensions>
          <gpxtpx:TrackPointExtension>
            <gpxtpx:Extensions>
              <reversedirection>yes</reversedirection>
              <highway>primary</highway>
              <surface>asphalt</surface>
              <maxspeed>50</maxspeed>
            </gpxtpx:Extensions>
          </gpxtpx:TrackPointExtension>
        </extensions>
      </trkpt>
      <trkpt lat="45.49197" lon="7.86077">
        <ele>249.5</ele>
        <time>2016-11-23T19:49:28.871Z</time>
        <extensions>
          <gpxtpx:TrackPointExtension>
            <gpxtpx:Extensions>
              <reversedirection>yes</reversedirection>
              <highway>primary</highway>
              <surface>asphalt</surface>
              <maxspeed>50</maxspeed>
            </gpxtpx:Extensions>
          </gpxtpx:TrackPointExtension>
        </extensions>
      </trkpt>
      <trkpt lat="45.492765" lon="7.860091">
        <ele>250</ele>
        <time>2016-11-23T19:49:36.583Z</time>
        <extensions>
          <gpxtpx:TrackPointExtension>
            <gpxtpx:Extensions>
              <reversedirection>yes</reversedirection>
              <highway>primary</highway>
              <surface>asphalt</surface>
              <maxspeed>50</maxspeed>
            </gpxtpx:Extensions>
          </gpxtpx:TrackPointExtension>
        </extensions>
      </trkpt>
      <trkpt lat="45.492845" lon="7.860023">
        <ele>250</ele>
        <time>2016-11-23T19:49:37.358Z</time>
        <extensions>
          <gpxtpx:TrackPointExtension>
            <gpxtpx:Extensions>
              <reversedirection>yes</reversedirection>
              <highway>primary</highway>
              <surface>asphalt</surface>
              <maxspeed>50</maxspeed>
            </gpxtpx:Extensions>
          </gpxtpx:TrackPointExtension>
        </extensions>
      </trkpt>
      <trkpt lat="45.492866" lon="7.860003">
        <ele>249.75</ele>
        <time>2016-11-23T19:49:37.568Z</time>
        <extensions>
          <gpxtpx:TrackPointExtension>
            <gpxtpx:Extensions>
              <reversedirection>yes</reversedirection>
              <highway>primary</highway>
              <surface>asphalt</surface>
              <maxspeed>50</maxspeed>
            </gpxtpx:Extensions>
          </gpxtpx:TrackPointExtension>
        </extensions>
      </trkpt>
      <trkpt lat="45.492892" lon="7.859984">
        <ele>249.5</ele>
        <time>2016-11-23T19:49:37.811Z</time>
        <extensions>
          <gpxtpx:TrackPointExtension>
            <gpxtpx:Extensions>
              <reversedirection>yes</reversedirection>
              <highway>primary</highway>
              <surface>asphalt</surface>
              <maxspeed>50</maxspeed>
            </gpxtpx:Extensions>
          </gpxtpx:TrackPointExtension>
        </extensions>
      </trkpt>
      <trkpt lat="45.492913" lon="7.859967">
        <ele>249.5</ele>
        <time>2016-11-23T19:49:38.012Z</time>
        <extensions>
          <gpxtpx:TrackPointExtension>
            <gpxtpx:Extensions>
              <reversedirection>yes</reversedirection>
              <highway>primary</highway>
              <surface>asphalt</surface>
              <maxspeed>50</maxspeed>
            </gpxtpx:Extensions>
          </gpxtpx:TrackPointExtension>
        </extensions>
      </trkpt>
      <trkpt lat="45.493103" lon="7.859821">
        <ele>249.5</ele>
        <time>2016-11-23T19:49:39.808Z</time>
        <extensions>
          <gpxtpx:TrackPointExtension>
            <gpxtpx:Extensions>
              <reversedirection>yes</reversedirection>
              <highway>primary</highway>
              <surface>asphalt</surface>
              <maxspeed>50</maxspeed>
            </gpxtpx:Extensions>
          </gpxtpx:TrackPointExtension>
        </extensions>
      </trkpt>
      <trkpt lat="45.493227" lon="7.859745">
        <ele>249.25</ele>
        <time>2016-11-23T19:49:40.931Z</time>
        <extensions>
          <gpxtpx:TrackPointExtension>
            <gpxtpx:Extensions>
              <reversedirection>yes</reversedirection>
              <highway>primary</highway>
              <surface>asphalt</surface>
              <maxspeed>50</maxspeed>
            </gpxtpx:Extensions>
          </gpxtpx:TrackPointExtension>
        </extensions>
      </trkpt>
      <trkpt lat="45.49345" lon="7.859615">
        <ele>249</ele>
        <time>2016-11-23T19:49:42.936Z</time>
        <extensions>
          <gpxtpx:TrackPointExtension>
            <gpxtpx:Extensions>
              <reversedirection>yes</reversedirection>
              <highway>primary</highway>
              <surface>asphalt</surface>
              <maxspeed>50</maxspeed>
            </gpxtpx:Extensions>
          </gpxtpx:TrackPointExtension>
        </extensions>
      </trkpt>
      <trkpt lat="45.493566" lon="7.859566">
        <ele>249</ele>
        <time>2016-11-23T19:49:43.943Z</time>
        <extensions>
          <gpxtpx:TrackPointExtension>
            <gpxtpx:Extensions>
              <reversedirection>yes</reversedirection>
              <highway>primary</highway>
              <surface>asphalt</surface>
              <maxspeed>50</maxspeed>
            </gpxtpx:Extensions>
          </gpxtpx:TrackPointExtension>
        </extensions>
      </trkpt>
      <trkpt lat="45.494197" lon="7.859365">
        <ele>249.75</ele>
        <time>2016-11-23T19:49:49.324Z</time>
        <extensions>
          <gpxtpx:TrackPointExtension>
            <gpxtpx:Extensions>
              <reversedirection>yes</reversedirection>
              <highway>primary</highway>
              <surface>asphalt</surface>
              <maxspeed>50</maxspeed>
            </gpxtpx:Extensions>
          </gpxtpx:TrackPointExtension>
        </extensions>
      </trkpt>
      <trkpt lat="45.494244" lon="7.859353">
        <ele>249.75</ele>
        <time>2016-11-23T19:49:49.721Z</time>
        <extensions>
          <gpxtpx:TrackPointExtension>
            <gpxtpx:Extensions>
              <reversedirection>yes</reversedirection>
              <highway>primary</highway>
              <surface>asphalt</surface>
              <maxspeed>50</maxspeed>
            </gpxtpx:Extensions>
          </gpxtpx:TrackPointExtension>
        </extensions>
      </trkpt>
      <trkpt lat="45.494331" lon="7.859328">
        <ele>249.75</ele>
        <time>2016-11-23T19:49:50.459Z</time>
        <extensions>
          <gpxtpx:TrackPointExtension>
            <gpxtpx:Extensions>
              <reversedirection>yes</reversedirection>
              <highway>primary</highway>
              <surface>asphalt</surface>
              <maxspeed>50</maxspeed>
            </gpxtpx:Extensions>
          </gpxtpx:TrackPointExtension>
        </extensions>
      </trkpt>
      <trkpt lat="45.494984" lon="7.859136">
        <ele>250</ele>
        <time>2016-11-23T19:49:56.008Z</time>
        <extensions>
          <gpxtpx:TrackPointExtension>
            <gpxtpx:Extensions>
              <reversedirection>yes</reversedirection>
              <highway>primary</highway>
              <surface>asphalt</surface>
              <maxspeed>50</maxspeed>
            </gpxtpx:Extensions>
          </gpxtpx:TrackPointExtension>
        </extensions>
      </trkpt>
      <trkpt lat="45.495544" lon="7.858974">
        <ele>248.75</ele>
        <time>2016-11-23T19:50:00.764Z</time>
        <extensions>
          <gpxtpx:TrackPointExtension>
            <gpxtpx:Extensions>
              <reversedirection>yes</reversedirection>
              <highway>primary</highway>
              <surface>asphalt</surface>
              <maxspeed>50</maxspeed>
            </gpxtpx:Extensions>
          </gpxtpx:TrackPointExtension>
        </extensions>
      </trkpt>
      <trkpt lat="45.496001" lon="7.858839">
        <ele>248.5</ele>
        <time>2016-11-23T19:50:04.648Z</time>
        <extensions>
          <gpxtpx:TrackPointExtension>
            <gpxtpx:Extensions>
              <reversedirection>yes</reversedirection>
              <highway>primary</highway>
              <surface>asphalt</surface>
              <maxspeed>50</maxspeed>
            </gpxtpx:Extensions>
          </gpxtpx:TrackPointExtension>
        </extensions>
      </trkpt>
      <trkpt lat="45.497906" lon="7.858277">
        <ele>247</ele>
        <time>2016-11-23T19:50:20.840Z</time>
        <extensions>
          <gpxtpx:TrackPointExtension>
            <gpxtpx:Extensions>
              <reversedirection>yes</reversedirection>
              <highway>primary</highway>
              <surface>asphalt</surface>
              <maxspeed>50</maxspeed>
            </gpxtpx:Extensions>
          </gpxtpx:TrackPointExtension>
        </extensions>
      </trkpt>
      <trkpt lat="45.499266" lon="7.857875">
        <ele>247</ele>
        <time>2016-11-23T19:50:32.400Z</time>
        <extensions>
          <gpxtpx:TrackPointExtension>
            <gpxtpx:Extensions>
              <reversedirection>yes</reversedirection>
              <highway>primary</highway>
              <surface>asphalt</surface>
              <maxspeed>50</maxspeed>
            </gpxtpx:Extensions>
          </gpxtpx:TrackPointExtension>
        </extensions>
      </trkpt>
      <trkpt lat="45.499537" lon="7.857792">
        <ele>247</ele>
        <time>2016-11-23T19:50:34.707Z</time>
        <extensions>
          <gpxtpx:TrackPointExtension>
            <gpxtpx:Extensions>
              <reversedirection>yes</reversedirection>
              <highway>primary</highway>
              <surface>asphalt</surface>
              <maxspeed>50</maxspeed>
            </gpxtpx:Extensions>
          </gpxtpx:TrackPointExtension>
        </extensions>
      </trkpt>
      <trkpt lat="45.499669" lon="7.857752">
        <ele>247</ele>
        <time>2016-11-23T19:50:35.830Z</time>
        <extensions>
          <gpxtpx:TrackPointExtension>
            <gpxtpx:Extensions>
              <reversedirection>yes</reversedirection>
              <highway>primary</highway>
              <surface>asphalt</surface>
              <maxspeed>50</maxspeed>
            </gpxtpx:Extensions>
          </gpxtpx:TrackPointExtension>
        </extensions>
      </trkpt>
      <trkpt lat="45.500001" lon="7.857652">
        <ele>247</ele>
        <time>2016-11-23T19:50:38.654Z</time>
        <extensions>
          <gpxtpx:TrackPointExtension>
            <gpxtpx:Extensions>
              <reversedirection>yes</reversedirection>
              <highway>primary</highway>
              <surface>asphalt</surface>
              <maxspeed>50</maxspeed>
            </gpxtpx:Extensions>
          </gpxtpx:TrackPointExtension>
        </extensions>
      </trkpt>
      <trkpt lat="45.50091" lon="7.857379">
        <ele>250</ele>
        <time>2016-11-23T19:50:46.386Z</time>
        <extensions>
          <gpxtpx:TrackPointExtension>
            <gpxtpx:Extensions>
              <reversedirection>yes</reversedirection>
              <highway>primary</highway>
              <surface>asphalt</surface>
              <maxspeed>50</maxspeed>
            </gpxtpx:Extensions>
          </gpxtpx:TrackPointExtension>
        </extensions>
      </trkpt>
      <trkpt lat="45.502232" lon="7.856979">
        <ele>249</ele>
        <time>2016-11-23T19:50:57.634Z</time>
        <extensions>
          <gpxtpx:TrackPointExtension>
            <gpxtpx:Extensions>
              <reversedirection>yes</reversedirection>
              <highway>primary</highway>
              <surface>asphalt</surface>
              <maxspeed>50</maxspeed>
            </gpxtpx:Extensions>
          </gpxtpx:TrackPointExtension>
        </extensions>
      </trkpt>
      <trkpt lat="45.502625" lon="7.85686">
        <ele>249</ele>
        <time>2016-11-23T19:51:00.978Z</time>
        <extensions>
          <gpxtpx:TrackPointExtension>
            <gpxtpx:Extensions>
              <reversedirection>yes</reversedirection>
              <highway>primary</highway>
              <surface>asphalt</surface>
              <maxspeed>50</maxspeed>
            </gpxtpx:Extensions>
          </gpxtpx:TrackPointExtension>
        </extensions>
      </trkpt>
      <trkpt lat="45.503861" lon="7.856491">
        <ele>250</ele>
        <time>2016-11-23T19:51:11.489Z</time>
        <extensions>
          <gpxtpx:TrackPointExtension>
            <gpxtpx:Extensions>
              <reversedirection>yes</reversedirection>
              <highway>primary</highway>
              <surface>asphalt</surface>
              <maxspeed>50</maxspeed>
            </gpxtpx:Extensions>
          </gpxtpx:TrackPointExtension>
        </extensions>
      </trkpt>
      <trkpt lat="45.504357" lon="7.856358">
        <ele>251</ele>
        <time>2016-11-23T19:51:15.689Z</time>
        <extensions>
          <gpxtpx:TrackPointExtension>
            <gpxtpx:Extensions>
              <reversedirection>yes</reversedirection>
              <highway>primary</highway>
              <surface>asphalt</surface>
              <maxspeed>50</maxspeed>
            </gpxtpx:Extensions>
          </gpxtpx:TrackPointExtension>
        </extensions>
      </trkpt>
      <trkpt lat="45.504625" lon="7.856296">
        <ele>251.25</ele>
        <time>2016-11-23T19:51:17.948Z</time>
        <extensions>
          <gpxtpx:TrackPointExtension>
            <gpxtpx:Extensions>
              <reversedirection>yes</reversedirection>
              <highway>primary</highway>
              <surface>asphalt</surface>
              <maxspeed>50</maxspeed>
            </gpxtpx:Extensions>
          </gpxtpx:TrackPointExtension>
        </extensions>
      </trkpt>
      <trkpt lat="45.504913" lon="7.856242">
        <ele>251.75</ele>
        <time>2016-11-23T19:51:20.365Z</time>
        <extensions>
          <gpxtpx:TrackPointExtension>
            <gpxtpx:Extensions>
              <reversedirection>yes</reversedirection>
              <highway>primary</highway>
              <surface>asphalt</surface>
              <maxspeed>50</maxspeed>
            </gpxtpx:Extensions>
          </gpxtpx:TrackPointExtension>
        </extensions>
      </trkpt>
      <trkpt lat="45.505487" lon="7.85615">
        <ele>250.75</ele>
        <time>2016-11-23T19:51:25.172Z</time>
        <extensions>
          <gpxtpx:TrackPointExtension>
            <gpxtpx:Extensions>
              <reversedirection>yes</reversedirection>
              <highway>primary</highway>
              <surface>asphalt</surface>
              <maxspeed>50</maxspeed>
            </gpxtpx:Extensions>
          </gpxtpx:TrackPointExtension>
        </extensions>
      </trkpt>
      <trkpt lat="45.506643" lon="7.855981">
        <ele>251</ele>
        <time>2016-11-23T19:51:34.844Z</time>
        <extensions>
          <gpxtpx:TrackPointExtension>
            <gpxtpx:Extensions>
              <reversedirection>yes</reversedirection>
              <highway>primary</highway>
              <surface>asphalt</surface>
              <maxspeed>50</maxspeed>
            </gpxtpx:Extensions>
          </gpxtpx:TrackPointExtension>
        </extensions>
      </trkpt>
      <trkpt lat="45.506889" lon="7.855957">
        <ele>251.25</ele>
        <time>2016-11-23T19:51:36.896Z</time>
        <extensions>
          <gpxtpx:TrackPointExtension>
            <gpxtpx:Extensions>
              <reversedirection>yes</reversedirection>
              <highway>primary</highway>
              <surface>asphalt</surface>
              <maxspeed>50</maxspeed>
            </gpxtpx:Extensions>
          </gpxtpx:TrackPointExtension>
        </extensions>
      </trkpt>
      <trkpt lat="45.506995" lon="7.855958">
        <ele>251.5</ele>
        <time>2016-11-23T19:51:37.778Z</time>
        <extensions>
          <gpxtpx:TrackPointExtension>
            <gpxtpx:Extensions>
              <reversedirection>yes</reversedirection>
              <highway>primary</highway>
              <surface>asphalt</surface>
              <maxspeed>50</maxspeed>
            </gpxtpx:Extensions>
          </gpxtpx:TrackPointExtension>
        </extensions>
      </trkpt>
      <trkpt lat="45.507216" lon="7.855972">
        <ele>251.75</ele>
        <time>2016-11-23T19:51:39.619Z</time>
        <extensions>
          <gpxtpx:TrackPointExtension>
            <gpxtpx:Extensions>
              <reversedirection>yes</reversedirection>
              <highway>primary</highway>
              <surface>asphalt</surface>
              <maxspeed>50</maxspeed>
            </gpxtpx:Extensions>
          </gpxtpx:TrackPointExtension>
        </extensions>
      </trkpt>
      <trkpt lat="45.507421" lon="7.856004">
        <ele>252</ele>
        <time>2016-11-23T19:51:41.335Z</time>
        <extensions>
          <gpxtpx:TrackPointExtension>
            <gpxtpx:Extensions>
              <reversedirection>yes</reversedirection>
              <highway>primary</highway>
              <surface>asphalt</surface>
              <maxspeed>50</maxspeed>
            </gpxtpx:Extensions>
          </gpxtpx:TrackPointExtension>
        </extensions>
      </trkpt>
      <trkpt lat="45.507838" lon="7.856107">
        <ele>252.5</ele>
        <time>2016-11-23T19:51:44.857Z</time>
        <extensions>
          <gpxtpx:TrackPointExtension>
            <gpxtpx:Extensions>
              <reversedirection>yes</reversedirection>
              <highway>primary</highway>
              <surface>asphalt</surface>
              <maxspeed>50</maxspeed>
            </gpxtpx:Extensions>
          </gpxtpx:TrackPointExtension>
        </extensions>
      </trkpt>
      <trkpt lat="45.508194" lon="7.856184">
        <ele>253.25</ele>
        <time>2016-11-23T19:51:47.854Z</time>
        <extensions>
          <gpxtpx:TrackPointExtension>
            <gpxtpx:Extensions>
              <reversedirection>yes</reversedirection>
              <highway>primary</highway>
              <surface>asphalt</surface>
              <maxspeed>50</maxspeed>
            </gpxtpx:Extensions>
          </gpxtpx:TrackPointExtension>
        </extensions>
      </trkpt>
      <trkpt lat="45.508596" lon="7.856255">
        <ele>253.5</ele>
        <time>2016-11-23T19:51:51.225Z</time>
        <extensions>
          <gpxtpx:TrackPointExtension>
            <gpxtpx:Extensions>
              <reversedirection>yes</reversedirection>
              <highway>primary</highway>
              <surface>asphalt</surface>
              <maxspeed>50</maxspeed>
            </gpxtpx:Extensions>
          </gpxtpx:TrackPointExtension>
        </extensions>
      </trkpt>
      <trkpt lat="45.508982" lon="7.856321">
        <ele>253.75</ele>
        <time>2016-11-23T19:51:54.461Z</time>
        <extensions>
          <gpxtpx:TrackPointExtension>
            <gpxtpx:Extensions>
              <reversedirection>yes</reversedirection>
              <highway>primary</highway>
              <surface>asphalt</surface>
              <maxspeed>50</maxspeed>
            </gpxtpx:Extensions>
          </gpxtpx:TrackPointExtension>
        </extensions>
      </trkpt>
      <trkpt lat="45.509124" lon="7.856345">
        <ele>253.75</ele>
        <time>2016-11-23T19:51:55.651Z</time>
        <extensions>
          <gpxtpx:TrackPointExtension>
            <gpxtpx:Extensions>
              <reversedirection>yes</reversedirection>
              <highway>primary</highway>
              <surface>asphalt</surface>
              <maxspeed>50</maxspeed>
            </gpxtpx:Extensions>
          </gpxtpx:TrackPointExtension>
        </extensions>
      </trkpt>
      <trkpt lat="45.509651" lon="7.856425">
        <ele>254.5</ele>
        <time>2016-11-23T19:52:00.062Z</time>
        <extensions>
          <gpxtpx:TrackPointExtension>
            <gpxtpx:Extensions>
              <reversedirection>yes</reversedirection>
              <highway>primary</highway>
              <surface>asphalt</surface>
              <maxspeed>50</maxspeed>
            </gpxtpx:Extensions>
          </gpxtpx:TrackPointExtension>
        </extensions>
      </trkpt>
      <trkpt lat="45.509993" lon="7.85645">
        <ele>254.75</ele>
        <time>2016-11-23T19:52:02.912Z</time>
        <extensions>
          <gpxtpx:TrackPointExtension>
            <gpxtpx:Extensions>
              <reversedirection>yes</reversedirection>
              <highway>primary</highway>
              <surface>asphalt</surface>
              <maxspeed>50</maxspeed>
            </gpxtpx:Extensions>
          </gpxtpx:TrackPointExtension>
        </extensions>
      </trkpt>
      <trkpt lat="45.510037" lon="7.856452">
        <ele>255</ele>
        <time>2016-11-23T19:52:03.278Z</time>
        <extensions>
          <gpxtpx:TrackPointExtension>
            <gpxtpx:Extensions>
              <reversedirection>yes</reversedirection>
              <highway>primary</highway>
              <surface>asphalt</surface>
              <maxspeed>50</maxspeed>
            </gpxtpx:Extensions>
          </gpxtpx:TrackPointExtension>
        </extensions>
      </trkpt>
      <trkpt lat="45.51013" lon="7.856453">
        <ele>255</ele>
        <time>2016-11-23T19:52:04.052Z</time>
        <extensions>
          <gpxtpx:TrackPointExtension>
            <gpxtpx:Extensions>
              <reversedirection>yes</reversedirection>
              <highway>primary</highway>
              <surface>asphalt</surface>
              <maxspeed>50</maxspeed>
            </gpxtpx:Extensions>
          </gpxtpx:TrackPointExtension>
        </extensions>
      </trkpt>
      <trkpt lat="45.51037" lon="7.856405">
        <ele>255</ele>
        <time>2016-11-23T19:52:06.069Z</time>
        <extensions>
          <gpxtpx:TrackPointExtension>
            <gpxtpx:Extensions>
              <reversedirection>yes</reversedirection>
              <highway>primary</highway>
              <surface>asphalt</surface>
              <maxspeed>50</maxspeed>
            </gpxtpx:Extensions>
          </gpxtpx:TrackPointExtension>
        </extensions>
      </trkpt>
      <trkpt lat="45.510533" lon="7.856367">
        <ele>255</ele>
        <time>2016-11-23T19:52:07.443Z</time>
        <extensions>
          <gpxtpx:TrackPointExtension>
            <gpxtpx:Extensions>
              <reversedirection>yes</reversedirection>
              <highway>primary</highway>
              <surface>asphalt</surface>
              <maxspeed>50</maxspeed>
            </gpxtpx:Extensions>
          </gpxtpx:TrackPointExtension>
        </extensions>
      </trkpt>
      <trkpt lat="45.511138" lon="7.85622">
        <ele>256.75</ele>
        <time>2016-11-23T19:52:12.551Z</time>
        <extensions>
          <gpxtpx:TrackPointExtension>
            <gpxtpx:Extensions>
              <reversedirection>yes</reversedirection>
              <highway>primary</highway>
              <surface>asphalt</surface>
              <maxspeed>50</maxspeed>
            </gpxtpx:Extensions>
          </gpxtpx:TrackPointExtension>
        </extensions>
      </trkpt>
      <trkpt lat="45.511187" lon="7.856214">
        <ele>257</ele>
        <time>2016-11-23T19:52:12.960Z</time>
        <extensions>
          <gpxtpx:TrackPointExtension>
            <gpxtpx:Extensions>
              <reversedirection>yes</reversedirection>
              <highway>primary</highway>
              <surface>asphalt</surface>
              <maxspeed>50</maxspeed>
            </gpxtpx:Extensions>
          </gpxtpx:TrackPointExtension>
        </extensions>
      </trkpt>
      <trkpt lat="45.511335" lon="7.856187">
        <ele>257.5</ele>
        <time>2016-11-23T19:52:14.201Z</time>
        <extensions>
          <gpxtpx:TrackPointExtension>
            <gpxtpx:Extensions>
              <reversedirection>yes</reversedirection>
              <highway>primary</highway>
              <surface>asphalt</surface>
              <maxspeed>50</maxspeed>
            </gpxtpx:Extensions>
          </gpxtpx:TrackPointExtension>
        </extensions>
      </trkpt>
      <trkpt lat="45.51156" lon="7.856135">
        <ele>258.5</ele>
        <time>2016-11-23T19:52:16.098Z</time>
        <extensions>
          <gpxtpx:TrackPointExtension>
            <gpxtpx:Extensions>
              <reversedirection>yes</reversedirection>
              <highway>primary</highway>
              <surface>asphalt</surface>
              <maxspeed>50</maxspeed>
            </gpxtpx:Extensions>
          </gpxtpx:TrackPointExtension>
        </extensions>
      </trkpt>
      <trkpt lat="45.511872" lon="7.856048">
        <ele>258.75</ele>
        <time>2016-11-23T19:52:18.744Z</time>
        <extensions>
          <gpxtpx:TrackPointExtension>
            <gpxtpx:Extensions>
              <reversedirection>yes</reversedirection>
              <highway>primary</highway>
              <surface>asphalt</surface>
              <maxspeed>50</maxspeed>
            </gpxtpx:Extensions>
          </gpxtpx:TrackPointExtension>
        </extensions>
      </trkpt>
      <trkpt lat="45.511999" lon="7.855987">
        <ele>258.75</ele>
        <time>2016-11-23T19:52:19.859Z</time>
        <extensions>
          <gpxtpx:TrackPointExtension>
            <gpxtpx:Extensions>
              <reversedirection>yes</reversedirection>
              <highway>primary</highway>
              <surface>asphalt</surface>
              <maxspeed>50</maxspeed>
            </gpxtpx:Extensions>
          </gpxtpx:TrackPointExtension>
        </extensions>
      </trkpt>
      <trkpt lat="45.512321" lon="7.855855">
        <ele>258.75</ele>
        <time>2016-11-23T19:52:22.647Z</time>
        <extensions>
          <gpxtpx:TrackPointExtension>
            <gpxtpx:Extensions>
              <reversedirection>yes</reversedirection>
              <highway>primary</highway>
              <surface>asphalt</surface>
              <maxspeed>50</maxspeed>
            </gpxtpx:Extensions>
          </gpxtpx:TrackPointExtension>
        </extensions>
      </trkpt>
      <trkpt lat="45.512854" lon="7.855633">
        <ele>258.75</ele>
        <time>2016-11-23T19:52:27.268Z</time>
        <extensions>
          <gpxtpx:TrackPointExtension>
            <gpxtpx:Extensions>
              <reversedirection>yes</reversedirection>
              <highway>primary</highway>
              <surface>asphalt</surface>
              <maxspeed>50</maxspeed>
            </gpxtpx:Extensions>
          </gpxtpx:TrackPointExtension>
        </extensions>
      </trkpt>
      <trkpt lat="45.513119" lon="7.855523">
        <ele>258.5</ele>
        <time>2016-11-23T19:52:29.565Z</time>
        <extensions>
          <gpxtpx:TrackPointExtension>
            <gpxtpx:Extensions>
              <reversedirection>yes</reversedirection>
              <highway>primary</highway>
              <surface>asphalt</surface>
              <maxspeed>50</maxspeed>
            </gpxtpx:Extensions>
          </gpxtpx:TrackPointExtension>
        </extensions>
      </trkpt>
      <trkpt lat="45.513795" lon="7.855352">
        <ele>257.5</ele>
        <time>2016-11-23T19:52:35.279Z</time>
        <extensions>
          <gpxtpx:TrackPointExtension>
            <gpxtpx:Extensions>
              <reversedirection>yes</reversedirection>
              <highway>primary</highway>
              <surface>asphalt</surface>
              <maxspeed>50</maxspeed>
            </gpxtpx:Extensions>
          </gpxtpx:TrackPointExtension>
        </extensions>
      </trkpt>
      <trkpt lat="45.513831" lon="7.855344">
        <ele>257.5</ele>
        <time>2016-11-23T19:52:35.582Z</time>
        <extensions>
          <gpxtpx:TrackPointExtension>
            <gpxtpx:Extensions>
              <reversedirection>yes</reversedirection>
              <highway>primary</highway>
              <surface>asphalt</surface>
              <maxspeed>50</maxspeed>
            </gpxtpx:Extensions>
          </gpxtpx:TrackPointExtension>
        </extensions>
      </trkpt>
      <trkpt lat="45.51485" lon="7.85503">
        <ele>256</ele>
        <time>2016-11-23T19:52:44.259Z</time>
        <extensions>
          <gpxtpx:TrackPointExtension>
            <gpxtpx:Extensions>
              <reversedirection>yes</reversedirection>
              <highway>primary</highway>
              <surface>asphalt</surface>
              <maxspeed>50</maxspeed>
            </gpxtpx:Extensions>
          </gpxtpx:TrackPointExtension>
        </extensions>
      </trkpt>
      <trkpt lat="45.514992" lon="7.854985">
        <ele>255.75</ele>
        <time>2016-11-23T19:52:45.469Z</time>
        <extensions>
          <gpxtpx:TrackPointExtension>
            <gpxtpx:Extensions>
              <reversedirection>yes</reversedirection>
              <highway>primary</highway>
              <surface>asphalt</surface>
              <maxspeed>50</maxspeed>
            </gpxtpx:Extensions>
          </gpxtpx:TrackPointExtension>
        </extensions>
      </trkpt>
      <trkpt lat="45.515158" lon="7.854933">
        <ele>256.25</ele>
        <time>2016-11-23T19:52:46.883Z</time>
        <extensions>
          <gpxtpx:TrackPointExtension>
            <gpxtpx:Extensions>
              <reversedirection>yes</reversedirection>
              <highway>primary</highway>
              <surface>asphalt</surface>
              <maxspeed>50</maxspeed>
            </gpxtpx:Extensions>
          </gpxtpx:TrackPointExtension>
        </extensions>
      </trkpt>
      <trkpt lat="45.515292" lon="7.854903">
        <ele>256.5</ele>
        <time>2016-11-23T19:52:48.012Z</time>
        <extensions>
          <gpxtpx:TrackPointExtension>
            <gpxtpx:Extensions>
              <reversedirection>yes</reversedirection>
              <highway>primary</highway>
              <surface>asphalt</surface>
              <maxspeed>50</maxspeed>
            </gpxtpx:Extensions>
          </gpxtpx:TrackPointExtension>
        </extensions>
      </trkpt>
      <trkpt lat="45.515406" lon="7.854877">
        <ele>256.75</ele>
        <time>2016-11-23T19:52:48.972Z</time>
        <extensions>
          <gpxtpx:TrackPointExtension>
            <gpxtpx:Extensions>
              <reversedirection>yes</reversedirection>
              <highway>primary</highway>
              <surface>asphalt</surface>
              <maxspeed>50</maxspeed>
            </gpxtpx:Extensions>
          </gpxtpx:TrackPointExtension>
        </extensions>
      </trkpt>
      <trkpt lat="45.515941" lon="7.854792">
        <ele>257.75</ele>
        <time>2016-11-23T19:52:53.452Z</time>
        <extensions>
          <gpxtpx:TrackPointExtension>
            <gpxtpx:Extensions>
              <reversedirection>yes</reversedirection>
              <highway>primary</highway>
              <surface>asphalt</surface>
              <maxspeed>50</maxspeed>
            </gpxtpx:Extensions>
          </gpxtpx:TrackPointExtension>
        </extensions>
      </trkpt>
      <trkpt lat="45.516076" lon="7.854764">
        <ele>257.5</ele>
        <time>2016-11-23T19:52:54.587Z</time>
        <extensions>
          <gpxtpx:TrackPointExtension>
            <gpxtpx:Extensions>
              <reversedirection>yes</reversedirection>
              <highway>primary</highway>
              <surface>asphalt</surface>
              <maxspeed>50</maxspeed>
            </gpxtpx:Extensions>
          </gpxtpx:TrackPointExtension>
        </extensions>
      </trkpt>
      <trkpt lat="45.517049" lon="7.854473">
        <ele>257.25</ele>
        <time>2016-11-23T19:53:02.862Z</time>
        <extensions>
          <gpxtpx:TrackPointExtension>
            <gpxtpx:Extensions>
              <reversedirection>yes</reversedirection>
              <highway>primary</highway>
              <surface>asphalt</surface>
              <maxspeed>50</maxspeed>
            </gpxtpx:Extensions>
          </gpxtpx:TrackPointExtension>
        </extensions>
      </trkpt>
      <trkpt lat="45.517385" lon="7.854349">
        <ele>257</ele>
        <time>2016-11-23T19:53:05.750Z</time>
        <extensions>
          <gpxtpx:TrackPointExtension>
            <gpxtpx:Extensions>
              <reversedirection>yes</reversedirection>
              <highway>primary</highway>
              <surface>asphalt</surface>
              <maxspeed>50</maxspeed>
            </gpxtpx:Extensions>
          </gpxtpx:TrackPointExtension>
        </extensions>
      </trkpt>
      <trkpt lat="45.51789" lon="7.854131">
        <ele>256.75</ele>
        <time>2016-11-23T19:53:10.141Z</time>
        <extensions>
          <gpxtpx:TrackPointExtension>
            <gpxtpx:Extensions>
              <reversedirection>yes</reversedirection>
              <highway>primary</highway>
              <surface>asphalt</surface>
              <maxspeed>50</maxspeed>
            </gpxtpx:Extensions>
          </gpxtpx:TrackPointExtension>
        </extensions>
      </trkpt>
      <trkpt lat="45.518547" lon="7.853829">
        <ele>256.25</ele>
        <time>2016-11-23T19:53:15.886Z</time>
        <extensions>
          <gpxtpx:TrackPointExtension>
            <gpxtpx:Extensions>
              <reversedirection>yes</reversedirection>
              <highway>primary</highway>
              <surface>asphalt</surface>
              <maxspeed>50</maxspeed>
            </gpxtpx:Extensions>
          </gpxtpx:TrackPointExtension>
        </extensions>
      </trkpt>
      <trkpt lat="45.519294" lon="7.853474">
        <ele>257</ele>
        <time>2016-11-23T19:53:22.439Z</time>
        <extensions>
          <gpxtpx:TrackPointExtension>
            <gpxtpx:Extensions>
              <reversedirection>yes</reversedirection>
              <highway>primary</highway>
              <surface>asphalt</surface>
              <maxspeed>50</maxspeed>
            </gpxtpx:Extensions>
          </gpxtpx:TrackPointExtension>
        </extensions>
      </trkpt>
      <trkpt lat="45.519921" lon="7.853181">
        <ele>257.5</ele>
        <time>2016-11-23T19:53:27.930Z</time>
        <extensions>
          <gpxtpx:TrackPointExtension>
            <gpxtpx:Extensions>
              <reversedirection>yes</reversedirection>
              <highway>primary</highway>
              <surface>asphalt</surface>
              <maxspeed>70</maxspeed>
            </gpxtpx:Extensions>
          </gpxtpx:TrackPointExtension>
        </extensions>
      </trkpt>
      <trkpt lat="45.521083" lon="7.852615">
        <ele>256.75</ele>
        <time>2016-11-23T19:53:38.150Z</time>
        <extensions>
          <gpxtpx:TrackPointExtension>
            <gpxtpx:Extensions>
              <reversedirection>yes</reversedirection>
              <highway>primary</highway>
              <surface>asphalt</surface>
              <maxspeed>70</maxspeed>
            </gpxtpx:Extensions>
          </gpxtpx:TrackPointExtension>
        </extensions>
      </trkpt>
      <trkpt lat="45.521128" lon="7.852592">
        <ele>256.75</ele>
        <time>2016-11-23T19:53:38.547Z</time>
        <extensions>
          <gpxtpx:TrackPointExtension>
            <gpxtpx:Extensions>
              <reversedirection>yes</reversedirection>
              <highway>primary</highway>
              <surface>asphalt</surface>
              <maxspeed>70</maxspeed>
            </gpxtpx:Extensions>
          </gpxtpx:TrackPointExtension>
        </extensions>
      </trkpt>
      <trkpt lat="45.523734" lon="7.851333">
        <ele>259</ele>
        <time>2016-11-23T19:54:01.448Z</time>
        <extensions>
          <gpxtpx:TrackPointExtension>
            <gpxtpx:Extensions>
              <reversedirection>yes</reversedirection>
              <highway>primary</highway>
              <surface>asphalt</surface>
              <maxspeed>70</maxspeed>
            </gpxtpx:Extensions>
          </gpxtpx:TrackPointExtension>
        </extensions>
      </trkpt>
      <trkpt lat="45.52433" lon="7.851039">
        <ele>259.5</ele>
        <time>2016-11-23T19:54:06.696Z</time>
        <extensions>
          <gpxtpx:TrackPointExtension>
            <gpxtpx:Extensions>
              <reversedirection>yes</reversedirection>
              <highway>primary</highway>
              <surface>asphalt</surface>
              <maxspeed>70</maxspeed>
            </gpxtpx:Extensions>
          </gpxtpx:TrackPointExtension>
        </extensions>
      </trkpt>
      <trkpt lat="45.524905" lon="7.850744">
        <ele>262.25</ele>
        <time>2016-11-23T19:54:11.782Z</time>
        <extensions>
          <gpxtpx:TrackPointExtension>
            <gpxtpx:Extensions>
              <reversedirection>yes</reversedirection>
              <highway>primary</highway>
              <surface>asphalt</surface>
              <maxspeed>70</maxspeed>
            </gpxtpx:Extensions>
          </gpxtpx:TrackPointExtension>
        </extensions>
      </trkpt>
      <trkpt lat="45.52507" lon="7.850649">
        <ele>262.5</ele>
        <time>2016-11-23T19:54:13.262Z</time>
        <extensions>
          <gpxtpx:TrackPointExtension>
            <gpxtpx:Extensions>
              <reversedirection>yes</reversedirection>
              <highway>primary</highway>
              <surface>asphalt</surface>
              <maxspeed>70</maxspeed>
            </gpxtpx:Extensions>
          </gpxtpx:TrackPointExtension>
        </extensions>
      </trkpt>
      <trkpt lat="45.525338" lon="7.850509">
        <ele>262.25</ele>
        <time>2016-11-23T19:54:15.637Z</time>
        <extensions>
          <gpxtpx:TrackPointExtension>
            <gpxtpx:Extensions>
              <reversedirection>yes</reversedirection>
              <highway>primary</highway>
              <surface>asphalt</surface>
              <maxspeed>70</maxspeed>
            </gpxtpx:Extensions>
          </gpxtpx:TrackPointExtension>
        </extensions>
      </trkpt>
      <trkpt lat="45.525427" lon="7.850455">
        <ele>262</ele>
        <time>2016-11-23T19:54:16.442Z</time>
        <extensions>
          <gpxtpx:TrackPointExtension>
            <gpxtpx:Extensions>
              <reversedirection>yes</reversedirection>
              <highway>primary</highway>
              <surface>asphalt</surface>
              <maxspeed>70</maxspeed>
            </gpxtpx:Extensions>
          </gpxtpx:TrackPointExtension>
        </extensions>
      </trkpt>
      <trkpt lat="45.526313" lon="7.849954">
        <ele>259.25</ele>
        <time>2016-11-23T19:54:24.374Z</time>
        <extensions>
          <gpxtpx:TrackPointExtension>
            <gpxtpx:Extensions>
              <reversedirection>yes</reversedirection>
              <highway>primary</highway>
              <surface>asphalt</surface>
              <maxspeed>70</maxspeed>
            </gpxtpx:Extensions>
          </gpxtpx:TrackPointExtension>
        </extensions>
      </trkpt>
      <trkpt lat="45.527099" lon="7.849517">
        <ele>257.75</ele>
        <time>2016-11-23T19:54:31.395Z</time>
        <extensions>
          <gpxtpx:TrackPointExtension>
            <gpxtpx:Extensions>
              <reversedirection>yes</reversedirection>
              <highway>primary</highway>
              <surface>asphalt</surface>
              <maxspeed>70</maxspeed>
            </gpxtpx:Extensions>
          </gpxtpx:TrackPointExtension>
        </extensions>
      </trkpt>
      <trkpt lat="45.527928" lon="7.849056">
        <ele>257</ele>
        <time>2016-11-23T19:54:38.800Z</time>
        <extensions>
          <gpxtpx:TrackPointExtension>
            <gpxtpx:Extensions>
              <reversedirection>yes</reversedirection>
              <highway>primary</highway>
              <surface>asphalt</surface>
              <maxspeed>70</maxspeed>
            </gpxtpx:Extensions>
          </gpxtpx:TrackPointExtension>
        </extensions>
      </trkpt>
      <trkpt lat="45.528867" lon="7.848528">
        <ele>258.25</ele>
        <time>2016-11-23T19:54:47.200Z</time>
        <extensions>
          <gpxtpx:TrackPointExtension>
            <gpxtpx:Extensions>
              <reversedirection>yes</reversedirection>
              <highway>primary</highway>
              <surface>asphalt</surface>
              <maxspeed>90</maxspeed>
            </gpxtpx:Extensions>
          </gpxtpx:TrackPointExtension>
        </extensions>
      </trkpt>
      <trkpt lat="45.528926" lon="7.848487">
        <ele>258.5</ele>
        <time>2016-11-23T19:54:47.746Z</time>
        <extensions>
          <gpxtpx:TrackPointExtension>
            <gpxtpx:Extensions>
              <reversedirection>yes</reversedirection>
              <highway>primary</highway>
              <surface>asphalt</surface>
              <maxspeed>90</maxspeed>
            </gpxtpx:Extensions>
          </gpxtpx:TrackPointExtension>
        </extensions>
      </trkpt>
      <trkpt lat="45.529051" lon="7.848365">
        <ele>258.75</ele>
        <time>2016-11-23T19:54:49.006Z</time>
        <extensions>
          <gpxtpx:TrackPointExtension>
            <gpxtpx:Extensions>
              <reversedirection>yes</reversedirection>
              <highway>primary</highway>
              <surface>asphalt</surface>
              <maxspeed>90</maxspeed>
            </gpxtpx:Extensions>
          </gpxtpx:TrackPointExtension>
        </extensions>
      </trkpt>
      <trkpt lat="45.529107" lon="7.848303">
        <ele>258.75</ele>
        <time>2016-11-23T19:54:49.591Z</time>
        <extensions>
          <gpxtpx:TrackPointExtension>
            <gpxtpx:Extensions>
              <reversedirection>yes</reversedirection>
              <highway>primary</highway>
              <surface>asphalt</surface>
              <maxspeed>90</maxspeed>
            </gpxtpx:Extensions>
          </gpxtpx:TrackPointExtension>
        </extensions>
      </trkpt>
      <trkpt lat="45.529107" lon="7.848303">
        <ele>258.75</ele>
        <time>2016-11-23T19:54:49.591Z</time>
        <extensions>
          <gpxtpx:TrackPointExtension>
            <gpxtpx:Extensions>
              <reversedirection>yes</reversedirection>
              <highway>primary</highway>
              <surface>asphalt</surface>
              <maxspeed>90</maxspeed>
            </gpxtpx:Extensions>
          </gpxtpx:TrackPointExtension>
        </extensions>
      </trkpt>
      <trkpt lat="45.529177" lon="7.848227">
        <ele>258.75</ele>
        <time>2016-11-23T19:54:50.317Z</time>
        <extensions>
          <gpxtpx:TrackPointExtension>
            <gpxtpx:Extensions>
              <reversedirection>yes</reversedirection>
              <highway>primary</highway>
              <surface>asphalt</surface>
              <maxspeed>90</maxspeed>
            </gpxtpx:Extensions>
          </gpxtpx:TrackPointExtension>
        </extensions>
      </trkpt>
      <trkpt lat="45.52964" lon="7.847642">
        <ele>258.5</ele>
        <time>2016-11-23T19:54:55.424Z</time>
        <extensions>
          <gpxtpx:TrackPointExtension>
            <gpxtpx:Extensions>
              <reversedirection>yes</reversedirection>
              <highway>primary</highway>
              <surface>asphalt</surface>
              <maxspeed>90</maxspeed>
            </gpxtpx:Extensions>
          </gpxtpx:TrackPointExtension>
        </extensions>
      </trkpt>
      <trkpt lat="45.529696" lon="7.847571">
        <ele>258.5</ele>
        <time>2016-11-23T19:54:56.042Z</time>
        <extensions>
          <gpxtpx:TrackPointExtension>
            <gpxtpx:Extensions>
              <reversedirection>yes</reversedirection>
              <highway>primary</highway>
              <surface>asphalt</surface>
              <maxspeed>90</maxspeed>
            </gpxtpx:Extensions>
          </gpxtpx:TrackPointExtension>
        </extensions>
      </trkpt>
      <trkpt lat="45.529729" lon="7.847525">
        <ele>258.5</ele>
        <time>2016-11-23T19:54:56.423Z</time>
        <extensions>
          <gpxtpx:TrackPointExtension>
            <gpxtpx:Extensions>
              <reversedirection>yes</reversedirection>
              <highway>primary</highway>
              <surface>asphalt</surface>
              <maxspeed>90</maxspeed>
            </gpxtpx:Extensions>
          </gpxtpx:TrackPointExtension>
        </extensions>
      </trkpt>
      <trkpt lat="45.529741" lon="7.84751">
        <ele>258.5</ele>
        <time>2016-11-23T19:54:56.554Z</time>
        <extensions>
          <gpxtpx:TrackPointExtension>
            <gpxtpx:Extensions>
              <reversedirection>yes</reversedirection>
              <highway>primary</highway>
              <surface>asphalt</surface>
              <maxspeed>90</maxspeed>
            </gpxtpx:Extensions>
          </gpxtpx:TrackPointExtension>
        </extensions>
      </trkpt>
      <trkpt lat="45.530125" lon="7.846986">
        <ele>259.75</ele>
        <time>2016-11-23T19:55:00.942Z</time>
        <extensions>
          <gpxtpx:TrackPointExtension>
            <gpxtpx:Extensions>
              <reversedirection>yes</reversedirection>
              <highway>primary</highway>
              <surface>asphalt</surface>
              <maxspeed>90</maxspeed>
            </gpxtpx:Extensions>
          </gpxtpx:TrackPointExtension>
        </extensions>
      </trkpt>
      <trkpt lat="45.530619" lon="7.846334">
        <ele>261.75</ele>
        <time>2016-11-23T19:55:06.499Z</time>
        <extensions>
          <gpxtpx:TrackPointExtension>
            <gpxtpx:Extensions>
              <reversedirection>yes</reversedirection>
              <highway>primary</highway>
              <surface>asphalt</surface>
              <maxspeed>90</maxspeed>
            </gpxtpx:Extensions>
          </gpxtpx:TrackPointExtension>
        </extensions>
      </trkpt>
      <trkpt lat="45.530845" lon="7.846036">
        <ele>262</ele>
        <time>2016-11-23T19:55:09.040Z</time>
        <extensions>
          <gpxtpx:TrackPointExtension>
            <gpxtpx:Extensions>
              <reversedirection>yes</reversedirection>
              <highway>primary</highway>
              <surface>asphalt</surface>
              <maxspeed>90</maxspeed>
            </gpxtpx:Extensions>
          </gpxtpx:TrackPointExtension>
        </extensions>
      </trkpt>
      <trkpt lat="45.531768" lon="7.844814">
        <ele>261</ele>
        <time>2016-11-23T19:55:19.438Z</time>
        <extensions>
          <gpxtpx:TrackPointExtension>
            <gpxtpx:Extensions>
              <reversedirection>yes</reversedirection>
              <highway>primary</highway>
              <surface>asphalt</surface>
              <maxspeed>90</maxspeed>
            </gpxtpx:Extensions>
          </gpxtpx:TrackPointExtension>
        </extensions>
      </trkpt>
      <trkpt lat="45.532293" lon="7.844121">
        <ele>261</ele>
        <time>2016-11-23T19:55:25.344Z</time>
        <extensions>
          <gpxtpx:TrackPointExtension>
            <gpxtpx:Extensions>
              <reversedirection>yes</reversedirection>
              <highway>primary</highway>
              <surface>asphalt</surface>
              <maxspeed>90</maxspeed>
            </gpxtpx:Extensions>
          </gpxtpx:TrackPointExtension>
        </extensions>
      </trkpt>
      <trkpt lat="45.532833" lon="7.843407">
        <ele>261.5</ele>
        <time>2016-11-23T19:55:31.424Z</time>
        <extensions>
          <gpxtpx:TrackPointExtension>
            <gpxtpx:Extensions>
              <reversedirection>yes</reversedirection>
              <highway>primary</highway>
              <surface>asphalt</surface>
              <maxspeed>90</maxspeed>
            </gpxtpx:Extensions>
          </gpxtpx:TrackPointExtension>
        </extensions>
      </trkpt>
      <trkpt lat="45.534046" lon="7.841793">
        <ele>261.25</ele>
        <time>2016-11-23T19:55:45.121Z</time>
        <extensions>
          <gpxtpx:TrackPointExtension>
            <gpxtpx:Extensions>
              <reversedirection>yes</reversedirection>
              <highway>primary</highway>
              <surface>asphalt</surface>
              <maxspeed>90</maxspeed>
            </gpxtpx:Extensions>
          </gpxtpx:TrackPointExtension>
        </extensions>
      </trkpt>
      <trkpt lat="45.534467" lon="7.841238">
        <ele>261.75</ele>
        <time>2016-11-23T19:55:49.854Z</time>
        <extensions>
          <gpxtpx:TrackPointExtension>
            <gpxtpx:Extensions>
              <reversedirection>yes</reversedirection>
              <highway>primary</highway>
              <surface>asphalt</surface>
              <maxspeed>90</maxspeed>
            </gpxtpx:Extensions>
          </gpxtpx:TrackPointExtension>
        </extensions>
      </trkpt>
      <trkpt lat="45.535078" lon="7.840428">
        <ele>264</ele>
        <time>2016-11-23T19:55:56.741Z</time>
        <extensions>
          <gpxtpx:TrackPointExtension>
            <gpxtpx:Extensions>
              <reversedirection>yes</reversedirection>
              <highway>primary</highway>
              <surface>asphalt</surface>
              <maxspeed>90</maxspeed>
            </gpxtpx:Extensions>
          </gpxtpx:TrackPointExtension>
        </extensions>
      </trkpt>
      <trkpt lat="45.536799" lon="7.838149">
        <ele>265</ele>
        <time>2016-11-23T19:56:16.131Z</time>
        <extensions>
          <gpxtpx:TrackPointExtension>
            <gpxtpx:Extensions>
              <reversedirection>yes</reversedirection>
              <highway>primary</highway>
              <surface>asphalt</surface>
              <maxspeed>90</maxspeed>
            </gpxtpx:Extensions>
          </gpxtpx:TrackPointExtension>
        </extensions>
      </trkpt>
      <trkpt lat="45.537065" lon="7.837799">
        <ele>264.75</ele>
        <time>2016-11-23T19:56:19.119Z</time>
        <extensions>
          <gpxtpx:TrackPointExtension>
            <gpxtpx:Extensions>
              <reversedirection>yes</reversedirection>
              <highway>primary</highway>
              <surface>asphalt</surface>
              <maxspeed>50</maxspeed>
            </gpxtpx:Extensions>
          </gpxtpx:TrackPointExtension>
        </extensions>
      </trkpt>
      <trkpt lat="45.537127" lon="7.837717">
        <ele>264.5</ele>
        <time>2016-11-23T19:56:19.817Z</time>
        <extensions>
          <gpxtpx:TrackPointExtension>
            <gpxtpx:Extensions>
              <reversedirection>yes</reversedirection>
              <highway>primary</highway>
              <surface>asphalt</surface>
              <maxspeed>50</maxspeed>
            </gpxtpx:Extensions>
          </gpxtpx:TrackPointExtension>
        </extensions>
      </trkpt>
      <trkpt lat="45.537328" lon="7.837486">
        <ele>264</ele>
        <time>2016-11-23T19:56:21.948Z</time>
        <extensions>
          <gpxtpx:TrackPointExtension>
            <gpxtpx:Extensions>
              <reversedirection>yes</reversedirection>
              <highway>primary</highway>
              <surface>asphalt</surface>
              <maxspeed>50</maxspeed>
            </gpxtpx:Extensions>
          </gpxtpx:TrackPointExtension>
        </extensions>
      </trkpt>
      <trkpt lat="45.537462" lon="7.837349">
        <ele>264</ele>
        <time>2016-11-23T19:56:23.309Z</time>
        <extensions>
          <gpxtpx:TrackPointExtension>
            <gpxtpx:Extensions>
              <reversedirection>yes</reversedirection>
              <highway>primary</highway>
              <surface>asphalt</surface>
              <maxspeed>50</maxspeed>
            </gpxtpx:Extensions>
          </gpxtpx:TrackPointExtension>
        </extensions>
      </trkpt>
      <trkpt lat="45.53761" lon="7.837223">
        <ele>264</ele>
        <time>2016-11-23T19:56:24.732Z</time>
        <extensions>
          <gpxtpx:TrackPointExtension>
            <gpxtpx:Extensions>
              <reversedirection>yes</reversedirection>
              <highway>primary</highway>
              <surface>asphalt</surface>
              <maxspeed>50</maxspeed>
            </gpxtpx:Extensions>
          </gpxtpx:TrackPointExtension>
        </extensions>
      </trkpt>
      <trkpt lat="45.537749" lon="7.837121">
        <ele>264.25</ele>
        <time>2016-11-23T19:56:26.023Z</time>
        <extensions>
          <gpxtpx:TrackPointExtension>
            <gpxtpx:Extensions>
              <reversedirection>yes</reversedirection>
              <highway>primary</highway>
              <surface>asphalt</surface>
              <maxspeed>50</maxspeed>
            </gpxtpx:Extensions>
          </gpxtpx:TrackPointExtension>
        </extensions>
      </trkpt>
      <trkpt lat="45.537866" lon="7.837048">
        <ele>264.5</ele>
        <time>2016-11-23T19:56:27.077Z</time>
        <extensions>
          <gpxtpx:TrackPointExtension>
            <gpxtpx:Extensions>
              <reversedirection>yes</reversedirection>
              <highway>primary</highway>
              <surface>asphalt</surface>
              <maxspeed>50</maxspeed>
            </gpxtpx:Extensions>
          </gpxtpx:TrackPointExtension>
        </extensions>
      </trkpt>
      <trkpt lat="45.538" lon="7.836969">
        <ele>264.75</ele>
        <time>2016-11-23T19:56:28.274Z</time>
        <extensions>
          <gpxtpx:TrackPointExtension>
            <gpxtpx:Extensions>
              <reversedirection>yes</reversedirection>
              <highway>primary</highway>
              <surface>asphalt</surface>
              <maxspeed>50</maxspeed>
            </gpxtpx:Extensions>
          </gpxtpx:TrackPointExtension>
        </extensions>
      </trkpt>
      <trkpt lat="45.538249" lon="7.836869">
        <ele>265</ele>
        <time>2016-11-23T19:56:30.410Z</time>
        <extensions>
          <gpxtpx:TrackPointExtension>
            <gpxtpx:Extensions>
              <reversedirection>yes</reversedirection>
              <highway>primary</highway>
              <surface>asphalt</surface>
              <maxspeed>50</maxspeed>
            </gpxtpx:Extensions>
          </gpxtpx:TrackPointExtension>
        </extensions>
      </trkpt>
      <trkpt lat="45.538384" lon="7.836832">
        <ele>265.25</ele>
        <time>2016-11-23T19:56:31.545Z</time>
        <extensions>
          <gpxtpx:TrackPointExtension>
            <gpxtpx:Extensions>
              <reversedirection>yes</reversedirection>
              <highway>primary</highway>
              <surface>asphalt</surface>
              <maxspeed>50</maxspeed>
            </gpxtpx:Extensions>
          </gpxtpx:TrackPointExtension>
        </extensions>
      </trkpt>
      <trkpt lat="45.538634" lon="7.83679">
        <ele>265.75</ele>
        <time>2016-11-23T19:56:33.624Z</time>
        <extensions>
          <gpxtpx:TrackPointExtension>
            <gpxtpx:Extensions>
              <reversedirection>yes</reversedirection>
              <highway>primary</highway>
              <surface>asphalt</surface>
              <maxspeed>50</maxspeed>
            </gpxtpx:Extensions>
          </gpxtpx:TrackPointExtension>
        </extensions>
      </trkpt>
      <trkpt lat="45.538875" lon="7.836788">
        <ele>266.5</ele>
        <time>2016-11-23T19:56:35.614Z</time>
        <extensions>
          <gpxtpx:TrackPointExtension>
            <gpxtpx:Extensions>
              <reversedirection>yes</reversedirection>
              <highway>primary</highway>
              <surface>asphalt</surface>
              <maxspeed>50</maxspeed>
            </gpxtpx:Extensions>
          </gpxtpx:TrackPointExtension>
        </extensions>
      </trkpt>
      <trkpt lat="45.539012" lon="7.836804">
        <ele>266.75</ele>
        <time>2016-11-23T19:56:36.749Z</time>
        <extensions>
          <gpxtpx:TrackPointExtension>
            <gpxtpx:Extensions>
              <reversedirection>yes</reversedirection>
              <highway>primary</highway>
              <surface>asphalt</surface>
              <maxspeed>50</maxspeed>
            </gpxtpx:Extensions>
          </gpxtpx:TrackPointExtension>
        </extensions>
      </trkpt>
      <trkpt lat="45.539142" lon="7.836831">
        <ele>267.25</ele>
        <time>2016-11-23T19:56:37.834Z</time>
        <extensions>
          <gpxtpx:TrackPointExtension>
            <gpxtpx:Extensions>
              <reversedirection>yes</reversedirection>
              <highway>primary</highway>
              <surface>asphalt</surface>
              <maxspeed>50</maxspeed>
            </gpxtpx:Extensions>
          </gpxtpx:TrackPointExtension>
        </extensions>
      </trkpt>
      <trkpt lat="45.539395" lon="7.836911">
        <ele>268.75</ele>
        <time>2016-11-23T19:56:40.582Z</time>
        <extensions>
          <gpxtpx:TrackPointExtension>
            <gpxtpx:Extensions>
              <reversedirection>yes</reversedirection>
              <highway>primary</highway>
              <surface>asphalt</surface>
              <maxspeed>50</maxspeed>
            </gpxtpx:Extensions>
          </gpxtpx:TrackPointExtension>
        </extensions>
      </trkpt>
      <trkpt lat="45.539394" lon="7.83691">
        <ele>268.25</ele>
        <time>2016-11-23T19:56:40.594Z</time>
        <extensions>
          <gpxtpx:TrackPointExtension>
            <gpxtpx:Extensions>
              <reversedirection>yes</reversedirection>
              <highway>primary</highway>
              <surface>asphalt</surface>
              <maxspeed>50</maxspeed>
            </gpxtpx:Extensions>
          </gpxtpx:TrackPointExtension>
        </extensions>
      </trkpt>
      <trkpt lat="45.539497" lon="7.836943">
        <ele>268.75</ele>
        <time>2016-11-23T19:56:41.713Z</time>
        <extensions>
          <gpxtpx:TrackPointExtension>
            <gpxtpx:Extensions>
              <reversedirection>yes</reversedirection>
              <highway>primary</highway>
              <surface>asphalt</surface>
              <maxspeed>50</maxspeed>
            </gpxtpx:Extensions>
          </gpxtpx:TrackPointExtension>
        </extensions>
      </trkpt>
      <trkpt lat="45.539774" lon="7.83704">
        <ele>271</ele>
        <time>2016-11-23T19:56:44.738Z</time>
        <extensions>
          <gpxtpx:TrackPointExtension>
            <gpxtpx:Extensions>
              <reversedirection>yes</reversedirection>
              <highway>primary</highway>
              <surface>asphalt</surface>
              <maxspeed>50</maxspeed>
            </gpxtpx:Extensions>
          </gpxtpx:TrackPointExtension>
        </extensions>
      </trkpt>
      <trkpt lat="45.540008" lon="7.837121">
        <ele>273.5</ele>
        <time>2016-11-23T19:56:47.292Z</time>
        <extensions>
          <gpxtpx:TrackPointExtension>
            <gpxtpx:Extensions>
              <reversedirection>yes</reversedirection>
              <highway>primary</highway>
              <surface>asphalt</surface>
              <maxspeed>50</maxspeed>
            </gpxtpx:Extensions>
          </gpxtpx:TrackPointExtension>
        </extensions>
      </trkpt>
      <trkpt lat="45.540219" lon="7.837207">
        <ele>273.5</ele>
        <time>2016-11-23T19:56:49.619Z</time>
        <extensions>
          <gpxtpx:TrackPointExtension>
            <gpxtpx:Extensions>
              <reversedirection>yes</reversedirection>
              <highway>primary</highway>
              <surface>asphalt</surface>
              <maxspeed>50</maxspeed>
            </gpxtpx:Extensions>
          </gpxtpx:TrackPointExtension>
        </extensions>
      </trkpt>
      <trkpt lat="45.5409" lon="7.83758">
        <ele>272.25</ele>
        <time>2016-11-23T19:56:57.356Z</time>
        <extensions>
          <gpxtpx:TrackPointExtension>
            <gpxtpx:Extensions>
              <reversedirection>yes</reversedirection>
              <highway>primary</highway>
              <surface>asphalt</surface>
              <maxspeed>50</maxspeed>
            </gpxtpx:Extensions>
          </gpxtpx:TrackPointExtension>
        </extensions>
      </trkpt>
      <trkpt lat="45.541076" lon="7.837669">
        <ele>271.75</ele>
        <time>2016-11-23T19:56:59.336Z</time>
        <extensions>
          <gpxtpx:TrackPointExtension>
            <gpxtpx:Extensions>
              <reversedirection>yes</reversedirection>
              <highway>primary</highway>
              <surface>asphalt</surface>
              <maxspeed>50</maxspeed>
            </gpxtpx:Extensions>
          </gpxtpx:TrackPointExtension>
        </extensions>
      </trkpt>
      <trkpt lat="45.541192" lon="7.837714">
        <ele>271</ele>
        <time>2016-11-23T19:57:00.611Z</time>
        <extensions>
          <gpxtpx:TrackPointExtension>
            <gpxtpx:Extensions>
              <reversedirection>yes</reversedirection>
              <highway>primary</highway>
              <surface>asphalt</surface>
              <maxspeed>50</maxspeed>
            </gpxtpx:Extensions>
          </gpxtpx:TrackPointExtension>
        </extensions>
      </trkpt>
      <trkpt lat="45.541308" lon="7.837742">
        <ele>270.25</ele>
        <time>2016-11-23T19:57:01.859Z</time>
        <extensions>
          <gpxtpx:TrackPointExtension>
            <gpxtpx:Extensions>
              <reversedirection>yes</reversedirection>
              <highway>primary</highway>
              <surface>asphalt</surface>
              <maxspeed>50</maxspeed>
            </gpxtpx:Extensions>
          </gpxtpx:TrackPointExtension>
        </extensions>
      </trkpt>
      <trkpt lat="45.541411" lon="7.83775">
        <ele>269.25</ele>
        <time>2016-11-23T19:57:02.953Z</time>
        <extensions>
          <gpxtpx:TrackPointExtension>
            <gpxtpx:Extensions>
              <reversedirection>yes</reversedirection>
              <highway>primary</highway>
              <surface>asphalt</surface>
              <maxspeed>50</maxspeed>
            </gpxtpx:Extensions>
          </gpxtpx:TrackPointExtension>
        </extensions>
      </trkpt>
      <trkpt lat="45.541535" lon="7.837748">
        <ele>268.25</ele>
        <time>2016-11-23T19:57:04.268Z</time>
        <extensions>
          <gpxtpx:TrackPointExtension>
            <gpxtpx:Extensions>
              <reversedirection>yes</reversedirection>
              <highway>primary</highway>
              <surface>asphalt</surface>
              <maxspeed>50</maxspeed>
            </gpxtpx:Extensions>
          </gpxtpx:TrackPointExtension>
        </extensions>
      </trkpt>
      <trkpt lat="45.541762" lon="7.837703">
        <ele>267.5</ele>
        <time>2016-11-23T19:57:06.699Z</time>
        <extensions>
          <gpxtpx:TrackPointExtension>
            <gpxtpx:Extensions>
              <reversedirection>yes</reversedirection>
              <highway>primary</highway>
              <surface>asphalt</surface>
              <maxspeed>50</maxspeed>
            </gpxtpx:Extensions>
          </gpxtpx:TrackPointExtension>
        </extensions>
      </trkpt>
      <trkpt lat="45.541866" lon="7.837664">
        <ele>267.75</ele>
        <time>2016-11-23T19:57:07.839Z</time>
        <extensions>
          <gpxtpx:TrackPointExtension>
            <gpxtpx:Extensions>
              <reversedirection>yes</reversedirection>
              <highway>primary</highway>
              <surface>asphalt</surface>
              <maxspeed>50</maxspeed>
            </gpxtpx:Extensions>
          </gpxtpx:TrackPointExtension>
        </extensions>
      </trkpt>
      <trkpt lat="45.542026" lon="7.837576">
        <ele>268</ele>
        <time>2016-11-23T19:57:09.919Z</time>
        <extensions>
          <gpxtpx:TrackPointExtension>
            <gpxtpx:Extensions>
              <reversedirection>yes</reversedirection>
              <highway>primary</highway>
              <surface>asphalt</surface>
              <maxspeed>50</maxspeed>
            </gpxtpx:Extensions>
          </gpxtpx:TrackPointExtension>
        </extensions>
      </trkpt>
      <trkpt lat="45.542026" lon="7.837576">
        <ele>267.75</ele>
        <time>2016-11-23T19:57:09.919Z</time>
        <extensions>
          <gpxtpx:TrackPointExtension>
            <gpxtpx:Extensions>
              <reversedirection>yes</reversedirection>
              <highway>primary</highway>
              <surface>asphalt</surface>
              <maxspeed>50</maxspeed>
            </gpxtpx:Extensions>
          </gpxtpx:TrackPointExtension>
        </extensions>
      </trkpt>
      <trkpt lat="45.542052" lon="7.837562">
        <ele>268</ele>
        <time>2016-11-23T19:57:10.256Z</time>
        <extensions>
          <gpxtpx:TrackPointExtension>
            <gpxtpx:Extensions>
              <reversedirection>yes</reversedirection>
              <highway>primary</highway>
              <surface>asphalt</surface>
              <maxspeed>50</maxspeed>
            </gpxtpx:Extensions>
          </gpxtpx:TrackPointExtension>
        </extensions>
      </trkpt>
      <trkpt lat="45.542244" lon="7.837397">
        <ele>268</ele>
        <time>2016-11-23T19:57:12.975Z</time>
        <extensions>
          <gpxtpx:TrackPointExtension>
            <gpxtpx:Extensions>
              <reversedirection>yes</reversedirection>
              <highway>primary</highway>
              <surface>asphalt</surface>
              <maxspeed>50</maxspeed>
            </gpxtpx:Extensions>
          </gpxtpx:TrackPointExtension>
        </extensions>
      </trkpt>
      <trkpt lat="45.542514" lon="7.837141">
        <ele>268</ele>
        <time>2016-11-23T19:57:16.908Z</time>
        <extensions>
          <gpxtpx:TrackPointExtension>
            <gpxtpx:Extensions>
              <reversedirection>yes</reversedirection>
              <highway>primary</highway>
              <surface>asphalt</surface>
              <maxspeed>50</maxspeed>
            </gpxtpx:Extensions>
          </gpxtpx:TrackPointExtension>
        </extensions>
      </trkpt>
      <trkpt lat="45.542562" lon="7.837094">
        <ele>268</ele>
        <time>2016-11-23T19:57:17.614Z</time>
        <extensions>
          <gpxtpx:TrackPointExtension>
            <gpxtpx:Extensions>
              <reversedirection>yes</reversedirection>
              <highway>primary</highway>
              <surface>asphalt</surface>
              <maxspeed>50</maxspeed>
            </gpxtpx:Extensions>
          </gpxtpx:TrackPointExtension>
        </extensions>
      </trkpt>
      <trkpt lat="45.542665" lon="7.83699">
        <ele>268.25</ele>
        <time>2016-11-23T19:57:19.144Z</time>
        <extensions>
          <gpxtpx:TrackPointExtension>
            <gpxtpx:Extensions>
              <reversedirection>yes</reversedirection>
              <highway>primary</highway>
              <surface>asphalt</surface>
              <maxspeed>50</maxspeed>
            </gpxtpx:Extensions>
          </gpxtpx:TrackPointExtension>
        </extensions>
      </trkpt>
      <trkpt lat="45.543623" lon="7.836044">
        <ele>270.5</ele>
        <time>2016-11-23T19:57:33.278Z</time>
        <extensions>
          <gpxtpx:TrackPointExtension>
            <gpxtpx:Extensions>
              <reversedirection>yes</reversedirection>
              <highway>primary</highway>
              <surface>asphalt</surface>
              <maxspeed>50</maxspeed>
            </gpxtpx:Extensions>
          </gpxtpx:TrackPointExtension>
        </extensions>
      </trkpt>
      <trkpt lat="45.543945" lon="7.835726">
        <ele>271.75</ele>
        <time>2016-11-23T19:57:38.029Z</time>
        <extensions>
          <gpxtpx:TrackPointExtension>
            <gpxtpx:Extensions>
              <reversedirection>yes</reversedirection>
              <highway>primary</highway>
              <surface>asphalt</surface>
              <maxspeed>50</maxspeed>
            </gpxtpx:Extensions>
          </gpxtpx:TrackPointExtension>
        </extensions>
      </trkpt>
      <trkpt lat="45.544467" lon="7.83521">
        <ele>276</ele>
        <time>2016-11-23T19:57:45.733Z</time>
        <extensions>
          <gpxtpx:TrackPointExtension>
            <gpxtpx:Extensions>
              <reversedirection>yes</reversedirection>
              <highway>primary</highway>
              <surface>asphalt</surface>
              <maxspeed>50</maxspeed>
            </gpxtpx:Extensions>
          </gpxtpx:TrackPointExtension>
        </extensions>
      </trkpt>
      <trkpt lat="45.544505" lon="7.835172">
        <ele>276.25</ele>
        <time>2016-11-23T19:57:46.295Z</time>
        <extensions>
          <gpxtpx:TrackPointExtension>
            <gpxtpx:Extensions>
              <reversedirection>yes</reversedirection>
              <highway>primary</highway>
              <surface>asphalt</surface>
              <maxspeed>50</maxspeed>
            </gpxtpx:Extensions>
          </gpxtpx:TrackPointExtension>
        </extensions>
      </trkpt>
      <trkpt lat="45.545071" lon="7.834599">
        <ele>279.75</ele>
        <time>2016-11-23T19:57:54.714Z</time>
        <extensions>
          <gpxtpx:TrackPointExtension>
            <gpxtpx:Extensions>
              <reversedirection>yes</reversedirection>
              <highway>primary</highway>
              <surface>asphalt</surface>
              <maxspeed>50</maxspeed>
            </gpxtpx:Extensions>
          </gpxtpx:TrackPointExtension>
        </extensions>
      </trkpt>
      <trkpt lat="45.545576" lon="7.8341">
        <ele>282</ele>
        <time>2016-11-23T19:58:02.166Z</time>
        <extensions>
          <gpxtpx:TrackPointExtension>
            <gpxtpx:Extensions>
              <reversedirection>yes</reversedirection>
              <highway>primary</highway>
              <surface>asphalt</surface>
              <maxspeed>50</maxspeed>
            </gpxtpx:Extensions>
          </gpxtpx:TrackPointExtension>
        </extensions>
      </trkpt>
      <trkpt lat="45.545822" lon="7.833877">
        <ele>283.75</ele>
        <time>2016-11-23T19:58:05.702Z</time>
        <extensions>
          <gpxtpx:TrackPointExtension>
            <gpxtpx:Extensions>
              <reversedirection>yes</reversedirection>
              <highway>primary</highway>
              <surface>asphalt</surface>
              <maxspeed>50</maxspeed>
            </gpxtpx:Extensions>
          </gpxtpx:TrackPointExtension>
        </extensions>
      </trkpt>
      <trkpt lat="45.546066" lon="7.833634">
        <ele>285</ele>
        <time>2016-11-23T19:58:09.312Z</time>
        <extensions>
          <gpxtpx:TrackPointExtension>
            <gpxtpx:Extensions>
              <reversedirection>yes</reversedirection>
              <highway>primary</highway>
              <surface>asphalt</surface>
              <maxspeed>50</maxspeed>
            </gpxtpx:Extensions>
          </gpxtpx:TrackPointExtension>
        </extensions>
      </trkpt>
      <trkpt lat="45.546512" lon="7.833183">
        <ele>287</ele>
        <time>2016-11-23T19:58:15.944Z</time>
        <extensions>
          <gpxtpx:TrackPointExtension>
            <gpxtpx:Extensions>
              <reversedirection>yes</reversedirection>
              <highway>primary</highway>
              <surface>asphalt</surface>
              <maxspeed>50</maxspeed>
            </gpxtpx:Extensions>
          </gpxtpx:TrackPointExtension>
        </extensions>
      </trkpt>
      <trkpt lat="45.546668" lon="7.833005">
        <ele>287.5</ele>
        <time>2016-11-23T19:58:18.367Z</time>
        <extensions>
          <gpxtpx:TrackPointExtension>
            <gpxtpx:Extensions>
              <reversedirection>yes</reversedirection>
              <highway>primary</highway>
              <surface>asphalt</surface>
              <maxspeed>50</maxspeed>
            </gpxtpx:Extensions>
          </gpxtpx:TrackPointExtension>
        </extensions>
      </trkpt>
      <trkpt lat="45.546675" lon="7.832993">
        <ele>288.25</ele>
        <time>2016-11-23T19:58:18.515Z</time>
        <extensions>
          <gpxtpx:TrackPointExtension>
            <gpxtpx:Extensions>
              <reversedirection>yes</reversedirection>
              <highway>primary</highway>
              <surface>asphalt</surface>
              <maxspeed>50</maxspeed>
            </gpxtpx:Extensions>
          </gpxtpx:TrackPointExtension>
        </extensions>
      </trkpt>
      <trkpt lat="45.546675" lon="7.832993">
        <ele>287.5</ele>
        <time>2016-11-23T19:58:18.515Z</time>
        <extensions>
          <gpxtpx:TrackPointExtension>
            <gpxtpx:Extensions>
              <reversedirection>yes</reversedirection>
              <highway>primary</highway>
              <surface>asphalt</surface>
              <maxspeed>50</maxspeed>
            </gpxtpx:Extensions>
          </gpxtpx:TrackPointExtension>
        </extensions>
      </trkpt>
      <trkpt lat="45.546778" lon="7.832838">
        <ele>288.25</ele>
        <time>2016-11-23T19:58:20.544Z</time>
        <extensions>
          <gpxtpx:TrackPointExtension>
            <gpxtpx:Extensions>
              <reversedirection>yes</reversedirection>
              <highway>primary</highway>
              <surface>asphalt</surface>
              <maxspeed>50</maxspeed>
            </gpxtpx:Extensions>
          </gpxtpx:TrackPointExtension>
        </extensions>
      </trkpt>
      <trkpt lat="45.546978" lon="7.832421">
        <ele>289.25</ele>
        <time>2016-11-23T19:58:25.343Z</time>
        <extensions>
          <gpxtpx:TrackPointExtension>
            <gpxtpx:Extensions>
              <reversedirection>yes</reversedirection>
              <highway>primary</highway>
              <surface>asphalt</surface>
              <maxspeed>50</maxspeed>
            </gpxtpx:Extensions>
          </gpxtpx:TrackPointExtension>
        </extensions>
      </trkpt>
      <trkpt lat="45.547537" lon="7.831199">
        <ele>290</ele>
        <time>2016-11-23T19:58:39.204Z</time>
        <extensions>
          <gpxtpx:TrackPointExtension>
            <gpxtpx:Extensions>
              <reversedirection>yes</reversedirection>
              <highway>primary</highway>
              <surface>asphalt</surface>
              <maxspeed>50</maxspeed>
            </gpxtpx:Extensions>
          </gpxtpx:TrackPointExtension>
        </extensions>
      </trkpt>
      <trkpt lat="45.547564" lon="7.831147">
        <ele>290.25</ele>
        <time>2016-11-23T19:58:39.818Z</time>
        <extensions>
          <gpxtpx:TrackPointExtension>
            <gpxtpx:Extensions>
              <reversedirection>yes</reversedirection>
              <highway>primary</highway>
              <surface>asphalt</surface>
              <maxspeed>50</maxspeed>
            </gpxtpx:Extensions>
          </gpxtpx:TrackPointExtension>
        </extensions>
      </trkpt>
      <trkpt lat="45.547589" lon="7.831099">
        <ele>290.25</ele>
        <time>2016-11-23T19:58:40.386Z</time>
        <extensions>
          <gpxtpx:TrackPointExtension>
            <gpxtpx:Extensions>
              <reversedirection>yes</reversedirection>
              <highway>primary</highway>
              <surface>asphalt</surface>
              <maxspeed>50</maxspeed>
            </gpxtpx:Extensions>
          </gpxtpx:TrackPointExtension>
        </extensions>
      </trkpt>
      <trkpt lat="45.54777" lon="7.830689">
        <ele>290.25</ele>
        <time>2016-11-23T19:58:44.988Z</time>
        <extensions>
          <gpxtpx:TrackPointExtension>
            <gpxtpx:Extensions>
              <reversedirection>yes</reversedirection>
              <highway>primary</highway>
              <surface>asphalt</surface>
              <maxspeed>50</maxspeed>
            </gpxtpx:Extensions>
          </gpxtpx:TrackPointExtension>
        </extensions>
      </trkpt>
      <trkpt lat="45.547796" lon="7.830633">
        <ele>290</ele>
        <time>2016-11-23T19:58:45.626Z</time>
        <extensions>
          <gpxtpx:TrackPointExtension>
            <gpxtpx:Extensions>
              <reversedirection>yes</reversedirection>
              <highway>primary</highway>
              <surface>asphalt</surface>
              <maxspeed>50</maxspeed>
            </gpxtpx:Extensions>
          </gpxtpx:TrackPointExtension>
        </extensions>
      </trkpt>
      <trkpt lat="45.547953" lon="7.830341">
        <ele>289.5</ele>
        <time>2016-11-23T19:58:49.121Z</time>
        <extensions>
          <gpxtpx:TrackPointExtension>
            <gpxtpx:Extensions>
              <reversedirection>yes</reversedirection>
              <highway>primary</highway>
              <surface>asphalt</surface>
              <maxspeed>50</maxspeed>
            </gpxtpx:Extensions>
          </gpxtpx:TrackPointExtension>
        </extensions>
      </trkpt>
      <trkpt lat="45.548013" lon="7.830269">
        <ele>289.5</ele>
        <time>2016-11-23T19:58:50.183Z</time>
        <extensions>
          <gpxtpx:TrackPointExtension>
            <gpxtpx:Extensions>
              <reversedirection>yes</reversedirection>
              <highway>primary</highway>
              <surface>asphalt</surface>
              <maxspeed>50</maxspeed>
            </gpxtpx:Extensions>
          </gpxtpx:TrackPointExtension>
        </extensions>
      </trkpt>
      <trkpt lat="45.548333" lon="7.829934">
        <ele>289.5</ele>
        <time>2016-11-23T19:58:55.563Z</time>
        <extensions>
          <gpxtpx:TrackPointExtension>
            <gpxtpx:Extensions>
              <reversedirection>yes</reversedirection>
              <highway>primary</highway>
              <surface>asphalt</surface>
              <maxspeed>50</maxspeed>
            </gpxtpx:Extensions>
          </gpxtpx:TrackPointExtension>
        </extensions>
      </trkpt>
      <trkpt lat="45.54836" lon="7.829909">
        <ele>289.5</ele>
        <time>2016-11-23T19:58:55.999Z</time>
        <extensions>
          <gpxtpx:TrackPointExtension>
            <gpxtpx:Extensions>
              <reversedirection>yes</reversedirection>
              <highway>primary</highway>
              <surface>asphalt</surface>
              <maxspeed>50</maxspeed>
            </gpxtpx:Extensions>
          </gpxtpx:TrackPointExtension>
        </extensions>
      </trkpt>
      <trkpt lat="45.548877" lon="7.829416">
        <ele>289.75</ele>
        <time>2016-11-23T19:59:04.429Z</time>
        <extensions>
          <gpxtpx:TrackPointExtension>
            <gpxtpx:Extensions>
              <reversedirection>yes</reversedirection>
              <highway>tertiary</highway>
              <surface>asphalt</surface>
            </gpxtpx:Extensions>
          </gpxtpx:TrackPointExtension>
        </extensions>
      </trkpt>
      <trkpt lat="45.548838" lon="7.829294">
        <ele>288.75</ele>
        <time>2016-11-23T19:59:05.702Z</time>
        <extensions>
          <gpxtpx:TrackPointExtension>
            <gpxtpx:Extensions>
              <reversedirection>yes</reversedirection>
              <highway>tertiary</highway>
              <surface>asphalt</surface>
            </gpxtpx:Extensions>
          </gpxtpx:TrackPointExtension>
        </extensions>
      </trkpt>
      <trkpt lat="45.548662" lon="7.828765">
        <ele>284.5</ele>
        <time>2016-11-23T19:59:11.263Z</time>
        <extensions>
          <gpxtpx:TrackPointExtension>
            <gpxtpx:Extensions>
              <reversedirection>yes</reversedirection>
              <highway>tertiary</highway>
              <surface>asphalt</surface>
            </gpxtpx:Extensions>
          </gpxtpx:TrackPointExtension>
        </extensions>
      </trkpt>
      <trkpt lat="45.548555" lon="7.828444">
        <ele>281.75</ele>
        <time>2016-11-23T19:59:14.639Z</time>
        <extensions>
          <gpxtpx:TrackPointExtension>
            <gpxtpx:Extensions>
              <reversedirection>yes</reversedirection>
              <highway>tertiary</highway>
              <surface>asphalt</surface>
            </gpxtpx:Extensions>
          </gpxtpx:TrackPointExtension>
        </extensions>
      </trkpt>
      <trkpt lat="45.548101" lon="7.826976">
        <ele>269</ele>
        <time>2016-11-23T19:59:29.878Z</time>
        <extensions>
          <gpxtpx:TrackPointExtension>
            <gpxtpx:Extensions>
              <reversedirection>yes</reversedirection>
              <highway>tertiary</highway>
            </gpxtpx:Extensions>
          </gpxtpx:TrackPointExtension>
        </extensions>
      </trkpt>
      <trkpt lat="45.547726" lon="7.825757">
        <ele>268.5</ele>
        <time>2016-11-23T19:59:42.521Z</time>
        <extensions>
          <gpxtpx:TrackPointExtension>
            <gpxtpx:Extensions>
              <reversedirection>yes</reversedirection>
              <highway>tertiary</highway>
              <surface>asphalt</surface>
            </gpxtpx:Extensions>
          </gpxtpx:TrackPointExtension>
        </extensions>
      </trkpt>
      <trkpt lat="45.547644" lon="7.825436">
        <ele>270</ele>
        <time>2016-11-23T19:59:45.765Z</time>
        <extensions>
          <gpxtpx:TrackPointExtension>
            <gpxtpx:Extensions>
              <reversedirection>yes</reversedirection>
              <highway>tertiary</highway>
              <surface>asphalt</surface>
            </gpxtpx:Extensions>
          </gpxtpx:TrackPointExtension>
        </extensions>
      </trkpt>
      <trkpt lat="45.54761" lon="7.825316">
        <ele>270.5</ele>
        <time>2016-11-23T19:59:46.994Z</time>
        <extensions>
          <gpxtpx:TrackPointExtension>
            <gpxtpx:Extensions>
              <reversedirection>yes</reversedirection>
              <highway>tertiary</highway>
              <surface>asphalt</surface>
            </gpxtpx:Extensions>
          </gpxtpx:TrackPointExtension>
        </extensions>
      </trkpt>
      <trkpt lat="45.547591" lon="7.825169">
        <ele>271</ele>
        <time>2016-11-23T19:59:48.413Z</time>
        <extensions>
          <gpxtpx:TrackPointExtension>
            <gpxtpx:Extensions>
              <reversedirection>yes</reversedirection>
              <highway>tertiary</highway>
              <surface>asphalt</surface>
            </gpxtpx:Extensions>
          </gpxtpx:TrackPointExtension>
        </extensions>
      </trkpt>
      <trkpt lat="45.547585" lon="7.825039">
        <ele>271.5</ele>
        <time>2016-11-23T19:59:49.650Z</time>
        <extensions>
          <gpxtpx:TrackPointExtension>
            <gpxtpx:Extensions>
              <reversedirection>yes</reversedirection>
              <highway>tertiary</highway>
              <surface>asphalt</surface>
            </gpxtpx:Extensions>
          </gpxtpx:TrackPointExtension>
        </extensions>
      </trkpt>
      <trkpt lat="45.547537" lon="7.824586">
        <ele>272.75</ele>
        <time>2016-11-23T19:59:54.000Z</time>
        <extensions>
          <gpxtpx:TrackPointExtension>
            <gpxtpx:Extensions>
              <highway>tertiary</highway>
              <surface>asphalt</surface>
            </gpxtpx:Extensions>
          </gpxtpx:TrackPointExtension>
        </extensions>
      </trkpt>
      <trkpt lat="45.547381" lon="7.824631">
        <ele>272.75</ele>
        <time>2016-11-23T19:59:56.158Z</time>
        <extensions>
          <gpxtpx:TrackPointExtension>
            <gpxtpx:Extensions>
              <highway>tertiary</highway>
              <surface>asphalt</surface>
            </gpxtpx:Extensions>
          </gpxtpx:TrackPointExtension>
        </extensions>
      </trkpt>
      <trkpt lat="45.547306" lon="7.824664">
        <ele>272.5</ele>
        <time>2016-11-23T19:59:57.222Z</time>
        <extensions>
          <gpxtpx:TrackPointExtension>
            <gpxtpx:Extensions>
              <highway>tertiary</highway>
              <surface>asphalt</surface>
            </gpxtpx:Extensions>
          </gpxtpx:TrackPointExtension>
        </extensions>
      </trkpt>
      <trkpt lat="45.546547" lon="7.825114">
        <ele>271.5</ele>
        <time>2016-11-23T20:00:08.366Z</time>
        <extensions>
          <gpxtpx:TrackPointExtension>
            <gpxtpx:Extensions>
              <highway>tertiary</highway>
              <surface>asphalt</surface>
            </gpxtpx:Extensions>
          </gpxtpx:TrackPointExtension>
        </extensions>
      </trkpt>
      <trkpt lat="45.546488" lon="7.825193">
        <ele>271.25</ele>
        <time>2016-11-23T20:00:09.462Z</time>
        <extensions>
          <gpxtpx:TrackPointExtension>
            <gpxtpx:Extensions>
              <highway>tertiary</highway>
              <surface>asphalt</surface>
            </gpxtpx:Extensions>
          </gpxtpx:TrackPointExtension>
        </extensions>
      </trkpt>
      <trkpt lat="45.546354" lon="7.825421">
        <ele>270.75</ele>
        <time>2016-11-23T20:00:12.288Z</time>
        <extensions>
          <gpxtpx:TrackPointExtension>
            <gpxtpx:Extensions>
              <highway>tertiary</highway>
              <surface>asphalt</surface>
            </gpxtpx:Extensions>
          </gpxtpx:TrackPointExtension>
        </extensions>
      </trkpt>
      <trkpt lat="45.54626" lon="7.825487">
        <ele>270.5</ele>
        <time>2016-11-23T20:00:13.708Z</time>
        <extensions>
          <gpxtpx:TrackPointExtension>
            <gpxtpx:Extensions>
              <highway>tertiary</highway>
              <surface>asphalt</surface>
            </gpxtpx:Extensions>
          </gpxtpx:TrackPointExtension>
        </extensions>
      </trkpt>
      <trkpt lat="45.54604" lon="7.825615">
        <ele>270.25</ele>
        <time>2016-11-23T20:00:16.929Z</time>
        <extensions>
          <gpxtpx:TrackPointExtension>
            <gpxtpx:Extensions>
              <highway>tertiary</highway>
              <surface>asphalt</surface>
            </gpxtpx:Extensions>
          </gpxtpx:TrackPointExtension>
        </extensions>
      </trkpt>
      <trkpt lat="45.545896" lon="7.825643">
        <ele>270</ele>
        <time>2016-11-23T20:00:18.899Z</time>
        <extensions>
          <gpxtpx:TrackPointExtension>
            <gpxtpx:Extensions>
              <highway>tertiary</highway>
              <surface>asphalt</surface>
            </gpxtpx:Extensions>
          </gpxtpx:TrackPointExtension>
        </extensions>
      </trkpt>
      <trkpt lat="45.545754" lon="7.825725">
        <ele>270</ele>
        <time>2016-11-23T20:00:20.976Z</time>
        <extensions>
          <gpxtpx:TrackPointExtension>
            <gpxtpx:Extensions>
              <highway>tertiary</highway>
              <surface>asphalt</surface>
            </gpxtpx:Extensions>
          </gpxtpx:TrackPointExtension>
        </extensions>
      </trkpt>
      <trkpt lat="45.545641" lon="7.825801">
        <ele>269.75</ele>
        <time>2016-11-23T20:00:22.669Z</time>
        <extensions>
          <gpxtpx:TrackPointExtension>
            <gpxtpx:Extensions>
              <reversedirection>yes</reversedirection>
              <highway>tertiary</highway>
              <surface>asphalt</surface>
            </gpxtpx:Extensions>
          </gpxtpx:TrackPointExtension>
        </extensions>
      </trkpt>
      <trkpt lat="45.545641" lon="7.825801">
        <ele>269.75</ele>
        <time>2016-11-23T20:00:22.669Z</time>
        <extensions>
          <gpxtpx:TrackPointExtension>
            <gpxtpx:Extensions>
              <reversedirection>yes</reversedirection>
              <highway>tertiary</highway>
              <surface>asphalt</surface>
            </gpxtpx:Extensions>
          </gpxtpx:TrackPointExtension>
        </extensions>
      </trkpt>
      <trkpt lat="45.545754" lon="7.825725">
        <ele>270</ele>
        <time>2016-11-23T20:00:24.362Z</time>
        <extensions>
          <gpxtpx:TrackPointExtension>
            <gpxtpx:Extensions>
              <reversedirection>yes</reversedirection>
              <highway>tertiary</highway>
              <surface>asphalt</surface>
            </gpxtpx:Extensions>
          </gpxtpx:TrackPointExtension>
        </extensions>
      </trkpt>
      <trkpt lat="45.545896" lon="7.825643">
        <ele>270</ele>
        <time>2016-11-23T20:00:26.439Z</time>
        <extensions>
          <gpxtpx:TrackPointExtension>
            <gpxtpx:Extensions>
              <reversedirection>yes</reversedirection>
              <highway>tertiary</highway>
              <surface>asphalt</surface>
            </gpxtpx:Extensions>
          </gpxtpx:TrackPointExtension>
        </extensions>
      </trkpt>
      <trkpt lat="45.54604" lon="7.825615">
        <ele>270.25</ele>
        <time>2016-11-23T20:00:28.409Z</time>
        <extensions>
          <gpxtpx:TrackPointExtension>
            <gpxtpx:Extensions>
              <reversedirection>yes</reversedirection>
              <highway>tertiary</highway>
              <surface>asphalt</surface>
            </gpxtpx:Extensions>
          </gpxtpx:TrackPointExtension>
        </extensions>
      </trkpt>
      <trkpt lat="45.54626" lon="7.825487">
        <ele>270.5</ele>
        <time>2016-11-23T20:00:31.630Z</time>
        <extensions>
          <gpxtpx:TrackPointExtension>
            <gpxtpx:Extensions>
              <reversedirection>yes</reversedirection>
              <highway>tertiary</highway>
              <surface>asphalt</surface>
            </gpxtpx:Extensions>
          </gpxtpx:TrackPointExtension>
        </extensions>
      </trkpt>
      <trkpt lat="45.546354" lon="7.825421">
        <ele>270.75</ele>
        <time>2016-11-23T20:00:33.050Z</time>
        <extensions>
          <gpxtpx:TrackPointExtension>
            <gpxtpx:Extensions>
              <reversedirection>yes</reversedirection>
              <highway>tertiary</highway>
              <surface>asphalt</surface>
            </gpxtpx:Extensions>
          </gpxtpx:TrackPointExtension>
        </extensions>
      </trkpt>
      <trkpt lat="45.546488" lon="7.825193">
        <ele>271.25</ele>
        <time>2016-11-23T20:00:35.876Z</time>
        <extensions>
          <gpxtpx:TrackPointExtension>
            <gpxtpx:Extensions>
              <reversedirection>yes</reversedirection>
              <highway>tertiary</highway>
              <surface>asphalt</surface>
            </gpxtpx:Extensions>
          </gpxtpx:TrackPointExtension>
        </extensions>
      </trkpt>
      <trkpt lat="45.546547" lon="7.825114">
        <ele>271.5</ele>
        <time>2016-11-23T20:00:36.972Z</time>
        <extensions>
          <gpxtpx:TrackPointExtension>
            <gpxtpx:Extensions>
              <reversedirection>yes</reversedirection>
              <highway>tertiary</highway>
              <surface>asphalt</surface>
            </gpxtpx:Extensions>
          </gpxtpx:TrackPointExtension>
        </extensions>
      </trkpt>
      <trkpt lat="45.547306" lon="7.824664">
        <ele>272.5</ele>
        <time>2016-11-23T20:00:48.116Z</time>
        <extensions>
          <gpxtpx:TrackPointExtension>
            <gpxtpx:Extensions>
              <reversedirection>yes</reversedirection>
              <highway>tertiary</highway>
              <surface>asphalt</surface>
            </gpxtpx:Extensions>
          </gpxtpx:TrackPointExtension>
        </extensions>
      </trkpt>
      <trkpt lat="45.547381" lon="7.824631">
        <ele>272.75</ele>
        <time>2016-11-23T20:00:49.180Z</time>
        <extensions>
          <gpxtpx:TrackPointExtension>
            <gpxtpx:Extensions>
              <reversedirection>yes</reversedirection>
              <highway>tertiary</highway>
              <surface>asphalt</surface>
            </gpxtpx:Extensions>
          </gpxtpx:TrackPointExtension>
        </extensions>
      </trkpt>
      <trkpt lat="45.547537" lon="7.824586">
        <ele>272.75</ele>
        <time>2016-11-23T20:00:51.338Z</time>
        <extensions>
          <gpxtpx:TrackPointExtension>
            <gpxtpx:Extensions>
              <highway>tertiary</highway>
              <surface>asphalt</surface>
            </gpxtpx:Extensions>
          </gpxtpx:TrackPointExtension>
        </extensions>
      </trkpt>
      <trkpt lat="45.547585" lon="7.825039">
        <ele>271.5</ele>
        <time>2016-11-23T20:00:55.688Z</time>
        <extensions>
          <gpxtpx:TrackPointExtension>
            <gpxtpx:Extensions>
              <highway>tertiary</highway>
              <surface>asphalt</surface>
            </gpxtpx:Extensions>
          </gpxtpx:TrackPointExtension>
        </extensions>
      </trkpt>
      <trkpt lat="45.547591" lon="7.825169">
        <ele>271</ele>
        <time>2016-11-23T20:00:56.925Z</time>
        <extensions>
          <gpxtpx:TrackPointExtension>
            <gpxtpx:Extensions>
              <highway>tertiary</highway>
              <surface>asphalt</surface>
            </gpxtpx:Extensions>
          </gpxtpx:TrackPointExtension>
        </extensions>
      </trkpt>
      <trkpt lat="45.54761" lon="7.825316">
        <ele>270.5</ele>
        <time>2016-11-23T20:00:58.344Z</time>
        <extensions>
          <gpxtpx:TrackPointExtension>
            <gpxtpx:Extensions>
              <highway>tertiary</highway>
              <surface>asphalt</surface>
            </gpxtpx:Extensions>
          </gpxtpx:TrackPointExtension>
        </extensions>
      </trkpt>
      <trkpt lat="45.547644" lon="7.825436">
        <ele>270</ele>
        <time>2016-11-23T20:00:59.573Z</time>
        <extensions>
          <gpxtpx:TrackPointExtension>
            <gpxtpx:Extensions>
              <highway>tertiary</highway>
              <surface>asphalt</surface>
            </gpxtpx:Extensions>
          </gpxtpx:TrackPointExtension>
        </extensions>
      </trkpt>
      <trkpt lat="45.547726" lon="7.825757">
        <ele>268.5</ele>
        <time>2016-11-23T20:01:02.817Z</time>
        <extensions>
          <gpxtpx:TrackPointExtension>
            <gpxtpx:Extensions>
              <highway>tertiary</highway>
            </gpxtpx:Extensions>
          </gpxtpx:TrackPointExtension>
        </extensions>
      </trkpt>
      <trkpt lat="45.548101" lon="7.826976">
        <ele>269</ele>
        <time>2016-11-23T20:01:15.460Z</time>
        <extensions>
          <gpxtpx:TrackPointExtension>
            <gpxtpx:Extensions>
              <highway>tertiary</highway>
              <surface>asphalt</surface>
            </gpxtpx:Extensions>
          </gpxtpx:TrackPointExtension>
        </extensions>
      </trkpt>
      <trkpt lat="45.548555" lon="7.828444">
        <ele>281.75</ele>
        <time>2016-11-23T20:01:30.699Z</time>
        <extensions>
          <gpxtpx:TrackPointExtension>
            <gpxtpx:Extensions>
              <highway>tertiary</highway>
              <surface>asphalt</surface>
            </gpxtpx:Extensions>
          </gpxtpx:TrackPointExtension>
        </extensions>
      </trkpt>
      <trkpt lat="45.548662" lon="7.828765">
        <ele>284.5</ele>
        <time>2016-11-23T20:01:34.075Z</time>
        <extensions>
          <gpxtpx:TrackPointExtension>
            <gpxtpx:Extensions>
              <highway>tertiary</highway>
              <surface>asphalt</surface>
            </gpxtpx:Extensions>
          </gpxtpx:TrackPointExtension>
        </extensions>
      </trkpt>
      <trkpt lat="45.548838" lon="7.829294">
        <ele>288.75</ele>
        <time>2016-11-23T20:01:39.636Z</time>
        <extensions>
          <gpxtpx:TrackPointExtension>
            <gpxtpx:Extensions>
              <highway>tertiary</highway>
              <surface>asphalt</surface>
            </gpxtpx:Extensions>
          </gpxtpx:TrackPointExtension>
        </extensions>
      </trkpt>
      <trkpt lat="45.548855" lon="7.829349">
        <ele>289.75</ele>
        <time>2016-11-23T20:01:40.206Z</time>
      </trkpt>
      <trkpt lat="45.548856" lon="7.82935">
        <ele>289.75</ele>
        <time>2016-11-23T20:01:40.218Z</time>
        <extensions>
          <gpxtpx:TrackPointExtension>
            <gpxtpx:Extensions>
              <highway>tertiary</highway>
              <surface>asphalt</surface>
            </gpxtpx:Extensions>
          </gpxtpx:TrackPointExtension>
        </extensions>
      </trkpt>
      <trkpt lat="45.548855" lon="7.829349">
        <ele>289</ele>
        <time>2016-11-23T20:01:40.230Z</time>
        <extensions>
          <gpxtpx:TrackPointExtension>
            <gpxtpx:Extensions>
              <highway>tertiary</highway>
              <surface>asphalt</surface>
            </gpxtpx:Extensions>
          </gpxtpx:TrackPointExtension>
        </extensions>
      </trkpt>
      <trkpt lat="45.548877" lon="7.829416">
        <ele>289.75</ele>
        <time>2016-11-23T20:01:40.659Z</time>
        <extensions>
          <gpxtpx:TrackPointExtension>
            <gpxtpx:Extensions>
              <reversedirection>yes</reversedirection>
              <highway>primary</highway>
              <surface>asphalt</surface>
              <maxspeed>50</maxspeed>
            </gpxtpx:Extensions>
          </gpxtpx:TrackPointExtension>
        </extensions>
      </trkpt>
      <trkpt lat="45.54892" lon="7.829367">
        <ele>289.5</ele>
        <time>2016-11-23T20:01:41.115Z</time>
        <extensions>
          <gpxtpx:TrackPointExtension>
            <gpxtpx:Extensions>
              <reversedirection>yes</reversedirection>
              <highway>primary</highway>
              <surface>asphalt</surface>
              <maxspeed>50</maxspeed>
            </gpxtpx:Extensions>
          </gpxtpx:TrackPointExtension>
        </extensions>
      </trkpt>
      <trkpt lat="45.550143" lon="7.828263">
        <ele>287.25</ele>
        <time>2016-11-23T20:01:53.115Z</time>
        <extensions>
          <gpxtpx:TrackPointExtension>
            <gpxtpx:Extensions>
              <reversedirection>yes</reversedirection>
              <highway>primary</highway>
              <surface>asphalt</surface>
              <maxspeed>50</maxspeed>
            </gpxtpx:Extensions>
          </gpxtpx:TrackPointExtension>
        </extensions>
      </trkpt>
      <trkpt lat="45.550716" lon="7.827744">
        <ele>287.75</ele>
        <time>2016-11-23T20:01:58.743Z</time>
        <extensions>
          <gpxtpx:TrackPointExtension>
            <gpxtpx:Extensions>
              <reversedirection>yes</reversedirection>
              <highway>primary</highway>
              <surface>asphalt</surface>
              <maxspeed>50</maxspeed>
            </gpxtpx:Extensions>
          </gpxtpx:TrackPointExtension>
        </extensions>
      </trkpt>
      <trkpt lat="45.551024" lon="7.827472">
        <ele>286.25</ele>
        <time>2016-11-23T20:02:01.746Z</time>
        <extensions>
          <gpxtpx:TrackPointExtension>
            <gpxtpx:Extensions>
              <reversedirection>yes</reversedirection>
              <highway>primary</highway>
              <surface>asphalt</surface>
              <maxspeed>50</maxspeed>
            </gpxtpx:Extensions>
          </gpxtpx:TrackPointExtension>
        </extensions>
      </trkpt>
      <trkpt lat="45.55165" lon="7.826914">
        <ele>281.5</ele>
        <time>2016-11-23T20:02:07.866Z</time>
        <extensions>
          <gpxtpx:TrackPointExtension>
            <gpxtpx:Extensions>
              <reversedirection>yes</reversedirection>
              <highway>primary</highway>
              <surface>asphalt</surface>
              <maxspeed>50</maxspeed>
            </gpxtpx:Extensions>
          </gpxtpx:TrackPointExtension>
        </extensions>
      </trkpt>
      <trkpt lat="45.551737" lon="7.82686">
        <ele>281</ele>
        <time>2016-11-23T20:02:08.652Z</time>
        <extensions>
          <gpxtpx:TrackPointExtension>
            <gpxtpx:Extensions>
              <reversedirection>yes</reversedirection>
              <highway>primary</highway>
              <surface>asphalt</surface>
              <maxspeed>50</maxspeed>
            </gpxtpx:Extensions>
          </gpxtpx:TrackPointExtension>
        </extensions>
      </trkpt>
      <trkpt lat="45.55182" lon="7.826841">
        <ele>280.75</ele>
        <time>2016-11-23T20:02:09.349Z</time>
        <extensions>
          <gpxtpx:TrackPointExtension>
            <gpxtpx:Extensions>
              <reversedirection>yes</reversedirection>
              <highway>primary</highway>
              <surface>asphalt</surface>
              <maxspeed>50</maxspeed>
            </gpxtpx:Extensions>
          </gpxtpx:TrackPointExtension>
        </extensions>
      </trkpt>
      <trkpt lat="45.551902" lon="7.826837">
        <ele>280.5</ele>
        <time>2016-11-23T20:02:10.029Z</time>
        <extensions>
          <gpxtpx:TrackPointExtension>
            <gpxtpx:Extensions>
              <reversedirection>yes</reversedirection>
              <highway>primary</highway>
              <surface>asphalt</surface>
              <maxspeed>70</maxspeed>
            </gpxtpx:Extensions>
          </gpxtpx:TrackPointExtension>
        </extensions>
      </trkpt>
      <trkpt lat="45.552522" lon="7.826905">
        <ele>280.25</ele>
        <time>2016-11-23T20:02:15.186Z</time>
        <extensions>
          <gpxtpx:TrackPointExtension>
            <gpxtpx:Extensions>
              <reversedirection>yes</reversedirection>
              <highway>primary</highway>
              <surface>asphalt</surface>
              <maxspeed>70</maxspeed>
            </gpxtpx:Extensions>
          </gpxtpx:TrackPointExtension>
        </extensions>
      </trkpt>
      <trkpt lat="45.552778" lon="7.826935">
        <ele>279.25</ele>
        <time>2016-11-23T20:02:17.316Z</time>
        <extensions>
          <gpxtpx:TrackPointExtension>
            <gpxtpx:Extensions>
              <reversedirection>yes</reversedirection>
              <highway>primary</highway>
              <surface>asphalt</surface>
              <maxspeed>70</maxspeed>
            </gpxtpx:Extensions>
          </gpxtpx:TrackPointExtension>
        </extensions>
      </trkpt>
      <trkpt lat="45.552942" lon="7.82696">
        <ele>278.75</ele>
        <time>2016-11-23T20:02:18.683Z</time>
        <extensions>
          <gpxtpx:TrackPointExtension>
            <gpxtpx:Extensions>
              <reversedirection>yes</reversedirection>
              <highway>primary</highway>
              <surface>asphalt</surface>
              <maxspeed>70</maxspeed>
            </gpxtpx:Extensions>
          </gpxtpx:TrackPointExtension>
        </extensions>
      </trkpt>
      <trkpt lat="45.554289" lon="7.827135">
        <ele>275</ele>
        <time>2016-11-23T20:02:29.901Z</time>
        <extensions>
          <gpxtpx:TrackPointExtension>
            <gpxtpx:Extensions>
              <reversedirection>yes</reversedirection>
              <highway>primary</highway>
              <surface>asphalt</surface>
              <maxspeed>70</maxspeed>
            </gpxtpx:Extensions>
          </gpxtpx:TrackPointExtension>
        </extensions>
      </trkpt>
      <trkpt lat="45.554566" lon="7.82718">
        <ele>274.75</ele>
        <time>2016-11-23T20:02:32.213Z</time>
        <extensions>
          <gpxtpx:TrackPointExtension>
            <gpxtpx:Extensions>
              <reversedirection>yes</reversedirection>
              <highway>primary</highway>
              <surface>asphalt</surface>
              <maxspeed>70</maxspeed>
            </gpxtpx:Extensions>
          </gpxtpx:TrackPointExtension>
        </extensions>
      </trkpt>
      <trkpt lat="45.554786" lon="7.827263">
        <ele>275</ele>
        <time>2016-11-23T20:02:34.100Z</time>
        <extensions>
          <gpxtpx:TrackPointExtension>
            <gpxtpx:Extensions>
              <reversedirection>yes</reversedirection>
              <highway>primary</highway>
              <surface>asphalt</surface>
              <maxspeed>70</maxspeed>
            </gpxtpx:Extensions>
          </gpxtpx:TrackPointExtension>
        </extensions>
      </trkpt>
      <trkpt lat="45.555195" lon="7.827463">
        <ele>275.5</ele>
        <time>2016-11-23T20:02:37.685Z</time>
        <extensions>
          <gpxtpx:TrackPointExtension>
            <gpxtpx:Extensions>
              <reversedirection>yes</reversedirection>
              <highway>primary</highway>
              <surface>asphalt</surface>
              <maxspeed>70</maxspeed>
            </gpxtpx:Extensions>
          </gpxtpx:TrackPointExtension>
        </extensions>
      </trkpt>
      <trkpt lat="45.555366" lon="7.827537">
        <ele>275.25</ele>
        <time>2016-11-23T20:02:39.167Z</time>
        <extensions>
          <gpxtpx:TrackPointExtension>
            <gpxtpx:Extensions>
              <reversedirection>yes</reversedirection>
              <highway>primary</highway>
              <surface>asphalt</surface>
              <maxspeed>70</maxspeed>
            </gpxtpx:Extensions>
          </gpxtpx:TrackPointExtension>
        </extensions>
      </trkpt>
      <trkpt lat="45.555533" lon="7.827578">
        <ele>274.75</ele>
        <time>2016-11-23T20:02:40.572Z</time>
        <extensions>
          <gpxtpx:TrackPointExtension>
            <gpxtpx:Extensions>
              <reversedirection>yes</reversedirection>
              <highway>primary</highway>
              <surface>asphalt</surface>
              <maxspeed>70</maxspeed>
            </gpxtpx:Extensions>
          </gpxtpx:TrackPointExtension>
        </extensions>
      </trkpt>
      <trkpt lat="45.555865" lon="7.827611">
        <ele>273</ele>
        <time>2016-11-23T20:02:43.332Z</time>
        <extensions>
          <gpxtpx:TrackPointExtension>
            <gpxtpx:Extensions>
              <reversedirection>yes</reversedirection>
              <highway>primary</highway>
              <surface>asphalt</surface>
              <maxspeed>70</maxspeed>
            </gpxtpx:Extensions>
          </gpxtpx:TrackPointExtension>
        </extensions>
      </trkpt>
      <trkpt lat="45.55666" lon="7.827669">
        <ele>272.75</ele>
        <time>2016-11-23T20:02:49.934Z</time>
        <extensions>
          <gpxtpx:TrackPointExtension>
            <gpxtpx:Extensions>
              <reversedirection>yes</reversedirection>
              <highway>primary</highway>
              <surface>asphalt</surface>
              <maxspeed>70</maxspeed>
            </gpxtpx:Extensions>
          </gpxtpx:TrackPointExtension>
        </extensions>
      </trkpt>
      <trkpt lat="45.557012" lon="7.827686">
        <ele>274.25</ele>
        <time>2016-11-23T20:02:52.855Z</time>
        <extensions>
          <gpxtpx:TrackPointExtension>
            <gpxtpx:Extensions>
              <reversedirection>yes</reversedirection>
              <highway>primary</highway>
              <surface>asphalt</surface>
              <maxspeed>70</maxspeed>
            </gpxtpx:Extensions>
          </gpxtpx:TrackPointExtension>
        </extensions>
      </trkpt>
      <trkpt lat="45.557032" lon="7.827683">
        <ele>274.75</ele>
        <time>2016-11-23T20:02:53.032Z</time>
        <extensions>
          <gpxtpx:TrackPointExtension>
            <gpxtpx:Extensions>
              <reversedirection>yes</reversedirection>
              <highway>primary</highway>
              <surface>asphalt</surface>
              <maxspeed>70</maxspeed>
            </gpxtpx:Extensions>
          </gpxtpx:TrackPointExtension>
        </extensions>
      </trkpt>
      <trkpt lat="45.557032" lon="7.827683">
        <ele>274.25</ele>
        <time>2016-11-23T20:02:53.032Z</time>
        <extensions>
          <gpxtpx:TrackPointExtension>
            <gpxtpx:Extensions>
              <reversedirection>yes</reversedirection>
              <highway>primary</highway>
              <surface>asphalt</surface>
              <maxspeed>70</maxspeed>
            </gpxtpx:Extensions>
          </gpxtpx:TrackPointExtension>
        </extensions>
      </trkpt>
      <trkpt lat="45.557175" lon="7.827667">
        <ele>274.75</ele>
        <time>2016-11-23T20:02:54.299Z</time>
        <extensions>
          <gpxtpx:TrackPointExtension>
            <gpxtpx:Extensions>
              <reversedirection>yes</reversedirection>
              <highway>primary</highway>
              <surface>asphalt</surface>
              <maxspeed>70</maxspeed>
            </gpxtpx:Extensions>
          </gpxtpx:TrackPointExtension>
        </extensions>
      </trkpt>
      <trkpt lat="45.557266" lon="7.827647">
        <ele>275</ele>
        <time>2016-11-23T20:02:55.112Z</time>
        <extensions>
          <gpxtpx:TrackPointExtension>
            <gpxtpx:Extensions>
              <reversedirection>yes</reversedirection>
              <highway>primary</highway>
              <surface>asphalt</surface>
              <maxspeed>70</maxspeed>
            </gpxtpx:Extensions>
          </gpxtpx:TrackPointExtension>
        </extensions>
      </trkpt>
      <trkpt lat="45.557368" lon="7.827608">
        <ele>275.5</ele>
        <time>2016-11-23T20:02:56.045Z</time>
        <extensions>
          <gpxtpx:TrackPointExtension>
            <gpxtpx:Extensions>
              <reversedirection>yes</reversedirection>
              <highway>primary</highway>
              <surface>asphalt</surface>
              <maxspeed>70</maxspeed>
            </gpxtpx:Extensions>
          </gpxtpx:TrackPointExtension>
        </extensions>
      </trkpt>
      <trkpt lat="45.558502" lon="7.826941">
        <ele>275.75</ele>
        <time>2016-11-23T20:03:06.884Z</time>
        <extensions>
          <gpxtpx:TrackPointExtension>
            <gpxtpx:Extensions>
              <reversedirection>yes</reversedirection>
              <highway>primary</highway>
              <surface>asphalt</surface>
              <maxspeed>70</maxspeed>
            </gpxtpx:Extensions>
          </gpxtpx:TrackPointExtension>
        </extensions>
      </trkpt>
      <trkpt lat="45.558561" lon="7.826907">
        <ele>275.5</ele>
        <time>2016-11-23T20:03:07.446Z</time>
        <extensions>
          <gpxtpx:TrackPointExtension>
            <gpxtpx:Extensions>
              <reversedirection>yes</reversedirection>
              <highway>primary</highway>
              <surface>asphalt</surface>
              <maxspeed>70</maxspeed>
            </gpxtpx:Extensions>
          </gpxtpx:TrackPointExtension>
        </extensions>
      </trkpt>
      <trkpt lat="45.559284" lon="7.826506">
        <ele>273</ele>
        <time>2016-11-23T20:03:14.301Z</time>
        <extensions>
          <gpxtpx:TrackPointExtension>
            <gpxtpx:Extensions>
              <reversedirection>yes</reversedirection>
              <highway>primary</highway>
              <surface>asphalt</surface>
              <maxspeed>70</maxspeed>
            </gpxtpx:Extensions>
          </gpxtpx:TrackPointExtension>
        </extensions>
      </trkpt>
      <trkpt lat="45.559503" lon="7.826369">
        <ele>273</ele>
        <time>2016-11-23T20:03:16.414Z</time>
        <extensions>
          <gpxtpx:TrackPointExtension>
            <gpxtpx:Extensions>
              <reversedirection>yes</reversedirection>
              <highway>primary</highway>
              <surface>asphalt</surface>
              <maxspeed>70</maxspeed>
            </gpxtpx:Extensions>
          </gpxtpx:TrackPointExtension>
        </extensions>
      </trkpt>
      <trkpt lat="45.559703" lon="7.826222">
        <ele>273.25</ele>
        <time>2016-11-23T20:03:18.402Z</time>
        <extensions>
          <gpxtpx:TrackPointExtension>
            <gpxtpx:Extensions>
              <reversedirection>yes</reversedirection>
              <highway>primary</highway>
              <surface>asphalt</surface>
              <maxspeed>70</maxspeed>
            </gpxtpx:Extensions>
          </gpxtpx:TrackPointExtension>
        </extensions>
      </trkpt>
      <trkpt lat="45.559985" lon="7.825998">
        <ele>273.75</ele>
        <time>2016-11-23T20:03:21.253Z</time>
        <extensions>
          <gpxtpx:TrackPointExtension>
            <gpxtpx:Extensions>
              <reversedirection>yes</reversedirection>
              <highway>primary</highway>
              <surface>asphalt</surface>
              <maxspeed>70</maxspeed>
            </gpxtpx:Extensions>
          </gpxtpx:TrackPointExtension>
        </extensions>
      </trkpt>
      <trkpt lat="45.560237" lon="7.825761">
        <ele>274.25</ele>
        <time>2016-11-23T20:03:23.919Z</time>
        <extensions>
          <gpxtpx:TrackPointExtension>
            <gpxtpx:Extensions>
              <reversedirection>yes</reversedirection>
              <highway>primary</highway>
              <surface>asphalt</surface>
              <maxspeed>70</maxspeed>
            </gpxtpx:Extensions>
          </gpxtpx:TrackPointExtension>
        </extensions>
      </trkpt>
      <trkpt lat="45.560564" lon="7.825423">
        <ele>275</ele>
        <time>2016-11-23T20:03:27.486Z</time>
        <extensions>
          <gpxtpx:TrackPointExtension>
            <gpxtpx:Extensions>
              <reversedirection>yes</reversedirection>
              <highway>primary</highway>
              <surface>asphalt</surface>
              <maxspeed>70</maxspeed>
            </gpxtpx:Extensions>
          </gpxtpx:TrackPointExtension>
        </extensions>
      </trkpt>
      <trkpt lat="45.560839" lon="7.825092">
        <ele>275.75</ele>
        <time>2016-11-23T20:03:30.664Z</time>
        <extensions>
          <gpxtpx:TrackPointExtension>
            <gpxtpx:Extensions>
              <reversedirection>yes</reversedirection>
              <highway>primary</highway>
              <surface>asphalt</surface>
              <maxspeed>70</maxspeed>
            </gpxtpx:Extensions>
          </gpxtpx:TrackPointExtension>
        </extensions>
      </trkpt>
      <trkpt lat="45.56108" lon="7.824757">
        <ele>275.5</ele>
        <time>2016-11-23T20:03:33.636Z</time>
        <extensions>
          <gpxtpx:TrackPointExtension>
            <gpxtpx:Extensions>
              <reversedirection>yes</reversedirection>
              <highway>primary</highway>
              <surface>asphalt</surface>
              <maxspeed>70</maxspeed>
            </gpxtpx:Extensions>
          </gpxtpx:TrackPointExtension>
        </extensions>
      </trkpt>
      <trkpt lat="45.56131" lon="7.824396">
        <ele>273.75</ele>
        <time>2016-11-23T20:03:36.656Z</time>
        <extensions>
          <gpxtpx:TrackPointExtension>
            <gpxtpx:Extensions>
              <reversedirection>yes</reversedirection>
              <highway>primary</highway>
              <surface>asphalt</surface>
              <maxspeed>70</maxspeed>
            </gpxtpx:Extensions>
          </gpxtpx:TrackPointExtension>
        </extensions>
      </trkpt>
      <trkpt lat="45.561518" lon="7.82403">
        <ele>272</ele>
        <time>2016-11-23T20:03:39.573Z</time>
        <extensions>
          <gpxtpx:TrackPointExtension>
            <gpxtpx:Extensions>
              <reversedirection>yes</reversedirection>
              <highway>primary</highway>
              <surface>asphalt</surface>
              <maxspeed>70</maxspeed>
            </gpxtpx:Extensions>
          </gpxtpx:TrackPointExtension>
        </extensions>
      </trkpt>
      <trkpt lat="45.56172" lon="7.82363">
        <ele>272.25</ele>
        <time>2016-11-23T20:03:42.624Z</time>
        <extensions>
          <gpxtpx:TrackPointExtension>
            <gpxtpx:Extensions>
              <reversedirection>yes</reversedirection>
              <highway>primary</highway>
              <surface>asphalt</surface>
              <maxspeed>70</maxspeed>
            </gpxtpx:Extensions>
          </gpxtpx:TrackPointExtension>
        </extensions>
      </trkpt>
      <trkpt lat="45.561926" lon="7.823167">
        <ele>273.75</ele>
        <time>2016-11-23T20:03:46.018Z</time>
        <extensions>
          <gpxtpx:TrackPointExtension>
            <gpxtpx:Extensions>
              <reversedirection>yes</reversedirection>
              <highway>primary</highway>
              <surface>asphalt</surface>
              <maxspeed>70</maxspeed>
            </gpxtpx:Extensions>
          </gpxtpx:TrackPointExtension>
        </extensions>
      </trkpt>
      <trkpt lat="45.562202" lon="7.822521">
        <ele>275.25</ele>
        <time>2016-11-23T20:03:50.700Z</time>
        <extensions>
          <gpxtpx:TrackPointExtension>
            <gpxtpx:Extensions>
              <reversedirection>yes</reversedirection>
              <highway>primary</highway>
              <surface>asphalt</surface>
              <maxspeed>70</maxspeed>
            </gpxtpx:Extensions>
          </gpxtpx:TrackPointExtension>
        </extensions>
      </trkpt>
      <trkpt lat="45.562319" lon="7.822247">
        <ele>275</ele>
        <time>2016-11-23T20:03:52.685Z</time>
        <extensions>
          <gpxtpx:TrackPointExtension>
            <gpxtpx:Extensions>
              <reversedirection>yes</reversedirection>
              <highway>primary</highway>
              <surface>asphalt</surface>
              <maxspeed>70</maxspeed>
            </gpxtpx:Extensions>
          </gpxtpx:TrackPointExtension>
        </extensions>
      </trkpt>
      <trkpt lat="45.562537" lon="7.821738">
        <ele>274.75</ele>
        <time>2016-11-23T20:03:56.377Z</time>
        <extensions>
          <gpxtpx:TrackPointExtension>
            <gpxtpx:Extensions>
              <reversedirection>yes</reversedirection>
              <highway>primary</highway>
              <surface>asphalt</surface>
              <maxspeed>70</maxspeed>
            </gpxtpx:Extensions>
          </gpxtpx:TrackPointExtension>
        </extensions>
      </trkpt>
      <trkpt lat="45.562997" lon="7.820664">
        <ele>276</ele>
        <time>2016-11-23T20:04:04.167Z</time>
        <extensions>
          <gpxtpx:TrackPointExtension>
            <gpxtpx:Extensions>
              <reversedirection>yes</reversedirection>
              <highway>primary</highway>
              <surface>asphalt</surface>
              <maxspeed>70</maxspeed>
            </gpxtpx:Extensions>
          </gpxtpx:TrackPointExtension>
        </extensions>
      </trkpt>
      <trkpt lat="45.563035" lon="7.820578">
        <ele>276</ele>
        <time>2016-11-23T20:04:04.796Z</time>
        <extensions>
          <gpxtpx:TrackPointExtension>
            <gpxtpx:Extensions>
              <reversedirection>yes</reversedirection>
              <highway>primary</highway>
              <surface>asphalt</surface>
              <maxspeed>70</maxspeed>
            </gpxtpx:Extensions>
          </gpxtpx:TrackPointExtension>
        </extensions>
      </trkpt>
      <trkpt lat="45.563461" lon="7.819582">
        <ele>277.25</ele>
        <time>2016-11-23T20:04:12.018Z</time>
        <extensions>
          <gpxtpx:TrackPointExtension>
            <gpxtpx:Extensions>
              <reversedirection>yes</reversedirection>
              <highway>primary</highway>
              <surface>asphalt</surface>
              <maxspeed>70</maxspeed>
            </gpxtpx:Extensions>
          </gpxtpx:TrackPointExtension>
        </extensions>
      </trkpt>
      <trkpt lat="45.564155" lon="7.818033">
        <ele>276</ele>
        <time>2016-11-23T20:04:23.397Z</time>
        <extensions>
          <gpxtpx:TrackPointExtension>
            <gpxtpx:Extensions>
              <reversedirection>yes</reversedirection>
              <highway>primary</highway>
              <surface>asphalt</surface>
              <maxspeed>70</maxspeed>
            </gpxtpx:Extensions>
          </gpxtpx:TrackPointExtension>
        </extensions>
      </trkpt>
      <trkpt lat="45.564569" lon="7.816999">
        <ele>276.75</ele>
        <time>2016-11-23T20:04:30.767Z</time>
        <extensions>
          <gpxtpx:TrackPointExtension>
            <gpxtpx:Extensions>
              <reversedirection>yes</reversedirection>
              <highway>primary</highway>
              <surface>asphalt</surface>
              <maxspeed>70</maxspeed>
            </gpxtpx:Extensions>
          </gpxtpx:TrackPointExtension>
        </extensions>
      </trkpt>
      <trkpt lat="45.564666" lon="7.816782">
        <ele>277.25</ele>
        <time>2016-11-23T20:04:32.360Z</time>
        <extensions>
          <gpxtpx:TrackPointExtension>
            <gpxtpx:Extensions>
              <reversedirection>yes</reversedirection>
              <highway>primary</highway>
              <surface>asphalt</surface>
              <maxspeed>70</maxspeed>
            </gpxtpx:Extensions>
          </gpxtpx:TrackPointExtension>
        </extensions>
      </trkpt>
      <trkpt lat="45.56499" lon="7.816014">
        <ele>278.75</ele>
        <time>2016-11-23T20:04:37.908Z</time>
        <extensions>
          <gpxtpx:TrackPointExtension>
            <gpxtpx:Extensions>
              <reversedirection>yes</reversedirection>
              <highway>primary</highway>
              <surface>asphalt</surface>
              <maxspeed>70</maxspeed>
            </gpxtpx:Extensions>
          </gpxtpx:TrackPointExtension>
        </extensions>
      </trkpt>
      <trkpt lat="45.565006" lon="7.815978">
        <ele>278.75</ele>
        <time>2016-11-23T20:04:38.171Z</time>
        <extensions>
          <gpxtpx:TrackPointExtension>
            <gpxtpx:Extensions>
              <reversedirection>yes</reversedirection>
              <highway>primary</highway>
              <surface>asphalt</surface>
              <maxspeed>70</maxspeed>
            </gpxtpx:Extensions>
          </gpxtpx:TrackPointExtension>
        </extensions>
      </trkpt>
      <trkpt lat="45.565552" lon="7.8147">
        <ele>279.5</ele>
        <time>2016-11-23T20:04:47.435Z</time>
        <extensions>
          <gpxtpx:TrackPointExtension>
            <gpxtpx:Extensions>
              <reversedirection>yes</reversedirection>
              <highway>primary</highway>
              <surface>asphalt</surface>
              <maxspeed>70</maxspeed>
            </gpxtpx:Extensions>
          </gpxtpx:TrackPointExtension>
        </extensions>
      </trkpt>
      <trkpt lat="45.565612" lon="7.814561">
        <ele>279.75</ele>
        <time>2016-11-23T20:04:48.445Z</time>
        <extensions>
          <gpxtpx:TrackPointExtension>
            <gpxtpx:Extensions>
              <highway>primary</highway>
              <surface>asphalt</surface>
              <oneway>yes</oneway>
            </gpxtpx:Extensions>
          </gpxtpx:TrackPointExtension>
        </extensions>
      </trkpt>
      <trkpt lat="45.565706" lon="7.814443">
        <ele>279.75</ele>
        <time>2016-11-23T20:04:49.551Z</time>
        <extensions>
          <gpxtpx:TrackPointExtension>
            <gpxtpx:Extensions>
              <highway>primary</highway>
              <surface>asphalt</surface>
              <oneway>yes</oneway>
            </gpxtpx:Extensions>
          </gpxtpx:TrackPointExtension>
        </extensions>
      </trkpt>
      <trkpt lat="45.565754" lon="7.814398">
        <ele>280</ele>
        <time>2016-11-23T20:04:50.058Z</time>
        <extensions>
          <gpxtpx:TrackPointExtension>
            <gpxtpx:Extensions>
              <highway>primary</highway>
              <surface>asphalt</surface>
              <oneway>yes</oneway>
            </gpxtpx:Extensions>
          </gpxtpx:TrackPointExtension>
        </extensions>
      </trkpt>
      <trkpt lat="45.565813" lon="7.814364">
        <ele>280</ele>
        <time>2016-11-23T20:04:50.620Z</time>
        <extensions>
          <gpxtpx:TrackPointExtension>
            <gpxtpx:Extensions>
              <highway>primary</highway>
              <surface>asphalt</surface>
              <junction>roundabout</junction>
            </gpxtpx:Extensions>
          </gpxtpx:TrackPointExtension>
        </extensions>
      </trkpt>
      <trkpt lat="45.565871" lon="7.814359">
        <ele>280.25</ele>
        <time>2016-11-23T20:04:51.133Z</time>
        <extensions>
          <gpxtpx:TrackPointExtension>
            <gpxtpx:Extensions>
              <highway>primary</highway>
              <surface>asphalt</surface>
              <junction>roundabout</junction>
            </gpxtpx:Extensions>
          </gpxtpx:TrackPointExtension>
        </extensions>
      </trkpt>
      <trkpt lat="45.565898" lon="7.814343">
        <ele>280.25</ele>
        <time>2016-11-23T20:04:51.391Z</time>
        <extensions>
          <gpxtpx:TrackPointExtension>
            <gpxtpx:Extensions>
              <highway>primary</highway>
              <surface>asphalt</surface>
              <junction>roundabout</junction>
            </gpxtpx:Extensions>
          </gpxtpx:TrackPointExtension>
        </extensions>
      </trkpt>
      <trkpt lat="45.565923" lon="7.814315">
        <ele>280.25</ele>
        <time>2016-11-23T20:04:51.671Z</time>
        <extensions>
          <gpxtpx:TrackPointExtension>
            <gpxtpx:Extensions>
              <highway>primary</highway>
              <surface>asphalt</surface>
              <junction>roundabout</junction>
            </gpxtpx:Extensions>
          </gpxtpx:TrackPointExtension>
        </extensions>
      </trkpt>
      <trkpt lat="45.565942" lon="7.814279">
        <ele>280.25</ele>
        <time>2016-11-23T20:04:51.949Z</time>
        <extensions>
          <gpxtpx:TrackPointExtension>
            <gpxtpx:Extensions>
              <highway>primary</highway>
              <surface>asphalt</surface>
              <junction>roundabout</junction>
            </gpxtpx:Extensions>
          </gpxtpx:TrackPointExtension>
        </extensions>
      </trkpt>
      <trkpt lat="45.565955" lon="7.814237">
        <ele>280</ele>
        <time>2016-11-23T20:04:52.233Z</time>
        <extensions>
          <gpxtpx:TrackPointExtension>
            <gpxtpx:Extensions>
              <highway>primary</highway>
              <surface>asphalt</surface>
              <junction>roundabout</junction>
            </gpxtpx:Extensions>
          </gpxtpx:TrackPointExtension>
        </extensions>
      </trkpt>
      <trkpt lat="45.565959" lon="7.814192">
        <ele>280</ele>
        <time>2016-11-23T20:04:52.513Z</time>
        <extensions>
          <gpxtpx:TrackPointExtension>
            <gpxtpx:Extensions>
              <highway>primary</highway>
              <surface>asphalt</surface>
              <junction>roundabout</junction>
            </gpxtpx:Extensions>
          </gpxtpx:TrackPointExtension>
        </extensions>
      </trkpt>
      <trkpt lat="45.565956" lon="7.814149">
        <ele>280</ele>
        <time>2016-11-23T20:04:52.780Z</time>
        <extensions>
          <gpxtpx:TrackPointExtension>
            <gpxtpx:Extensions>
              <highway>primary</highway>
              <surface>asphalt</surface>
              <junction>roundabout</junction>
            </gpxtpx:Extensions>
          </gpxtpx:TrackPointExtension>
        </extensions>
      </trkpt>
      <trkpt lat="45.565945" lon="7.814108">
        <ele>280</ele>
        <time>2016-11-23T20:04:53.051Z</time>
        <extensions>
          <gpxtpx:TrackPointExtension>
            <gpxtpx:Extensions>
              <highway>primary</highway>
              <surface>asphalt</surface>
              <junction>roundabout</junction>
            </gpxtpx:Extensions>
          </gpxtpx:TrackPointExtension>
        </extensions>
      </trkpt>
      <trkpt lat="45.565904" lon="7.814043">
        <ele>280</ele>
        <time>2016-11-23T20:04:53.592Z</time>
        <extensions>
          <gpxtpx:TrackPointExtension>
            <gpxtpx:Extensions>
              <highway>primary</highway>
              <surface>asphalt</surface>
              <junction>roundabout</junction>
            </gpxtpx:Extensions>
          </gpxtpx:TrackPointExtension>
        </extensions>
      </trkpt>
      <trkpt lat="45.565877" lon="7.814024">
        <ele>280</ele>
        <time>2016-11-23T20:04:53.858Z</time>
        <extensions>
          <gpxtpx:TrackPointExtension>
            <gpxtpx:Extensions>
              <highway>primary</highway>
              <surface>asphalt</surface>
              <junction>roundabout</junction>
            </gpxtpx:Extensions>
          </gpxtpx:TrackPointExtension>
        </extensions>
      </trkpt>
      <trkpt lat="45.565847" lon="7.814014">
        <ele>280</ele>
        <time>2016-11-23T20:04:54.130Z</time>
        <extensions>
          <gpxtpx:TrackPointExtension>
            <gpxtpx:Extensions>
              <highway>primary</highway>
              <surface>asphalt</surface>
              <junction>roundabout</junction>
            </gpxtpx:Extensions>
          </gpxtpx:TrackPointExtension>
        </extensions>
      </trkpt>
      <trkpt lat="45.565816" lon="7.814015">
        <ele>279.75</ele>
        <time>2016-11-23T20:04:54.404Z</time>
        <extensions>
          <gpxtpx:TrackPointExtension>
            <gpxtpx:Extensions>
              <highway>secondary</highway>
              <surface>asphalt</surface>
              <oneway>yes</oneway>
            </gpxtpx:Extensions>
          </gpxtpx:TrackPointExtension>
        </extensions>
      </trkpt>
      <trkpt lat="45.565716" lon="7.813933">
        <ele>279.5</ele>
        <time>2016-11-23T20:04:55.423Z</time>
        <extensions>
          <gpxtpx:TrackPointExtension>
            <gpxtpx:Extensions>
              <highway>secondary</highway>
              <surface>asphalt</surface>
              <oneway>yes</oneway>
            </gpxtpx:Extensions>
          </gpxtpx:TrackPointExtension>
        </extensions>
      </trkpt>
      <trkpt lat="45.565661" lon="7.813875">
        <ele>279.5</ele>
        <time>2016-11-23T20:04:56.027Z</time>
        <extensions>
          <gpxtpx:TrackPointExtension>
            <gpxtpx:Extensions>
              <highway>secondary</highway>
              <surface>asphalt</surface>
              <oneway>yes</oneway>
            </gpxtpx:Extensions>
          </gpxtpx:TrackPointExtension>
        </extensions>
      </trkpt>
      <trkpt lat="45.56561" lon="7.813806">
        <ele>279.25</ele>
        <time>2016-11-23T20:04:56.647Z</time>
        <extensions>
          <gpxtpx:TrackPointExtension>
            <gpxtpx:Extensions>
              <reversedirection>yes</reversedirection>
              <highway>secondary</highway>
              <surface>asphalt</surface>
            </gpxtpx:Extensions>
          </gpxtpx:TrackPointExtension>
        </extensions>
      </trkpt>
      <trkpt lat="45.565304" lon="7.813235">
        <ele>278</ele>
        <time>2016-11-23T20:05:01.096Z</time>
        <extensions>
          <gpxtpx:TrackPointExtension>
            <gpxtpx:Extensions>
              <reversedirection>yes</reversedirection>
              <highway>secondary</highway>
            </gpxtpx:Extensions>
          </gpxtpx:TrackPointExtension>
        </extensions>
      </trkpt>
      <trkpt lat="45.56376" lon="7.810325">
        <ele>283</ele>
        <time>2016-11-23T20:05:23.689Z</time>
        <extensions>
          <gpxtpx:TrackPointExtension>
            <gpxtpx:Extensions>
              <reversedirection>yes</reversedirection>
              <highway>secondary</highway>
            </gpxtpx:Extensions>
          </gpxtpx:TrackPointExtension>
        </extensions>
      </trkpt>
      <trkpt lat="45.563536" lon="7.809903">
        <ele>284.25</ele>
        <time>2016-11-23T20:05:26.965Z</time>
        <extensions>
          <gpxtpx:TrackPointExtension>
            <gpxtpx:Extensions>
              <reversedirection>yes</reversedirection>
              <highway>secondary</highway>
            </gpxtpx:Extensions>
          </gpxtpx:TrackPointExtension>
        </extensions>
      </trkpt>
      <trkpt lat="45.563475" lon="7.809827">
        <ele>284.25</ele>
        <time>2016-11-23T20:05:27.680Z</time>
        <extensions>
          <gpxtpx:TrackPointExtension>
            <gpxtpx:Extensions>
              <reversedirection>yes</reversedirection>
              <highway>secondary</highway>
            </gpxtpx:Extensions>
          </gpxtpx:TrackPointExtension>
        </extensions>
      </trkpt>
      <trkpt lat="45.563432" lon="7.809807">
        <ele>284.25</ele>
        <time>2016-11-23T20:05:28.079Z</time>
        <extensions>
          <gpxtpx:TrackPointExtension>
            <gpxtpx:Extensions>
              <reversedirection>yes</reversedirection>
              <highway>secondary</highway>
            </gpxtpx:Extensions>
          </gpxtpx:TrackPointExtension>
        </extensions>
      </trkpt>
      <trkpt lat="45.563361" lon="7.809796">
        <ele>284.25</ele>
        <time>2016-11-23T20:05:28.710Z</time>
        <extensions>
          <gpxtpx:TrackPointExtension>
            <gpxtpx:Extensions>
              <reversedirection>yes</reversedirection>
              <highway>secondary</highway>
            </gpxtpx:Extensions>
          </gpxtpx:TrackPointExtension>
        </extensions>
      </trkpt>
      <trkpt lat="45.563271" lon="7.8098">
        <ele>284.25</ele>
        <time>2016-11-23T20:05:29.505Z</time>
        <extensions>
          <gpxtpx:TrackPointExtension>
            <gpxtpx:Extensions>
              <highway>secondary</highway>
              <junction>roundabout</junction>
            </gpxtpx:Extensions>
          </gpxtpx:TrackPointExtension>
        </extensions>
      </trkpt>
      <trkpt lat="45.563262" lon="7.809747">
        <ele>284.5</ele>
        <time>2016-11-23T20:05:29.842Z</time>
        <extensions>
          <gpxtpx:TrackPointExtension>
            <gpxtpx:Extensions>
              <highway>secondary</highway>
              <junction>roundabout</junction>
            </gpxtpx:Extensions>
          </gpxtpx:TrackPointExtension>
        </extensions>
      </trkpt>
      <trkpt lat="45.563243" lon="7.809708">
        <ele>284.5</ele>
        <time>2016-11-23T20:05:30.136Z</time>
        <extensions>
          <gpxtpx:TrackPointExtension>
            <gpxtpx:Extensions>
              <highway>secondary</highway>
              <junction>roundabout</junction>
            </gpxtpx:Extensions>
          </gpxtpx:TrackPointExtension>
        </extensions>
      </trkpt>
      <trkpt lat="45.563218" lon="7.80968">
        <ele>284.5</ele>
        <time>2016-11-23T20:05:30.416Z</time>
        <extensions>
          <gpxtpx:TrackPointExtension>
            <gpxtpx:Extensions>
              <highway>secondary</highway>
              <junction>roundabout</junction>
            </gpxtpx:Extensions>
          </gpxtpx:TrackPointExtension>
        </extensions>
      </trkpt>
      <trkpt lat="45.563182" lon="7.809663">
        <ele>284.5</ele>
        <time>2016-11-23T20:05:30.751Z</time>
        <extensions>
          <gpxtpx:TrackPointExtension>
            <gpxtpx:Extensions>
              <reversedirection>yes</reversedirection>
              <highway>secondary</highway>
            </gpxtpx:Extensions>
          </gpxtpx:TrackPointExtension>
        </extensions>
      </trkpt>
      <trkpt lat="45.563187" lon="7.809608">
        <ele>284.75</ele>
        <time>2016-11-23T20:05:31.094Z</time>
        <extensions>
          <gpxtpx:TrackPointExtension>
            <gpxtpx:Extensions>
              <reversedirection>yes</reversedirection>
              <highway>secondary</highway>
            </gpxtpx:Extensions>
          </gpxtpx:TrackPointExtension>
        </extensions>
      </trkpt>
      <trkpt lat="45.563181" lon="7.80955">
        <ele>284.75</ele>
        <time>2016-11-23T20:05:31.456Z</time>
        <extensions>
          <gpxtpx:TrackPointExtension>
            <gpxtpx:Extensions>
              <reversedirection>yes</reversedirection>
              <highway>secondary</highway>
              <surface>asphalt</surface>
            </gpxtpx:Extensions>
          </gpxtpx:TrackPointExtension>
        </extensions>
      </trkpt>
      <trkpt lat="45.563167" lon="7.809511">
        <ele>284.75</ele>
        <time>2016-11-23T20:05:31.727Z</time>
        <extensions>
          <gpxtpx:TrackPointExtension>
            <gpxtpx:Extensions>
              <reversedirection>yes</reversedirection>
              <highway>secondary</highway>
              <surface>asphalt</surface>
            </gpxtpx:Extensions>
          </gpxtpx:TrackPointExtension>
        </extensions>
      </trkpt>
      <trkpt lat="45.563141" lon="7.809485">
        <ele>285</ele>
        <time>2016-11-23T20:05:32.007Z</time>
        <extensions>
          <gpxtpx:TrackPointExtension>
            <gpxtpx:Extensions>
              <reversedirection>yes</reversedirection>
              <highway>secondary</highway>
              <surface>asphalt</surface>
            </gpxtpx:Extensions>
          </gpxtpx:TrackPointExtension>
        </extensions>
      </trkpt>
      <trkpt lat="45.563012" lon="7.809445">
        <ele>284.75</ele>
        <time>2016-11-23T20:05:33.173Z</time>
        <extensions>
          <gpxtpx:TrackPointExtension>
            <gpxtpx:Extensions>
              <reversedirection>yes</reversedirection>
              <highway>secondary</highway>
              <surface>asphalt</surface>
            </gpxtpx:Extensions>
          </gpxtpx:TrackPointExtension>
        </extensions>
      </trkpt>
      <trkpt lat="45.56292" lon="7.809394">
        <ele>284.75</ele>
        <time>2016-11-23T20:05:34.045Z</time>
        <extensions>
          <gpxtpx:TrackPointExtension>
            <gpxtpx:Extensions>
              <reversedirection>yes</reversedirection>
              <highway>unclassified</highway>
              <surface>asphalt</surface>
            </gpxtpx:Extensions>
          </gpxtpx:TrackPointExtension>
        </extensions>
      </trkpt>
      <trkpt lat="45.562967" lon="7.809337">
        <ele>285</ele>
        <time>2016-11-23T20:05:34.589Z</time>
      </trkpt>
      <trkpt lat="45.562967" lon="7.809337">
        <ele>285</ele>
        <time>2016-11-23T20:05:34.589Z</time>
        <extensions>
          <gpxtpx:TrackPointExtension>
            <gpxtpx:Extensions>
              <highway>unclassified</highway>
              <surface>asphalt</surface>
            </gpxtpx:Extensions>
          </gpxtpx:TrackPointExtension>
        </extensions>
      </trkpt>
      <trkpt lat="45.562967" lon="7.809337">
        <ele>285</ele>
        <time>2016-11-23T20:05:34.589Z</time>
        <extensions>
          <gpxtpx:TrackPointExtension>
            <gpxtpx:Extensions>
              <reversedirection>yes</reversedirection>
              <highway>unclassified</highway>
              <surface>asphalt</surface>
            </gpxtpx:Extensions>
          </gpxtpx:TrackPointExtension>
        </extensions>
      </trkpt>
      <trkpt lat="45.563014" lon="7.809279">
        <ele>285.25</ele>
        <time>2016-11-23T20:05:35.502Z</time>
        <extensions>
          <gpxtpx:TrackPointExtension>
            <gpxtpx:Extensions>
              <reversedirection>yes</reversedirection>
              <highway>unclassified</highway>
              <surface>asphalt</surface>
            </gpxtpx:Extensions>
          </gpxtpx:TrackPointExtension>
        </extensions>
      </trkpt>
      <trkpt lat="45.563063" lon="7.809189">
        <ele>285.5</ele>
        <time>2016-11-23T20:05:36.676Z</time>
        <extensions>
          <gpxtpx:TrackPointExtension>
            <gpxtpx:Extensions>
              <reversedirection>yes</reversedirection>
              <highway>unclassified</highway>
              <surface>asphalt</surface>
            </gpxtpx:Extensions>
          </gpxtpx:TrackPointExtension>
        </extensions>
      </trkpt>
      <trkpt lat="45.563116" lon="7.80905">
        <ele>286</ele>
        <time>2016-11-23T20:05:38.306Z</time>
        <extensions>
          <gpxtpx:TrackPointExtension>
            <gpxtpx:Extensions>
              <highway>unclassified</highway>
              <surface>asphalt</surface>
            </gpxtpx:Extensions>
          </gpxtpx:TrackPointExtension>
        </extensions>
      </trkpt>
      <trkpt lat="45.563172" lon="7.809126">
        <ele>285.75</ele>
        <time>2016-11-23T20:05:39.442Z</time>
        <extensions>
          <gpxtpx:TrackPointExtension>
            <gpxtpx:Extensions>
              <highway>unclassified</highway>
              <surface>asphalt</surface>
            </gpxtpx:Extensions>
          </gpxtpx:TrackPointExtension>
        </extensions>
      </trkpt>
      <trkpt lat="45.563209" lon="7.809212">
        <ele>285.5</ele>
        <time>2016-11-23T20:05:40.481Z</time>
        <extensions>
          <gpxtpx:TrackPointExtension>
            <gpxtpx:Extensions>
              <highway>unclassified</highway>
              <surface>asphalt</surface>
            </gpxtpx:Extensions>
          </gpxtpx:TrackPointExtension>
        </extensions>
      </trkpt>
      <trkpt lat="45.563229" lon="7.809276">
        <ele>285.5</ele>
        <time>2016-11-23T20:05:41.203Z</time>
        <extensions>
          <gpxtpx:TrackPointExtension>
            <gpxtpx:Extensions>
              <highway>unclassified</highway>
              <surface>asphalt</surface>
            </gpxtpx:Extensions>
          </gpxtpx:TrackPointExtension>
        </extensions>
      </trkpt>
      <trkpt lat="45.563241" lon="7.809336">
        <ele>285.25</ele>
        <time>2016-11-23T20:05:41.845Z</time>
        <extensions>
          <gpxtpx:TrackPointExtension>
            <gpxtpx:Extensions>
              <highway>unclassified</highway>
              <surface>asphalt</surface>
            </gpxtpx:Extensions>
          </gpxtpx:TrackPointExtension>
        </extensions>
      </trkpt>
      <trkpt lat="45.56324" lon="7.809375">
        <ele>285.25</ele>
        <time>2016-11-23T20:05:42.247Z</time>
        <extensions>
          <gpxtpx:TrackPointExtension>
            <gpxtpx:Extensions>
              <reversedirection>yes</reversedirection>
              <highway>unclassified</highway>
              <surface>asphalt</surface>
              <oneway>no</oneway>
            </gpxtpx:Extensions>
          </gpxtpx:TrackPointExtension>
        </extensions>
      </trkpt>
      <trkpt lat="45.563225" lon="7.809474">
        <ele>285</ele>
        <time>2016-11-23T20:05:43.290Z</time>
        <extensions>
          <gpxtpx:TrackPointExtension>
            <gpxtpx:Extensions>
              <reversedirection>yes</reversedirection>
              <highway>unclassified</highway>
              <surface>asphalt</surface>
              <oneway>no</oneway>
            </gpxtpx:Extensions>
          </gpxtpx:TrackPointExtension>
        </extensions>
      </trkpt>
      <trkpt lat="45.563181" lon="7.80955">
        <ele>284.75</ele>
        <time>2016-11-23T20:05:44.305Z</time>
        <extensions>
          <gpxtpx:TrackPointExtension>
            <gpxtpx:Extensions>
              <highway>secondary</highway>
            </gpxtpx:Extensions>
          </gpxtpx:TrackPointExtension>
        </extensions>
      </trkpt>
      <trkpt lat="45.563187" lon="7.809608">
        <ele>284.75</ele>
        <time>2016-11-23T20:05:44.908Z</time>
        <extensions>
          <gpxtpx:TrackPointExtension>
            <gpxtpx:Extensions>
              <highway>secondary</highway>
            </gpxtpx:Extensions>
          </gpxtpx:TrackPointExtension>
        </extensions>
      </trkpt>
      <trkpt lat="45.563182" lon="7.809663">
        <ele>284.5</ele>
        <time>2016-11-23T20:05:45.479Z</time>
        <extensions>
          <gpxtpx:TrackPointExtension>
            <gpxtpx:Extensions>
              <highway>secondary</highway>
              <junction>roundabout</junction>
            </gpxtpx:Extensions>
          </gpxtpx:TrackPointExtension>
        </extensions>
      </trkpt>
      <trkpt lat="45.563137" lon="7.80967">
        <ele>284.5</ele>
        <time>2016-11-23T20:05:46.145Z</time>
        <extensions>
          <gpxtpx:TrackPointExtension>
            <gpxtpx:Extensions>
              <highway>secondary</highway>
              <junction>roundabout</junction>
            </gpxtpx:Extensions>
          </gpxtpx:TrackPointExtension>
        </extensions>
      </trkpt>
      <trkpt lat="45.563098" lon="7.809705">
        <ele>284.25</ele>
        <time>2016-11-23T20:05:46.822Z</time>
        <extensions>
          <gpxtpx:TrackPointExtension>
            <gpxtpx:Extensions>
              <highway>secondary</highway>
              <junction>roundabout</junction>
            </gpxtpx:Extensions>
          </gpxtpx:TrackPointExtension>
        </extensions>
      </trkpt>
      <trkpt lat="45.563073" lon="7.809765">
        <ele>284.25</ele>
        <time>2016-11-23T20:05:47.541Z</time>
        <extensions>
          <gpxtpx:TrackPointExtension>
            <gpxtpx:Extensions>
              <highway>secondary</highway>
              <junction>roundabout</junction>
            </gpxtpx:Extensions>
          </gpxtpx:TrackPointExtension>
        </extensions>
      </trkpt>
      <trkpt lat="45.563068" lon="7.809796">
        <ele>284</ele>
        <time>2016-11-23T20:05:47.868Z</time>
        <extensions>
          <gpxtpx:TrackPointExtension>
            <gpxtpx:Extensions>
              <highway>secondary</highway>
              <junction>roundabout</junction>
            </gpxtpx:Extensions>
          </gpxtpx:TrackPointExtension>
        </extensions>
      </trkpt>
      <trkpt lat="45.563071" lon="7.809839">
        <ele>284</ele>
        <time>2016-11-23T20:05:48.313Z</time>
        <extensions>
          <gpxtpx:TrackPointExtension>
            <gpxtpx:Extensions>
              <highway>secondary</highway>
              <junction>roundabout</junction>
            </gpxtpx:Extensions>
          </gpxtpx:TrackPointExtension>
        </extensions>
      </trkpt>
      <trkpt lat="45.563079" lon="7.809873">
        <ele>283.75</ele>
        <time>2016-11-23T20:05:48.682Z</time>
        <extensions>
          <gpxtpx:TrackPointExtension>
            <gpxtpx:Extensions>
              <highway>secondary</highway>
              <junction>roundabout</junction>
            </gpxtpx:Extensions>
          </gpxtpx:TrackPointExtension>
        </extensions>
      </trkpt>
      <trkpt lat="45.563113" lon="7.809927">
        <ele>283.75</ele>
        <time>2016-11-23T20:05:49.430Z</time>
        <extensions>
          <gpxtpx:TrackPointExtension>
            <gpxtpx:Extensions>
              <highway>secondary</highway>
              <junction>roundabout</junction>
            </gpxtpx:Extensions>
          </gpxtpx:TrackPointExtension>
        </extensions>
      </trkpt>
      <trkpt lat="45.563138" lon="7.809945">
        <ele>283.75</ele>
        <time>2016-11-23T20:05:49.841Z</time>
        <extensions>
          <gpxtpx:TrackPointExtension>
            <gpxtpx:Extensions>
              <highway>secondary</highway>
              <junction>roundabout</junction>
            </gpxtpx:Extensions>
          </gpxtpx:TrackPointExtension>
        </extensions>
      </trkpt>
      <trkpt lat="45.563166" lon="7.809952">
        <ele>283.75</ele>
        <time>2016-11-23T20:05:50.259Z</time>
        <extensions>
          <gpxtpx:TrackPointExtension>
            <gpxtpx:Extensions>
              <highway>secondary</highway>
              <junction>roundabout</junction>
            </gpxtpx:Extensions>
          </gpxtpx:TrackPointExtension>
        </extensions>
      </trkpt>
      <trkpt lat="45.563202" lon="7.809944">
        <ele>283.75</ele>
        <time>2016-11-23T20:05:50.795Z</time>
        <extensions>
          <gpxtpx:TrackPointExtension>
            <gpxtpx:Extensions>
              <highway>secondary</highway>
              <junction>roundabout</junction>
            </gpxtpx:Extensions>
          </gpxtpx:TrackPointExtension>
        </extensions>
      </trkpt>
      <trkpt lat="45.563233" lon="7.80992">
        <ele>284</ele>
        <time>2016-11-23T20:05:51.313Z</time>
        <extensions>
          <gpxtpx:TrackPointExtension>
            <gpxtpx:Extensions>
              <highway>secondary</highway>
              <junction>roundabout</junction>
            </gpxtpx:Extensions>
          </gpxtpx:TrackPointExtension>
        </extensions>
      </trkpt>
      <trkpt lat="45.563253" lon="7.80989">
        <ele>284</ele>
        <time>2016-11-23T20:05:51.739Z</time>
        <extensions>
          <gpxtpx:TrackPointExtension>
            <gpxtpx:Extensions>
              <highway>secondary</highway>
              <junction>roundabout</junction>
            </gpxtpx:Extensions>
          </gpxtpx:TrackPointExtension>
        </extensions>
      </trkpt>
      <trkpt lat="45.563264" lon="7.80986">
        <ele>284.25</ele>
        <time>2016-11-23T20:05:52.087Z</time>
        <extensions>
          <gpxtpx:TrackPointExtension>
            <gpxtpx:Extensions>
              <highway>secondary</highway>
              <junction>roundabout</junction>
            </gpxtpx:Extensions>
          </gpxtpx:TrackPointExtension>
        </extensions>
      </trkpt>
      <trkpt lat="45.563271" lon="7.8098">
        <ele>284.25</ele>
        <time>2016-11-23T20:05:52.713Z</time>
        <extensions>
          <gpxtpx:TrackPointExtension>
            <gpxtpx:Extensions>
              <highway>secondary</highway>
            </gpxtpx:Extensions>
          </gpxtpx:TrackPointExtension>
        </extensions>
      </trkpt>
      <trkpt lat="45.563361" lon="7.809796">
        <ele>284.25</ele>
        <time>2016-11-23T20:05:54.038Z</time>
        <extensions>
          <gpxtpx:TrackPointExtension>
            <gpxtpx:Extensions>
              <highway>secondary</highway>
            </gpxtpx:Extensions>
          </gpxtpx:TrackPointExtension>
        </extensions>
      </trkpt>
      <trkpt lat="45.563432" lon="7.809807">
        <ele>284.25</ele>
        <time>2016-11-23T20:05:55.089Z</time>
        <extensions>
          <gpxtpx:TrackPointExtension>
            <gpxtpx:Extensions>
              <highway>secondary</highway>
            </gpxtpx:Extensions>
          </gpxtpx:TrackPointExtension>
        </extensions>
      </trkpt>
      <trkpt lat="45.563475" lon="7.809827">
        <ele>284.25</ele>
        <time>2016-11-23T20:05:55.754Z</time>
        <extensions>
          <gpxtpx:TrackPointExtension>
            <gpxtpx:Extensions>
              <highway>secondary</highway>
            </gpxtpx:Extensions>
          </gpxtpx:TrackPointExtension>
        </extensions>
      </trkpt>
      <trkpt lat="45.563536" lon="7.809903">
        <ele>284.25</ele>
        <time>2016-11-23T20:05:56.945Z</time>
        <extensions>
          <gpxtpx:TrackPointExtension>
            <gpxtpx:Extensions>
              <highway>secondary</highway>
            </gpxtpx:Extensions>
          </gpxtpx:TrackPointExtension>
        </extensions>
      </trkpt>
      <trkpt lat="45.56376" lon="7.810325">
        <ele>283</ele>
        <time>2016-11-23T20:06:02.401Z</time>
        <extensions>
          <gpxtpx:TrackPointExtension>
            <gpxtpx:Extensions>
              <highway>secondary</highway>
            </gpxtpx:Extensions>
          </gpxtpx:TrackPointExtension>
        </extensions>
      </trkpt>
      <trkpt lat="45.565304" lon="7.813235">
        <ele>278</ele>
        <time>2016-11-23T20:06:40.018Z</time>
        <extensions>
          <gpxtpx:TrackPointExtension>
            <gpxtpx:Extensions>
              <highway>secondary</highway>
              <surface>asphalt</surface>
            </gpxtpx:Extensions>
          </gpxtpx:TrackPointExtension>
        </extensions>
      </trkpt>
      <trkpt lat="45.56561" lon="7.813806">
        <ele>279.25</ele>
        <time>2016-11-23T20:06:47.426Z</time>
        <extensions>
          <gpxtpx:TrackPointExtension>
            <gpxtpx:Extensions>
              <highway>secondary</highway>
              <surface>asphalt</surface>
              <oneway>yes</oneway>
            </gpxtpx:Extensions>
          </gpxtpx:TrackPointExtension>
        </extensions>
      </trkpt>
      <trkpt lat="45.565668" lon="7.813973">
        <ele>279.5</ele>
        <time>2016-11-23T20:06:49.346Z</time>
        <extensions>
          <gpxtpx:TrackPointExtension>
            <gpxtpx:Extensions>
              <highway>secondary</highway>
              <surface>asphalt</surface>
              <oneway>yes</oneway>
            </gpxtpx:Extensions>
          </gpxtpx:TrackPointExtension>
        </extensions>
      </trkpt>
      <trkpt lat="45.565717" lon="7.814138">
        <ele>279.5</ele>
        <time>2016-11-23T20:06:51.192Z</time>
        <extensions>
          <gpxtpx:TrackPointExtension>
            <gpxtpx:Extensions>
              <highway>primary</highway>
              <surface>asphalt</surface>
              <junction>roundabout</junction>
            </gpxtpx:Extensions>
          </gpxtpx:TrackPointExtension>
        </extensions>
      </trkpt>
      <trkpt lat="45.565712" lon="7.814186">
        <ele>279.5</ele>
        <time>2016-11-23T20:06:51.692Z</time>
        <extensions>
          <gpxtpx:TrackPointExtension>
            <gpxtpx:Extensions>
              <highway>primary</highway>
              <surface>asphalt</surface>
              <junction>roundabout</junction>
            </gpxtpx:Extensions>
          </gpxtpx:TrackPointExtension>
        </extensions>
      </trkpt>
      <trkpt lat="45.565715" lon="7.814233">
        <ele>279.75</ele>
        <time>2016-11-23T20:06:52.178Z</time>
        <extensions>
          <gpxtpx:TrackPointExtension>
            <gpxtpx:Extensions>
              <highway>primary</highway>
              <surface>asphalt</surface>
              <junction>roundabout</junction>
            </gpxtpx:Extensions>
          </gpxtpx:TrackPointExtension>
        </extensions>
      </trkpt>
      <trkpt lat="45.565729" lon="7.81428">
        <ele>279.75</ele>
        <time>2016-11-23T20:06:52.704Z</time>
        <extensions>
          <gpxtpx:TrackPointExtension>
            <gpxtpx:Extensions>
              <highway>primary</highway>
              <surface>asphalt</surface>
              <junction>roundabout</junction>
            </gpxtpx:Extensions>
          </gpxtpx:TrackPointExtension>
        </extensions>
      </trkpt>
      <trkpt lat="45.565751" lon="7.814319">
        <ele>279.75</ele>
        <time>2016-11-23T20:06:53.220Z</time>
        <extensions>
          <gpxtpx:TrackPointExtension>
            <gpxtpx:Extensions>
              <highway>primary</highway>
              <surface>asphalt</surface>
              <junction>roundabout</junction>
            </gpxtpx:Extensions>
          </gpxtpx:TrackPointExtension>
        </extensions>
      </trkpt>
      <trkpt lat="45.56578" lon="7.814348">
        <ele>280</ele>
        <time>2016-11-23T20:06:53.740Z</time>
        <extensions>
          <gpxtpx:TrackPointExtension>
            <gpxtpx:Extensions>
              <highway>primary</highway>
              <surface>asphalt</surface>
              <junction>roundabout</junction>
            </gpxtpx:Extensions>
          </gpxtpx:TrackPointExtension>
        </extensions>
      </trkpt>
      <trkpt lat="45.565813" lon="7.814364">
        <ele>280</ele>
        <time>2016-11-23T20:06:54.252Z</time>
        <extensions>
          <gpxtpx:TrackPointExtension>
            <gpxtpx:Extensions>
              <highway>primary</highway>
              <surface>asphalt</surface>
              <junction>roundabout</junction>
            </gpxtpx:Extensions>
          </gpxtpx:TrackPointExtension>
        </extensions>
      </trkpt>
      <trkpt lat="45.565871" lon="7.814359">
        <ele>280.25</ele>
        <time>2016-11-23T20:06:55.107Z</time>
        <extensions>
          <gpxtpx:TrackPointExtension>
            <gpxtpx:Extensions>
              <highway>primary</highway>
              <surface>asphalt</surface>
              <junction>roundabout</junction>
            </gpxtpx:Extensions>
          </gpxtpx:TrackPointExtension>
        </extensions>
      </trkpt>
      <trkpt lat="45.565898" lon="7.814343">
        <ele>280.25</ele>
        <time>2016-11-23T20:06:55.537Z</time>
        <extensions>
          <gpxtpx:TrackPointExtension>
            <gpxtpx:Extensions>
              <highway>primary</highway>
              <surface>asphalt</surface>
              <junction>roundabout</junction>
            </gpxtpx:Extensions>
          </gpxtpx:TrackPointExtension>
        </extensions>
      </trkpt>
      <trkpt lat="45.565923" lon="7.814315">
        <ele>280.25</ele>
        <time>2016-11-23T20:06:56.004Z</time>
        <extensions>
          <gpxtpx:TrackPointExtension>
            <gpxtpx:Extensions>
              <highway>primary</highway>
              <surface>asphalt</surface>
              <junction>roundabout</junction>
            </gpxtpx:Extensions>
          </gpxtpx:TrackPointExtension>
        </extensions>
      </trkpt>
      <trkpt lat="45.565942" lon="7.814279">
        <ele>280.25</ele>
        <time>2016-11-23T20:06:56.468Z</time>
        <extensions>
          <gpxtpx:TrackPointExtension>
            <gpxtpx:Extensions>
              <highway>primary</highway>
              <surface>asphalt</surface>
              <junction>roundabout</junction>
            </gpxtpx:Extensions>
          </gpxtpx:TrackPointExtension>
        </extensions>
      </trkpt>
      <trkpt lat="45.565955" lon="7.814237">
        <ele>280</ele>
        <time>2016-11-23T20:06:56.941Z</time>
        <extensions>
          <gpxtpx:TrackPointExtension>
            <gpxtpx:Extensions>
              <highway>primary</highway>
              <surface>asphalt</surface>
              <junction>roundabout</junction>
            </gpxtpx:Extensions>
          </gpxtpx:TrackPointExtension>
        </extensions>
      </trkpt>
      <trkpt lat="45.565959" lon="7.814192">
        <ele>280</ele>
        <time>2016-11-23T20:06:57.408Z</time>
        <extensions>
          <gpxtpx:TrackPointExtension>
            <gpxtpx:Extensions>
              <highway>primary</highway>
              <surface>asphalt</surface>
              <oneway>yes</oneway>
            </gpxtpx:Extensions>
          </gpxtpx:TrackPointExtension>
        </extensions>
      </trkpt>
      <trkpt lat="45.566027" lon="7.814053">
        <ele>280.25</ele>
        <time>2016-11-23T20:06:59.154Z</time>
        <extensions>
          <gpxtpx:TrackPointExtension>
            <gpxtpx:Extensions>
              <highway>primary</highway>
              <surface>asphalt</surface>
              <oneway>yes</oneway>
            </gpxtpx:Extensions>
          </gpxtpx:TrackPointExtension>
        </extensions>
      </trkpt>
      <trkpt lat="45.566128" lon="7.813931">
        <ele>280.25</ele>
        <time>2016-11-23T20:07:01.100Z</time>
        <extensions>
          <gpxtpx:TrackPointExtension>
            <gpxtpx:Extensions>
              <reversedirection>yes</reversedirection>
              <highway>primary</highway>
              <surface>asphalt</surface>
              <maxspeed>70</maxspeed>
            </gpxtpx:Extensions>
          </gpxtpx:TrackPointExtension>
        </extensions>
      </trkpt>
      <trkpt lat="45.566241" lon="7.81385">
        <ele>280.5</ele>
        <time>2016-11-23T20:07:02.960Z</time>
        <extensions>
          <gpxtpx:TrackPointExtension>
            <gpxtpx:Extensions>
              <reversedirection>yes</reversedirection>
              <highway>primary</highway>
              <surface>asphalt</surface>
              <maxspeed>70</maxspeed>
            </gpxtpx:Extensions>
          </gpxtpx:TrackPointExtension>
        </extensions>
      </trkpt>
      <trkpt lat="45.566359" lon="7.813761">
        <ele>280.75</ele>
        <time>2016-11-23T20:07:04.923Z</time>
        <extensions>
          <gpxtpx:TrackPointExtension>
            <gpxtpx:Extensions>
              <reversedirection>yes</reversedirection>
              <highway>primary</highway>
              <surface>asphalt</surface>
              <maxspeed>70</maxspeed>
            </gpxtpx:Extensions>
          </gpxtpx:TrackPointExtension>
        </extensions>
      </trkpt>
      <trkpt lat="45.566541" lon="7.813663">
        <ele>284.25</ele>
        <time>2016-11-23T20:07:07.785Z</time>
      </trkpt>
      <trkpt lat="45.566541" lon="7.813663">
        <ele>284.25</ele>
        <time>2016-11-23T20:07:07.785Z</time>
        <extensions>
          <gpxtpx:TrackPointExtension>
            <gpxtpx:Extensions>
              <reversedirection>yes</reversedirection>
              <highway>primary</highway>
              <surface>asphalt</surface>
              <maxspeed>70</maxspeed>
            </gpxtpx:Extensions>
          </gpxtpx:TrackPointExtension>
        </extensions>
      </trkpt>
      <trkpt lat="45.566541" lon="7.813663">
        <ele>281</ele>
        <time>2016-11-23T20:07:07.785Z</time>
        <extensions>
          <gpxtpx:TrackPointExtension>
            <gpxtpx:Extensions>
              <reversedirection>yes</reversedirection>
              <highway>primary</highway>
              <surface>asphalt</surface>
              <maxspeed>70</maxspeed>
            </gpxtpx:Extensions>
          </gpxtpx:TrackPointExtension>
        </extensions>
      </trkpt>
      <trkpt lat="45.567636" lon="7.813079">
        <ele>284.25</ele>
        <time>2016-11-23T20:07:15.855Z</time>
        <extensions>
          <gpxtpx:TrackPointExtension>
            <gpxtpx:Extensions>
              <reversedirection>yes</reversedirection>
              <highway>primary</highway>
              <surface>asphalt</surface>
              <maxspeed>70</maxspeed>
            </gpxtpx:Extensions>
          </gpxtpx:TrackPointExtension>
        </extensions>
      </trkpt>
      <trkpt lat="45.567916" lon="7.812929">
        <ele>284.25</ele>
        <time>2016-11-23T20:07:17.919Z</time>
        <extensions>
          <gpxtpx:TrackPointExtension>
            <gpxtpx:Extensions>
              <reversedirection>yes</reversedirection>
              <highway>primary</highway>
              <surface>asphalt</surface>
              <maxspeed>70</maxspeed>
            </gpxtpx:Extensions>
          </gpxtpx:TrackPointExtension>
        </extensions>
      </trkpt>
      <trkpt lat="45.568242" lon="7.812754">
        <ele>283.5</ele>
        <time>2016-11-23T20:07:20.323Z</time>
        <extensions>
          <gpxtpx:TrackPointExtension>
            <gpxtpx:Extensions>
              <reversedirection>yes</reversedirection>
              <highway>primary</highway>
              <surface>asphalt</surface>
              <maxspeed>70</maxspeed>
            </gpxtpx:Extensions>
          </gpxtpx:TrackPointExtension>
        </extensions>
      </trkpt>
      <trkpt lat="45.568486" lon="7.812625">
        <ele>283.75</ele>
        <time>2016-11-23T20:07:22.119Z</time>
        <extensions>
          <gpxtpx:TrackPointExtension>
            <gpxtpx:Extensions>
              <reversedirection>yes</reversedirection>
              <highway>primary</highway>
              <surface>asphalt</surface>
              <maxspeed>70</maxspeed>
            </gpxtpx:Extensions>
          </gpxtpx:TrackPointExtension>
        </extensions>
      </trkpt>
      <trkpt lat="45.569041" lon="7.812325">
        <ele>283.75</ele>
        <time>2016-11-23T20:07:26.216Z</time>
        <extensions>
          <gpxtpx:TrackPointExtension>
            <gpxtpx:Extensions>
              <reversedirection>yes</reversedirection>
              <highway>primary</highway>
              <surface>asphalt</surface>
              <maxspeed>70</maxspeed>
            </gpxtpx:Extensions>
          </gpxtpx:TrackPointExtension>
        </extensions>
      </trkpt>
      <trkpt lat="45.569082" lon="7.812299">
        <ele>283.75</ele>
        <time>2016-11-23T20:07:26.525Z</time>
        <extensions>
          <gpxtpx:TrackPointExtension>
            <gpxtpx:Extensions>
              <reversedirection>yes</reversedirection>
              <highway>primary</highway>
              <surface>asphalt</surface>
              <maxspeed>70</maxspeed>
            </gpxtpx:Extensions>
          </gpxtpx:TrackPointExtension>
        </extensions>
      </trkpt>
      <trkpt lat="45.57018" lon="7.81171">
        <ele>287.25</ele>
        <time>2016-11-23T20:07:34.623Z</time>
        <extensions>
          <gpxtpx:TrackPointExtension>
            <gpxtpx:Extensions>
              <reversedirection>yes</reversedirection>
              <highway>primary</highway>
              <surface>asphalt</surface>
              <maxspeed>70</maxspeed>
            </gpxtpx:Extensions>
          </gpxtpx:TrackPointExtension>
        </extensions>
      </trkpt>
      <trkpt lat="45.570428" lon="7.811576">
        <ele>286.5</ele>
        <time>2016-11-23T20:07:36.453Z</time>
        <extensions>
          <gpxtpx:TrackPointExtension>
            <gpxtpx:Extensions>
              <reversedirection>yes</reversedirection>
              <highway>primary</highway>
              <surface>asphalt</surface>
              <maxspeed>70</maxspeed>
            </gpxtpx:Extensions>
          </gpxtpx:TrackPointExtension>
        </extensions>
      </trkpt>
      <trkpt lat="45.570749" lon="7.811402">
        <ele>286.25</ele>
        <time>2016-11-23T20:07:38.823Z</time>
        <extensions>
          <gpxtpx:TrackPointExtension>
            <gpxtpx:Extensions>
              <reversedirection>yes</reversedirection>
              <highway>primary</highway>
              <surface>asphalt</surface>
              <maxspeed>70</maxspeed>
            </gpxtpx:Extensions>
          </gpxtpx:TrackPointExtension>
        </extensions>
      </trkpt>
      <trkpt lat="45.571433" lon="7.811029">
        <ele>284.5</ele>
        <time>2016-11-23T20:07:43.878Z</time>
        <extensions>
          <gpxtpx:TrackPointExtension>
            <gpxtpx:Extensions>
              <reversedirection>yes</reversedirection>
              <highway>primary</highway>
              <surface>asphalt</surface>
              <maxspeed>70</maxspeed>
            </gpxtpx:Extensions>
          </gpxtpx:TrackPointExtension>
        </extensions>
      </trkpt>
      <trkpt lat="45.572501" lon="7.810455">
        <ele>286.5</ele>
        <time>2016-11-23T20:07:51.756Z</time>
        <extensions>
          <gpxtpx:TrackPointExtension>
            <gpxtpx:Extensions>
              <reversedirection>yes</reversedirection>
              <highway>primary</highway>
              <surface>asphalt</surface>
              <maxspeed>70</maxspeed>
            </gpxtpx:Extensions>
          </gpxtpx:TrackPointExtension>
        </extensions>
      </trkpt>
      <trkpt lat="45.572811" lon="7.81029">
        <ele>287.25</ele>
        <time>2016-11-23T20:07:54.040Z</time>
        <extensions>
          <gpxtpx:TrackPointExtension>
            <gpxtpx:Extensions>
              <reversedirection>yes</reversedirection>
              <highway>primary</highway>
              <surface>asphalt</surface>
              <maxspeed>70</maxspeed>
            </gpxtpx:Extensions>
          </gpxtpx:TrackPointExtension>
        </extensions>
      </trkpt>
      <trkpt lat="45.572983" lon="7.810214">
        <ele>287.25</ele>
        <time>2016-11-23T20:07:55.283Z</time>
        <extensions>
          <gpxtpx:TrackPointExtension>
            <gpxtpx:Extensions>
              <reversedirection>yes</reversedirection>
              <highway>primary</highway>
              <surface>asphalt</surface>
              <maxspeed>70</maxspeed>
            </gpxtpx:Extensions>
          </gpxtpx:TrackPointExtension>
        </extensions>
      </trkpt>
      <trkpt lat="45.573141" lon="7.810168">
        <ele>287.5</ele>
        <time>2016-11-23T20:07:56.396Z</time>
        <extensions>
          <gpxtpx:TrackPointExtension>
            <gpxtpx:Extensions>
              <reversedirection>yes</reversedirection>
              <highway>primary</highway>
              <surface>asphalt</surface>
              <maxspeed>70</maxspeed>
            </gpxtpx:Extensions>
          </gpxtpx:TrackPointExtension>
        </extensions>
      </trkpt>
      <trkpt lat="45.573319" lon="7.810123">
        <ele>287.5</ele>
        <time>2016-11-23T20:07:57.644Z</time>
        <extensions>
          <gpxtpx:TrackPointExtension>
            <gpxtpx:Extensions>
              <reversedirection>yes</reversedirection>
              <highway>primary</highway>
              <surface>asphalt</surface>
              <maxspeed>70</maxspeed>
            </gpxtpx:Extensions>
          </gpxtpx:TrackPointExtension>
        </extensions>
      </trkpt>
      <trkpt lat="45.573636" lon="7.810065">
        <ele>289</ele>
        <time>2016-11-23T20:07:59.850Z</time>
        <extensions>
          <gpxtpx:TrackPointExtension>
            <gpxtpx:Extensions>
              <reversedirection>yes</reversedirection>
              <highway>primary</highway>
              <surface>asphalt</surface>
              <maxspeed>70</maxspeed>
            </gpxtpx:Extensions>
          </gpxtpx:TrackPointExtension>
        </extensions>
      </trkpt>
      <trkpt lat="45.573652" lon="7.810063">
        <ele>290.25</ele>
        <time>2016-11-23T20:07:59.964Z</time>
        <extensions>
          <gpxtpx:TrackPointExtension>
            <gpxtpx:Extensions>
              <reversedirection>yes</reversedirection>
              <highway>primary</highway>
              <surface>asphalt</surface>
              <maxspeed>70</maxspeed>
            </gpxtpx:Extensions>
          </gpxtpx:TrackPointExtension>
        </extensions>
      </trkpt>
      <trkpt lat="45.573652" lon="7.810063">
        <ele>289</ele>
        <time>2016-11-23T20:07:59.964Z</time>
        <extensions>
          <gpxtpx:TrackPointExtension>
            <gpxtpx:Extensions>
              <reversedirection>yes</reversedirection>
              <highway>primary</highway>
              <surface>asphalt</surface>
              <maxspeed>70</maxspeed>
            </gpxtpx:Extensions>
          </gpxtpx:TrackPointExtension>
        </extensions>
      </trkpt>
      <trkpt lat="45.573902" lon="7.810036">
        <ele>290.25</ele>
        <time>2016-11-23T20:08:01.748Z</time>
        <extensions>
          <gpxtpx:TrackPointExtension>
            <gpxtpx:Extensions>
              <reversedirection>yes</reversedirection>
              <highway>primary</highway>
              <surface>asphalt</surface>
              <maxspeed>70</maxspeed>
            </gpxtpx:Extensions>
          </gpxtpx:TrackPointExtension>
        </extensions>
      </trkpt>
      <trkpt lat="45.574004" lon="7.810036">
        <ele>291</ele>
        <time>2016-11-23T20:08:02.473Z</time>
        <extensions>
          <gpxtpx:TrackPointExtension>
            <gpxtpx:Extensions>
              <reversedirection>yes</reversedirection>
              <highway>primary</highway>
              <surface>asphalt</surface>
              <maxspeed>70</maxspeed>
            </gpxtpx:Extensions>
          </gpxtpx:TrackPointExtension>
        </extensions>
      </trkpt>
      <trkpt lat="45.574181" lon="7.810033">
        <ele>292</ele>
        <time>2016-11-23T20:08:03.732Z</time>
        <extensions>
          <gpxtpx:TrackPointExtension>
            <gpxtpx:Extensions>
              <reversedirection>yes</reversedirection>
              <highway>primary</highway>
              <surface>asphalt</surface>
              <maxspeed>70</maxspeed>
            </gpxtpx:Extensions>
          </gpxtpx:TrackPointExtension>
        </extensions>
      </trkpt>
      <trkpt lat="45.57431" lon="7.810041">
        <ele>292.25</ele>
        <time>2016-11-23T20:08:04.650Z</time>
        <extensions>
          <gpxtpx:TrackPointExtension>
            <gpxtpx:Extensions>
              <reversedirection>yes</reversedirection>
              <highway>primary</highway>
              <surface>asphalt</surface>
              <maxspeed>70</maxspeed>
            </gpxtpx:Extensions>
          </gpxtpx:TrackPointExtension>
        </extensions>
      </trkpt>
      <trkpt lat="45.574531" lon="7.810078">
        <ele>293.5</ele>
        <time>2016-11-23T20:08:06.233Z</time>
        <extensions>
          <gpxtpx:TrackPointExtension>
            <gpxtpx:Extensions>
              <reversedirection>yes</reversedirection>
              <highway>primary</highway>
              <surface>asphalt</surface>
              <maxspeed>70</maxspeed>
            </gpxtpx:Extensions>
          </gpxtpx:TrackPointExtension>
        </extensions>
      </trkpt>
      <trkpt lat="45.574971" lon="7.81019">
        <ele>297.25</ele>
        <time>2016-11-23T20:08:09.413Z</time>
        <extensions>
          <gpxtpx:TrackPointExtension>
            <gpxtpx:Extensions>
              <reversedirection>yes</reversedirection>
              <highway>primary</highway>
              <surface>asphalt</surface>
              <maxspeed>70</maxspeed>
            </gpxtpx:Extensions>
          </gpxtpx:TrackPointExtension>
        </extensions>
      </trkpt>
      <trkpt lat="45.576038" lon="7.810426">
        <ele>300.5</ele>
        <time>2016-11-23T20:08:17.097Z</time>
        <extensions>
          <gpxtpx:TrackPointExtension>
            <gpxtpx:Extensions>
              <reversedirection>yes</reversedirection>
              <highway>primary</highway>
              <surface>asphalt</surface>
              <maxspeed>70</maxspeed>
            </gpxtpx:Extensions>
          </gpxtpx:TrackPointExtension>
        </extensions>
      </trkpt>
      <trkpt lat="45.576261" lon="7.810492">
        <ele>300.25</ele>
        <time>2016-11-23T20:08:18.717Z</time>
        <extensions>
          <gpxtpx:TrackPointExtension>
            <gpxtpx:Extensions>
              <reversedirection>yes</reversedirection>
              <highway>primary</highway>
              <surface>asphalt</surface>
              <maxspeed>70</maxspeed>
            </gpxtpx:Extensions>
          </gpxtpx:TrackPointExtension>
        </extensions>
      </trkpt>
      <trkpt lat="45.576595" lon="7.810612">
        <ele>300</ele>
        <time>2016-11-23T20:08:21.168Z</time>
        <extensions>
          <gpxtpx:TrackPointExtension>
            <gpxtpx:Extensions>
              <reversedirection>yes</reversedirection>
              <highway>primary</highway>
              <surface>asphalt</surface>
              <maxspeed>70</maxspeed>
            </gpxtpx:Extensions>
          </gpxtpx:TrackPointExtension>
        </extensions>
      </trkpt>
      <trkpt lat="45.577337" lon="7.810929">
        <ele>298.25</ele>
        <time>2016-11-23T20:08:26.680Z</time>
        <extensions>
          <gpxtpx:TrackPointExtension>
            <gpxtpx:Extensions>
              <reversedirection>yes</reversedirection>
              <highway>primary</highway>
              <surface>asphalt</surface>
              <maxspeed>70</maxspeed>
            </gpxtpx:Extensions>
          </gpxtpx:TrackPointExtension>
        </extensions>
      </trkpt>
      <trkpt lat="45.577551" lon="7.810991">
        <ele>297.5</ele>
        <time>2016-11-23T20:08:28.234Z</time>
        <extensions>
          <gpxtpx:TrackPointExtension>
            <gpxtpx:Extensions>
              <reversedirection>yes</reversedirection>
              <highway>primary</highway>
              <surface>asphalt</surface>
              <maxspeed>70</maxspeed>
            </gpxtpx:Extensions>
          </gpxtpx:TrackPointExtension>
        </extensions>
      </trkpt>
      <trkpt lat="45.577654" lon="7.811012">
        <ele>298</ele>
        <time>2016-11-23T20:08:28.974Z</time>
        <extensions>
          <gpxtpx:TrackPointExtension>
            <gpxtpx:Extensions>
              <reversedirection>yes</reversedirection>
              <highway>primary</highway>
              <surface>asphalt</surface>
              <maxspeed>70</maxspeed>
            </gpxtpx:Extensions>
          </gpxtpx:TrackPointExtension>
        </extensions>
      </trkpt>
      <trkpt lat="45.577777" lon="7.811014">
        <ele>297.75</ele>
        <time>2016-11-23T20:08:29.849Z</time>
        <extensions>
          <gpxtpx:TrackPointExtension>
            <gpxtpx:Extensions>
              <reversedirection>yes</reversedirection>
              <highway>primary</highway>
              <surface>asphalt</surface>
              <maxspeed>70</maxspeed>
            </gpxtpx:Extensions>
          </gpxtpx:TrackPointExtension>
        </extensions>
      </trkpt>
      <trkpt lat="45.577945" lon="7.811003">
        <ele>297.25</ele>
        <time>2016-11-23T20:08:31.045Z</time>
        <extensions>
          <gpxtpx:TrackPointExtension>
            <gpxtpx:Extensions>
              <reversedirection>yes</reversedirection>
              <highway>primary</highway>
              <surface>asphalt</surface>
              <maxspeed>70</maxspeed>
            </gpxtpx:Extensions>
          </gpxtpx:TrackPointExtension>
        </extensions>
      </trkpt>
      <trkpt lat="45.578073" lon="7.810975">
        <ele>296.25</ele>
        <time>2016-11-23T20:08:32.463Z</time>
        <extensions>
          <gpxtpx:TrackPointExtension>
            <gpxtpx:Extensions>
              <reversedirection>yes</reversedirection>
              <highway>primary</highway>
              <surface>asphalt</surface>
              <maxspeed>70</maxspeed>
            </gpxtpx:Extensions>
          </gpxtpx:TrackPointExtension>
        </extensions>
      </trkpt>
      <trkpt lat="45.578073" lon="7.810975">
        <ele>296.25</ele>
        <time>2016-11-23T20:08:32.463Z</time>
        <extensions>
          <gpxtpx:TrackPointExtension>
            <gpxtpx:Extensions>
              <reversedirection>yes</reversedirection>
              <highway>primary</highway>
              <surface>asphalt</surface>
              <maxspeed>70</maxspeed>
            </gpxtpx:Extensions>
          </gpxtpx:TrackPointExtension>
        </extensions>
      </trkpt>
      <trkpt lat="45.578144" lon="7.810949">
        <ele>295.75</ele>
        <time>2016-11-23T20:08:33.266Z</time>
        <extensions>
          <gpxtpx:TrackPointExtension>
            <gpxtpx:Extensions>
              <reversedirection>yes</reversedirection>
              <highway>primary</highway>
              <surface>asphalt</surface>
              <maxspeed>70</maxspeed>
            </gpxtpx:Extensions>
          </gpxtpx:TrackPointExtension>
        </extensions>
      </trkpt>
      <trkpt lat="45.578328" lon="7.810858">
        <ele>293.5</ele>
        <time>2016-11-23T20:08:35.399Z</time>
        <extensions>
          <gpxtpx:TrackPointExtension>
            <gpxtpx:Extensions>
              <reversedirection>yes</reversedirection>
              <highway>primary</highway>
              <surface>asphalt</surface>
              <maxspeed>70</maxspeed>
            </gpxtpx:Extensions>
          </gpxtpx:TrackPointExtension>
        </extensions>
      </trkpt>
      <trkpt lat="45.5784" lon="7.810811">
        <ele>293.25</ele>
        <time>2016-11-23T20:08:36.266Z</time>
        <extensions>
          <gpxtpx:TrackPointExtension>
            <gpxtpx:Extensions>
              <reversedirection>yes</reversedirection>
              <highway>primary</highway>
              <surface>asphalt</surface>
              <maxspeed>70</maxspeed>
            </gpxtpx:Extensions>
          </gpxtpx:TrackPointExtension>
        </extensions>
      </trkpt>
      <trkpt lat="45.578595" lon="7.810649">
        <ele>294.25</ele>
        <time>2016-11-23T20:08:38.737Z</time>
        <extensions>
          <gpxtpx:TrackPointExtension>
            <gpxtpx:Extensions>
              <reversedirection>yes</reversedirection>
              <highway>primary</highway>
              <surface>asphalt</surface>
              <maxspeed>70</maxspeed>
            </gpxtpx:Extensions>
          </gpxtpx:TrackPointExtension>
        </extensions>
      </trkpt>
      <trkpt lat="45.578684" lon="7.810542">
        <ele>294.5</ele>
        <time>2016-11-23T20:08:40.011Z</time>
        <extensions>
          <gpxtpx:TrackPointExtension>
            <gpxtpx:Extensions>
              <reversedirection>yes</reversedirection>
              <highway>primary</highway>
              <surface>asphalt</surface>
              <maxspeed>70</maxspeed>
            </gpxtpx:Extensions>
          </gpxtpx:TrackPointExtension>
        </extensions>
      </trkpt>
      <trkpt lat="45.579042" lon="7.810109">
        <ele>294.75</ele>
        <time>2016-11-23T20:08:45.150Z</time>
        <extensions>
          <gpxtpx:TrackPointExtension>
            <gpxtpx:Extensions>
              <reversedirection>yes</reversedirection>
              <highway>primary</highway>
              <surface>asphalt</surface>
              <maxspeed>70</maxspeed>
            </gpxtpx:Extensions>
          </gpxtpx:TrackPointExtension>
        </extensions>
      </trkpt>
      <trkpt lat="45.579296" lon="7.809787">
        <ele>295.5</ele>
        <time>2016-11-23T20:08:48.870Z</time>
        <extensions>
          <gpxtpx:TrackPointExtension>
            <gpxtpx:Extensions>
              <reversedirection>yes</reversedirection>
              <highway>primary</highway>
              <surface>asphalt</surface>
              <maxspeed>50</maxspeed>
            </gpxtpx:Extensions>
          </gpxtpx:TrackPointExtension>
        </extensions>
      </trkpt>
      <trkpt lat="45.579742" lon="7.809193">
        <ele>296.5</ele>
        <time>2016-11-23T20:08:55.550Z</time>
        <extensions>
          <gpxtpx:TrackPointExtension>
            <gpxtpx:Extensions>
              <reversedirection>yes</reversedirection>
              <highway>primary</highway>
              <surface>asphalt</surface>
              <maxspeed>50</maxspeed>
            </gpxtpx:Extensions>
          </gpxtpx:TrackPointExtension>
        </extensions>
      </trkpt>
      <trkpt lat="45.579828" lon="7.809082">
        <ele>296.25</ele>
        <time>2016-11-23T20:08:56.819Z</time>
        <extensions>
          <gpxtpx:TrackPointExtension>
            <gpxtpx:Extensions>
              <reversedirection>yes</reversedirection>
              <highway>primary</highway>
              <surface>asphalt</surface>
              <maxspeed>50</maxspeed>
            </gpxtpx:Extensions>
          </gpxtpx:TrackPointExtension>
        </extensions>
      </trkpt>
      <trkpt lat="45.579916" lon="7.808989">
        <ele>296.25</ele>
        <time>2016-11-23T20:08:58.018Z</time>
        <extensions>
          <gpxtpx:TrackPointExtension>
            <gpxtpx:Extensions>
              <reversedirection>yes</reversedirection>
              <highway>primary</highway>
              <surface>asphalt</surface>
              <maxspeed>50</maxspeed>
            </gpxtpx:Extensions>
          </gpxtpx:TrackPointExtension>
        </extensions>
      </trkpt>
      <trkpt lat="45.580359" lon="7.808621">
        <ele>294.75</ele>
        <time>2016-11-23T20:09:03.632Z</time>
        <extensions>
          <gpxtpx:TrackPointExtension>
            <gpxtpx:Extensions>
              <reversedirection>yes</reversedirection>
              <highway>primary</highway>
              <surface>asphalt</surface>
              <maxspeed>50</maxspeed>
            </gpxtpx:Extensions>
          </gpxtpx:TrackPointExtension>
        </extensions>
      </trkpt>
      <trkpt lat="45.580439" lon="7.808571">
        <ele>294.75</ele>
        <time>2016-11-23T20:09:04.588Z</time>
        <extensions>
          <gpxtpx:TrackPointExtension>
            <gpxtpx:Extensions>
              <reversedirection>yes</reversedirection>
              <highway>primary</highway>
              <surface>asphalt</surface>
              <maxspeed>50</maxspeed>
            </gpxtpx:Extensions>
          </gpxtpx:TrackPointExtension>
        </extensions>
      </trkpt>
      <trkpt lat="45.58074" lon="7.808503">
        <ele>294.75</ele>
        <time>2016-11-23T20:09:07.927Z</time>
        <extensions>
          <gpxtpx:TrackPointExtension>
            <gpxtpx:Extensions>
              <reversedirection>yes</reversedirection>
              <highway>primary</highway>
              <surface>asphalt</surface>
              <maxspeed>50</maxspeed>
            </gpxtpx:Extensions>
          </gpxtpx:TrackPointExtension>
        </extensions>
      </trkpt>
      <trkpt lat="45.581011" lon="7.808459">
        <ele>295.25</ele>
        <time>2016-11-23T20:09:10.915Z</time>
        <extensions>
          <gpxtpx:TrackPointExtension>
            <gpxtpx:Extensions>
              <reversedirection>yes</reversedirection>
              <highway>primary</highway>
              <surface>asphalt</surface>
              <maxspeed>50</maxspeed>
            </gpxtpx:Extensions>
          </gpxtpx:TrackPointExtension>
        </extensions>
      </trkpt>
      <trkpt lat="45.581204" lon="7.808424">
        <ele>295.5</ele>
        <time>2016-11-23T20:09:13.046Z</time>
        <extensions>
          <gpxtpx:TrackPointExtension>
            <gpxtpx:Extensions>
              <reversedirection>yes</reversedirection>
              <highway>primary</highway>
              <surface>asphalt</surface>
              <maxspeed>50</maxspeed>
            </gpxtpx:Extensions>
          </gpxtpx:TrackPointExtension>
        </extensions>
      </trkpt>
      <trkpt lat="45.581237" lon="7.808418">
        <ele>295.5</ele>
        <time>2016-11-23T20:09:13.410Z</time>
        <extensions>
          <gpxtpx:TrackPointExtension>
            <gpxtpx:Extensions>
              <reversedirection>yes</reversedirection>
              <highway>primary</highway>
              <surface>asphalt</surface>
              <maxspeed>50</maxspeed>
            </gpxtpx:Extensions>
          </gpxtpx:TrackPointExtension>
        </extensions>
      </trkpt>
      <trkpt lat="45.581874" lon="7.808294">
        <ele>296.5</ele>
        <time>2016-11-23T20:09:20.454Z</time>
        <extensions>
          <gpxtpx:TrackPointExtension>
            <gpxtpx:Extensions>
              <reversedirection>yes</reversedirection>
              <highway>primary</highway>
              <surface>asphalt</surface>
              <maxspeed>50</maxspeed>
            </gpxtpx:Extensions>
          </gpxtpx:TrackPointExtension>
        </extensions>
      </trkpt>
      <trkpt lat="45.581978" lon="7.808275">
        <ele>296.75</ele>
        <time>2016-11-23T20:09:21.602Z</time>
        <extensions>
          <gpxtpx:TrackPointExtension>
            <gpxtpx:Extensions>
              <reversedirection>yes</reversedirection>
              <highway>primary</highway>
              <surface>asphalt</surface>
              <maxspeed>50</maxspeed>
            </gpxtpx:Extensions>
          </gpxtpx:TrackPointExtension>
        </extensions>
      </trkpt>
      <trkpt lat="45.582061" lon="7.808224">
        <ele>296.75</ele>
        <time>2016-11-23T20:09:22.591Z</time>
        <extensions>
          <gpxtpx:TrackPointExtension>
            <gpxtpx:Extensions>
              <reversedirection>yes</reversedirection>
              <highway>primary</highway>
              <surface>asphalt</surface>
              <maxspeed>50</maxspeed>
            </gpxtpx:Extensions>
          </gpxtpx:TrackPointExtension>
        </extensions>
      </trkpt>
      <trkpt lat="45.582125" lon="7.808157">
        <ele>296.75</ele>
        <time>2016-11-23T20:09:23.460Z</time>
        <extensions>
          <gpxtpx:TrackPointExtension>
            <gpxtpx:Extensions>
              <reversedirection>yes</reversedirection>
              <highway>primary</highway>
              <surface>asphalt</surface>
              <maxspeed>50</maxspeed>
            </gpxtpx:Extensions>
          </gpxtpx:TrackPointExtension>
        </extensions>
      </trkpt>
      <trkpt lat="45.582323" lon="7.807912">
        <ele>296.5</ele>
        <time>2016-11-23T20:09:26.330Z</time>
        <extensions>
          <gpxtpx:TrackPointExtension>
            <gpxtpx:Extensions>
              <reversedirection>yes</reversedirection>
              <highway>primary</highway>
              <surface>asphalt</surface>
              <maxspeed>50</maxspeed>
            </gpxtpx:Extensions>
          </gpxtpx:TrackPointExtension>
        </extensions>
      </trkpt>
      <trkpt lat="45.582423" lon="7.807815">
        <ele>296.5</ele>
        <time>2016-11-23T20:09:27.654Z</time>
        <extensions>
          <gpxtpx:TrackPointExtension>
            <gpxtpx:Extensions>
              <highway>primary</highway>
              <surface>asphalt</surface>
              <maxspeed>30</maxspeed>
              <oneway>yes</oneway>
            </gpxtpx:Extensions>
          </gpxtpx:TrackPointExtension>
        </extensions>
      </trkpt>
      <trkpt lat="45.582528" lon="7.807783">
        <ele>297</ele>
        <time>2016-11-23T20:09:28.830Z</time>
        <extensions>
          <gpxtpx:TrackPointExtension>
            <gpxtpx:Extensions>
              <highway>primary</highway>
              <surface>asphalt</surface>
              <maxspeed>30</maxspeed>
              <oneway>yes</oneway>
            </gpxtpx:Extensions>
          </gpxtpx:TrackPointExtension>
        </extensions>
      </trkpt>
      <trkpt lat="45.582595" lon="7.807779">
        <ele>297.25</ele>
        <time>2016-11-23T20:09:29.564Z</time>
        <extensions>
          <gpxtpx:TrackPointExtension>
            <gpxtpx:Extensions>
              <highway>primary</highway>
              <surface>asphalt</surface>
              <maxspeed>30</maxspeed>
              <oneway>yes</oneway>
            </gpxtpx:Extensions>
          </gpxtpx:TrackPointExtension>
        </extensions>
      </trkpt>
      <trkpt lat="45.582701" lon="7.80779">
        <ele>298</ele>
        <time>2016-11-23T20:09:30.728Z</time>
        <extensions>
          <gpxtpx:TrackPointExtension>
            <gpxtpx:Extensions>
              <highway>primary</highway>
              <surface>asphalt</surface>
              <maxspeed>30</maxspeed>
              <junction>roundabout</junction>
            </gpxtpx:Extensions>
          </gpxtpx:TrackPointExtension>
        </extensions>
      </trkpt>
      <trkpt lat="45.582737" lon="7.807802">
        <ele>298.25</ele>
        <time>2016-11-23T20:09:31.133Z</time>
        <extensions>
          <gpxtpx:TrackPointExtension>
            <gpxtpx:Extensions>
              <highway>residential</highway>
              <oneway>yes</oneway>
            </gpxtpx:Extensions>
          </gpxtpx:TrackPointExtension>
        </extensions>
      </trkpt>
      <trkpt lat="45.582775" lon="7.807924">
        <ele>299</ele>
        <time>2016-11-23T20:09:32.157Z</time>
        <extensions>
          <gpxtpx:TrackPointExtension>
            <gpxtpx:Extensions>
              <highway>residential</highway>
              <oneway>yes</oneway>
            </gpxtpx:Extensions>
          </gpxtpx:TrackPointExtension>
        </extensions>
      </trkpt>
      <trkpt lat="45.582853" lon="7.808015">
        <ele>299.75</ele>
        <time>2016-11-23T20:09:33.260Z</time>
        <extensions>
          <gpxtpx:TrackPointExtension>
            <gpxtpx:Extensions>
              <reversedirection>yes</reversedirection>
              <highway>residential</highway>
            </gpxtpx:Extensions>
          </gpxtpx:TrackPointExtension>
        </extensions>
      </trkpt>
      <trkpt lat="45.5829" lon="7.807998">
        <ele>299.75</ele>
        <time>2016-11-23T20:09:33.791Z</time>
        <extensions>
          <gpxtpx:TrackPointExtension>
            <gpxtpx:Extensions>
              <reversedirection>yes</reversedirection>
              <highway>residential</highway>
            </gpxtpx:Extensions>
          </gpxtpx:TrackPointExtension>
        </extensions>
      </trkpt>
      <trkpt lat="45.582951" lon="7.80798">
        <ele>300</ele>
        <time>2016-11-23T20:09:34.366Z</time>
        <extensions>
          <gpxtpx:TrackPointExtension>
            <gpxtpx:Extensions>
              <reversedirection>yes</reversedirection>
              <highway>residential</highway>
            </gpxtpx:Extensions>
          </gpxtpx:TrackPointExtension>
        </extensions>
      </trkpt>
      <trkpt lat="45.582979" lon="7.80797">
        <ele>300.25</ele>
        <time>2016-11-23T20:09:34.682Z</time>
        <extensions>
          <gpxtpx:TrackPointExtension>
            <gpxtpx:Extensions>
              <reversedirection>yes</reversedirection>
              <highway>residential</highway>
            </gpxtpx:Extensions>
          </gpxtpx:TrackPointExtension>
        </extensions>
      </trkpt>
      <trkpt lat="45.583194" lon="7.807892">
        <ele>301</ele>
        <time>2016-11-23T20:09:37.112Z</time>
        <extensions>
          <gpxtpx:TrackPointExtension>
            <gpxtpx:Extensions>
              <reversedirection>yes</reversedirection>
              <highway>residential</highway>
            </gpxtpx:Extensions>
          </gpxtpx:TrackPointExtension>
        </extensions>
      </trkpt>
      <trkpt lat="45.583437" lon="7.80778">
        <ele>301.5</ele>
        <time>2016-11-23T20:09:39.909Z</time>
        <extensions>
          <gpxtpx:TrackPointExtension>
            <gpxtpx:Extensions>
              <reversedirection>yes</reversedirection>
              <highway>residential</highway>
            </gpxtpx:Extensions>
          </gpxtpx:TrackPointExtension>
        </extensions>
      </trkpt>
      <trkpt lat="45.583611" lon="7.807705">
        <ele>301.5</ele>
        <time>2016-11-23T20:09:41.900Z</time>
        <extensions>
          <gpxtpx:TrackPointExtension>
            <gpxtpx:Extensions>
              <reversedirection>yes</reversedirection>
              <highway>residential</highway>
            </gpxtpx:Extensions>
          </gpxtpx:TrackPointExtension>
        </extensions>
      </trkpt>
      <trkpt lat="45.583744" lon="7.807647">
        <ele>301.5</ele>
        <time>2016-11-23T20:09:43.423Z</time>
        <extensions>
          <gpxtpx:TrackPointExtension>
            <gpxtpx:Extensions>
              <reversedirection>yes</reversedirection>
              <highway>residential</highway>
            </gpxtpx:Extensions>
          </gpxtpx:TrackPointExtension>
        </extensions>
      </trkpt>
      <trkpt lat="45.583902" lon="7.807555">
        <ele>301.5</ele>
        <time>2016-11-23T20:09:45.292Z</time>
        <extensions>
          <gpxtpx:TrackPointExtension>
            <gpxtpx:Extensions>
              <reversedirection>yes</reversedirection>
              <highway>residential</highway>
            </gpxtpx:Extensions>
          </gpxtpx:TrackPointExtension>
        </extensions>
      </trkpt>
      <trkpt lat="45.58413" lon="7.807415">
        <ele>301.5</ele>
        <time>2016-11-23T20:09:48.011Z</time>
        <extensions>
          <gpxtpx:TrackPointExtension>
            <gpxtpx:Extensions>
              <reversedirection>yes</reversedirection>
              <highway>residential</highway>
            </gpxtpx:Extensions>
          </gpxtpx:TrackPointExtension>
        </extensions>
      </trkpt>
      <trkpt lat="45.584531" lon="7.807271">
        <ele>301.75</ele>
        <time>2016-11-23T20:09:52.541Z</time>
        <extensions>
          <gpxtpx:TrackPointExtension>
            <gpxtpx:Extensions>
              <reversedirection>yes</reversedirection>
              <highway>residential</highway>
            </gpxtpx:Extensions>
          </gpxtpx:TrackPointExtension>
        </extensions>
      </trkpt>
      <trkpt lat="45.584583" lon="7.807238">
        <ele>301.75</ele>
        <time>2016-11-23T20:09:53.164Z</time>
        <extensions>
          <gpxtpx:TrackPointExtension>
            <gpxtpx:Extensions>
              <reversedirection>yes</reversedirection>
              <highway>residential</highway>
            </gpxtpx:Extensions>
          </gpxtpx:TrackPointExtension>
        </extensions>
      </trkpt>
      <trkpt lat="45.584938" lon="7.806856">
        <ele>300.25</ele>
        <time>2016-11-23T20:09:58.033Z</time>
        <extensions>
          <gpxtpx:TrackPointExtension>
            <gpxtpx:Extensions>
              <reversedirection>yes</reversedirection>
              <highway>residential</highway>
            </gpxtpx:Extensions>
          </gpxtpx:TrackPointExtension>
        </extensions>
      </trkpt>
      <trkpt lat="45.584965" lon="7.806809">
        <ele>299.75</ele>
        <time>2016-11-23T20:09:58.499Z</time>
        <extensions>
          <gpxtpx:TrackPointExtension>
            <gpxtpx:Extensions>
              <reversedirection>yes</reversedirection>
              <highway>residential</highway>
            </gpxtpx:Extensions>
          </gpxtpx:TrackPointExtension>
        </extensions>
      </trkpt>
      <trkpt lat="45.584976" lon="7.80679">
        <ele>299.75</ele>
        <time>2016-11-23T20:09:58.687Z</time>
        <extensions>
          <gpxtpx:TrackPointExtension>
            <gpxtpx:Extensions>
              <reversedirection>yes</reversedirection>
              <highway>residential</highway>
            </gpxtpx:Extensions>
          </gpxtpx:TrackPointExtension>
        </extensions>
      </trkpt>
      <trkpt lat="45.584987" lon="7.806762">
        <ele>299.75</ele>
        <time>2016-11-23T20:09:58.966Z</time>
        <extensions>
          <gpxtpx:TrackPointExtension>
            <gpxtpx:Extensions>
              <reversedirection>yes</reversedirection>
              <highway>residential</highway>
            </gpxtpx:Extensions>
          </gpxtpx:TrackPointExtension>
        </extensions>
      </trkpt>
      <trkpt lat="45.584987" lon="7.806762">
        <ele>299.75</ele>
        <time>2016-11-23T20:09:58.976Z</time>
        <extensions>
          <gpxtpx:TrackPointExtension>
            <gpxtpx:Extensions>
              <reversedirection>yes</reversedirection>
              <highway>residential</highway>
            </gpxtpx:Extensions>
          </gpxtpx:TrackPointExtension>
        </extensions>
      </trkpt>
      <trkpt lat="45.58508" lon="7.806543">
        <ele>299.75</ele>
        <time>2016-11-23T20:10:01.203Z</time>
        <extensions>
          <gpxtpx:TrackPointExtension>
            <gpxtpx:Extensions>
              <reversedirection>yes</reversedirection>
              <highway>residential</highway>
            </gpxtpx:Extensions>
          </gpxtpx:TrackPointExtension>
        </extensions>
      </trkpt>
      <trkpt lat="45.585353" lon="7.805844">
        <ele>300.75</ele>
        <time>2016-11-23T20:10:08.163Z</time>
        <extensions>
          <gpxtpx:TrackPointExtension>
            <gpxtpx:Extensions>
              <reversedirection>yes</reversedirection>
              <highway>residential</highway>
            </gpxtpx:Extensions>
          </gpxtpx:TrackPointExtension>
        </extensions>
      </trkpt>
      <trkpt lat="45.585414" lon="7.805682">
        <ele>301.5</ele>
        <time>2016-11-23T20:10:09.762Z</time>
        <extensions>
          <gpxtpx:TrackPointExtension>
            <gpxtpx:Extensions>
              <reversedirection>yes</reversedirection>
              <highway>residential</highway>
            </gpxtpx:Extensions>
          </gpxtpx:TrackPointExtension>
        </extensions>
      </trkpt>
      <trkpt lat="45.585491" lon="7.805478">
        <ele>302.5</ele>
        <time>2016-11-23T20:10:11.777Z</time>
        <extensions>
          <gpxtpx:TrackPointExtension>
            <gpxtpx:Extensions>
              <reversedirection>yes</reversedirection>
              <highway>residential</highway>
            </gpxtpx:Extensions>
          </gpxtpx:TrackPointExtension>
        </extensions>
      </trkpt>
      <trkpt lat="45.585523" lon="7.805393">
        <ele>303</ele>
        <time>2016-11-23T20:10:12.616Z</time>
        <extensions>
          <gpxtpx:TrackPointExtension>
            <gpxtpx:Extensions>
              <reversedirection>yes</reversedirection>
              <highway>residential</highway>
            </gpxtpx:Extensions>
          </gpxtpx:TrackPointExtension>
        </extensions>
      </trkpt>
      <trkpt lat="45.585581" lon="7.805239">
        <ele>303.75</ele>
        <time>2016-11-23T20:10:14.136Z</time>
        <extensions>
          <gpxtpx:TrackPointExtension>
            <gpxtpx:Extensions>
              <reversedirection>yes</reversedirection>
              <highway>residential</highway>
            </gpxtpx:Extensions>
          </gpxtpx:TrackPointExtension>
        </extensions>
      </trkpt>
      <trkpt lat="45.58569" lon="7.804964">
        <ele>304.75</ele>
        <time>2016-11-23T20:10:16.884Z</time>
        <extensions>
          <gpxtpx:TrackPointExtension>
            <gpxtpx:Extensions>
              <reversedirection>yes</reversedirection>
              <highway>residential</highway>
            </gpxtpx:Extensions>
          </gpxtpx:TrackPointExtension>
        </extensions>
      </trkpt>
      <trkpt lat="45.585781" lon="7.804752">
        <ele>305</ele>
        <time>2016-11-23T20:10:19.046Z</time>
        <extensions>
          <gpxtpx:TrackPointExtension>
            <gpxtpx:Extensions>
              <reversedirection>yes</reversedirection>
              <highway>residential</highway>
            </gpxtpx:Extensions>
          </gpxtpx:TrackPointExtension>
        </extensions>
      </trkpt>
      <trkpt lat="45.585805" lon="7.804694">
        <ele>305</ele>
        <time>2016-11-23T20:10:19.712Z</time>
        <extensions>
          <gpxtpx:TrackPointExtension>
            <gpxtpx:Extensions>
              <reversedirection>yes</reversedirection>
              <highway>residential</highway>
            </gpxtpx:Extensions>
          </gpxtpx:TrackPointExtension>
        </extensions>
      </trkpt>
      <trkpt lat="45.585805" lon="7.804694">
        <ele>305</ele>
        <time>2016-11-23T20:10:19.712Z</time>
        <extensions>
          <gpxtpx:TrackPointExtension>
            <gpxtpx:Extensions>
              <reversedirection>yes</reversedirection>
              <highway>residential</highway>
            </gpxtpx:Extensions>
          </gpxtpx:TrackPointExtension>
        </extensions>
      </trkpt>
      <trkpt lat="45.58582" lon="7.80466">
        <ele>305</ele>
        <time>2016-11-23T20:10:20.109Z</time>
        <extensions>
          <gpxtpx:TrackPointExtension>
            <gpxtpx:Extensions>
              <reversedirection>yes</reversedirection>
              <highway>residential</highway>
            </gpxtpx:Extensions>
          </gpxtpx:TrackPointExtension>
        </extensions>
      </trkpt>
      <trkpt lat="45.585991" lon="7.804425">
        <ele>308.5</ele>
        <time>2016-11-23T20:10:23.464Z</time>
        <extensions>
          <gpxtpx:TrackPointExtension>
            <gpxtpx:Extensions>
              <reversedirection>yes</reversedirection>
              <highway>residential</highway>
            </gpxtpx:Extensions>
          </gpxtpx:TrackPointExtension>
        </extensions>
      </trkpt>
      <trkpt lat="45.586137" lon="7.80422">
        <ele>310.75</ele>
        <time>2016-11-23T20:10:26.359Z</time>
        <extensions>
          <gpxtpx:TrackPointExtension>
            <gpxtpx:Extensions>
              <reversedirection>yes</reversedirection>
              <highway>residential</highway>
            </gpxtpx:Extensions>
          </gpxtpx:TrackPointExtension>
        </extensions>
      </trkpt>
      <trkpt lat="45.586185" lon="7.804151">
        <ele>311.25</ele>
        <time>2016-11-23T20:10:27.321Z</time>
        <extensions>
          <gpxtpx:TrackPointExtension>
            <gpxtpx:Extensions>
              <reversedirection>yes</reversedirection>
              <highway>residential</highway>
            </gpxtpx:Extensions>
          </gpxtpx:TrackPointExtension>
        </extensions>
      </trkpt>
      <trkpt lat="45.586423" lon="7.803803">
        <ele>311.75</ele>
        <time>2016-11-23T20:10:32.137Z</time>
        <extensions>
          <gpxtpx:TrackPointExtension>
            <gpxtpx:Extensions>
              <reversedirection>yes</reversedirection>
              <highway>residential</highway>
            </gpxtpx:Extensions>
          </gpxtpx:TrackPointExtension>
        </extensions>
      </trkpt>
      <trkpt lat="45.586762" lon="7.803362">
        <ele>308.75</ele>
        <time>2016-11-23T20:10:38.621Z</time>
        <extensions>
          <gpxtpx:TrackPointExtension>
            <gpxtpx:Extensions>
              <reversedirection>yes</reversedirection>
              <highway>residential</highway>
            </gpxtpx:Extensions>
          </gpxtpx:TrackPointExtension>
        </extensions>
      </trkpt>
      <trkpt lat="45.586815" lon="7.803291">
        <ele>308.75</ele>
        <time>2016-11-23T20:10:39.648Z</time>
        <extensions>
          <gpxtpx:TrackPointExtension>
            <gpxtpx:Extensions>
              <reversedirection>yes</reversedirection>
              <highway>residential</highway>
            </gpxtpx:Extensions>
          </gpxtpx:TrackPointExtension>
        </extensions>
      </trkpt>
      <trkpt lat="45.58689" lon="7.803187">
        <ele>309.5</ele>
        <time>2016-11-23T20:10:41.126Z</time>
        <extensions>
          <gpxtpx:TrackPointExtension>
            <gpxtpx:Extensions>
              <reversedirection>yes</reversedirection>
              <highway>residential</highway>
            </gpxtpx:Extensions>
          </gpxtpx:TrackPointExtension>
        </extensions>
      </trkpt>
      <trkpt lat="45.587285" lon="7.802688">
        <ele>309.75</ele>
        <time>2016-11-23T20:10:48.583Z</time>
        <extensions>
          <gpxtpx:TrackPointExtension>
            <gpxtpx:Extensions>
              <reversedirection>yes</reversedirection>
              <highway>residential</highway>
            </gpxtpx:Extensions>
          </gpxtpx:TrackPointExtension>
        </extensions>
      </trkpt>
      <trkpt lat="45.587689" lon="7.802187">
        <ele>310.5</ele>
        <time>2016-11-23T20:10:56.149Z</time>
        <extensions>
          <gpxtpx:TrackPointExtension>
            <gpxtpx:Extensions>
              <reversedirection>yes</reversedirection>
              <highway>residential</highway>
            </gpxtpx:Extensions>
          </gpxtpx:TrackPointExtension>
        </extensions>
      </trkpt>
      <trkpt lat="45.587822" lon="7.80197">
        <ele>310.75</ele>
        <time>2016-11-23T20:10:59.004Z</time>
        <extensions>
          <gpxtpx:TrackPointExtension>
            <gpxtpx:Extensions>
              <reversedirection>yes</reversedirection>
              <highway>residential</highway>
            </gpxtpx:Extensions>
          </gpxtpx:TrackPointExtension>
        </extensions>
      </trkpt>
      <trkpt lat="45.587868" lon="7.801883">
        <ele>310.75</ele>
        <time>2016-11-23T20:11:00.083Z</time>
        <extensions>
          <gpxtpx:TrackPointExtension>
            <gpxtpx:Extensions>
              <highway>primary</highway>
              <maxspeed>50</maxspeed>
              <oneway>yes</oneway>
            </gpxtpx:Extensions>
          </gpxtpx:TrackPointExtension>
        </extensions>
      </trkpt>
      <trkpt lat="45.588031" lon="7.801699">
        <ele>310.25</ele>
        <time>2016-11-23T20:11:03.021Z</time>
        <extensions>
          <gpxtpx:TrackPointExtension>
            <gpxtpx:Extensions>
              <highway>primary</highway>
              <maxspeed>50</maxspeed>
              <oneway>yes</oneway>
            </gpxtpx:Extensions>
          </gpxtpx:TrackPointExtension>
        </extensions>
      </trkpt>
      <trkpt lat="45.588142" lon="7.801574">
        <ele>310.5</ele>
        <time>2016-11-23T20:11:05.020Z</time>
        <extensions>
          <gpxtpx:TrackPointExtension>
            <gpxtpx:Extensions>
              <highway>primary</highway>
              <maxspeed>50</maxspeed>
              <oneway>yes</oneway>
            </gpxtpx:Extensions>
          </gpxtpx:TrackPointExtension>
        </extensions>
      </trkpt>
      <trkpt lat="45.588188" lon="7.801463">
        <ele>310.75</ele>
        <time>2016-11-23T20:11:06.296Z</time>
        <extensions>
          <gpxtpx:TrackPointExtension>
            <gpxtpx:Extensions>
              <reversedirection>yes</reversedirection>
              <highway>primary</highway>
              <surface>asphalt</surface>
              <maxspeed>50</maxspeed>
            </gpxtpx:Extensions>
          </gpxtpx:TrackPointExtension>
        </extensions>
      </trkpt>
      <trkpt lat="45.588197" lon="7.801453">
        <ele>310.75</ele>
        <time>2016-11-23T20:11:06.458Z</time>
        <extensions>
          <gpxtpx:TrackPointExtension>
            <gpxtpx:Extensions>
              <reversedirection>yes</reversedirection>
              <highway>primary</highway>
              <surface>asphalt</surface>
              <maxspeed>50</maxspeed>
            </gpxtpx:Extensions>
          </gpxtpx:TrackPointExtension>
        </extensions>
      </trkpt>
      <trkpt lat="45.588418" lon="7.801222">
        <ele>311.5</ele>
        <time>2016-11-23T20:11:10.330Z</time>
        <extensions>
          <gpxtpx:TrackPointExtension>
            <gpxtpx:Extensions>
              <reversedirection>yes</reversedirection>
              <highway>primary</highway>
              <surface>asphalt</surface>
              <maxspeed>50</maxspeed>
            </gpxtpx:Extensions>
          </gpxtpx:TrackPointExtension>
        </extensions>
      </trkpt>
      <trkpt lat="45.58852" lon="7.801121">
        <ele>311.75</ele>
        <time>2016-11-23T20:11:12.085Z</time>
        <extensions>
          <gpxtpx:TrackPointExtension>
            <gpxtpx:Extensions>
              <reversedirection>yes</reversedirection>
              <highway>primary</highway>
              <surface>asphalt</surface>
              <maxspeed>50</maxspeed>
            </gpxtpx:Extensions>
          </gpxtpx:TrackPointExtension>
        </extensions>
      </trkpt>
      <trkpt lat="45.588586" lon="7.80107">
        <ele>312</ele>
        <time>2016-11-23T20:11:13.146Z</time>
        <extensions>
          <gpxtpx:TrackPointExtension>
            <gpxtpx:Extensions>
              <reversedirection>yes</reversedirection>
              <highway>primary</highway>
              <surface>asphalt</surface>
              <maxspeed>50</maxspeed>
            </gpxtpx:Extensions>
          </gpxtpx:TrackPointExtension>
        </extensions>
      </trkpt>
      <trkpt lat="45.588657" lon="7.801036">
        <ele>312</ele>
        <time>2016-11-23T20:11:14.205Z</time>
        <extensions>
          <gpxtpx:TrackPointExtension>
            <gpxtpx:Extensions>
              <reversedirection>yes</reversedirection>
              <highway>primary</highway>
              <surface>asphalt</surface>
              <maxspeed>50</maxspeed>
            </gpxtpx:Extensions>
          </gpxtpx:TrackPointExtension>
        </extensions>
      </trkpt>
      <trkpt lat="45.58873" lon="7.801011">
        <ele>312.25</ele>
        <time>2016-11-23T20:11:15.546Z</time>
        <extensions>
          <gpxtpx:TrackPointExtension>
            <gpxtpx:Extensions>
              <reversedirection>yes</reversedirection>
              <highway>primary</highway>
              <surface>asphalt</surface>
              <maxspeed>50</maxspeed>
            </gpxtpx:Extensions>
          </gpxtpx:TrackPointExtension>
        </extensions>
      </trkpt>
      <trkpt lat="45.58873" lon="7.801011">
        <ele>312</ele>
        <time>2016-11-23T20:11:15.546Z</time>
        <extensions>
          <gpxtpx:TrackPointExtension>
            <gpxtpx:Extensions>
              <reversedirection>yes</reversedirection>
              <highway>primary</highway>
              <surface>asphalt</surface>
              <maxspeed>50</maxspeed>
            </gpxtpx:Extensions>
          </gpxtpx:TrackPointExtension>
        </extensions>
      </trkpt>
      <trkpt lat="45.588792" lon="7.80099">
        <ele>312.25</ele>
        <time>2016-11-23T20:11:16.684Z</time>
        <extensions>
          <gpxtpx:TrackPointExtension>
            <gpxtpx:Extensions>
              <reversedirection>yes</reversedirection>
              <highway>residential</highway>
              <surface>asphalt</surface>
              <maxspeed>30</maxspeed>
            </gpxtpx:Extensions>
          </gpxtpx:TrackPointExtension>
        </extensions>
      </trkpt>
      <trkpt lat="45.5888" lon="7.800818">
        <ele>312.5</ele>
        <time>2016-11-23T20:11:18.839Z</time>
        <extensions>
          <gpxtpx:TrackPointExtension>
            <gpxtpx:Extensions>
              <reversedirection>yes</reversedirection>
              <highway>residential</highway>
              <surface>asphalt</surface>
              <maxspeed>30</maxspeed>
            </gpxtpx:Extensions>
          </gpxtpx:TrackPointExtension>
        </extensions>
      </trkpt>
      <trkpt lat="45.588832" lon="7.800661">
        <ele>312.5</ele>
        <time>2016-11-23T20:11:20.883Z</time>
        <extensions>
          <gpxtpx:TrackPointExtension>
            <gpxtpx:Extensions>
              <reversedirection>yes</reversedirection>
              <highway>residential</highway>
              <surface>asphalt</surface>
              <maxspeed>30</maxspeed>
            </gpxtpx:Extensions>
          </gpxtpx:TrackPointExtension>
        </extensions>
      </trkpt>
      <trkpt lat="45.588943" lon="7.800243">
        <ele>313</ele>
        <time>2016-11-23T20:11:26.473Z</time>
        <extensions>
          <gpxtpx:TrackPointExtension>
            <gpxtpx:Extensions>
              <reversedirection>yes</reversedirection>
              <highway>residential</highway>
              <surface>asphalt</surface>
              <maxspeed>30</maxspeed>
            </gpxtpx:Extensions>
          </gpxtpx:TrackPointExtension>
        </extensions>
      </trkpt>
      <trkpt lat="45.588953" lon="7.800206">
        <ele>313</ele>
        <time>2016-11-23T20:11:26.968Z</time>
        <extensions>
          <gpxtpx:TrackPointExtension>
            <gpxtpx:Extensions>
              <reversedirection>yes</reversedirection>
              <highway>residential</highway>
              <surface>asphalt</surface>
              <maxspeed>30</maxspeed>
            </gpxtpx:Extensions>
          </gpxtpx:TrackPointExtension>
        </extensions>
      </trkpt>
      <trkpt lat="45.588985" lon="7.800081">
        <ele>313.25</ele>
        <time>2016-11-23T20:11:28.632Z</time>
        <extensions>
          <gpxtpx:TrackPointExtension>
            <gpxtpx:Extensions>
              <reversedirection>yes</reversedirection>
              <highway>residential</highway>
              <surface>asphalt</surface>
              <maxspeed>30</maxspeed>
            </gpxtpx:Extensions>
          </gpxtpx:TrackPointExtension>
        </extensions>
      </trkpt>
      <trkpt lat="45.589042" lon="7.799862">
        <ele>313</ele>
        <time>2016-11-23T20:11:31.553Z</time>
        <extensions>
          <gpxtpx:TrackPointExtension>
            <gpxtpx:Extensions>
              <reversedirection>yes</reversedirection>
              <highway>residential</highway>
              <surface>asphalt</surface>
              <maxspeed>30</maxspeed>
            </gpxtpx:Extensions>
          </gpxtpx:TrackPointExtension>
        </extensions>
      </trkpt>
      <trkpt lat="45.589135" lon="7.799503">
        <ele>312.5</ele>
        <time>2016-11-23T20:11:36.339Z</time>
        <extensions>
          <gpxtpx:TrackPointExtension>
            <gpxtpx:Extensions>
              <reversedirection>yes</reversedirection>
              <highway>residential</highway>
              <surface>asphalt</surface>
              <maxspeed>30</maxspeed>
            </gpxtpx:Extensions>
          </gpxtpx:TrackPointExtension>
        </extensions>
      </trkpt>
      <trkpt lat="45.589173" lon="7.799357">
        <ele>312.25</ele>
        <time>2016-11-23T20:11:38.286Z</time>
        <extensions>
          <gpxtpx:TrackPointExtension>
            <gpxtpx:Extensions>
              <reversedirection>yes</reversedirection>
              <highway>residential</highway>
              <surface>asphalt</surface>
              <maxspeed>30</maxspeed>
            </gpxtpx:Extensions>
          </gpxtpx:TrackPointExtension>
        </extensions>
      </trkpt>
      <trkpt lat="45.589259" lon="7.799027">
        <ele>312.5</ele>
        <time>2016-11-23T20:11:42.689Z</time>
        <extensions>
          <gpxtpx:TrackPointExtension>
            <gpxtpx:Extensions>
              <reversedirection>yes</reversedirection>
              <highway>residential</highway>
              <surface>asphalt</surface>
              <maxspeed>30</maxspeed>
            </gpxtpx:Extensions>
          </gpxtpx:TrackPointExtension>
        </extensions>
      </trkpt>
      <trkpt lat="45.589329" lon="7.79876">
        <ele>313.25</ele>
        <time>2016-11-23T20:11:46.254Z</time>
        <extensions>
          <gpxtpx:TrackPointExtension>
            <gpxtpx:Extensions>
              <reversedirection>yes</reversedirection>
              <highway>residential</highway>
              <surface>asphalt</surface>
              <maxspeed>30</maxspeed>
            </gpxtpx:Extensions>
          </gpxtpx:TrackPointExtension>
        </extensions>
      </trkpt>
      <trkpt lat="45.58935" lon="7.798681">
        <ele>313.5</ele>
        <time>2016-11-23T20:11:47.310Z</time>
        <extensions>
          <gpxtpx:TrackPointExtension>
            <gpxtpx:Extensions>
              <reversedirection>yes</reversedirection>
              <highway>residential</highway>
              <surface>asphalt</surface>
              <maxspeed>30</maxspeed>
            </gpxtpx:Extensions>
          </gpxtpx:TrackPointExtension>
        </extensions>
      </trkpt>
      <trkpt lat="45.589572" lon="7.797827">
        <ele>313.5</ele>
        <time>2016-11-23T20:11:58.701Z</time>
        <extensions>
          <gpxtpx:TrackPointExtension>
            <gpxtpx:Extensions>
              <reversedirection>yes</reversedirection>
              <highway>residential</highway>
              <surface>asphalt</surface>
              <maxspeed>30</maxspeed>
            </gpxtpx:Extensions>
          </gpxtpx:TrackPointExtension>
        </extensions>
      </trkpt>
      <trkpt lat="45.589608" lon="7.797687">
        <ele>313.25</ele>
        <time>2016-11-23T20:12:00.566Z</time>
        <extensions>
          <gpxtpx:TrackPointExtension>
            <gpxtpx:Extensions>
              <reversedirection>yes</reversedirection>
              <highway>residential</highway>
              <surface>asphalt</surface>
              <maxspeed>30</maxspeed>
            </gpxtpx:Extensions>
          </gpxtpx:TrackPointExtension>
        </extensions>
      </trkpt>
      <trkpt lat="45.589636" lon="7.797578">
        <ele>313</ele>
        <time>2016-11-23T20:12:02.017Z</time>
        <extensions>
          <gpxtpx:TrackPointExtension>
            <gpxtpx:Extensions>
              <reversedirection>yes</reversedirection>
              <highway>residential</highway>
              <surface>asphalt</surface>
              <maxspeed>30</maxspeed>
            </gpxtpx:Extensions>
          </gpxtpx:TrackPointExtension>
        </extensions>
      </trkpt>
      <trkpt lat="45.589688" lon="7.797378">
        <ele>313</ele>
        <time>2016-11-23T20:12:04.684Z</time>
        <extensions>
          <gpxtpx:TrackPointExtension>
            <gpxtpx:Extensions>
              <reversedirection>yes</reversedirection>
              <highway>residential</highway>
              <surface>asphalt</surface>
              <maxspeed>30</maxspeed>
            </gpxtpx:Extensions>
          </gpxtpx:TrackPointExtension>
        </extensions>
      </trkpt>
      <trkpt lat="45.589803" lon="7.796928">
        <ele>313.5</ele>
        <time>2016-11-23T20:12:10.674Z</time>
        <extensions>
          <gpxtpx:TrackPointExtension>
            <gpxtpx:Extensions>
              <reversedirection>yes</reversedirection>
              <highway>residential</highway>
              <surface>asphalt</surface>
              <maxspeed>30</maxspeed>
            </gpxtpx:Extensions>
          </gpxtpx:TrackPointExtension>
        </extensions>
      </trkpt>
      <trkpt lat="45.58981" lon="7.796904">
        <ele>313.75</ele>
        <time>2016-11-23T20:12:10.999Z</time>
        <extensions>
          <gpxtpx:TrackPointExtension>
            <gpxtpx:Extensions>
              <reversedirection>yes</reversedirection>
              <highway>residential</highway>
              <surface>asphalt</surface>
              <maxspeed>30</maxspeed>
            </gpxtpx:Extensions>
          </gpxtpx:TrackPointExtension>
        </extensions>
      </trkpt>
      <trkpt lat="45.589836" lon="7.7968">
        <ele>314</ele>
        <time>2016-11-23T20:12:12.380Z</time>
        <extensions>
          <gpxtpx:TrackPointExtension>
            <gpxtpx:Extensions>
              <reversedirection>yes</reversedirection>
              <highway>residential</highway>
              <surface>asphalt</surface>
              <maxspeed>30</maxspeed>
            </gpxtpx:Extensions>
          </gpxtpx:TrackPointExtension>
        </extensions>
      </trkpt>
      <trkpt lat="45.590132" lon="7.795617">
        <ele>314.5</ele>
        <time>2016-11-23T20:12:28.089Z</time>
        <extensions>
          <gpxtpx:TrackPointExtension>
            <gpxtpx:Extensions>
              <reversedirection>yes</reversedirection>
              <highway>residential</highway>
              <surface>asphalt</surface>
              <maxspeed>30</maxspeed>
            </gpxtpx:Extensions>
          </gpxtpx:TrackPointExtension>
        </extensions>
      </trkpt>
      <trkpt lat="45.590146" lon="7.795555">
        <ele>314.5</ele>
        <time>2016-11-23T20:12:28.903Z</time>
        <extensions>
          <gpxtpx:TrackPointExtension>
            <gpxtpx:Extensions>
              <highway>residential</highway>
              <oneway>yes</oneway>
            </gpxtpx:Extensions>
          </gpxtpx:TrackPointExtension>
        </extensions>
      </trkpt>
      <trkpt lat="45.590176" lon="7.795456">
        <ele>314.25</ele>
        <time>2016-11-23T20:12:30.252Z</time>
        <extensions>
          <gpxtpx:TrackPointExtension>
            <gpxtpx:Extensions>
              <highway>residential</highway>
              <oneway>yes</oneway>
            </gpxtpx:Extensions>
          </gpxtpx:TrackPointExtension>
        </extensions>
      </trkpt>
      <trkpt lat="45.590194" lon="7.795406">
        <ele>314.25</ele>
        <time>2016-11-23T20:12:30.955Z</time>
        <extensions>
          <gpxtpx:TrackPointExtension>
            <gpxtpx:Extensions>
              <highway>residential</highway>
              <junction>roundabout</junction>
            </gpxtpx:Extensions>
          </gpxtpx:TrackPointExtension>
        </extensions>
      </trkpt>
      <trkpt lat="45.590204" lon="7.795384">
        <ele>314.25</ele>
        <time>2016-11-23T20:12:31.282Z</time>
        <extensions>
          <gpxtpx:TrackPointExtension>
            <gpxtpx:Extensions>
              <highway>residential</highway>
              <oneway>yes</oneway>
            </gpxtpx:Extensions>
          </gpxtpx:TrackPointExtension>
        </extensions>
      </trkpt>
      <trkpt lat="45.59021" lon="7.795354">
        <ele>314</ele>
        <time>2016-11-23T20:12:31.672Z</time>
        <extensions>
          <gpxtpx:TrackPointExtension>
            <gpxtpx:Extensions>
              <highway>residential</highway>
              <oneway>yes</oneway>
            </gpxtpx:Extensions>
          </gpxtpx:TrackPointExtension>
        </extensions>
      </trkpt>
      <trkpt lat="45.590203" lon="7.795298">
        <ele>314</ele>
        <time>2016-11-23T20:12:32.383Z</time>
        <extensions>
          <gpxtpx:TrackPointExtension>
            <gpxtpx:Extensions>
              <highway>residential</highway>
              <oneway>yes</oneway>
            </gpxtpx:Extensions>
          </gpxtpx:TrackPointExtension>
        </extensions>
      </trkpt>
      <trkpt lat="45.590188" lon="7.795267">
        <ele>314</ele>
        <time>2016-11-23T20:12:32.854Z</time>
        <extensions>
          <gpxtpx:TrackPointExtension>
            <gpxtpx:Extensions>
              <highway>residential</highway>
              <oneway>yes</oneway>
            </gpxtpx:Extensions>
          </gpxtpx:TrackPointExtension>
        </extensions>
      </trkpt>
      <trkpt lat="45.590165" lon="7.795247">
        <ele>313.75</ele>
        <time>2016-11-23T20:12:33.277Z</time>
        <extensions>
          <gpxtpx:TrackPointExtension>
            <gpxtpx:Extensions>
              <highway>residential</highway>
              <oneway>yes</oneway>
            </gpxtpx:Extensions>
          </gpxtpx:TrackPointExtension>
        </extensions>
      </trkpt>
      <trkpt lat="45.590165" lon="7.795247">
        <ele>313.75</ele>
        <time>2016-11-23T20:12:33.277Z</time>
        <extensions>
          <gpxtpx:TrackPointExtension>
            <gpxtpx:Extensions>
              <highway>residential</highway>
              <junction>roundabout</junction>
            </gpxtpx:Extensions>
          </gpxtpx:TrackPointExtension>
        </extensions>
      </trkpt>
      <trkpt lat="45.590139" lon="7.795239">
        <ele>313.75</ele>
        <time>2016-11-23T20:12:33.695Z</time>
        <extensions>
          <gpxtpx:TrackPointExtension>
            <gpxtpx:Extensions>
              <highway>residential</highway>
              <junction>roundabout</junction>
            </gpxtpx:Extensions>
          </gpxtpx:TrackPointExtension>
        </extensions>
      </trkpt>
      <trkpt lat="45.590113" lon="7.795246">
        <ele>313.75</ele>
        <time>2016-11-23T20:12:34.111Z</time>
        <extensions>
          <gpxtpx:TrackPointExtension>
            <gpxtpx:Extensions>
              <highway>residential</highway>
              <junction>roundabout</junction>
            </gpxtpx:Extensions>
          </gpxtpx:TrackPointExtension>
        </extensions>
      </trkpt>
      <trkpt lat="45.59009" lon="7.795266">
        <ele>313.75</ele>
        <time>2016-11-23T20:12:34.534Z</time>
        <extensions>
          <gpxtpx:TrackPointExtension>
            <gpxtpx:Extensions>
              <highway>residential</highway>
              <junction>roundabout</junction>
            </gpxtpx:Extensions>
          </gpxtpx:TrackPointExtension>
        </extensions>
      </trkpt>
      <trkpt lat="45.590072" lon="7.795301">
        <ele>313.75</ele>
        <time>2016-11-23T20:12:35.012Z</time>
        <extensions>
          <gpxtpx:TrackPointExtension>
            <gpxtpx:Extensions>
              <highway>residential</highway>
              <junction>roundabout</junction>
            </gpxtpx:Extensions>
          </gpxtpx:TrackPointExtension>
        </extensions>
      </trkpt>
      <trkpt lat="45.590067" lon="7.795344">
        <ele>313.75</ele>
        <time>2016-11-23T20:12:35.492Z</time>
        <extensions>
          <gpxtpx:TrackPointExtension>
            <gpxtpx:Extensions>
              <highway>service</highway>
              <maxspeed>30</maxspeed>
              <oneway>yes</oneway>
            </gpxtpx:Extensions>
          </gpxtpx:TrackPointExtension>
        </extensions>
      </trkpt>
      <trkpt lat="45.58994" lon="7.795459">
        <ele>313.5</ele>
        <time>2016-11-23T20:12:37.856Z</time>
        <extensions>
          <gpxtpx:TrackPointExtension>
            <gpxtpx:Extensions>
              <highway>service</highway>
              <maxspeed>30</maxspeed>
              <oneway>yes</oneway>
            </gpxtpx:Extensions>
          </gpxtpx:TrackPointExtension>
        </extensions>
      </trkpt>
      <trkpt lat="45.589907" lon="7.795534">
        <ele>313.5</ele>
        <time>2016-11-23T20:12:38.831Z</time>
        <extensions>
          <gpxtpx:TrackPointExtension>
            <gpxtpx:Extensions>
              <highway>service</highway>
              <maxspeed>30</maxspeed>
              <oneway>yes</oneway>
            </gpxtpx:Extensions>
          </gpxtpx:TrackPointExtension>
        </extensions>
      </trkpt>
      <trkpt lat="45.589843" lon="7.79571">
        <ele>313.75</ele>
        <time>2016-11-23T20:12:41.080Z</time>
        <extensions>
          <gpxtpx:TrackPointExtension>
            <gpxtpx:Extensions>
              <highway>service</highway>
              <maxspeed>30</maxspeed>
              <oneway>yes</oneway>
            </gpxtpx:Extensions>
          </gpxtpx:TrackPointExtension>
        </extensions>
      </trkpt>
      <trkpt lat="45.589843" lon="7.79571">
        <ele>313.5</ele>
        <time>2016-11-23T20:12:41.080Z</time>
        <extensions>
          <gpxtpx:TrackPointExtension>
            <gpxtpx:Extensions>
              <highway>service</highway>
              <maxspeed>30</maxspeed>
              <oneway>yes</oneway>
            </gpxtpx:Extensions>
          </gpxtpx:TrackPointExtension>
        </extensions>
      </trkpt>
      <trkpt lat="45.589837" lon="7.79573">
        <ele>313.75</ele>
        <time>2016-11-23T20:12:41.326Z</time>
        <extensions>
          <gpxtpx:TrackPointExtension>
            <gpxtpx:Extensions>
              <highway>service</highway>
              <maxspeed>30</maxspeed>
              <oneway>yes</oneway>
            </gpxtpx:Extensions>
          </gpxtpx:TrackPointExtension>
        </extensions>
      </trkpt>
      <trkpt lat="45.589766" lon="7.795925">
        <ele>313.5</ele>
        <time>2016-11-23T20:12:43.818Z</time>
        <extensions>
          <gpxtpx:TrackPointExtension>
            <gpxtpx:Extensions>
              <highway>service</highway>
              <maxspeed>30</maxspeed>
              <oneway>yes</oneway>
            </gpxtpx:Extensions>
          </gpxtpx:TrackPointExtension>
        </extensions>
      </trkpt>
      <trkpt lat="45.58967" lon="7.796196">
        <ele>313</ele>
        <time>2016-11-23T20:12:47.262Z</time>
        <extensions>
          <gpxtpx:TrackPointExtension>
            <gpxtpx:Extensions>
              <highway>service</highway>
              <maxspeed>30</maxspeed>
              <oneway>yes</oneway>
            </gpxtpx:Extensions>
          </gpxtpx:TrackPointExtension>
        </extensions>
      </trkpt>
      <trkpt lat="45.589516" lon="7.79661">
        <ele>312.5</ele>
        <time>2016-11-23T20:12:52.579Z</time>
        <extensions>
          <gpxtpx:TrackPointExtension>
            <gpxtpx:Extensions>
              <highway>service</highway>
              <oneway>yes</oneway>
            </gpxtpx:Extensions>
          </gpxtpx:TrackPointExtension>
        </extensions>
      </trkpt>
      <trkpt lat="45.589579" lon="7.796646">
        <ele>312.75</ele>
        <time>2016-11-23T20:12:53.678Z</time>
        <extensions>
          <gpxtpx:TrackPointExtension>
            <gpxtpx:Extensions>
              <highway>service</highway>
              <oneway>yes</oneway>
            </gpxtpx:Extensions>
          </gpxtpx:TrackPointExtension>
        </extensions>
      </trkpt>
      <trkpt lat="45.589836" lon="7.7968">
        <ele>314</ele>
        <time>2016-11-23T20:12:58.194Z</time>
        <extensions>
          <gpxtpx:TrackPointExtension>
            <gpxtpx:Extensions>
              <reversedirection>yes</reversedirection>
              <highway>residential</highway>
              <surface>asphalt</surface>
              <maxspeed>30</maxspeed>
            </gpxtpx:Extensions>
          </gpxtpx:TrackPointExtension>
        </extensions>
      </trkpt>
      <trkpt lat="45.590132" lon="7.795617">
        <ele>314.5</ele>
        <time>2016-11-23T20:13:12.442Z</time>
        <extensions>
          <gpxtpx:TrackPointExtension>
            <gpxtpx:Extensions>
              <reversedirection>yes</reversedirection>
              <highway>residential</highway>
              <surface>asphalt</surface>
              <maxspeed>30</maxspeed>
            </gpxtpx:Extensions>
          </gpxtpx:TrackPointExtension>
        </extensions>
      </trkpt>
      <trkpt lat="45.590146" lon="7.795555">
        <ele>314.5</ele>
        <time>2016-11-23T20:13:13.180Z</time>
        <extensions>
          <gpxtpx:TrackPointExtension>
            <gpxtpx:Extensions>
              <highway>residential</highway>
              <oneway>yes</oneway>
            </gpxtpx:Extensions>
          </gpxtpx:TrackPointExtension>
        </extensions>
      </trkpt>
      <trkpt lat="45.590176" lon="7.795456">
        <ele>314.25</ele>
        <time>2016-11-23T20:13:14.403Z</time>
        <extensions>
          <gpxtpx:TrackPointExtension>
            <gpxtpx:Extensions>
              <highway>residential</highway>
              <oneway>yes</oneway>
            </gpxtpx:Extensions>
          </gpxtpx:TrackPointExtension>
        </extensions>
      </trkpt>
      <trkpt lat="45.590194" lon="7.795406">
        <ele>314.25</ele>
        <time>2016-11-23T20:13:15.040Z</time>
        <extensions>
          <gpxtpx:TrackPointExtension>
            <gpxtpx:Extensions>
              <highway>residential</highway>
              <junction>roundabout</junction>
            </gpxtpx:Extensions>
          </gpxtpx:TrackPointExtension>
        </extensions>
      </trkpt>
      <trkpt lat="45.590204" lon="7.795384">
        <ele>314.25</ele>
        <time>2016-11-23T20:13:15.337Z</time>
        <extensions>
          <gpxtpx:TrackPointExtension>
            <gpxtpx:Extensions>
              <highway>residential</highway>
              <oneway>yes</oneway>
            </gpxtpx:Extensions>
          </gpxtpx:TrackPointExtension>
        </extensions>
      </trkpt>
      <trkpt lat="45.590358" lon="7.795392">
        <ele>314.5</ele>
        <time>2016-11-23T20:13:17.834Z</time>
        <extensions>
          <gpxtpx:TrackPointExtension>
            <gpxtpx:Extensions>
              <reversedirection>yes</reversedirection>
              <highway>residential</highway>
              <surface>asphalt</surface>
              <maxspeed>50</maxspeed>
            </gpxtpx:Extensions>
          </gpxtpx:TrackPointExtension>
        </extensions>
      </trkpt>
      <trkpt lat="45.590368" lon="7.795398">
        <ele>314.5</ele>
        <time>2016-11-23T20:13:18.009Z</time>
        <extensions>
          <gpxtpx:TrackPointExtension>
            <gpxtpx:Extensions>
              <reversedirection>yes</reversedirection>
              <highway>residential</highway>
              <surface>asphalt</surface>
              <maxspeed>50</maxspeed>
            </gpxtpx:Extensions>
          </gpxtpx:TrackPointExtension>
        </extensions>
      </trkpt>
      <trkpt lat="45.590645" lon="7.795596">
        <ele>315.25</ele>
        <time>2016-11-23T20:13:23.028Z</time>
        <extensions>
          <gpxtpx:TrackPointExtension>
            <gpxtpx:Extensions>
              <reversedirection>yes</reversedirection>
              <highway>residential</highway>
              <surface>asphalt</surface>
              <maxspeed>50</maxspeed>
            </gpxtpx:Extensions>
          </gpxtpx:TrackPointExtension>
        </extensions>
      </trkpt>
      <trkpt lat="45.590727" lon="7.795652">
        <ele>315.5</ele>
        <time>2016-11-23T20:13:24.500Z</time>
        <extensions>
          <gpxtpx:TrackPointExtension>
            <gpxtpx:Extensions>
              <reversedirection>yes</reversedirection>
              <highway>residential</highway>
              <surface>asphalt</surface>
              <maxspeed>50</maxspeed>
            </gpxtpx:Extensions>
          </gpxtpx:TrackPointExtension>
        </extensions>
      </trkpt>
      <trkpt lat="45.590888" lon="7.795768">
        <ele>316</ele>
        <time>2016-11-23T20:13:27.422Z</time>
        <extensions>
          <gpxtpx:TrackPointExtension>
            <gpxtpx:Extensions>
              <reversedirection>yes</reversedirection>
              <highway>residential</highway>
              <surface>asphalt</surface>
              <maxspeed>50</maxspeed>
            </gpxtpx:Extensions>
          </gpxtpx:TrackPointExtension>
        </extensions>
      </trkpt>
      <trkpt lat="45.591036" lon="7.795866">
        <ele>316.25</ele>
        <time>2016-11-23T20:13:30.065Z</time>
        <extensions>
          <gpxtpx:TrackPointExtension>
            <gpxtpx:Extensions>
              <reversedirection>yes</reversedirection>
              <highway>residential</highway>
              <surface>asphalt</surface>
              <maxspeed>50</maxspeed>
            </gpxtpx:Extensions>
          </gpxtpx:TrackPointExtension>
        </extensions>
      </trkpt>
      <trkpt lat="45.591151" lon="7.795941">
        <ele>316.75</ele>
        <time>2016-11-23T20:13:32.113Z</time>
        <extensions>
          <gpxtpx:TrackPointExtension>
            <gpxtpx:Extensions>
              <reversedirection>yes</reversedirection>
              <highway>residential</highway>
              <surface>asphalt</surface>
              <maxspeed>50</maxspeed>
            </gpxtpx:Extensions>
          </gpxtpx:TrackPointExtension>
        </extensions>
      </trkpt>
      <trkpt lat="45.591405" lon="7.796107">
        <ele>317.25</ele>
        <time>2016-11-23T20:13:36.639Z</time>
        <extensions>
          <gpxtpx:TrackPointExtension>
            <gpxtpx:Extensions>
              <reversedirection>yes</reversedirection>
              <highway>residential</highway>
              <surface>asphalt</surface>
              <maxspeed>50</maxspeed>
            </gpxtpx:Extensions>
          </gpxtpx:TrackPointExtension>
        </extensions>
      </trkpt>
      <trkpt lat="45.591779" lon="7.796353">
        <ele>318</ele>
        <time>2016-11-23T20:13:43.311Z</time>
        <extensions>
          <gpxtpx:TrackPointExtension>
            <gpxtpx:Extensions>
              <reversedirection>yes</reversedirection>
              <highway>residential</highway>
              <surface>asphalt</surface>
              <maxspeed>50</maxspeed>
            </gpxtpx:Extensions>
          </gpxtpx:TrackPointExtension>
        </extensions>
      </trkpt>
      <trkpt lat="45.591837" lon="7.796394">
        <ele>318.25</ele>
        <time>2016-11-23T20:13:44.359Z</time>
        <extensions>
          <gpxtpx:TrackPointExtension>
            <gpxtpx:Extensions>
              <reversedirection>yes</reversedirection>
              <highway>residential</highway>
              <surface>asphalt</surface>
              <maxspeed>50</maxspeed>
            </gpxtpx:Extensions>
          </gpxtpx:TrackPointExtension>
        </extensions>
      </trkpt>
      <trkpt lat="45.592206" lon="7.796652">
        <ele>319.25</ele>
        <time>2016-11-23T20:13:51.016Z</time>
        <extensions>
          <gpxtpx:TrackPointExtension>
            <gpxtpx:Extensions>
              <reversedirection>yes</reversedirection>
              <highway>residential</highway>
              <surface>asphalt</surface>
              <maxspeed>30</maxspeed>
            </gpxtpx:Extensions>
          </gpxtpx:TrackPointExtension>
        </extensions>
      </trkpt>
      <trkpt lat="45.592445" lon="7.79682">
        <ele>319.75</ele>
        <time>2016-11-23T20:13:55.332Z</time>
        <extensions>
          <gpxtpx:TrackPointExtension>
            <gpxtpx:Extensions>
              <reversedirection>yes</reversedirection>
              <highway>residential</highway>
              <surface>asphalt</surface>
              <maxspeed>30</maxspeed>
            </gpxtpx:Extensions>
          </gpxtpx:TrackPointExtension>
        </extensions>
      </trkpt>
      <trkpt lat="45.592512" lon="7.796867">
        <ele>320</ele>
        <time>2016-11-23T20:13:56.541Z</time>
        <extensions>
          <gpxtpx:TrackPointExtension>
            <gpxtpx:Extensions>
              <reversedirection>yes</reversedirection>
              <highway>residential</highway>
              <surface>asphalt</surface>
              <maxspeed>30</maxspeed>
            </gpxtpx:Extensions>
          </gpxtpx:TrackPointExtension>
        </extensions>
      </trkpt>
      <trkpt lat="45.5927" lon="7.796999">
        <ele>321</ele>
        <time>2016-11-23T20:13:59.935Z</time>
        <extensions>
          <gpxtpx:TrackPointExtension>
            <gpxtpx:Extensions>
              <reversedirection>yes</reversedirection>
              <highway>residential</highway>
              <surface>asphalt</surface>
              <maxspeed>30</maxspeed>
            </gpxtpx:Extensions>
          </gpxtpx:TrackPointExtension>
        </extensions>
      </trkpt>
      <trkpt lat="45.592999" lon="7.797209">
        <ele>322.75</ele>
        <time>2016-11-23T20:14:05.334Z</time>
        <extensions>
          <gpxtpx:TrackPointExtension>
            <gpxtpx:Extensions>
              <reversedirection>yes</reversedirection>
              <highway>residential</highway>
              <surface>asphalt</surface>
              <maxspeed>30</maxspeed>
            </gpxtpx:Extensions>
          </gpxtpx:TrackPointExtension>
        </extensions>
      </trkpt>
      <trkpt lat="45.593351" lon="7.79744">
        <ele>324.75</ele>
        <time>2016-11-23T20:14:11.611Z</time>
        <extensions>
          <gpxtpx:TrackPointExtension>
            <gpxtpx:Extensions>
              <reversedirection>yes</reversedirection>
              <highway>residential</highway>
              <surface>asphalt</surface>
              <maxspeed>30</maxspeed>
            </gpxtpx:Extensions>
          </gpxtpx:TrackPointExtension>
        </extensions>
      </trkpt>
      <trkpt lat="45.593458" lon="7.79751">
        <ele>325.25</ele>
        <time>2016-11-23T20:14:13.518Z</time>
        <extensions>
          <gpxtpx:TrackPointExtension>
            <gpxtpx:Extensions>
              <reversedirection>yes</reversedirection>
              <highway>residential</highway>
              <surface>asphalt</surface>
              <maxspeed>30</maxspeed>
            </gpxtpx:Extensions>
          </gpxtpx:TrackPointExtension>
        </extensions>
      </trkpt>
      <trkpt lat="45.593481" lon="7.797525">
        <ele>325.5</ele>
        <time>2016-11-23T20:14:13.928Z</time>
        <extensions>
          <gpxtpx:TrackPointExtension>
            <gpxtpx:Extensions>
              <reversedirection>yes</reversedirection>
              <highway>residential</highway>
              <surface>asphalt</surface>
              <maxspeed>30</maxspeed>
            </gpxtpx:Extensions>
          </gpxtpx:TrackPointExtension>
        </extensions>
      </trkpt>
      <trkpt lat="45.593501" lon="7.797539">
        <ele>325.5</ele>
        <time>2016-11-23T20:14:14.288Z</time>
        <extensions>
          <gpxtpx:TrackPointExtension>
            <gpxtpx:Extensions>
              <reversedirection>yes</reversedirection>
              <highway>residential</highway>
              <surface>asphalt</surface>
              <maxspeed>30</maxspeed>
            </gpxtpx:Extensions>
          </gpxtpx:TrackPointExtension>
        </extensions>
      </trkpt>
      <trkpt lat="45.593664" lon="7.797648">
        <ele>326.25</ele>
        <time>2016-11-23T20:14:17.204Z</time>
        <extensions>
          <gpxtpx:TrackPointExtension>
            <gpxtpx:Extensions>
              <reversedirection>yes</reversedirection>
              <highway>residential</highway>
              <surface>asphalt</surface>
              <maxspeed>10</maxspeed>
            </gpxtpx:Extensions>
          </gpxtpx:TrackPointExtension>
        </extensions>
      </trkpt>
      <trkpt lat="45.593745" lon="7.797702">
        <ele>326.5</ele>
        <time>2016-11-23T20:14:18.652Z</time>
        <extensions>
          <gpxtpx:TrackPointExtension>
            <gpxtpx:Extensions>
              <reversedirection>yes</reversedirection>
              <highway>residential</highway>
              <surface>asphalt</surface>
              <maxspeed>10</maxspeed>
            </gpxtpx:Extensions>
          </gpxtpx:TrackPointExtension>
        </extensions>
      </trkpt>
      <trkpt lat="45.593952" lon="7.797842">
        <ele>327.25</ele>
        <time>2016-11-23T20:14:22.363Z</time>
        <extensions>
          <gpxtpx:TrackPointExtension>
            <gpxtpx:Extensions>
              <reversedirection>yes</reversedirection>
              <highway>residential</highway>
              <surface>asphalt</surface>
              <maxspeed>10</maxspeed>
            </gpxtpx:Extensions>
          </gpxtpx:TrackPointExtension>
        </extensions>
      </trkpt>
      <trkpt lat="45.594316" lon="7.798087">
        <ele>328.25</ele>
        <time>2016-11-23T20:14:28.883Z</time>
        <extensions>
          <gpxtpx:TrackPointExtension>
            <gpxtpx:Extensions>
              <reversedirection>yes</reversedirection>
              <highway>residential</highway>
              <surface>asphalt</surface>
              <maxspeed>10</maxspeed>
            </gpxtpx:Extensions>
          </gpxtpx:TrackPointExtension>
        </extensions>
      </trkpt>
      <trkpt lat="45.594533" lon="7.798236">
        <ele>328.5</ele>
        <time>2016-11-23T20:14:32.784Z</time>
        <extensions>
          <gpxtpx:TrackPointExtension>
            <gpxtpx:Extensions>
              <reversedirection>yes</reversedirection>
              <highway>residential</highway>
              <surface>asphalt</surface>
              <maxspeed>50</maxspeed>
            </gpxtpx:Extensions>
          </gpxtpx:TrackPointExtension>
        </extensions>
      </trkpt>
      <trkpt lat="45.594661" lon="7.798324">
        <ele>328.5</ele>
        <time>2016-11-23T20:14:35.086Z</time>
        <extensions>
          <gpxtpx:TrackPointExtension>
            <gpxtpx:Extensions>
              <reversedirection>yes</reversedirection>
              <highway>residential</highway>
              <surface>asphalt</surface>
              <maxspeed>50</maxspeed>
            </gpxtpx:Extensions>
          </gpxtpx:TrackPointExtension>
        </extensions>
      </trkpt>
      <trkpt lat="45.594696" lon="7.798343">
        <ele>328.5</ele>
        <time>2016-11-23T20:14:35.692Z</time>
        <extensions>
          <gpxtpx:TrackPointExtension>
            <gpxtpx:Extensions>
              <highway>residential</highway>
              <surface>asphalt</surface>
              <maxspeed>50</maxspeed>
              <oneway>yes</oneway>
            </gpxtpx:Extensions>
          </gpxtpx:TrackPointExtension>
        </extensions>
      </trkpt>
      <trkpt lat="45.594727" lon="7.798386">
        <ele>328.75</ele>
        <time>2016-11-23T20:14:36.392Z</time>
        <extensions>
          <gpxtpx:TrackPointExtension>
            <gpxtpx:Extensions>
              <highway>residential</highway>
              <surface>asphalt</surface>
              <maxspeed>50</maxspeed>
              <oneway>yes</oneway>
            </gpxtpx:Extensions>
          </gpxtpx:TrackPointExtension>
        </extensions>
      </trkpt>
      <trkpt lat="45.594833" lon="7.798387">
        <ele>329</ele>
        <time>2016-11-23T20:14:38.006Z</time>
        <extensions>
          <gpxtpx:TrackPointExtension>
            <gpxtpx:Extensions>
              <highway>residential</highway>
              <surface>asphalt</surface>
              <maxspeed>50</maxspeed>
              <oneway>yes</oneway>
            </gpxtpx:Extensions>
          </gpxtpx:TrackPointExtension>
        </extensions>
      </trkpt>
      <trkpt lat="45.594831" lon="7.798387">
        <ele>328.75</ele>
        <time>2016-11-23T20:14:38.037Z</time>
        <extensions>
          <gpxtpx:TrackPointExtension>
            <gpxtpx:Extensions>
              <highway>residential</highway>
              <surface>asphalt</surface>
              <maxspeed>50</maxspeed>
              <oneway>yes</oneway>
            </gpxtpx:Extensions>
          </gpxtpx:TrackPointExtension>
        </extensions>
      </trkpt>
      <trkpt lat="45.594932" lon="7.798388">
        <ele>329</ele>
        <time>2016-11-23T20:14:39.575Z</time>
        <extensions>
          <gpxtpx:TrackPointExtension>
            <gpxtpx:Extensions>
              <highway>residential</highway>
              <surface>asphalt</surface>
              <maxspeed>50</maxspeed>
              <oneway>yes</oneway>
            </gpxtpx:Extensions>
          </gpxtpx:TrackPointExtension>
        </extensions>
      </trkpt>
      <trkpt lat="45.595041" lon="7.79838">
        <ele>329.25</ele>
        <time>2016-11-23T20:14:41.237Z</time>
        <extensions>
          <gpxtpx:TrackPointExtension>
            <gpxtpx:Extensions>
              <highway>primary</highway>
              <surface>asphalt</surface>
              <maxspeed>50</maxspeed>
              <junction>roundabout</junction>
            </gpxtpx:Extensions>
          </gpxtpx:TrackPointExtension>
        </extensions>
      </trkpt>
      <trkpt lat="45.595044" lon="7.798392">
        <ele>329.25</ele>
        <time>2016-11-23T20:14:41.373Z</time>
        <extensions>
          <gpxtpx:TrackPointExtension>
            <gpxtpx:Extensions>
              <highway>primary</highway>
              <surface>asphalt</surface>
              <maxspeed>50</maxspeed>
              <junction>roundabout</junction>
            </gpxtpx:Extensions>
          </gpxtpx:TrackPointExtension>
        </extensions>
      </trkpt>
      <trkpt lat="45.595057" lon="7.79843">
        <ele>329.5</ele>
        <time>2016-11-23T20:14:41.823Z</time>
        <extensions>
          <gpxtpx:TrackPointExtension>
            <gpxtpx:Extensions>
              <highway>primary</highway>
              <surface>asphalt</surface>
              <maxspeed>50</maxspeed>
              <junction>roundabout</junction>
            </gpxtpx:Extensions>
          </gpxtpx:TrackPointExtension>
        </extensions>
      </trkpt>
      <trkpt lat="45.595076" lon="7.798462">
        <ele>329.75</ele>
        <time>2016-11-23T20:14:42.270Z</time>
        <extensions>
          <gpxtpx:TrackPointExtension>
            <gpxtpx:Extensions>
              <highway>primary</highway>
              <surface>asphalt</surface>
              <maxspeed>50</maxspeed>
              <junction>roundabout</junction>
            </gpxtpx:Extensions>
          </gpxtpx:TrackPointExtension>
        </extensions>
      </trkpt>
      <trkpt lat="45.595127" lon="7.798502">
        <ele>330</ele>
        <time>2016-11-23T20:14:43.155Z</time>
        <extensions>
          <gpxtpx:TrackPointExtension>
            <gpxtpx:Extensions>
              <highway>primary</highway>
              <surface>asphalt</surface>
              <maxspeed>50</maxspeed>
              <junction>roundabout</junction>
            </gpxtpx:Extensions>
          </gpxtpx:TrackPointExtension>
        </extensions>
      </trkpt>
      <trkpt lat="45.595156" lon="7.798508">
        <ele>330.25</ele>
        <time>2016-11-23T20:14:43.601Z</time>
        <extensions>
          <gpxtpx:TrackPointExtension>
            <gpxtpx:Extensions>
              <highway>primary</highway>
              <surface>asphalt</surface>
              <maxspeed>50</maxspeed>
              <junction>roundabout</junction>
            </gpxtpx:Extensions>
          </gpxtpx:TrackPointExtension>
        </extensions>
      </trkpt>
      <trkpt lat="45.595187" lon="7.798504">
        <ele>330.5</ele>
        <time>2016-11-23T20:14:44.074Z</time>
        <extensions>
          <gpxtpx:TrackPointExtension>
            <gpxtpx:Extensions>
              <highway>primary</highway>
              <surface>asphalt</surface>
              <maxspeed>50</maxspeed>
              <junction>roundabout</junction>
            </gpxtpx:Extensions>
          </gpxtpx:TrackPointExtension>
        </extensions>
      </trkpt>
      <trkpt lat="45.595216" lon="7.798489">
        <ele>330.5</ele>
        <time>2016-11-23T20:14:44.543Z</time>
        <extensions>
          <gpxtpx:TrackPointExtension>
            <gpxtpx:Extensions>
              <highway>primary</highway>
              <surface>asphalt</surface>
              <maxspeed>50</maxspeed>
              <junction>roundabout</junction>
            </gpxtpx:Extensions>
          </gpxtpx:TrackPointExtension>
        </extensions>
      </trkpt>
      <trkpt lat="45.595241" lon="7.798463">
        <ele>330.75</ele>
        <time>2016-11-23T20:14:45.013Z</time>
        <extensions>
          <gpxtpx:TrackPointExtension>
            <gpxtpx:Extensions>
              <highway>secondary</highway>
              <surface>asphalt</surface>
              <oneway>yes</oneway>
            </gpxtpx:Extensions>
          </gpxtpx:TrackPointExtension>
        </extensions>
      </trkpt>
      <trkpt lat="45.595372" lon="7.798395">
        <ele>331.25</ele>
        <time>2016-11-23T20:14:47.135Z</time>
        <extensions>
          <gpxtpx:TrackPointExtension>
            <gpxtpx:Extensions>
              <highway>secondary</highway>
              <surface>asphalt</surface>
              <oneway>yes</oneway>
            </gpxtpx:Extensions>
          </gpxtpx:TrackPointExtension>
        </extensions>
      </trkpt>
      <trkpt lat="45.595473" lon="7.798358">
        <ele>331.75</ele>
        <time>2016-11-23T20:14:48.722Z</time>
        <extensions>
          <gpxtpx:TrackPointExtension>
            <gpxtpx:Extensions>
              <highway>secondary</highway>
              <surface>asphalt</surface>
              <maxspeed>50</maxspeed>
            </gpxtpx:Extensions>
          </gpxtpx:TrackPointExtension>
        </extensions>
      </trkpt>
      <trkpt lat="45.595591" lon="7.798342">
        <ele>332.5</ele>
        <time>2016-11-23T20:14:50.526Z</time>
        <extensions>
          <gpxtpx:TrackPointExtension>
            <gpxtpx:Extensions>
              <highway>secondary</highway>
              <surface>asphalt</surface>
              <maxspeed>50</maxspeed>
            </gpxtpx:Extensions>
          </gpxtpx:TrackPointExtension>
        </extensions>
      </trkpt>
      <trkpt lat="45.595636" lon="7.798333">
        <ele>332.75</ele>
        <time>2016-11-23T20:14:51.217Z</time>
        <extensions>
          <gpxtpx:TrackPointExtension>
            <gpxtpx:Extensions>
              <highway>secondary</highway>
              <surface>asphalt</surface>
              <maxspeed>50</maxspeed>
            </gpxtpx:Extensions>
          </gpxtpx:TrackPointExtension>
        </extensions>
      </trkpt>
      <trkpt lat="45.595664" lon="7.798328">
        <ele>332.75</ele>
        <time>2016-11-23T20:14:51.646Z</time>
        <extensions>
          <gpxtpx:TrackPointExtension>
            <gpxtpx:Extensions>
              <highway>secondary</highway>
              <surface>asphalt</surface>
              <maxspeed>50</maxspeed>
            </gpxtpx:Extensions>
          </gpxtpx:TrackPointExtension>
        </extensions>
      </trkpt>
      <trkpt lat="45.595709" lon="7.798319">
        <ele>333.25</ele>
        <time>2016-11-23T20:14:52.337Z</time>
        <extensions>
          <gpxtpx:TrackPointExtension>
            <gpxtpx:Extensions>
              <highway>secondary</highway>
              <surface>asphalt</surface>
              <maxspeed>50</maxspeed>
            </gpxtpx:Extensions>
          </gpxtpx:TrackPointExtension>
        </extensions>
      </trkpt>
      <trkpt lat="45.595814" lon="7.798317">
        <ele>333.75</ele>
        <time>2016-11-23T20:14:53.936Z</time>
        <extensions>
          <gpxtpx:TrackPointExtension>
            <gpxtpx:Extensions>
              <highway>secondary</highway>
              <surface>asphalt</surface>
              <maxspeed>50</maxspeed>
            </gpxtpx:Extensions>
          </gpxtpx:TrackPointExtension>
        </extensions>
      </trkpt>
      <trkpt lat="45.595858" lon="7.798326">
        <ele>334</ele>
        <time>2016-11-23T20:14:54.612Z</time>
        <extensions>
          <gpxtpx:TrackPointExtension>
            <gpxtpx:Extensions>
              <highway>secondary</highway>
              <surface>asphalt</surface>
              <maxspeed>50</maxspeed>
            </gpxtpx:Extensions>
          </gpxtpx:TrackPointExtension>
        </extensions>
      </trkpt>
      <trkpt lat="45.596141" lon="7.798396">
        <ele>335.5</ele>
        <time>2016-11-23T20:14:58.985Z</time>
        <extensions>
          <gpxtpx:TrackPointExtension>
            <gpxtpx:Extensions>
              <highway>secondary</highway>
              <surface>asphalt</surface>
              <maxspeed>50</maxspeed>
            </gpxtpx:Extensions>
          </gpxtpx:TrackPointExtension>
        </extensions>
      </trkpt>
      <trkpt lat="45.59616" lon="7.798401">
        <ele>335.75</ele>
        <time>2016-11-23T20:14:59.279Z</time>
        <extensions>
          <gpxtpx:TrackPointExtension>
            <gpxtpx:Extensions>
              <highway>secondary</highway>
              <surface>asphalt</surface>
              <maxspeed>50</maxspeed>
            </gpxtpx:Extensions>
          </gpxtpx:TrackPointExtension>
        </extensions>
      </trkpt>
      <trkpt lat="45.596205" lon="7.798448">
        <ele>336</ele>
        <time>2016-11-23T20:15:00.127Z</time>
        <extensions>
          <gpxtpx:TrackPointExtension>
            <gpxtpx:Extensions>
              <highway>secondary</highway>
              <surface>asphalt</surface>
              <maxspeed>50</maxspeed>
            </gpxtpx:Extensions>
          </gpxtpx:TrackPointExtension>
        </extensions>
      </trkpt>
      <trkpt lat="45.596353" lon="7.798575">
        <ele>337.25</ele>
        <time>2016-11-23T20:15:02.755Z</time>
        <extensions>
          <gpxtpx:TrackPointExtension>
            <gpxtpx:Extensions>
              <highway>secondary</highway>
              <surface>asphalt</surface>
              <maxspeed>50</maxspeed>
            </gpxtpx:Extensions>
          </gpxtpx:TrackPointExtension>
        </extensions>
      </trkpt>
      <trkpt lat="45.596455" lon="7.798664">
        <ele>338</ele>
        <time>2016-11-23T20:15:04.574Z</time>
        <extensions>
          <gpxtpx:TrackPointExtension>
            <gpxtpx:Extensions>
              <highway>secondary</highway>
              <surface>asphalt</surface>
              <maxspeed>50</maxspeed>
            </gpxtpx:Extensions>
          </gpxtpx:TrackPointExtension>
        </extensions>
      </trkpt>
      <trkpt lat="45.596706" lon="7.798883">
        <ele>340</ele>
        <time>2016-11-23T20:15:09.052Z</time>
        <extensions>
          <gpxtpx:TrackPointExtension>
            <gpxtpx:Extensions>
              <highway>secondary</highway>
              <surface>asphalt</surface>
              <maxspeed>50</maxspeed>
            </gpxtpx:Extensions>
          </gpxtpx:TrackPointExtension>
        </extensions>
      </trkpt>
      <trkpt lat="45.597006" lon="7.799136">
        <ele>341.5</ele>
        <time>2016-11-23T20:15:14.356Z</time>
        <extensions>
          <gpxtpx:TrackPointExtension>
            <gpxtpx:Extensions>
              <highway>secondary</highway>
              <surface>asphalt</surface>
              <maxspeed>50</maxspeed>
            </gpxtpx:Extensions>
          </gpxtpx:TrackPointExtension>
        </extensions>
      </trkpt>
      <trkpt lat="45.597132" lon="7.799242">
        <ele>342.75</ele>
        <time>2016-11-23T20:15:16.582Z</time>
        <extensions>
          <gpxtpx:TrackPointExtension>
            <gpxtpx:Extensions>
              <highway>secondary</highway>
              <surface>asphalt</surface>
              <maxspeed>50</maxspeed>
            </gpxtpx:Extensions>
          </gpxtpx:TrackPointExtension>
        </extensions>
      </trkpt>
      <trkpt lat="45.597265" lon="7.799355">
        <ele>344</ele>
        <time>2016-11-23T20:15:18.938Z</time>
        <extensions>
          <gpxtpx:TrackPointExtension>
            <gpxtpx:Extensions>
              <highway>secondary</highway>
              <surface>asphalt</surface>
              <maxspeed>50</maxspeed>
            </gpxtpx:Extensions>
          </gpxtpx:TrackPointExtension>
        </extensions>
      </trkpt>
      <trkpt lat="45.597344" lon="7.799421">
        <ele>344.5</ele>
        <time>2016-11-23T20:15:20.331Z</time>
        <extensions>
          <gpxtpx:TrackPointExtension>
            <gpxtpx:Extensions>
              <highway>secondary</highway>
              <surface>asphalt</surface>
              <maxspeed>50</maxspeed>
            </gpxtpx:Extensions>
          </gpxtpx:TrackPointExtension>
        </extensions>
      </trkpt>
      <trkpt lat="45.59737" lon="7.799444">
        <ele>344.5</ele>
        <time>2016-11-23T20:15:20.796Z</time>
        <extensions>
          <gpxtpx:TrackPointExtension>
            <gpxtpx:Extensions>
              <highway>secondary</highway>
              <surface>asphalt</surface>
              <maxspeed>50</maxspeed>
            </gpxtpx:Extensions>
          </gpxtpx:TrackPointExtension>
        </extensions>
      </trkpt>
      <trkpt lat="45.597583" lon="7.799622">
        <ele>345.25</ele>
        <time>2016-11-23T20:15:24.553Z</time>
        <extensions>
          <gpxtpx:TrackPointExtension>
            <gpxtpx:Extensions>
              <highway>secondary</highway>
              <surface>asphalt</surface>
              <maxspeed>50</maxspeed>
            </gpxtpx:Extensions>
          </gpxtpx:TrackPointExtension>
        </extensions>
      </trkpt>
      <trkpt lat="45.597801" lon="7.799805">
        <ele>347.25</ele>
        <time>2016-11-23T20:15:28.403Z</time>
        <extensions>
          <gpxtpx:TrackPointExtension>
            <gpxtpx:Extensions>
              <highway>secondary</highway>
              <surface>asphalt</surface>
              <maxspeed>50</maxspeed>
            </gpxtpx:Extensions>
          </gpxtpx:TrackPointExtension>
        </extensions>
      </trkpt>
      <trkpt lat="45.597867" lon="7.79986">
        <ele>347.75</ele>
        <time>2016-11-23T20:15:29.566Z</time>
        <extensions>
          <gpxtpx:TrackPointExtension>
            <gpxtpx:Extensions>
              <highway>secondary</highway>
              <surface>asphalt</surface>
              <maxspeed>50</maxspeed>
            </gpxtpx:Extensions>
          </gpxtpx:TrackPointExtension>
        </extensions>
      </trkpt>
      <trkpt lat="45.598" lon="7.799971">
        <ele>349</ele>
        <time>2016-11-23T20:15:31.911Z</time>
        <extensions>
          <gpxtpx:TrackPointExtension>
            <gpxtpx:Extensions>
              <highway>secondary</highway>
              <surface>asphalt</surface>
              <maxspeed>50</maxspeed>
            </gpxtpx:Extensions>
          </gpxtpx:TrackPointExtension>
        </extensions>
      </trkpt>
      <trkpt lat="45.598099" lon="7.800041">
        <ele>350.75</ele>
        <time>2016-11-23T20:15:33.593Z</time>
        <extensions>
          <gpxtpx:TrackPointExtension>
            <gpxtpx:Extensions>
              <highway>secondary</highway>
              <surface>asphalt</surface>
              <maxspeed>50</maxspeed>
            </gpxtpx:Extensions>
          </gpxtpx:TrackPointExtension>
        </extensions>
      </trkpt>
      <trkpt lat="45.598174" lon="7.800081">
        <ele>352</ele>
        <time>2016-11-23T20:15:34.812Z</time>
        <extensions>
          <gpxtpx:TrackPointExtension>
            <gpxtpx:Extensions>
              <highway>secondary</highway>
              <surface>asphalt</surface>
              <maxspeed>50</maxspeed>
            </gpxtpx:Extensions>
          </gpxtpx:TrackPointExtension>
        </extensions>
      </trkpt>
      <trkpt lat="45.598258" lon="7.80009">
        <ele>352.75</ele>
        <time>2016-11-23T20:15:36.094Z</time>
        <extensions>
          <gpxtpx:TrackPointExtension>
            <gpxtpx:Extensions>
              <highway>secondary</highway>
              <surface>asphalt</surface>
              <maxspeed>50</maxspeed>
            </gpxtpx:Extensions>
          </gpxtpx:TrackPointExtension>
        </extensions>
      </trkpt>
      <trkpt lat="45.598328" lon="7.800065">
        <ele>352.5</ele>
        <time>2016-11-23T20:15:37.192Z</time>
        <extensions>
          <gpxtpx:TrackPointExtension>
            <gpxtpx:Extensions>
              <highway>secondary</highway>
              <surface>asphalt</surface>
              <maxspeed>50</maxspeed>
            </gpxtpx:Extensions>
          </gpxtpx:TrackPointExtension>
        </extensions>
      </trkpt>
      <trkpt lat="45.59845" lon="7.799982">
        <ele>350.75</ele>
        <time>2016-11-23T20:15:39.249Z</time>
        <extensions>
          <gpxtpx:TrackPointExtension>
            <gpxtpx:Extensions>
              <highway>secondary</highway>
              <surface>asphalt</surface>
              <maxspeed>50</maxspeed>
            </gpxtpx:Extensions>
          </gpxtpx:TrackPointExtension>
        </extensions>
      </trkpt>
      <trkpt lat="45.598575" lon="7.799881">
        <ele>350</ele>
        <time>2016-11-23T20:15:41.435Z</time>
        <extensions>
          <gpxtpx:TrackPointExtension>
            <gpxtpx:Extensions>
              <reversedirection>yes</reversedirection>
              <highway>secondary</highway>
              <surface>paving_stones</surface>
              <maxspeed>50</maxspeed>
            </gpxtpx:Extensions>
          </gpxtpx:TrackPointExtension>
        </extensions>
      </trkpt>
      <trkpt lat="45.59861" lon="7.799853">
        <ele>349.75</ele>
        <time>2016-11-23T20:15:42.045Z</time>
        <extensions>
          <gpxtpx:TrackPointExtension>
            <gpxtpx:Extensions>
              <reversedirection>yes</reversedirection>
              <highway>secondary</highway>
              <surface>paving_stones</surface>
              <maxspeed>50</maxspeed>
            </gpxtpx:Extensions>
          </gpxtpx:TrackPointExtension>
        </extensions>
      </trkpt>
      <trkpt lat="45.598833" lon="7.799646">
        <ele>348</ele>
        <time>2016-11-23T20:15:46.094Z</time>
        <extensions>
          <gpxtpx:TrackPointExtension>
            <gpxtpx:Extensions>
              <reversedirection>yes</reversedirection>
              <highway>secondary</highway>
              <surface>paving_stones</surface>
              <maxspeed>50</maxspeed>
            </gpxtpx:Extensions>
          </gpxtpx:TrackPointExtension>
        </extensions>
      </trkpt>
      <trkpt lat="45.598921" lon="7.799569">
        <ele>347.5</ele>
        <time>2016-11-23T20:15:47.665Z</time>
        <extensions>
          <gpxtpx:TrackPointExtension>
            <gpxtpx:Extensions>
              <reversedirection>yes</reversedirection>
              <highway>secondary</highway>
              <surface>paving_stones</surface>
              <maxspeed>50</maxspeed>
            </gpxtpx:Extensions>
          </gpxtpx:TrackPointExtension>
        </extensions>
      </trkpt>
      <trkpt lat="45.599153" lon="7.79937">
        <ele>345.5</ele>
        <time>2016-11-23T20:15:51.785Z</time>
        <extensions>
          <gpxtpx:TrackPointExtension>
            <gpxtpx:Extensions>
              <reversedirection>yes</reversedirection>
              <highway>secondary</highway>
              <surface>cobblestone</surface>
              <maxspeed>50</maxspeed>
            </gpxtpx:Extensions>
          </gpxtpx:TrackPointExtension>
        </extensions>
      </trkpt>
      <trkpt lat="45.599271" lon="7.799272">
        <ele>348</ele>
        <time>2016-11-23T20:15:53.863Z</time>
        <extensions>
          <gpxtpx:TrackPointExtension>
            <gpxtpx:Extensions>
              <highway>residential</highway>
              <surface>asphalt</surface>
            </gpxtpx:Extensions>
          </gpxtpx:TrackPointExtension>
        </extensions>
      </trkpt>
      <trkpt lat="45.599294" lon="7.799319">
        <ele>349</ele>
        <time>2016-11-23T20:15:54.474Z</time>
        <extensions>
          <gpxtpx:TrackPointExtension>
            <gpxtpx:Extensions>
              <highway>residential</highway>
              <surface>asphalt</surface>
            </gpxtpx:Extensions>
          </gpxtpx:TrackPointExtension>
        </extensions>
      </trkpt>
      <trkpt lat="45.599301" lon="7.799332">
        <ele>351.75</ele>
        <time>2016-11-23T20:15:54.633Z</time>
        <extensions>
          <gpxtpx:TrackPointExtension>
            <gpxtpx:Extensions>
              <highway>residential</highway>
              <surface>asphalt</surface>
            </gpxtpx:Extensions>
          </gpxtpx:TrackPointExtension>
        </extensions>
      </trkpt>
      <trkpt lat="45.5993" lon="7.799331">
        <ele>349.25</ele>
        <time>2016-11-23T20:15:54.649Z</time>
        <extensions>
          <gpxtpx:TrackPointExtension>
            <gpxtpx:Extensions>
              <highway>residential</highway>
              <surface>asphalt</surface>
            </gpxtpx:Extensions>
          </gpxtpx:TrackPointExtension>
        </extensions>
      </trkpt>
      <trkpt lat="45.599349" lon="7.799426">
        <ele>351.75</ele>
        <time>2016-11-23T20:15:55.795Z</time>
        <extensions>
          <gpxtpx:TrackPointExtension>
            <gpxtpx:Extensions>
              <highway>residential</highway>
              <surface>asphalt</surface>
            </gpxtpx:Extensions>
          </gpxtpx:TrackPointExtension>
        </extensions>
      </trkpt>
      <trkpt lat="45.599407" lon="7.799539">
        <ele>354.5</ele>
        <time>2016-11-23T20:15:57.156Z</time>
        <extensions>
          <gpxtpx:TrackPointExtension>
            <gpxtpx:Extensions>
              <highway>service</highway>
            </gpxtpx:Extensions>
          </gpxtpx:TrackPointExtension>
        </extensions>
      </trkpt>
      <trkpt lat="45.599524" lon="7.799421">
        <ele>360.25</ele>
        <time>2016-11-23T20:15:59.144Z</time>
        <extensions>
          <gpxtpx:TrackPointExtension>
            <gpxtpx:Extensions>
              <highway>service</highway>
            </gpxtpx:Extensions>
          </gpxtpx:TrackPointExtension>
        </extensions>
      </trkpt>
      <trkpt lat="45.599658" lon="7.799286">
        <ele>360.25</ele>
        <time>2016-11-23T20:16:01.420Z</time>
        <extensions>
          <gpxtpx:TrackPointExtension>
            <gpxtpx:Extensions>
              <highway>service</highway>
            </gpxtpx:Extensions>
          </gpxtpx:TrackPointExtension>
        </extensions>
      </trkpt>
      <trkpt lat="45.599607" lon="7.799185">
        <ele>357.75</ele>
        <time>2016-11-23T20:16:02.630Z</time>
        <extensions>
          <gpxtpx:TrackPointExtension>
            <gpxtpx:Extensions>
              <highway>service</highway>
            </gpxtpx:Extensions>
          </gpxtpx:TrackPointExtension>
        </extensions>
      </trkpt>
      <trkpt lat="45.599599" lon="7.79917">
        <ele>357.5</ele>
        <time>2016-11-23T20:16:02.812Z</time>
        <extensions>
          <gpxtpx:TrackPointExtension>
            <gpxtpx:Extensions>
              <highway>service</highway>
            </gpxtpx:Extensions>
          </gpxtpx:TrackPointExtension>
        </extensions>
      </trkpt>
      <trkpt lat="45.599565" lon="7.799102">
        <ele>356</ele>
        <time>2016-11-23T20:16:03.623Z</time>
      </trkpt>
    </trkseg>
  </trk>
</gpx>
