<?xml version="1.0" encoding="UTF-8"?>
<gpx creator="Wikiloc - http://www.wikiloc.com" version="1.1" schemaLocation="http://www.topografix.com/GPX/1/1 http://www.topografix.com/GPX/1/1/gpx.xsd" xmlns="http://www.topografix.com/GPX/1/1" xmlns:xsi="http://www.w3.org/2001/XMLSchema-instance" xsi:schemaLocation="http://www.topografix.com/GPX/1/1 http://www.topografix.com/GPX/1/1/gpx.xsd http://www.garmin.com/xmlschemas/GpxExtensions/v3 http://www.garmin.com/xmlschemas/GpxExtensionsv3.xsd http://www.garmin.com/xmlschemas/TrackPointExtension/v1 http://www.garmin.com/xmlschemas/TrackPointExtensionv1.xsd http://www.garmin.com/xmlschemas/PowerExtension/v1 http://www.garmin.com/xmlschemas/PowerExtensionv1.xsd http://www.topografix.com/GPX/gpx_style/0/2 http://www.topografix.com/GPX/gpx_style/0/2/gpx_style.xsd" xmlns:gpxtpx="http://www.garmin.com/xmlschemas/TrackPointExtension/v1" xmlns:gpxx="http://www.garmin.com/xmlschemas/GpxExtensions/v3" xmlns:gpxpx="http://www.garmin.com/xmlschemas/PowerExtension/v1" xmlns:gpx_style="http://www.topografix.com/GPX/gpx_style/0/2">
  <metadata>
    <name>277 FCA Linea D out</name>
    <author>
      <name>gpx.studio</name>
      <link href="https://gpx.studio"/>
    </author>
    <link href="https://www.wikiloc.com/wikiloc/view.do?id=134854219">
      <text>277 FCA Linea D out on Wikiloc</text>
    </link>
    <time>2023-05-15T12:14:25.000Z</time>
  </metadata>
  <trk>
    <name>277 FCA Linea D out</name>
    <cmt>277 FCA Linea D out</cmt>
    <desc>277 FCA Linea D out</desc>
    <trkseg>
      <trkpt lat="44.995025" lon="7.500279">
        <ele>283.25</ele>
        <time>2023-05-15T12:14:24.130Z</time>
        <extensions>
          <gpxtpx:TrackPointExtension>
            <gpxtpx:Extensions>
              <reversedirection>yes</reversedirection>
              <highway>secondary</highway>
              <surface>asphalt</surface>
              <maxspeed>50</maxspeed>
              <oneway>no</oneway>
            </gpxtpx:Extensions>
          </gpxtpx:TrackPointExtension>
        </extensions>
      </trkpt>
      <trkpt lat="44.996522" lon="7.505538">
        <ele>282.25</ele>
        <time>2023-05-15T12:15:16.275Z</time>
        <extensions>
          <gpxtpx:TrackPointExtension>
            <gpxtpx:Extensions>
              <reversedirection>yes</reversedirection>
              <highway>secondary</highway>
              <surface>asphalt</surface>
              <maxspeed>50</maxspeed>
              <oneway>no</oneway>
            </gpxtpx:Extensions>
          </gpxtpx:TrackPointExtension>
        </extensions>
      </trkpt>
      <trkpt lat="44.996575" lon="7.505723">
        <ele>282</ele>
        <time>2023-05-15T12:15:18.110Z</time>
        <extensions>
          <gpxtpx:TrackPointExtension>
            <gpxtpx:Extensions>
              <highway>secondary</highway>
              <surface>asphalt</surface>
              <maxspeed>30</maxspeed>
              <junction>roundabout</junction>
            </gpxtpx:Extensions>
          </gpxtpx:TrackPointExtension>
        </extensions>
      </trkpt>
      <trkpt lat="44.996551" lon="7.505746">
        <ele>282</ele>
        <time>2023-05-15T12:15:18.487Z</time>
        <extensions>
          <gpxtpx:TrackPointExtension>
            <gpxtpx:Extensions>
              <highway>secondary</highway>
              <surface>asphalt</surface>
              <maxspeed>30</maxspeed>
              <junction>roundabout</junction>
            </gpxtpx:Extensions>
          </gpxtpx:TrackPointExtension>
        </extensions>
      </trkpt>
      <trkpt lat="44.996533" lon="7.505777">
        <ele>282</ele>
        <time>2023-05-15T12:15:18.855Z</time>
        <extensions>
          <gpxtpx:TrackPointExtension>
            <gpxtpx:Extensions>
              <highway>secondary</highway>
              <surface>asphalt</surface>
              <maxspeed>30</maxspeed>
              <junction>roundabout</junction>
            </gpxtpx:Extensions>
          </gpxtpx:TrackPointExtension>
        </extensions>
      </trkpt>
      <trkpt lat="44.996518" lon="7.505855">
        <ele>282</ele>
        <time>2023-05-15T12:15:19.598Z</time>
        <extensions>
          <gpxtpx:TrackPointExtension>
            <gpxtpx:Extensions>
              <highway>secondary</highway>
              <surface>asphalt</surface>
              <maxspeed>30</maxspeed>
              <junction>roundabout</junction>
            </gpxtpx:Extensions>
          </gpxtpx:TrackPointExtension>
        </extensions>
      </trkpt>
      <trkpt lat="44.996521" lon="7.505891">
        <ele>282</ele>
        <time>2023-05-15T12:15:19.931Z</time>
        <extensions>
          <gpxtpx:TrackPointExtension>
            <gpxtpx:Extensions>
              <highway>secondary</highway>
              <surface>asphalt</surface>
              <maxspeed>30</maxspeed>
              <junction>roundabout</junction>
            </gpxtpx:Extensions>
          </gpxtpx:TrackPointExtension>
        </extensions>
      </trkpt>
      <trkpt lat="44.996546" lon="7.505954">
        <ele>282.25</ele>
        <time>2023-05-15T12:15:20.595Z</time>
        <extensions>
          <gpxtpx:TrackPointExtension>
            <gpxtpx:Extensions>
              <highway>secondary</highway>
              <surface>asphalt</surface>
              <maxspeed>30</maxspeed>
              <junction>roundabout</junction>
            </gpxtpx:Extensions>
          </gpxtpx:TrackPointExtension>
        </extensions>
      </trkpt>
      <trkpt lat="44.996595" lon="7.505995">
        <ele>282.25</ele>
        <time>2023-05-15T12:15:21.335Z</time>
        <extensions>
          <gpxtpx:TrackPointExtension>
            <gpxtpx:Extensions>
              <highway>secondary</highway>
              <surface>asphalt</surface>
              <maxspeed>30</maxspeed>
              <junction>roundabout</junction>
            </gpxtpx:Extensions>
          </gpxtpx:TrackPointExtension>
        </extensions>
      </trkpt>
      <trkpt lat="44.996628" lon="7.505993">
        <ele>282.25</ele>
        <time>2023-05-15T12:15:21.670Z</time>
        <extensions>
          <gpxtpx:TrackPointExtension>
            <gpxtpx:Extensions>
              <highway>secondary</highway>
              <surface>asphalt</surface>
              <maxspeed>30</maxspeed>
              <junction>roundabout</junction>
            </gpxtpx:Extensions>
          </gpxtpx:TrackPointExtension>
        </extensions>
      </trkpt>
      <trkpt lat="44.996628" lon="7.505993">
        <ele>282.25</ele>
        <time>2023-05-15T12:15:21.670Z</time>
        <extensions>
          <gpxtpx:TrackPointExtension>
            <gpxtpx:Extensions>
              <highway>secondary</highway>
              <surface>asphalt</surface>
              <maxspeed>30</maxspeed>
              <junction>roundabout</junction>
            </gpxtpx:Extensions>
          </gpxtpx:TrackPointExtension>
        </extensions>
      </trkpt>
      <trkpt lat="44.996652" lon="7.505993">
        <ele>282.25</ele>
        <time>2023-05-15T12:15:21.913Z</time>
        <extensions>
          <gpxtpx:TrackPointExtension>
            <gpxtpx:Extensions>
              <highway>secondary</highway>
              <surface>asphalt</surface>
              <maxspeed>30</maxspeed>
              <junction>roundabout</junction>
            </gpxtpx:Extensions>
          </gpxtpx:TrackPointExtension>
        </extensions>
      </trkpt>
      <trkpt lat="44.996682" lon="7.505971">
        <ele>282.25</ele>
        <time>2023-05-15T12:15:22.256Z</time>
        <extensions>
          <gpxtpx:TrackPointExtension>
            <gpxtpx:Extensions>
              <highway>secondary</highway>
              <surface>asphalt</surface>
              <maxspeed>30</maxspeed>
              <junction>roundabout</junction>
            </gpxtpx:Extensions>
          </gpxtpx:TrackPointExtension>
        </extensions>
      </trkpt>
      <trkpt lat="44.996706" lon="7.505937">
        <ele>282.25</ele>
        <time>2023-05-15T12:15:22.601Z</time>
        <extensions>
          <gpxtpx:TrackPointExtension>
            <gpxtpx:Extensions>
              <highway>secondary</highway>
              <surface>asphalt</surface>
              <maxspeed>30</maxspeed>
              <junction>roundabout</junction>
            </gpxtpx:Extensions>
          </gpxtpx:TrackPointExtension>
        </extensions>
      </trkpt>
      <trkpt lat="44.99672" lon="7.505893">
        <ele>282</ele>
        <time>2023-05-15T12:15:22.947Z</time>
        <extensions>
          <gpxtpx:TrackPointExtension>
            <gpxtpx:Extensions>
              <highway>secondary</highway>
              <surface>asphalt</surface>
              <maxspeed>30</maxspeed>
              <junction>roundabout</junction>
            </gpxtpx:Extensions>
          </gpxtpx:TrackPointExtension>
        </extensions>
      </trkpt>
      <trkpt lat="44.996724" lon="7.505846">
        <ele>282</ele>
        <time>2023-05-15T12:15:23.287Z</time>
        <extensions>
          <gpxtpx:TrackPointExtension>
            <gpxtpx:Extensions>
              <highway>secondary</highway>
              <surface>asphalt</surface>
              <maxspeed>30</maxspeed>
              <junction>roundabout</junction>
            </gpxtpx:Extensions>
          </gpxtpx:TrackPointExtension>
        </extensions>
      </trkpt>
      <trkpt lat="44.996717" lon="7.505799">
        <ele>282</ele>
        <time>2023-05-15T12:15:23.631Z</time>
        <extensions>
          <gpxtpx:TrackPointExtension>
            <gpxtpx:Extensions>
              <highway>secondary</highway>
              <surface>asphalt</surface>
              <maxspeed>30</maxspeed>
              <junction>roundabout</junction>
            </gpxtpx:Extensions>
          </gpxtpx:TrackPointExtension>
        </extensions>
      </trkpt>
      <trkpt lat="44.996699" lon="7.505758">
        <ele>282</ele>
        <time>2023-05-15T12:15:23.977Z</time>
        <extensions>
          <gpxtpx:TrackPointExtension>
            <gpxtpx:Extensions>
              <highway>secondary</highway>
              <surface>asphalt</surface>
              <maxspeed>30</maxspeed>
              <junction>roundabout</junction>
            </gpxtpx:Extensions>
          </gpxtpx:TrackPointExtension>
        </extensions>
      </trkpt>
      <trkpt lat="44.996673" lon="7.505728">
        <ele>282</ele>
        <time>2023-05-15T12:15:24.318Z</time>
        <extensions>
          <gpxtpx:TrackPointExtension>
            <gpxtpx:Extensions>
              <highway>secondary</highway>
              <surface>asphalt</surface>
              <maxspeed>30</maxspeed>
              <junction>roundabout</junction>
            </gpxtpx:Extensions>
          </gpxtpx:TrackPointExtension>
        </extensions>
      </trkpt>
      <trkpt lat="44.996641" lon="7.505711">
        <ele>282</ele>
        <time>2023-05-15T12:15:24.665Z</time>
        <extensions>
          <gpxtpx:TrackPointExtension>
            <gpxtpx:Extensions>
              <highway>secondary</highway>
              <surface>asphalt</surface>
              <maxspeed>30</maxspeed>
              <junction>roundabout</junction>
            </gpxtpx:Extensions>
          </gpxtpx:TrackPointExtension>
        </extensions>
      </trkpt>
      <trkpt lat="44.996608" lon="7.505709">
        <ele>282</ele>
        <time>2023-05-15T12:15:25.000Z</time>
        <extensions>
          <gpxtpx:TrackPointExtension>
            <gpxtpx:Extensions>
              <highway>secondary</highway>
              <surface>asphalt</surface>
              <maxspeed>30</maxspeed>
              <junction>roundabout</junction>
            </gpxtpx:Extensions>
          </gpxtpx:TrackPointExtension>
        </extensions>
      </trkpt>
      <trkpt lat="44.996575" lon="7.505723">
        <ele>282</ele>
        <time>2023-05-15T12:15:25.349Z</time>
        <extensions>
          <gpxtpx:TrackPointExtension>
            <gpxtpx:Extensions>
              <highway>secondary</highway>
              <surface>asphalt</surface>
              <maxspeed>50</maxspeed>
              <oneway>no</oneway>
            </gpxtpx:Extensions>
          </gpxtpx:TrackPointExtension>
        </extensions>
      </trkpt>
      <trkpt lat="44.996522" lon="7.505538">
        <ele>282.25</ele>
        <time>2023-05-15T12:15:26.782Z</time>
        <extensions>
          <gpxtpx:TrackPointExtension>
            <gpxtpx:Extensions>
              <highway>secondary</highway>
              <surface>asphalt</surface>
              <maxspeed>50</maxspeed>
              <oneway>no</oneway>
            </gpxtpx:Extensions>
          </gpxtpx:TrackPointExtension>
        </extensions>
      </trkpt>
      <trkpt lat="44.994468" lon="7.498322">
        <ele>283.75</ele>
        <time>2023-05-15T12:16:22.664Z</time>
        <extensions>
          <gpxtpx:TrackPointExtension>
            <gpxtpx:Extensions>
              <highway>secondary</highway>
              <surface>asphalt</surface>
              <maxspeed>50</maxspeed>
              <oneway>no</oneway>
            </gpxtpx:Extensions>
          </gpxtpx:TrackPointExtension>
        </extensions>
      </trkpt>
      <trkpt lat="44.994392" lon="7.498072">
        <ele>283</ele>
        <time>2023-05-15T12:16:24.618Z</time>
        <extensions>
          <gpxtpx:TrackPointExtension>
            <gpxtpx:Extensions>
              <highway>secondary</highway>
              <surface>asphalt</surface>
              <maxspeed>30</maxspeed>
              <junction>roundabout</junction>
            </gpxtpx:Extensions>
          </gpxtpx:TrackPointExtension>
        </extensions>
      </trkpt>
      <trkpt lat="44.994426" lon="7.498037">
        <ele>283</ele>
        <time>2023-05-15T12:16:25.045Z</time>
        <extensions>
          <gpxtpx:TrackPointExtension>
            <gpxtpx:Extensions>
              <highway>secondary</highway>
              <surface>asphalt</surface>
              <maxspeed>30</maxspeed>
              <junction>roundabout</junction>
            </gpxtpx:Extensions>
          </gpxtpx:TrackPointExtension>
        </extensions>
      </trkpt>
      <trkpt lat="44.994444" lon="7.497995">
        <ele>283</ele>
        <time>2023-05-15T12:16:25.397Z</time>
        <extensions>
          <gpxtpx:TrackPointExtension>
            <gpxtpx:Extensions>
              <highway>secondary</highway>
              <surface>asphalt</surface>
              <maxspeed>30</maxspeed>
              <junction>roundabout</junction>
            </gpxtpx:Extensions>
          </gpxtpx:TrackPointExtension>
        </extensions>
      </trkpt>
      <trkpt lat="44.994451" lon="7.497947">
        <ele>282.75</ele>
        <time>2023-05-15T12:16:25.749Z</time>
        <extensions>
          <gpxtpx:TrackPointExtension>
            <gpxtpx:Extensions>
              <highway>secondary</highway>
              <surface>asphalt</surface>
              <maxspeed>30</maxspeed>
              <junction>roundabout</junction>
            </gpxtpx:Extensions>
          </gpxtpx:TrackPointExtension>
        </extensions>
      </trkpt>
      <trkpt lat="44.994445" lon="7.497899">
        <ele>282.75</ele>
        <time>2023-05-15T12:16:26.099Z</time>
        <extensions>
          <gpxtpx:TrackPointExtension>
            <gpxtpx:Extensions>
              <highway>secondary</highway>
              <surface>asphalt</surface>
              <maxspeed>30</maxspeed>
              <junction>roundabout</junction>
            </gpxtpx:Extensions>
          </gpxtpx:TrackPointExtension>
        </extensions>
      </trkpt>
      <trkpt lat="44.994435" lon="7.497872">
        <ele>282.5</ele>
        <time>2023-05-15T12:16:26.317Z</time>
        <extensions>
          <gpxtpx:TrackPointExtension>
            <gpxtpx:Extensions>
              <highway>secondary</highway>
              <surface>asphalt</surface>
              <maxspeed>30</maxspeed>
              <junction>roundabout</junction>
            </gpxtpx:Extensions>
          </gpxtpx:TrackPointExtension>
        </extensions>
      </trkpt>
      <trkpt lat="44.994402" lon="7.497824">
        <ele>282.5</ele>
        <time>2023-05-15T12:16:26.797Z</time>
        <extensions>
          <gpxtpx:TrackPointExtension>
            <gpxtpx:Extensions>
              <highway>secondary</highway>
              <surface>asphalt</surface>
              <maxspeed>30</maxspeed>
              <junction>roundabout</junction>
            </gpxtpx:Extensions>
          </gpxtpx:TrackPointExtension>
        </extensions>
      </trkpt>
      <trkpt lat="44.99437" lon="7.497806">
        <ele>282.25</ele>
        <time>2023-05-15T12:16:27.146Z</time>
        <extensions>
          <gpxtpx:TrackPointExtension>
            <gpxtpx:Extensions>
              <highway>secondary</highway>
              <surface>asphalt</surface>
              <maxspeed>30</maxspeed>
              <junction>roundabout</junction>
            </gpxtpx:Extensions>
          </gpxtpx:TrackPointExtension>
        </extensions>
      </trkpt>
      <trkpt lat="44.994336" lon="7.497805">
        <ele>282.25</ele>
        <time>2023-05-15T12:16:27.491Z</time>
        <extensions>
          <gpxtpx:TrackPointExtension>
            <gpxtpx:Extensions>
              <highway>secondary</highway>
              <surface>asphalt</surface>
              <maxspeed>30</maxspeed>
              <junction>roundabout</junction>
            </gpxtpx:Extensions>
          </gpxtpx:TrackPointExtension>
        </extensions>
      </trkpt>
      <trkpt lat="44.994319" lon="7.497813">
        <ele>282.25</ele>
        <time>2023-05-15T12:16:27.673Z</time>
        <extensions>
          <gpxtpx:TrackPointExtension>
            <gpxtpx:Extensions>
              <highway>secondary</highway>
              <surface>asphalt</surface>
              <maxspeed>50</maxspeed>
              <oneway>no</oneway>
            </gpxtpx:Extensions>
          </gpxtpx:TrackPointExtension>
        </extensions>
      </trkpt>
      <trkpt lat="44.994277" lon="7.497648">
        <ele>281.5</ele>
        <time>2023-05-15T12:16:28.932Z</time>
        <extensions>
          <gpxtpx:TrackPointExtension>
            <gpxtpx:Extensions>
              <highway>secondary</highway>
              <surface>asphalt</surface>
              <maxspeed>50</maxspeed>
              <oneway>no</oneway>
            </gpxtpx:Extensions>
          </gpxtpx:TrackPointExtension>
        </extensions>
      </trkpt>
      <trkpt lat="44.994107" lon="7.497047">
        <ele>282</ele>
        <time>2023-05-15T12:16:33.582Z</time>
        <extensions>
          <gpxtpx:TrackPointExtension>
            <gpxtpx:Extensions>
              <highway>secondary</highway>
              <surface>asphalt</surface>
              <maxspeed>50</maxspeed>
              <oneway>no</oneway>
            </gpxtpx:Extensions>
          </gpxtpx:TrackPointExtension>
        </extensions>
      </trkpt>
      <trkpt lat="44.99397" lon="7.496563">
        <ele>282.5</ele>
        <time>2023-05-15T12:16:37.072Z</time>
        <extensions>
          <gpxtpx:TrackPointExtension>
            <gpxtpx:Extensions>
              <highway>unclassified</highway>
              <surface>asphalt</surface>
              <oneway>no</oneway>
            </gpxtpx:Extensions>
          </gpxtpx:TrackPointExtension>
        </extensions>
      </trkpt>
      <trkpt lat="44.99397" lon="7.496563">
        <ele>282.5</ele>
        <time>2023-05-15T12:16:37.072Z</time>
        <extensions>
          <gpxtpx:TrackPointExtension>
            <gpxtpx:Extensions>
              <highway>unclassified</highway>
              <surface>asphalt</surface>
              <oneway>no</oneway>
            </gpxtpx:Extensions>
          </gpxtpx:TrackPointExtension>
        </extensions>
      </trkpt>
      <trkpt lat="44.992746" lon="7.497291">
        <ele>281.5</ele>
        <time>2023-05-15T12:16:49.643Z</time>
        <extensions>
          <gpxtpx:TrackPointExtension>
            <gpxtpx:Extensions>
              <highway>unclassified</highway>
              <surface>asphalt</surface>
              <oneway>no</oneway>
            </gpxtpx:Extensions>
          </gpxtpx:TrackPointExtension>
        </extensions>
      </trkpt>
      <trkpt lat="44.99047" lon="7.498646">
        <ele>280</ele>
        <time>2023-05-15T12:17:13.023Z</time>
        <extensions>
          <gpxtpx:TrackPointExtension>
            <gpxtpx:Extensions>
              <highway>unclassified</highway>
              <surface>asphalt</surface>
              <oneway>no</oneway>
            </gpxtpx:Extensions>
          </gpxtpx:TrackPointExtension>
        </extensions>
      </trkpt>
      <trkpt lat="44.987786" lon="7.500242">
        <ele>275.5</ele>
        <time>2023-05-15T12:17:40.589Z</time>
        <extensions>
          <gpxtpx:TrackPointExtension>
            <gpxtpx:Extensions>
              <highway>unclassified</highway>
              <surface>asphalt</surface>
              <oneway>no</oneway>
            </gpxtpx:Extensions>
          </gpxtpx:TrackPointExtension>
        </extensions>
      </trkpt>
      <trkpt lat="44.987548" lon="7.500384">
        <ele>275</ele>
        <time>2023-05-15T12:17:43.034Z</time>
        <extensions>
          <gpxtpx:TrackPointExtension>
            <gpxtpx:Extensions>
              <highway>unclassified</highway>
              <surface>asphalt</surface>
              <oneway>no</oneway>
            </gpxtpx:Extensions>
          </gpxtpx:TrackPointExtension>
        </extensions>
      </trkpt>
      <trkpt lat="44.987306" lon="7.500528">
        <ele>274.75</ele>
        <time>2023-05-15T12:17:45.519Z</time>
        <extensions>
          <gpxtpx:TrackPointExtension>
            <gpxtpx:Extensions>
              <highway>unclassified</highway>
              <surface>asphalt</surface>
              <oneway>no</oneway>
            </gpxtpx:Extensions>
          </gpxtpx:TrackPointExtension>
        </extensions>
      </trkpt>
      <trkpt lat="44.985774" lon="7.501439">
        <ele>276.25</ele>
        <time>2023-05-15T12:18:01.253Z</time>
        <extensions>
          <gpxtpx:TrackPointExtension>
            <gpxtpx:Extensions>
              <highway>unclassified</highway>
              <surface>asphalt</surface>
              <oneway>yes</oneway>
            </gpxtpx:Extensions>
          </gpxtpx:TrackPointExtension>
        </extensions>
      </trkpt>
      <trkpt lat="44.98549" lon="7.501526">
        <ele>276</ele>
        <time>2023-05-15T12:18:04.004Z</time>
        <extensions>
          <gpxtpx:TrackPointExtension>
            <gpxtpx:Extensions>
              <highway>unclassified</highway>
              <surface>asphalt</surface>
              <oneway>yes</oneway>
            </gpxtpx:Extensions>
          </gpxtpx:TrackPointExtension>
        </extensions>
      </trkpt>
      <trkpt lat="44.985267" lon="7.501617">
        <ele>276</ele>
        <time>2023-05-15T12:18:05.609Z</time>
        <extensions>
          <gpxtpx:TrackPointExtension>
            <gpxtpx:Extensions>
              <highway>unclassified</highway>
              <surface>asphalt</surface>
              <oneway>yes</oneway>
            </gpxtpx:Extensions>
          </gpxtpx:TrackPointExtension>
        </extensions>
      </trkpt>
      <trkpt lat="44.985267" lon="7.501617">
        <ele>276</ele>
        <time>2023-05-15T12:18:05.609Z</time>
        <extensions>
          <gpxtpx:TrackPointExtension>
            <gpxtpx:Extensions>
              <highway>unclassified</highway>
              <surface>asphalt</surface>
              <oneway>yes</oneway>
            </gpxtpx:Extensions>
          </gpxtpx:TrackPointExtension>
        </extensions>
      </trkpt>
      <trkpt lat="44.985219" lon="7.501637">
        <ele>276</ele>
        <time>2023-05-15T12:18:05.955Z</time>
        <extensions>
          <gpxtpx:TrackPointExtension>
            <gpxtpx:Extensions>
              <highway>primary</highway>
              <surface>asphalt</surface>
              <maxspeed>50</maxspeed>
              <junction>roundabout</junction>
            </gpxtpx:Extensions>
          </gpxtpx:TrackPointExtension>
        </extensions>
      </trkpt>
      <trkpt lat="44.985115" lon="7.501622">
        <ele>275.75</ele>
        <time>2023-05-15T12:18:06.678Z</time>
        <extensions>
          <gpxtpx:TrackPointExtension>
            <gpxtpx:Extensions>
              <highway>primary</highway>
              <surface>asphalt</surface>
              <maxspeed>50</maxspeed>
              <oneway>yes</oneway>
            </gpxtpx:Extensions>
          </gpxtpx:TrackPointExtension>
        </extensions>
      </trkpt>
      <trkpt lat="44.984856" lon="7.501399">
        <ele>274.5</ele>
        <time>2023-05-15T12:18:08.776Z</time>
        <extensions>
          <gpxtpx:TrackPointExtension>
            <gpxtpx:Extensions>
              <highway>primary</highway>
              <surface>asphalt</surface>
              <maxspeed>50</maxspeed>
              <oneway>yes</oneway>
            </gpxtpx:Extensions>
          </gpxtpx:TrackPointExtension>
        </extensions>
      </trkpt>
      <trkpt lat="44.984526" lon="7.500959">
        <ele>272.5</ele>
        <time>2023-05-15T12:18:11.914Z</time>
        <extensions>
          <gpxtpx:TrackPointExtension>
            <gpxtpx:Extensions>
              <reversedirection>yes</reversedirection>
              <highway>primary</highway>
              <surface>asphalt</surface>
              <maxspeed>90</maxspeed>
            </gpxtpx:Extensions>
          </gpxtpx:TrackPointExtension>
        </extensions>
      </trkpt>
      <trkpt lat="44.983528" lon="7.498791">
        <ele>274</ele>
        <time>2023-05-15T12:18:24.572Z</time>
        <extensions>
          <gpxtpx:TrackPointExtension>
            <gpxtpx:Extensions>
              <reversedirection>yes</reversedirection>
              <highway>primary</highway>
              <surface>asphalt</surface>
              <maxspeed>90</maxspeed>
            </gpxtpx:Extensions>
          </gpxtpx:TrackPointExtension>
        </extensions>
      </trkpt>
      <trkpt lat="44.983013" lon="7.497631">
        <ele>272</ele>
        <time>2023-05-15T12:18:31.274Z</time>
        <extensions>
          <gpxtpx:TrackPointExtension>
            <gpxtpx:Extensions>
              <reversedirection>yes</reversedirection>
              <highway>primary</highway>
              <surface>asphalt</surface>
              <maxspeed>70</maxspeed>
            </gpxtpx:Extensions>
          </gpxtpx:TrackPointExtension>
        </extensions>
      </trkpt>
      <trkpt lat="44.982431" lon="7.496161">
        <ele>272.25</ele>
        <time>2023-05-15T12:18:39.518Z</time>
        <extensions>
          <gpxtpx:TrackPointExtension>
            <gpxtpx:Extensions>
              <reversedirection>yes</reversedirection>
              <highway>primary</highway>
              <surface>asphalt</surface>
              <maxspeed>70</maxspeed>
            </gpxtpx:Extensions>
          </gpxtpx:TrackPointExtension>
        </extensions>
      </trkpt>
      <trkpt lat="44.981981" lon="7.494639">
        <ele>274</ele>
        <time>2023-05-15T12:18:47.590Z</time>
        <extensions>
          <gpxtpx:TrackPointExtension>
            <gpxtpx:Extensions>
              <reversedirection>yes</reversedirection>
              <highway>primary</highway>
              <surface>asphalt</surface>
              <maxspeed>70</maxspeed>
            </gpxtpx:Extensions>
          </gpxtpx:TrackPointExtension>
        </extensions>
      </trkpt>
      <trkpt lat="44.981567" lon="7.492747">
        <ele>275.25</ele>
        <time>2023-05-15T12:18:57.282Z</time>
        <extensions>
          <gpxtpx:TrackPointExtension>
            <gpxtpx:Extensions>
              <reversedirection>yes</reversedirection>
              <highway>primary</highway>
              <surface>asphalt</surface>
              <maxspeed>70</maxspeed>
            </gpxtpx:Extensions>
          </gpxtpx:TrackPointExtension>
        </extensions>
      </trkpt>
      <trkpt lat="44.981525" lon="7.492492">
        <ele>274.75</ele>
        <time>2023-05-15T12:18:58.563Z</time>
      </trkpt>
      <trkpt lat="44.981594999999984" lon="7.492471000000012">
        <ele>276.131</ele>
        <time>2023-05-15T12:18:58.973Z</time>
      </trkpt>
      <trkpt lat="44.981525" lon="7.492492">
        <ele>275</ele>
        <time>2023-05-15T12:18:59.383Z</time>
        <extensions>
          <gpxtpx:TrackPointExtension>
            <gpxtpx:Extensions>
              <reversedirection>yes</reversedirection>
              <highway>primary</highway>
              <surface>asphalt</surface>
              <maxspeed>70</maxspeed>
            </gpxtpx:Extensions>
          </gpxtpx:TrackPointExtension>
        </extensions>
      </trkpt>
      <trkpt lat="44.981472" lon="7.492163">
        <ele>274.75</ele>
        <time>2023-05-15T12:19:00.751Z</time>
        <extensions>
          <gpxtpx:TrackPointExtension>
            <gpxtpx:Extensions>
              <reversedirection>yes</reversedirection>
              <highway>primary</highway>
              <surface>asphalt</surface>
              <maxspeed>70</maxspeed>
            </gpxtpx:Extensions>
          </gpxtpx:TrackPointExtension>
        </extensions>
      </trkpt>
      <trkpt lat="44.981373" lon="7.491557">
        <ele>273.75</ele>
        <time>2023-05-15T12:19:03.273Z</time>
        <extensions>
          <gpxtpx:TrackPointExtension>
            <gpxtpx:Extensions>
              <reversedirection>yes</reversedirection>
              <highway>primary</highway>
              <surface>asphalt</surface>
              <maxspeed>70</maxspeed>
            </gpxtpx:Extensions>
          </gpxtpx:TrackPointExtension>
        </extensions>
      </trkpt>
      <trkpt lat="44.981006" lon="7.488689">
        <ele>277</ele>
        <time>2023-05-15T12:19:15.093Z</time>
        <extensions>
          <gpxtpx:TrackPointExtension>
            <gpxtpx:Extensions>
              <reversedirection>yes</reversedirection>
              <highway>primary</highway>
              <surface>asphalt</surface>
              <maxspeed>70</maxspeed>
            </gpxtpx:Extensions>
          </gpxtpx:TrackPointExtension>
        </extensions>
      </trkpt>
      <trkpt lat="44.98067" lon="7.486059">
        <ele>278</ele>
        <time>2023-05-15T12:19:25.932Z</time>
        <extensions>
          <gpxtpx:TrackPointExtension>
            <gpxtpx:Extensions>
              <reversedirection>yes</reversedirection>
              <highway>primary</highway>
              <surface>asphalt</surface>
              <maxspeed>70</maxspeed>
            </gpxtpx:Extensions>
          </gpxtpx:TrackPointExtension>
        </extensions>
      </trkpt>
      <trkpt lat="44.98054" lon="7.485046">
        <ele>281</ele>
        <time>2023-05-15T12:19:30.107Z</time>
        <extensions>
          <gpxtpx:TrackPointExtension>
            <gpxtpx:Extensions>
              <reversedirection>yes</reversedirection>
              <highway>primary</highway>
              <surface>asphalt</surface>
              <maxspeed>70</maxspeed>
            </gpxtpx:Extensions>
          </gpxtpx:TrackPointExtension>
        </extensions>
      </trkpt>
      <trkpt lat="44.980479" lon="7.484565">
        <ele>280</ele>
        <time>2023-05-15T12:19:32.088Z</time>
        <extensions>
          <gpxtpx:TrackPointExtension>
            <gpxtpx:Extensions>
              <reversedirection>yes</reversedirection>
              <highway>primary</highway>
              <surface>asphalt</surface>
              <maxspeed>70</maxspeed>
            </gpxtpx:Extensions>
          </gpxtpx:TrackPointExtension>
        </extensions>
      </trkpt>
      <trkpt lat="44.979546" lon="7.477181">
        <ele>279.25</ele>
        <time>2023-05-15T12:20:02.509Z</time>
        <extensions>
          <gpxtpx:TrackPointExtension>
            <gpxtpx:Extensions>
              <reversedirection>yes</reversedirection>
              <highway>primary</highway>
              <surface>asphalt</surface>
              <maxspeed>70</maxspeed>
            </gpxtpx:Extensions>
          </gpxtpx:TrackPointExtension>
        </extensions>
      </trkpt>
      <trkpt lat="44.979434" lon="7.476294">
        <ele>279.25</ele>
        <time>2023-05-15T12:20:06.163Z</time>
        <extensions>
          <gpxtpx:TrackPointExtension>
            <gpxtpx:Extensions>
              <reversedirection>yes</reversedirection>
              <highway>primary</highway>
              <surface>asphalt</surface>
              <maxspeed>70</maxspeed>
            </gpxtpx:Extensions>
          </gpxtpx:TrackPointExtension>
        </extensions>
      </trkpt>
      <trkpt lat="44.979374" lon="7.475817">
        <ele>279.75</ele>
        <time>2023-05-15T12:20:08.127Z</time>
        <extensions>
          <gpxtpx:TrackPointExtension>
            <gpxtpx:Extensions>
              <highway>primary_link</highway>
              <surface>asphalt</surface>
              <oneway>yes</oneway>
            </gpxtpx:Extensions>
          </gpxtpx:TrackPointExtension>
        </extensions>
      </trkpt>
      <trkpt lat="44.979365" lon="7.475395">
        <ele>279.25</ele>
        <time>2023-05-15T12:20:09.839Z</time>
        <extensions>
          <gpxtpx:TrackPointExtension>
            <gpxtpx:Extensions>
              <highway>primary_link</highway>
              <surface>asphalt</surface>
              <oneway>yes</oneway>
            </gpxtpx:Extensions>
          </gpxtpx:TrackPointExtension>
        </extensions>
      </trkpt>
      <trkpt lat="44.979313" lon="7.474913">
        <ele>278.75</ele>
        <time>2023-05-15T12:20:11.816Z</time>
        <extensions>
          <gpxtpx:TrackPointExtension>
            <gpxtpx:Extensions>
              <highway>primary_link</highway>
              <surface>asphalt</surface>
              <oneway>yes</oneway>
            </gpxtpx:Extensions>
          </gpxtpx:TrackPointExtension>
        </extensions>
      </trkpt>
      <trkpt lat="44.979304" lon="7.47476">
        <ele>278.75</ele>
        <time>2023-05-15T12:20:12.905Z</time>
        <extensions>
          <gpxtpx:TrackPointExtension>
            <gpxtpx:Extensions>
              <highway>primary_link</highway>
              <surface>asphalt</surface>
              <oneway>yes</oneway>
            </gpxtpx:Extensions>
          </gpxtpx:TrackPointExtension>
        </extensions>
      </trkpt>
      <trkpt lat="44.979304" lon="7.474758">
        <ele>278.75</ele>
        <time>2023-05-15T12:20:12.917Z</time>
        <extensions>
          <gpxtpx:TrackPointExtension>
            <gpxtpx:Extensions>
              <highway>primary_link</highway>
              <surface>asphalt</surface>
              <oneway>yes</oneway>
            </gpxtpx:Extensions>
          </gpxtpx:TrackPointExtension>
        </extensions>
      </trkpt>
      <trkpt lat="44.979286" lon="7.474398">
        <ele>278.75</ele>
        <time>2023-05-15T12:20:15.477Z</time>
        <extensions>
          <gpxtpx:TrackPointExtension>
            <gpxtpx:Extensions>
              <highway>primary_link</highway>
              <surface>asphalt</surface>
              <oneway>yes</oneway>
            </gpxtpx:Extensions>
          </gpxtpx:TrackPointExtension>
        </extensions>
      </trkpt>
      <trkpt lat="44.979292" lon="7.474239">
        <ele>278.75</ele>
        <time>2023-05-15T12:20:16.606Z</time>
        <extensions>
          <gpxtpx:TrackPointExtension>
            <gpxtpx:Extensions>
              <highway>primary_link</highway>
              <surface>asphalt</surface>
              <oneway>yes</oneway>
            </gpxtpx:Extensions>
          </gpxtpx:TrackPointExtension>
        </extensions>
      </trkpt>
      <trkpt lat="44.979327" lon="7.474089">
        <ele>278.75</ele>
        <time>2023-05-15T12:20:17.726Z</time>
        <extensions>
          <gpxtpx:TrackPointExtension>
            <gpxtpx:Extensions>
              <highway>primary_link</highway>
              <surface>asphalt</surface>
              <oneway>yes</oneway>
            </gpxtpx:Extensions>
          </gpxtpx:TrackPointExtension>
        </extensions>
      </trkpt>
      <trkpt lat="44.979397" lon="7.473949">
        <ele>278.5</ele>
        <time>2023-05-15T12:20:18.942Z</time>
        <extensions>
          <gpxtpx:TrackPointExtension>
            <gpxtpx:Extensions>
              <highway>primary_link</highway>
              <surface>asphalt</surface>
              <oneway>yes</oneway>
            </gpxtpx:Extensions>
          </gpxtpx:TrackPointExtension>
        </extensions>
      </trkpt>
      <trkpt lat="44.979498" lon="7.473826">
        <ele>278.5</ele>
        <time>2023-05-15T12:20:20.279Z</time>
        <extensions>
          <gpxtpx:TrackPointExtension>
            <gpxtpx:Extensions>
              <highway>primary_link</highway>
              <surface>asphalt</surface>
              <oneway>yes</oneway>
            </gpxtpx:Extensions>
          </gpxtpx:TrackPointExtension>
        </extensions>
      </trkpt>
      <trkpt lat="44.980491" lon="7.472758">
        <ele>280.5</ele>
        <time>2023-05-15T12:20:32.794Z</time>
        <extensions>
          <gpxtpx:TrackPointExtension>
            <gpxtpx:Extensions>
              <highway>primary_link</highway>
              <surface>asphalt</surface>
              <oneway>yes</oneway>
            </gpxtpx:Extensions>
          </gpxtpx:TrackPointExtension>
        </extensions>
      </trkpt>
      <trkpt lat="44.980832" lon="7.472365">
        <ele>281</ele>
        <time>2023-05-15T12:20:37.207Z</time>
        <extensions>
          <gpxtpx:TrackPointExtension>
            <gpxtpx:Extensions>
              <highway>primary_link</highway>
              <surface>asphalt</surface>
              <oneway>yes</oneway>
            </gpxtpx:Extensions>
          </gpxtpx:TrackPointExtension>
        </extensions>
      </trkpt>
      <trkpt lat="44.981018" lon="7.472093">
        <ele>281</ele>
        <time>2023-05-15T12:20:39.891Z</time>
        <extensions>
          <gpxtpx:TrackPointExtension>
            <gpxtpx:Extensions>
              <highway>primary</highway>
              <surface>asphalt</surface>
              <maxspeed>50</maxspeed>
            </gpxtpx:Extensions>
          </gpxtpx:TrackPointExtension>
        </extensions>
      </trkpt>
      <trkpt lat="44.981488" lon="7.471638">
        <ele>282.5</ele>
        <time>2023-05-15T12:20:45.604Z</time>
        <extensions>
          <gpxtpx:TrackPointExtension>
            <gpxtpx:Extensions>
              <highway>primary</highway>
              <surface>asphalt</surface>
              <oneway>yes</oneway>
            </gpxtpx:Extensions>
          </gpxtpx:TrackPointExtension>
        </extensions>
      </trkpt>
      <trkpt lat="44.981684" lon="7.471581">
        <ele>282.75</ele>
        <time>2023-05-15T12:20:47.611Z</time>
        <extensions>
          <gpxtpx:TrackPointExtension>
            <gpxtpx:Extensions>
              <highway>primary</highway>
              <surface>asphalt</surface>
              <maxspeed>50</maxspeed>
              <junction>roundabout</junction>
            </gpxtpx:Extensions>
          </gpxtpx:TrackPointExtension>
        </extensions>
      </trkpt>
      <trkpt lat="44.981733" lon="7.471607">
        <ele>282.75</ele>
        <time>2023-05-15T12:20:48.136Z</time>
        <extensions>
          <gpxtpx:TrackPointExtension>
            <gpxtpx:Extensions>
              <highway>primary</highway>
              <surface>asphalt</surface>
              <maxspeed>50</maxspeed>
              <junction>roundabout</junction>
            </gpxtpx:Extensions>
          </gpxtpx:TrackPointExtension>
        </extensions>
      </trkpt>
      <trkpt lat="44.981785" lon="7.47161">
        <ele>282.75</ele>
        <time>2023-05-15T12:20:48.658Z</time>
        <extensions>
          <gpxtpx:TrackPointExtension>
            <gpxtpx:Extensions>
              <highway>primary</highway>
              <surface>asphalt</surface>
              <maxspeed>50</maxspeed>
              <junction>roundabout</junction>
            </gpxtpx:Extensions>
          </gpxtpx:TrackPointExtension>
        </extensions>
      </trkpt>
      <trkpt lat="44.981835" lon="7.471592">
        <ele>282.75</ele>
        <time>2023-05-15T12:20:49.175Z</time>
        <extensions>
          <gpxtpx:TrackPointExtension>
            <gpxtpx:Extensions>
              <highway>primary</highway>
              <surface>asphalt</surface>
              <maxspeed>50</maxspeed>
              <junction>roundabout</junction>
            </gpxtpx:Extensions>
          </gpxtpx:TrackPointExtension>
        </extensions>
      </trkpt>
      <trkpt lat="44.981879" lon="7.471552">
        <ele>282.75</ele>
        <time>2023-05-15T12:20:49.699Z</time>
        <extensions>
          <gpxtpx:TrackPointExtension>
            <gpxtpx:Extensions>
              <highway>primary</highway>
              <surface>asphalt</surface>
              <maxspeed>50</maxspeed>
              <junction>roundabout</junction>
            </gpxtpx:Extensions>
          </gpxtpx:TrackPointExtension>
        </extensions>
      </trkpt>
      <trkpt lat="44.981909" lon="7.4715">
        <ele>282.75</ele>
        <time>2023-05-15T12:20:50.099Z</time>
        <extensions>
          <gpxtpx:TrackPointExtension>
            <gpxtpx:Extensions>
              <highway>primary</highway>
              <surface>asphalt</surface>
              <maxspeed>50</maxspeed>
              <junction>roundabout</junction>
            </gpxtpx:Extensions>
          </gpxtpx:TrackPointExtension>
        </extensions>
      </trkpt>
      <trkpt lat="44.981909" lon="7.4715">
        <ele>282.75</ele>
        <time>2023-05-15T12:20:50.099Z</time>
        <extensions>
          <gpxtpx:TrackPointExtension>
            <gpxtpx:Extensions>
              <highway>primary</highway>
              <surface>asphalt</surface>
              <maxspeed>50</maxspeed>
              <junction>roundabout</junction>
            </gpxtpx:Extensions>
          </gpxtpx:TrackPointExtension>
        </extensions>
      </trkpt>
      <trkpt lat="44.981912" lon="7.471496">
        <ele>282.75</ele>
        <time>2023-05-15T12:20:50.132Z</time>
        <extensions>
          <gpxtpx:TrackPointExtension>
            <gpxtpx:Extensions>
              <highway>primary</highway>
              <surface>asphalt</surface>
              <maxspeed>50</maxspeed>
              <junction>roundabout</junction>
            </gpxtpx:Extensions>
          </gpxtpx:TrackPointExtension>
        </extensions>
      </trkpt>
      <trkpt lat="44.981932" lon="7.471429">
        <ele>282.75</ele>
        <time>2023-05-15T12:20:50.565Z</time>
        <extensions>
          <gpxtpx:TrackPointExtension>
            <gpxtpx:Extensions>
              <highway>primary</highway>
              <surface>asphalt</surface>
              <maxspeed>50</maxspeed>
              <junction>roundabout</junction>
            </gpxtpx:Extensions>
          </gpxtpx:TrackPointExtension>
        </extensions>
      </trkpt>
      <trkpt lat="44.981936" lon="7.471356">
        <ele>282.5</ele>
        <time>2023-05-15T12:20:51.001Z</time>
        <extensions>
          <gpxtpx:TrackPointExtension>
            <gpxtpx:Extensions>
              <highway>primary</highway>
              <surface>asphalt</surface>
              <maxspeed>50</maxspeed>
              <junction>roundabout</junction>
            </gpxtpx:Extensions>
          </gpxtpx:TrackPointExtension>
        </extensions>
      </trkpt>
      <trkpt lat="44.981923" lon="7.471279">
        <ele>282.5</ele>
        <time>2023-05-15T12:20:51.473Z</time>
        <extensions>
          <gpxtpx:TrackPointExtension>
            <gpxtpx:Extensions>
              <highway>primary</highway>
              <surface>asphalt</surface>
              <maxspeed>50</maxspeed>
              <junction>roundabout</junction>
            </gpxtpx:Extensions>
          </gpxtpx:TrackPointExtension>
        </extensions>
      </trkpt>
      <trkpt lat="44.981893" lon="7.471212">
        <ele>282.5</ele>
        <time>2023-05-15T12:20:51.945Z</time>
        <extensions>
          <gpxtpx:TrackPointExtension>
            <gpxtpx:Extensions>
              <highway>primary</highway>
              <surface>asphalt</surface>
              <maxspeed>50</maxspeed>
              <junction>roundabout</junction>
            </gpxtpx:Extensions>
          </gpxtpx:TrackPointExtension>
        </extensions>
      </trkpt>
      <trkpt lat="44.98185" lon="7.471163">
        <ele>282.5</ele>
        <time>2023-05-15T12:20:52.410Z</time>
        <extensions>
          <gpxtpx:TrackPointExtension>
            <gpxtpx:Extensions>
              <highway>primary</highway>
              <surface>asphalt</surface>
              <maxspeed>50</maxspeed>
              <junction>roundabout</junction>
            </gpxtpx:Extensions>
          </gpxtpx:TrackPointExtension>
        </extensions>
      </trkpt>
      <trkpt lat="44.9818" lon="7.471137">
        <ele>282.25</ele>
        <time>2023-05-15T12:20:52.859Z</time>
        <extensions>
          <gpxtpx:TrackPointExtension>
            <gpxtpx:Extensions>
              <highway>primary</highway>
              <surface>asphalt</surface>
              <maxspeed>50</maxspeed>
              <junction>roundabout</junction>
            </gpxtpx:Extensions>
          </gpxtpx:TrackPointExtension>
        </extensions>
      </trkpt>
      <trkpt lat="44.981746" lon="7.471135">
        <ele>282.25</ele>
        <time>2023-05-15T12:20:53.314Z</time>
        <extensions>
          <gpxtpx:TrackPointExtension>
            <gpxtpx:Extensions>
              <highway>primary</highway>
              <surface>asphalt</surface>
              <maxspeed>50</maxspeed>
              <junction>roundabout</junction>
            </gpxtpx:Extensions>
          </gpxtpx:TrackPointExtension>
        </extensions>
      </trkpt>
      <trkpt lat="44.981695" lon="7.471156">
        <ele>282.25</ele>
        <time>2023-05-15T12:20:53.767Z</time>
        <extensions>
          <gpxtpx:TrackPointExtension>
            <gpxtpx:Extensions>
              <highway>primary</highway>
              <surface>asphalt</surface>
              <maxspeed>50</maxspeed>
              <junction>roundabout</junction>
            </gpxtpx:Extensions>
          </gpxtpx:TrackPointExtension>
        </extensions>
      </trkpt>
      <trkpt lat="44.981695" lon="7.471156">
        <ele>282.25</ele>
        <time>2023-05-15T12:20:53.767Z</time>
        <extensions>
          <gpxtpx:TrackPointExtension>
            <gpxtpx:Extensions>
              <highway>primary</highway>
              <surface>asphalt</surface>
              <maxspeed>50</maxspeed>
              <junction>roundabout</junction>
            </gpxtpx:Extensions>
          </gpxtpx:TrackPointExtension>
        </extensions>
      </trkpt>
      <trkpt lat="44.981651" lon="7.471198">
        <ele>282.25</ele>
        <time>2023-05-15T12:20:54.220Z</time>
        <extensions>
          <gpxtpx:TrackPointExtension>
            <gpxtpx:Extensions>
              <highway>primary</highway>
              <surface>asphalt</surface>
              <maxspeed>50</maxspeed>
              <junction>roundabout</junction>
            </gpxtpx:Extensions>
          </gpxtpx:TrackPointExtension>
        </extensions>
      </trkpt>
      <trkpt lat="44.981618" lon="7.471258">
        <ele>282.25</ele>
        <time>2023-05-15T12:20:54.679Z</time>
        <extensions>
          <gpxtpx:TrackPointExtension>
            <gpxtpx:Extensions>
              <highway>primary</highway>
              <surface>asphalt</surface>
              <maxspeed>50</maxspeed>
              <junction>roundabout</junction>
            </gpxtpx:Extensions>
          </gpxtpx:TrackPointExtension>
        </extensions>
      </trkpt>
      <trkpt lat="44.981601" lon="7.471329">
        <ele>282.5</ele>
        <time>2023-05-15T12:20:55.131Z</time>
        <extensions>
          <gpxtpx:TrackPointExtension>
            <gpxtpx:Extensions>
              <highway>primary</highway>
              <surface>asphalt</surface>
              <maxspeed>50</maxspeed>
              <junction>roundabout</junction>
            </gpxtpx:Extensions>
          </gpxtpx:TrackPointExtension>
        </extensions>
      </trkpt>
      <trkpt lat="44.981599" lon="7.471404">
        <ele>282.5</ele>
        <time>2023-05-15T12:20:55.584Z</time>
        <extensions>
          <gpxtpx:TrackPointExtension>
            <gpxtpx:Extensions>
              <highway>primary</highway>
              <surface>asphalt</surface>
              <oneway>yes</oneway>
            </gpxtpx:Extensions>
          </gpxtpx:TrackPointExtension>
        </extensions>
      </trkpt>
      <trkpt lat="44.981548" lon="7.471513">
        <ele>282.5</ele>
        <time>2023-05-15T12:20:56.373Z</time>
        <extensions>
          <gpxtpx:TrackPointExtension>
            <gpxtpx:Extensions>
              <highway>primary</highway>
              <surface>asphalt</surface>
              <oneway>yes</oneway>
            </gpxtpx:Extensions>
          </gpxtpx:TrackPointExtension>
        </extensions>
      </trkpt>
      <trkpt lat="44.981488" lon="7.471638">
        <ele>282.5</ele>
        <time>2023-05-15T12:20:57.285Z</time>
        <extensions>
          <gpxtpx:TrackPointExtension>
            <gpxtpx:Extensions>
              <reversedirection>yes</reversedirection>
              <highway>primary</highway>
              <surface>asphalt</surface>
              <maxspeed>50</maxspeed>
            </gpxtpx:Extensions>
          </gpxtpx:TrackPointExtension>
        </extensions>
      </trkpt>
      <trkpt lat="44.981018" lon="7.472093">
        <ele>281</ele>
        <time>2023-05-15T12:21:02.148Z</time>
        <extensions>
          <gpxtpx:TrackPointExtension>
            <gpxtpx:Extensions>
              <reversedirection>yes</reversedirection>
              <highway>primary</highway>
              <surface>asphalt</surface>
              <maxspeed>50</maxspeed>
            </gpxtpx:Extensions>
          </gpxtpx:TrackPointExtension>
        </extensions>
      </trkpt>
      <trkpt lat="44.979237" lon="7.473798">
        <ele>278.5</ele>
        <time>2023-05-15T12:21:20.510Z</time>
        <extensions>
          <gpxtpx:TrackPointExtension>
            <gpxtpx:Extensions>
              <reversedirection>yes</reversedirection>
              <highway>primary</highway>
              <surface>asphalt</surface>
              <maxspeed>50</maxspeed>
            </gpxtpx:Extensions>
          </gpxtpx:TrackPointExtension>
        </extensions>
      </trkpt>
      <trkpt lat="44.978955" lon="7.474089">
        <ele>278</ele>
        <time>2023-05-15T12:21:23.490Z</time>
        <extensions>
          <gpxtpx:TrackPointExtension>
            <gpxtpx:Extensions>
              <reversedirection>yes</reversedirection>
              <highway>primary</highway>
              <surface>asphalt</surface>
              <maxspeed>50</maxspeed>
            </gpxtpx:Extensions>
          </gpxtpx:TrackPointExtension>
        </extensions>
      </trkpt>
      <trkpt lat="44.977245" lon="7.475776">
        <ele>278</ele>
        <time>2023-05-15T12:21:41.292Z</time>
        <extensions>
          <gpxtpx:TrackPointExtension>
            <gpxtpx:Extensions>
              <reversedirection>yes</reversedirection>
              <highway>primary</highway>
              <surface>asphalt</surface>
              <maxspeed>50</maxspeed>
            </gpxtpx:Extensions>
          </gpxtpx:TrackPointExtension>
        </extensions>
      </trkpt>
      <trkpt lat="44.976899" lon="7.476172">
        <ele>278.75</ele>
        <time>2023-05-15T12:21:45.092Z</time>
        <extensions>
          <gpxtpx:TrackPointExtension>
            <gpxtpx:Extensions>
              <highway>primary</highway>
              <surface>asphalt</surface>
              <maxspeed>50</maxspeed>
              <oneway>yes</oneway>
            </gpxtpx:Extensions>
          </gpxtpx:TrackPointExtension>
        </extensions>
      </trkpt>
      <trkpt lat="44.976767" lon="7.476234">
        <ele>278.75</ele>
        <time>2023-05-15T12:21:46.279Z</time>
        <extensions>
          <gpxtpx:TrackPointExtension>
            <gpxtpx:Extensions>
              <highway>primary</highway>
              <surface>asphalt</surface>
              <maxspeed>50</maxspeed>
              <oneway>yes</oneway>
            </gpxtpx:Extensions>
          </gpxtpx:TrackPointExtension>
        </extensions>
      </trkpt>
      <trkpt lat="44.976548" lon="7.476303">
        <ele>278.75</ele>
        <time>2023-05-15T12:21:48.194Z</time>
        <extensions>
          <gpxtpx:TrackPointExtension>
            <gpxtpx:Extensions>
              <highway>primary</highway>
              <surface>asphalt</surface>
              <maxspeed>50</maxspeed>
              <junction>roundabout</junction>
            </gpxtpx:Extensions>
          </gpxtpx:TrackPointExtension>
        </extensions>
      </trkpt>
      <trkpt lat="44.976501" lon="7.476299">
        <ele>278.75</ele>
        <time>2023-05-15T12:21:48.595Z</time>
        <extensions>
          <gpxtpx:TrackPointExtension>
            <gpxtpx:Extensions>
              <highway>primary</highway>
              <surface>asphalt</surface>
              <maxspeed>50</maxspeed>
              <junction>roundabout</junction>
            </gpxtpx:Extensions>
          </gpxtpx:TrackPointExtension>
        </extensions>
      </trkpt>
      <trkpt lat="44.976468" lon="7.476309">
        <ele>278.75</ele>
        <time>2023-05-15T12:21:48.883Z</time>
        <extensions>
          <gpxtpx:TrackPointExtension>
            <gpxtpx:Extensions>
              <highway>primary</highway>
              <surface>asphalt</surface>
              <maxspeed>50</maxspeed>
              <junction>roundabout</junction>
            </gpxtpx:Extensions>
          </gpxtpx:TrackPointExtension>
        </extensions>
      </trkpt>
      <trkpt lat="44.976437" lon="7.47633">
        <ele>278.75</ele>
        <time>2023-05-15T12:21:49.176Z</time>
        <extensions>
          <gpxtpx:TrackPointExtension>
            <gpxtpx:Extensions>
              <highway>primary</highway>
              <surface>asphalt</surface>
              <maxspeed>50</maxspeed>
              <junction>roundabout</junction>
            </gpxtpx:Extensions>
          </gpxtpx:TrackPointExtension>
        </extensions>
      </trkpt>
      <trkpt lat="44.976413" lon="7.476356">
        <ele>278.5</ele>
        <time>2023-05-15T12:21:49.388Z</time>
        <extensions>
          <gpxtpx:TrackPointExtension>
            <gpxtpx:Extensions>
              <highway>primary</highway>
              <surface>asphalt</surface>
              <maxspeed>50</maxspeed>
              <junction>roundabout</junction>
            </gpxtpx:Extensions>
          </gpxtpx:TrackPointExtension>
        </extensions>
      </trkpt>
      <trkpt lat="44.976413" lon="7.476356">
        <ele>278.5</ele>
        <time>2023-05-15T12:21:49.388Z</time>
        <extensions>
          <gpxtpx:TrackPointExtension>
            <gpxtpx:Extensions>
              <highway>primary</highway>
              <surface>asphalt</surface>
              <maxspeed>50</maxspeed>
              <junction>roundabout</junction>
            </gpxtpx:Extensions>
          </gpxtpx:TrackPointExtension>
        </extensions>
      </trkpt>
      <trkpt lat="44.976411" lon="7.476359">
        <ele>278.5</ele>
        <time>2023-05-15T12:21:49.407Z</time>
        <extensions>
          <gpxtpx:TrackPointExtension>
            <gpxtpx:Extensions>
              <highway>primary</highway>
              <surface>asphalt</surface>
              <maxspeed>50</maxspeed>
              <junction>roundabout</junction>
            </gpxtpx:Extensions>
          </gpxtpx:TrackPointExtension>
        </extensions>
      </trkpt>
      <trkpt lat="44.97639" lon="7.476397">
        <ele>278.5</ele>
        <time>2023-05-15T12:21:49.646Z</time>
        <extensions>
          <gpxtpx:TrackPointExtension>
            <gpxtpx:Extensions>
              <highway>primary</highway>
              <surface>asphalt</surface>
              <maxspeed>50</maxspeed>
              <junction>roundabout</junction>
            </gpxtpx:Extensions>
          </gpxtpx:TrackPointExtension>
        </extensions>
      </trkpt>
      <trkpt lat="44.976368" lon="7.476486">
        <ele>278.5</ele>
        <time>2023-05-15T12:21:50.115Z</time>
        <extensions>
          <gpxtpx:TrackPointExtension>
            <gpxtpx:Extensions>
              <highway>primary</highway>
              <surface>asphalt</surface>
              <maxspeed>50</maxspeed>
              <junction>roundabout</junction>
            </gpxtpx:Extensions>
          </gpxtpx:TrackPointExtension>
        </extensions>
      </trkpt>
      <trkpt lat="44.976369" lon="7.476539">
        <ele>278.25</ele>
        <time>2023-05-15T12:21:50.378Z</time>
        <extensions>
          <gpxtpx:TrackPointExtension>
            <gpxtpx:Extensions>
              <highway>primary</highway>
              <surface>asphalt</surface>
              <maxspeed>50</maxspeed>
              <oneway>yes</oneway>
            </gpxtpx:Extensions>
          </gpxtpx:TrackPointExtension>
        </extensions>
      </trkpt>
      <trkpt lat="44.976274" lon="7.476906">
        <ele>277.75</ele>
        <time>2023-05-15T12:21:52.322Z</time>
        <extensions>
          <gpxtpx:TrackPointExtension>
            <gpxtpx:Extensions>
              <highway>primary</highway>
              <surface>asphalt</surface>
              <maxspeed>50</maxspeed>
            </gpxtpx:Extensions>
          </gpxtpx:TrackPointExtension>
        </extensions>
      </trkpt>
      <trkpt lat="44.975888" lon="7.477385">
        <ele>276.25</ele>
        <time>2023-05-15T12:21:55.934Z</time>
        <extensions>
          <gpxtpx:TrackPointExtension>
            <gpxtpx:Extensions>
              <highway>primary</highway>
              <surface>asphalt</surface>
              <maxspeed>50</maxspeed>
            </gpxtpx:Extensions>
          </gpxtpx:TrackPointExtension>
        </extensions>
      </trkpt>
      <trkpt lat="44.975276" lon="7.478239">
        <ele>276.5</ele>
        <time>2023-05-15T12:22:01.983Z</time>
        <extensions>
          <gpxtpx:TrackPointExtension>
            <gpxtpx:Extensions>
              <highway>primary</highway>
              <surface>asphalt</surface>
              <maxspeed>50</maxspeed>
            </gpxtpx:Extensions>
          </gpxtpx:TrackPointExtension>
        </extensions>
      </trkpt>
      <trkpt lat="44.974873" lon="7.47884">
        <ele>276.25</ele>
        <time>2023-05-15T12:22:06.103Z</time>
        <extensions>
          <gpxtpx:TrackPointExtension>
            <gpxtpx:Extensions>
              <highway>primary</highway>
              <surface>asphalt</surface>
              <maxspeed>50</maxspeed>
            </gpxtpx:Extensions>
          </gpxtpx:TrackPointExtension>
        </extensions>
      </trkpt>
      <trkpt lat="44.974112" lon="7.479974">
        <ele>274</ele>
        <time>2023-05-15T12:22:13.881Z</time>
        <extensions>
          <gpxtpx:TrackPointExtension>
            <gpxtpx:Extensions>
              <highway>primary</highway>
              <surface>asphalt</surface>
              <maxspeed>50</maxspeed>
            </gpxtpx:Extensions>
          </gpxtpx:TrackPointExtension>
        </extensions>
      </trkpt>
      <trkpt lat="44.974005" lon="7.48015">
        <ele>274.25</ele>
        <time>2023-05-15T12:22:15.035Z</time>
        <extensions>
          <gpxtpx:TrackPointExtension>
            <gpxtpx:Extensions>
              <highway>primary</highway>
              <surface>asphalt</surface>
              <maxspeed>50</maxspeed>
            </gpxtpx:Extensions>
          </gpxtpx:TrackPointExtension>
        </extensions>
      </trkpt>
      <trkpt lat="44.973925" lon="7.480301">
        <ele>274.25</ele>
        <time>2023-05-15T12:22:15.973Z</time>
        <extensions>
          <gpxtpx:TrackPointExtension>
            <gpxtpx:Extensions>
              <highway>primary</highway>
              <surface>asphalt</surface>
              <maxspeed>50</maxspeed>
            </gpxtpx:Extensions>
          </gpxtpx:TrackPointExtension>
        </extensions>
      </trkpt>
      <trkpt lat="44.973765" lon="7.480622">
        <ele>274.25</ele>
        <time>2023-05-15T12:22:17.927Z</time>
        <extensions>
          <gpxtpx:TrackPointExtension>
            <gpxtpx:Extensions>
              <highway>primary</highway>
              <surface>asphalt</surface>
              <maxspeed>50</maxspeed>
            </gpxtpx:Extensions>
          </gpxtpx:TrackPointExtension>
        </extensions>
      </trkpt>
      <trkpt lat="44.97363" lon="7.480934">
        <ele>274</ele>
        <time>2023-05-15T12:22:19.746Z</time>
        <extensions>
          <gpxtpx:TrackPointExtension>
            <gpxtpx:Extensions>
              <highway>primary</highway>
              <surface>asphalt</surface>
              <maxspeed>50</maxspeed>
            </gpxtpx:Extensions>
          </gpxtpx:TrackPointExtension>
        </extensions>
      </trkpt>
      <trkpt lat="44.973514" lon="7.48126">
        <ele>273.5</ele>
        <time>2023-05-15T12:22:21.561Z</time>
        <extensions>
          <gpxtpx:TrackPointExtension>
            <gpxtpx:Extensions>
              <highway>primary</highway>
              <surface>asphalt</surface>
              <maxspeed>50</maxspeed>
            </gpxtpx:Extensions>
          </gpxtpx:TrackPointExtension>
        </extensions>
      </trkpt>
      <trkpt lat="44.973415" lon="7.481593">
        <ele>273</ele>
        <time>2023-05-15T12:22:23.358Z</time>
        <extensions>
          <gpxtpx:TrackPointExtension>
            <gpxtpx:Extensions>
              <highway>primary</highway>
              <surface>asphalt</surface>
              <maxspeed>90</maxspeed>
            </gpxtpx:Extensions>
          </gpxtpx:TrackPointExtension>
        </extensions>
      </trkpt>
      <trkpt lat="44.973328" lon="7.481968">
        <ele>273</ele>
        <time>2023-05-15T12:22:25.321Z</time>
        <extensions>
          <gpxtpx:TrackPointExtension>
            <gpxtpx:Extensions>
              <highway>primary</highway>
              <surface>asphalt</surface>
              <maxspeed>90</maxspeed>
            </gpxtpx:Extensions>
          </gpxtpx:TrackPointExtension>
        </extensions>
      </trkpt>
      <trkpt lat="44.973269" lon="7.48231">
        <ele>272.75</ele>
        <time>2023-05-15T12:22:27.072Z</time>
        <extensions>
          <gpxtpx:TrackPointExtension>
            <gpxtpx:Extensions>
              <highway>primary</highway>
              <surface>asphalt</surface>
              <maxspeed>90</maxspeed>
            </gpxtpx:Extensions>
          </gpxtpx:TrackPointExtension>
        </extensions>
      </trkpt>
      <trkpt lat="44.973209" lon="7.482765">
        <ele>273</ele>
        <time>2023-05-15T12:22:29.375Z</time>
        <extensions>
          <gpxtpx:TrackPointExtension>
            <gpxtpx:Extensions>
              <highway>primary</highway>
              <surface>asphalt</surface>
              <maxspeed>90</maxspeed>
            </gpxtpx:Extensions>
          </gpxtpx:TrackPointExtension>
        </extensions>
      </trkpt>
      <trkpt lat="44.973108" lon="7.483436">
        <ele>273.5</ele>
        <time>2023-05-15T12:22:32.788Z</time>
        <extensions>
          <gpxtpx:TrackPointExtension>
            <gpxtpx:Extensions>
              <highway>primary</highway>
              <surface>asphalt</surface>
              <maxspeed>90</maxspeed>
            </gpxtpx:Extensions>
          </gpxtpx:TrackPointExtension>
        </extensions>
      </trkpt>
      <trkpt lat="44.973055" lon="7.483717">
        <ele>273.5</ele>
        <time>2023-05-15T12:22:34.235Z</time>
        <extensions>
          <gpxtpx:TrackPointExtension>
            <gpxtpx:Extensions>
              <highway>primary</highway>
              <surface>asphalt</surface>
              <maxspeed>90</maxspeed>
            </gpxtpx:Extensions>
          </gpxtpx:TrackPointExtension>
        </extensions>
      </trkpt>
      <trkpt lat="44.972998" lon="7.483981">
        <ele>273.5</ele>
        <time>2023-05-15T12:22:35.608Z</time>
        <extensions>
          <gpxtpx:TrackPointExtension>
            <gpxtpx:Extensions>
              <highway>primary</highway>
              <surface>asphalt</surface>
              <maxspeed>90</maxspeed>
            </gpxtpx:Extensions>
          </gpxtpx:TrackPointExtension>
        </extensions>
      </trkpt>
      <trkpt lat="44.97293" lon="7.484257">
        <ele>273.25</ele>
        <time>2023-05-15T12:22:37.062Z</time>
        <extensions>
          <gpxtpx:TrackPointExtension>
            <gpxtpx:Extensions>
              <highway>primary</highway>
              <surface>asphalt</surface>
              <maxspeed>90</maxspeed>
            </gpxtpx:Extensions>
          </gpxtpx:TrackPointExtension>
        </extensions>
      </trkpt>
      <trkpt lat="44.972796" lon="7.484739">
        <ele>272.75</ele>
        <time>2023-05-15T12:22:39.639Z</time>
        <extensions>
          <gpxtpx:TrackPointExtension>
            <gpxtpx:Extensions>
              <highway>primary</highway>
              <surface>asphalt</surface>
              <maxspeed>90</maxspeed>
            </gpxtpx:Extensions>
          </gpxtpx:TrackPointExtension>
        </extensions>
      </trkpt>
      <trkpt lat="44.972641" lon="7.485211">
        <ele>272</ele>
        <time>2023-05-15T12:22:42.228Z</time>
        <extensions>
          <gpxtpx:TrackPointExtension>
            <gpxtpx:Extensions>
              <highway>primary</highway>
              <surface>asphalt</surface>
              <maxspeed>90</maxspeed>
            </gpxtpx:Extensions>
          </gpxtpx:TrackPointExtension>
        </extensions>
      </trkpt>
      <trkpt lat="44.972565" lon="7.485413">
        <ele>271</ele>
        <time>2023-05-15T12:22:43.366Z</time>
      </trkpt>
      <trkpt lat="44.97255599999998" lon="7.485406000000013">
        <ele>270.759</ele>
        <time>2023-05-15T12:22:43.463Z</time>
      </trkpt>
      <trkpt lat="44.972565" lon="7.485413">
        <ele>271.5</ele>
        <time>2023-05-15T12:22:43.560Z</time>
        <extensions>
          <gpxtpx:TrackPointExtension>
            <gpxtpx:Extensions>
              <highway>primary</highway>
              <surface>asphalt</surface>
              <maxspeed>90</maxspeed>
            </gpxtpx:Extensions>
          </gpxtpx:TrackPointExtension>
        </extensions>
      </trkpt>
      <trkpt lat="44.972466" lon="7.485679">
        <ele>271</ele>
        <time>2023-05-15T12:22:45.576Z</time>
        <extensions>
          <gpxtpx:TrackPointExtension>
            <gpxtpx:Extensions>
              <highway>primary</highway>
              <surface>asphalt</surface>
              <maxspeed>90</maxspeed>
            </gpxtpx:Extensions>
          </gpxtpx:TrackPointExtension>
        </extensions>
      </trkpt>
      <trkpt lat="44.972154" lon="7.486393">
        <ele>269.75</ele>
        <time>2023-05-15T12:22:51.206Z</time>
        <extensions>
          <gpxtpx:TrackPointExtension>
            <gpxtpx:Extensions>
              <highway>primary</highway>
              <surface>asphalt</surface>
              <maxspeed>90</maxspeed>
            </gpxtpx:Extensions>
          </gpxtpx:TrackPointExtension>
        </extensions>
      </trkpt>
      <trkpt lat="44.971909" lon="7.486889">
        <ele>269.5</ele>
        <time>2023-05-15T12:22:55.264Z</time>
        <extensions>
          <gpxtpx:TrackPointExtension>
            <gpxtpx:Extensions>
              <highway>primary</highway>
              <surface>asphalt</surface>
              <maxspeed>90</maxspeed>
            </gpxtpx:Extensions>
          </gpxtpx:TrackPointExtension>
        </extensions>
      </trkpt>
      <trkpt lat="44.971785" lon="7.487119">
        <ele>269.5</ele>
        <time>2023-05-15T12:22:57.204Z</time>
        <extensions>
          <gpxtpx:TrackPointExtension>
            <gpxtpx:Extensions>
              <highway>primary</highway>
              <surface>asphalt</surface>
              <maxspeed>90</maxspeed>
            </gpxtpx:Extensions>
          </gpxtpx:TrackPointExtension>
        </extensions>
      </trkpt>
      <trkpt lat="44.971575" lon="7.487484">
        <ele>269.75</ele>
        <time>2023-05-15T12:23:00.360Z</time>
        <extensions>
          <gpxtpx:TrackPointExtension>
            <gpxtpx:Extensions>
              <highway>primary</highway>
              <surface>asphalt</surface>
              <maxspeed>90</maxspeed>
            </gpxtpx:Extensions>
          </gpxtpx:TrackPointExtension>
        </extensions>
      </trkpt>
      <trkpt lat="44.971351" lon="7.48783">
        <ele>268.75</ele>
        <time>2023-05-15T12:23:03.506Z</time>
        <extensions>
          <gpxtpx:TrackPointExtension>
            <gpxtpx:Extensions>
              <highway>primary</highway>
              <surface>asphalt</surface>
              <maxspeed>90</maxspeed>
            </gpxtpx:Extensions>
          </gpxtpx:TrackPointExtension>
        </extensions>
      </trkpt>
      <trkpt lat="44.971081" lon="7.488203">
        <ele>268.25</ele>
        <time>2023-05-15T12:23:07.086Z</time>
        <extensions>
          <gpxtpx:TrackPointExtension>
            <gpxtpx:Extensions>
              <highway>primary</highway>
              <surface>asphalt</surface>
              <maxspeed>90</maxspeed>
            </gpxtpx:Extensions>
          </gpxtpx:TrackPointExtension>
        </extensions>
      </trkpt>
      <trkpt lat="44.970765" lon="7.488591">
        <ele>268.25</ele>
        <time>2023-05-15T12:23:11.055Z</time>
        <extensions>
          <gpxtpx:TrackPointExtension>
            <gpxtpx:Extensions>
              <highway>primary</highway>
              <surface>asphalt</surface>
              <maxspeed>90</maxspeed>
            </gpxtpx:Extensions>
          </gpxtpx:TrackPointExtension>
        </extensions>
      </trkpt>
      <trkpt lat="44.970401" lon="7.48899">
        <ele>268.75</ele>
        <time>2023-05-15T12:23:15.423Z</time>
        <extensions>
          <gpxtpx:TrackPointExtension>
            <gpxtpx:Extensions>
              <highway>primary</highway>
              <surface>asphalt</surface>
              <maxspeed>90</maxspeed>
            </gpxtpx:Extensions>
          </gpxtpx:TrackPointExtension>
        </extensions>
      </trkpt>
      <trkpt lat="44.967319" lon="7.491893">
        <ele>264.5</ele>
        <time>2023-05-15T12:23:50.548Z</time>
        <extensions>
          <gpxtpx:TrackPointExtension>
            <gpxtpx:Extensions>
              <highway>primary</highway>
              <surface>asphalt</surface>
              <maxspeed>90</maxspeed>
            </gpxtpx:Extensions>
          </gpxtpx:TrackPointExtension>
        </extensions>
      </trkpt>
      <trkpt lat="44.965854" lon="7.493272">
        <ele>265</ele>
        <time>2023-05-15T12:24:07.241Z</time>
        <extensions>
          <gpxtpx:TrackPointExtension>
            <gpxtpx:Extensions>
              <highway>primary</highway>
              <surface>asphalt</surface>
              <maxspeed>90</maxspeed>
            </gpxtpx:Extensions>
          </gpxtpx:TrackPointExtension>
        </extensions>
      </trkpt>
      <trkpt lat="44.965418" lon="7.493692">
        <ele>264</ele>
        <time>2023-05-15T12:24:12.245Z</time>
        <extensions>
          <gpxtpx:TrackPointExtension>
            <gpxtpx:Extensions>
              <highway>primary</highway>
              <surface>asphalt</surface>
              <maxspeed>40</maxspeed>
              <oneway>yes</oneway>
            </gpxtpx:Extensions>
          </gpxtpx:TrackPointExtension>
        </extensions>
      </trkpt>
      <trkpt lat="44.965316" lon="7.493739">
        <ele>263.75</ele>
        <time>2023-05-15T12:24:13.262Z</time>
        <extensions>
          <gpxtpx:TrackPointExtension>
            <gpxtpx:Extensions>
              <highway>primary</highway>
              <surface>asphalt</surface>
              <maxspeed>40</maxspeed>
              <oneway>yes</oneway>
            </gpxtpx:Extensions>
          </gpxtpx:TrackPointExtension>
        </extensions>
      </trkpt>
      <trkpt lat="44.96521" lon="7.493762">
        <ele>263.5</ele>
        <time>2023-05-15T12:24:14.279Z</time>
        <extensions>
          <gpxtpx:TrackPointExtension>
            <gpxtpx:Extensions>
              <highway>primary</highway>
              <surface>asphalt</surface>
              <maxspeed>40</maxspeed>
              <junction>roundabout</junction>
            </gpxtpx:Extensions>
          </gpxtpx:TrackPointExtension>
        </extensions>
      </trkpt>
      <trkpt lat="44.965175" lon="7.49375">
        <ele>263.5</ele>
        <time>2023-05-15T12:24:14.620Z</time>
        <extensions>
          <gpxtpx:TrackPointExtension>
            <gpxtpx:Extensions>
              <highway>primary</highway>
              <surface>asphalt</surface>
              <maxspeed>40</maxspeed>
              <junction>roundabout</junction>
            </gpxtpx:Extensions>
          </gpxtpx:TrackPointExtension>
        </extensions>
      </trkpt>
      <trkpt lat="44.965139" lon="7.493751">
        <ele>263.25</ele>
        <time>2023-05-15T12:24:14.961Z</time>
        <extensions>
          <gpxtpx:TrackPointExtension>
            <gpxtpx:Extensions>
              <highway>primary</highway>
              <surface>asphalt</surface>
              <maxspeed>40</maxspeed>
              <junction>roundabout</junction>
            </gpxtpx:Extensions>
          </gpxtpx:TrackPointExtension>
        </extensions>
      </trkpt>
      <trkpt lat="44.965105" lon="7.493766">
        <ele>263.25</ele>
        <time>2023-05-15T12:24:15.298Z</time>
        <extensions>
          <gpxtpx:TrackPointExtension>
            <gpxtpx:Extensions>
              <highway>primary</highway>
              <surface>asphalt</surface>
              <maxspeed>40</maxspeed>
              <junction>roundabout</junction>
            </gpxtpx:Extensions>
          </gpxtpx:TrackPointExtension>
        </extensions>
      </trkpt>
      <trkpt lat="44.965077" lon="7.49379">
        <ele>263.25</ele>
        <time>2023-05-15T12:24:15.608Z</time>
        <extensions>
          <gpxtpx:TrackPointExtension>
            <gpxtpx:Extensions>
              <highway>primary</highway>
              <surface>asphalt</surface>
              <maxspeed>40</maxspeed>
              <junction>roundabout</junction>
            </gpxtpx:Extensions>
          </gpxtpx:TrackPointExtension>
        </extensions>
      </trkpt>
      <trkpt lat="44.965053" lon="7.493823">
        <ele>263.25</ele>
        <time>2023-05-15T12:24:15.925Z</time>
        <extensions>
          <gpxtpx:TrackPointExtension>
            <gpxtpx:Extensions>
              <highway>primary</highway>
              <surface>asphalt</surface>
              <maxspeed>40</maxspeed>
              <junction>roundabout</junction>
            </gpxtpx:Extensions>
          </gpxtpx:TrackPointExtension>
        </extensions>
      </trkpt>
      <trkpt lat="44.965036" lon="7.493863">
        <ele>263.25</ele>
        <time>2023-05-15T12:24:16.238Z</time>
        <extensions>
          <gpxtpx:TrackPointExtension>
            <gpxtpx:Extensions>
              <highway>primary</highway>
              <surface>asphalt</surface>
              <maxspeed>40</maxspeed>
              <junction>roundabout</junction>
            </gpxtpx:Extensions>
          </gpxtpx:TrackPointExtension>
        </extensions>
      </trkpt>
      <trkpt lat="44.965026" lon="7.493908">
        <ele>263.25</ele>
        <time>2023-05-15T12:24:16.554Z</time>
        <extensions>
          <gpxtpx:TrackPointExtension>
            <gpxtpx:Extensions>
              <highway>primary</highway>
              <surface>asphalt</surface>
              <maxspeed>40</maxspeed>
              <junction>roundabout</junction>
            </gpxtpx:Extensions>
          </gpxtpx:TrackPointExtension>
        </extensions>
      </trkpt>
      <trkpt lat="44.965029" lon="7.494">
        <ele>263.5</ele>
        <time>2023-05-15T12:24:17.172Z</time>
        <extensions>
          <gpxtpx:TrackPointExtension>
            <gpxtpx:Extensions>
              <highway>primary</highway>
              <surface>asphalt</surface>
              <maxspeed>50</maxspeed>
              <oneway>yes</oneway>
            </gpxtpx:Extensions>
          </gpxtpx:TrackPointExtension>
        </extensions>
      </trkpt>
      <trkpt lat="44.964919" lon="7.494177">
        <ele>264</ele>
        <time>2023-05-15T12:24:18.752Z</time>
        <extensions>
          <gpxtpx:TrackPointExtension>
            <gpxtpx:Extensions>
              <highway>primary</highway>
              <surface>asphalt</surface>
              <maxspeed>50</maxspeed>
            </gpxtpx:Extensions>
          </gpxtpx:TrackPointExtension>
        </extensions>
      </trkpt>
      <trkpt lat="44.964362" lon="7.494688">
        <ele>264.75</ele>
        <time>2023-05-15T12:24:25.049Z</time>
        <extensions>
          <gpxtpx:TrackPointExtension>
            <gpxtpx:Extensions>
              <highway>primary</highway>
              <surface>asphalt</surface>
              <maxspeed>50</maxspeed>
            </gpxtpx:Extensions>
          </gpxtpx:TrackPointExtension>
        </extensions>
      </trkpt>
      <trkpt lat="44.963831" lon="7.495183">
        <ele>264.25</ele>
        <time>2023-05-15T12:24:31.081Z</time>
        <extensions>
          <gpxtpx:TrackPointExtension>
            <gpxtpx:Extensions>
              <highway>primary</highway>
              <surface>asphalt</surface>
              <maxspeed>50</maxspeed>
            </gpxtpx:Extensions>
          </gpxtpx:TrackPointExtension>
        </extensions>
      </trkpt>
      <trkpt lat="44.963635" lon="7.495367">
        <ele>263.75</ele>
        <time>2023-05-15T12:24:33.312Z</time>
        <extensions>
          <gpxtpx:TrackPointExtension>
            <gpxtpx:Extensions>
              <highway>primary</highway>
              <surface>asphalt</surface>
              <maxspeed>50</maxspeed>
            </gpxtpx:Extensions>
          </gpxtpx:TrackPointExtension>
        </extensions>
      </trkpt>
      <trkpt lat="44.963255" lon="7.495721">
        <ele>262.5</ele>
        <time>2023-05-15T12:24:37.628Z</time>
        <extensions>
          <gpxtpx:TrackPointExtension>
            <gpxtpx:Extensions>
              <highway>primary</highway>
              <surface>asphalt</surface>
              <maxspeed>50</maxspeed>
            </gpxtpx:Extensions>
          </gpxtpx:TrackPointExtension>
        </extensions>
      </trkpt>
      <trkpt lat="44.962267" lon="7.496576">
        <ele>259.25</ele>
        <time>2023-05-15T12:24:48.615Z</time>
        <extensions>
          <gpxtpx:TrackPointExtension>
            <gpxtpx:Extensions>
              <highway>primary</highway>
              <surface>asphalt</surface>
              <maxspeed>50</maxspeed>
            </gpxtpx:Extensions>
          </gpxtpx:TrackPointExtension>
        </extensions>
      </trkpt>
      <trkpt lat="44.961713" lon="7.497018">
        <ele>259.75</ele>
        <time>2023-05-15T12:24:54.648Z</time>
        <extensions>
          <gpxtpx:TrackPointExtension>
            <gpxtpx:Extensions>
              <highway>primary</highway>
              <surface>asphalt</surface>
              <maxspeed>50</maxspeed>
            </gpxtpx:Extensions>
          </gpxtpx:TrackPointExtension>
        </extensions>
      </trkpt>
      <trkpt lat="44.960125" lon="7.498193">
        <ele>259.5</ele>
        <time>2023-05-15T12:25:11.647Z</time>
        <extensions>
          <gpxtpx:TrackPointExtension>
            <gpxtpx:Extensions>
              <highway>primary</highway>
              <surface>asphalt</surface>
              <maxspeed>50</maxspeed>
              <oneway>yes</oneway>
            </gpxtpx:Extensions>
          </gpxtpx:TrackPointExtension>
        </extensions>
      </trkpt>
      <trkpt lat="44.959761" lon="7.498352">
        <ele>258.5</ele>
        <time>2023-05-15T12:25:15.260Z</time>
        <extensions>
          <gpxtpx:TrackPointExtension>
            <gpxtpx:Extensions>
              <highway>primary</highway>
              <surface>asphalt</surface>
              <maxspeed>50</maxspeed>
              <oneway>yes</oneway>
            </gpxtpx:Extensions>
          </gpxtpx:TrackPointExtension>
        </extensions>
      </trkpt>
      <trkpt lat="44.959604" lon="7.498364">
        <ele>258.25</ele>
        <time>2023-05-15T12:25:16.751Z</time>
        <extensions>
          <gpxtpx:TrackPointExtension>
            <gpxtpx:Extensions>
              <highway>primary</highway>
              <surface>asphalt</surface>
              <maxspeed>50</maxspeed>
              <oneway>yes</oneway>
            </gpxtpx:Extensions>
          </gpxtpx:TrackPointExtension>
        </extensions>
      </trkpt>
      <trkpt lat="44.959473" lon="7.498357">
        <ele>258.25</ele>
        <time>2023-05-15T12:25:17.994Z</time>
        <extensions>
          <gpxtpx:TrackPointExtension>
            <gpxtpx:Extensions>
              <highway>primary</highway>
              <surface>asphalt</surface>
              <maxspeed>50</maxspeed>
              <oneway>yes</oneway>
            </gpxtpx:Extensions>
          </gpxtpx:TrackPointExtension>
        </extensions>
      </trkpt>
      <trkpt lat="44.95922" lon="7.498294">
        <ele>258</ele>
        <time>2023-05-15T12:25:20.430Z</time>
        <extensions>
          <gpxtpx:TrackPointExtension>
            <gpxtpx:Extensions>
              <highway>primary</highway>
              <surface>asphalt</surface>
              <maxspeed>50</maxspeed>
              <oneway>yes</oneway>
            </gpxtpx:Extensions>
          </gpxtpx:TrackPointExtension>
        </extensions>
      </trkpt>
      <trkpt lat="44.959056" lon="7.498243">
        <ele>258.25</ele>
        <time>2023-05-15T12:25:22.022Z</time>
        <extensions>
          <gpxtpx:TrackPointExtension>
            <gpxtpx:Extensions>
              <highway>primary</highway>
              <surface>asphalt</surface>
              <maxspeed>50</maxspeed>
              <oneway>yes</oneway>
            </gpxtpx:Extensions>
          </gpxtpx:TrackPointExtension>
        </extensions>
      </trkpt>
      <trkpt lat="44.958879" lon="7.498239">
        <ele>258.25</ele>
        <time>2023-05-15T12:25:23.700Z</time>
        <extensions>
          <gpxtpx:TrackPointExtension>
            <gpxtpx:Extensions>
              <highway>primary</highway>
              <surface>asphalt</surface>
              <maxspeed>50</maxspeed>
              <oneway>yes</oneway>
            </gpxtpx:Extensions>
          </gpxtpx:TrackPointExtension>
        </extensions>
      </trkpt>
      <trkpt lat="44.958676" lon="7.498278">
        <ele>258.5</ele>
        <time>2023-05-15T12:25:25.642Z</time>
        <extensions>
          <gpxtpx:TrackPointExtension>
            <gpxtpx:Extensions>
              <highway>primary</highway>
              <surface>asphalt</surface>
              <maxspeed>50</maxspeed>
              <oneway>yes</oneway>
            </gpxtpx:Extensions>
          </gpxtpx:TrackPointExtension>
        </extensions>
      </trkpt>
      <trkpt lat="44.958567" lon="7.498321">
        <ele>258.5</ele>
        <time>2023-05-15T12:25:26.715Z</time>
        <extensions>
          <gpxtpx:TrackPointExtension>
            <gpxtpx:Extensions>
              <highway>primary</highway>
              <surface>asphalt</surface>
              <maxspeed>50</maxspeed>
              <oneway>yes</oneway>
            </gpxtpx:Extensions>
          </gpxtpx:TrackPointExtension>
        </extensions>
      </trkpt>
      <trkpt lat="44.958219" lon="7.498458">
        <ele>258.5</ele>
        <time>2023-05-15T12:25:30.141Z</time>
        <extensions>
          <gpxtpx:TrackPointExtension>
            <gpxtpx:Extensions>
              <highway>primary</highway>
              <surface>asphalt</surface>
              <maxspeed>50</maxspeed>
              <oneway>yes</oneway>
            </gpxtpx:Extensions>
          </gpxtpx:TrackPointExtension>
        </extensions>
      </trkpt>
      <trkpt lat="44.958078" lon="7.498542">
        <ele>258.5</ele>
        <time>2023-05-15T12:25:31.592Z</time>
        <extensions>
          <gpxtpx:TrackPointExtension>
            <gpxtpx:Extensions>
              <highway>primary</highway>
              <surface>asphalt</surface>
              <maxspeed>50</maxspeed>
              <oneway>yes</oneway>
            </gpxtpx:Extensions>
          </gpxtpx:TrackPointExtension>
        </extensions>
      </trkpt>
      <trkpt lat="44.95799" lon="7.49859">
        <ele>258.5</ele>
        <time>2023-05-15T12:25:32.486Z</time>
        <extensions>
          <gpxtpx:TrackPointExtension>
            <gpxtpx:Extensions>
              <highway>primary</highway>
              <surface>asphalt</surface>
              <maxspeed>50</maxspeed>
              <oneway>yes</oneway>
            </gpxtpx:Extensions>
          </gpxtpx:TrackPointExtension>
        </extensions>
      </trkpt>
      <trkpt lat="44.957633" lon="7.49888">
        <ele>258</ele>
        <time>2023-05-15T12:25:36.391Z</time>
        <extensions>
          <gpxtpx:TrackPointExtension>
            <gpxtpx:Extensions>
              <highway>primary</highway>
              <surface>asphalt</surface>
              <maxspeed>50</maxspeed>
              <oneway>yes</oneway>
            </gpxtpx:Extensions>
          </gpxtpx:TrackPointExtension>
        </extensions>
      </trkpt>
      <trkpt lat="44.957444" lon="7.499057">
        <ele>258</ele>
        <time>2023-05-15T12:25:38.541Z</time>
        <extensions>
          <gpxtpx:TrackPointExtension>
            <gpxtpx:Extensions>
              <highway>primary</highway>
              <surface>asphalt</surface>
              <maxspeed>50</maxspeed>
              <oneway>yes</oneway>
            </gpxtpx:Extensions>
          </gpxtpx:TrackPointExtension>
        </extensions>
      </trkpt>
      <trkpt lat="44.957243" lon="7.499269">
        <ele>258</ele>
        <time>2023-05-15T12:25:40.919Z</time>
        <extensions>
          <gpxtpx:TrackPointExtension>
            <gpxtpx:Extensions>
              <highway>primary</highway>
              <surface>asphalt</surface>
              <maxspeed>50</maxspeed>
            </gpxtpx:Extensions>
          </gpxtpx:TrackPointExtension>
        </extensions>
      </trkpt>
      <trkpt lat="44.957091" lon="7.499456">
        <ele>258</ele>
        <time>2023-05-15T12:25:42.830Z</time>
        <extensions>
          <gpxtpx:TrackPointExtension>
            <gpxtpx:Extensions>
              <highway>primary</highway>
              <surface>asphalt</surface>
              <maxspeed>50</maxspeed>
            </gpxtpx:Extensions>
          </gpxtpx:TrackPointExtension>
        </extensions>
      </trkpt>
      <trkpt lat="44.957055" lon="7.499507">
        <ele>257.75</ele>
        <time>2023-05-15T12:25:43.313Z</time>
      </trkpt>
      <trkpt lat="44.95704699999998" lon="7.499496000000012">
        <ele>258.849</ele>
        <time>2023-05-15T12:25:43.435Z</time>
      </trkpt>
      <trkpt lat="44.957055" lon="7.499507">
        <ele>257.75</ele>
        <time>2023-05-15T12:25:43.557Z</time>
        <extensions>
          <gpxtpx:TrackPointExtension>
            <gpxtpx:Extensions>
              <highway>primary</highway>
              <surface>asphalt</surface>
              <maxspeed>50</maxspeed>
            </gpxtpx:Extensions>
          </gpxtpx:TrackPointExtension>
        </extensions>
      </trkpt>
      <trkpt lat="44.956937" lon="7.499677">
        <ele>257.75</ele>
        <time>2023-05-15T12:25:45.398Z</time>
        <extensions>
          <gpxtpx:TrackPointExtension>
            <gpxtpx:Extensions>
              <highway>primary</highway>
              <surface>asphalt</surface>
              <maxspeed>50</maxspeed>
            </gpxtpx:Extensions>
          </gpxtpx:TrackPointExtension>
        </extensions>
      </trkpt>
      <trkpt lat="44.956805" lon="7.49993">
        <ele>257.25</ele>
        <time>2023-05-15T12:25:47.829Z</time>
        <extensions>
          <gpxtpx:TrackPointExtension>
            <gpxtpx:Extensions>
              <highway>primary</highway>
              <surface>asphalt</surface>
              <maxspeed>50</maxspeed>
            </gpxtpx:Extensions>
          </gpxtpx:TrackPointExtension>
        </extensions>
      </trkpt>
      <trkpt lat="44.956688" lon="7.5002">
        <ele>256.25</ele>
        <time>2023-05-15T12:25:50.277Z</time>
        <extensions>
          <gpxtpx:TrackPointExtension>
            <gpxtpx:Extensions>
              <highway>primary</highway>
              <surface>asphalt</surface>
              <maxspeed>50</maxspeed>
            </gpxtpx:Extensions>
          </gpxtpx:TrackPointExtension>
        </extensions>
      </trkpt>
      <trkpt lat="44.95661" lon="7.50041">
        <ele>255.5</ele>
        <time>2023-05-15T12:25:52.111Z</time>
        <extensions>
          <gpxtpx:TrackPointExtension>
            <gpxtpx:Extensions>
              <highway>primary</highway>
              <surface>asphalt</surface>
              <maxspeed>50</maxspeed>
            </gpxtpx:Extensions>
          </gpxtpx:TrackPointExtension>
        </extensions>
      </trkpt>
      <trkpt lat="44.956552" lon="7.500639">
        <ele>255</ele>
        <time>2023-05-15T12:25:53.992Z</time>
        <extensions>
          <gpxtpx:TrackPointExtension>
            <gpxtpx:Extensions>
              <highway>primary</highway>
              <surface>asphalt</surface>
              <maxspeed>50</maxspeed>
            </gpxtpx:Extensions>
          </gpxtpx:TrackPointExtension>
        </extensions>
      </trkpt>
      <trkpt lat="44.956492" lon="7.50099">
        <ele>255</ele>
        <time>2023-05-15T12:25:56.784Z</time>
        <extensions>
          <gpxtpx:TrackPointExtension>
            <gpxtpx:Extensions>
              <highway>primary</highway>
              <surface>asphalt</surface>
              <maxspeed>50</maxspeed>
            </gpxtpx:Extensions>
          </gpxtpx:TrackPointExtension>
        </extensions>
      </trkpt>
      <trkpt lat="44.956461" lon="7.501342">
        <ele>255.5</ele>
        <time>2023-05-15T12:25:59.527Z</time>
        <extensions>
          <gpxtpx:TrackPointExtension>
            <gpxtpx:Extensions>
              <highway>primary</highway>
              <surface>asphalt</surface>
              <maxspeed>50</maxspeed>
            </gpxtpx:Extensions>
          </gpxtpx:TrackPointExtension>
        </extensions>
      </trkpt>
      <trkpt lat="44.956465" lon="7.50163">
        <ele>255.75</ele>
        <time>2023-05-15T12:26:01.754Z</time>
        <extensions>
          <gpxtpx:TrackPointExtension>
            <gpxtpx:Extensions>
              <highway>primary</highway>
              <surface>asphalt</surface>
              <maxspeed>50</maxspeed>
            </gpxtpx:Extensions>
          </gpxtpx:TrackPointExtension>
        </extensions>
      </trkpt>
      <trkpt lat="44.95648" lon="7.501907">
        <ele>256</ele>
        <time>2023-05-15T12:26:03.902Z</time>
        <extensions>
          <gpxtpx:TrackPointExtension>
            <gpxtpx:Extensions>
              <highway>primary</highway>
              <surface>asphalt</surface>
              <maxspeed>50</maxspeed>
            </gpxtpx:Extensions>
          </gpxtpx:TrackPointExtension>
        </extensions>
      </trkpt>
      <trkpt lat="44.956529" lon="7.502248">
        <ele>256</ele>
        <time>2023-05-15T12:26:06.593Z</time>
        <extensions>
          <gpxtpx:TrackPointExtension>
            <gpxtpx:Extensions>
              <highway>primary</highway>
              <surface>asphalt</surface>
              <maxspeed>50</maxspeed>
              <oneway>yes</oneway>
            </gpxtpx:Extensions>
          </gpxtpx:TrackPointExtension>
        </extensions>
      </trkpt>
      <trkpt lat="44.956558" lon="7.502671">
        <ele>255.5</ele>
        <time>2023-05-15T12:26:09.879Z</time>
        <extensions>
          <gpxtpx:TrackPointExtension>
            <gpxtpx:Extensions>
              <highway>primary</highway>
              <surface>asphalt</surface>
              <maxspeed>50</maxspeed>
              <oneway>yes</oneway>
            </gpxtpx:Extensions>
          </gpxtpx:TrackPointExtension>
        </extensions>
      </trkpt>
      <trkpt lat="44.956524" lon="7.502905">
        <ele>255.25</ele>
        <time>2023-05-15T12:26:11.726Z</time>
        <extensions>
          <gpxtpx:TrackPointExtension>
            <gpxtpx:Extensions>
              <highway>primary</highway>
              <surface>asphalt</surface>
              <maxspeed>50</maxspeed>
              <oneway>yes</oneway>
            </gpxtpx:Extensions>
          </gpxtpx:TrackPointExtension>
        </extensions>
      </trkpt>
      <trkpt lat="44.956488" lon="7.503064">
        <ele>255</ele>
        <time>2023-05-15T12:26:13.017Z</time>
        <extensions>
          <gpxtpx:TrackPointExtension>
            <gpxtpx:Extensions>
              <highway>primary</highway>
              <surface>asphalt</surface>
              <maxspeed>50</maxspeed>
              <oneway>yes</oneway>
            </gpxtpx:Extensions>
          </gpxtpx:TrackPointExtension>
        </extensions>
      </trkpt>
      <trkpt lat="44.956305" lon="7.503742">
        <ele>253.25</ele>
        <time>2023-05-15T12:26:18.629Z</time>
        <extensions>
          <gpxtpx:TrackPointExtension>
            <gpxtpx:Extensions>
              <highway>secondary</highway>
              <surface>asphalt</surface>
              <maxspeed>50</maxspeed>
              <oneway>yes</oneway>
            </gpxtpx:Extensions>
          </gpxtpx:TrackPointExtension>
        </extensions>
      </trkpt>
      <trkpt lat="44.956272" lon="7.503997">
        <ele>252.75</ele>
        <time>2023-05-15T12:26:20.633Z</time>
        <extensions>
          <gpxtpx:TrackPointExtension>
            <gpxtpx:Extensions>
              <highway>secondary</highway>
              <surface>asphalt</surface>
              <maxspeed>50</maxspeed>
              <oneway>yes</oneway>
            </gpxtpx:Extensions>
          </gpxtpx:TrackPointExtension>
        </extensions>
      </trkpt>
      <trkpt lat="44.956251" lon="7.504589">
        <ele>253.25</ele>
        <time>2023-05-15T12:26:25.217Z</time>
        <extensions>
          <gpxtpx:TrackPointExtension>
            <gpxtpx:Extensions>
              <highway>secondary</highway>
              <surface>asphalt</surface>
              <maxspeed>50</maxspeed>
              <oneway>yes</oneway>
            </gpxtpx:Extensions>
          </gpxtpx:TrackPointExtension>
        </extensions>
      </trkpt>
      <trkpt lat="44.956228" lon="7.504928">
        <ele>253.75</ele>
        <time>2023-05-15T12:26:27.850Z</time>
        <extensions>
          <gpxtpx:TrackPointExtension>
            <gpxtpx:Extensions>
              <highway>secondary</highway>
              <surface>asphalt</surface>
              <maxspeed>50</maxspeed>
              <oneway>yes</oneway>
            </gpxtpx:Extensions>
          </gpxtpx:TrackPointExtension>
        </extensions>
      </trkpt>
      <trkpt lat="44.956173" lon="7.505133">
        <ele>253.75</ele>
        <time>2023-05-15T12:26:29.545Z</time>
        <extensions>
          <gpxtpx:TrackPointExtension>
            <gpxtpx:Extensions>
              <highway>secondary</highway>
              <surface>asphalt</surface>
              <maxspeed>50</maxspeed>
              <oneway>yes</oneway>
            </gpxtpx:Extensions>
          </gpxtpx:TrackPointExtension>
        </extensions>
      </trkpt>
      <trkpt lat="44.956152" lon="7.505183">
        <ele>253.75</ele>
        <time>2023-05-15T12:26:30.033Z</time>
        <extensions>
          <gpxtpx:TrackPointExtension>
            <gpxtpx:Extensions>
              <highway>secondary</highway>
              <surface>asphalt</surface>
              <maxspeed>50</maxspeed>
              <oneway>yes</oneway>
            </gpxtpx:Extensions>
          </gpxtpx:TrackPointExtension>
        </extensions>
      </trkpt>
      <trkpt lat="44.956152" lon="7.505183">
        <ele>253.75</ele>
        <time>2023-05-15T12:26:30.033Z</time>
        <extensions>
          <gpxtpx:TrackPointExtension>
            <gpxtpx:Extensions>
              <highway>secondary</highway>
              <surface>asphalt</surface>
              <maxspeed>50</maxspeed>
              <oneway>yes</oneway>
            </gpxtpx:Extensions>
          </gpxtpx:TrackPointExtension>
        </extensions>
      </trkpt>
      <trkpt lat="44.956052" lon="7.505433">
        <ele>253.75</ele>
        <time>2023-05-15T12:26:32.445Z</time>
        <extensions>
          <gpxtpx:TrackPointExtension>
            <gpxtpx:Extensions>
              <highway>secondary</highway>
              <surface>asphalt</surface>
              <maxspeed>50</maxspeed>
            </gpxtpx:Extensions>
          </gpxtpx:TrackPointExtension>
        </extensions>
      </trkpt>
      <trkpt lat="44.955928" lon="7.505612">
        <ele>253.25</ele>
        <time>2023-05-15T12:26:34.549Z</time>
        <extensions>
          <gpxtpx:TrackPointExtension>
            <gpxtpx:Extensions>
              <highway>secondary</highway>
              <surface>asphalt</surface>
              <maxspeed>50</maxspeed>
            </gpxtpx:Extensions>
          </gpxtpx:TrackPointExtension>
        </extensions>
      </trkpt>
      <trkpt lat="44.955895" lon="7.505661">
        <ele>253.25</ele>
        <time>2023-05-15T12:26:35.117Z</time>
        <extensions>
          <gpxtpx:TrackPointExtension>
            <gpxtpx:Extensions>
              <highway>secondary</highway>
              <surface>asphalt</surface>
              <maxspeed>50</maxspeed>
            </gpxtpx:Extensions>
          </gpxtpx:TrackPointExtension>
        </extensions>
      </trkpt>
      <trkpt lat="44.955732" lon="7.505912">
        <ele>252.75</ele>
        <time>2023-05-15T12:26:37.978Z</time>
        <extensions>
          <gpxtpx:TrackPointExtension>
            <gpxtpx:Extensions>
              <highway>secondary</highway>
              <surface>asphalt</surface>
              <maxspeed>50</maxspeed>
            </gpxtpx:Extensions>
          </gpxtpx:TrackPointExtension>
        </extensions>
      </trkpt>
      <trkpt lat="44.955667" lon="7.506">
        <ele>252.5</ele>
        <time>2023-05-15T12:26:39.046Z</time>
        <extensions>
          <gpxtpx:TrackPointExtension>
            <gpxtpx:Extensions>
              <highway>secondary</highway>
              <surface>asphalt</surface>
              <maxspeed>50</maxspeed>
              <oneway>yes</oneway>
            </gpxtpx:Extensions>
          </gpxtpx:TrackPointExtension>
        </extensions>
      </trkpt>
      <trkpt lat="44.955507" lon="7.506122">
        <ele>252.5</ele>
        <time>2023-05-15T12:26:41.204Z</time>
        <extensions>
          <gpxtpx:TrackPointExtension>
            <gpxtpx:Extensions>
              <highway>secondary</highway>
              <surface>asphalt</surface>
              <maxspeed>50</maxspeed>
              <oneway>yes</oneway>
            </gpxtpx:Extensions>
          </gpxtpx:TrackPointExtension>
        </extensions>
      </trkpt>
      <trkpt lat="44.95542" lon="7.506142">
        <ele>252.5</ele>
        <time>2023-05-15T12:26:42.250Z</time>
        <extensions>
          <gpxtpx:TrackPointExtension>
            <gpxtpx:Extensions>
              <highway>secondary</highway>
              <surface>asphalt</surface>
              <maxspeed>50</maxspeed>
              <junction>roundabout</junction>
            </gpxtpx:Extensions>
          </gpxtpx:TrackPointExtension>
        </extensions>
      </trkpt>
      <trkpt lat="44.955386" lon="7.506145">
        <ele>252.5</ele>
        <time>2023-05-15T12:26:42.654Z</time>
        <extensions>
          <gpxtpx:TrackPointExtension>
            <gpxtpx:Extensions>
              <highway>secondary</highway>
              <surface>asphalt</surface>
              <maxspeed>50</maxspeed>
              <junction>roundabout</junction>
            </gpxtpx:Extensions>
          </gpxtpx:TrackPointExtension>
        </extensions>
      </trkpt>
      <trkpt lat="44.955355" lon="7.506162">
        <ele>252.5</ele>
        <time>2023-05-15T12:26:43.048Z</time>
        <extensions>
          <gpxtpx:TrackPointExtension>
            <gpxtpx:Extensions>
              <highway>secondary</highway>
              <surface>asphalt</surface>
              <maxspeed>50</maxspeed>
              <junction>roundabout</junction>
            </gpxtpx:Extensions>
          </gpxtpx:TrackPointExtension>
        </extensions>
      </trkpt>
      <trkpt lat="44.955328" lon="7.506192">
        <ele>252.5</ele>
        <time>2023-05-15T12:26:43.455Z</time>
        <extensions>
          <gpxtpx:TrackPointExtension>
            <gpxtpx:Extensions>
              <highway>secondary</highway>
              <surface>asphalt</surface>
              <maxspeed>50</maxspeed>
              <junction>roundabout</junction>
            </gpxtpx:Extensions>
          </gpxtpx:TrackPointExtension>
        </extensions>
      </trkpt>
      <trkpt lat="44.955308" lon="7.50623">
        <ele>252.5</ele>
        <time>2023-05-15T12:26:43.852Z</time>
        <extensions>
          <gpxtpx:TrackPointExtension>
            <gpxtpx:Extensions>
              <highway>secondary</highway>
              <surface>asphalt</surface>
              <maxspeed>50</maxspeed>
              <junction>roundabout</junction>
            </gpxtpx:Extensions>
          </gpxtpx:TrackPointExtension>
        </extensions>
      </trkpt>
      <trkpt lat="44.955296" lon="7.506274">
        <ele>252.5</ele>
        <time>2023-05-15T12:26:44.248Z</time>
        <extensions>
          <gpxtpx:TrackPointExtension>
            <gpxtpx:Extensions>
              <highway>secondary</highway>
              <surface>asphalt</surface>
              <maxspeed>50</maxspeed>
              <junction>roundabout</junction>
            </gpxtpx:Extensions>
          </gpxtpx:TrackPointExtension>
        </extensions>
      </trkpt>
      <trkpt lat="44.955294" lon="7.50632">
        <ele>252.5</ele>
        <time>2023-05-15T12:26:44.635Z</time>
        <extensions>
          <gpxtpx:TrackPointExtension>
            <gpxtpx:Extensions>
              <highway>secondary</highway>
              <surface>asphalt</surface>
              <maxspeed>50</maxspeed>
              <junction>roundabout</junction>
            </gpxtpx:Extensions>
          </gpxtpx:TrackPointExtension>
        </extensions>
      </trkpt>
      <trkpt lat="44.955299" lon="7.506353">
        <ele>252.5</ele>
        <time>2023-05-15T12:26:44.918Z</time>
        <extensions>
          <gpxtpx:TrackPointExtension>
            <gpxtpx:Extensions>
              <highway>secondary</highway>
              <surface>asphalt</surface>
              <maxspeed>50</maxspeed>
              <oneway>yes</oneway>
            </gpxtpx:Extensions>
          </gpxtpx:TrackPointExtension>
        </extensions>
      </trkpt>
      <trkpt lat="44.95524" lon="7.506443">
        <ele>252.5</ele>
        <time>2023-05-15T12:26:45.948Z</time>
        <extensions>
          <gpxtpx:TrackPointExtension>
            <gpxtpx:Extensions>
              <highway>secondary</highway>
              <surface>asphalt</surface>
              <maxspeed>50</maxspeed>
              <oneway>yes</oneway>
            </gpxtpx:Extensions>
          </gpxtpx:TrackPointExtension>
        </extensions>
      </trkpt>
      <trkpt lat="44.955192" lon="7.50654">
        <ele>252.5</ele>
        <time>2023-05-15T12:26:46.942Z</time>
        <extensions>
          <gpxtpx:TrackPointExtension>
            <gpxtpx:Extensions>
              <reversedirection>yes</reversedirection>
              <highway>secondary</highway>
              <surface>asphalt</surface>
              <maxspeed>50</maxspeed>
            </gpxtpx:Extensions>
          </gpxtpx:TrackPointExtension>
        </extensions>
      </trkpt>
      <trkpt lat="44.955148" lon="7.506591">
        <ele>252.5</ele>
        <time>2023-05-15T12:26:47.617Z</time>
        <extensions>
          <gpxtpx:TrackPointExtension>
            <gpxtpx:Extensions>
              <reversedirection>yes</reversedirection>
              <highway>secondary</highway>
              <surface>asphalt</surface>
              <maxspeed>50</maxspeed>
            </gpxtpx:Extensions>
          </gpxtpx:TrackPointExtension>
        </extensions>
      </trkpt>
      <trkpt lat="44.954758" lon="7.507037">
        <ele>254.25</ele>
        <time>2023-05-15T12:26:53.573Z</time>
        <extensions>
          <gpxtpx:TrackPointExtension>
            <gpxtpx:Extensions>
              <reversedirection>yes</reversedirection>
              <highway>secondary</highway>
              <surface>asphalt</surface>
              <maxspeed>50</maxspeed>
            </gpxtpx:Extensions>
          </gpxtpx:TrackPointExtension>
        </extensions>
      </trkpt>
      <trkpt lat="44.95434" lon="7.507516">
        <ele>255.75</ele>
        <time>2023-05-15T12:26:59.961Z</time>
        <extensions>
          <gpxtpx:TrackPointExtension>
            <gpxtpx:Extensions>
              <reversedirection>yes</reversedirection>
              <highway>secondary</highway>
              <surface>asphalt</surface>
              <maxspeed>50</maxspeed>
            </gpxtpx:Extensions>
          </gpxtpx:TrackPointExtension>
        </extensions>
      </trkpt>
      <trkpt lat="44.954245" lon="7.507626">
        <ele>255.75</ele>
        <time>2023-05-15T12:27:01.419Z</time>
        <extensions>
          <gpxtpx:TrackPointExtension>
            <gpxtpx:Extensions>
              <reversedirection>yes</reversedirection>
              <highway>secondary</highway>
              <surface>asphalt</surface>
              <maxspeed>50</maxspeed>
            </gpxtpx:Extensions>
          </gpxtpx:TrackPointExtension>
        </extensions>
      </trkpt>
      <trkpt lat="44.95333" lon="7.50868">
        <ele>255</ele>
        <time>2023-05-15T12:27:15.433Z</time>
        <extensions>
          <gpxtpx:TrackPointExtension>
            <gpxtpx:Extensions>
              <reversedirection>yes</reversedirection>
              <highway>secondary</highway>
              <surface>asphalt</surface>
              <maxspeed>50</maxspeed>
            </gpxtpx:Extensions>
          </gpxtpx:TrackPointExtension>
        </extensions>
      </trkpt>
      <trkpt lat="44.953206" lon="7.508831">
        <ele>255</ele>
        <time>2023-05-15T12:27:17.376Z</time>
        <extensions>
          <gpxtpx:TrackPointExtension>
            <gpxtpx:Extensions>
              <reversedirection>yes</reversedirection>
              <highway>secondary</highway>
              <surface>asphalt</surface>
              <maxspeed>50</maxspeed>
            </gpxtpx:Extensions>
          </gpxtpx:TrackPointExtension>
        </extensions>
      </trkpt>
      <trkpt lat="44.953114" lon="7.508951">
        <ele>255.25</ele>
        <time>2023-05-15T12:27:18.862Z</time>
        <extensions>
          <gpxtpx:TrackPointExtension>
            <gpxtpx:Extensions>
              <reversedirection>yes</reversedirection>
              <highway>secondary</highway>
              <surface>asphalt</surface>
              <maxspeed>50</maxspeed>
            </gpxtpx:Extensions>
          </gpxtpx:TrackPointExtension>
        </extensions>
      </trkpt>
      <trkpt lat="44.95293" lon="7.509288">
        <ele>255.75</ele>
        <time>2023-05-15T12:27:22.437Z</time>
        <extensions>
          <gpxtpx:TrackPointExtension>
            <gpxtpx:Extensions>
              <reversedirection>yes</reversedirection>
              <highway>secondary</highway>
              <surface>asphalt</surface>
              <maxspeed>50</maxspeed>
            </gpxtpx:Extensions>
          </gpxtpx:TrackPointExtension>
        </extensions>
      </trkpt>
      <trkpt lat="44.95292" lon="7.509308">
        <ele>255.75</ele>
        <time>2023-05-15T12:27:22.642Z</time>
        <extensions>
          <gpxtpx:TrackPointExtension>
            <gpxtpx:Extensions>
              <reversedirection>yes</reversedirection>
              <highway>secondary</highway>
              <surface>asphalt</surface>
              <maxspeed>50</maxspeed>
            </gpxtpx:Extensions>
          </gpxtpx:TrackPointExtension>
        </extensions>
      </trkpt>
      <trkpt lat="44.95283" lon="7.509501">
        <ele>256</ele>
        <time>2023-05-15T12:27:24.583Z</time>
        <extensions>
          <gpxtpx:TrackPointExtension>
            <gpxtpx:Extensions>
              <reversedirection>yes</reversedirection>
              <highway>secondary</highway>
              <surface>asphalt</surface>
              <maxspeed>50</maxspeed>
            </gpxtpx:Extensions>
          </gpxtpx:TrackPointExtension>
        </extensions>
      </trkpt>
      <trkpt lat="44.952798" lon="7.509603">
        <ele>256.25</ele>
        <time>2023-05-15T12:27:25.520Z</time>
        <extensions>
          <gpxtpx:TrackPointExtension>
            <gpxtpx:Extensions>
              <reversedirection>yes</reversedirection>
              <highway>secondary</highway>
              <surface>asphalt</surface>
              <maxspeed>50</maxspeed>
            </gpxtpx:Extensions>
          </gpxtpx:TrackPointExtension>
        </extensions>
      </trkpt>
      <trkpt lat="44.952707" lon="7.509914">
        <ele>256.5</ele>
        <time>2023-05-15T12:27:28.347Z</time>
        <extensions>
          <gpxtpx:TrackPointExtension>
            <gpxtpx:Extensions>
              <reversedirection>yes</reversedirection>
              <highway>secondary</highway>
              <surface>asphalt</surface>
              <maxspeed>50</maxspeed>
            </gpxtpx:Extensions>
          </gpxtpx:TrackPointExtension>
        </extensions>
      </trkpt>
      <trkpt lat="44.952686" lon="7.510029">
        <ele>256.25</ele>
        <time>2023-05-15T12:27:29.344Z</time>
        <extensions>
          <gpxtpx:TrackPointExtension>
            <gpxtpx:Extensions>
              <reversedirection>yes</reversedirection>
              <highway>secondary</highway>
              <surface>asphalt</surface>
              <maxspeed>50</maxspeed>
            </gpxtpx:Extensions>
          </gpxtpx:TrackPointExtension>
        </extensions>
      </trkpt>
      <trkpt lat="44.952576" lon="7.510615">
        <ele>254.5</ele>
        <time>2023-05-15T12:27:34.437Z</time>
        <extensions>
          <gpxtpx:TrackPointExtension>
            <gpxtpx:Extensions>
              <reversedirection>yes</reversedirection>
              <highway>secondary</highway>
              <surface>asphalt</surface>
              <maxspeed>50</maxspeed>
            </gpxtpx:Extensions>
          </gpxtpx:TrackPointExtension>
        </extensions>
      </trkpt>
      <trkpt lat="44.95241" lon="7.51152">
        <ele>253.75</ele>
        <time>2023-05-15T12:27:42.291Z</time>
        <extensions>
          <gpxtpx:TrackPointExtension>
            <gpxtpx:Extensions>
              <highway>secondary</highway>
              <surface>asphalt</surface>
              <maxspeed>50</maxspeed>
              <oneway>yes</oneway>
            </gpxtpx:Extensions>
          </gpxtpx:TrackPointExtension>
        </extensions>
      </trkpt>
      <trkpt lat="44.952343" lon="7.511726">
        <ele>253.5</ele>
        <time>2023-05-15T12:27:44.195Z</time>
        <extensions>
          <gpxtpx:TrackPointExtension>
            <gpxtpx:Extensions>
              <highway>secondary</highway>
              <surface>asphalt</surface>
              <maxspeed>50</maxspeed>
              <oneway>yes</oneway>
            </gpxtpx:Extensions>
          </gpxtpx:TrackPointExtension>
        </extensions>
      </trkpt>
      <trkpt lat="44.952303" lon="7.511854">
        <ele>253.25</ele>
        <time>2023-05-15T12:27:45.370Z</time>
        <extensions>
          <gpxtpx:TrackPointExtension>
            <gpxtpx:Extensions>
              <highway>secondary</highway>
              <surface>asphalt</surface>
              <maxspeed>50</maxspeed>
              <oneway>yes</oneway>
            </gpxtpx:Extensions>
          </gpxtpx:TrackPointExtension>
        </extensions>
      </trkpt>
      <trkpt lat="44.952261" lon="7.511948">
        <ele>253</ele>
        <time>2023-05-15T12:27:46.304Z</time>
        <extensions>
          <gpxtpx:TrackPointExtension>
            <gpxtpx:Extensions>
              <highway>secondary</highway>
              <surface>asphalt</surface>
              <maxspeed>50</maxspeed>
              <junction>roundabout</junction>
            </gpxtpx:Extensions>
          </gpxtpx:TrackPointExtension>
        </extensions>
      </trkpt>
      <trkpt lat="44.952244" lon="7.511972">
        <ele>253</ele>
        <time>2023-05-15T12:27:46.589Z</time>
        <extensions>
          <gpxtpx:TrackPointExtension>
            <gpxtpx:Extensions>
              <highway>secondary</highway>
              <surface>asphalt</surface>
              <maxspeed>50</maxspeed>
              <junction>roundabout</junction>
            </gpxtpx:Extensions>
          </gpxtpx:TrackPointExtension>
        </extensions>
      </trkpt>
      <trkpt lat="44.952226" lon="7.512035">
        <ele>252.75</ele>
        <time>2023-05-15T12:27:47.159Z</time>
        <extensions>
          <gpxtpx:TrackPointExtension>
            <gpxtpx:Extensions>
              <highway>secondary</highway>
              <surface>asphalt</surface>
              <maxspeed>50</maxspeed>
              <oneway>yes</oneway>
            </gpxtpx:Extensions>
          </gpxtpx:TrackPointExtension>
        </extensions>
      </trkpt>
      <trkpt lat="44.952122" lon="7.512125">
        <ele>252.5</ele>
        <time>2023-05-15T12:27:48.302Z</time>
        <extensions>
          <gpxtpx:TrackPointExtension>
            <gpxtpx:Extensions>
              <highway>secondary</highway>
              <surface>asphalt</surface>
              <maxspeed>50</maxspeed>
              <oneway>yes</oneway>
            </gpxtpx:Extensions>
          </gpxtpx:TrackPointExtension>
        </extensions>
      </trkpt>
      <trkpt lat="44.952122" lon="7.512125">
        <ele>252.5</ele>
        <time>2023-05-15T12:27:48.302Z</time>
        <extensions>
          <gpxtpx:TrackPointExtension>
            <gpxtpx:Extensions>
              <highway>secondary</highway>
              <surface>asphalt</surface>
              <maxspeed>50</maxspeed>
              <oneway>yes</oneway>
            </gpxtpx:Extensions>
          </gpxtpx:TrackPointExtension>
        </extensions>
      </trkpt>
      <trkpt lat="44.952101" lon="7.512144">
        <ele>252.5</ele>
        <time>2023-05-15T12:27:48.535Z</time>
        <extensions>
          <gpxtpx:TrackPointExtension>
            <gpxtpx:Extensions>
              <highway>secondary</highway>
              <surface>asphalt</surface>
              <maxspeed>50</maxspeed>
              <oneway>yes</oneway>
            </gpxtpx:Extensions>
          </gpxtpx:TrackPointExtension>
        </extensions>
      </trkpt>
      <trkpt lat="44.952061" lon="7.512161">
        <ele>252.5</ele>
        <time>2023-05-15T12:27:48.926Z</time>
        <extensions>
          <gpxtpx:TrackPointExtension>
            <gpxtpx:Extensions>
              <highway>secondary</highway>
              <surface>asphalt</surface>
              <maxspeed>50</maxspeed>
              <oneway>yes</oneway>
            </gpxtpx:Extensions>
          </gpxtpx:TrackPointExtension>
        </extensions>
      </trkpt>
      <trkpt lat="44.951866" lon="7.51222">
        <ele>252.25</ele>
        <time>2023-05-15T12:27:50.796Z</time>
        <extensions>
          <gpxtpx:TrackPointExtension>
            <gpxtpx:Extensions>
              <highway>secondary</highway>
              <surface>asphalt</surface>
              <maxspeed>50</maxspeed>
            </gpxtpx:Extensions>
          </gpxtpx:TrackPointExtension>
        </extensions>
      </trkpt>
      <trkpt lat="44.951189" lon="7.51229">
        <ele>253.25</ele>
        <time>2023-05-15T12:27:57.162Z</time>
        <extensions>
          <gpxtpx:TrackPointExtension>
            <gpxtpx:Extensions>
              <highway>secondary</highway>
              <surface>asphalt</surface>
              <maxspeed>50</maxspeed>
            </gpxtpx:Extensions>
          </gpxtpx:TrackPointExtension>
        </extensions>
      </trkpt>
      <trkpt lat="44.951073" lon="7.512304">
        <ele>253.5</ele>
        <time>2023-05-15T12:27:58.253Z</time>
        <extensions>
          <gpxtpx:TrackPointExtension>
            <gpxtpx:Extensions>
              <highway>secondary</highway>
              <surface>asphalt</surface>
              <maxspeed>50</maxspeed>
            </gpxtpx:Extensions>
          </gpxtpx:TrackPointExtension>
        </extensions>
      </trkpt>
      <trkpt lat="44.951002" lon="7.512308">
        <ele>253.75</ele>
        <time>2023-05-15T12:27:58.919Z</time>
        <extensions>
          <gpxtpx:TrackPointExtension>
            <gpxtpx:Extensions>
              <highway>secondary</highway>
              <surface>asphalt</surface>
              <maxspeed>50</maxspeed>
            </gpxtpx:Extensions>
          </gpxtpx:TrackPointExtension>
        </extensions>
      </trkpt>
      <trkpt lat="44.950435" lon="7.512343">
        <ele>253.5</ele>
        <time>2023-05-15T12:28:04.241Z</time>
        <extensions>
          <gpxtpx:TrackPointExtension>
            <gpxtpx:Extensions>
              <highway>secondary</highway>
              <surface>asphalt</surface>
              <maxspeed>50</maxspeed>
            </gpxtpx:Extensions>
          </gpxtpx:TrackPointExtension>
        </extensions>
      </trkpt>
      <trkpt lat="44.949763" lon="7.512401">
        <ele>252.5</ele>
        <time>2023-05-15T12:28:10.555Z</time>
        <extensions>
          <gpxtpx:TrackPointExtension>
            <gpxtpx:Extensions>
              <highway>secondary</highway>
              <surface>asphalt</surface>
              <maxspeed>50</maxspeed>
            </gpxtpx:Extensions>
          </gpxtpx:TrackPointExtension>
        </extensions>
      </trkpt>
      <trkpt lat="44.949194" lon="7.512421">
        <ele>251.25</ele>
        <time>2023-05-15T12:28:15.893Z</time>
        <extensions>
          <gpxtpx:TrackPointExtension>
            <gpxtpx:Extensions>
              <highway>secondary</highway>
              <surface>asphalt</surface>
              <maxspeed>50</maxspeed>
            </gpxtpx:Extensions>
          </gpxtpx:TrackPointExtension>
        </extensions>
      </trkpt>
      <trkpt lat="44.948841" lon="7.512452">
        <ele>251.5</ele>
        <time>2023-05-15T12:28:19.209Z</time>
        <extensions>
          <gpxtpx:TrackPointExtension>
            <gpxtpx:Extensions>
              <highway>secondary</highway>
              <surface>asphalt</surface>
              <maxspeed>50</maxspeed>
            </gpxtpx:Extensions>
          </gpxtpx:TrackPointExtension>
        </extensions>
      </trkpt>
      <trkpt lat="44.948777" lon="7.512458">
        <ele>251.5</ele>
        <time>2023-05-15T12:28:19.810Z</time>
        <extensions>
          <gpxtpx:TrackPointExtension>
            <gpxtpx:Extensions>
              <highway>secondary</highway>
              <surface>asphalt</surface>
              <maxspeed>50</maxspeed>
            </gpxtpx:Extensions>
          </gpxtpx:TrackPointExtension>
        </extensions>
      </trkpt>
      <trkpt lat="44.948725" lon="7.512467">
        <ele>251.5</ele>
        <time>2023-05-15T12:28:20.301Z</time>
        <extensions>
          <gpxtpx:TrackPointExtension>
            <gpxtpx:Extensions>
              <highway>secondary</highway>
              <surface>asphalt</surface>
              <maxspeed>50</maxspeed>
            </gpxtpx:Extensions>
          </gpxtpx:TrackPointExtension>
        </extensions>
      </trkpt>
      <trkpt lat="44.948387" lon="7.512581">
        <ele>251.75</ele>
        <time>2023-05-15T12:28:23.560Z</time>
        <extensions>
          <gpxtpx:TrackPointExtension>
            <gpxtpx:Extensions>
              <highway>secondary</highway>
              <surface>asphalt</surface>
              <maxspeed>50</maxspeed>
            </gpxtpx:Extensions>
          </gpxtpx:TrackPointExtension>
        </extensions>
      </trkpt>
      <trkpt lat="44.948351" lon="7.512587">
        <ele>251.75</ele>
        <time>2023-05-15T12:28:23.900Z</time>
        <extensions>
          <gpxtpx:TrackPointExtension>
            <gpxtpx:Extensions>
              <highway>secondary</highway>
              <surface>asphalt</surface>
            </gpxtpx:Extensions>
          </gpxtpx:TrackPointExtension>
        </extensions>
      </trkpt>
      <trkpt lat="44.948051" lon="7.512631">
        <ele>252</ele>
        <time>2023-05-15T12:28:26.728Z</time>
        <extensions>
          <gpxtpx:TrackPointExtension>
            <gpxtpx:Extensions>
              <highway>secondary</highway>
              <surface>asphalt</surface>
            </gpxtpx:Extensions>
          </gpxtpx:TrackPointExtension>
        </extensions>
      </trkpt>
      <trkpt lat="44.947776" lon="7.512645">
        <ele>252.25</ele>
        <time>2023-05-15T12:28:29.308Z</time>
        <extensions>
          <gpxtpx:TrackPointExtension>
            <gpxtpx:Extensions>
              <highway>secondary</highway>
              <surface>asphalt</surface>
            </gpxtpx:Extensions>
          </gpxtpx:TrackPointExtension>
        </extensions>
      </trkpt>
      <trkpt lat="44.947622" lon="7.512652">
        <ele>252.5</ele>
        <time>2023-05-15T12:28:30.753Z</time>
        <extensions>
          <gpxtpx:TrackPointExtension>
            <gpxtpx:Extensions>
              <highway>secondary</highway>
              <surface>asphalt</surface>
            </gpxtpx:Extensions>
          </gpxtpx:TrackPointExtension>
        </extensions>
      </trkpt>
      <trkpt lat="44.947369" lon="7.512614">
        <ele>252.5</ele>
        <time>2023-05-15T12:28:33.139Z</time>
        <extensions>
          <gpxtpx:TrackPointExtension>
            <gpxtpx:Extensions>
              <highway>secondary</highway>
              <surface>asphalt</surface>
            </gpxtpx:Extensions>
          </gpxtpx:TrackPointExtension>
        </extensions>
      </trkpt>
      <trkpt lat="44.947281" lon="7.512578">
        <ele>252.75</ele>
        <time>2023-05-15T12:28:34.225Z</time>
        <extensions>
          <gpxtpx:TrackPointExtension>
            <gpxtpx:Extensions>
              <highway>secondary</highway>
              <surface>asphalt</surface>
            </gpxtpx:Extensions>
          </gpxtpx:TrackPointExtension>
        </extensions>
      </trkpt>
      <trkpt lat="44.947281" lon="7.512578">
        <ele>252.75</ele>
        <time>2023-05-15T12:28:34.225Z</time>
        <extensions>
          <gpxtpx:TrackPointExtension>
            <gpxtpx:Extensions>
              <highway>secondary</highway>
              <surface>asphalt</surface>
            </gpxtpx:Extensions>
          </gpxtpx:TrackPointExtension>
        </extensions>
      </trkpt>
      <trkpt lat="44.947024" lon="7.512426">
        <ele>252.75</ele>
        <time>2023-05-15T12:28:37.529Z</time>
        <extensions>
          <gpxtpx:TrackPointExtension>
            <gpxtpx:Extensions>
              <highway>secondary</highway>
              <surface>asphalt</surface>
            </gpxtpx:Extensions>
          </gpxtpx:TrackPointExtension>
        </extensions>
      </trkpt>
      <trkpt lat="44.94608" lon="7.511707">
        <ele>252.25</ele>
        <time>2023-05-15T12:28:50.248Z</time>
        <extensions>
          <gpxtpx:TrackPointExtension>
            <gpxtpx:Extensions>
              <highway>secondary</highway>
              <surface>asphalt</surface>
            </gpxtpx:Extensions>
          </gpxtpx:TrackPointExtension>
        </extensions>
      </trkpt>
      <trkpt lat="44.945965" lon="7.511616">
        <ele>252</ele>
        <time>2023-05-15T12:28:51.811Z</time>
        <extensions>
          <gpxtpx:TrackPointExtension>
            <gpxtpx:Extensions>
              <highway>secondary</highway>
              <surface>asphalt</surface>
            </gpxtpx:Extensions>
          </gpxtpx:TrackPointExtension>
        </extensions>
      </trkpt>
      <trkpt lat="44.945821" lon="7.511516">
        <ele>252</ele>
        <time>2023-05-15T12:28:53.714Z</time>
        <extensions>
          <gpxtpx:TrackPointExtension>
            <gpxtpx:Extensions>
              <highway>secondary</highway>
              <surface>asphalt</surface>
            </gpxtpx:Extensions>
          </gpxtpx:TrackPointExtension>
        </extensions>
      </trkpt>
      <trkpt lat="44.942521" lon="7.509014">
        <ele>252.25</ele>
        <time>2023-05-15T12:29:38.132Z</time>
        <extensions>
          <gpxtpx:TrackPointExtension>
            <gpxtpx:Extensions>
              <highway>secondary</highway>
              <surface>asphalt</surface>
            </gpxtpx:Extensions>
          </gpxtpx:TrackPointExtension>
        </extensions>
      </trkpt>
      <trkpt lat="44.941685" lon="7.508357">
        <ele>252.75</ele>
        <time>2023-05-15T12:29:49.478Z</time>
        <extensions>
          <gpxtpx:TrackPointExtension>
            <gpxtpx:Extensions>
              <highway>secondary</highway>
              <surface>asphalt</surface>
            </gpxtpx:Extensions>
          </gpxtpx:TrackPointExtension>
        </extensions>
      </trkpt>
      <trkpt lat="44.941082" lon="7.507876">
        <ele>251.75</ele>
        <time>2023-05-15T12:29:57.691Z</time>
        <extensions>
          <gpxtpx:TrackPointExtension>
            <gpxtpx:Extensions>
              <highway>secondary</highway>
              <surface>asphalt</surface>
            </gpxtpx:Extensions>
          </gpxtpx:TrackPointExtension>
        </extensions>
      </trkpt>
      <trkpt lat="44.940598" lon="7.507546">
        <ele>251</ele>
        <time>2023-05-15T12:30:04.064Z</time>
        <extensions>
          <gpxtpx:TrackPointExtension>
            <gpxtpx:Extensions>
              <highway>secondary</highway>
              <surface>asphalt</surface>
              <maxspeed>70</maxspeed>
              <oneway>yes</oneway>
            </gpxtpx:Extensions>
          </gpxtpx:TrackPointExtension>
        </extensions>
      </trkpt>
      <trkpt lat="44.940358" lon="7.507319">
        <ele>251</ele>
        <time>2023-05-15T12:30:07.489Z</time>
        <extensions>
          <gpxtpx:TrackPointExtension>
            <gpxtpx:Extensions>
              <highway>secondary</highway>
              <surface>asphalt</surface>
              <maxspeed>70</maxspeed>
              <oneway>yes</oneway>
            </gpxtpx:Extensions>
          </gpxtpx:TrackPointExtension>
        </extensions>
      </trkpt>
      <trkpt lat="44.940113" lon="7.50714">
        <ele>250.5</ele>
        <time>2023-05-15T12:30:10.760Z</time>
        <extensions>
          <gpxtpx:TrackPointExtension>
            <gpxtpx:Extensions>
              <highway>secondary</highway>
              <surface>asphalt</surface>
              <maxspeed>70</maxspeed>
              <oneway>yes</oneway>
            </gpxtpx:Extensions>
          </gpxtpx:TrackPointExtension>
        </extensions>
      </trkpt>
      <trkpt lat="44.93958" lon="7.506783">
        <ele>250</ele>
        <time>2023-05-15T12:30:17.756Z</time>
        <extensions>
          <gpxtpx:TrackPointExtension>
            <gpxtpx:Extensions>
              <highway>secondary</highway>
              <surface>asphalt</surface>
              <maxspeed>70</maxspeed>
              <oneway>yes</oneway>
            </gpxtpx:Extensions>
          </gpxtpx:TrackPointExtension>
        </extensions>
      </trkpt>
      <trkpt lat="44.939085" lon="7.506416">
        <ele>249.75</ele>
        <time>2023-05-15T12:30:24.386Z</time>
        <extensions>
          <gpxtpx:TrackPointExtension>
            <gpxtpx:Extensions>
              <highway>secondary</highway>
              <surface>asphalt</surface>
              <maxspeed>70</maxspeed>
              <oneway>yes</oneway>
            </gpxtpx:Extensions>
          </gpxtpx:TrackPointExtension>
        </extensions>
      </trkpt>
      <trkpt lat="44.938966" lon="7.506319">
        <ele>249.75</ele>
        <time>2023-05-15T12:30:26.015Z</time>
        <extensions>
          <gpxtpx:TrackPointExtension>
            <gpxtpx:Extensions>
              <highway>unclassified</highway>
              <surface>asphalt</surface>
              <oneway>yes</oneway>
            </gpxtpx:Extensions>
          </gpxtpx:TrackPointExtension>
        </extensions>
      </trkpt>
      <trkpt lat="44.938909" lon="7.506326">
        <ele>249.75</ele>
        <time>2023-05-15T12:30:26.833Z</time>
        <extensions>
          <gpxtpx:TrackPointExtension>
            <gpxtpx:Extensions>
              <highway>unclassified</highway>
              <surface>asphalt</surface>
              <oneway>yes</oneway>
            </gpxtpx:Extensions>
          </gpxtpx:TrackPointExtension>
        </extensions>
      </trkpt>
      <trkpt lat="44.938909" lon="7.506326">
        <ele>249.75</ele>
        <time>2023-05-15T12:30:26.845Z</time>
        <extensions>
          <gpxtpx:TrackPointExtension>
            <gpxtpx:Extensions>
              <highway>unclassified</highway>
              <surface>asphalt</surface>
              <oneway>yes</oneway>
            </gpxtpx:Extensions>
          </gpxtpx:TrackPointExtension>
        </extensions>
      </trkpt>
      <trkpt lat="44.938897" lon="7.506328">
        <ele>249.75</ele>
        <time>2023-05-15T12:30:27.018Z</time>
        <extensions>
          <gpxtpx:TrackPointExtension>
            <gpxtpx:Extensions>
              <highway>unclassified</highway>
              <surface>asphalt</surface>
              <oneway>yes</oneway>
            </gpxtpx:Extensions>
          </gpxtpx:TrackPointExtension>
        </extensions>
      </trkpt>
      <trkpt lat="44.938856" lon="7.506355">
        <ele>249.75</ele>
        <time>2023-05-15T12:30:27.665Z</time>
        <extensions>
          <gpxtpx:TrackPointExtension>
            <gpxtpx:Extensions>
              <highway>unclassified</highway>
              <surface>asphalt</surface>
              <oneway>yes</oneway>
            </gpxtpx:Extensions>
          </gpxtpx:TrackPointExtension>
        </extensions>
      </trkpt>
      <trkpt lat="44.938825" lon="7.506382">
        <ele>250</ele>
        <time>2023-05-15T12:30:28.185Z</time>
        <extensions>
          <gpxtpx:TrackPointExtension>
            <gpxtpx:Extensions>
              <highway>unclassified</highway>
              <surface>asphalt</surface>
              <oneway>yes</oneway>
            </gpxtpx:Extensions>
          </gpxtpx:TrackPointExtension>
        </extensions>
      </trkpt>
      <trkpt lat="44.938753" lon="7.506491">
        <ele>250.25</ele>
        <time>2023-05-15T12:30:29.694Z</time>
        <extensions>
          <gpxtpx:TrackPointExtension>
            <gpxtpx:Extensions>
              <highway>unclassified</highway>
              <surface>asphalt</surface>
              <oneway>yes</oneway>
            </gpxtpx:Extensions>
          </gpxtpx:TrackPointExtension>
        </extensions>
      </trkpt>
      <trkpt lat="44.938736" lon="7.506582">
        <ele>250.25</ele>
        <time>2023-05-15T12:30:30.646Z</time>
        <extensions>
          <gpxtpx:TrackPointExtension>
            <gpxtpx:Extensions>
              <highway>unclassified</highway>
              <surface>asphalt</surface>
              <oneway>yes</oneway>
            </gpxtpx:Extensions>
          </gpxtpx:TrackPointExtension>
        </extensions>
      </trkpt>
      <trkpt lat="44.938749" lon="7.50668">
        <ele>250.5</ele>
        <time>2023-05-15T12:30:31.655Z</time>
        <extensions>
          <gpxtpx:TrackPointExtension>
            <gpxtpx:Extensions>
              <highway>unclassified</highway>
              <surface>asphalt</surface>
              <oneway>yes</oneway>
            </gpxtpx:Extensions>
          </gpxtpx:TrackPointExtension>
        </extensions>
      </trkpt>
      <trkpt lat="44.938792" lon="7.506786">
        <ele>250.5</ele>
        <time>2023-05-15T12:30:32.892Z</time>
        <extensions>
          <gpxtpx:TrackPointExtension>
            <gpxtpx:Extensions>
              <reversedirection>yes</reversedirection>
              <highway>service</highway>
            </gpxtpx:Extensions>
          </gpxtpx:TrackPointExtension>
        </extensions>
      </trkpt>
      <trkpt lat="44.937585" lon="7.506976">
        <ele>251</ele>
        <time>2023-05-15T12:30:50.265Z</time>
        <extensions>
          <gpxtpx:TrackPointExtension>
            <gpxtpx:Extensions>
              <highway>service</highway>
            </gpxtpx:Extensions>
          </gpxtpx:TrackPointExtension>
        </extensions>
      </trkpt>
      <trkpt lat="44.938792" lon="7.506786">
        <ele>250.5</ele>
        <time>2023-05-15T12:31:07.638Z</time>
        <extensions>
          <gpxtpx:TrackPointExtension>
            <gpxtpx:Extensions>
              <highway>unclassified</highway>
              <surface>asphalt</surface>
              <oneway>no</oneway>
            </gpxtpx:Extensions>
          </gpxtpx:TrackPointExtension>
        </extensions>
      </trkpt>
      <trkpt lat="44.938826" lon="7.506802">
        <ele>250.5</ele>
        <time>2023-05-15T12:31:08.150Z</time>
        <extensions>
          <gpxtpx:TrackPointExtension>
            <gpxtpx:Extensions>
              <highway>unclassified</highway>
              <surface>asphalt</surface>
              <oneway>no</oneway>
            </gpxtpx:Extensions>
          </gpxtpx:TrackPointExtension>
        </extensions>
      </trkpt>
      <trkpt lat="44.939016" lon="7.506774">
        <ele>250.25</ele>
        <time>2023-05-15T12:31:10.882Z</time>
        <extensions>
          <gpxtpx:TrackPointExtension>
            <gpxtpx:Extensions>
              <highway>unclassified</highway>
              <surface>asphalt</surface>
              <oneway>yes</oneway>
            </gpxtpx:Extensions>
          </gpxtpx:TrackPointExtension>
        </extensions>
      </trkpt>
      <trkpt lat="44.939091" lon="7.506764">
        <ele>250</ele>
        <time>2023-05-15T12:31:11.959Z</time>
        <extensions>
          <gpxtpx:TrackPointExtension>
            <gpxtpx:Extensions>
              <highway>unclassified</highway>
              <surface>asphalt</surface>
              <oneway>yes</oneway>
            </gpxtpx:Extensions>
          </gpxtpx:TrackPointExtension>
        </extensions>
      </trkpt>
      <trkpt lat="44.939235" lon="7.506771">
        <ele>250</ele>
        <time>2023-05-15T12:31:14.020Z</time>
        <extensions>
          <gpxtpx:TrackPointExtension>
            <gpxtpx:Extensions>
              <highway>unclassified</highway>
              <surface>asphalt</surface>
              <oneway>yes</oneway>
            </gpxtpx:Extensions>
          </gpxtpx:TrackPointExtension>
        </extensions>
      </trkpt>
      <trkpt lat="44.93932" lon="7.506784">
        <ele>250</ele>
        <time>2023-05-15T12:31:15.243Z</time>
        <extensions>
          <gpxtpx:TrackPointExtension>
            <gpxtpx:Extensions>
              <highway>unclassified</highway>
              <surface>asphalt</surface>
              <oneway>yes</oneway>
            </gpxtpx:Extensions>
          </gpxtpx:TrackPointExtension>
        </extensions>
      </trkpt>
      <trkpt lat="44.939385" lon="7.50678">
        <ele>250</ele>
        <time>2023-05-15T12:31:16.173Z</time>
      </trkpt>
      <trkpt lat="44.939385" lon="7.50678">
        <ele>250</ele>
        <time>2023-05-15T12:31:16.173Z</time>
        <extensions>
          <gpxtpx:TrackPointExtension>
            <gpxtpx:Extensions>
              <highway>unclassified</highway>
              <surface>asphalt</surface>
              <oneway>yes</oneway>
            </gpxtpx:Extensions>
          </gpxtpx:TrackPointExtension>
        </extensions>
      </trkpt>
      <trkpt lat="44.939406" lon="7.506779">
        <ele>250</ele>
        <time>2023-05-15T12:32:03.091Z</time>
        <extensions>
          <gpxtpx:TrackPointExtension>
            <gpxtpx:Extensions>
              <highway>secondary</highway>
              <surface>asphalt</surface>
              <maxspeed>70</maxspeed>
              <oneway>yes</oneway>
            </gpxtpx:Extensions>
          </gpxtpx:TrackPointExtension>
        </extensions>
      </trkpt>
      <trkpt lat="44.940314" lon="7.507384">
        <ele>251</ele>
        <time>2023-05-15T12:32:12.098Z</time>
        <extensions>
          <gpxtpx:TrackPointExtension>
            <gpxtpx:Extensions>
              <highway>secondary</highway>
              <surface>asphalt</surface>
              <maxspeed>70</maxspeed>
              <oneway>yes</oneway>
            </gpxtpx:Extensions>
          </gpxtpx:TrackPointExtension>
        </extensions>
      </trkpt>
      <trkpt lat="44.940598" lon="7.507546">
        <ele>251</ele>
        <time>2023-05-15T12:32:14.845Z</time>
        <extensions>
          <gpxtpx:TrackPointExtension>
            <gpxtpx:Extensions>
              <reversedirection>yes</reversedirection>
              <highway>tertiary</highway>
              <surface>asphalt</surface>
              <maxspeed>50</maxspeed>
              <oneway>no</oneway>
            </gpxtpx:Extensions>
          </gpxtpx:TrackPointExtension>
        </extensions>
      </trkpt>
      <trkpt lat="44.940594" lon="7.507705">
        <ele>251.25</ele>
        <time>2023-05-15T12:32:15.855Z</time>
      </trkpt>
      <trkpt lat="44.940594" lon="7.507705">
        <ele>251.25</ele>
        <time>2023-05-15T12:32:15.862Z</time>
        <extensions>
          <gpxtpx:TrackPointExtension>
            <gpxtpx:Extensions>
              <reversedirection>yes</reversedirection>
              <highway>tertiary</highway>
              <surface>asphalt</surface>
              <maxspeed>50</maxspeed>
              <oneway>no</oneway>
            </gpxtpx:Extensions>
          </gpxtpx:TrackPointExtension>
        </extensions>
      </trkpt>
      <trkpt lat="44.940594" lon="7.507705">
        <ele>251</ele>
        <time>2023-05-15T12:32:15.869Z</time>
        <extensions>
          <gpxtpx:TrackPointExtension>
            <gpxtpx:Extensions>
              <reversedirection>yes</reversedirection>
              <highway>tertiary</highway>
              <surface>asphalt</surface>
              <maxspeed>50</maxspeed>
              <oneway>no</oneway>
            </gpxtpx:Extensions>
          </gpxtpx:TrackPointExtension>
        </extensions>
      </trkpt>
      <trkpt lat="44.940581" lon="7.508308">
        <ele>251.25</ele>
        <time>2023-05-15T12:32:19.776Z</time>
        <extensions>
          <gpxtpx:TrackPointExtension>
            <gpxtpx:Extensions>
              <reversedirection>yes</reversedirection>
              <highway>tertiary</highway>
              <surface>asphalt</surface>
              <maxspeed>50</maxspeed>
              <oneway>no</oneway>
            </gpxtpx:Extensions>
          </gpxtpx:TrackPointExtension>
        </extensions>
      </trkpt>
      <trkpt lat="44.94057" lon="7.51096">
        <ele>251.5</ele>
        <time>2023-05-15T12:32:36.954Z</time>
        <extensions>
          <gpxtpx:TrackPointExtension>
            <gpxtpx:Extensions>
              <reversedirection>yes</reversedirection>
              <highway>tertiary</highway>
              <surface>asphalt</surface>
              <maxspeed>50</maxspeed>
              <oneway>no</oneway>
            </gpxtpx:Extensions>
          </gpxtpx:TrackPointExtension>
        </extensions>
      </trkpt>
      <trkpt lat="44.94058" lon="7.51137">
        <ele>251.75</ele>
        <time>2023-05-15T12:32:39.611Z</time>
        <extensions>
          <gpxtpx:TrackPointExtension>
            <gpxtpx:Extensions>
              <reversedirection>yes</reversedirection>
              <highway>tertiary</highway>
              <surface>asphalt</surface>
              <maxspeed>50</maxspeed>
              <oneway>no</oneway>
            </gpxtpx:Extensions>
          </gpxtpx:TrackPointExtension>
        </extensions>
      </trkpt>
      <trkpt lat="44.94063" lon="7.51216">
        <ele>252</ele>
        <time>2023-05-15T12:32:44.748Z</time>
        <extensions>
          <gpxtpx:TrackPointExtension>
            <gpxtpx:Extensions>
              <reversedirection>yes</reversedirection>
              <highway>tertiary</highway>
              <surface>asphalt</surface>
              <maxspeed>50</maxspeed>
              <oneway>no</oneway>
            </gpxtpx:Extensions>
          </gpxtpx:TrackPointExtension>
        </extensions>
      </trkpt>
      <trkpt lat="44.940702" lon="7.512981">
        <ele>251.5</ele>
        <time>2023-05-15T12:32:50.106Z</time>
        <extensions>
          <gpxtpx:TrackPointExtension>
            <gpxtpx:Extensions>
              <reversedirection>yes</reversedirection>
              <highway>tertiary</highway>
              <surface>asphalt</surface>
              <maxspeed>50</maxspeed>
              <oneway>no</oneway>
            </gpxtpx:Extensions>
          </gpxtpx:TrackPointExtension>
        </extensions>
      </trkpt>
      <trkpt lat="44.9411" lon="7.517545">
        <ele>252.75</ele>
        <time>2023-05-15T12:33:19.893Z</time>
        <extensions>
          <gpxtpx:TrackPointExtension>
            <gpxtpx:Extensions>
              <reversedirection>yes</reversedirection>
              <highway>tertiary</highway>
              <surface>asphalt</surface>
              <maxspeed>50</maxspeed>
              <oneway>no</oneway>
            </gpxtpx:Extensions>
          </gpxtpx:TrackPointExtension>
        </extensions>
      </trkpt>
      <trkpt lat="44.9415" lon="7.52213">
        <ele>248.75</ele>
        <time>2023-05-15T12:33:49.817Z</time>
        <extensions>
          <gpxtpx:TrackPointExtension>
            <gpxtpx:Extensions>
              <reversedirection>yes</reversedirection>
              <highway>tertiary</highway>
              <surface>asphalt</surface>
              <maxspeed>50</maxspeed>
              <oneway>no</oneway>
            </gpxtpx:Extensions>
          </gpxtpx:TrackPointExtension>
        </extensions>
      </trkpt>
      <trkpt lat="44.941535" lon="7.522565">
        <ele>249.25</ele>
        <time>2023-05-15T12:33:52.652Z</time>
        <extensions>
          <gpxtpx:TrackPointExtension>
            <gpxtpx:Extensions>
              <reversedirection>yes</reversedirection>
              <highway>tertiary</highway>
              <surface>asphalt</surface>
              <maxspeed>50</maxspeed>
              <oneway>no</oneway>
            </gpxtpx:Extensions>
          </gpxtpx:TrackPointExtension>
        </extensions>
      </trkpt>
      <trkpt lat="44.94155" lon="7.522749">
        <ele>249</ele>
        <time>2023-05-15T12:33:53.851Z</time>
        <extensions>
          <gpxtpx:TrackPointExtension>
            <gpxtpx:Extensions>
              <reversedirection>yes</reversedirection>
              <highway>tertiary</highway>
              <surface>asphalt</surface>
              <maxspeed>50</maxspeed>
              <oneway>no</oneway>
            </gpxtpx:Extensions>
          </gpxtpx:TrackPointExtension>
        </extensions>
      </trkpt>
      <trkpt lat="44.94174" lon="7.52512">
        <ele>250</ele>
        <time>2023-05-15T12:34:09.307Z</time>
        <extensions>
          <gpxtpx:TrackPointExtension>
            <gpxtpx:Extensions>
              <reversedirection>yes</reversedirection>
              <highway>tertiary</highway>
              <surface>asphalt</surface>
              <maxspeed>50</maxspeed>
              <oneway>no</oneway>
            </gpxtpx:Extensions>
          </gpxtpx:TrackPointExtension>
        </extensions>
      </trkpt>
      <trkpt lat="44.94173" lon="7.52525">
        <ele>249.5</ele>
        <time>2023-05-15T12:34:10.154Z</time>
        <extensions>
          <gpxtpx:TrackPointExtension>
            <gpxtpx:Extensions>
              <reversedirection>yes</reversedirection>
              <highway>tertiary</highway>
              <surface>asphalt</surface>
              <maxspeed>50</maxspeed>
              <oneway>no</oneway>
            </gpxtpx:Extensions>
          </gpxtpx:TrackPointExtension>
        </extensions>
      </trkpt>
      <trkpt lat="44.94149" lon="7.5259">
        <ele>247.5</ele>
        <time>2023-05-15T12:34:14.902Z</time>
        <extensions>
          <gpxtpx:TrackPointExtension>
            <gpxtpx:Extensions>
              <reversedirection>yes</reversedirection>
              <highway>tertiary</highway>
              <surface>asphalt</surface>
              <maxspeed>50</maxspeed>
              <oneway>no</oneway>
            </gpxtpx:Extensions>
          </gpxtpx:TrackPointExtension>
        </extensions>
      </trkpt>
      <trkpt lat="44.940702" lon="7.528206">
        <ele>246.25</ele>
        <time>2023-05-15T12:34:31.488Z</time>
        <extensions>
          <gpxtpx:TrackPointExtension>
            <gpxtpx:Extensions>
              <highway>tertiary</highway>
              <surface>asphalt</surface>
              <maxspeed>50</maxspeed>
              <oneway>yes</oneway>
            </gpxtpx:Extensions>
          </gpxtpx:TrackPointExtension>
        </extensions>
      </trkpt>
      <trkpt lat="44.940518" lon="7.528678">
        <ele>246.25</ele>
        <time>2023-05-15T12:34:34.978Z</time>
        <extensions>
          <gpxtpx:TrackPointExtension>
            <gpxtpx:Extensions>
              <highway>tertiary</highway>
              <surface>asphalt</surface>
              <maxspeed>50</maxspeed>
              <oneway>yes</oneway>
            </gpxtpx:Extensions>
          </gpxtpx:TrackPointExtension>
        </extensions>
      </trkpt>
      <trkpt lat="44.940156" lon="7.529644">
        <ele>246.75</ele>
        <time>2023-05-15T12:34:42.058Z</time>
        <extensions>
          <gpxtpx:TrackPointExtension>
            <gpxtpx:Extensions>
              <highway>tertiary</highway>
              <surface>asphalt</surface>
              <maxspeed>50</maxspeed>
              <oneway>yes</oneway>
            </gpxtpx:Extensions>
          </gpxtpx:TrackPointExtension>
        </extensions>
      </trkpt>
      <trkpt lat="44.940075" lon="7.529932">
        <ele>246.75</ele>
        <time>2023-05-15T12:34:44.221Z</time>
        <extensions>
          <gpxtpx:TrackPointExtension>
            <gpxtpx:Extensions>
              <highway>tertiary</highway>
              <surface>asphalt</surface>
              <maxspeed>50</maxspeed>
              <oneway>yes</oneway>
            </gpxtpx:Extensions>
          </gpxtpx:TrackPointExtension>
        </extensions>
      </trkpt>
      <trkpt lat="44.940075" lon="7.529932">
        <ele>246.75</ele>
        <time>2023-05-15T12:34:44.221Z</time>
        <extensions>
          <gpxtpx:TrackPointExtension>
            <gpxtpx:Extensions>
              <highway>tertiary</highway>
              <surface>asphalt</surface>
              <maxspeed>50</maxspeed>
              <oneway>yes</oneway>
            </gpxtpx:Extensions>
          </gpxtpx:TrackPointExtension>
        </extensions>
      </trkpt>
      <trkpt lat="44.940066" lon="7.529967">
        <ele>246.75</ele>
        <time>2023-05-15T12:34:44.480Z</time>
        <extensions>
          <gpxtpx:TrackPointExtension>
            <gpxtpx:Extensions>
              <reversedirection>yes</reversedirection>
              <highway>secondary</highway>
              <surface>asphalt</surface>
              <maxspeed>90</maxspeed>
            </gpxtpx:Extensions>
          </gpxtpx:TrackPointExtension>
        </extensions>
      </trkpt>
      <trkpt lat="44.939654" lon="7.530704">
        <ele>247</ele>
        <time>2023-05-15T12:34:51.035Z</time>
        <extensions>
          <gpxtpx:TrackPointExtension>
            <gpxtpx:Extensions>
              <reversedirection>yes</reversedirection>
              <highway>secondary</highway>
              <surface>asphalt</surface>
              <maxspeed>90</maxspeed>
            </gpxtpx:Extensions>
          </gpxtpx:TrackPointExtension>
        </extensions>
      </trkpt>
      <trkpt lat="44.938624" lon="7.532583">
        <ele>245.5</ele>
        <time>2023-05-15T12:35:07.624Z</time>
        <extensions>
          <gpxtpx:TrackPointExtension>
            <gpxtpx:Extensions>
              <reversedirection>yes</reversedirection>
              <highway>secondary</highway>
              <surface>asphalt</surface>
              <maxspeed>90</maxspeed>
            </gpxtpx:Extensions>
          </gpxtpx:TrackPointExtension>
        </extensions>
      </trkpt>
      <trkpt lat="44.938494" lon="7.532832">
        <ele>245.75</ele>
        <time>2023-05-15T12:35:09.783Z</time>
        <extensions>
          <gpxtpx:TrackPointExtension>
            <gpxtpx:Extensions>
              <reversedirection>yes</reversedirection>
              <highway>secondary</highway>
              <surface>asphalt</surface>
              <maxspeed>90</maxspeed>
            </gpxtpx:Extensions>
          </gpxtpx:TrackPointExtension>
        </extensions>
      </trkpt>
      <trkpt lat="44.938362" lon="7.533085">
        <ele>245.75</ele>
        <time>2023-05-15T12:35:11.976Z</time>
        <extensions>
          <gpxtpx:TrackPointExtension>
            <gpxtpx:Extensions>
              <reversedirection>yes</reversedirection>
              <highway>secondary</highway>
              <surface>asphalt</surface>
              <maxspeed>90</maxspeed>
            </gpxtpx:Extensions>
          </gpxtpx:TrackPointExtension>
        </extensions>
      </trkpt>
      <trkpt lat="44.937917" lon="7.533876">
        <ele>246.75</ele>
        <time>2023-05-15T12:35:19.029Z</time>
        <extensions>
          <gpxtpx:TrackPointExtension>
            <gpxtpx:Extensions>
              <reversedirection>yes</reversedirection>
              <highway>secondary</highway>
              <surface>asphalt</surface>
              <maxspeed>90</maxspeed>
            </gpxtpx:Extensions>
          </gpxtpx:TrackPointExtension>
        </extensions>
      </trkpt>
      <trkpt lat="44.93773" lon="7.534222">
        <ele>247</ele>
        <time>2023-05-15T12:35:22.067Z</time>
        <extensions>
          <gpxtpx:TrackPointExtension>
            <gpxtpx:Extensions>
              <reversedirection>yes</reversedirection>
              <highway>secondary</highway>
              <surface>asphalt</surface>
              <maxspeed>50</maxspeed>
            </gpxtpx:Extensions>
          </gpxtpx:TrackPointExtension>
        </extensions>
      </trkpt>
      <trkpt lat="44.937691" lon="7.534345">
        <ele>247</ele>
        <time>2023-05-15T12:35:23.525Z</time>
        <extensions>
          <gpxtpx:TrackPointExtension>
            <gpxtpx:Extensions>
              <reversedirection>yes</reversedirection>
              <highway>secondary</highway>
              <surface>asphalt</surface>
              <maxspeed>50</maxspeed>
            </gpxtpx:Extensions>
          </gpxtpx:TrackPointExtension>
        </extensions>
      </trkpt>
      <trkpt lat="44.937691" lon="7.534345">
        <ele>247</ele>
        <time>2023-05-15T12:35:23.525Z</time>
        <extensions>
          <gpxtpx:TrackPointExtension>
            <gpxtpx:Extensions>
              <reversedirection>yes</reversedirection>
              <highway>secondary</highway>
              <surface>asphalt</surface>
              <maxspeed>50</maxspeed>
            </gpxtpx:Extensions>
          </gpxtpx:TrackPointExtension>
        </extensions>
      </trkpt>
      <trkpt lat="44.93763" lon="7.534538">
        <ele>247</ele>
        <time>2023-05-15T12:35:25.812Z</time>
        <extensions>
          <gpxtpx:TrackPointExtension>
            <gpxtpx:Extensions>
              <reversedirection>yes</reversedirection>
              <highway>secondary</highway>
              <surface>asphalt</surface>
              <maxspeed>50</maxspeed>
            </gpxtpx:Extensions>
          </gpxtpx:TrackPointExtension>
        </extensions>
      </trkpt>
      <trkpt lat="44.937614" lon="7.53467">
        <ele>247.25</ele>
        <time>2023-05-15T12:35:27.261Z</time>
        <extensions>
          <gpxtpx:TrackPointExtension>
            <gpxtpx:Extensions>
              <reversedirection>yes</reversedirection>
              <highway>secondary</highway>
              <surface>asphalt</surface>
              <maxspeed>50</maxspeed>
            </gpxtpx:Extensions>
          </gpxtpx:TrackPointExtension>
        </extensions>
      </trkpt>
      <trkpt lat="44.937606" lon="7.534813">
        <ele>247.25</ele>
        <time>2023-05-15T12:35:28.813Z</time>
        <extensions>
          <gpxtpx:TrackPointExtension>
            <gpxtpx:Extensions>
              <reversedirection>yes</reversedirection>
              <highway>secondary</highway>
              <surface>asphalt</surface>
              <maxspeed>50</maxspeed>
            </gpxtpx:Extensions>
          </gpxtpx:TrackPointExtension>
        </extensions>
      </trkpt>
      <trkpt lat="44.937615" lon="7.53501">
        <ele>247.5</ele>
        <time>2023-05-15T12:35:30.949Z</time>
        <extensions>
          <gpxtpx:TrackPointExtension>
            <gpxtpx:Extensions>
              <reversedirection>yes</reversedirection>
              <highway>secondary</highway>
              <surface>asphalt</surface>
              <maxspeed>50</maxspeed>
            </gpxtpx:Extensions>
          </gpxtpx:TrackPointExtension>
        </extensions>
      </trkpt>
      <trkpt lat="44.937632" lon="7.535213">
        <ele>247.75</ele>
        <time>2023-05-15T12:35:33.161Z</time>
        <extensions>
          <gpxtpx:TrackPointExtension>
            <gpxtpx:Extensions>
              <reversedirection>yes</reversedirection>
              <highway>secondary</highway>
              <surface>asphalt</surface>
              <maxspeed>50</maxspeed>
            </gpxtpx:Extensions>
          </gpxtpx:TrackPointExtension>
        </extensions>
      </trkpt>
      <trkpt lat="44.937668" lon="7.535605">
        <ele>248.25</ele>
        <time>2023-05-15T12:35:37.439Z</time>
        <extensions>
          <gpxtpx:TrackPointExtension>
            <gpxtpx:Extensions>
              <reversedirection>yes</reversedirection>
              <highway>secondary</highway>
              <surface>asphalt</surface>
              <maxspeed>50</maxspeed>
            </gpxtpx:Extensions>
          </gpxtpx:TrackPointExtension>
        </extensions>
      </trkpt>
      <trkpt lat="44.937701" lon="7.535998">
        <ele>248.5</ele>
        <time>2023-05-15T12:35:41.722Z</time>
        <extensions>
          <gpxtpx:TrackPointExtension>
            <gpxtpx:Extensions>
              <reversedirection>yes</reversedirection>
              <highway>secondary</highway>
              <surface>asphalt</surface>
              <maxspeed>50</maxspeed>
            </gpxtpx:Extensions>
          </gpxtpx:TrackPointExtension>
        </extensions>
      </trkpt>
      <trkpt lat="44.937715" lon="7.536167">
        <ele>248.25</ele>
        <time>2023-05-15T12:35:43.563Z</time>
        <extensions>
          <gpxtpx:TrackPointExtension>
            <gpxtpx:Extensions>
              <reversedirection>yes</reversedirection>
              <highway>secondary</highway>
              <surface>asphalt</surface>
              <maxspeed>50</maxspeed>
            </gpxtpx:Extensions>
          </gpxtpx:TrackPointExtension>
        </extensions>
      </trkpt>
      <trkpt lat="44.937742" lon="7.536449">
        <ele>247.75</ele>
        <time>2023-05-15T12:35:46.643Z</time>
        <extensions>
          <gpxtpx:TrackPointExtension>
            <gpxtpx:Extensions>
              <reversedirection>yes</reversedirection>
              <highway>secondary</highway>
              <surface>asphalt</surface>
              <maxspeed>50</maxspeed>
            </gpxtpx:Extensions>
          </gpxtpx:TrackPointExtension>
        </extensions>
      </trkpt>
      <trkpt lat="44.937754" lon="7.536589">
        <ele>247.75</ele>
        <time>2023-05-15T12:35:48.169Z</time>
        <extensions>
          <gpxtpx:TrackPointExtension>
            <gpxtpx:Extensions>
              <highway>secondary</highway>
              <surface>asphalt</surface>
              <maxspeed>50</maxspeed>
            </gpxtpx:Extensions>
          </gpxtpx:TrackPointExtension>
        </extensions>
      </trkpt>
      <trkpt lat="44.937816" lon="7.536674">
        <ele>247.5</ele>
        <time>2023-05-15T12:35:49.490Z</time>
        <extensions>
          <gpxtpx:TrackPointExtension>
            <gpxtpx:Extensions>
              <highway>secondary</highway>
              <surface>asphalt</surface>
              <maxspeed>50</maxspeed>
            </gpxtpx:Extensions>
          </gpxtpx:TrackPointExtension>
        </extensions>
      </trkpt>
      <trkpt lat="44.938772" lon="7.537637">
        <ele>246.75</ele>
        <time>2023-05-15T12:36:07.443Z</time>
        <extensions>
          <gpxtpx:TrackPointExtension>
            <gpxtpx:Extensions>
              <highway>secondary</highway>
              <surface>asphalt</surface>
              <maxspeed>50</maxspeed>
            </gpxtpx:Extensions>
          </gpxtpx:TrackPointExtension>
        </extensions>
      </trkpt>
      <trkpt lat="44.939324" lon="7.538181">
        <ele>246</ele>
        <time>2023-05-15T12:36:17.734Z</time>
        <extensions>
          <gpxtpx:TrackPointExtension>
            <gpxtpx:Extensions>
              <highway>secondary</highway>
              <surface>asphalt</surface>
              <maxspeed>50</maxspeed>
            </gpxtpx:Extensions>
          </gpxtpx:TrackPointExtension>
        </extensions>
      </trkpt>
      <trkpt lat="44.9394" lon="7.538277">
        <ele>246.25</ele>
        <time>2023-05-15T12:36:19.292Z</time>
        <extensions>
          <gpxtpx:TrackPointExtension>
            <gpxtpx:Extensions>
              <highway>secondary</highway>
              <surface>asphalt</surface>
              <maxspeed>50</maxspeed>
            </gpxtpx:Extensions>
          </gpxtpx:TrackPointExtension>
        </extensions>
      </trkpt>
      <trkpt lat="44.939458" lon="7.538364">
        <ele>246.25</ele>
        <time>2023-05-15T12:36:20.585Z</time>
        <extensions>
          <gpxtpx:TrackPointExtension>
            <gpxtpx:Extensions>
              <highway>secondary</highway>
              <surface>asphalt</surface>
              <maxspeed>50</maxspeed>
            </gpxtpx:Extensions>
          </gpxtpx:TrackPointExtension>
        </extensions>
      </trkpt>
      <trkpt lat="44.939504" lon="7.53845">
        <ele>246.5</ele>
        <time>2023-05-15T12:36:21.751Z</time>
        <extensions>
          <gpxtpx:TrackPointExtension>
            <gpxtpx:Extensions>
              <highway>secondary</highway>
              <surface>asphalt</surface>
              <maxspeed>50</maxspeed>
            </gpxtpx:Extensions>
          </gpxtpx:TrackPointExtension>
        </extensions>
      </trkpt>
      <trkpt lat="44.939611" lon="7.538688">
        <ele>246.5</ele>
        <time>2023-05-15T12:36:24.802Z</time>
        <extensions>
          <gpxtpx:TrackPointExtension>
            <gpxtpx:Extensions>
              <highway>secondary</highway>
              <surface>asphalt</surface>
              <maxspeed>50</maxspeed>
            </gpxtpx:Extensions>
          </gpxtpx:TrackPointExtension>
        </extensions>
      </trkpt>
      <trkpt lat="44.939635" lon="7.538724">
        <ele>246.5</ele>
        <time>2023-05-15T12:36:25.337Z</time>
        <extensions>
          <gpxtpx:TrackPointExtension>
            <gpxtpx:Extensions>
              <highway>secondary</highway>
              <surface>asphalt</surface>
              <maxspeed>50</maxspeed>
            </gpxtpx:Extensions>
          </gpxtpx:TrackPointExtension>
        </extensions>
      </trkpt>
      <trkpt lat="44.939686" lon="7.538773">
        <ele>246.5</ele>
        <time>2023-05-15T12:36:26.280Z</time>
        <extensions>
          <gpxtpx:TrackPointExtension>
            <gpxtpx:Extensions>
              <highway>secondary</highway>
              <surface>asphalt</surface>
              <maxspeed>50</maxspeed>
            </gpxtpx:Extensions>
          </gpxtpx:TrackPointExtension>
        </extensions>
      </trkpt>
      <trkpt lat="44.939728" lon="7.538793">
        <ele>246.5</ele>
        <time>2023-05-15T12:36:26.957Z</time>
        <extensions>
          <gpxtpx:TrackPointExtension>
            <gpxtpx:Extensions>
              <highway>secondary</highway>
              <surface>asphalt</surface>
              <maxspeed>50</maxspeed>
            </gpxtpx:Extensions>
          </gpxtpx:TrackPointExtension>
        </extensions>
      </trkpt>
      <trkpt lat="44.939813" lon="7.538827">
        <ele>246.5</ele>
        <time>2023-05-15T12:36:28.307Z</time>
        <extensions>
          <gpxtpx:TrackPointExtension>
            <gpxtpx:Extensions>
              <highway>secondary</highway>
              <surface>asphalt</surface>
              <maxspeed>50</maxspeed>
            </gpxtpx:Extensions>
          </gpxtpx:TrackPointExtension>
        </extensions>
      </trkpt>
      <trkpt lat="44.939854" lon="7.538847">
        <ele>246.5</ele>
        <time>2023-05-15T12:36:28.970Z</time>
        <extensions>
          <gpxtpx:TrackPointExtension>
            <gpxtpx:Extensions>
              <highway>secondary</highway>
              <surface>asphalt</surface>
              <maxspeed>50</maxspeed>
            </gpxtpx:Extensions>
          </gpxtpx:TrackPointExtension>
        </extensions>
      </trkpt>
      <trkpt lat="44.939895" lon="7.538866">
        <ele>246.25</ele>
        <time>2023-05-15T12:36:29.629Z</time>
        <extensions>
          <gpxtpx:TrackPointExtension>
            <gpxtpx:Extensions>
              <highway>secondary</highway>
              <surface>asphalt</surface>
              <maxspeed>50</maxspeed>
            </gpxtpx:Extensions>
          </gpxtpx:TrackPointExtension>
        </extensions>
      </trkpt>
      <trkpt lat="44.939994" lon="7.538939">
        <ele>246.25</ele>
        <time>2023-05-15T12:36:31.336Z</time>
        <extensions>
          <gpxtpx:TrackPointExtension>
            <gpxtpx:Extensions>
              <reversedirection>yes</reversedirection>
              <highway>unclassified</highway>
              <surface>asphalt</surface>
            </gpxtpx:Extensions>
          </gpxtpx:TrackPointExtension>
        </extensions>
      </trkpt>
      <trkpt lat="44.940082" lon="7.539063">
        <ele>246</ele>
        <time>2023-05-15T12:36:33.236Z</time>
        <extensions>
          <gpxtpx:TrackPointExtension>
            <gpxtpx:Extensions>
              <reversedirection>yes</reversedirection>
              <highway>unclassified</highway>
              <surface>asphalt</surface>
            </gpxtpx:Extensions>
          </gpxtpx:TrackPointExtension>
        </extensions>
      </trkpt>
      <trkpt lat="44.940209" lon="7.5392">
        <ele>247.75</ele>
        <time>2023-05-15T12:36:35.669Z</time>
        <extensions>
          <gpxtpx:TrackPointExtension>
            <gpxtpx:Extensions>
              <reversedirection>yes</reversedirection>
              <highway>unclassified</highway>
              <surface>asphalt</surface>
            </gpxtpx:Extensions>
          </gpxtpx:TrackPointExtension>
        </extensions>
      </trkpt>
      <trkpt lat="44.940208" lon="7.539199">
        <ele>246</ele>
        <time>2023-05-15T12:36:35.687Z</time>
        <extensions>
          <gpxtpx:TrackPointExtension>
            <gpxtpx:Extensions>
              <reversedirection>yes</reversedirection>
              <highway>unclassified</highway>
              <surface>asphalt</surface>
            </gpxtpx:Extensions>
          </gpxtpx:TrackPointExtension>
        </extensions>
      </trkpt>
      <trkpt lat="44.944725" lon="7.544099">
        <ele>247.75</ele>
        <time>2023-05-15T12:38:02.429Z</time>
        <extensions>
          <gpxtpx:TrackPointExtension>
            <gpxtpx:Extensions>
              <reversedirection>yes</reversedirection>
              <highway>unclassified</highway>
              <surface>asphalt</surface>
            </gpxtpx:Extensions>
          </gpxtpx:TrackPointExtension>
        </extensions>
      </trkpt>
      <trkpt lat="44.944946" lon="7.544407">
        <ele>247.25</ele>
        <time>2023-05-15T12:38:07.157Z</time>
        <extensions>
          <gpxtpx:TrackPointExtension>
            <gpxtpx:Extensions>
              <reversedirection>yes</reversedirection>
              <highway>unclassified</highway>
              <surface>asphalt</surface>
            </gpxtpx:Extensions>
          </gpxtpx:TrackPointExtension>
        </extensions>
      </trkpt>
      <trkpt lat="44.945044" lon="7.544211">
        <ele>247</ele>
        <time>2023-05-15T12:38:09.744Z</time>
        <extensions>
          <gpxtpx:TrackPointExtension>
            <gpxtpx:Extensions>
              <highway>primary</highway>
              <surface>asphalt</surface>
              <maxspeed>70</maxspeed>
            </gpxtpx:Extensions>
          </gpxtpx:TrackPointExtension>
        </extensions>
      </trkpt>
      <trkpt lat="44.944693" lon="7.543827">
        <ele>247.25</ele>
        <time>2023-05-15T12:38:16.505Z</time>
        <extensions>
          <gpxtpx:TrackPointExtension>
            <gpxtpx:Extensions>
              <highway>primary</highway>
              <surface>asphalt</surface>
              <maxspeed>70</maxspeed>
            </gpxtpx:Extensions>
          </gpxtpx:TrackPointExtension>
        </extensions>
      </trkpt>
      <trkpt lat="44.943403" lon="7.542439">
        <ele>248.75</ele>
        <time>2023-05-15T12:38:41.202Z</time>
        <extensions>
          <gpxtpx:TrackPointExtension>
            <gpxtpx:Extensions>
              <highway>primary</highway>
              <surface>asphalt</surface>
              <maxspeed>70</maxspeed>
            </gpxtpx:Extensions>
          </gpxtpx:TrackPointExtension>
        </extensions>
      </trkpt>
      <trkpt lat="44.943006" lon="7.542004">
        <ele>249</ele>
        <time>2023-05-15T12:38:48.854Z</time>
        <extensions>
          <gpxtpx:TrackPointExtension>
            <gpxtpx:Extensions>
              <highway>primary</highway>
              <surface>asphalt</surface>
              <maxspeed>70</maxspeed>
            </gpxtpx:Extensions>
          </gpxtpx:TrackPointExtension>
        </extensions>
      </trkpt>
      <trkpt lat="44.940993" lon="7.539828">
        <ele>247.25</ele>
        <time>2023-05-15T12:39:27.460Z</time>
        <extensions>
          <gpxtpx:TrackPointExtension>
            <gpxtpx:Extensions>
              <highway>primary_link</highway>
              <surface>asphalt</surface>
              <maxspeed>30</maxspeed>
              <oneway>yes</oneway>
            </gpxtpx:Extensions>
          </gpxtpx:TrackPointExtension>
        </extensions>
      </trkpt>
      <trkpt lat="44.940931" lon="7.539693">
        <ele>247</ele>
        <time>2023-05-15T12:39:29.195Z</time>
        <extensions>
          <gpxtpx:TrackPointExtension>
            <gpxtpx:Extensions>
              <highway>primary_link</highway>
              <surface>asphalt</surface>
              <maxspeed>30</maxspeed>
              <oneway>yes</oneway>
            </gpxtpx:Extensions>
          </gpxtpx:TrackPointExtension>
        </extensions>
      </trkpt>
      <trkpt lat="44.940868" lon="7.539497">
        <ele>246.75</ele>
        <time>2023-05-15T12:39:31.515Z</time>
        <extensions>
          <gpxtpx:TrackPointExtension>
            <gpxtpx:Extensions>
              <highway>primary_link</highway>
              <surface>asphalt</surface>
              <maxspeed>30</maxspeed>
              <oneway>yes</oneway>
            </gpxtpx:Extensions>
          </gpxtpx:TrackPointExtension>
        </extensions>
      </trkpt>
      <trkpt lat="44.94084" lon="7.53933">
        <ele>246.25</ele>
        <time>2023-05-15T12:39:33.365Z</time>
        <extensions>
          <gpxtpx:TrackPointExtension>
            <gpxtpx:Extensions>
              <highway>primary_link</highway>
              <surface>asphalt</surface>
              <maxspeed>30</maxspeed>
              <oneway>yes</oneway>
            </gpxtpx:Extensions>
          </gpxtpx:TrackPointExtension>
        </extensions>
      </trkpt>
      <trkpt lat="44.940837" lon="7.539289">
        <ele>246.25</ele>
        <time>2023-05-15T12:39:33.809Z</time>
        <extensions>
          <gpxtpx:TrackPointExtension>
            <gpxtpx:Extensions>
              <highway>secondary_link</highway>
              <surface>asphalt</surface>
              <maxspeed>30</maxspeed>
              <junction>roundabout</junction>
            </gpxtpx:Extensions>
          </gpxtpx:TrackPointExtension>
        </extensions>
      </trkpt>
      <trkpt lat="44.940847" lon="7.53924">
        <ele>246</ele>
        <time>2023-05-15T12:39:34.358Z</time>
        <extensions>
          <gpxtpx:TrackPointExtension>
            <gpxtpx:Extensions>
              <highway>secondary_link</highway>
              <surface>asphalt</surface>
              <maxspeed>30</maxspeed>
              <junction>roundabout</junction>
            </gpxtpx:Extensions>
          </gpxtpx:TrackPointExtension>
        </extensions>
      </trkpt>
      <trkpt lat="44.940844" lon="7.539189">
        <ele>246</ele>
        <time>2023-05-15T12:39:34.909Z</time>
        <extensions>
          <gpxtpx:TrackPointExtension>
            <gpxtpx:Extensions>
              <highway>secondary_link</highway>
              <surface>asphalt</surface>
              <maxspeed>30</maxspeed>
              <junction>roundabout</junction>
            </gpxtpx:Extensions>
          </gpxtpx:TrackPointExtension>
        </extensions>
      </trkpt>
      <trkpt lat="44.940829" lon="7.539143">
        <ele>245.75</ele>
        <time>2023-05-15T12:39:35.454Z</time>
        <extensions>
          <gpxtpx:TrackPointExtension>
            <gpxtpx:Extensions>
              <highway>secondary_link</highway>
              <surface>asphalt</surface>
              <maxspeed>30</maxspeed>
              <junction>roundabout</junction>
            </gpxtpx:Extensions>
          </gpxtpx:TrackPointExtension>
        </extensions>
      </trkpt>
      <trkpt lat="44.940804" lon="7.539106">
        <ele>245.75</ele>
        <time>2023-05-15T12:39:36.005Z</time>
        <extensions>
          <gpxtpx:TrackPointExtension>
            <gpxtpx:Extensions>
              <highway>secondary_link</highway>
              <surface>asphalt</surface>
              <maxspeed>30</maxspeed>
              <junction>roundabout</junction>
            </gpxtpx:Extensions>
          </gpxtpx:TrackPointExtension>
        </extensions>
      </trkpt>
      <trkpt lat="44.940771" lon="7.539084">
        <ele>245.75</ele>
        <time>2023-05-15T12:39:36.560Z</time>
        <extensions>
          <gpxtpx:TrackPointExtension>
            <gpxtpx:Extensions>
              <highway>secondary_link</highway>
              <surface>asphalt</surface>
              <maxspeed>30</maxspeed>
              <junction>roundabout</junction>
            </gpxtpx:Extensions>
          </gpxtpx:TrackPointExtension>
        </extensions>
      </trkpt>
      <trkpt lat="44.940736" lon="7.539079">
        <ele>245.75</ele>
        <time>2023-05-15T12:39:37.095Z</time>
        <extensions>
          <gpxtpx:TrackPointExtension>
            <gpxtpx:Extensions>
              <highway>secondary_link</highway>
              <surface>asphalt</surface>
              <maxspeed>30</maxspeed>
              <junction>roundabout</junction>
            </gpxtpx:Extensions>
          </gpxtpx:TrackPointExtension>
        </extensions>
      </trkpt>
      <trkpt lat="44.940701" lon="7.539091">
        <ele>245.75</ele>
        <time>2023-05-15T12:39:37.643Z</time>
        <extensions>
          <gpxtpx:TrackPointExtension>
            <gpxtpx:Extensions>
              <highway>secondary_link</highway>
              <surface>asphalt</surface>
              <maxspeed>30</maxspeed>
              <oneway>yes</oneway>
            </gpxtpx:Extensions>
          </gpxtpx:TrackPointExtension>
        </extensions>
      </trkpt>
      <trkpt lat="44.940652" lon="7.539089">
        <ele>245.75</ele>
        <time>2023-05-15T12:39:38.389Z</time>
        <extensions>
          <gpxtpx:TrackPointExtension>
            <gpxtpx:Extensions>
              <highway>secondary_link</highway>
              <surface>asphalt</surface>
              <maxspeed>30</maxspeed>
              <oneway>yes</oneway>
            </gpxtpx:Extensions>
          </gpxtpx:TrackPointExtension>
        </extensions>
      </trkpt>
      <trkpt lat="44.940577" lon="7.539079">
        <ele>245.75</ele>
        <time>2023-05-15T12:39:39.536Z</time>
        <extensions>
          <gpxtpx:TrackPointExtension>
            <gpxtpx:Extensions>
              <highway>secondary_link</highway>
              <surface>asphalt</surface>
              <maxspeed>30</maxspeed>
              <oneway>yes</oneway>
            </gpxtpx:Extensions>
          </gpxtpx:TrackPointExtension>
        </extensions>
      </trkpt>
      <trkpt lat="44.940539" lon="7.539061">
        <ele>245.75</ele>
        <time>2023-05-15T12:39:40.146Z</time>
        <extensions>
          <gpxtpx:TrackPointExtension>
            <gpxtpx:Extensions>
              <highway>secondary_link</highway>
              <surface>asphalt</surface>
              <maxspeed>30</maxspeed>
              <oneway>yes</oneway>
            </gpxtpx:Extensions>
          </gpxtpx:TrackPointExtension>
        </extensions>
      </trkpt>
      <trkpt lat="44.940266" lon="7.53881">
        <ele>246</ele>
        <time>2023-05-15T12:39:45.107Z</time>
        <extensions>
          <gpxtpx:TrackPointExtension>
            <gpxtpx:Extensions>
              <highway>secondary_link</highway>
              <surface>asphalt</surface>
              <maxspeed>30</maxspeed>
              <oneway>yes</oneway>
            </gpxtpx:Extensions>
          </gpxtpx:TrackPointExtension>
        </extensions>
      </trkpt>
      <trkpt lat="44.940214" lon="7.538774">
        <ele>246</ele>
        <time>2023-05-15T12:39:45.988Z</time>
        <extensions>
          <gpxtpx:TrackPointExtension>
            <gpxtpx:Extensions>
              <reversedirection>yes</reversedirection>
              <highway>secondary</highway>
              <surface>asphalt</surface>
              <maxspeed>50</maxspeed>
            </gpxtpx:Extensions>
          </gpxtpx:TrackPointExtension>
        </extensions>
      </trkpt>
      <trkpt lat="44.939791" lon="7.538353">
        <ele>246.5</ele>
        <time>2023-05-15T12:39:53.869Z</time>
        <extensions>
          <gpxtpx:TrackPointExtension>
            <gpxtpx:Extensions>
              <reversedirection>yes</reversedirection>
              <highway>secondary</highway>
              <surface>asphalt</surface>
              <maxspeed>50</maxspeed>
            </gpxtpx:Extensions>
          </gpxtpx:TrackPointExtension>
        </extensions>
      </trkpt>
      <trkpt lat="44.939512" lon="7.538036">
        <ele>246.25</ele>
        <time>2023-05-15T12:39:59.322Z</time>
        <extensions>
          <gpxtpx:TrackPointExtension>
            <gpxtpx:Extensions>
              <reversedirection>yes</reversedirection>
              <highway>secondary</highway>
              <surface>asphalt</surface>
              <maxspeed>50</maxspeed>
            </gpxtpx:Extensions>
          </gpxtpx:TrackPointExtension>
        </extensions>
      </trkpt>
      <trkpt lat="44.938259" lon="7.536559">
        <ele>247</ele>
        <time>2023-05-15T12:40:24.178Z</time>
        <extensions>
          <gpxtpx:TrackPointExtension>
            <gpxtpx:Extensions>
              <reversedirection>yes</reversedirection>
              <highway>secondary</highway>
              <surface>asphalt</surface>
              <maxspeed>50</maxspeed>
            </gpxtpx:Extensions>
          </gpxtpx:TrackPointExtension>
        </extensions>
      </trkpt>
      <trkpt lat="44.938137" lon="7.536407">
        <ele>247.5</ele>
        <time>2023-05-15T12:40:26.655Z</time>
        <extensions>
          <gpxtpx:TrackPointExtension>
            <gpxtpx:Extensions>
              <reversedirection>yes</reversedirection>
              <highway>secondary</highway>
              <surface>asphalt</surface>
              <maxspeed>50</maxspeed>
            </gpxtpx:Extensions>
          </gpxtpx:TrackPointExtension>
        </extensions>
      </trkpt>
      <trkpt lat="44.938009" lon="7.536255">
        <ele>248</ele>
        <time>2023-05-15T12:40:29.201Z</time>
      </trkpt>
      <trkpt lat="44.93801" lon="7.536256">
        <ele>248</ele>
        <time>2023-05-15T12:40:29.243Z</time>
        <extensions>
          <gpxtpx:TrackPointExtension>
            <gpxtpx:Extensions>
              <reversedirection>yes</reversedirection>
              <highway>secondary</highway>
              <surface>asphalt</surface>
              <maxspeed>50</maxspeed>
            </gpxtpx:Extensions>
          </gpxtpx:TrackPointExtension>
        </extensions>
      </trkpt>
      <trkpt lat="44.938009" lon="7.536255">
        <ele>247.75</ele>
        <time>2023-05-15T12:40:29.285Z</time>
        <extensions>
          <gpxtpx:TrackPointExtension>
            <gpxtpx:Extensions>
              <reversedirection>yes</reversedirection>
              <highway>secondary</highway>
              <surface>asphalt</surface>
              <maxspeed>50</maxspeed>
            </gpxtpx:Extensions>
          </gpxtpx:TrackPointExtension>
        </extensions>
      </trkpt>
      <trkpt lat="44.937941" lon="7.536175">
        <ele>248</ele>
        <time>2023-05-15T12:40:31.855Z</time>
        <extensions>
          <gpxtpx:TrackPointExtension>
            <gpxtpx:Extensions>
              <highway>secondary_link</highway>
              <surface>asphalt</surface>
              <maxspeed>50</maxspeed>
              <oneway>yes</oneway>
            </gpxtpx:Extensions>
          </gpxtpx:TrackPointExtension>
        </extensions>
      </trkpt>
      <trkpt lat="44.937901" lon="7.536082">
        <ele>248</ele>
        <time>2023-05-15T12:40:34.092Z</time>
        <extensions>
          <gpxtpx:TrackPointExtension>
            <gpxtpx:Extensions>
              <highway>secondary_link</highway>
              <surface>asphalt</surface>
              <maxspeed>50</maxspeed>
              <oneway>yes</oneway>
            </gpxtpx:Extensions>
          </gpxtpx:TrackPointExtension>
        </extensions>
      </trkpt>
      <trkpt lat="44.937821" lon="7.535951">
        <ele>248.25</ele>
        <time>2023-05-15T12:40:37.649Z</time>
        <extensions>
          <gpxtpx:TrackPointExtension>
            <gpxtpx:Extensions>
              <highway>secondary_link</highway>
              <surface>asphalt</surface>
              <maxspeed>50</maxspeed>
              <oneway>yes</oneway>
            </gpxtpx:Extensions>
          </gpxtpx:TrackPointExtension>
        </extensions>
      </trkpt>
      <trkpt lat="44.937793" lon="7.53593">
        <ele>248.5</ele>
        <time>2023-05-15T12:40:38.569Z</time>
        <extensions>
          <gpxtpx:TrackPointExtension>
            <gpxtpx:Extensions>
              <highway>secondary_link</highway>
              <surface>asphalt</surface>
              <maxspeed>50</maxspeed>
              <oneway>yes</oneway>
            </gpxtpx:Extensions>
          </gpxtpx:TrackPointExtension>
        </extensions>
      </trkpt>
      <trkpt lat="44.93777" lon="7.535931">
        <ele>248.5</ele>
        <time>2023-05-15T12:40:39.237Z</time>
        <extensions>
          <gpxtpx:TrackPointExtension>
            <gpxtpx:Extensions>
              <highway>secondary_link</highway>
              <surface>asphalt</surface>
              <maxspeed>50</maxspeed>
              <oneway>yes</oneway>
            </gpxtpx:Extensions>
          </gpxtpx:TrackPointExtension>
        </extensions>
      </trkpt>
      <trkpt lat="44.937741" lon="7.535947">
        <ele>248.5</ele>
        <time>2023-05-15T12:40:40.141Z</time>
        <extensions>
          <gpxtpx:TrackPointExtension>
            <gpxtpx:Extensions>
              <highway>secondary_link</highway>
              <surface>asphalt</surface>
              <maxspeed>50</maxspeed>
              <oneway>yes</oneway>
            </gpxtpx:Extensions>
          </gpxtpx:TrackPointExtension>
        </extensions>
      </trkpt>
      <trkpt lat="44.937701" lon="7.535998">
        <ele>248.5</ele>
        <time>2023-05-15T12:40:41.705Z</time>
        <extensions>
          <gpxtpx:TrackPointExtension>
            <gpxtpx:Extensions>
              <reversedirection>yes</reversedirection>
              <highway>secondary</highway>
              <surface>asphalt</surface>
              <maxspeed>50</maxspeed>
            </gpxtpx:Extensions>
          </gpxtpx:TrackPointExtension>
        </extensions>
      </trkpt>
      <trkpt lat="44.937715" lon="7.536167">
        <ele>248.25</ele>
        <time>2023-05-15T12:40:45.203Z</time>
        <extensions>
          <gpxtpx:TrackPointExtension>
            <gpxtpx:Extensions>
              <reversedirection>yes</reversedirection>
              <highway>secondary</highway>
              <surface>asphalt</surface>
              <maxspeed>50</maxspeed>
            </gpxtpx:Extensions>
          </gpxtpx:TrackPointExtension>
        </extensions>
      </trkpt>
      <trkpt lat="44.937742" lon="7.536449">
        <ele>247.75</ele>
        <time>2023-05-15T12:40:51.053Z</time>
        <extensions>
          <gpxtpx:TrackPointExtension>
            <gpxtpx:Extensions>
              <reversedirection>yes</reversedirection>
              <highway>secondary</highway>
              <surface>asphalt</surface>
              <maxspeed>50</maxspeed>
            </gpxtpx:Extensions>
          </gpxtpx:TrackPointExtension>
        </extensions>
      </trkpt>
      <trkpt lat="44.937754" lon="7.536589">
        <ele>247.75</ele>
        <time>2023-05-15T12:40:53.952Z</time>
        <extensions>
          <gpxtpx:TrackPointExtension>
            <gpxtpx:Extensions>
              <highway>unclassified</highway>
            </gpxtpx:Extensions>
          </gpxtpx:TrackPointExtension>
        </extensions>
      </trkpt>
      <trkpt lat="44.937683" lon="7.536611">
        <ele>247.75</ele>
        <time>2023-05-15T12:40:56.063Z</time>
        <extensions>
          <gpxtpx:TrackPointExtension>
            <gpxtpx:Extensions>
              <highway>unclassified</highway>
            </gpxtpx:Extensions>
          </gpxtpx:TrackPointExtension>
        </extensions>
      </trkpt>
      <trkpt lat="44.937062" lon="7.536872">
        <ele>247.75</ele>
        <time>2023-05-15T12:41:14.881Z</time>
        <extensions>
          <gpxtpx:TrackPointExtension>
            <gpxtpx:Extensions>
              <highway>unclassified</highway>
            </gpxtpx:Extensions>
          </gpxtpx:TrackPointExtension>
        </extensions>
      </trkpt>
      <trkpt lat="44.937047" lon="7.536878">
        <ele>247.5</ele>
        <time>2023-05-15T12:41:15.334Z</time>
        <extensions>
          <gpxtpx:TrackPointExtension>
            <gpxtpx:Extensions>
              <highway>unclassified</highway>
            </gpxtpx:Extensions>
          </gpxtpx:TrackPointExtension>
        </extensions>
      </trkpt>
      <trkpt lat="44.936862" lon="7.536957">
        <ele>247.5</ele>
        <time>2023-05-15T12:41:20.947Z</time>
        <extensions>
          <gpxtpx:TrackPointExtension>
            <gpxtpx:Extensions>
              <highway>residential</highway>
            </gpxtpx:Extensions>
          </gpxtpx:TrackPointExtension>
        </extensions>
      </trkpt>
      <trkpt lat="44.93632" lon="7.537112">
        <ele>247.25</ele>
        <time>2023-05-15T12:41:37.008Z</time>
        <extensions>
          <gpxtpx:TrackPointExtension>
            <gpxtpx:Extensions>
              <highway>residential</highway>
            </gpxtpx:Extensions>
          </gpxtpx:TrackPointExtension>
        </extensions>
      </trkpt>
      <trkpt lat="44.936233" lon="7.537136">
        <ele>247.25</ele>
        <time>2023-05-15T12:41:39.582Z</time>
        <extensions>
          <gpxtpx:TrackPointExtension>
            <gpxtpx:Extensions>
              <highway>residential</highway>
            </gpxtpx:Extensions>
          </gpxtpx:TrackPointExtension>
        </extensions>
      </trkpt>
      <trkpt lat="44.936201" lon="7.537145">
        <ele>247.25</ele>
        <time>2023-05-15T12:41:40.530Z</time>
        <extensions>
          <gpxtpx:TrackPointExtension>
            <gpxtpx:Extensions>
              <highway>residential</highway>
            </gpxtpx:Extensions>
          </gpxtpx:TrackPointExtension>
        </extensions>
      </trkpt>
      <trkpt lat="44.93517" lon="7.537451">
        <ele>248</ele>
        <time>2023-05-15T12:42:10.477Z</time>
        <extensions>
          <gpxtpx:TrackPointExtension>
            <gpxtpx:Extensions>
              <highway>residential</highway>
            </gpxtpx:Extensions>
          </gpxtpx:TrackPointExtension>
        </extensions>
      </trkpt>
      <trkpt lat="44.93517" lon="7.537451">
        <ele>247.75</ele>
        <time>2023-05-15T12:42:10.477Z</time>
        <extensions>
          <gpxtpx:TrackPointExtension>
            <gpxtpx:Extensions>
              <highway>residential</highway>
            </gpxtpx:Extensions>
          </gpxtpx:TrackPointExtension>
        </extensions>
      </trkpt>
      <trkpt lat="44.934879" lon="7.537538">
        <ele>248</ele>
        <time>2023-05-15T12:42:18.932Z</time>
        <extensions>
          <gpxtpx:TrackPointExtension>
            <gpxtpx:Extensions>
              <highway>residential</highway>
            </gpxtpx:Extensions>
          </gpxtpx:TrackPointExtension>
        </extensions>
      </trkpt>
      <trkpt lat="44.934562" lon="7.537589">
        <ele>248</ele>
        <time>2023-05-15T12:42:28.001Z</time>
        <extensions>
          <gpxtpx:TrackPointExtension>
            <gpxtpx:Extensions>
              <highway>residential</highway>
            </gpxtpx:Extensions>
          </gpxtpx:TrackPointExtension>
        </extensions>
      </trkpt>
      <trkpt lat="44.934001" lon="7.53759">
        <ele>248</ele>
        <time>2023-05-15T12:42:43.948Z</time>
        <extensions>
          <gpxtpx:TrackPointExtension>
            <gpxtpx:Extensions>
              <highway>residential</highway>
            </gpxtpx:Extensions>
          </gpxtpx:TrackPointExtension>
        </extensions>
      </trkpt>
      <trkpt lat="44.933918" lon="7.537595">
        <ele>248</ele>
        <time>2023-05-15T12:42:46.309Z</time>
        <extensions>
          <gpxtpx:TrackPointExtension>
            <gpxtpx:Extensions>
              <highway>residential</highway>
            </gpxtpx:Extensions>
          </gpxtpx:TrackPointExtension>
        </extensions>
      </trkpt>
      <trkpt lat="44.933823" lon="7.537626">
        <ele>248</ele>
        <time>2023-05-15T12:42:49.080Z</time>
        <extensions>
          <gpxtpx:TrackPointExtension>
            <gpxtpx:Extensions>
              <highway>residential</highway>
            </gpxtpx:Extensions>
          </gpxtpx:TrackPointExtension>
        </extensions>
      </trkpt>
      <trkpt lat="44.933532" lon="7.537734">
        <ele>248.25</ele>
        <time>2023-05-15T12:42:57.632Z</time>
        <extensions>
          <gpxtpx:TrackPointExtension>
            <gpxtpx:Extensions>
              <highway>residential</highway>
            </gpxtpx:Extensions>
          </gpxtpx:TrackPointExtension>
        </extensions>
      </trkpt>
      <trkpt lat="44.933452" lon="7.537775">
        <ele>248.5</ele>
        <time>2023-05-15T12:43:00.051Z</time>
        <extensions>
          <gpxtpx:TrackPointExtension>
            <gpxtpx:Extensions>
              <highway>residential</highway>
            </gpxtpx:Extensions>
          </gpxtpx:TrackPointExtension>
        </extensions>
      </trkpt>
      <trkpt lat="44.933183" lon="7.537939">
        <ele>248.75</ele>
        <time>2023-05-15T12:43:08.379Z</time>
        <extensions>
          <gpxtpx:TrackPointExtension>
            <gpxtpx:Extensions>
              <highway>residential</highway>
            </gpxtpx:Extensions>
          </gpxtpx:TrackPointExtension>
        </extensions>
      </trkpt>
      <trkpt lat="44.932942" lon="7.53812">
        <ele>249</ele>
        <time>2023-05-15T12:43:16.138Z</time>
        <extensions>
          <gpxtpx:TrackPointExtension>
            <gpxtpx:Extensions>
              <highway>residential</highway>
            </gpxtpx:Extensions>
          </gpxtpx:TrackPointExtension>
        </extensions>
      </trkpt>
      <trkpt lat="44.932845" lon="7.538161">
        <ele>249</ele>
        <time>2023-05-15T12:43:19.975Z</time>
        <extensions>
          <gpxtpx:TrackPointExtension>
            <gpxtpx:Extensions>
              <highway>residential</highway>
            </gpxtpx:Extensions>
          </gpxtpx:TrackPointExtension>
        </extensions>
      </trkpt>
      <trkpt lat="44.932845" lon="7.538161">
        <ele>249</ele>
        <time>2023-05-15T12:43:19.975Z</time>
        <extensions>
          <gpxtpx:TrackPointExtension>
            <gpxtpx:Extensions>
              <highway>residential</highway>
            </gpxtpx:Extensions>
          </gpxtpx:TrackPointExtension>
        </extensions>
      </trkpt>
      <trkpt lat="44.932827" lon="7.538169">
        <ele>249</ele>
        <time>2023-05-15T12:43:20.689Z</time>
        <extensions>
          <gpxtpx:TrackPointExtension>
            <gpxtpx:Extensions>
              <highway>residential</highway>
            </gpxtpx:Extensions>
          </gpxtpx:TrackPointExtension>
        </extensions>
      </trkpt>
      <trkpt lat="44.932887" lon="7.538276">
        <ele>249.25</ele>
        <time>2023-05-15T12:43:24.351Z</time>
        <extensions>
          <gpxtpx:TrackPointExtension>
            <gpxtpx:Extensions>
              <highway>residential</highway>
            </gpxtpx:Extensions>
          </gpxtpx:TrackPointExtension>
        </extensions>
      </trkpt>
      <trkpt lat="44.933507" lon="7.539799">
        <ele>249</ele>
        <time>2023-05-15T12:44:11.486Z</time>
        <extensions>
          <gpxtpx:TrackPointExtension>
            <gpxtpx:Extensions>
              <highway>residential</highway>
            </gpxtpx:Extensions>
          </gpxtpx:TrackPointExtension>
        </extensions>
      </trkpt>
      <trkpt lat="44.933585" lon="7.540067">
        <ele>248.75</ele>
        <time>2023-05-15T12:44:19.260Z</time>
        <extensions>
          <gpxtpx:TrackPointExtension>
            <gpxtpx:Extensions>
              <highway>residential</highway>
            </gpxtpx:Extensions>
          </gpxtpx:TrackPointExtension>
        </extensions>
      </trkpt>
      <trkpt lat="44.933509" lon="7.540758">
        <ele>248.75</ele>
        <time>2023-05-15T12:44:38.021Z</time>
      </trkpt>
      <trkpt lat="44.93350399999993" lon="7.540757000000017">
        <ele>244.083</ele>
        <time>2023-05-15T12:44:38.108Z</time>
      </trkpt>
      <trkpt lat="44.933509" lon="7.540758">
        <ele>248.75</ele>
        <time>2023-05-15T12:44:38.195Z</time>
        <extensions>
          <gpxtpx:TrackPointExtension>
            <gpxtpx:Extensions>
              <highway>residential</highway>
            </gpxtpx:Extensions>
          </gpxtpx:TrackPointExtension>
        </extensions>
      </trkpt>
      <trkpt lat="44.933508" lon="7.540774">
        <ele>248.75</ele>
        <time>2023-05-15T12:44:38.394Z</time>
        <extensions>
          <gpxtpx:TrackPointExtension>
            <gpxtpx:Extensions>
              <reversedirection>yes</reversedirection>
              <highway>residential</highway>
            </gpxtpx:Extensions>
          </gpxtpx:TrackPointExtension>
        </extensions>
      </trkpt>
      <trkpt lat="44.932902" lon="7.540929">
        <ele>248.5</ele>
        <time>2023-05-15T12:44:49.232Z</time>
        <extensions>
          <gpxtpx:TrackPointExtension>
            <gpxtpx:Extensions>
              <reversedirection>yes</reversedirection>
              <highway>residential</highway>
            </gpxtpx:Extensions>
          </gpxtpx:TrackPointExtension>
        </extensions>
      </trkpt>
      <trkpt lat="44.932864" lon="7.540951">
        <ele>248.5</ele>
        <time>2023-05-15T12:44:49.954Z</time>
        <extensions>
          <gpxtpx:TrackPointExtension>
            <gpxtpx:Extensions>
              <reversedirection>yes</reversedirection>
              <highway>residential</highway>
            </gpxtpx:Extensions>
          </gpxtpx:TrackPointExtension>
        </extensions>
      </trkpt>
      <trkpt lat="44.93286" lon="7.540968">
        <ele>248.5</ele>
        <time>2023-05-15T12:44:50.176Z</time>
        <extensions>
          <gpxtpx:TrackPointExtension>
            <gpxtpx:Extensions>
              <reversedirection>yes</reversedirection>
              <highway>residential</highway>
            </gpxtpx:Extensions>
          </gpxtpx:TrackPointExtension>
        </extensions>
      </trkpt>
      <trkpt lat="44.932861" lon="7.541008">
        <ele>248.5</ele>
        <time>2023-05-15T12:44:50.674Z</time>
        <extensions>
          <gpxtpx:TrackPointExtension>
            <gpxtpx:Extensions>
              <reversedirection>yes</reversedirection>
              <highway>residential</highway>
            </gpxtpx:Extensions>
          </gpxtpx:TrackPointExtension>
        </extensions>
      </trkpt>
      <trkpt lat="44.932864" lon="7.541103">
        <ele>248.5</ele>
        <time>2023-05-15T12:44:51.858Z</time>
        <extensions>
          <gpxtpx:TrackPointExtension>
            <gpxtpx:Extensions>
              <reversedirection>yes</reversedirection>
              <highway>residential</highway>
            </gpxtpx:Extensions>
          </gpxtpx:TrackPointExtension>
        </extensions>
      </trkpt>
      <trkpt lat="44.932866" lon="7.541146">
        <ele>248.5</ele>
        <time>2023-05-15T12:44:52.394Z</time>
        <extensions>
          <gpxtpx:TrackPointExtension>
            <gpxtpx:Extensions>
              <reversedirection>yes</reversedirection>
              <highway>residential</highway>
              <maxspeed>50</maxspeed>
            </gpxtpx:Extensions>
          </gpxtpx:TrackPointExtension>
        </extensions>
      </trkpt>
      <trkpt lat="44.932874" lon="7.541209">
        <ele>248.5</ele>
        <time>2023-05-15T12:44:53.191Z</time>
        <extensions>
          <gpxtpx:TrackPointExtension>
            <gpxtpx:Extensions>
              <reversedirection>yes</reversedirection>
              <highway>residential</highway>
              <maxspeed>50</maxspeed>
            </gpxtpx:Extensions>
          </gpxtpx:TrackPointExtension>
        </extensions>
      </trkpt>
      <trkpt lat="44.932954" lon="7.541819">
        <ele>248.5</ele>
        <time>2023-05-15T12:45:00.920Z</time>
        <extensions>
          <gpxtpx:TrackPointExtension>
            <gpxtpx:Extensions>
              <highway>residential</highway>
              <maxspeed>50</maxspeed>
              <oneway>yes</oneway>
            </gpxtpx:Extensions>
          </gpxtpx:TrackPointExtension>
        </extensions>
      </trkpt>
      <trkpt lat="44.933112" lon="7.542881">
        <ele>247</ele>
        <time>2023-05-15T12:45:14.439Z</time>
        <extensions>
          <gpxtpx:TrackPointExtension>
            <gpxtpx:Extensions>
              <highway>residential</highway>
              <maxspeed>50</maxspeed>
              <oneway>yes</oneway>
            </gpxtpx:Extensions>
          </gpxtpx:TrackPointExtension>
        </extensions>
      </trkpt>
      <trkpt lat="44.933264" lon="7.543923">
        <ele>245.25</ele>
        <time>2023-05-15T12:45:27.693Z</time>
        <extensions>
          <gpxtpx:TrackPointExtension>
            <gpxtpx:Extensions>
              <highway>residential</highway>
              <maxspeed>50</maxspeed>
              <oneway>yes</oneway>
            </gpxtpx:Extensions>
          </gpxtpx:TrackPointExtension>
        </extensions>
      </trkpt>
      <trkpt lat="44.933284" lon="7.544049">
        <ele>245</ele>
        <time>2023-05-15T12:45:29.301Z</time>
        <extensions>
          <gpxtpx:TrackPointExtension>
            <gpxtpx:Extensions>
              <highway>tertiary</highway>
              <surface>asphalt</surface>
              <maxspeed>50</maxspeed>
            </gpxtpx:Extensions>
          </gpxtpx:TrackPointExtension>
        </extensions>
      </trkpt>
      <trkpt lat="44.933295" lon="7.54404">
        <ele>245</ele>
        <time>2023-05-15T12:45:29.524Z</time>
      </trkpt>
      <trkpt lat="44.933300999999936" lon="7.544055000000017">
        <ele>242.455</ele>
        <time>2023-05-15T12:45:29.711Z</time>
      </trkpt>
      <trkpt lat="44.933295" lon="7.54404">
        <ele>245</ele>
        <time>2023-05-15T12:45:29.898Z</time>
        <extensions>
          <gpxtpx:TrackPointExtension>
            <gpxtpx:Extensions>
              <highway>tertiary</highway>
              <surface>asphalt</surface>
              <maxspeed>50</maxspeed>
            </gpxtpx:Extensions>
          </gpxtpx:TrackPointExtension>
        </extensions>
      </trkpt>
      <trkpt lat="44.93332" lon="7.544022">
        <ele>245</ele>
        <time>2023-05-15T12:45:30.329Z</time>
        <extensions>
          <gpxtpx:TrackPointExtension>
            <gpxtpx:Extensions>
              <highway>tertiary</highway>
              <surface>asphalt</surface>
              <maxspeed>50</maxspeed>
            </gpxtpx:Extensions>
          </gpxtpx:TrackPointExtension>
        </extensions>
      </trkpt>
      <trkpt lat="44.933386" lon="7.544011">
        <ele>245</ele>
        <time>2023-05-15T12:45:31.350Z</time>
        <extensions>
          <gpxtpx:TrackPointExtension>
            <gpxtpx:Extensions>
              <highway>tertiary</highway>
              <surface>asphalt</surface>
              <maxspeed>50</maxspeed>
            </gpxtpx:Extensions>
          </gpxtpx:TrackPointExtension>
        </extensions>
      </trkpt>
      <trkpt lat="44.933874" lon="7.544056">
        <ele>245.25</ele>
        <time>2023-05-15T12:45:38.868Z</time>
        <extensions>
          <gpxtpx:TrackPointExtension>
            <gpxtpx:Extensions>
              <highway>tertiary</highway>
              <surface>asphalt</surface>
              <maxspeed>50</maxspeed>
            </gpxtpx:Extensions>
          </gpxtpx:TrackPointExtension>
        </extensions>
      </trkpt>
      <trkpt lat="44.933965" lon="7.544085">
        <ele>245</ele>
        <time>2023-05-15T12:45:39.952Z</time>
        <extensions>
          <gpxtpx:TrackPointExtension>
            <gpxtpx:Extensions>
              <highway>tertiary</highway>
              <surface>asphalt</surface>
              <maxspeed>50</maxspeed>
            </gpxtpx:Extensions>
          </gpxtpx:TrackPointExtension>
        </extensions>
      </trkpt>
      <trkpt lat="44.933964" lon="7.544084">
        <ele>245</ele>
        <time>2023-05-15T12:45:39.969Z</time>
        <extensions>
          <gpxtpx:TrackPointExtension>
            <gpxtpx:Extensions>
              <highway>tertiary</highway>
              <surface>asphalt</surface>
              <maxspeed>50</maxspeed>
            </gpxtpx:Extensions>
          </gpxtpx:TrackPointExtension>
        </extensions>
      </trkpt>
      <trkpt lat="44.934037" lon="7.544108">
        <ele>245</ele>
        <time>2023-05-15T12:45:40.840Z</time>
        <extensions>
          <gpxtpx:TrackPointExtension>
            <gpxtpx:Extensions>
              <highway>tertiary</highway>
              <surface>asphalt</surface>
              <maxspeed>50</maxspeed>
            </gpxtpx:Extensions>
          </gpxtpx:TrackPointExtension>
        </extensions>
      </trkpt>
      <trkpt lat="44.934269" lon="7.544216">
        <ele>245</ele>
        <time>2023-05-15T12:45:43.680Z</time>
        <extensions>
          <gpxtpx:TrackPointExtension>
            <gpxtpx:Extensions>
              <highway>tertiary</highway>
              <surface>asphalt</surface>
              <maxspeed>50</maxspeed>
            </gpxtpx:Extensions>
          </gpxtpx:TrackPointExtension>
        </extensions>
      </trkpt>
      <trkpt lat="44.934499" lon="7.544558">
        <ele>245.5</ele>
        <time>2023-05-15T12:45:47.562Z</time>
        <extensions>
          <gpxtpx:TrackPointExtension>
            <gpxtpx:Extensions>
              <highway>tertiary</highway>
              <surface>asphalt</surface>
              <maxspeed>50</maxspeed>
              <oneway>yes</oneway>
            </gpxtpx:Extensions>
          </gpxtpx:TrackPointExtension>
        </extensions>
      </trkpt>
      <trkpt lat="44.934581" lon="7.544696">
        <ele>245.75</ele>
        <time>2023-05-15T12:45:49.045Z</time>
        <extensions>
          <gpxtpx:TrackPointExtension>
            <gpxtpx:Extensions>
              <highway>tertiary</highway>
              <surface>asphalt</surface>
              <maxspeed>30</maxspeed>
              <junction>roundabout</junction>
            </gpxtpx:Extensions>
          </gpxtpx:TrackPointExtension>
        </extensions>
      </trkpt>
      <trkpt lat="44.934592" lon="7.544728">
        <ele>245.75</ele>
        <time>2023-05-15T12:45:49.337Z</time>
        <extensions>
          <gpxtpx:TrackPointExtension>
            <gpxtpx:Extensions>
              <highway>tertiary</highway>
              <surface>asphalt</surface>
              <maxspeed>30</maxspeed>
              <junction>roundabout</junction>
            </gpxtpx:Extensions>
          </gpxtpx:TrackPointExtension>
        </extensions>
      </trkpt>
      <trkpt lat="44.934608" lon="7.544755">
        <ele>245.75</ele>
        <time>2023-05-15T12:45:49.626Z</time>
        <extensions>
          <gpxtpx:TrackPointExtension>
            <gpxtpx:Extensions>
              <highway>tertiary</highway>
              <surface>asphalt</surface>
              <maxspeed>30</maxspeed>
              <junction>roundabout</junction>
            </gpxtpx:Extensions>
          </gpxtpx:TrackPointExtension>
        </extensions>
      </trkpt>
      <trkpt lat="44.93463" lon="7.544774">
        <ele>245.75</ele>
        <time>2023-05-15T12:45:49.925Z</time>
        <extensions>
          <gpxtpx:TrackPointExtension>
            <gpxtpx:Extensions>
              <highway>tertiary</highway>
              <surface>asphalt</surface>
              <maxspeed>50</maxspeed>
              <oneway>yes</oneway>
            </gpxtpx:Extensions>
          </gpxtpx:TrackPointExtension>
        </extensions>
      </trkpt>
      <trkpt lat="44.934856" lon="7.545089">
        <ele>246</ele>
        <time>2023-05-15T12:45:53.616Z</time>
        <extensions>
          <gpxtpx:TrackPointExtension>
            <gpxtpx:Extensions>
              <highway>tertiary</highway>
              <surface>asphalt</surface>
              <maxspeed>50</maxspeed>
              <oneway>no</oneway>
            </gpxtpx:Extensions>
          </gpxtpx:TrackPointExtension>
        </extensions>
      </trkpt>
      <trkpt lat="44.935196" lon="7.545621">
        <ele>246</ele>
        <time>2023-05-15T12:45:59.515Z</time>
        <extensions>
          <gpxtpx:TrackPointExtension>
            <gpxtpx:Extensions>
              <highway>tertiary</highway>
              <surface>asphalt</surface>
              <maxspeed>50</maxspeed>
              <oneway>no</oneway>
            </gpxtpx:Extensions>
          </gpxtpx:TrackPointExtension>
        </extensions>
      </trkpt>
      <trkpt lat="44.935633" lon="7.546306">
        <ele>246</ele>
        <time>2023-05-15T12:46:07.105Z</time>
        <extensions>
          <gpxtpx:TrackPointExtension>
            <gpxtpx:Extensions>
              <highway>tertiary</highway>
              <surface>asphalt</surface>
              <maxspeed>50</maxspeed>
            </gpxtpx:Extensions>
          </gpxtpx:TrackPointExtension>
        </extensions>
      </trkpt>
      <trkpt lat="44.935682" lon="7.546371">
        <ele>246</ele>
        <time>2023-05-15T12:46:07.886Z</time>
        <extensions>
          <gpxtpx:TrackPointExtension>
            <gpxtpx:Extensions>
              <highway>tertiary</highway>
              <surface>asphalt</surface>
              <maxspeed>50</maxspeed>
              <junction>roundabout</junction>
            </gpxtpx:Extensions>
          </gpxtpx:TrackPointExtension>
        </extensions>
      </trkpt>
      <trkpt lat="44.935674" lon="7.54643">
        <ele>246</ele>
        <time>2023-05-15T12:46:08.380Z</time>
        <extensions>
          <gpxtpx:TrackPointExtension>
            <gpxtpx:Extensions>
              <highway>tertiary</highway>
              <surface>asphalt</surface>
              <maxspeed>50</maxspeed>
              <junction>roundabout</junction>
            </gpxtpx:Extensions>
          </gpxtpx:TrackPointExtension>
        </extensions>
      </trkpt>
      <trkpt lat="44.935693" lon="7.546483">
        <ele>246</ele>
        <time>2023-05-15T12:46:08.869Z</time>
        <extensions>
          <gpxtpx:TrackPointExtension>
            <gpxtpx:Extensions>
              <highway>tertiary</highway>
              <surface>asphalt</surface>
              <maxspeed>50</maxspeed>
              <junction>roundabout</junction>
            </gpxtpx:Extensions>
          </gpxtpx:TrackPointExtension>
        </extensions>
      </trkpt>
      <trkpt lat="44.93573" lon="7.54651">
        <ele>246</ele>
        <time>2023-05-15T12:46:09.353Z</time>
        <extensions>
          <gpxtpx:TrackPointExtension>
            <gpxtpx:Extensions>
              <highway>tertiary</highway>
              <surface>asphalt</surface>
              <maxspeed>50</maxspeed>
              <junction>roundabout</junction>
            </gpxtpx:Extensions>
          </gpxtpx:TrackPointExtension>
        </extensions>
      </trkpt>
      <trkpt lat="44.935772" lon="7.5465">
        <ele>246</ele>
        <time>2023-05-15T12:46:09.848Z</time>
        <extensions>
          <gpxtpx:TrackPointExtension>
            <gpxtpx:Extensions>
              <highway>tertiary</highway>
              <surface>asphalt</surface>
              <maxspeed>50</maxspeed>
              <junction>roundabout</junction>
            </gpxtpx:Extensions>
          </gpxtpx:TrackPointExtension>
        </extensions>
      </trkpt>
      <trkpt lat="44.935789" lon="7.546482">
        <ele>246</ele>
        <time>2023-05-15T12:46:10.094Z</time>
        <extensions>
          <gpxtpx:TrackPointExtension>
            <gpxtpx:Extensions>
              <reversedirection>yes</reversedirection>
              <highway>tertiary</highway>
              <surface>asphalt</surface>
              <maxspeed>50</maxspeed>
            </gpxtpx:Extensions>
          </gpxtpx:TrackPointExtension>
        </extensions>
      </trkpt>
      <trkpt lat="44.936038" lon="7.546912">
        <ele>245.5</ele>
        <time>2023-05-15T12:46:14.666Z</time>
        <extensions>
          <gpxtpx:TrackPointExtension>
            <gpxtpx:Extensions>
              <highway>tertiary</highway>
              <surface>asphalt</surface>
              <maxspeed>50</maxspeed>
              <oneway>no</oneway>
            </gpxtpx:Extensions>
          </gpxtpx:TrackPointExtension>
        </extensions>
      </trkpt>
      <trkpt lat="44.936749" lon="7.547976">
        <ele>245.25</ele>
        <time>2023-05-15T12:46:26.709Z</time>
        <extensions>
          <gpxtpx:TrackPointExtension>
            <gpxtpx:Extensions>
              <highway>tertiary</highway>
              <surface>asphalt</surface>
              <maxspeed>50</maxspeed>
              <oneway>no</oneway>
            </gpxtpx:Extensions>
          </gpxtpx:TrackPointExtension>
        </extensions>
      </trkpt>
      <trkpt lat="44.937536" lon="7.549153">
        <ele>245.75</ele>
        <time>2023-05-15T12:46:40.035Z</time>
        <extensions>
          <gpxtpx:TrackPointExtension>
            <gpxtpx:Extensions>
              <highway>tertiary</highway>
              <surface>asphalt</surface>
              <maxspeed>50</maxspeed>
              <oneway>no</oneway>
            </gpxtpx:Extensions>
          </gpxtpx:TrackPointExtension>
        </extensions>
      </trkpt>
      <trkpt lat="44.937701" lon="7.549399">
        <ele>245.25</ele>
        <time>2023-05-15T12:46:42.824Z</time>
        <extensions>
          <gpxtpx:TrackPointExtension>
            <gpxtpx:Extensions>
              <highway>tertiary</highway>
              <surface>asphalt</surface>
              <maxspeed>50</maxspeed>
              <oneway>no</oneway>
            </gpxtpx:Extensions>
          </gpxtpx:TrackPointExtension>
        </extensions>
      </trkpt>
      <trkpt lat="44.93823" lon="7.55019">
        <ele>244.75</ele>
        <time>2023-05-15T12:46:51.780Z</time>
        <extensions>
          <gpxtpx:TrackPointExtension>
            <gpxtpx:Extensions>
              <highway>tertiary</highway>
              <surface>asphalt</surface>
              <maxspeed>50</maxspeed>
            </gpxtpx:Extensions>
          </gpxtpx:TrackPointExtension>
        </extensions>
      </trkpt>
      <trkpt lat="44.939677" lon="7.552358">
        <ele>245.5</ele>
        <time>2023-05-15T12:47:16.305Z</time>
        <extensions>
          <gpxtpx:TrackPointExtension>
            <gpxtpx:Extensions>
              <highway>tertiary</highway>
              <surface>asphalt</surface>
              <maxspeed>50</maxspeed>
            </gpxtpx:Extensions>
          </gpxtpx:TrackPointExtension>
        </extensions>
      </trkpt>
      <trkpt lat="44.940358" lon="7.553378">
        <ele>242</ele>
        <time>2023-05-15T12:47:27.845Z</time>
        <extensions>
          <gpxtpx:TrackPointExtension>
            <gpxtpx:Extensions>
              <highway>tertiary</highway>
              <surface>asphalt</surface>
              <maxspeed>90</maxspeed>
            </gpxtpx:Extensions>
          </gpxtpx:TrackPointExtension>
        </extensions>
      </trkpt>
      <trkpt lat="44.941644" lon="7.555305">
        <ele>243.25</ele>
        <time>2023-05-15T12:47:49.642Z</time>
        <extensions>
          <gpxtpx:TrackPointExtension>
            <gpxtpx:Extensions>
              <highway>tertiary</highway>
              <surface>asphalt</surface>
              <maxspeed>90</maxspeed>
            </gpxtpx:Extensions>
          </gpxtpx:TrackPointExtension>
        </extensions>
      </trkpt>
      <trkpt lat="44.944482" lon="7.559557">
        <ele>243.25</ele>
        <time>2023-05-15T12:48:37.741Z</time>
        <extensions>
          <gpxtpx:TrackPointExtension>
            <gpxtpx:Extensions>
              <highway>tertiary</highway>
              <surface>asphalt</surface>
              <maxspeed>90</maxspeed>
            </gpxtpx:Extensions>
          </gpxtpx:TrackPointExtension>
        </extensions>
      </trkpt>
      <trkpt lat="44.946106" lon="7.561989">
        <ele>242.5</ele>
        <time>2023-05-15T12:49:05.257Z</time>
        <extensions>
          <gpxtpx:TrackPointExtension>
            <gpxtpx:Extensions>
              <highway>tertiary</highway>
              <surface>asphalt</surface>
              <maxspeed>90</maxspeed>
            </gpxtpx:Extensions>
          </gpxtpx:TrackPointExtension>
        </extensions>
      </trkpt>
      <trkpt lat="44.946318" lon="7.562308">
        <ele>242.75</ele>
        <time>2023-05-15T12:49:08.858Z</time>
        <extensions>
          <gpxtpx:TrackPointExtension>
            <gpxtpx:Extensions>
              <highway>tertiary</highway>
              <surface>asphalt</surface>
              <maxspeed>90</maxspeed>
            </gpxtpx:Extensions>
          </gpxtpx:TrackPointExtension>
        </extensions>
      </trkpt>
      <trkpt lat="44.947511" lon="7.564099">
        <ele>239</ele>
        <time>2023-05-15T12:49:29.098Z</time>
        <extensions>
          <gpxtpx:TrackPointExtension>
            <gpxtpx:Extensions>
              <highway>tertiary</highway>
              <surface>asphalt</surface>
              <maxspeed>90</maxspeed>
            </gpxtpx:Extensions>
          </gpxtpx:TrackPointExtension>
        </extensions>
      </trkpt>
      <trkpt lat="44.948788" lon="7.566046">
        <ele>242</ele>
        <time>2023-05-15T12:49:50.942Z</time>
        <extensions>
          <gpxtpx:TrackPointExtension>
            <gpxtpx:Extensions>
              <highway>tertiary</highway>
              <surface>asphalt</surface>
              <maxspeed>90</maxspeed>
            </gpxtpx:Extensions>
          </gpxtpx:TrackPointExtension>
        </extensions>
      </trkpt>
      <trkpt lat="44.949042" lon="7.566435">
        <ele>241.75</ele>
        <time>2023-05-15T12:49:55.297Z</time>
        <extensions>
          <gpxtpx:TrackPointExtension>
            <gpxtpx:Extensions>
              <highway>tertiary</highway>
              <surface>asphalt</surface>
              <maxspeed>90</maxspeed>
            </gpxtpx:Extensions>
          </gpxtpx:TrackPointExtension>
        </extensions>
      </trkpt>
      <trkpt lat="44.949238" lon="7.566771">
        <ele>242</ele>
        <time>2023-05-15T12:49:58.880Z</time>
        <extensions>
          <gpxtpx:TrackPointExtension>
            <gpxtpx:Extensions>
              <highway>tertiary</highway>
              <surface>asphalt</surface>
              <maxspeed>90</maxspeed>
            </gpxtpx:Extensions>
          </gpxtpx:TrackPointExtension>
        </extensions>
      </trkpt>
      <trkpt lat="44.949407" lon="7.567252">
        <ele>242.5</ele>
        <time>2023-05-15T12:50:03.299Z</time>
        <extensions>
          <gpxtpx:TrackPointExtension>
            <gpxtpx:Extensions>
              <highway>tertiary</highway>
              <surface>asphalt</surface>
              <maxspeed>90</maxspeed>
            </gpxtpx:Extensions>
          </gpxtpx:TrackPointExtension>
        </extensions>
      </trkpt>
      <trkpt lat="44.949995" lon="7.569243">
        <ele>242.75</ele>
        <time>2023-05-15T12:50:21.052Z</time>
        <extensions>
          <gpxtpx:TrackPointExtension>
            <gpxtpx:Extensions>
              <highway>tertiary</highway>
              <surface>asphalt</surface>
              <maxspeed>90</maxspeed>
            </gpxtpx:Extensions>
          </gpxtpx:TrackPointExtension>
        </extensions>
      </trkpt>
      <trkpt lat="44.950486" lon="7.571046">
        <ele>240.25</ele>
        <time>2023-05-15T12:50:36.949Z</time>
        <extensions>
          <gpxtpx:TrackPointExtension>
            <gpxtpx:Extensions>
              <highway>tertiary</highway>
              <surface>asphalt</surface>
              <maxspeed>90</maxspeed>
            </gpxtpx:Extensions>
          </gpxtpx:TrackPointExtension>
        </extensions>
      </trkpt>
      <trkpt lat="44.951142" lon="7.573346">
        <ele>240.5</ele>
        <time>2023-05-15T12:50:57.354Z</time>
        <extensions>
          <gpxtpx:TrackPointExtension>
            <gpxtpx:Extensions>
              <highway>tertiary</highway>
              <surface>asphalt</surface>
              <maxspeed>90</maxspeed>
            </gpxtpx:Extensions>
          </gpxtpx:TrackPointExtension>
        </extensions>
      </trkpt>
      <trkpt lat="44.951829" lon="7.575815">
        <ele>237.25</ele>
        <time>2023-05-15T12:51:19.185Z</time>
        <extensions>
          <gpxtpx:TrackPointExtension>
            <gpxtpx:Extensions>
              <highway>tertiary</highway>
              <surface>asphalt</surface>
              <maxspeed>90</maxspeed>
            </gpxtpx:Extensions>
          </gpxtpx:TrackPointExtension>
        </extensions>
      </trkpt>
      <trkpt lat="44.953839" lon="7.582984">
        <ele>239.75</ele>
        <time>2023-05-15T12:52:22.637Z</time>
        <extensions>
          <gpxtpx:TrackPointExtension>
            <gpxtpx:Extensions>
              <highway>tertiary</highway>
              <surface>asphalt</surface>
              <maxspeed>90</maxspeed>
            </gpxtpx:Extensions>
          </gpxtpx:TrackPointExtension>
        </extensions>
      </trkpt>
      <trkpt lat="44.954061" lon="7.583776">
        <ele>238.5</ele>
        <time>2023-05-15T12:52:29.646Z</time>
        <extensions>
          <gpxtpx:TrackPointExtension>
            <gpxtpx:Extensions>
              <highway>tertiary</highway>
              <surface>asphalt</surface>
              <maxspeed>40</maxspeed>
              <oneway>yes</oneway>
            </gpxtpx:Extensions>
          </gpxtpx:TrackPointExtension>
        </extensions>
      </trkpt>
      <trkpt lat="44.954072" lon="7.583957">
        <ele>238.25</ele>
        <time>2023-05-15T12:52:31.140Z</time>
        <extensions>
          <gpxtpx:TrackPointExtension>
            <gpxtpx:Extensions>
              <highway>tertiary</highway>
              <surface>asphalt</surface>
              <maxspeed>40</maxspeed>
              <oneway>yes</oneway>
            </gpxtpx:Extensions>
          </gpxtpx:TrackPointExtension>
        </extensions>
      </trkpt>
      <trkpt lat="44.954071" lon="7.584025">
        <ele>238</ele>
        <time>2023-05-15T12:52:31.699Z</time>
        <extensions>
          <gpxtpx:TrackPointExtension>
            <gpxtpx:Extensions>
              <highway>tertiary</highway>
              <surface>asphalt</surface>
              <maxspeed>40</maxspeed>
              <oneway>yes</oneway>
            </gpxtpx:Extensions>
          </gpxtpx:TrackPointExtension>
        </extensions>
      </trkpt>
      <trkpt lat="44.954069" lon="7.584215">
        <ele>238</ele>
        <time>2023-05-15T12:52:33.262Z</time>
        <extensions>
          <gpxtpx:TrackPointExtension>
            <gpxtpx:Extensions>
              <highway>secondary</highway>
              <surface>asphalt</surface>
              <maxspeed>40</maxspeed>
              <junction>roundabout</junction>
            </gpxtpx:Extensions>
          </gpxtpx:TrackPointExtension>
        </extensions>
      </trkpt>
      <trkpt lat="44.954036" lon="7.584269">
        <ele>238</ele>
        <time>2023-05-15T12:52:33.849Z</time>
        <extensions>
          <gpxtpx:TrackPointExtension>
            <gpxtpx:Extensions>
              <highway>secondary</highway>
              <surface>asphalt</surface>
              <maxspeed>40</maxspeed>
              <junction>roundabout</junction>
            </gpxtpx:Extensions>
          </gpxtpx:TrackPointExtension>
        </extensions>
      </trkpt>
      <trkpt lat="44.954012" lon="7.584333">
        <ele>238.25</ele>
        <time>2023-05-15T12:52:34.445Z</time>
        <extensions>
          <gpxtpx:TrackPointExtension>
            <gpxtpx:Extensions>
              <highway>secondary</highway>
              <surface>asphalt</surface>
              <maxspeed>40</maxspeed>
              <junction>roundabout</junction>
            </gpxtpx:Extensions>
          </gpxtpx:TrackPointExtension>
        </extensions>
      </trkpt>
      <trkpt lat="44.953998" lon="7.584437">
        <ele>238.5</ele>
        <time>2023-05-15T12:52:35.316Z</time>
        <extensions>
          <gpxtpx:TrackPointExtension>
            <gpxtpx:Extensions>
              <highway>secondary</highway>
              <surface>asphalt</surface>
              <maxspeed>40</maxspeed>
              <junction>roundabout</junction>
            </gpxtpx:Extensions>
          </gpxtpx:TrackPointExtension>
        </extensions>
      </trkpt>
      <trkpt lat="44.95401" lon="7.584541">
        <ele>238.5</ele>
        <time>2023-05-15T12:52:36.183Z</time>
        <extensions>
          <gpxtpx:TrackPointExtension>
            <gpxtpx:Extensions>
              <highway>secondary</highway>
              <surface>asphalt</surface>
              <maxspeed>40</maxspeed>
              <junction>roundabout</junction>
            </gpxtpx:Extensions>
          </gpxtpx:TrackPointExtension>
        </extensions>
      </trkpt>
      <trkpt lat="44.954047" lon="7.584634">
        <ele>238.75</ele>
        <time>2023-05-15T12:52:37.060Z</time>
        <extensions>
          <gpxtpx:TrackPointExtension>
            <gpxtpx:Extensions>
              <highway>secondary</highway>
              <surface>asphalt</surface>
              <maxspeed>40</maxspeed>
              <junction>roundabout</junction>
            </gpxtpx:Extensions>
          </gpxtpx:TrackPointExtension>
        </extensions>
      </trkpt>
      <trkpt lat="44.954103" lon="7.584704">
        <ele>239</ele>
        <time>2023-05-15T12:52:37.929Z</time>
        <extensions>
          <gpxtpx:TrackPointExtension>
            <gpxtpx:Extensions>
              <highway>secondary</highway>
              <surface>asphalt</surface>
              <maxspeed>40</maxspeed>
              <junction>roundabout</junction>
            </gpxtpx:Extensions>
          </gpxtpx:TrackPointExtension>
        </extensions>
      </trkpt>
      <trkpt lat="44.954173" lon="7.584742">
        <ele>239.25</ele>
        <time>2023-05-15T12:52:38.800Z</time>
        <extensions>
          <gpxtpx:TrackPointExtension>
            <gpxtpx:Extensions>
              <highway>secondary</highway>
              <surface>asphalt</surface>
              <maxspeed>40</maxspeed>
              <junction>roundabout</junction>
            </gpxtpx:Extensions>
          </gpxtpx:TrackPointExtension>
        </extensions>
      </trkpt>
      <trkpt lat="44.954205" lon="7.584747">
        <ele>239.25</ele>
        <time>2023-05-15T12:52:39.174Z</time>
        <extensions>
          <gpxtpx:TrackPointExtension>
            <gpxtpx:Extensions>
              <highway>secondary</highway>
              <surface>asphalt</surface>
              <maxspeed>40</maxspeed>
              <oneway>yes</oneway>
            </gpxtpx:Extensions>
          </gpxtpx:TrackPointExtension>
        </extensions>
      </trkpt>
      <trkpt lat="44.954304" lon="7.584849">
        <ele>239.25</ele>
        <time>2023-05-15T12:52:40.598Z</time>
        <extensions>
          <gpxtpx:TrackPointExtension>
            <gpxtpx:Extensions>
              <highway>secondary</highway>
              <surface>asphalt</surface>
              <maxspeed>40</maxspeed>
              <oneway>yes</oneway>
            </gpxtpx:Extensions>
          </gpxtpx:TrackPointExtension>
        </extensions>
      </trkpt>
      <trkpt lat="44.954393" lon="7.584962">
        <ele>239.25</ele>
        <time>2023-05-15T12:52:41.989Z</time>
        <extensions>
          <gpxtpx:TrackPointExtension>
            <gpxtpx:Extensions>
              <highway>secondary</highway>
              <surface>asphalt</surface>
              <maxspeed>50</maxspeed>
            </gpxtpx:Extensions>
          </gpxtpx:TrackPointExtension>
        </extensions>
      </trkpt>
      <trkpt lat="44.954405" lon="7.585007">
        <ele>239.25</ele>
        <time>2023-05-15T12:52:42.384Z</time>
        <extensions>
          <gpxtpx:TrackPointExtension>
            <gpxtpx:Extensions>
              <highway>secondary</highway>
              <surface>asphalt</surface>
              <maxspeed>50</maxspeed>
            </gpxtpx:Extensions>
          </gpxtpx:TrackPointExtension>
        </extensions>
      </trkpt>
      <trkpt lat="44.954602" lon="7.585718">
        <ele>236.75</ele>
        <time>2023-05-15T12:52:48.666Z</time>
        <extensions>
          <gpxtpx:TrackPointExtension>
            <gpxtpx:Extensions>
              <highway>secondary</highway>
              <surface>asphalt</surface>
              <maxspeed>50</maxspeed>
            </gpxtpx:Extensions>
          </gpxtpx:TrackPointExtension>
        </extensions>
      </trkpt>
      <trkpt lat="44.954725" lon="7.586147">
        <ele>237.5</ele>
        <time>2023-05-15T12:52:52.474Z</time>
        <extensions>
          <gpxtpx:TrackPointExtension>
            <gpxtpx:Extensions>
              <highway>secondary</highway>
              <surface>asphalt</surface>
              <maxspeed>50</maxspeed>
            </gpxtpx:Extensions>
          </gpxtpx:TrackPointExtension>
        </extensions>
      </trkpt>
      <trkpt lat="44.954852" lon="7.586607">
        <ele>238.75</ele>
        <time>2023-05-15T12:52:56.536Z</time>
        <extensions>
          <gpxtpx:TrackPointExtension>
            <gpxtpx:Extensions>
              <highway>secondary</highway>
              <surface>asphalt</surface>
              <maxspeed>50</maxspeed>
            </gpxtpx:Extensions>
          </gpxtpx:TrackPointExtension>
        </extensions>
      </trkpt>
      <trkpt lat="44.954989" lon="7.587079">
        <ele>239</ele>
        <time>2023-05-15T12:53:00.733Z</time>
        <extensions>
          <gpxtpx:TrackPointExtension>
            <gpxtpx:Extensions>
              <highway>secondary</highway>
              <surface>asphalt</surface>
              <maxspeed>50</maxspeed>
            </gpxtpx:Extensions>
          </gpxtpx:TrackPointExtension>
        </extensions>
      </trkpt>
      <trkpt lat="44.955085" lon="7.587439">
        <ele>239</ele>
        <time>2023-05-15T12:53:03.898Z</time>
        <extensions>
          <gpxtpx:TrackPointExtension>
            <gpxtpx:Extensions>
              <highway>secondary</highway>
              <surface>asphalt</surface>
              <maxspeed>50</maxspeed>
              <oneway>yes</oneway>
            </gpxtpx:Extensions>
          </gpxtpx:TrackPointExtension>
        </extensions>
      </trkpt>
      <trkpt lat="44.955108" lon="7.587638">
        <ele>239.25</ele>
        <time>2023-05-15T12:53:05.557Z</time>
        <extensions>
          <gpxtpx:TrackPointExtension>
            <gpxtpx:Extensions>
              <highway>secondary</highway>
              <surface>asphalt</surface>
              <maxspeed>50</maxspeed>
              <oneway>yes</oneway>
            </gpxtpx:Extensions>
          </gpxtpx:TrackPointExtension>
        </extensions>
      </trkpt>
      <trkpt lat="44.955171" lon="7.587894">
        <ele>240</ele>
        <time>2023-05-15T12:53:07.787Z</time>
        <extensions>
          <gpxtpx:TrackPointExtension>
            <gpxtpx:Extensions>
              <highway>secondary</highway>
              <surface>asphalt</surface>
              <maxspeed>50</maxspeed>
              <oneway>yes</oneway>
            </gpxtpx:Extensions>
          </gpxtpx:TrackPointExtension>
        </extensions>
      </trkpt>
      <trkpt lat="44.955183" lon="7.587972">
        <ele>240</ele>
        <time>2023-05-15T12:53:08.443Z</time>
        <extensions>
          <gpxtpx:TrackPointExtension>
            <gpxtpx:Extensions>
              <highway>secondary</highway>
              <surface>asphalt</surface>
              <maxspeed>50</maxspeed>
              <oneway>yes</oneway>
            </gpxtpx:Extensions>
          </gpxtpx:TrackPointExtension>
        </extensions>
      </trkpt>
      <trkpt lat="44.955182" lon="7.588079">
        <ele>240.25</ele>
        <time>2023-05-15T12:53:09.323Z</time>
        <extensions>
          <gpxtpx:TrackPointExtension>
            <gpxtpx:Extensions>
              <highway>secondary</highway>
              <surface>asphalt</surface>
              <maxspeed>50</maxspeed>
              <oneway>yes</oneway>
            </gpxtpx:Extensions>
          </gpxtpx:TrackPointExtension>
        </extensions>
      </trkpt>
      <trkpt lat="44.955172" lon="7.588147">
        <ele>240.5</ele>
        <time>2023-05-15T12:53:09.894Z</time>
        <extensions>
          <gpxtpx:TrackPointExtension>
            <gpxtpx:Extensions>
              <highway>secondary</highway>
              <surface>asphalt</surface>
              <maxspeed>50</maxspeed>
              <junction>roundabout</junction>
            </gpxtpx:Extensions>
          </gpxtpx:TrackPointExtension>
        </extensions>
      </trkpt>
      <trkpt lat="44.955159" lon="7.588157">
        <ele>240.5</ele>
        <time>2023-05-15T12:53:10.066Z</time>
        <extensions>
          <gpxtpx:TrackPointExtension>
            <gpxtpx:Extensions>
              <highway>secondary</highway>
              <surface>asphalt</surface>
              <maxspeed>50</maxspeed>
              <junction>roundabout</junction>
            </gpxtpx:Extensions>
          </gpxtpx:TrackPointExtension>
        </extensions>
      </trkpt>
      <trkpt lat="44.955148" lon="7.588171">
        <ele>240.5</ele>
        <time>2023-05-15T12:53:10.238Z</time>
        <extensions>
          <gpxtpx:TrackPointExtension>
            <gpxtpx:Extensions>
              <highway>secondary</highway>
              <surface>asphalt</surface>
              <maxspeed>50</maxspeed>
              <junction>roundabout</junction>
            </gpxtpx:Extensions>
          </gpxtpx:TrackPointExtension>
        </extensions>
      </trkpt>
      <trkpt lat="44.955138" lon="7.588196">
        <ele>240.5</ele>
        <time>2023-05-15T12:53:10.474Z</time>
        <extensions>
          <gpxtpx:TrackPointExtension>
            <gpxtpx:Extensions>
              <highway>secondary</highway>
              <surface>asphalt</surface>
              <maxspeed>50</maxspeed>
              <junction>roundabout</junction>
            </gpxtpx:Extensions>
          </gpxtpx:TrackPointExtension>
        </extensions>
      </trkpt>
      <trkpt lat="44.955134" lon="7.588238">
        <ele>240.75</ele>
        <time>2023-05-15T12:53:10.822Z</time>
        <extensions>
          <gpxtpx:TrackPointExtension>
            <gpxtpx:Extensions>
              <highway>secondary</highway>
              <surface>asphalt</surface>
              <maxspeed>50</maxspeed>
              <junction>roundabout</junction>
            </gpxtpx:Extensions>
          </gpxtpx:TrackPointExtension>
        </extensions>
      </trkpt>
      <trkpt lat="44.955145" lon="7.588277">
        <ele>240.75</ele>
        <time>2023-05-15T12:53:11.167Z</time>
        <extensions>
          <gpxtpx:TrackPointExtension>
            <gpxtpx:Extensions>
              <highway>secondary</highway>
              <surface>asphalt</surface>
              <maxspeed>50</maxspeed>
              <junction>roundabout</junction>
            </gpxtpx:Extensions>
          </gpxtpx:TrackPointExtension>
        </extensions>
      </trkpt>
      <trkpt lat="44.955151" lon="7.588288">
        <ele>240.75</ele>
        <time>2023-05-15T12:53:11.281Z</time>
        <extensions>
          <gpxtpx:TrackPointExtension>
            <gpxtpx:Extensions>
              <highway>secondary</highway>
              <surface>asphalt</surface>
              <maxspeed>50</maxspeed>
              <junction>roundabout</junction>
            </gpxtpx:Extensions>
          </gpxtpx:TrackPointExtension>
        </extensions>
      </trkpt>
      <trkpt lat="44.955167" lon="7.588305">
        <ele>240.75</ele>
        <time>2023-05-15T12:53:11.513Z</time>
        <extensions>
          <gpxtpx:TrackPointExtension>
            <gpxtpx:Extensions>
              <highway>secondary</highway>
              <surface>asphalt</surface>
              <maxspeed>50</maxspeed>
              <junction>roundabout</junction>
            </gpxtpx:Extensions>
          </gpxtpx:TrackPointExtension>
        </extensions>
      </trkpt>
      <trkpt lat="44.955206" lon="7.588313">
        <ele>240.75</ele>
        <time>2023-05-15T12:53:11.971Z</time>
        <extensions>
          <gpxtpx:TrackPointExtension>
            <gpxtpx:Extensions>
              <highway>secondary</highway>
              <surface>asphalt</surface>
              <maxspeed>50</maxspeed>
              <junction>roundabout</junction>
            </gpxtpx:Extensions>
          </gpxtpx:TrackPointExtension>
        </extensions>
      </trkpt>
      <trkpt lat="44.955215" lon="7.58831">
        <ele>240.75</ele>
        <time>2023-05-15T12:53:12.077Z</time>
        <extensions>
          <gpxtpx:TrackPointExtension>
            <gpxtpx:Extensions>
              <highway>secondary</highway>
              <surface>asphalt</surface>
              <maxspeed>50</maxspeed>
              <oneway>yes</oneway>
            </gpxtpx:Extensions>
          </gpxtpx:TrackPointExtension>
        </extensions>
      </trkpt>
      <trkpt lat="44.955256" lon="7.588333">
        <ele>240.75</ele>
        <time>2023-05-15T12:53:12.589Z</time>
        <extensions>
          <gpxtpx:TrackPointExtension>
            <gpxtpx:Extensions>
              <highway>secondary</highway>
              <surface>asphalt</surface>
              <maxspeed>50</maxspeed>
              <oneway>yes</oneway>
            </gpxtpx:Extensions>
          </gpxtpx:TrackPointExtension>
        </extensions>
      </trkpt>
      <trkpt lat="44.955313" lon="7.58843">
        <ele>241</ele>
        <time>2023-05-15T12:53:13.626Z</time>
        <extensions>
          <gpxtpx:TrackPointExtension>
            <gpxtpx:Extensions>
              <highway>secondary</highway>
              <surface>asphalt</surface>
              <maxspeed>50</maxspeed>
              <oneway>yes</oneway>
            </gpxtpx:Extensions>
          </gpxtpx:TrackPointExtension>
        </extensions>
      </trkpt>
      <trkpt lat="44.955412" lon="7.588751">
        <ele>241</ele>
        <time>2023-05-15T12:53:16.507Z</time>
        <extensions>
          <gpxtpx:TrackPointExtension>
            <gpxtpx:Extensions>
              <highway>secondary</highway>
              <surface>asphalt</surface>
              <maxspeed>50</maxspeed>
              <oneway>yes</oneway>
            </gpxtpx:Extensions>
          </gpxtpx:TrackPointExtension>
        </extensions>
      </trkpt>
      <trkpt lat="44.955445" lon="7.588862">
        <ele>241.25</ele>
        <time>2023-05-15T12:53:17.497Z</time>
        <extensions>
          <gpxtpx:TrackPointExtension>
            <gpxtpx:Extensions>
              <highway>secondary</highway>
              <surface>asphalt</surface>
              <maxspeed>50</maxspeed>
              <oneway>yes</oneway>
            </gpxtpx:Extensions>
          </gpxtpx:TrackPointExtension>
        </extensions>
      </trkpt>
      <trkpt lat="44.955507" lon="7.589028">
        <ele>241.5</ele>
        <time>2023-05-15T12:53:19.041Z</time>
        <extensions>
          <gpxtpx:TrackPointExtension>
            <gpxtpx:Extensions>
              <highway>secondary</highway>
              <surface>asphalt</surface>
              <maxspeed>50</maxspeed>
              <oneway>yes</oneway>
            </gpxtpx:Extensions>
          </gpxtpx:TrackPointExtension>
        </extensions>
      </trkpt>
      <trkpt lat="44.955565" lon="7.589153">
        <ele>241.5</ele>
        <time>2023-05-15T12:53:20.270Z</time>
        <extensions>
          <gpxtpx:TrackPointExtension>
            <gpxtpx:Extensions>
              <highway>secondary</highway>
              <surface>asphalt</surface>
              <maxspeed>50</maxspeed>
            </gpxtpx:Extensions>
          </gpxtpx:TrackPointExtension>
        </extensions>
      </trkpt>
      <trkpt lat="44.955904" lon="7.59035">
        <ele>239.75</ele>
        <time>2023-05-15T12:53:30.878Z</time>
        <extensions>
          <gpxtpx:TrackPointExtension>
            <gpxtpx:Extensions>
              <highway>secondary</highway>
              <surface>asphalt</surface>
              <maxspeed>50</maxspeed>
            </gpxtpx:Extensions>
          </gpxtpx:TrackPointExtension>
        </extensions>
      </trkpt>
      <trkpt lat="44.956062" lon="7.590882">
        <ele>240</ele>
        <time>2023-05-15T12:53:35.625Z</time>
        <extensions>
          <gpxtpx:TrackPointExtension>
            <gpxtpx:Extensions>
              <reversedirection>yes</reversedirection>
              <highway>secondary</highway>
              <surface>asphalt</surface>
              <maxspeed>50</maxspeed>
            </gpxtpx:Extensions>
          </gpxtpx:TrackPointExtension>
        </extensions>
      </trkpt>
      <trkpt lat="44.956658" lon="7.593078">
        <ele>239.25</ele>
        <time>2023-05-15T12:53:54.977Z</time>
        <extensions>
          <gpxtpx:TrackPointExtension>
            <gpxtpx:Extensions>
              <reversedirection>yes</reversedirection>
              <highway>secondary</highway>
              <surface>asphalt</surface>
              <maxspeed>50</maxspeed>
            </gpxtpx:Extensions>
          </gpxtpx:TrackPointExtension>
        </extensions>
      </trkpt>
      <trkpt lat="44.956685" lon="7.593173">
        <ele>239</ele>
        <time>2023-05-15T12:53:55.819Z</time>
        <extensions>
          <gpxtpx:TrackPointExtension>
            <gpxtpx:Extensions>
              <reversedirection>yes</reversedirection>
              <highway>secondary</highway>
              <surface>asphalt</surface>
              <maxspeed>50</maxspeed>
            </gpxtpx:Extensions>
          </gpxtpx:TrackPointExtension>
        </extensions>
      </trkpt>
      <trkpt lat="44.9569" lon="7.593942">
        <ele>238.75</ele>
        <time>2023-05-15T12:54:02.622Z</time>
        <extensions>
          <gpxtpx:TrackPointExtension>
            <gpxtpx:Extensions>
              <reversedirection>yes</reversedirection>
              <highway>secondary</highway>
              <surface>asphalt</surface>
              <maxspeed>50</maxspeed>
            </gpxtpx:Extensions>
          </gpxtpx:TrackPointExtension>
        </extensions>
      </trkpt>
      <trkpt lat="44.957423" lon="7.595803">
        <ele>238</ele>
        <time>2023-05-15T12:54:19.097Z</time>
        <extensions>
          <gpxtpx:TrackPointExtension>
            <gpxtpx:Extensions>
              <reversedirection>yes</reversedirection>
              <highway>secondary</highway>
              <surface>asphalt</surface>
              <maxspeed>50</maxspeed>
            </gpxtpx:Extensions>
          </gpxtpx:TrackPointExtension>
        </extensions>
      </trkpt>
      <trkpt lat="44.957552" lon="7.596264">
        <ele>237.75</ele>
        <time>2023-05-15T12:54:23.175Z</time>
        <extensions>
          <gpxtpx:TrackPointExtension>
            <gpxtpx:Extensions>
              <reversedirection>yes</reversedirection>
              <highway>secondary</highway>
              <surface>asphalt</surface>
              <maxspeed>50</maxspeed>
            </gpxtpx:Extensions>
          </gpxtpx:TrackPointExtension>
        </extensions>
      </trkpt>
      <trkpt lat="44.957737" lon="7.596923">
        <ele>238</ele>
        <time>2023-05-15T12:54:29.008Z</time>
        <extensions>
          <gpxtpx:TrackPointExtension>
            <gpxtpx:Extensions>
              <reversedirection>yes</reversedirection>
              <highway>secondary</highway>
              <surface>asphalt</surface>
              <maxspeed>50</maxspeed>
            </gpxtpx:Extensions>
          </gpxtpx:TrackPointExtension>
        </extensions>
      </trkpt>
      <trkpt lat="44.957806" lon="7.597111">
        <ele>238</ele>
        <time>2023-05-15T12:54:30.750Z</time>
        <extensions>
          <gpxtpx:TrackPointExtension>
            <gpxtpx:Extensions>
              <reversedirection>yes</reversedirection>
              <highway>secondary</highway>
              <surface>asphalt</surface>
              <maxspeed>50</maxspeed>
            </gpxtpx:Extensions>
          </gpxtpx:TrackPointExtension>
        </extensions>
      </trkpt>
      <trkpt lat="44.957851" lon="7.597207">
        <ele>238</ele>
        <time>2023-05-15T12:54:31.697Z</time>
        <extensions>
          <gpxtpx:TrackPointExtension>
            <gpxtpx:Extensions>
              <reversedirection>yes</reversedirection>
              <highway>secondary</highway>
              <surface>asphalt</surface>
              <maxspeed>50</maxspeed>
            </gpxtpx:Extensions>
          </gpxtpx:TrackPointExtension>
        </extensions>
      </trkpt>
      <trkpt lat="44.958457" lon="7.598193">
        <ele>239.75</ele>
        <time>2023-05-15T12:54:42.442Z</time>
        <extensions>
          <gpxtpx:TrackPointExtension>
            <gpxtpx:Extensions>
              <reversedirection>yes</reversedirection>
              <highway>secondary</highway>
              <surface>asphalt</surface>
              <maxspeed>50</maxspeed>
            </gpxtpx:Extensions>
          </gpxtpx:TrackPointExtension>
        </extensions>
      </trkpt>
      <trkpt lat="44.95908" lon="7.599079">
        <ele>239</ele>
        <time>2023-05-15T12:54:52.719Z</time>
        <extensions>
          <gpxtpx:TrackPointExtension>
            <gpxtpx:Extensions>
              <reversedirection>yes</reversedirection>
              <highway>secondary</highway>
              <surface>asphalt</surface>
              <maxspeed>50</maxspeed>
            </gpxtpx:Extensions>
          </gpxtpx:TrackPointExtension>
        </extensions>
      </trkpt>
      <trkpt lat="44.959144" lon="7.599175">
        <ele>238.75</ele>
        <time>2023-05-15T12:54:53.804Z</time>
        <extensions>
          <gpxtpx:TrackPointExtension>
            <gpxtpx:Extensions>
              <reversedirection>yes</reversedirection>
              <highway>secondary</highway>
              <surface>asphalt</surface>
              <maxspeed>50</maxspeed>
            </gpxtpx:Extensions>
          </gpxtpx:TrackPointExtension>
        </extensions>
      </trkpt>
      <trkpt lat="44.959178" lon="7.599286">
        <ele>238.75</ele>
        <time>2023-05-15T12:54:54.799Z</time>
        <extensions>
          <gpxtpx:TrackPointExtension>
            <gpxtpx:Extensions>
              <reversedirection>yes</reversedirection>
              <highway>secondary</highway>
              <surface>asphalt</surface>
              <maxspeed>50</maxspeed>
            </gpxtpx:Extensions>
          </gpxtpx:TrackPointExtension>
        </extensions>
      </trkpt>
      <trkpt lat="44.959076" lon="7.59977">
        <ele>238.25</ele>
        <time>2023-05-15T12:54:58.954Z</time>
        <extensions>
          <gpxtpx:TrackPointExtension>
            <gpxtpx:Extensions>
              <reversedirection>yes</reversedirection>
              <highway>secondary</highway>
              <surface>asphalt</surface>
              <maxspeed>50</maxspeed>
            </gpxtpx:Extensions>
          </gpxtpx:TrackPointExtension>
        </extensions>
      </trkpt>
      <trkpt lat="44.959048" lon="7.600032">
        <ele>238</ele>
        <time>2023-05-15T12:55:01.134Z</time>
        <extensions>
          <gpxtpx:TrackPointExtension>
            <gpxtpx:Extensions>
              <reversedirection>yes</reversedirection>
              <highway>secondary</highway>
              <surface>asphalt</surface>
              <maxspeed>50</maxspeed>
            </gpxtpx:Extensions>
          </gpxtpx:TrackPointExtension>
        </extensions>
      </trkpt>
      <trkpt lat="44.959056" lon="7.600243">
        <ele>238</ele>
        <time>2023-05-15T12:55:02.872Z</time>
        <extensions>
          <gpxtpx:TrackPointExtension>
            <gpxtpx:Extensions>
              <reversedirection>yes</reversedirection>
              <highway>secondary</highway>
              <surface>asphalt</surface>
              <maxspeed>50</maxspeed>
            </gpxtpx:Extensions>
          </gpxtpx:TrackPointExtension>
        </extensions>
      </trkpt>
      <trkpt lat="44.959093" lon="7.600452">
        <ele>238</ele>
        <time>2023-05-15T12:55:04.644Z</time>
        <extensions>
          <gpxtpx:TrackPointExtension>
            <gpxtpx:Extensions>
              <reversedirection>yes</reversedirection>
              <highway>secondary</highway>
              <surface>asphalt</surface>
              <maxspeed>50</maxspeed>
            </gpxtpx:Extensions>
          </gpxtpx:TrackPointExtension>
        </extensions>
      </trkpt>
      <trkpt lat="44.95914" lon="7.600626">
        <ele>238</ele>
        <time>2023-05-15T12:55:06.176Z</time>
        <extensions>
          <gpxtpx:TrackPointExtension>
            <gpxtpx:Extensions>
              <reversedirection>yes</reversedirection>
              <highway>secondary</highway>
              <surface>asphalt</surface>
              <maxspeed>50</maxspeed>
            </gpxtpx:Extensions>
          </gpxtpx:TrackPointExtension>
        </extensions>
      </trkpt>
      <trkpt lat="44.959196" lon="7.600798">
        <ele>238</ele>
        <time>2023-05-15T12:55:07.733Z</time>
        <extensions>
          <gpxtpx:TrackPointExtension>
            <gpxtpx:Extensions>
              <reversedirection>yes</reversedirection>
              <highway>secondary</highway>
              <surface>asphalt</surface>
              <maxspeed>50</maxspeed>
            </gpxtpx:Extensions>
          </gpxtpx:TrackPointExtension>
        </extensions>
      </trkpt>
      <trkpt lat="44.95927" lon="7.600987">
        <ele>238</ele>
        <time>2023-05-15T12:55:09.510Z</time>
        <extensions>
          <gpxtpx:TrackPointExtension>
            <gpxtpx:Extensions>
              <reversedirection>yes</reversedirection>
              <highway>secondary</highway>
              <surface>asphalt</surface>
              <maxspeed>50</maxspeed>
            </gpxtpx:Extensions>
          </gpxtpx:TrackPointExtension>
        </extensions>
      </trkpt>
      <trkpt lat="44.959398" lon="7.601243">
        <ele>238.25</ele>
        <time>2023-05-15T12:55:12.089Z</time>
        <extensions>
          <gpxtpx:TrackPointExtension>
            <gpxtpx:Extensions>
              <reversedirection>yes</reversedirection>
              <highway>secondary</highway>
              <surface>asphalt</surface>
              <maxspeed>50</maxspeed>
            </gpxtpx:Extensions>
          </gpxtpx:TrackPointExtension>
        </extensions>
      </trkpt>
      <trkpt lat="44.959688" lon="7.601843">
        <ele>238</ele>
        <time>2023-05-15T12:55:18.067Z</time>
        <extensions>
          <gpxtpx:TrackPointExtension>
            <gpxtpx:Extensions>
              <reversedirection>yes</reversedirection>
              <highway>secondary</highway>
              <surface>asphalt</surface>
              <maxspeed>50</maxspeed>
            </gpxtpx:Extensions>
          </gpxtpx:TrackPointExtension>
        </extensions>
      </trkpt>
      <trkpt lat="44.960106" lon="7.602761">
        <ele>237.75</ele>
        <time>2023-05-15T12:55:27.048Z</time>
        <extensions>
          <gpxtpx:TrackPointExtension>
            <gpxtpx:Extensions>
              <reversedirection>yes</reversedirection>
              <highway>secondary</highway>
              <surface>asphalt</surface>
              <maxspeed>50</maxspeed>
            </gpxtpx:Extensions>
          </gpxtpx:TrackPointExtension>
        </extensions>
      </trkpt>
      <trkpt lat="44.960533" lon="7.603685">
        <ele>237.25</ele>
        <time>2023-05-15T12:55:36.127Z</time>
        <extensions>
          <gpxtpx:TrackPointExtension>
            <gpxtpx:Extensions>
              <reversedirection>yes</reversedirection>
              <highway>secondary</highway>
              <surface>asphalt</surface>
              <maxspeed>50</maxspeed>
            </gpxtpx:Extensions>
          </gpxtpx:TrackPointExtension>
        </extensions>
      </trkpt>
      <trkpt lat="44.961094" lon="7.60488">
        <ele>237.75</ele>
        <time>2023-05-15T12:55:47.926Z</time>
        <extensions>
          <gpxtpx:TrackPointExtension>
            <gpxtpx:Extensions>
              <reversedirection>yes</reversedirection>
              <highway>secondary</highway>
              <surface>asphalt</surface>
              <maxspeed>50</maxspeed>
            </gpxtpx:Extensions>
          </gpxtpx:TrackPointExtension>
        </extensions>
      </trkpt>
      <trkpt lat="44.961173" lon="7.605031">
        <ele>237.75</ele>
        <time>2023-05-15T12:55:49.471Z</time>
        <extensions>
          <gpxtpx:TrackPointExtension>
            <gpxtpx:Extensions>
              <reversedirection>yes</reversedirection>
              <highway>secondary</highway>
              <surface>asphalt</surface>
              <maxspeed>50</maxspeed>
            </gpxtpx:Extensions>
          </gpxtpx:TrackPointExtension>
        </extensions>
      </trkpt>
      <trkpt lat="44.961298" lon="7.60527">
        <ele>237.5</ele>
        <time>2023-05-15T12:55:51.916Z</time>
        <extensions>
          <gpxtpx:TrackPointExtension>
            <gpxtpx:Extensions>
              <reversedirection>yes</reversedirection>
              <highway>secondary</highway>
              <surface>asphalt</surface>
              <maxspeed>50</maxspeed>
            </gpxtpx:Extensions>
          </gpxtpx:TrackPointExtension>
        </extensions>
      </trkpt>
      <trkpt lat="44.961432" lon="7.605445">
        <ele>237</ele>
        <time>2023-05-15T12:55:54.423Z</time>
        <extensions>
          <gpxtpx:TrackPointExtension>
            <gpxtpx:Extensions>
              <reversedirection>yes</reversedirection>
              <highway>secondary</highway>
              <surface>asphalt</surface>
              <maxspeed>50</maxspeed>
            </gpxtpx:Extensions>
          </gpxtpx:TrackPointExtension>
        </extensions>
      </trkpt>
      <trkpt lat="44.961431" lon="7.605444">
        <ele>237</ele>
        <time>2023-05-15T12:55:54.439Z</time>
        <extensions>
          <gpxtpx:TrackPointExtension>
            <gpxtpx:Extensions>
              <reversedirection>yes</reversedirection>
              <highway>secondary</highway>
              <surface>asphalt</surface>
              <maxspeed>50</maxspeed>
            </gpxtpx:Extensions>
          </gpxtpx:TrackPointExtension>
        </extensions>
      </trkpt>
      <trkpt lat="44.961529" lon="7.605573">
        <ele>237</ele>
        <time>2023-05-15T12:55:56.279Z</time>
        <extensions>
          <gpxtpx:TrackPointExtension>
            <gpxtpx:Extensions>
              <reversedirection>yes</reversedirection>
              <highway>secondary</highway>
              <surface>asphalt</surface>
              <maxspeed>50</maxspeed>
            </gpxtpx:Extensions>
          </gpxtpx:TrackPointExtension>
        </extensions>
      </trkpt>
      <trkpt lat="44.961582" lon="7.60564">
        <ele>237</ele>
        <time>2023-05-15T12:55:57.256Z</time>
        <extensions>
          <gpxtpx:TrackPointExtension>
            <gpxtpx:Extensions>
              <reversedirection>yes</reversedirection>
              <highway>secondary</highway>
              <surface>asphalt</surface>
              <maxspeed>50</maxspeed>
            </gpxtpx:Extensions>
          </gpxtpx:TrackPointExtension>
        </extensions>
      </trkpt>
      <trkpt lat="44.961897" lon="7.606023">
        <ele>237</ele>
        <time>2023-05-15T12:56:02.966Z</time>
        <extensions>
          <gpxtpx:TrackPointExtension>
            <gpxtpx:Extensions>
              <reversedirection>yes</reversedirection>
              <highway>secondary</highway>
              <surface>asphalt</surface>
              <maxspeed>50</maxspeed>
            </gpxtpx:Extensions>
          </gpxtpx:TrackPointExtension>
        </extensions>
      </trkpt>
      <trkpt lat="44.962506" lon="7.606789">
        <ele>236.75</ele>
        <time>2023-05-15T12:56:14.170Z</time>
        <extensions>
          <gpxtpx:TrackPointExtension>
            <gpxtpx:Extensions>
              <reversedirection>yes</reversedirection>
              <highway>secondary</highway>
              <surface>asphalt</surface>
              <maxspeed>50</maxspeed>
            </gpxtpx:Extensions>
          </gpxtpx:TrackPointExtension>
        </extensions>
      </trkpt>
      <trkpt lat="44.962844" lon="7.607206">
        <ele>237</ele>
        <time>2023-05-15T12:56:20.336Z</time>
        <extensions>
          <gpxtpx:TrackPointExtension>
            <gpxtpx:Extensions>
              <reversedirection>yes</reversedirection>
              <highway>secondary</highway>
              <surface>asphalt</surface>
              <maxspeed>50</maxspeed>
            </gpxtpx:Extensions>
          </gpxtpx:TrackPointExtension>
        </extensions>
      </trkpt>
      <trkpt lat="44.962947" lon="7.607333">
        <ele>237.25</ele>
        <time>2023-05-15T12:56:22.214Z</time>
        <extensions>
          <gpxtpx:TrackPointExtension>
            <gpxtpx:Extensions>
              <reversedirection>yes</reversedirection>
              <highway>secondary</highway>
              <surface>asphalt</surface>
              <maxspeed>50</maxspeed>
            </gpxtpx:Extensions>
          </gpxtpx:TrackPointExtension>
        </extensions>
      </trkpt>
      <trkpt lat="44.963007" lon="7.607408">
        <ele>237.5</ele>
        <time>2023-05-15T12:56:23.314Z</time>
        <extensions>
          <gpxtpx:TrackPointExtension>
            <gpxtpx:Extensions>
              <reversedirection>yes</reversedirection>
              <highway>secondary</highway>
              <surface>asphalt</surface>
              <maxspeed>50</maxspeed>
            </gpxtpx:Extensions>
          </gpxtpx:TrackPointExtension>
        </extensions>
      </trkpt>
      <trkpt lat="44.963905" lon="7.608559">
        <ele>238.5</ele>
        <time>2023-05-15T12:56:39.975Z</time>
        <extensions>
          <gpxtpx:TrackPointExtension>
            <gpxtpx:Extensions>
              <reversedirection>yes</reversedirection>
              <highway>secondary</highway>
              <surface>asphalt</surface>
              <maxspeed>50</maxspeed>
            </gpxtpx:Extensions>
          </gpxtpx:TrackPointExtension>
        </extensions>
      </trkpt>
      <trkpt lat="44.965146" lon="7.610078">
        <ele>237.25</ele>
        <time>2023-05-15T12:57:02.537Z</time>
        <extensions>
          <gpxtpx:TrackPointExtension>
            <gpxtpx:Extensions>
              <reversedirection>yes</reversedirection>
              <highway>secondary</highway>
              <surface>asphalt</surface>
              <maxspeed>50</maxspeed>
            </gpxtpx:Extensions>
          </gpxtpx:TrackPointExtension>
        </extensions>
      </trkpt>
      <trkpt lat="44.965173" lon="7.61011">
        <ele>237.25</ele>
        <time>2023-05-15T12:57:03.021Z</time>
        <extensions>
          <gpxtpx:TrackPointExtension>
            <gpxtpx:Extensions>
              <reversedirection>yes</reversedirection>
              <highway>secondary</highway>
              <surface>asphalt</surface>
              <maxspeed>50</maxspeed>
            </gpxtpx:Extensions>
          </gpxtpx:TrackPointExtension>
        </extensions>
      </trkpt>
      <trkpt lat="44.967883" lon="7.613429">
        <ele>234.75</ele>
        <time>2023-05-15T12:57:52.303Z</time>
        <extensions>
          <gpxtpx:TrackPointExtension>
            <gpxtpx:Extensions>
              <reversedirection>yes</reversedirection>
              <highway>secondary</highway>
              <surface>asphalt</surface>
              <maxspeed>50</maxspeed>
            </gpxtpx:Extensions>
          </gpxtpx:TrackPointExtension>
        </extensions>
      </trkpt>
      <trkpt lat="44.969024" lon="7.614815">
        <ele>235</ele>
        <time>2023-05-15T12:58:12.979Z</time>
        <extensions>
          <gpxtpx:TrackPointExtension>
            <gpxtpx:Extensions>
              <reversedirection>yes</reversedirection>
              <highway>secondary</highway>
              <surface>asphalt</surface>
              <maxspeed>50</maxspeed>
            </gpxtpx:Extensions>
          </gpxtpx:TrackPointExtension>
        </extensions>
      </trkpt>
      <trkpt lat="44.969297" lon="7.61516">
        <ele>234.75</ele>
        <time>2023-05-15T12:58:18.011Z</time>
        <extensions>
          <gpxtpx:TrackPointExtension>
            <gpxtpx:Extensions>
              <reversedirection>yes</reversedirection>
              <highway>secondary</highway>
              <surface>asphalt</surface>
              <maxspeed>50</maxspeed>
            </gpxtpx:Extensions>
          </gpxtpx:TrackPointExtension>
        </extensions>
      </trkpt>
      <trkpt lat="44.969313" lon="7.615179">
        <ele>234.75</ele>
        <time>2023-05-15T12:58:18.298Z</time>
        <extensions>
          <gpxtpx:TrackPointExtension>
            <gpxtpx:Extensions>
              <reversedirection>yes</reversedirection>
              <highway>secondary</highway>
              <surface>asphalt</surface>
              <maxspeed>50</maxspeed>
            </gpxtpx:Extensions>
          </gpxtpx:TrackPointExtension>
        </extensions>
      </trkpt>
      <trkpt lat="44.969709" lon="7.615673">
        <ele>234.75</ele>
        <time>2023-05-15T12:58:25.556Z</time>
        <extensions>
          <gpxtpx:TrackPointExtension>
            <gpxtpx:Extensions>
              <reversedirection>yes</reversedirection>
              <highway>secondary</highway>
              <surface>asphalt</surface>
              <maxspeed>50</maxspeed>
            </gpxtpx:Extensions>
          </gpxtpx:TrackPointExtension>
        </extensions>
      </trkpt>
      <trkpt lat="44.969926" lon="7.615939">
        <ele>235</ele>
        <time>2023-05-15T12:58:29.503Z</time>
        <extensions>
          <gpxtpx:TrackPointExtension>
            <gpxtpx:Extensions>
              <reversedirection>yes</reversedirection>
              <highway>secondary</highway>
              <surface>asphalt</surface>
              <maxspeed>50</maxspeed>
            </gpxtpx:Extensions>
          </gpxtpx:TrackPointExtension>
        </extensions>
      </trkpt>
      <trkpt lat="44.970982" lon="7.61723">
        <ele>235.25</ele>
        <time>2023-05-15T12:58:48.691Z</time>
        <extensions>
          <gpxtpx:TrackPointExtension>
            <gpxtpx:Extensions>
              <reversedirection>yes</reversedirection>
              <highway>secondary</highway>
              <surface>asphalt</surface>
              <maxspeed>50</maxspeed>
            </gpxtpx:Extensions>
          </gpxtpx:TrackPointExtension>
        </extensions>
      </trkpt>
      <trkpt lat="44.970991" lon="7.617242">
        <ele>235.25</ele>
        <time>2023-05-15T12:58:48.861Z</time>
        <extensions>
          <gpxtpx:TrackPointExtension>
            <gpxtpx:Extensions>
              <reversedirection>yes</reversedirection>
              <highway>secondary</highway>
              <surface>asphalt</surface>
              <maxspeed>50</maxspeed>
            </gpxtpx:Extensions>
          </gpxtpx:TrackPointExtension>
        </extensions>
      </trkpt>
      <trkpt lat="44.97103" lon="7.617292">
        <ele>235.25</ele>
        <time>2023-05-15T12:58:49.584Z</time>
        <extensions>
          <gpxtpx:TrackPointExtension>
            <gpxtpx:Extensions>
              <highway>secondary</highway>
              <surface>asphalt</surface>
              <maxspeed>50</maxspeed>
              <oneway>yes</oneway>
            </gpxtpx:Extensions>
          </gpxtpx:TrackPointExtension>
        </extensions>
      </trkpt>
      <trkpt lat="44.971125" lon="7.617482">
        <ele>235.25</ele>
        <time>2023-05-15T12:58:51.846Z</time>
        <extensions>
          <gpxtpx:TrackPointExtension>
            <gpxtpx:Extensions>
              <highway>secondary</highway>
              <surface>asphalt</surface>
              <maxspeed>50</maxspeed>
              <oneway>yes</oneway>
            </gpxtpx:Extensions>
          </gpxtpx:TrackPointExtension>
        </extensions>
      </trkpt>
      <trkpt lat="44.971154" lon="7.617568">
        <ele>235.25</ele>
        <time>2023-05-15T12:58:52.772Z</time>
        <extensions>
          <gpxtpx:TrackPointExtension>
            <gpxtpx:Extensions>
              <highway>secondary</highway>
              <surface>asphalt</surface>
              <maxspeed>50</maxspeed>
              <oneway>yes</oneway>
            </gpxtpx:Extensions>
          </gpxtpx:TrackPointExtension>
        </extensions>
      </trkpt>
      <trkpt lat="44.971186" lon="7.617624">
        <ele>235.25</ele>
        <time>2023-05-15T12:58:53.471Z</time>
        <extensions>
          <gpxtpx:TrackPointExtension>
            <gpxtpx:Extensions>
              <highway>secondary</highway>
              <surface>asphalt</surface>
              <maxspeed>50</maxspeed>
              <junction>roundabout</junction>
            </gpxtpx:Extensions>
          </gpxtpx:TrackPointExtension>
        </extensions>
      </trkpt>
      <trkpt lat="44.971176" lon="7.617671">
        <ele>235.25</ele>
        <time>2023-05-15T12:58:53.948Z</time>
        <extensions>
          <gpxtpx:TrackPointExtension>
            <gpxtpx:Extensions>
              <highway>secondary</highway>
              <surface>asphalt</surface>
              <maxspeed>50</maxspeed>
              <junction>roundabout</junction>
            </gpxtpx:Extensions>
          </gpxtpx:TrackPointExtension>
        </extensions>
      </trkpt>
      <trkpt lat="44.971174" lon="7.61777">
        <ele>235.25</ele>
        <time>2023-05-15T12:58:54.911Z</time>
        <extensions>
          <gpxtpx:TrackPointExtension>
            <gpxtpx:Extensions>
              <highway>secondary</highway>
              <surface>asphalt</surface>
              <maxspeed>50</maxspeed>
              <junction>roundabout</junction>
            </gpxtpx:Extensions>
          </gpxtpx:TrackPointExtension>
        </extensions>
      </trkpt>
      <trkpt lat="44.971183" lon="7.617834">
        <ele>235.25</ele>
        <time>2023-05-15T12:58:55.545Z</time>
        <extensions>
          <gpxtpx:TrackPointExtension>
            <gpxtpx:Extensions>
              <highway>secondary</highway>
              <surface>asphalt</surface>
              <maxspeed>50</maxspeed>
              <junction>roundabout</junction>
            </gpxtpx:Extensions>
          </gpxtpx:TrackPointExtension>
        </extensions>
      </trkpt>
      <trkpt lat="44.971201" lon="7.617893">
        <ele>235.25</ele>
        <time>2023-05-15T12:58:56.169Z</time>
        <extensions>
          <gpxtpx:TrackPointExtension>
            <gpxtpx:Extensions>
              <highway>secondary</highway>
              <surface>asphalt</surface>
              <maxspeed>50</maxspeed>
              <junction>roundabout</junction>
            </gpxtpx:Extensions>
          </gpxtpx:TrackPointExtension>
        </extensions>
      </trkpt>
      <trkpt lat="44.971228" lon="7.617945">
        <ele>235.5</ele>
        <time>2023-05-15T12:58:56.796Z</time>
        <extensions>
          <gpxtpx:TrackPointExtension>
            <gpxtpx:Extensions>
              <highway>secondary</highway>
              <surface>asphalt</surface>
              <maxspeed>50</maxspeed>
              <junction>roundabout</junction>
            </gpxtpx:Extensions>
          </gpxtpx:TrackPointExtension>
        </extensions>
      </trkpt>
      <trkpt lat="44.971261" lon="7.617989">
        <ele>235.25</ele>
        <time>2023-05-15T12:58:57.419Z</time>
        <extensions>
          <gpxtpx:TrackPointExtension>
            <gpxtpx:Extensions>
              <highway>secondary</highway>
              <surface>asphalt</surface>
              <maxspeed>50</maxspeed>
              <junction>roundabout</junction>
            </gpxtpx:Extensions>
          </gpxtpx:TrackPointExtension>
        </extensions>
      </trkpt>
      <trkpt lat="44.971304" lon="7.618026">
        <ele>235.25</ele>
        <time>2023-05-15T12:58:58.110Z</time>
        <extensions>
          <gpxtpx:TrackPointExtension>
            <gpxtpx:Extensions>
              <highway>secondary</highway>
              <surface>asphalt</surface>
              <maxspeed>50</maxspeed>
              <junction>roundabout</junction>
            </gpxtpx:Extensions>
          </gpxtpx:TrackPointExtension>
        </extensions>
      </trkpt>
      <trkpt lat="44.971352" lon="7.618047">
        <ele>235.25</ele>
        <time>2023-05-15T12:58:58.800Z</time>
        <extensions>
          <gpxtpx:TrackPointExtension>
            <gpxtpx:Extensions>
              <highway>secondary</highway>
              <surface>asphalt</surface>
              <maxspeed>50</maxspeed>
              <junction>roundabout</junction>
            </gpxtpx:Extensions>
          </gpxtpx:TrackPointExtension>
        </extensions>
      </trkpt>
      <trkpt lat="44.971402" lon="7.618054">
        <ele>235.25</ele>
        <time>2023-05-15T12:58:59.490Z</time>
        <extensions>
          <gpxtpx:TrackPointExtension>
            <gpxtpx:Extensions>
              <highway>secondary</highway>
              <surface>asphalt</surface>
              <maxspeed>50</maxspeed>
              <junction>roundabout</junction>
            </gpxtpx:Extensions>
          </gpxtpx:TrackPointExtension>
        </extensions>
      </trkpt>
      <trkpt lat="44.971452" lon="7.618044">
        <ele>235.25</ele>
        <time>2023-05-15T12:59:00.183Z</time>
        <extensions>
          <gpxtpx:TrackPointExtension>
            <gpxtpx:Extensions>
              <highway>secondary</highway>
              <surface>asphalt</surface>
              <maxspeed>50</maxspeed>
              <oneway>yes</oneway>
            </gpxtpx:Extensions>
          </gpxtpx:TrackPointExtension>
        </extensions>
      </trkpt>
      <trkpt lat="44.97156" lon="7.618074">
        <ele>235.25</ele>
        <time>2023-05-15T12:59:01.695Z</time>
        <extensions>
          <gpxtpx:TrackPointExtension>
            <gpxtpx:Extensions>
              <highway>secondary</highway>
              <surface>asphalt</surface>
              <maxspeed>50</maxspeed>
              <oneway>yes</oneway>
            </gpxtpx:Extensions>
          </gpxtpx:TrackPointExtension>
        </extensions>
      </trkpt>
      <trkpt lat="44.971606" lon="7.618111">
        <ele>235.25</ele>
        <time>2023-05-15T12:59:02.422Z</time>
        <extensions>
          <gpxtpx:TrackPointExtension>
            <gpxtpx:Extensions>
              <highway>secondary</highway>
              <surface>asphalt</surface>
              <maxspeed>50</maxspeed>
              <oneway>yes</oneway>
            </gpxtpx:Extensions>
          </gpxtpx:TrackPointExtension>
        </extensions>
      </trkpt>
      <trkpt lat="44.971722" lon="7.618203">
        <ele>235.25</ele>
        <time>2023-05-15T12:59:04.250Z</time>
        <extensions>
          <gpxtpx:TrackPointExtension>
            <gpxtpx:Extensions>
              <highway>secondary</highway>
              <surface>asphalt</surface>
              <maxspeed>50</maxspeed>
              <oneway>yes</oneway>
            </gpxtpx:Extensions>
          </gpxtpx:TrackPointExtension>
        </extensions>
      </trkpt>
      <trkpt lat="44.971846" lon="7.618353">
        <ele>235.25</ele>
        <time>2023-05-15T12:59:06.493Z</time>
        <extensions>
          <gpxtpx:TrackPointExtension>
            <gpxtpx:Extensions>
              <highway>secondary</highway>
              <surface>asphalt</surface>
              <maxspeed>50</maxspeed>
              <oneway>yes</oneway>
            </gpxtpx:Extensions>
          </gpxtpx:TrackPointExtension>
        </extensions>
      </trkpt>
      <trkpt lat="44.971914" lon="7.618381">
        <ele>235.25</ele>
        <time>2023-05-15T12:59:07.466Z</time>
        <extensions>
          <gpxtpx:TrackPointExtension>
            <gpxtpx:Extensions>
              <highway>secondary</highway>
              <surface>asphalt</surface>
              <maxspeed>50</maxspeed>
            </gpxtpx:Extensions>
          </gpxtpx:TrackPointExtension>
        </extensions>
      </trkpt>
      <trkpt lat="44.972282" lon="7.618864">
        <ele>235</ele>
        <time>2023-05-15T12:59:14.367Z</time>
        <extensions>
          <gpxtpx:TrackPointExtension>
            <gpxtpx:Extensions>
              <highway>secondary</highway>
              <surface>asphalt</surface>
              <maxspeed>50</maxspeed>
            </gpxtpx:Extensions>
          </gpxtpx:TrackPointExtension>
        </extensions>
      </trkpt>
      <trkpt lat="44.972998" lon="7.619736">
        <ele>235.25</ele>
        <time>2023-05-15T12:59:27.355Z</time>
        <extensions>
          <gpxtpx:TrackPointExtension>
            <gpxtpx:Extensions>
              <highway>secondary</highway>
              <surface>asphalt</surface>
              <maxspeed>50</maxspeed>
            </gpxtpx:Extensions>
          </gpxtpx:TrackPointExtension>
        </extensions>
      </trkpt>
      <trkpt lat="44.974653" lon="7.621793">
        <ele>236.5</ele>
        <time>2023-05-15T12:59:57.642Z</time>
        <extensions>
          <gpxtpx:TrackPointExtension>
            <gpxtpx:Extensions>
              <highway>secondary</highway>
              <surface>asphalt</surface>
              <maxspeed>50</maxspeed>
            </gpxtpx:Extensions>
          </gpxtpx:TrackPointExtension>
        </extensions>
      </trkpt>
      <trkpt lat="44.975303" lon="7.622566">
        <ele>236</ele>
        <time>2023-05-15T13:00:09.316Z</time>
        <extensions>
          <gpxtpx:TrackPointExtension>
            <gpxtpx:Extensions>
              <highway>secondary</highway>
              <surface>asphalt</surface>
              <maxspeed>50</maxspeed>
            </gpxtpx:Extensions>
          </gpxtpx:TrackPointExtension>
        </extensions>
      </trkpt>
      <trkpt lat="44.975544" lon="7.622896">
        <ele>234.75</ele>
        <time>2023-05-15T13:00:13.927Z</time>
        <extensions>
          <gpxtpx:TrackPointExtension>
            <gpxtpx:Extensions>
              <highway>secondary</highway>
              <surface>asphalt</surface>
              <maxspeed>50</maxspeed>
            </gpxtpx:Extensions>
          </gpxtpx:TrackPointExtension>
        </extensions>
      </trkpt>
      <trkpt lat="44.976199" lon="7.623677">
        <ele>235.75</ele>
        <time>2023-05-15T13:00:25.703Z</time>
        <extensions>
          <gpxtpx:TrackPointExtension>
            <gpxtpx:Extensions>
              <highway>secondary</highway>
              <oneway>yes</oneway>
            </gpxtpx:Extensions>
          </gpxtpx:TrackPointExtension>
        </extensions>
      </trkpt>
      <trkpt lat="44.976233" lon="7.623791">
        <ele>236</ele>
        <time>2023-05-15T13:00:26.905Z</time>
        <extensions>
          <gpxtpx:TrackPointExtension>
            <gpxtpx:Extensions>
              <highway>secondary</highway>
              <oneway>yes</oneway>
            </gpxtpx:Extensions>
          </gpxtpx:TrackPointExtension>
        </extensions>
      </trkpt>
      <trkpt lat="44.976261" lon="7.623891">
        <ele>236</ele>
        <time>2023-05-15T13:00:27.950Z</time>
        <extensions>
          <gpxtpx:TrackPointExtension>
            <gpxtpx:Extensions>
              <highway>secondary</highway>
              <surface>asphalt</surface>
              <maxspeed>50</maxspeed>
              <junction>roundabout</junction>
            </gpxtpx:Extensions>
          </gpxtpx:TrackPointExtension>
        </extensions>
      </trkpt>
      <trkpt lat="44.976262" lon="7.623938">
        <ele>236</ele>
        <time>2023-05-15T13:00:28.407Z</time>
        <extensions>
          <gpxtpx:TrackPointExtension>
            <gpxtpx:Extensions>
              <highway>secondary</highway>
              <surface>asphalt</surface>
              <maxspeed>50</maxspeed>
              <junction>roundabout</junction>
            </gpxtpx:Extensions>
          </gpxtpx:TrackPointExtension>
        </extensions>
      </trkpt>
      <trkpt lat="44.976273" lon="7.623982">
        <ele>236.25</ele>
        <time>2023-05-15T13:00:28.860Z</time>
        <extensions>
          <gpxtpx:TrackPointExtension>
            <gpxtpx:Extensions>
              <highway>secondary</highway>
              <surface>asphalt</surface>
              <maxspeed>50</maxspeed>
              <junction>roundabout</junction>
            </gpxtpx:Extensions>
          </gpxtpx:TrackPointExtension>
        </extensions>
      </trkpt>
      <trkpt lat="44.976291" lon="7.62402">
        <ele>236.25</ele>
        <time>2023-05-15T13:00:29.304Z</time>
        <extensions>
          <gpxtpx:TrackPointExtension>
            <gpxtpx:Extensions>
              <highway>secondary</highway>
              <surface>asphalt</surface>
              <maxspeed>50</maxspeed>
              <junction>roundabout</junction>
            </gpxtpx:Extensions>
          </gpxtpx:TrackPointExtension>
        </extensions>
      </trkpt>
      <trkpt lat="44.976317" lon="7.62405">
        <ele>236.25</ele>
        <time>2023-05-15T13:00:29.765Z</time>
        <extensions>
          <gpxtpx:TrackPointExtension>
            <gpxtpx:Extensions>
              <highway>secondary</highway>
              <surface>asphalt</surface>
              <maxspeed>50</maxspeed>
              <junction>roundabout</junction>
            </gpxtpx:Extensions>
          </gpxtpx:TrackPointExtension>
        </extensions>
      </trkpt>
      <trkpt lat="44.976338" lon="7.624063">
        <ele>236.5</ele>
        <time>2023-05-15T13:00:30.080Z</time>
        <extensions>
          <gpxtpx:TrackPointExtension>
            <gpxtpx:Extensions>
              <highway>secondary</highway>
              <surface>asphalt</surface>
              <maxspeed>50</maxspeed>
              <junction>roundabout</junction>
            </gpxtpx:Extensions>
          </gpxtpx:TrackPointExtension>
        </extensions>
      </trkpt>
      <trkpt lat="44.976352" lon="7.624072">
        <ele>236.5</ele>
        <time>2023-05-15T13:00:30.291Z</time>
        <extensions>
          <gpxtpx:TrackPointExtension>
            <gpxtpx:Extensions>
              <highway>secondary</highway>
              <surface>asphalt</surface>
              <maxspeed>50</maxspeed>
              <junction>roundabout</junction>
            </gpxtpx:Extensions>
          </gpxtpx:TrackPointExtension>
        </extensions>
      </trkpt>
      <trkpt lat="44.976393" lon="7.624072">
        <ele>236.5</ele>
        <time>2023-05-15T13:00:30.854Z</time>
        <extensions>
          <gpxtpx:TrackPointExtension>
            <gpxtpx:Extensions>
              <highway>secondary</highway>
              <oneway>yes</oneway>
            </gpxtpx:Extensions>
          </gpxtpx:TrackPointExtension>
        </extensions>
      </trkpt>
      <trkpt lat="44.976569" lon="7.624138">
        <ele>236.75</ele>
        <time>2023-05-15T13:00:33.356Z</time>
        <extensions>
          <gpxtpx:TrackPointExtension>
            <gpxtpx:Extensions>
              <highway>secondary</highway>
              <surface>asphalt</surface>
              <maxspeed>50</maxspeed>
            </gpxtpx:Extensions>
          </gpxtpx:TrackPointExtension>
        </extensions>
      </trkpt>
      <trkpt lat="44.976842" lon="7.62448">
        <ele>236</ele>
        <time>2023-05-15T13:00:38.369Z</time>
        <extensions>
          <gpxtpx:TrackPointExtension>
            <gpxtpx:Extensions>
              <highway>secondary</highway>
              <surface>asphalt</surface>
              <maxspeed>50</maxspeed>
            </gpxtpx:Extensions>
          </gpxtpx:TrackPointExtension>
        </extensions>
      </trkpt>
      <trkpt lat="44.977049" lon="7.624738">
        <ele>235.5</ele>
        <time>2023-05-15T13:00:42.161Z</time>
        <extensions>
          <gpxtpx:TrackPointExtension>
            <gpxtpx:Extensions>
              <highway>secondary</highway>
              <surface>asphalt</surface>
              <maxspeed>50</maxspeed>
            </gpxtpx:Extensions>
          </gpxtpx:TrackPointExtension>
        </extensions>
      </trkpt>
      <trkpt lat="44.977343" lon="7.625107">
        <ele>235.25</ele>
        <time>2023-05-15T13:00:47.564Z</time>
        <extensions>
          <gpxtpx:TrackPointExtension>
            <gpxtpx:Extensions>
              <highway>secondary</highway>
              <surface>asphalt</surface>
              <maxspeed>50</maxspeed>
            </gpxtpx:Extensions>
          </gpxtpx:TrackPointExtension>
        </extensions>
      </trkpt>
      <trkpt lat="44.977399" lon="7.625177">
        <ele>235.25</ele>
        <time>2023-05-15T13:00:48.591Z</time>
        <extensions>
          <gpxtpx:TrackPointExtension>
            <gpxtpx:Extensions>
              <highway>secondary</highway>
              <surface>asphalt</surface>
              <maxspeed>50</maxspeed>
            </gpxtpx:Extensions>
          </gpxtpx:TrackPointExtension>
        </extensions>
      </trkpt>
      <trkpt lat="44.977717" lon="7.625558">
        <ele>234</ele>
        <time>2023-05-15T13:00:54.319Z</time>
        <extensions>
          <gpxtpx:TrackPointExtension>
            <gpxtpx:Extensions>
              <highway>secondary</highway>
              <surface>asphalt</surface>
              <maxspeed>50</maxspeed>
            </gpxtpx:Extensions>
          </gpxtpx:TrackPointExtension>
        </extensions>
      </trkpt>
      <trkpt lat="44.97826" lon="7.626223">
        <ele>231.25</ele>
        <time>2023-05-15T13:01:04.192Z</time>
        <extensions>
          <gpxtpx:TrackPointExtension>
            <gpxtpx:Extensions>
              <highway>secondary</highway>
              <surface>asphalt</surface>
              <maxspeed>50</maxspeed>
            </gpxtpx:Extensions>
          </gpxtpx:TrackPointExtension>
        </extensions>
      </trkpt>
      <trkpt lat="44.978528" lon="7.62655">
        <ele>231</ele>
        <time>2023-05-15T13:01:09.057Z</time>
        <extensions>
          <gpxtpx:TrackPointExtension>
            <gpxtpx:Extensions>
              <highway>secondary</highway>
              <surface>asphalt</surface>
              <maxspeed>50</maxspeed>
            </gpxtpx:Extensions>
          </gpxtpx:TrackPointExtension>
        </extensions>
      </trkpt>
      <trkpt lat="44.97891" lon="7.627059">
        <ele>231.25</ele>
        <time>2023-05-15T13:01:16.271Z</time>
        <extensions>
          <gpxtpx:TrackPointExtension>
            <gpxtpx:Extensions>
              <highway>secondary</highway>
              <surface>asphalt</surface>
              <maxspeed>50</maxspeed>
            </gpxtpx:Extensions>
          </gpxtpx:TrackPointExtension>
        </extensions>
      </trkpt>
      <trkpt lat="44.979137" lon="7.627339">
        <ele>230.5</ele>
        <time>2023-05-15T13:01:20.411Z</time>
        <extensions>
          <gpxtpx:TrackPointExtension>
            <gpxtpx:Extensions>
              <highway>secondary</highway>
              <surface>asphalt</surface>
              <maxspeed>50</maxspeed>
            </gpxtpx:Extensions>
          </gpxtpx:TrackPointExtension>
        </extensions>
      </trkpt>
      <trkpt lat="44.979414" lon="7.627682">
        <ele>231.25</ele>
        <time>2023-05-15T13:01:25.471Z</time>
        <extensions>
          <gpxtpx:TrackPointExtension>
            <gpxtpx:Extensions>
              <highway>secondary</highway>
              <surface>asphalt</surface>
              <maxspeed>50</maxspeed>
            </gpxtpx:Extensions>
          </gpxtpx:TrackPointExtension>
        </extensions>
      </trkpt>
      <trkpt lat="44.979474" lon="7.627754">
        <ele>231.5</ele>
        <time>2023-05-15T13:01:26.552Z</time>
        <extensions>
          <gpxtpx:TrackPointExtension>
            <gpxtpx:Extensions>
              <highway>secondary</highway>
              <surface>asphalt</surface>
              <maxspeed>50</maxspeed>
            </gpxtpx:Extensions>
          </gpxtpx:TrackPointExtension>
        </extensions>
      </trkpt>
      <trkpt lat="44.979577" lon="7.628016">
        <ele>232.25</ele>
        <time>2023-05-15T13:01:29.465Z</time>
        <extensions>
          <gpxtpx:TrackPointExtension>
            <gpxtpx:Extensions>
              <highway>secondary</highway>
              <surface>asphalt</surface>
              <maxspeed>50</maxspeed>
              <junction>roundabout</junction>
            </gpxtpx:Extensions>
          </gpxtpx:TrackPointExtension>
        </extensions>
      </trkpt>
      <trkpt lat="44.979577" lon="7.628071">
        <ele>232.5</ele>
        <time>2023-05-15T13:01:29.999Z</time>
        <extensions>
          <gpxtpx:TrackPointExtension>
            <gpxtpx:Extensions>
              <highway>secondary</highway>
              <surface>asphalt</surface>
              <maxspeed>50</maxspeed>
              <junction>roundabout</junction>
            </gpxtpx:Extensions>
          </gpxtpx:TrackPointExtension>
        </extensions>
      </trkpt>
      <trkpt lat="44.979591" lon="7.628122">
        <ele>232.5</ele>
        <time>2023-05-15T13:01:30.530Z</time>
        <extensions>
          <gpxtpx:TrackPointExtension>
            <gpxtpx:Extensions>
              <highway>secondary</highway>
              <surface>asphalt</surface>
              <maxspeed>50</maxspeed>
              <junction>roundabout</junction>
            </gpxtpx:Extensions>
          </gpxtpx:TrackPointExtension>
        </extensions>
      </trkpt>
      <trkpt lat="44.979616" lon="7.628165">
        <ele>232.5</ele>
        <time>2023-05-15T13:01:31.071Z</time>
        <extensions>
          <gpxtpx:TrackPointExtension>
            <gpxtpx:Extensions>
              <highway>secondary</highway>
              <surface>asphalt</surface>
              <maxspeed>50</maxspeed>
              <junction>roundabout</junction>
            </gpxtpx:Extensions>
          </gpxtpx:TrackPointExtension>
        </extensions>
      </trkpt>
      <trkpt lat="44.979647" lon="7.628191">
        <ele>232.75</ele>
        <time>2023-05-15T13:01:31.566Z</time>
        <extensions>
          <gpxtpx:TrackPointExtension>
            <gpxtpx:Extensions>
              <highway>secondary</highway>
              <surface>asphalt</surface>
              <maxspeed>50</maxspeed>
              <junction>roundabout</junction>
            </gpxtpx:Extensions>
          </gpxtpx:TrackPointExtension>
        </extensions>
      </trkpt>
      <trkpt lat="44.979683" lon="7.628202">
        <ele>232.75</ele>
        <time>2023-05-15T13:01:32.072Z</time>
        <extensions>
          <gpxtpx:TrackPointExtension>
            <gpxtpx:Extensions>
              <highway>secondary</highway>
              <surface>asphalt</surface>
              <maxspeed>50</maxspeed>
              <junction>roundabout</junction>
            </gpxtpx:Extensions>
          </gpxtpx:TrackPointExtension>
        </extensions>
      </trkpt>
      <trkpt lat="44.979719" lon="7.628196">
        <ele>232.75</ele>
        <time>2023-05-15T13:01:32.570Z</time>
        <extensions>
          <gpxtpx:TrackPointExtension>
            <gpxtpx:Extensions>
              <highway>secondary</highway>
              <surface>asphalt</surface>
              <maxspeed>50</maxspeed>
            </gpxtpx:Extensions>
          </gpxtpx:TrackPointExtension>
        </extensions>
      </trkpt>
      <trkpt lat="44.979884" lon="7.628262">
        <ele>232.75</ele>
        <time>2023-05-15T13:01:34.926Z</time>
        <extensions>
          <gpxtpx:TrackPointExtension>
            <gpxtpx:Extensions>
              <highway>secondary</highway>
              <surface>asphalt</surface>
              <maxspeed>50</maxspeed>
            </gpxtpx:Extensions>
          </gpxtpx:TrackPointExtension>
        </extensions>
      </trkpt>
      <trkpt lat="44.979989" lon="7.628364">
        <ele>233</ele>
        <time>2023-05-15T13:01:36.676Z</time>
        <extensions>
          <gpxtpx:TrackPointExtension>
            <gpxtpx:Extensions>
              <highway>secondary</highway>
              <surface>asphalt</surface>
              <maxspeed>50</maxspeed>
            </gpxtpx:Extensions>
          </gpxtpx:TrackPointExtension>
        </extensions>
      </trkpt>
      <trkpt lat="44.980037" lon="7.62842">
        <ele>233.25</ele>
        <time>2023-05-15T13:01:37.531Z</time>
        <extensions>
          <gpxtpx:TrackPointExtension>
            <gpxtpx:Extensions>
              <highway>secondary</highway>
              <surface>asphalt</surface>
              <maxspeed>50</maxspeed>
            </gpxtpx:Extensions>
          </gpxtpx:TrackPointExtension>
        </extensions>
      </trkpt>
      <trkpt lat="44.980966" lon="7.629575">
        <ele>234.75</ele>
        <time>2023-05-15T13:01:54.533Z</time>
        <extensions>
          <gpxtpx:TrackPointExtension>
            <gpxtpx:Extensions>
              <highway>secondary</highway>
              <surface>asphalt</surface>
              <maxspeed>50</maxspeed>
            </gpxtpx:Extensions>
          </gpxtpx:TrackPointExtension>
        </extensions>
      </trkpt>
      <trkpt lat="44.981164" lon="7.629822">
        <ele>234.25</ele>
        <time>2023-05-15T13:01:58.162Z</time>
        <extensions>
          <gpxtpx:TrackPointExtension>
            <gpxtpx:Extensions>
              <highway>secondary</highway>
              <surface>asphalt</surface>
              <maxspeed>50</maxspeed>
            </gpxtpx:Extensions>
          </gpxtpx:TrackPointExtension>
        </extensions>
      </trkpt>
      <trkpt lat="44.981243" lon="7.62992">
        <ele>233.75</ele>
        <time>2023-05-15T13:01:59.606Z</time>
        <extensions>
          <gpxtpx:TrackPointExtension>
            <gpxtpx:Extensions>
              <highway>secondary</highway>
              <surface>asphalt</surface>
              <maxspeed>50</maxspeed>
            </gpxtpx:Extensions>
          </gpxtpx:TrackPointExtension>
        </extensions>
      </trkpt>
      <trkpt lat="44.981944" lon="7.630784">
        <ele>234.25</ele>
        <time>2023-05-15T13:02:12.387Z</time>
        <extensions>
          <gpxtpx:TrackPointExtension>
            <gpxtpx:Extensions>
              <highway>secondary</highway>
              <surface>asphalt</surface>
              <maxspeed>50</maxspeed>
            </gpxtpx:Extensions>
          </gpxtpx:TrackPointExtension>
        </extensions>
      </trkpt>
      <trkpt lat="44.982016" lon="7.630881">
        <ele>234.25</ele>
        <time>2023-05-15T13:02:13.753Z</time>
        <extensions>
          <gpxtpx:TrackPointExtension>
            <gpxtpx:Extensions>
              <highway>secondary</highway>
              <surface>asphalt</surface>
              <maxspeed>50</maxspeed>
            </gpxtpx:Extensions>
          </gpxtpx:TrackPointExtension>
        </extensions>
      </trkpt>
      <trkpt lat="44.982072" lon="7.631">
        <ele>234.5</ele>
        <time>2023-05-15T13:02:15.142Z</time>
        <extensions>
          <gpxtpx:TrackPointExtension>
            <gpxtpx:Extensions>
              <highway>secondary</highway>
              <surface>asphalt</surface>
              <maxspeed>50</maxspeed>
            </gpxtpx:Extensions>
          </gpxtpx:TrackPointExtension>
        </extensions>
      </trkpt>
      <trkpt lat="44.982134" lon="7.631216">
        <ele>234.5</ele>
        <time>2023-05-15T13:02:17.408Z</time>
        <extensions>
          <gpxtpx:TrackPointExtension>
            <gpxtpx:Extensions>
              <highway>secondary</highway>
              <oneway>yes</oneway>
            </gpxtpx:Extensions>
          </gpxtpx:TrackPointExtension>
        </extensions>
      </trkpt>
      <trkpt lat="44.982154" lon="7.631355">
        <ele>234.5</ele>
        <time>2023-05-15T13:02:18.786Z</time>
        <extensions>
          <gpxtpx:TrackPointExtension>
            <gpxtpx:Extensions>
              <highway>secondary</highway>
              <oneway>yes</oneway>
            </gpxtpx:Extensions>
          </gpxtpx:TrackPointExtension>
        </extensions>
      </trkpt>
      <trkpt lat="44.98216" lon="7.631422">
        <ele>234.75</ele>
        <time>2023-05-15T13:02:19.442Z</time>
        <extensions>
          <gpxtpx:TrackPointExtension>
            <gpxtpx:Extensions>
              <highway>secondary</highway>
              <oneway>yes</oneway>
            </gpxtpx:Extensions>
          </gpxtpx:TrackPointExtension>
        </extensions>
      </trkpt>
      <trkpt lat="44.98216" lon="7.63154">
        <ele>234.75</ele>
        <time>2023-05-15T13:02:20.589Z</time>
        <extensions>
          <gpxtpx:TrackPointExtension>
            <gpxtpx:Extensions>
              <highway>secondary</highway>
              <junction>roundabout</junction>
            </gpxtpx:Extensions>
          </gpxtpx:TrackPointExtension>
        </extensions>
      </trkpt>
      <trkpt lat="44.982158" lon="7.631602">
        <ele>234.75</ele>
        <time>2023-05-15T13:02:21.192Z</time>
        <extensions>
          <gpxtpx:TrackPointExtension>
            <gpxtpx:Extensions>
              <highway>secondary</highway>
              <junction>roundabout</junction>
            </gpxtpx:Extensions>
          </gpxtpx:TrackPointExtension>
        </extensions>
      </trkpt>
      <trkpt lat="44.982168" lon="7.631657">
        <ele>234.75</ele>
        <time>2023-05-15T13:02:21.743Z</time>
        <extensions>
          <gpxtpx:TrackPointExtension>
            <gpxtpx:Extensions>
              <highway>secondary</highway>
              <junction>roundabout</junction>
            </gpxtpx:Extensions>
          </gpxtpx:TrackPointExtension>
        </extensions>
      </trkpt>
      <trkpt lat="44.982188" lon="7.631705">
        <ele>234.5</ele>
        <time>2023-05-15T13:02:22.284Z</time>
        <extensions>
          <gpxtpx:TrackPointExtension>
            <gpxtpx:Extensions>
              <highway>secondary</highway>
              <junction>roundabout</junction>
            </gpxtpx:Extensions>
          </gpxtpx:TrackPointExtension>
        </extensions>
      </trkpt>
      <trkpt lat="44.982288" lon="7.631869">
        <ele>234.25</ele>
        <time>2023-05-15T13:02:24.388Z</time>
        <extensions>
          <gpxtpx:TrackPointExtension>
            <gpxtpx:Extensions>
              <highway>secondary</highway>
              <junction>roundabout</junction>
            </gpxtpx:Extensions>
          </gpxtpx:TrackPointExtension>
        </extensions>
      </trkpt>
      <trkpt lat="44.982326" lon="7.63191">
        <ele>234</ele>
        <time>2023-05-15T13:02:25.044Z</time>
        <extensions>
          <gpxtpx:TrackPointExtension>
            <gpxtpx:Extensions>
              <highway>secondary</highway>
              <junction>roundabout</junction>
            </gpxtpx:Extensions>
          </gpxtpx:TrackPointExtension>
        </extensions>
      </trkpt>
      <trkpt lat="44.982378" lon="7.631938">
        <ele>234</ele>
        <time>2023-05-15T13:02:25.808Z</time>
        <extensions>
          <gpxtpx:TrackPointExtension>
            <gpxtpx:Extensions>
              <highway>secondary</highway>
              <junction>roundabout</junction>
            </gpxtpx:Extensions>
          </gpxtpx:TrackPointExtension>
        </extensions>
      </trkpt>
      <trkpt lat="44.982413" lon="7.631946">
        <ele>233.75</ele>
        <time>2023-05-15T13:02:26.295Z</time>
        <extensions>
          <gpxtpx:TrackPointExtension>
            <gpxtpx:Extensions>
              <highway>secondary</highway>
              <junction>roundabout</junction>
            </gpxtpx:Extensions>
          </gpxtpx:TrackPointExtension>
        </extensions>
      </trkpt>
      <trkpt lat="44.982474" lon="7.631928">
        <ele>233.75</ele>
        <time>2023-05-15T13:02:27.151Z</time>
        <extensions>
          <gpxtpx:TrackPointExtension>
            <gpxtpx:Extensions>
              <highway>secondary</highway>
              <junction>roundabout</junction>
            </gpxtpx:Extensions>
          </gpxtpx:TrackPointExtension>
        </extensions>
      </trkpt>
      <trkpt lat="44.982525" lon="7.631873">
        <ele>233.75</ele>
        <time>2023-05-15T13:02:28.032Z</time>
        <extensions>
          <gpxtpx:TrackPointExtension>
            <gpxtpx:Extensions>
              <highway>secondary</highway>
              <oneway>yes</oneway>
            </gpxtpx:Extensions>
          </gpxtpx:TrackPointExtension>
        </extensions>
      </trkpt>
      <trkpt lat="44.982617" lon="7.631834">
        <ele>233.75</ele>
        <time>2023-05-15T13:02:29.352Z</time>
        <extensions>
          <gpxtpx:TrackPointExtension>
            <gpxtpx:Extensions>
              <highway>secondary</highway>
              <oneway>yes</oneway>
            </gpxtpx:Extensions>
          </gpxtpx:TrackPointExtension>
        </extensions>
      </trkpt>
      <trkpt lat="44.982641" lon="7.631832">
        <ele>233.75</ele>
        <time>2023-05-15T13:02:29.682Z</time>
        <extensions>
          <gpxtpx:TrackPointExtension>
            <gpxtpx:Extensions>
              <highway>secondary</highway>
              <oneway>yes</oneway>
            </gpxtpx:Extensions>
          </gpxtpx:TrackPointExtension>
        </extensions>
      </trkpt>
      <trkpt lat="44.982687" lon="7.631829">
        <ele>233.75</ele>
        <time>2023-05-15T13:02:30.314Z</time>
        <extensions>
          <gpxtpx:TrackPointExtension>
            <gpxtpx:Extensions>
              <highway>secondary</highway>
              <oneway>yes</oneway>
            </gpxtpx:Extensions>
          </gpxtpx:TrackPointExtension>
        </extensions>
      </trkpt>
      <trkpt lat="44.982716" lon="7.631826">
        <ele>233.75</ele>
        <time>2023-05-15T13:02:30.713Z</time>
        <extensions>
          <gpxtpx:TrackPointExtension>
            <gpxtpx:Extensions>
              <highway>secondary</highway>
              <surface>asphalt</surface>
              <maxspeed>50</maxspeed>
            </gpxtpx:Extensions>
          </gpxtpx:TrackPointExtension>
        </extensions>
      </trkpt>
      <trkpt lat="44.982792" lon="7.631859">
        <ele>233.75</ele>
        <time>2023-05-15T13:02:31.805Z</time>
        <extensions>
          <gpxtpx:TrackPointExtension>
            <gpxtpx:Extensions>
              <highway>secondary</highway>
              <surface>asphalt</surface>
              <maxspeed>50</maxspeed>
            </gpxtpx:Extensions>
          </gpxtpx:TrackPointExtension>
        </extensions>
      </trkpt>
      <trkpt lat="44.982821" lon="7.631876">
        <ele>233.75</ele>
        <time>2023-05-15T13:02:32.236Z</time>
        <extensions>
          <gpxtpx:TrackPointExtension>
            <gpxtpx:Extensions>
              <highway>secondary</highway>
              <surface>asphalt</surface>
              <maxspeed>50</maxspeed>
            </gpxtpx:Extensions>
          </gpxtpx:TrackPointExtension>
        </extensions>
      </trkpt>
      <trkpt lat="44.983093" lon="7.63221">
        <ele>233.75</ele>
        <time>2023-05-15T13:02:37.187Z</time>
        <extensions>
          <gpxtpx:TrackPointExtension>
            <gpxtpx:Extensions>
              <highway>secondary</highway>
              <surface>asphalt</surface>
              <maxspeed>50</maxspeed>
            </gpxtpx:Extensions>
          </gpxtpx:TrackPointExtension>
        </extensions>
      </trkpt>
      <trkpt lat="44.983156" lon="7.632291">
        <ele>233.75</ele>
        <time>2023-05-15T13:02:38.357Z</time>
        <extensions>
          <gpxtpx:TrackPointExtension>
            <gpxtpx:Extensions>
              <highway>secondary</highway>
              <surface>asphalt</surface>
              <maxspeed>50</maxspeed>
            </gpxtpx:Extensions>
          </gpxtpx:TrackPointExtension>
        </extensions>
      </trkpt>
      <trkpt lat="44.983619" lon="7.632879">
        <ele>235</ele>
        <time>2023-05-15T13:02:46.910Z</time>
        <extensions>
          <gpxtpx:TrackPointExtension>
            <gpxtpx:Extensions>
              <highway>secondary</highway>
              <surface>asphalt</surface>
              <maxspeed>50</maxspeed>
            </gpxtpx:Extensions>
          </gpxtpx:TrackPointExtension>
        </extensions>
      </trkpt>
      <trkpt lat="44.983735" lon="7.632999">
        <ele>235</ele>
        <time>2023-05-15T13:02:48.885Z</time>
        <extensions>
          <gpxtpx:TrackPointExtension>
            <gpxtpx:Extensions>
              <highway>secondary</highway>
              <surface>asphalt</surface>
              <maxspeed>50</maxspeed>
            </gpxtpx:Extensions>
          </gpxtpx:TrackPointExtension>
        </extensions>
      </trkpt>
      <trkpt lat="44.984058" lon="7.633396">
        <ele>235.25</ele>
        <time>2023-05-15T13:02:54.767Z</time>
        <extensions>
          <gpxtpx:TrackPointExtension>
            <gpxtpx:Extensions>
              <highway>secondary</highway>
              <surface>asphalt</surface>
              <maxspeed>50</maxspeed>
            </gpxtpx:Extensions>
          </gpxtpx:TrackPointExtension>
        </extensions>
      </trkpt>
      <trkpt lat="44.984131" lon="7.633486">
        <ele>235</ele>
        <time>2023-05-15T13:02:56.098Z</time>
        <extensions>
          <gpxtpx:TrackPointExtension>
            <gpxtpx:Extensions>
              <highway>secondary</highway>
              <surface>asphalt</surface>
              <maxspeed>50</maxspeed>
            </gpxtpx:Extensions>
          </gpxtpx:TrackPointExtension>
        </extensions>
      </trkpt>
      <trkpt lat="44.984204" lon="7.633576">
        <ele>234.75</ele>
        <time>2023-05-15T13:02:57.429Z</time>
        <extensions>
          <gpxtpx:TrackPointExtension>
            <gpxtpx:Extensions>
              <highway>secondary</highway>
              <surface>asphalt</surface>
              <maxspeed>50</maxspeed>
            </gpxtpx:Extensions>
          </gpxtpx:TrackPointExtension>
        </extensions>
      </trkpt>
      <trkpt lat="44.985413" lon="7.635063">
        <ele>232</ele>
        <time>2023-05-15T13:03:19.452Z</time>
        <extensions>
          <gpxtpx:TrackPointExtension>
            <gpxtpx:Extensions>
              <highway>secondary</highway>
              <surface>asphalt</surface>
              <maxspeed>50</maxspeed>
            </gpxtpx:Extensions>
          </gpxtpx:TrackPointExtension>
        </extensions>
      </trkpt>
      <trkpt lat="44.985452" lon="7.635111">
        <ele>232</ele>
        <time>2023-05-15T13:03:20.162Z</time>
        <extensions>
          <gpxtpx:TrackPointExtension>
            <gpxtpx:Extensions>
              <highway>secondary</highway>
              <surface>asphalt</surface>
              <maxspeed>50</maxspeed>
            </gpxtpx:Extensions>
          </gpxtpx:TrackPointExtension>
        </extensions>
      </trkpt>
      <trkpt lat="44.985587" lon="7.635278">
        <ele>232</ele>
        <time>2023-05-15T13:03:22.627Z</time>
        <extensions>
          <gpxtpx:TrackPointExtension>
            <gpxtpx:Extensions>
              <highway>secondary</highway>
              <surface>asphalt</surface>
              <maxspeed>50</maxspeed>
            </gpxtpx:Extensions>
          </gpxtpx:TrackPointExtension>
        </extensions>
      </trkpt>
      <trkpt lat="44.985789" lon="7.635528">
        <ele>232</ele>
        <time>2023-05-15T13:03:26.316Z</time>
        <extensions>
          <gpxtpx:TrackPointExtension>
            <gpxtpx:Extensions>
              <highway>secondary</highway>
              <surface>asphalt</surface>
              <maxspeed>50</maxspeed>
            </gpxtpx:Extensions>
          </gpxtpx:TrackPointExtension>
        </extensions>
      </trkpt>
      <trkpt lat="44.986093" lon="7.635903">
        <ele>232.25</ele>
        <time>2023-05-15T13:03:31.860Z</time>
        <extensions>
          <gpxtpx:TrackPointExtension>
            <gpxtpx:Extensions>
              <highway>secondary</highway>
              <surface>asphalt</surface>
              <maxspeed>50</maxspeed>
            </gpxtpx:Extensions>
          </gpxtpx:TrackPointExtension>
        </extensions>
      </trkpt>
      <trkpt lat="44.986899" lon="7.636897">
        <ele>234.75</ele>
        <time>2023-05-15T13:03:46.559Z</time>
        <extensions>
          <gpxtpx:TrackPointExtension>
            <gpxtpx:Extensions>
              <highway>secondary</highway>
              <surface>asphalt</surface>
              <maxspeed>50</maxspeed>
            </gpxtpx:Extensions>
          </gpxtpx:TrackPointExtension>
        </extensions>
      </trkpt>
      <trkpt lat="44.986931" lon="7.636936">
        <ele>234.75</ele>
        <time>2023-05-15T13:03:47.139Z</time>
        <extensions>
          <gpxtpx:TrackPointExtension>
            <gpxtpx:Extensions>
              <highway>secondary</highway>
              <surface>asphalt</surface>
              <maxspeed>50</maxspeed>
            </gpxtpx:Extensions>
          </gpxtpx:TrackPointExtension>
        </extensions>
      </trkpt>
      <trkpt lat="44.987042" lon="7.637081">
        <ele>234.5</ele>
        <time>2023-05-15T13:03:49.215Z</time>
        <extensions>
          <gpxtpx:TrackPointExtension>
            <gpxtpx:Extensions>
              <highway>secondary</highway>
              <surface>asphalt</surface>
              <maxspeed>50</maxspeed>
            </gpxtpx:Extensions>
          </gpxtpx:TrackPointExtension>
        </extensions>
      </trkpt>
      <trkpt lat="44.987141" lon="7.637209">
        <ele>234.25</ele>
        <time>2023-05-15T13:03:51.058Z</time>
        <extensions>
          <gpxtpx:TrackPointExtension>
            <gpxtpx:Extensions>
              <highway>secondary</highway>
              <surface>asphalt</surface>
              <maxspeed>50</maxspeed>
            </gpxtpx:Extensions>
          </gpxtpx:TrackPointExtension>
        </extensions>
      </trkpt>
      <trkpt lat="44.98722" lon="7.637314">
        <ele>233.75</ele>
        <time>2023-05-15T13:03:52.548Z</time>
        <extensions>
          <gpxtpx:TrackPointExtension>
            <gpxtpx:Extensions>
              <highway>secondary</highway>
              <surface>asphalt</surface>
              <maxspeed>50</maxspeed>
            </gpxtpx:Extensions>
          </gpxtpx:TrackPointExtension>
        </extensions>
      </trkpt>
      <trkpt lat="44.987324" lon="7.637448">
        <ele>233.5</ele>
        <time>2023-05-15T13:03:54.481Z</time>
        <extensions>
          <gpxtpx:TrackPointExtension>
            <gpxtpx:Extensions>
              <highway>secondary</highway>
              <surface>asphalt</surface>
              <maxspeed>50</maxspeed>
            </gpxtpx:Extensions>
          </gpxtpx:TrackPointExtension>
        </extensions>
      </trkpt>
      <trkpt lat="44.987575" lon="7.637758">
        <ele>232.5</ele>
        <time>2023-05-15T13:03:59.061Z</time>
        <extensions>
          <gpxtpx:TrackPointExtension>
            <gpxtpx:Extensions>
              <highway>secondary</highway>
              <surface>asphalt</surface>
              <maxspeed>50</maxspeed>
            </gpxtpx:Extensions>
          </gpxtpx:TrackPointExtension>
        </extensions>
      </trkpt>
      <trkpt lat="44.987643" lon="7.637845">
        <ele>232.25</ele>
        <time>2023-05-15T13:04:00.321Z</time>
        <extensions>
          <gpxtpx:TrackPointExtension>
            <gpxtpx:Extensions>
              <highway>secondary</highway>
              <surface>asphalt</surface>
              <maxspeed>50</maxspeed>
            </gpxtpx:Extensions>
          </gpxtpx:TrackPointExtension>
        </extensions>
      </trkpt>
      <trkpt lat="44.988052" lon="7.638347">
        <ele>232.75</ele>
        <time>2023-05-15T13:04:07.764Z</time>
        <extensions>
          <gpxtpx:TrackPointExtension>
            <gpxtpx:Extensions>
              <highway>secondary</highway>
              <surface>asphalt</surface>
              <maxspeed>50</maxspeed>
            </gpxtpx:Extensions>
          </gpxtpx:TrackPointExtension>
        </extensions>
      </trkpt>
      <trkpt lat="44.988192" lon="7.638526">
        <ele>233.25</ele>
        <time>2023-05-15T13:04:10.358Z</time>
        <extensions>
          <gpxtpx:TrackPointExtension>
            <gpxtpx:Extensions>
              <highway>secondary</highway>
              <surface>asphalt</surface>
              <maxspeed>50</maxspeed>
            </gpxtpx:Extensions>
          </gpxtpx:TrackPointExtension>
        </extensions>
      </trkpt>
      <trkpt lat="44.988484" lon="7.638885">
        <ele>233.25</ele>
        <time>2023-05-15T13:04:15.676Z</time>
        <extensions>
          <gpxtpx:TrackPointExtension>
            <gpxtpx:Extensions>
              <highway>secondary</highway>
              <surface>asphalt</surface>
              <maxspeed>50</maxspeed>
            </gpxtpx:Extensions>
          </gpxtpx:TrackPointExtension>
        </extensions>
      </trkpt>
      <trkpt lat="44.988879" lon="7.639373">
        <ele>233.5</ele>
        <time>2023-05-15T13:04:22.885Z</time>
        <extensions>
          <gpxtpx:TrackPointExtension>
            <gpxtpx:Extensions>
              <highway>secondary</highway>
              <surface>asphalt</surface>
              <maxspeed>50</maxspeed>
            </gpxtpx:Extensions>
          </gpxtpx:TrackPointExtension>
        </extensions>
      </trkpt>
      <trkpt lat="44.989068" lon="7.639607">
        <ele>233.75</ele>
        <time>2023-05-15T13:04:26.337Z</time>
        <extensions>
          <gpxtpx:TrackPointExtension>
            <gpxtpx:Extensions>
              <highway>secondary</highway>
              <surface>asphalt</surface>
              <maxspeed>50</maxspeed>
            </gpxtpx:Extensions>
          </gpxtpx:TrackPointExtension>
        </extensions>
      </trkpt>
      <trkpt lat="44.989132" lon="7.639686">
        <ele>233.75</ele>
        <time>2023-05-15T13:04:27.504Z</time>
        <extensions>
          <gpxtpx:TrackPointExtension>
            <gpxtpx:Extensions>
              <highway>secondary</highway>
              <surface>asphalt</surface>
              <maxspeed>50</maxspeed>
            </gpxtpx:Extensions>
          </gpxtpx:TrackPointExtension>
        </extensions>
      </trkpt>
      <trkpt lat="44.989809" lon="7.640512">
        <ele>232.25</ele>
        <time>2023-05-15T13:04:39.793Z</time>
        <extensions>
          <gpxtpx:TrackPointExtension>
            <gpxtpx:Extensions>
              <highway>secondary</highway>
              <surface>asphalt</surface>
              <maxspeed>50</maxspeed>
            </gpxtpx:Extensions>
          </gpxtpx:TrackPointExtension>
        </extensions>
      </trkpt>
      <trkpt lat="44.989955" lon="7.640703">
        <ele>232</ele>
        <time>2023-05-15T13:04:42.526Z</time>
        <extensions>
          <gpxtpx:TrackPointExtension>
            <gpxtpx:Extensions>
              <highway>secondary</highway>
              <surface>asphalt</surface>
              <maxspeed>50</maxspeed>
            </gpxtpx:Extensions>
          </gpxtpx:TrackPointExtension>
        </extensions>
      </trkpt>
      <trkpt lat="44.990034" lon="7.640801">
        <ele>231.75</ele>
        <time>2023-05-15T13:04:43.970Z</time>
        <extensions>
          <gpxtpx:TrackPointExtension>
            <gpxtpx:Extensions>
              <highway>secondary</highway>
              <surface>asphalt</surface>
              <maxspeed>50</maxspeed>
            </gpxtpx:Extensions>
          </gpxtpx:TrackPointExtension>
        </extensions>
      </trkpt>
      <trkpt lat="44.990282" lon="7.641113">
        <ele>231.25</ele>
        <time>2023-05-15T13:04:48.532Z</time>
        <extensions>
          <gpxtpx:TrackPointExtension>
            <gpxtpx:Extensions>
              <highway>secondary</highway>
              <surface>asphalt</surface>
              <maxspeed>50</maxspeed>
            </gpxtpx:Extensions>
          </gpxtpx:TrackPointExtension>
        </extensions>
      </trkpt>
      <trkpt lat="44.990482" lon="7.641358">
        <ele>231</ele>
        <time>2023-05-15T13:04:52.168Z</time>
        <extensions>
          <gpxtpx:TrackPointExtension>
            <gpxtpx:Extensions>
              <highway>secondary</highway>
              <surface>asphalt</surface>
              <maxspeed>50</maxspeed>
            </gpxtpx:Extensions>
          </gpxtpx:TrackPointExtension>
        </extensions>
      </trkpt>
      <trkpt lat="44.990635" lon="7.641553">
        <ele>231</ele>
        <time>2023-05-15T13:04:54.998Z</time>
        <extensions>
          <gpxtpx:TrackPointExtension>
            <gpxtpx:Extensions>
              <highway>secondary</highway>
              <surface>asphalt</surface>
              <maxspeed>50</maxspeed>
            </gpxtpx:Extensions>
          </gpxtpx:TrackPointExtension>
        </extensions>
      </trkpt>
      <trkpt lat="44.991223" lon="7.642248">
        <ele>231.5</ele>
        <time>2023-05-15T13:05:05.530Z</time>
        <extensions>
          <gpxtpx:TrackPointExtension>
            <gpxtpx:Extensions>
              <highway>secondary</highway>
              <surface>asphalt</surface>
              <maxspeed>50</maxspeed>
              <oneway>yes</oneway>
            </gpxtpx:Extensions>
          </gpxtpx:TrackPointExtension>
        </extensions>
      </trkpt>
      <trkpt lat="44.991265" lon="7.642332">
        <ele>231.75</ele>
        <time>2023-05-15T13:05:06.529Z</time>
        <extensions>
          <gpxtpx:TrackPointExtension>
            <gpxtpx:Extensions>
              <highway>secondary</highway>
              <surface>asphalt</surface>
              <maxspeed>50</maxspeed>
              <oneway>yes</oneway>
            </gpxtpx:Extensions>
          </gpxtpx:TrackPointExtension>
        </extensions>
      </trkpt>
      <trkpt lat="44.991293" lon="7.642385">
        <ele>231.75</ele>
        <time>2023-05-15T13:05:07.172Z</time>
        <extensions>
          <gpxtpx:TrackPointExtension>
            <gpxtpx:Extensions>
              <highway>secondary</highway>
              <surface>asphalt</surface>
              <maxspeed>50</maxspeed>
              <oneway>yes</oneway>
            </gpxtpx:Extensions>
          </gpxtpx:TrackPointExtension>
        </extensions>
      </trkpt>
      <trkpt lat="44.991421" lon="7.642541">
        <ele>231.75</ele>
        <time>2023-05-15T13:05:09.494Z</time>
        <extensions>
          <gpxtpx:TrackPointExtension>
            <gpxtpx:Extensions>
              <highway>secondary</highway>
              <surface>asphalt</surface>
              <maxspeed>50</maxspeed>
              <oneway>yes</oneway>
            </gpxtpx:Extensions>
          </gpxtpx:TrackPointExtension>
        </extensions>
      </trkpt>
      <trkpt lat="44.991523" lon="7.642657">
        <ele>231.75</ele>
        <time>2023-05-15T13:05:11.292Z</time>
        <extensions>
          <gpxtpx:TrackPointExtension>
            <gpxtpx:Extensions>
              <highway>secondary</highway>
              <surface>asphalt</surface>
              <maxspeed>50</maxspeed>
              <oneway>yes</oneway>
            </gpxtpx:Extensions>
          </gpxtpx:TrackPointExtension>
        </extensions>
      </trkpt>
      <trkpt lat="44.991679" lon="7.642854">
        <ele>231.5</ele>
        <time>2023-05-15T13:05:14.166Z</time>
        <extensions>
          <gpxtpx:TrackPointExtension>
            <gpxtpx:Extensions>
              <highway>secondary</highway>
              <surface>asphalt</surface>
              <maxspeed>50</maxspeed>
              <oneway>yes</oneway>
            </gpxtpx:Extensions>
          </gpxtpx:TrackPointExtension>
        </extensions>
      </trkpt>
      <trkpt lat="44.991762" lon="7.642913">
        <ele>231.5</ele>
        <time>2023-05-15T13:05:15.442Z</time>
        <extensions>
          <gpxtpx:TrackPointExtension>
            <gpxtpx:Extensions>
              <highway>secondary</highway>
              <surface>asphalt</surface>
              <maxspeed>50</maxspeed>
            </gpxtpx:Extensions>
          </gpxtpx:TrackPointExtension>
        </extensions>
      </trkpt>
      <trkpt lat="44.991909" lon="7.643095">
        <ele>231.5</ele>
        <time>2023-05-15T13:05:18.127Z</time>
        <extensions>
          <gpxtpx:TrackPointExtension>
            <gpxtpx:Extensions>
              <highway>secondary</highway>
              <surface>asphalt</surface>
              <maxspeed>50</maxspeed>
            </gpxtpx:Extensions>
          </gpxtpx:TrackPointExtension>
        </extensions>
      </trkpt>
      <trkpt lat="44.992499" lon="7.643865">
        <ele>231.25</ele>
        <time>2023-05-15T13:05:29.161Z</time>
        <extensions>
          <gpxtpx:TrackPointExtension>
            <gpxtpx:Extensions>
              <highway>secondary</highway>
              <surface>asphalt</surface>
              <maxspeed>50</maxspeed>
            </gpxtpx:Extensions>
          </gpxtpx:TrackPointExtension>
        </extensions>
      </trkpt>
      <trkpt lat="44.99254" lon="7.643916">
        <ele>231.25</ele>
        <time>2023-05-15T13:05:29.911Z</time>
        <extensions>
          <gpxtpx:TrackPointExtension>
            <gpxtpx:Extensions>
              <highway>secondary</highway>
              <surface>asphalt</surface>
              <maxspeed>50</maxspeed>
            </gpxtpx:Extensions>
          </gpxtpx:TrackPointExtension>
        </extensions>
      </trkpt>
      <trkpt lat="44.992728" lon="7.644146">
        <ele>232</ele>
        <time>2023-05-15T13:05:33.327Z</time>
        <extensions>
          <gpxtpx:TrackPointExtension>
            <gpxtpx:Extensions>
              <highway>secondary</highway>
              <surface>asphalt</surface>
              <maxspeed>50</maxspeed>
            </gpxtpx:Extensions>
          </gpxtpx:TrackPointExtension>
        </extensions>
      </trkpt>
      <trkpt lat="44.992735" lon="7.644155">
        <ele>232</ele>
        <time>2023-05-15T13:05:33.457Z</time>
        <extensions>
          <gpxtpx:TrackPointExtension>
            <gpxtpx:Extensions>
              <highway>secondary</highway>
              <surface>asphalt</surface>
              <maxspeed>50</maxspeed>
            </gpxtpx:Extensions>
          </gpxtpx:TrackPointExtension>
        </extensions>
      </trkpt>
      <trkpt lat="44.992951" lon="7.644414">
        <ele>232.75</ele>
        <time>2023-05-15T13:05:37.349Z</time>
        <extensions>
          <gpxtpx:TrackPointExtension>
            <gpxtpx:Extensions>
              <highway>secondary</highway>
              <surface>asphalt</surface>
              <maxspeed>50</maxspeed>
            </gpxtpx:Extensions>
          </gpxtpx:TrackPointExtension>
        </extensions>
      </trkpt>
      <trkpt lat="44.993059" lon="7.64454">
        <ele>233</ele>
        <time>2023-05-15T13:05:39.273Z</time>
        <extensions>
          <gpxtpx:TrackPointExtension>
            <gpxtpx:Extensions>
              <highway>secondary</highway>
              <surface>asphalt</surface>
              <maxspeed>50</maxspeed>
            </gpxtpx:Extensions>
          </gpxtpx:TrackPointExtension>
        </extensions>
      </trkpt>
      <trkpt lat="44.993081" lon="7.644567">
        <ele>233</ele>
        <time>2023-05-15T13:05:39.673Z</time>
        <extensions>
          <gpxtpx:TrackPointExtension>
            <gpxtpx:Extensions>
              <highway>secondary</highway>
              <surface>asphalt</surface>
              <maxspeed>50</maxspeed>
            </gpxtpx:Extensions>
          </gpxtpx:TrackPointExtension>
        </extensions>
      </trkpt>
      <trkpt lat="44.993503" lon="7.64508">
        <ele>232</ele>
        <time>2023-05-15T13:05:47.321Z</time>
        <extensions>
          <gpxtpx:TrackPointExtension>
            <gpxtpx:Extensions>
              <highway>secondary</highway>
              <surface>asphalt</surface>
              <maxspeed>50</maxspeed>
            </gpxtpx:Extensions>
          </gpxtpx:TrackPointExtension>
        </extensions>
      </trkpt>
      <trkpt lat="44.99362" lon="7.645225">
        <ele>232</ele>
        <time>2023-05-15T13:05:49.459Z</time>
        <extensions>
          <gpxtpx:TrackPointExtension>
            <gpxtpx:Extensions>
              <highway>secondary</highway>
              <surface>asphalt</surface>
              <maxspeed>50</maxspeed>
            </gpxtpx:Extensions>
          </gpxtpx:TrackPointExtension>
        </extensions>
      </trkpt>
      <trkpt lat="44.993827" lon="7.645478">
        <ele>232</ele>
        <time>2023-05-15T13:05:53.219Z</time>
        <extensions>
          <gpxtpx:TrackPointExtension>
            <gpxtpx:Extensions>
              <highway>secondary</highway>
              <surface>asphalt</surface>
              <maxspeed>50</maxspeed>
            </gpxtpx:Extensions>
          </gpxtpx:TrackPointExtension>
        </extensions>
      </trkpt>
      <trkpt lat="44.993856" lon="7.645514">
        <ele>232</ele>
        <time>2023-05-15T13:05:53.749Z</time>
        <extensions>
          <gpxtpx:TrackPointExtension>
            <gpxtpx:Extensions>
              <highway>secondary</highway>
              <surface>asphalt</surface>
              <maxspeed>50</maxspeed>
            </gpxtpx:Extensions>
          </gpxtpx:TrackPointExtension>
        </extensions>
      </trkpt>
      <trkpt lat="44.994014" lon="7.645724">
        <ele>231.75</ele>
        <time>2023-05-15T13:05:56.729Z</time>
        <extensions>
          <gpxtpx:TrackPointExtension>
            <gpxtpx:Extensions>
              <highway>secondary</highway>
              <surface>asphalt</surface>
              <maxspeed>50</maxspeed>
            </gpxtpx:Extensions>
          </gpxtpx:TrackPointExtension>
        </extensions>
      </trkpt>
      <trkpt lat="44.994215" lon="7.645954">
        <ele>231.75</ele>
        <time>2023-05-15T13:06:00.282Z</time>
        <extensions>
          <gpxtpx:TrackPointExtension>
            <gpxtpx:Extensions>
              <reversedirection>yes</reversedirection>
              <highway>secondary</highway>
              <surface>asphalt</surface>
              <maxspeed>50</maxspeed>
            </gpxtpx:Extensions>
          </gpxtpx:TrackPointExtension>
        </extensions>
      </trkpt>
      <trkpt lat="44.994309" lon="7.64607">
        <ele>231.75</ele>
        <time>2023-05-15T13:06:01.996Z</time>
        <extensions>
          <gpxtpx:TrackPointExtension>
            <gpxtpx:Extensions>
              <reversedirection>yes</reversedirection>
              <highway>secondary</highway>
              <surface>asphalt</surface>
              <maxspeed>50</maxspeed>
            </gpxtpx:Extensions>
          </gpxtpx:TrackPointExtension>
        </extensions>
      </trkpt>
      <trkpt lat="44.994327" lon="7.646092">
        <ele>231.75</ele>
        <time>2023-05-15T13:06:02.322Z</time>
        <extensions>
          <gpxtpx:TrackPointExtension>
            <gpxtpx:Extensions>
              <reversedirection>yes</reversedirection>
              <highway>secondary</highway>
              <surface>asphalt</surface>
              <maxspeed>50</maxspeed>
            </gpxtpx:Extensions>
          </gpxtpx:TrackPointExtension>
        </extensions>
      </trkpt>
      <trkpt lat="44.994652" lon="7.646505">
        <ele>231.5</ele>
        <time>2023-05-15T13:06:08.327Z</time>
        <extensions>
          <gpxtpx:TrackPointExtension>
            <gpxtpx:Extensions>
              <reversedirection>yes</reversedirection>
              <highway>secondary</highway>
              <surface>asphalt</surface>
              <maxspeed>50</maxspeed>
            </gpxtpx:Extensions>
          </gpxtpx:TrackPointExtension>
        </extensions>
      </trkpt>
      <trkpt lat="44.994807" lon="7.646699">
        <ele>231</ele>
        <time>2023-05-15T13:06:11.171Z</time>
        <extensions>
          <gpxtpx:TrackPointExtension>
            <gpxtpx:Extensions>
              <reversedirection>yes</reversedirection>
              <highway>secondary</highway>
              <surface>asphalt</surface>
              <maxspeed>50</maxspeed>
            </gpxtpx:Extensions>
          </gpxtpx:TrackPointExtension>
        </extensions>
      </trkpt>
      <trkpt lat="44.994972" lon="7.646906">
        <ele>230.5</ele>
        <time>2023-05-15T13:06:14.202Z</time>
        <extensions>
          <gpxtpx:TrackPointExtension>
            <gpxtpx:Extensions>
              <reversedirection>yes</reversedirection>
              <highway>secondary</highway>
              <surface>asphalt</surface>
              <maxspeed>50</maxspeed>
            </gpxtpx:Extensions>
          </gpxtpx:TrackPointExtension>
        </extensions>
      </trkpt>
      <trkpt lat="44.994995" lon="7.646935">
        <ele>230.5</ele>
        <time>2023-05-15T13:06:14.625Z</time>
        <extensions>
          <gpxtpx:TrackPointExtension>
            <gpxtpx:Extensions>
              <reversedirection>yes</reversedirection>
              <highway>secondary</highway>
              <surface>asphalt</surface>
              <maxspeed>50</maxspeed>
            </gpxtpx:Extensions>
          </gpxtpx:TrackPointExtension>
        </extensions>
      </trkpt>
      <trkpt lat="44.995075" lon="7.647029">
        <ele>230.5</ele>
        <time>2023-05-15T13:06:16.054Z</time>
        <extensions>
          <gpxtpx:TrackPointExtension>
            <gpxtpx:Extensions>
              <reversedirection>yes</reversedirection>
              <highway>secondary</highway>
              <surface>asphalt</surface>
              <maxspeed>50</maxspeed>
            </gpxtpx:Extensions>
          </gpxtpx:TrackPointExtension>
        </extensions>
      </trkpt>
      <trkpt lat="44.995112" lon="7.647073">
        <ele>230.5</ele>
        <time>2023-05-15T13:06:16.718Z</time>
        <extensions>
          <gpxtpx:TrackPointExtension>
            <gpxtpx:Extensions>
              <highway>secondary</highway>
              <surface>asphalt</surface>
              <maxspeed>50</maxspeed>
            </gpxtpx:Extensions>
          </gpxtpx:TrackPointExtension>
        </extensions>
      </trkpt>
      <trkpt lat="44.99513" lon="7.647095">
        <ele>230.5</ele>
        <time>2023-05-15T13:06:17.044Z</time>
        <extensions>
          <gpxtpx:TrackPointExtension>
            <gpxtpx:Extensions>
              <highway>secondary</highway>
              <surface>asphalt</surface>
              <maxspeed>50</maxspeed>
            </gpxtpx:Extensions>
          </gpxtpx:TrackPointExtension>
        </extensions>
      </trkpt>
      <trkpt lat="44.995208" lon="7.647193">
        <ele>230.5</ele>
        <time>2023-05-15T13:06:18.478Z</time>
        <extensions>
          <gpxtpx:TrackPointExtension>
            <gpxtpx:Extensions>
              <highway>secondary</highway>
              <surface>asphalt</surface>
              <maxspeed>50</maxspeed>
            </gpxtpx:Extensions>
          </gpxtpx:TrackPointExtension>
        </extensions>
      </trkpt>
      <trkpt lat="44.995329" lon="7.647339">
        <ele>230.5</ele>
        <time>2023-05-15T13:06:20.664Z</time>
        <extensions>
          <gpxtpx:TrackPointExtension>
            <gpxtpx:Extensions>
              <highway>secondary</highway>
              <surface>asphalt</surface>
              <maxspeed>50</maxspeed>
            </gpxtpx:Extensions>
          </gpxtpx:TrackPointExtension>
        </extensions>
      </trkpt>
      <trkpt lat="44.995344" lon="7.647358">
        <ele>230.5</ele>
        <time>2023-05-15T13:06:20.940Z</time>
        <extensions>
          <gpxtpx:TrackPointExtension>
            <gpxtpx:Extensions>
              <highway>secondary</highway>
              <surface>asphalt</surface>
              <maxspeed>50</maxspeed>
            </gpxtpx:Extensions>
          </gpxtpx:TrackPointExtension>
        </extensions>
      </trkpt>
      <trkpt lat="44.995398" lon="7.647427">
        <ele>230.5</ele>
        <time>2023-05-15T13:06:21.940Z</time>
        <extensions>
          <gpxtpx:TrackPointExtension>
            <gpxtpx:Extensions>
              <highway>secondary</highway>
              <surface>asphalt</surface>
              <maxspeed>50</maxspeed>
            </gpxtpx:Extensions>
          </gpxtpx:TrackPointExtension>
        </extensions>
      </trkpt>
      <trkpt lat="44.995493" lon="7.647538">
        <ele>230.5</ele>
        <time>2023-05-15T13:06:23.633Z</time>
        <extensions>
          <gpxtpx:TrackPointExtension>
            <gpxtpx:Extensions>
              <highway>secondary</highway>
              <surface>asphalt</surface>
              <maxspeed>50</maxspeed>
            </gpxtpx:Extensions>
          </gpxtpx:TrackPointExtension>
        </extensions>
      </trkpt>
      <trkpt lat="44.995534" lon="7.64759">
        <ele>230.5</ele>
        <time>2023-05-15T13:06:24.389Z</time>
        <extensions>
          <gpxtpx:TrackPointExtension>
            <gpxtpx:Extensions>
              <highway>secondary</highway>
              <surface>asphalt</surface>
              <maxspeed>50</maxspeed>
            </gpxtpx:Extensions>
          </gpxtpx:TrackPointExtension>
        </extensions>
      </trkpt>
      <trkpt lat="44.995611" lon="7.647687">
        <ele>230.75</ele>
        <time>2023-05-15T13:06:25.806Z</time>
        <extensions>
          <gpxtpx:TrackPointExtension>
            <gpxtpx:Extensions>
              <highway>secondary</highway>
              <surface>asphalt</surface>
              <maxspeed>50</maxspeed>
            </gpxtpx:Extensions>
          </gpxtpx:TrackPointExtension>
        </extensions>
      </trkpt>
      <trkpt lat="44.995679" lon="7.647773">
        <ele>231</ele>
        <time>2023-05-15T13:06:27.059Z</time>
        <extensions>
          <gpxtpx:TrackPointExtension>
            <gpxtpx:Extensions>
              <highway>secondary</highway>
              <surface>asphalt</surface>
              <maxspeed>50</maxspeed>
            </gpxtpx:Extensions>
          </gpxtpx:TrackPointExtension>
        </extensions>
      </trkpt>
      <trkpt lat="44.995971" lon="7.648133">
        <ele>231.25</ele>
        <time>2023-05-15T13:06:32.383Z</time>
        <extensions>
          <gpxtpx:TrackPointExtension>
            <gpxtpx:Extensions>
              <highway>secondary</highway>
              <surface>asphalt</surface>
              <maxspeed>50</maxspeed>
            </gpxtpx:Extensions>
          </gpxtpx:TrackPointExtension>
        </extensions>
      </trkpt>
      <trkpt lat="44.996013" lon="7.648186">
        <ele>231.25</ele>
        <time>2023-05-15T13:06:33.156Z</time>
        <extensions>
          <gpxtpx:TrackPointExtension>
            <gpxtpx:Extensions>
              <highway>secondary</highway>
              <surface>asphalt</surface>
              <maxspeed>50</maxspeed>
            </gpxtpx:Extensions>
          </gpxtpx:TrackPointExtension>
        </extensions>
      </trkpt>
      <trkpt lat="44.99606" lon="7.648246">
        <ele>231.25</ele>
        <time>2023-05-15T13:06:34.026Z</time>
        <extensions>
          <gpxtpx:TrackPointExtension>
            <gpxtpx:Extensions>
              <highway>secondary</highway>
              <surface>asphalt</surface>
              <maxspeed>50</maxspeed>
            </gpxtpx:Extensions>
          </gpxtpx:TrackPointExtension>
        </extensions>
      </trkpt>
      <trkpt lat="44.996297" lon="7.648539">
        <ele>230.5</ele>
        <time>2023-05-15T13:06:38.352Z</time>
        <extensions>
          <gpxtpx:TrackPointExtension>
            <gpxtpx:Extensions>
              <highway>secondary</highway>
              <surface>asphalt</surface>
              <maxspeed>50</maxspeed>
            </gpxtpx:Extensions>
          </gpxtpx:TrackPointExtension>
        </extensions>
      </trkpt>
      <trkpt lat="44.996344" lon="7.648599">
        <ele>230.5</ele>
        <time>2023-05-15T13:06:39.222Z</time>
        <extensions>
          <gpxtpx:TrackPointExtension>
            <gpxtpx:Extensions>
              <highway>secondary</highway>
              <surface>asphalt</surface>
              <maxspeed>50</maxspeed>
            </gpxtpx:Extensions>
          </gpxtpx:TrackPointExtension>
        </extensions>
      </trkpt>
      <trkpt lat="44.996605" lon="7.648921">
        <ele>230</ele>
        <time>2023-05-15T13:06:43.982Z</time>
        <extensions>
          <gpxtpx:TrackPointExtension>
            <gpxtpx:Extensions>
              <highway>secondary</highway>
              <surface>asphalt</surface>
              <maxspeed>50</maxspeed>
            </gpxtpx:Extensions>
          </gpxtpx:TrackPointExtension>
        </extensions>
      </trkpt>
      <trkpt lat="44.996642" lon="7.648965">
        <ele>230</ele>
        <time>2023-05-15T13:06:44.646Z</time>
        <extensions>
          <gpxtpx:TrackPointExtension>
            <gpxtpx:Extensions>
              <highway>secondary</highway>
              <surface>asphalt</surface>
              <maxspeed>50</maxspeed>
            </gpxtpx:Extensions>
          </gpxtpx:TrackPointExtension>
        </extensions>
      </trkpt>
      <trkpt lat="44.996867" lon="7.649255">
        <ele>230</ele>
        <time>2023-05-15T13:06:48.829Z</time>
        <extensions>
          <gpxtpx:TrackPointExtension>
            <gpxtpx:Extensions>
              <highway>secondary</highway>
              <surface>asphalt</surface>
              <maxspeed>50</maxspeed>
            </gpxtpx:Extensions>
          </gpxtpx:TrackPointExtension>
        </extensions>
      </trkpt>
      <trkpt lat="44.996913" lon="7.64931">
        <ele>230</ele>
        <time>2023-05-15T13:06:49.656Z</time>
        <extensions>
          <gpxtpx:TrackPointExtension>
            <gpxtpx:Extensions>
              <highway>secondary</highway>
              <surface>asphalt</surface>
              <maxspeed>50</maxspeed>
            </gpxtpx:Extensions>
          </gpxtpx:TrackPointExtension>
        </extensions>
      </trkpt>
      <trkpt lat="44.997315" lon="7.649798">
        <ele>230</ele>
        <time>2023-05-15T13:06:56.937Z</time>
        <extensions>
          <gpxtpx:TrackPointExtension>
            <gpxtpx:Extensions>
              <highway>secondary</highway>
              <surface>asphalt</surface>
              <maxspeed>50</maxspeed>
            </gpxtpx:Extensions>
          </gpxtpx:TrackPointExtension>
        </extensions>
      </trkpt>
      <trkpt lat="44.99739" lon="7.649889">
        <ele>230</ele>
        <time>2023-05-15T13:06:58.295Z</time>
        <extensions>
          <gpxtpx:TrackPointExtension>
            <gpxtpx:Extensions>
              <highway>secondary</highway>
              <surface>asphalt</surface>
              <maxspeed>50</maxspeed>
            </gpxtpx:Extensions>
          </gpxtpx:TrackPointExtension>
        </extensions>
      </trkpt>
      <trkpt lat="44.997441" lon="7.649954">
        <ele>230</ele>
        <time>2023-05-15T13:06:59.238Z</time>
        <extensions>
          <gpxtpx:TrackPointExtension>
            <gpxtpx:Extensions>
              <highway>secondary</highway>
              <surface>asphalt</surface>
              <maxspeed>50</maxspeed>
            </gpxtpx:Extensions>
          </gpxtpx:TrackPointExtension>
        </extensions>
      </trkpt>
      <trkpt lat="44.997641" lon="7.650202">
        <ele>229.5</ele>
        <time>2023-05-15T13:07:02.893Z</time>
        <extensions>
          <gpxtpx:TrackPointExtension>
            <gpxtpx:Extensions>
              <highway>secondary</highway>
              <surface>asphalt</surface>
              <maxspeed>50</maxspeed>
            </gpxtpx:Extensions>
          </gpxtpx:TrackPointExtension>
        </extensions>
      </trkpt>
      <trkpt lat="44.997878" lon="7.650497">
        <ele>228.5</ele>
        <time>2023-05-15T13:07:07.232Z</time>
        <extensions>
          <gpxtpx:TrackPointExtension>
            <gpxtpx:Extensions>
              <highway>secondary</highway>
              <surface>asphalt</surface>
              <maxspeed>50</maxspeed>
            </gpxtpx:Extensions>
          </gpxtpx:TrackPointExtension>
        </extensions>
      </trkpt>
      <trkpt lat="44.997914" lon="7.650541">
        <ele>228.5</ele>
        <time>2023-05-15T13:07:07.885Z</time>
        <extensions>
          <gpxtpx:TrackPointExtension>
            <gpxtpx:Extensions>
              <highway>secondary</highway>
              <surface>asphalt</surface>
              <maxspeed>50</maxspeed>
            </gpxtpx:Extensions>
          </gpxtpx:TrackPointExtension>
        </extensions>
      </trkpt>
      <trkpt lat="44.998015" lon="7.650665">
        <ele>228</ele>
        <time>2023-05-15T13:07:09.723Z</time>
        <extensions>
          <gpxtpx:TrackPointExtension>
            <gpxtpx:Extensions>
              <highway>secondary</highway>
              <surface>asphalt</surface>
              <maxspeed>50</maxspeed>
            </gpxtpx:Extensions>
          </gpxtpx:TrackPointExtension>
        </extensions>
      </trkpt>
      <trkpt lat="44.998068" lon="7.650731">
        <ele>227.75</ele>
        <time>2023-05-15T13:07:10.693Z</time>
        <extensions>
          <gpxtpx:TrackPointExtension>
            <gpxtpx:Extensions>
              <highway>secondary</highway>
              <surface>asphalt</surface>
              <maxspeed>50</maxspeed>
            </gpxtpx:Extensions>
          </gpxtpx:TrackPointExtension>
        </extensions>
      </trkpt>
      <trkpt lat="44.99815" lon="7.65083">
        <ele>227.25</ele>
        <time>2023-05-15T13:07:12.174Z</time>
        <extensions>
          <gpxtpx:TrackPointExtension>
            <gpxtpx:Extensions>
              <highway>secondary</highway>
              <surface>asphalt</surface>
              <maxspeed>50</maxspeed>
            </gpxtpx:Extensions>
          </gpxtpx:TrackPointExtension>
        </extensions>
      </trkpt>
      <trkpt lat="44.998178" lon="7.650866">
        <ele>227.25</ele>
        <time>2023-05-15T13:07:12.694Z</time>
        <extensions>
          <gpxtpx:TrackPointExtension>
            <gpxtpx:Extensions>
              <highway>secondary</highway>
              <surface>asphalt</surface>
              <maxspeed>50</maxspeed>
            </gpxtpx:Extensions>
          </gpxtpx:TrackPointExtension>
        </extensions>
      </trkpt>
      <trkpt lat="44.998409" lon="7.651147">
        <ele>226.75</ele>
        <time>2023-05-15T13:07:16.881Z</time>
        <extensions>
          <gpxtpx:TrackPointExtension>
            <gpxtpx:Extensions>
              <highway>secondary</highway>
              <surface>asphalt</surface>
              <maxspeed>50</maxspeed>
            </gpxtpx:Extensions>
          </gpxtpx:TrackPointExtension>
        </extensions>
      </trkpt>
      <trkpt lat="44.998515" lon="7.651279">
        <ele>226.75</ele>
        <time>2023-05-15T13:07:18.822Z</time>
        <extensions>
          <gpxtpx:TrackPointExtension>
            <gpxtpx:Extensions>
              <highway>secondary</highway>
              <surface>asphalt</surface>
              <maxspeed>50</maxspeed>
            </gpxtpx:Extensions>
          </gpxtpx:TrackPointExtension>
        </extensions>
      </trkpt>
      <trkpt lat="44.998557" lon="7.651334">
        <ele>226.5</ele>
        <time>2023-05-15T13:07:19.608Z</time>
        <extensions>
          <gpxtpx:TrackPointExtension>
            <gpxtpx:Extensions>
              <highway>secondary</highway>
              <surface>asphalt</surface>
              <maxspeed>50</maxspeed>
            </gpxtpx:Extensions>
          </gpxtpx:TrackPointExtension>
        </extensions>
      </trkpt>
      <trkpt lat="44.998608" lon="7.651397">
        <ele>226.5</ele>
        <time>2023-05-15T13:07:20.538Z</time>
        <extensions>
          <gpxtpx:TrackPointExtension>
            <gpxtpx:Extensions>
              <highway>secondary</highway>
              <surface>asphalt</surface>
              <maxspeed>50</maxspeed>
            </gpxtpx:Extensions>
          </gpxtpx:TrackPointExtension>
        </extensions>
      </trkpt>
      <trkpt lat="44.998898" lon="7.651751">
        <ele>226.25</ele>
        <time>2023-05-15T13:07:25.803Z</time>
        <extensions>
          <gpxtpx:TrackPointExtension>
            <gpxtpx:Extensions>
              <highway>secondary</highway>
              <surface>asphalt</surface>
              <maxspeed>50</maxspeed>
            </gpxtpx:Extensions>
          </gpxtpx:TrackPointExtension>
        </extensions>
      </trkpt>
      <trkpt lat="44.99896" lon="7.651829">
        <ele>226</ele>
        <time>2023-05-15T13:07:26.943Z</time>
        <extensions>
          <gpxtpx:TrackPointExtension>
            <gpxtpx:Extensions>
              <highway>secondary</highway>
              <surface>asphalt</surface>
              <maxspeed>50</maxspeed>
            </gpxtpx:Extensions>
          </gpxtpx:TrackPointExtension>
        </extensions>
      </trkpt>
      <trkpt lat="44.999266" lon="7.652216">
        <ele>226</ele>
        <time>2023-05-15T13:07:32.584Z</time>
        <extensions>
          <gpxtpx:TrackPointExtension>
            <gpxtpx:Extensions>
              <highway>secondary</highway>
              <surface>asphalt</surface>
              <maxspeed>50</maxspeed>
            </gpxtpx:Extensions>
          </gpxtpx:TrackPointExtension>
        </extensions>
      </trkpt>
      <trkpt lat="44.999492" lon="7.652491">
        <ele>226</ele>
        <time>2023-05-15T13:07:36.681Z</time>
        <extensions>
          <gpxtpx:TrackPointExtension>
            <gpxtpx:Extensions>
              <highway>secondary</highway>
              <surface>asphalt</surface>
              <maxspeed>50</maxspeed>
            </gpxtpx:Extensions>
          </gpxtpx:TrackPointExtension>
        </extensions>
      </trkpt>
      <trkpt lat="45.000124" lon="7.653277">
        <ele>226.75</ele>
        <time>2023-05-15T13:07:48.247Z</time>
        <extensions>
          <gpxtpx:TrackPointExtension>
            <gpxtpx:Extensions>
              <highway>secondary</highway>
              <surface>asphalt</surface>
              <maxspeed>50</maxspeed>
            </gpxtpx:Extensions>
          </gpxtpx:TrackPointExtension>
        </extensions>
      </trkpt>
      <trkpt lat="45.000636" lon="7.653914">
        <ele>227</ele>
        <time>2023-05-15T13:07:57.619Z</time>
        <extensions>
          <gpxtpx:TrackPointExtension>
            <gpxtpx:Extensions>
              <highway>secondary</highway>
              <surface>asphalt</surface>
              <maxspeed>50</maxspeed>
            </gpxtpx:Extensions>
          </gpxtpx:TrackPointExtension>
        </extensions>
      </trkpt>
      <trkpt lat="45.001052" lon="7.654425">
        <ele>227.25</ele>
        <time>2023-05-15T13:08:05.191Z</time>
        <extensions>
          <gpxtpx:TrackPointExtension>
            <gpxtpx:Extensions>
              <highway>secondary</highway>
              <surface>asphalt</surface>
              <maxspeed>50</maxspeed>
            </gpxtpx:Extensions>
          </gpxtpx:TrackPointExtension>
        </extensions>
      </trkpt>
      <trkpt lat="45.001119" lon="7.654507">
        <ele>227.25</ele>
        <time>2023-05-15T13:08:06.408Z</time>
        <extensions>
          <gpxtpx:TrackPointExtension>
            <gpxtpx:Extensions>
              <highway>secondary</highway>
              <surface>asphalt</surface>
              <maxspeed>50</maxspeed>
            </gpxtpx:Extensions>
          </gpxtpx:TrackPointExtension>
        </extensions>
      </trkpt>
      <trkpt lat="45.001231" lon="7.654646">
        <ele>227.25</ele>
        <time>2023-05-15T13:08:08.455Z</time>
        <extensions>
          <gpxtpx:TrackPointExtension>
            <gpxtpx:Extensions>
              <highway>secondary</highway>
              <surface>asphalt</surface>
              <maxspeed>50</maxspeed>
            </gpxtpx:Extensions>
          </gpxtpx:TrackPointExtension>
        </extensions>
      </trkpt>
      <trkpt lat="45.001445" lon="7.654921">
        <ele>227</ele>
        <time>2023-05-15T13:08:12.428Z</time>
        <extensions>
          <gpxtpx:TrackPointExtension>
            <gpxtpx:Extensions>
              <highway>secondary</highway>
              <surface>asphalt</surface>
              <maxspeed>50</maxspeed>
            </gpxtpx:Extensions>
          </gpxtpx:TrackPointExtension>
        </extensions>
      </trkpt>
      <trkpt lat="45.001671" lon="7.655213">
        <ele>227</ele>
        <time>2023-05-15T13:08:16.635Z</time>
        <extensions>
          <gpxtpx:TrackPointExtension>
            <gpxtpx:Extensions>
              <highway>secondary</highway>
              <surface>asphalt</surface>
              <maxspeed>50</maxspeed>
            </gpxtpx:Extensions>
          </gpxtpx:TrackPointExtension>
        </extensions>
      </trkpt>
      <trkpt lat="45.001859" lon="7.655455">
        <ele>227.25</ele>
        <time>2023-05-15T13:08:20.128Z</time>
        <extensions>
          <gpxtpx:TrackPointExtension>
            <gpxtpx:Extensions>
              <highway>secondary</highway>
              <surface>asphalt</surface>
              <maxspeed>50</maxspeed>
            </gpxtpx:Extensions>
          </gpxtpx:TrackPointExtension>
        </extensions>
      </trkpt>
      <trkpt lat="45.001886" lon="7.655486">
        <ele>227.25</ele>
        <time>2023-05-15T13:08:20.605Z</time>
        <extensions>
          <gpxtpx:TrackPointExtension>
            <gpxtpx:Extensions>
              <highway>secondary</highway>
              <surface>asphalt</surface>
              <maxspeed>50</maxspeed>
            </gpxtpx:Extensions>
          </gpxtpx:TrackPointExtension>
        </extensions>
      </trkpt>
      <trkpt lat="45.001944" lon="7.655537">
        <ele>227.25</ele>
        <time>2023-05-15T13:08:21.543Z</time>
        <extensions>
          <gpxtpx:TrackPointExtension>
            <gpxtpx:Extensions>
              <highway>secondary</highway>
              <surface>asphalt</surface>
              <maxspeed>50</maxspeed>
            </gpxtpx:Extensions>
          </gpxtpx:TrackPointExtension>
        </extensions>
      </trkpt>
      <trkpt lat="45.001983" lon="7.65555">
        <ele>227.5</ele>
        <time>2023-05-15T13:08:22.097Z</time>
        <extensions>
          <gpxtpx:TrackPointExtension>
            <gpxtpx:Extensions>
              <highway>secondary</highway>
              <surface>asphalt</surface>
              <maxspeed>50</maxspeed>
            </gpxtpx:Extensions>
          </gpxtpx:TrackPointExtension>
        </extensions>
      </trkpt>
      <trkpt lat="45.001982" lon="7.655549">
        <ele>227.25</ele>
        <time>2023-05-15T13:08:22.113Z</time>
        <extensions>
          <gpxtpx:TrackPointExtension>
            <gpxtpx:Extensions>
              <highway>secondary</highway>
              <surface>asphalt</surface>
              <maxspeed>50</maxspeed>
            </gpxtpx:Extensions>
          </gpxtpx:TrackPointExtension>
        </extensions>
      </trkpt>
      <trkpt lat="45.00207" lon="7.65558">
        <ele>227.5</ele>
        <time>2023-05-15T13:08:23.368Z</time>
        <extensions>
          <gpxtpx:TrackPointExtension>
            <gpxtpx:Extensions>
              <highway>secondary</highway>
              <surface>asphalt</surface>
              <maxspeed>50</maxspeed>
            </gpxtpx:Extensions>
          </gpxtpx:TrackPointExtension>
        </extensions>
      </trkpt>
      <trkpt lat="45.00225" lon="7.65564">
        <ele>227.75</ele>
        <time>2023-05-15T13:08:25.928Z</time>
        <extensions>
          <gpxtpx:TrackPointExtension>
            <gpxtpx:Extensions>
              <highway>secondary</highway>
              <surface>asphalt</surface>
              <maxspeed>50</maxspeed>
            </gpxtpx:Extensions>
          </gpxtpx:TrackPointExtension>
        </extensions>
      </trkpt>
      <trkpt lat="45.002279" lon="7.655652">
        <ele>227.75</ele>
        <time>2023-05-15T13:08:26.346Z</time>
        <extensions>
          <gpxtpx:TrackPointExtension>
            <gpxtpx:Extensions>
              <highway>secondary</highway>
              <surface>asphalt</surface>
              <maxspeed>50</maxspeed>
            </gpxtpx:Extensions>
          </gpxtpx:TrackPointExtension>
        </extensions>
      </trkpt>
      <trkpt lat="45.002353" lon="7.65568">
        <ele>227.75</ele>
        <time>2023-05-15T13:08:27.406Z</time>
        <extensions>
          <gpxtpx:TrackPointExtension>
            <gpxtpx:Extensions>
              <highway>secondary</highway>
              <surface>asphalt</surface>
              <maxspeed>50</maxspeed>
            </gpxtpx:Extensions>
          </gpxtpx:TrackPointExtension>
        </extensions>
      </trkpt>
      <trkpt lat="45.002427" lon="7.655709">
        <ele>228</ele>
        <time>2023-05-15T13:08:28.469Z</time>
        <extensions>
          <gpxtpx:TrackPointExtension>
            <gpxtpx:Extensions>
              <highway>secondary</highway>
              <surface>asphalt</surface>
              <maxspeed>50</maxspeed>
            </gpxtpx:Extensions>
          </gpxtpx:TrackPointExtension>
        </extensions>
      </trkpt>
      <trkpt lat="45.002852" lon="7.655874">
        <ele>227.75</ele>
        <time>2023-05-15T13:08:34.570Z</time>
        <extensions>
          <gpxtpx:TrackPointExtension>
            <gpxtpx:Extensions>
              <highway>secondary</highway>
              <surface>asphalt</surface>
              <maxspeed>50</maxspeed>
            </gpxtpx:Extensions>
          </gpxtpx:TrackPointExtension>
        </extensions>
      </trkpt>
      <trkpt lat="45.002932" lon="7.655902">
        <ele>227.75</ele>
        <time>2023-05-15T13:08:35.711Z</time>
        <extensions>
          <gpxtpx:TrackPointExtension>
            <gpxtpx:Extensions>
              <highway>secondary</highway>
              <surface>asphalt</surface>
              <maxspeed>50</maxspeed>
            </gpxtpx:Extensions>
          </gpxtpx:TrackPointExtension>
        </extensions>
      </trkpt>
      <trkpt lat="45.003326" lon="7.656054">
        <ele>227.75</ele>
        <time>2023-05-15T13:08:41.365Z</time>
        <extensions>
          <gpxtpx:TrackPointExtension>
            <gpxtpx:Extensions>
              <highway>secondary</highway>
              <surface>asphalt</surface>
              <maxspeed>50</maxspeed>
            </gpxtpx:Extensions>
          </gpxtpx:TrackPointExtension>
        </extensions>
      </trkpt>
      <trkpt lat="45.003399" lon="7.656082">
        <ele>227.75</ele>
        <time>2023-05-15T13:08:42.412Z</time>
        <extensions>
          <gpxtpx:TrackPointExtension>
            <gpxtpx:Extensions>
              <highway>secondary</highway>
              <surface>asphalt</surface>
              <maxspeed>50</maxspeed>
            </gpxtpx:Extensions>
          </gpxtpx:TrackPointExtension>
        </extensions>
      </trkpt>
      <trkpt lat="45.003764" lon="7.656218">
        <ele>227.5</ele>
        <time>2023-05-15T13:08:47.637Z</time>
        <extensions>
          <gpxtpx:TrackPointExtension>
            <gpxtpx:Extensions>
              <highway>secondary</highway>
              <surface>asphalt</surface>
              <maxspeed>50</maxspeed>
            </gpxtpx:Extensions>
          </gpxtpx:TrackPointExtension>
        </extensions>
      </trkpt>
      <trkpt lat="45.00388" lon="7.656268">
        <ele>227.5</ele>
        <time>2023-05-15T13:08:49.315Z</time>
        <extensions>
          <gpxtpx:TrackPointExtension>
            <gpxtpx:Extensions>
              <highway>secondary</highway>
              <surface>asphalt</surface>
              <maxspeed>50</maxspeed>
            </gpxtpx:Extensions>
          </gpxtpx:TrackPointExtension>
        </extensions>
      </trkpt>
      <trkpt lat="45.004249" lon="7.656403">
        <ele>227.75</ele>
        <time>2023-05-15T13:08:54.592Z</time>
        <extensions>
          <gpxtpx:TrackPointExtension>
            <gpxtpx:Extensions>
              <highway>secondary</highway>
              <surface>asphalt</surface>
              <maxspeed>50</maxspeed>
            </gpxtpx:Extensions>
          </gpxtpx:TrackPointExtension>
        </extensions>
      </trkpt>
      <trkpt lat="45.00432" lon="7.656432">
        <ele>227.75</ele>
        <time>2023-05-15T13:08:55.615Z</time>
        <extensions>
          <gpxtpx:TrackPointExtension>
            <gpxtpx:Extensions>
              <highway>secondary</highway>
              <surface>asphalt</surface>
              <maxspeed>50</maxspeed>
            </gpxtpx:Extensions>
          </gpxtpx:TrackPointExtension>
        </extensions>
      </trkpt>
      <trkpt lat="45.004959" lon="7.656671">
        <ele>228.75</ele>
        <time>2023-05-15T13:09:04.766Z</time>
        <extensions>
          <gpxtpx:TrackPointExtension>
            <gpxtpx:Extensions>
              <highway>secondary</highway>
              <surface>asphalt</surface>
              <maxspeed>50</maxspeed>
            </gpxtpx:Extensions>
          </gpxtpx:TrackPointExtension>
        </extensions>
      </trkpt>
      <trkpt lat="45.005064" lon="7.65671">
        <ele>228.75</ele>
        <time>2023-05-15T13:09:06.269Z</time>
        <extensions>
          <gpxtpx:TrackPointExtension>
            <gpxtpx:Extensions>
              <highway>secondary</highway>
              <surface>asphalt</surface>
              <maxspeed>50</maxspeed>
              <oneway>yes</oneway>
            </gpxtpx:Extensions>
          </gpxtpx:TrackPointExtension>
        </extensions>
      </trkpt>
      <trkpt lat="45.005118" lon="7.656753">
        <ele>228.75</ele>
        <time>2023-05-15T13:09:07.126Z</time>
        <extensions>
          <gpxtpx:TrackPointExtension>
            <gpxtpx:Extensions>
              <highway>secondary</highway>
              <surface>asphalt</surface>
              <maxspeed>50</maxspeed>
              <oneway>yes</oneway>
            </gpxtpx:Extensions>
          </gpxtpx:TrackPointExtension>
        </extensions>
      </trkpt>
      <trkpt lat="45.005198" lon="7.656831">
        <ele>228.5</ele>
        <time>2023-05-15T13:09:08.471Z</time>
        <extensions>
          <gpxtpx:TrackPointExtension>
            <gpxtpx:Extensions>
              <highway>secondary</highway>
              <surface>asphalt</surface>
              <maxspeed>50</maxspeed>
              <oneway>yes</oneway>
            </gpxtpx:Extensions>
          </gpxtpx:TrackPointExtension>
        </extensions>
      </trkpt>
      <trkpt lat="45.005216" lon="7.656883">
        <ele>228.5</ele>
        <time>2023-05-15T13:09:09.037Z</time>
        <extensions>
          <gpxtpx:TrackPointExtension>
            <gpxtpx:Extensions>
              <highway>secondary</highway>
              <surface>asphalt</surface>
              <maxspeed>50</maxspeed>
              <junction>roundabout</junction>
            </gpxtpx:Extensions>
          </gpxtpx:TrackPointExtension>
        </extensions>
      </trkpt>
      <trkpt lat="45.005188" lon="7.656978">
        <ele>228.25</ele>
        <time>2023-05-15T13:09:10.044Z</time>
        <extensions>
          <gpxtpx:TrackPointExtension>
            <gpxtpx:Extensions>
              <highway>secondary</highway>
              <surface>asphalt</surface>
              <maxspeed>50</maxspeed>
              <junction>roundabout</junction>
            </gpxtpx:Extensions>
          </gpxtpx:TrackPointExtension>
        </extensions>
      </trkpt>
      <trkpt lat="45.00519" lon="7.65708">
        <ele>228</ele>
        <time>2023-05-15T13:09:11.042Z</time>
        <extensions>
          <gpxtpx:TrackPointExtension>
            <gpxtpx:Extensions>
              <highway>secondary</highway>
              <surface>asphalt</surface>
              <maxspeed>50</maxspeed>
              <junction>roundabout</junction>
            </gpxtpx:Extensions>
          </gpxtpx:TrackPointExtension>
        </extensions>
      </trkpt>
      <trkpt lat="45.005219" lon="7.65717">
        <ele>227.75</ele>
        <time>2023-05-15T13:09:12.010Z</time>
        <extensions>
          <gpxtpx:TrackPointExtension>
            <gpxtpx:Extensions>
              <highway>secondary</highway>
              <surface>asphalt</surface>
              <maxspeed>50</maxspeed>
              <junction>roundabout</junction>
            </gpxtpx:Extensions>
          </gpxtpx:TrackPointExtension>
        </extensions>
      </trkpt>
      <trkpt lat="45.005242" lon="7.657207">
        <ele>227.75</ele>
        <time>2023-05-15T13:09:12.492Z</time>
        <extensions>
          <gpxtpx:TrackPointExtension>
            <gpxtpx:Extensions>
              <highway>secondary</highway>
              <surface>asphalt</surface>
              <maxspeed>50</maxspeed>
              <junction>roundabout</junction>
            </gpxtpx:Extensions>
          </gpxtpx:TrackPointExtension>
        </extensions>
      </trkpt>
      <trkpt lat="45.005284" lon="7.657249">
        <ele>227.75</ele>
        <time>2023-05-15T13:09:13.204Z</time>
        <extensions>
          <gpxtpx:TrackPointExtension>
            <gpxtpx:Extensions>
              <highway>secondary</highway>
              <surface>asphalt</surface>
              <maxspeed>50</maxspeed>
              <junction>roundabout</junction>
            </gpxtpx:Extensions>
          </gpxtpx:TrackPointExtension>
        </extensions>
      </trkpt>
      <trkpt lat="45.00536" lon="7.657268">
        <ele>227.75</ele>
        <time>2023-05-15T13:09:14.272Z</time>
        <extensions>
          <gpxtpx:TrackPointExtension>
            <gpxtpx:Extensions>
              <highway>secondary</highway>
              <surface>asphalt</surface>
              <maxspeed>50</maxspeed>
              <junction>roundabout</junction>
            </gpxtpx:Extensions>
          </gpxtpx:TrackPointExtension>
        </extensions>
      </trkpt>
      <trkpt lat="45.005411" lon="7.657256">
        <ele>227.75</ele>
        <time>2023-05-15T13:09:14.987Z</time>
        <extensions>
          <gpxtpx:TrackPointExtension>
            <gpxtpx:Extensions>
              <highway>secondary</highway>
              <surface>asphalt</surface>
              <maxspeed>50</maxspeed>
              <junction>roundabout</junction>
            </gpxtpx:Extensions>
          </gpxtpx:TrackPointExtension>
        </extensions>
      </trkpt>
      <trkpt lat="45.005457" lon="7.657223">
        <ele>228</ele>
        <time>2023-05-15T13:09:15.701Z</time>
        <extensions>
          <gpxtpx:TrackPointExtension>
            <gpxtpx:Extensions>
              <highway>secondary</highway>
              <surface>asphalt</surface>
              <maxspeed>50</maxspeed>
              <junction>roundabout</junction>
            </gpxtpx:Extensions>
          </gpxtpx:TrackPointExtension>
        </extensions>
      </trkpt>
      <trkpt lat="45.005495" lon="7.657172">
        <ele>228</ele>
        <time>2023-05-15T13:09:16.426Z</time>
        <extensions>
          <gpxtpx:TrackPointExtension>
            <gpxtpx:Extensions>
              <highway>secondary</highway>
              <surface>asphalt</surface>
              <maxspeed>50</maxspeed>
              <oneway>yes</oneway>
            </gpxtpx:Extensions>
          </gpxtpx:TrackPointExtension>
        </extensions>
      </trkpt>
      <trkpt lat="45.005612" lon="7.65711">
        <ele>228.25</ele>
        <time>2023-05-15T13:09:18.155Z</time>
        <extensions>
          <gpxtpx:TrackPointExtension>
            <gpxtpx:Extensions>
              <highway>secondary</highway>
              <surface>asphalt</surface>
              <maxspeed>50</maxspeed>
              <oneway>yes</oneway>
            </gpxtpx:Extensions>
          </gpxtpx:TrackPointExtension>
        </extensions>
      </trkpt>
      <trkpt lat="45.005722" lon="7.657079">
        <ele>228.25</ele>
        <time>2023-05-15T13:09:19.707Z</time>
        <extensions>
          <gpxtpx:TrackPointExtension>
            <gpxtpx:Extensions>
              <highway>secondary</highway>
              <surface>asphalt</surface>
              <maxspeed>50</maxspeed>
              <oneway>yes</oneway>
            </gpxtpx:Extensions>
          </gpxtpx:TrackPointExtension>
        </extensions>
      </trkpt>
      <trkpt lat="45.005856" lon="7.657081">
        <ele>228.25</ele>
        <time>2023-05-15T13:09:21.562Z</time>
        <extensions>
          <gpxtpx:TrackPointExtension>
            <gpxtpx:Extensions>
              <highway>secondary</highway>
              <surface>asphalt</surface>
              <maxspeed>50</maxspeed>
              <oneway>yes</oneway>
            </gpxtpx:Extensions>
          </gpxtpx:TrackPointExtension>
        </extensions>
      </trkpt>
      <trkpt lat="45.005989" lon="7.657117">
        <ele>228.25</ele>
        <time>2023-05-15T13:09:23.436Z</time>
        <extensions>
          <gpxtpx:TrackPointExtension>
            <gpxtpx:Extensions>
              <highway>secondary</highway>
              <surface>asphalt</surface>
              <maxspeed>50</maxspeed>
              <oneway>yes</oneway>
            </gpxtpx:Extensions>
          </gpxtpx:TrackPointExtension>
        </extensions>
      </trkpt>
      <trkpt lat="45.006081" lon="7.657155">
        <ele>228.25</ele>
        <time>2023-05-15T13:09:24.763Z</time>
        <extensions>
          <gpxtpx:TrackPointExtension>
            <gpxtpx:Extensions>
              <highway>secondary</highway>
              <surface>asphalt</surface>
              <maxspeed>50</maxspeed>
              <oneway>yes</oneway>
            </gpxtpx:Extensions>
          </gpxtpx:TrackPointExtension>
        </extensions>
      </trkpt>
      <trkpt lat="45.006904" lon="7.657473">
        <ele>229.5</ele>
        <time>2023-05-15T13:09:36.575Z</time>
        <extensions>
          <gpxtpx:TrackPointExtension>
            <gpxtpx:Extensions>
              <highway>secondary</highway>
              <surface>asphalt</surface>
              <maxspeed>50</maxspeed>
              <oneway>yes</oneway>
            </gpxtpx:Extensions>
          </gpxtpx:TrackPointExtension>
        </extensions>
      </trkpt>
      <trkpt lat="45.007105" lon="7.657539">
        <ele>230.75</ele>
        <time>2023-05-15T13:09:39.431Z</time>
        <extensions>
          <gpxtpx:TrackPointExtension>
            <gpxtpx:Extensions>
              <highway>secondary</highway>
              <surface>asphalt</surface>
              <maxspeed>50</maxspeed>
              <oneway>yes</oneway>
            </gpxtpx:Extensions>
          </gpxtpx:TrackPointExtension>
        </extensions>
      </trkpt>
      <trkpt lat="45.007125" lon="7.657537">
        <ele>231</ele>
        <time>2023-05-15T13:09:39.708Z</time>
        <extensions>
          <gpxtpx:TrackPointExtension>
            <gpxtpx:Extensions>
              <highway>secondary</highway>
              <surface>asphalt</surface>
              <maxspeed>50</maxspeed>
              <oneway>yes</oneway>
            </gpxtpx:Extensions>
          </gpxtpx:TrackPointExtension>
        </extensions>
      </trkpt>
      <trkpt lat="45.00718" lon="7.657519">
        <ele>231.5</ele>
        <time>2023-05-15T13:09:40.489Z</time>
        <extensions>
          <gpxtpx:TrackPointExtension>
            <gpxtpx:Extensions>
              <reversedirection>yes</reversedirection>
              <highway>secondary</highway>
              <surface>asphalt</surface>
              <maxspeed>50</maxspeed>
            </gpxtpx:Extensions>
          </gpxtpx:TrackPointExtension>
        </extensions>
      </trkpt>
      <trkpt lat="45.007363" lon="7.657595">
        <ele>232.5</ele>
        <time>2023-05-15T13:09:43.129Z</time>
        <extensions>
          <gpxtpx:TrackPointExtension>
            <gpxtpx:Extensions>
              <reversedirection>yes</reversedirection>
              <highway>secondary</highway>
              <surface>asphalt</surface>
            </gpxtpx:Extensions>
          </gpxtpx:TrackPointExtension>
        </extensions>
      </trkpt>
      <trkpt lat="45.007487" lon="7.657654">
        <ele>233</ele>
        <time>2023-05-15T13:09:44.940Z</time>
        <extensions>
          <gpxtpx:TrackPointExtension>
            <gpxtpx:Extensions>
              <reversedirection>yes</reversedirection>
              <highway>secondary</highway>
              <surface>asphalt</surface>
            </gpxtpx:Extensions>
          </gpxtpx:TrackPointExtension>
        </extensions>
      </trkpt>
      <trkpt lat="45.00779" lon="7.657768">
        <ele>233.5</ele>
        <time>2023-05-15T13:09:49.280Z</time>
        <extensions>
          <gpxtpx:TrackPointExtension>
            <gpxtpx:Extensions>
              <reversedirection>yes</reversedirection>
              <highway>secondary</highway>
              <surface>asphalt</surface>
              <maxspeed>50</maxspeed>
            </gpxtpx:Extensions>
          </gpxtpx:TrackPointExtension>
        </extensions>
      </trkpt>
      <trkpt lat="45.008032" lon="7.657859">
        <ele>234</ele>
        <time>2023-05-15T13:09:52.746Z</time>
        <extensions>
          <gpxtpx:TrackPointExtension>
            <gpxtpx:Extensions>
              <reversedirection>yes</reversedirection>
              <highway>secondary</highway>
              <surface>asphalt</surface>
              <maxspeed>50</maxspeed>
            </gpxtpx:Extensions>
          </gpxtpx:TrackPointExtension>
        </extensions>
      </trkpt>
      <trkpt lat="45.008226" lon="7.657931">
        <ele>234.5</ele>
        <time>2023-05-15T13:09:55.522Z</time>
        <extensions>
          <gpxtpx:TrackPointExtension>
            <gpxtpx:Extensions>
              <reversedirection>yes</reversedirection>
              <highway>secondary</highway>
              <surface>asphalt</surface>
              <maxspeed>50</maxspeed>
            </gpxtpx:Extensions>
          </gpxtpx:TrackPointExtension>
        </extensions>
      </trkpt>
      <trkpt lat="45.008295" lon="7.657957">
        <ele>234.75</ele>
        <time>2023-05-15T13:09:56.510Z</time>
        <extensions>
          <gpxtpx:TrackPointExtension>
            <gpxtpx:Extensions>
              <reversedirection>yes</reversedirection>
              <highway>secondary</highway>
              <surface>asphalt</surface>
              <maxspeed>50</maxspeed>
            </gpxtpx:Extensions>
          </gpxtpx:TrackPointExtension>
        </extensions>
      </trkpt>
      <trkpt lat="45.008382" lon="7.657989">
        <ele>235</ele>
        <time>2023-05-15T13:09:57.754Z</time>
        <extensions>
          <gpxtpx:TrackPointExtension>
            <gpxtpx:Extensions>
              <reversedirection>yes</reversedirection>
              <highway>secondary</highway>
              <surface>asphalt</surface>
              <maxspeed>50</maxspeed>
            </gpxtpx:Extensions>
          </gpxtpx:TrackPointExtension>
        </extensions>
      </trkpt>
      <trkpt lat="45.008471" lon="7.658025">
        <ele>235</ele>
        <time>2023-05-15T13:09:59.035Z</time>
        <extensions>
          <gpxtpx:TrackPointExtension>
            <gpxtpx:Extensions>
              <reversedirection>yes</reversedirection>
              <highway>secondary</highway>
              <surface>asphalt</surface>
              <maxspeed>50</maxspeed>
            </gpxtpx:Extensions>
          </gpxtpx:TrackPointExtension>
        </extensions>
      </trkpt>
      <trkpt lat="45.008518" lon="7.658044">
        <ele>235</ele>
        <time>2023-05-15T13:09:59.711Z</time>
        <extensions>
          <gpxtpx:TrackPointExtension>
            <gpxtpx:Extensions>
              <reversedirection>yes</reversedirection>
              <highway>secondary</highway>
              <surface>asphalt</surface>
              <maxspeed>50</maxspeed>
            </gpxtpx:Extensions>
          </gpxtpx:TrackPointExtension>
        </extensions>
      </trkpt>
      <trkpt lat="45.008714" lon="7.658122">
        <ele>235</ele>
        <time>2023-05-15T13:10:02.530Z</time>
        <extensions>
          <gpxtpx:TrackPointExtension>
            <gpxtpx:Extensions>
              <reversedirection>yes</reversedirection>
              <highway>secondary</highway>
              <surface>asphalt</surface>
              <maxspeed>50</maxspeed>
            </gpxtpx:Extensions>
          </gpxtpx:TrackPointExtension>
        </extensions>
      </trkpt>
      <trkpt lat="45.008931" lon="7.658209">
        <ele>235.5</ele>
        <time>2023-05-15T13:10:05.652Z</time>
        <extensions>
          <gpxtpx:TrackPointExtension>
            <gpxtpx:Extensions>
              <reversedirection>yes</reversedirection>
              <highway>secondary</highway>
              <surface>asphalt</surface>
              <maxspeed>50</maxspeed>
            </gpxtpx:Extensions>
          </gpxtpx:TrackPointExtension>
        </extensions>
      </trkpt>
      <trkpt lat="45.009073" lon="7.658265">
        <ele>235.5</ele>
        <time>2023-05-15T13:10:07.693Z</time>
        <extensions>
          <gpxtpx:TrackPointExtension>
            <gpxtpx:Extensions>
              <reversedirection>yes</reversedirection>
              <highway>secondary</highway>
              <surface>asphalt</surface>
              <maxspeed>50</maxspeed>
            </gpxtpx:Extensions>
          </gpxtpx:TrackPointExtension>
        </extensions>
      </trkpt>
      <trkpt lat="45.009432" lon="7.658409">
        <ele>235.75</ele>
        <time>2023-05-15T13:10:12.859Z</time>
        <extensions>
          <gpxtpx:TrackPointExtension>
            <gpxtpx:Extensions>
              <reversedirection>yes</reversedirection>
              <highway>secondary</highway>
              <surface>asphalt</surface>
              <maxspeed>50</maxspeed>
            </gpxtpx:Extensions>
          </gpxtpx:TrackPointExtension>
        </extensions>
      </trkpt>
      <trkpt lat="45.009496" lon="7.658435">
        <ele>235.75</ele>
        <time>2023-05-15T13:10:13.780Z</time>
        <extensions>
          <gpxtpx:TrackPointExtension>
            <gpxtpx:Extensions>
              <reversedirection>yes</reversedirection>
              <highway>secondary</highway>
              <surface>asphalt</surface>
              <maxspeed>50</maxspeed>
            </gpxtpx:Extensions>
          </gpxtpx:TrackPointExtension>
        </extensions>
      </trkpt>
      <trkpt lat="45.009631" lon="7.658488">
        <ele>235.5</ele>
        <time>2023-05-15T13:10:15.719Z</time>
        <extensions>
          <gpxtpx:TrackPointExtension>
            <gpxtpx:Extensions>
              <reversedirection>yes</reversedirection>
              <highway>secondary</highway>
              <surface>asphalt</surface>
              <maxspeed>50</maxspeed>
            </gpxtpx:Extensions>
          </gpxtpx:TrackPointExtension>
        </extensions>
      </trkpt>
      <trkpt lat="45.009874" lon="7.658582">
        <ele>235.25</ele>
        <time>2023-05-15T13:10:19.206Z</time>
        <extensions>
          <gpxtpx:TrackPointExtension>
            <gpxtpx:Extensions>
              <reversedirection>yes</reversedirection>
              <highway>secondary</highway>
              <surface>asphalt</surface>
              <maxspeed>50</maxspeed>
            </gpxtpx:Extensions>
          </gpxtpx:TrackPointExtension>
        </extensions>
      </trkpt>
      <trkpt lat="45.009974" lon="7.658621">
        <ele>235.25</ele>
        <time>2023-05-15T13:10:20.642Z</time>
        <extensions>
          <gpxtpx:TrackPointExtension>
            <gpxtpx:Extensions>
              <reversedirection>yes</reversedirection>
              <highway>secondary</highway>
              <surface>asphalt</surface>
              <maxspeed>50</maxspeed>
            </gpxtpx:Extensions>
          </gpxtpx:TrackPointExtension>
        </extensions>
      </trkpt>
      <trkpt lat="45.010008" lon="7.658634">
        <ele>235.25</ele>
        <time>2023-05-15T13:10:21.129Z</time>
        <extensions>
          <gpxtpx:TrackPointExtension>
            <gpxtpx:Extensions>
              <reversedirection>yes</reversedirection>
              <highway>secondary</highway>
              <surface>asphalt</surface>
              <maxspeed>50</maxspeed>
            </gpxtpx:Extensions>
          </gpxtpx:TrackPointExtension>
        </extensions>
      </trkpt>
      <trkpt lat="45.010073" lon="7.658659">
        <ele>235</ele>
        <time>2023-05-15T13:10:22.061Z</time>
        <extensions>
          <gpxtpx:TrackPointExtension>
            <gpxtpx:Extensions>
              <reversedirection>yes</reversedirection>
              <highway>secondary</highway>
              <surface>asphalt</surface>
              <maxspeed>50</maxspeed>
            </gpxtpx:Extensions>
          </gpxtpx:TrackPointExtension>
        </extensions>
      </trkpt>
      <trkpt lat="45.010131" lon="7.658682">
        <ele>235</ele>
        <time>2023-05-15T13:10:22.895Z</time>
        <extensions>
          <gpxtpx:TrackPointExtension>
            <gpxtpx:Extensions>
              <reversedirection>yes</reversedirection>
              <highway>secondary</highway>
              <surface>asphalt</surface>
              <maxspeed>50</maxspeed>
            </gpxtpx:Extensions>
          </gpxtpx:TrackPointExtension>
        </extensions>
      </trkpt>
      <trkpt lat="45.010643" lon="7.658888">
        <ele>234.25</ele>
        <time>2023-05-15T13:10:30.264Z</time>
        <extensions>
          <gpxtpx:TrackPointExtension>
            <gpxtpx:Extensions>
              <reversedirection>yes</reversedirection>
              <highway>secondary</highway>
              <surface>asphalt</surface>
              <maxspeed>50</maxspeed>
            </gpxtpx:Extensions>
          </gpxtpx:TrackPointExtension>
        </extensions>
      </trkpt>
      <trkpt lat="45.010714" lon="7.658916">
        <ele>234.25</ele>
        <time>2023-05-15T13:10:31.284Z</time>
        <extensions>
          <gpxtpx:TrackPointExtension>
            <gpxtpx:Extensions>
              <reversedirection>yes</reversedirection>
              <highway>secondary</highway>
              <surface>asphalt</surface>
              <maxspeed>50</maxspeed>
            </gpxtpx:Extensions>
          </gpxtpx:TrackPointExtension>
        </extensions>
      </trkpt>
      <trkpt lat="45.010807" lon="7.65895">
        <ele>234.25</ele>
        <time>2023-05-15T13:10:32.613Z</time>
        <extensions>
          <gpxtpx:TrackPointExtension>
            <gpxtpx:Extensions>
              <reversedirection>yes</reversedirection>
              <highway>secondary</highway>
              <surface>asphalt</surface>
              <maxspeed>50</maxspeed>
            </gpxtpx:Extensions>
          </gpxtpx:TrackPointExtension>
        </extensions>
      </trkpt>
      <trkpt lat="45.011479" lon="7.659199">
        <ele>236.25</ele>
        <time>2023-05-15T13:10:42.230Z</time>
        <extensions>
          <gpxtpx:TrackPointExtension>
            <gpxtpx:Extensions>
              <reversedirection>yes</reversedirection>
              <highway>secondary</highway>
              <surface>asphalt</surface>
              <maxspeed>50</maxspeed>
            </gpxtpx:Extensions>
          </gpxtpx:TrackPointExtension>
        </extensions>
      </trkpt>
      <trkpt lat="45.011527" lon="7.659217">
        <ele>236.25</ele>
        <time>2023-05-15T13:10:42.917Z</time>
        <extensions>
          <gpxtpx:TrackPointExtension>
            <gpxtpx:Extensions>
              <reversedirection>yes</reversedirection>
              <highway>secondary</highway>
              <surface>asphalt</surface>
              <maxspeed>50</maxspeed>
            </gpxtpx:Extensions>
          </gpxtpx:TrackPointExtension>
        </extensions>
      </trkpt>
      <trkpt lat="45.011592" lon="7.659241">
        <ele>236.5</ele>
        <time>2023-05-15T13:10:43.847Z</time>
        <extensions>
          <gpxtpx:TrackPointExtension>
            <gpxtpx:Extensions>
              <reversedirection>yes</reversedirection>
              <highway>secondary</highway>
              <surface>asphalt</surface>
              <maxspeed>50</maxspeed>
            </gpxtpx:Extensions>
          </gpxtpx:TrackPointExtension>
        </extensions>
      </trkpt>
      <trkpt lat="45.011683" lon="7.659278">
        <ele>236.75</ele>
        <time>2023-05-15T13:10:45.157Z</time>
        <extensions>
          <gpxtpx:TrackPointExtension>
            <gpxtpx:Extensions>
              <reversedirection>yes</reversedirection>
              <highway>secondary</highway>
              <surface>asphalt</surface>
              <maxspeed>50</maxspeed>
            </gpxtpx:Extensions>
          </gpxtpx:TrackPointExtension>
        </extensions>
      </trkpt>
      <trkpt lat="45.01171" lon="7.659289">
        <ele>236.75</ele>
        <time>2023-05-15T13:10:45.546Z</time>
        <extensions>
          <gpxtpx:TrackPointExtension>
            <gpxtpx:Extensions>
              <reversedirection>yes</reversedirection>
              <highway>secondary</highway>
              <surface>asphalt</surface>
              <maxspeed>50</maxspeed>
            </gpxtpx:Extensions>
          </gpxtpx:TrackPointExtension>
        </extensions>
      </trkpt>
      <trkpt lat="45.012199" lon="7.659485">
        <ele>237.5</ele>
        <time>2023-05-15T13:10:52.582Z</time>
        <extensions>
          <gpxtpx:TrackPointExtension>
            <gpxtpx:Extensions>
              <reversedirection>yes</reversedirection>
              <highway>secondary</highway>
              <surface>asphalt</surface>
              <maxspeed>50</maxspeed>
            </gpxtpx:Extensions>
          </gpxtpx:TrackPointExtension>
        </extensions>
      </trkpt>
      <trkpt lat="45.012543" lon="7.659621">
        <ele>237.75</ele>
        <time>2023-05-15T13:10:57.527Z</time>
        <extensions>
          <gpxtpx:TrackPointExtension>
            <gpxtpx:Extensions>
              <reversedirection>yes</reversedirection>
              <highway>secondary</highway>
              <surface>asphalt</surface>
              <maxspeed>50</maxspeed>
            </gpxtpx:Extensions>
          </gpxtpx:TrackPointExtension>
        </extensions>
      </trkpt>
      <trkpt lat="45.012594" lon="7.659641">
        <ele>237.5</ele>
        <time>2023-05-15T13:10:58.259Z</time>
        <extensions>
          <gpxtpx:TrackPointExtension>
            <gpxtpx:Extensions>
              <reversedirection>yes</reversedirection>
              <highway>secondary</highway>
              <surface>asphalt</surface>
              <maxspeed>50</maxspeed>
            </gpxtpx:Extensions>
          </gpxtpx:TrackPointExtension>
        </extensions>
      </trkpt>
      <trkpt lat="45.01269" lon="7.659678">
        <ele>237.25</ele>
        <time>2023-05-15T13:10:59.636Z</time>
        <extensions>
          <gpxtpx:TrackPointExtension>
            <gpxtpx:Extensions>
              <reversedirection>yes</reversedirection>
              <highway>secondary</highway>
              <surface>asphalt</surface>
              <maxspeed>50</maxspeed>
            </gpxtpx:Extensions>
          </gpxtpx:TrackPointExtension>
        </extensions>
      </trkpt>
      <trkpt lat="45.013303" lon="7.659914">
        <ele>235.25</ele>
        <time>2023-05-15T13:11:08.431Z</time>
        <extensions>
          <gpxtpx:TrackPointExtension>
            <gpxtpx:Extensions>
              <reversedirection>yes</reversedirection>
              <highway>secondary</highway>
              <surface>asphalt</surface>
              <maxspeed>50</maxspeed>
            </gpxtpx:Extensions>
          </gpxtpx:TrackPointExtension>
        </extensions>
      </trkpt>
      <trkpt lat="45.013386" lon="7.659946">
        <ele>235</ele>
        <time>2023-05-15T13:11:09.622Z</time>
        <extensions>
          <gpxtpx:TrackPointExtension>
            <gpxtpx:Extensions>
              <reversedirection>yes</reversedirection>
              <highway>secondary</highway>
              <surface>asphalt</surface>
              <maxspeed>50</maxspeed>
            </gpxtpx:Extensions>
          </gpxtpx:TrackPointExtension>
        </extensions>
      </trkpt>
      <trkpt lat="45.013507" lon="7.659992">
        <ele>234.75</ele>
        <time>2023-05-15T13:11:11.356Z</time>
        <extensions>
          <gpxtpx:TrackPointExtension>
            <gpxtpx:Extensions>
              <reversedirection>yes</reversedirection>
              <highway>secondary</highway>
              <surface>asphalt</surface>
              <maxspeed>50</maxspeed>
            </gpxtpx:Extensions>
          </gpxtpx:TrackPointExtension>
        </extensions>
      </trkpt>
      <trkpt lat="45.013556" lon="7.660011">
        <ele>234.5</ele>
        <time>2023-05-15T13:11:12.059Z</time>
        <extensions>
          <gpxtpx:TrackPointExtension>
            <gpxtpx:Extensions>
              <reversedirection>yes</reversedirection>
              <highway>secondary</highway>
              <surface>asphalt</surface>
              <maxspeed>50</maxspeed>
            </gpxtpx:Extensions>
          </gpxtpx:TrackPointExtension>
        </extensions>
      </trkpt>
      <trkpt lat="45.013658" lon="7.66005">
        <ele>234.25</ele>
        <time>2023-05-15T13:11:13.521Z</time>
        <extensions>
          <gpxtpx:TrackPointExtension>
            <gpxtpx:Extensions>
              <highway>secondary</highway>
              <surface>asphalt</surface>
              <maxspeed>30</maxspeed>
              <oneway>yes</oneway>
            </gpxtpx:Extensions>
          </gpxtpx:TrackPointExtension>
        </extensions>
      </trkpt>
      <trkpt lat="45.013771" lon="7.660157">
        <ele>234</ele>
        <time>2023-05-15T13:11:15.403Z</time>
        <extensions>
          <gpxtpx:TrackPointExtension>
            <gpxtpx:Extensions>
              <highway>secondary</highway>
              <surface>asphalt</surface>
              <maxspeed>30</maxspeed>
              <oneway>yes</oneway>
            </gpxtpx:Extensions>
          </gpxtpx:TrackPointExtension>
        </extensions>
      </trkpt>
      <trkpt lat="45.014107" lon="7.660295">
        <ele>233.5</ele>
        <time>2023-05-15T13:11:20.247Z</time>
        <extensions>
          <gpxtpx:TrackPointExtension>
            <gpxtpx:Extensions>
              <highway>secondary</highway>
              <surface>asphalt</surface>
              <maxspeed>30</maxspeed>
              <oneway>yes</oneway>
            </gpxtpx:Extensions>
          </gpxtpx:TrackPointExtension>
        </extensions>
      </trkpt>
      <trkpt lat="45.014359" lon="7.660381">
        <ele>234</ele>
        <time>2023-05-15T13:11:23.836Z</time>
        <extensions>
          <gpxtpx:TrackPointExtension>
            <gpxtpx:Extensions>
              <highway>secondary</highway>
              <surface>asphalt</surface>
              <maxspeed>30</maxspeed>
              <oneway>yes</oneway>
            </gpxtpx:Extensions>
          </gpxtpx:TrackPointExtension>
        </extensions>
      </trkpt>
      <trkpt lat="45.014589" lon="7.660406">
        <ele>235</ele>
        <time>2023-05-15T13:11:27.029Z</time>
        <extensions>
          <gpxtpx:TrackPointExtension>
            <gpxtpx:Extensions>
              <reversedirection>yes</reversedirection>
              <highway>secondary</highway>
              <surface>asphalt</surface>
              <maxspeed>30</maxspeed>
            </gpxtpx:Extensions>
          </gpxtpx:TrackPointExtension>
        </extensions>
      </trkpt>
      <trkpt lat="45.01489" lon="7.660517">
        <ele>236</ele>
        <time>2023-05-15T13:11:31.335Z</time>
        <extensions>
          <gpxtpx:TrackPointExtension>
            <gpxtpx:Extensions>
              <reversedirection>yes</reversedirection>
              <highway>secondary</highway>
              <surface>asphalt</surface>
              <maxspeed>30</maxspeed>
            </gpxtpx:Extensions>
          </gpxtpx:TrackPointExtension>
        </extensions>
      </trkpt>
      <trkpt lat="45.015073" lon="7.660585">
        <ele>236.5</ele>
        <time>2023-05-15T13:11:33.954Z</time>
        <extensions>
          <gpxtpx:TrackPointExtension>
            <gpxtpx:Extensions>
              <reversedirection>yes</reversedirection>
              <highway>secondary</highway>
              <surface>asphalt</surface>
              <maxspeed>30</maxspeed>
            </gpxtpx:Extensions>
          </gpxtpx:TrackPointExtension>
        </extensions>
      </trkpt>
      <trkpt lat="45.015455" lon="7.66073">
        <ele>236.75</ele>
        <time>2023-05-15T13:11:39.429Z</time>
        <extensions>
          <gpxtpx:TrackPointExtension>
            <gpxtpx:Extensions>
              <reversedirection>yes</reversedirection>
              <highway>secondary</highway>
              <surface>asphalt</surface>
              <maxspeed>30</maxspeed>
            </gpxtpx:Extensions>
          </gpxtpx:TrackPointExtension>
        </extensions>
      </trkpt>
      <trkpt lat="45.015854" lon="7.660883">
        <ele>236.75</ele>
        <time>2023-05-15T13:11:45.152Z</time>
        <extensions>
          <gpxtpx:TrackPointExtension>
            <gpxtpx:Extensions>
              <reversedirection>yes</reversedirection>
              <highway>secondary</highway>
              <surface>asphalt</surface>
              <maxspeed>30</maxspeed>
            </gpxtpx:Extensions>
          </gpxtpx:TrackPointExtension>
        </extensions>
      </trkpt>
      <trkpt lat="45.015896" lon="7.660898">
        <ele>236.75</ele>
        <time>2023-05-15T13:11:45.751Z</time>
        <extensions>
          <gpxtpx:TrackPointExtension>
            <gpxtpx:Extensions>
              <reversedirection>yes</reversedirection>
              <highway>secondary</highway>
              <surface>asphalt</surface>
              <maxspeed>30</maxspeed>
            </gpxtpx:Extensions>
          </gpxtpx:TrackPointExtension>
        </extensions>
      </trkpt>
      <trkpt lat="45.015927" lon="7.660909">
        <ele>236.5</ele>
        <time>2023-05-15T13:11:46.193Z</time>
        <extensions>
          <gpxtpx:TrackPointExtension>
            <gpxtpx:Extensions>
              <reversedirection>yes</reversedirection>
              <highway>secondary</highway>
              <surface>asphalt</surface>
              <maxspeed>30</maxspeed>
            </gpxtpx:Extensions>
          </gpxtpx:TrackPointExtension>
        </extensions>
      </trkpt>
      <trkpt lat="45.015967" lon="7.66092">
        <ele>236.5</ele>
        <time>2023-05-15T13:11:46.757Z</time>
        <extensions>
          <gpxtpx:TrackPointExtension>
            <gpxtpx:Extensions>
              <reversedirection>yes</reversedirection>
              <highway>secondary</highway>
              <surface>asphalt</surface>
              <maxspeed>30</maxspeed>
            </gpxtpx:Extensions>
          </gpxtpx:TrackPointExtension>
        </extensions>
      </trkpt>
      <trkpt lat="45.016037" lon="7.660986">
        <ele>236.25</ele>
        <time>2023-05-15T13:11:47.921Z</time>
        <extensions>
          <gpxtpx:TrackPointExtension>
            <gpxtpx:Extensions>
              <reversedirection>yes</reversedirection>
              <highway>secondary</highway>
              <surface>asphalt</surface>
              <maxspeed>30</maxspeed>
            </gpxtpx:Extensions>
          </gpxtpx:TrackPointExtension>
        </extensions>
      </trkpt>
      <trkpt lat="45.01609" lon="7.661057">
        <ele>236</ele>
        <time>2023-05-15T13:11:48.931Z</time>
        <extensions>
          <gpxtpx:TrackPointExtension>
            <gpxtpx:Extensions>
              <reversedirection>yes</reversedirection>
              <highway>secondary</highway>
              <surface>asphalt</surface>
              <maxspeed>30</maxspeed>
            </gpxtpx:Extensions>
          </gpxtpx:TrackPointExtension>
        </extensions>
      </trkpt>
      <trkpt lat="45.016096" lon="7.661072">
        <ele>235.75</ele>
        <time>2023-05-15T13:11:49.099Z</time>
        <extensions>
          <gpxtpx:TrackPointExtension>
            <gpxtpx:Extensions>
              <reversedirection>yes</reversedirection>
              <highway>secondary</highway>
              <surface>asphalt</surface>
              <maxspeed>30</maxspeed>
            </gpxtpx:Extensions>
          </gpxtpx:TrackPointExtension>
        </extensions>
      </trkpt>
      <trkpt lat="45.01638" lon="7.661715">
        <ele>234</ele>
        <time>2023-05-15T13:11:56.519Z</time>
        <extensions>
          <gpxtpx:TrackPointExtension>
            <gpxtpx:Extensions>
              <reversedirection>yes</reversedirection>
              <highway>secondary</highway>
              <surface>asphalt</surface>
              <maxspeed>30</maxspeed>
            </gpxtpx:Extensions>
          </gpxtpx:TrackPointExtension>
        </extensions>
      </trkpt>
      <trkpt lat="45.016387" lon="7.661731">
        <ele>234</ele>
        <time>2023-05-15T13:11:56.703Z</time>
        <extensions>
          <gpxtpx:TrackPointExtension>
            <gpxtpx:Extensions>
              <reversedirection>yes</reversedirection>
              <highway>secondary</highway>
              <surface>asphalt</surface>
              <maxspeed>30</maxspeed>
            </gpxtpx:Extensions>
          </gpxtpx:TrackPointExtension>
        </extensions>
      </trkpt>
      <trkpt lat="45.016464" lon="7.661865">
        <ele>234</ele>
        <time>2023-05-15T13:11:58.393Z</time>
        <extensions>
          <gpxtpx:TrackPointExtension>
            <gpxtpx:Extensions>
              <reversedirection>yes</reversedirection>
              <highway>secondary</highway>
              <surface>asphalt</surface>
              <oneway>no</oneway>
            </gpxtpx:Extensions>
          </gpxtpx:TrackPointExtension>
        </extensions>
      </trkpt>
      <trkpt lat="45.016574" lon="7.661903">
        <ele>234</ele>
        <time>2023-05-15T13:11:59.960Z</time>
        <extensions>
          <gpxtpx:TrackPointExtension>
            <gpxtpx:Extensions>
              <reversedirection>yes</reversedirection>
              <highway>secondary</highway>
              <surface>asphalt</surface>
              <oneway>no</oneway>
            </gpxtpx:Extensions>
          </gpxtpx:TrackPointExtension>
        </extensions>
      </trkpt>
      <trkpt lat="45.016745" lon="7.661963">
        <ele>234</ele>
        <time>2023-05-15T13:12:02.399Z</time>
        <extensions>
          <gpxtpx:TrackPointExtension>
            <gpxtpx:Extensions>
              <reversedirection>yes</reversedirection>
              <highway>secondary</highway>
              <surface>asphalt</surface>
              <oneway>no</oneway>
            </gpxtpx:Extensions>
          </gpxtpx:TrackPointExtension>
        </extensions>
      </trkpt>
      <trkpt lat="45.016822" lon="7.661995">
        <ele>234.25</ele>
        <time>2023-05-15T13:12:03.510Z</time>
        <extensions>
          <gpxtpx:TrackPointExtension>
            <gpxtpx:Extensions>
              <highway>secondary</highway>
              <surface>asphalt</surface>
              <maxspeed>30</maxspeed>
              <oneway>yes</oneway>
            </gpxtpx:Extensions>
          </gpxtpx:TrackPointExtension>
        </extensions>
      </trkpt>
      <trkpt lat="45.016985" lon="7.662095">
        <ele>234.5</ele>
        <time>2023-05-15T13:12:05.969Z</time>
        <extensions>
          <gpxtpx:TrackPointExtension>
            <gpxtpx:Extensions>
              <highway>secondary</highway>
              <surface>asphalt</surface>
              <maxspeed>30</maxspeed>
              <oneway>yes</oneway>
            </gpxtpx:Extensions>
          </gpxtpx:TrackPointExtension>
        </extensions>
      </trkpt>
      <trkpt lat="45.017046" lon="7.662115">
        <ele>234.5</ele>
        <time>2023-05-15T13:12:06.836Z</time>
        <extensions>
          <gpxtpx:TrackPointExtension>
            <gpxtpx:Extensions>
              <highway>secondary</highway>
              <surface>asphalt</surface>
              <maxspeed>30</maxspeed>
              <oneway>yes</oneway>
            </gpxtpx:Extensions>
          </gpxtpx:TrackPointExtension>
        </extensions>
      </trkpt>
      <trkpt lat="45.017153" lon="7.662096">
        <ele>234.5</ele>
        <time>2023-05-15T13:12:08.329Z</time>
        <extensions>
          <gpxtpx:TrackPointExtension>
            <gpxtpx:Extensions>
              <highway>secondary</highway>
              <surface>asphalt</surface>
              <maxspeed>30</maxspeed>
              <oneway>yes</oneway>
            </gpxtpx:Extensions>
          </gpxtpx:TrackPointExtension>
        </extensions>
      </trkpt>
      <trkpt lat="45.01728" lon="7.662016">
        <ele>234.25</ele>
        <time>2023-05-15T13:12:10.253Z</time>
        <extensions>
          <gpxtpx:TrackPointExtension>
            <gpxtpx:Extensions>
              <highway>secondary</highway>
              <surface>asphalt</surface>
              <maxspeed>30</maxspeed>
              <oneway>yes</oneway>
            </gpxtpx:Extensions>
          </gpxtpx:TrackPointExtension>
        </extensions>
      </trkpt>
      <trkpt lat="45.017331" lon="7.661988">
        <ele>234.5</ele>
        <time>2023-05-15T13:12:11.010Z</time>
        <extensions>
          <gpxtpx:TrackPointExtension>
            <gpxtpx:Extensions>
              <highway>secondary</highway>
              <surface>asphalt</surface>
              <maxspeed>30</maxspeed>
              <oneway>yes</oneway>
            </gpxtpx:Extensions>
          </gpxtpx:TrackPointExtension>
        </extensions>
      </trkpt>
      <trkpt lat="45.017401" lon="7.661947">
        <ele>234.5</ele>
        <time>2023-05-15T13:12:12.058Z</time>
        <extensions>
          <gpxtpx:TrackPointExtension>
            <gpxtpx:Extensions>
              <highway>secondary</highway>
              <surface>asphalt</surface>
              <maxspeed>30</maxspeed>
              <oneway>yes</oneway>
            </gpxtpx:Extensions>
          </gpxtpx:TrackPointExtension>
        </extensions>
      </trkpt>
      <trkpt lat="45.017593" lon="7.661831">
        <ele>234.5</ele>
        <time>2023-05-15T13:12:14.948Z</time>
        <extensions>
          <gpxtpx:TrackPointExtension>
            <gpxtpx:Extensions>
              <highway>residential</highway>
              <surface>asphalt</surface>
              <maxspeed>30</maxspeed>
              <oneway>yes</oneway>
            </gpxtpx:Extensions>
          </gpxtpx:TrackPointExtension>
        </extensions>
      </trkpt>
      <trkpt lat="45.017728" lon="7.661891">
        <ele>234.5</ele>
        <time>2023-05-15T13:12:16.907Z</time>
        <extensions>
          <gpxtpx:TrackPointExtension>
            <gpxtpx:Extensions>
              <highway>residential</highway>
              <surface>asphalt</surface>
              <maxspeed>30</maxspeed>
              <oneway>yes</oneway>
            </gpxtpx:Extensions>
          </gpxtpx:TrackPointExtension>
        </extensions>
      </trkpt>
      <trkpt lat="45.018054" lon="7.662022">
        <ele>234</ele>
        <time>2023-05-15T13:12:22.908Z</time>
        <extensions>
          <gpxtpx:TrackPointExtension>
            <gpxtpx:Extensions>
              <highway>residential</highway>
              <surface>asphalt</surface>
              <maxspeed>30</maxspeed>
              <oneway>yes</oneway>
            </gpxtpx:Extensions>
          </gpxtpx:TrackPointExtension>
        </extensions>
      </trkpt>
      <trkpt lat="45.018053" lon="7.662021">
        <ele>234</ele>
        <time>2023-05-15T13:12:22.929Z</time>
        <extensions>
          <gpxtpx:TrackPointExtension>
            <gpxtpx:Extensions>
              <highway>residential</highway>
              <surface>asphalt</surface>
              <maxspeed>30</maxspeed>
              <oneway>yes</oneway>
            </gpxtpx:Extensions>
          </gpxtpx:TrackPointExtension>
        </extensions>
      </trkpt>
      <trkpt lat="45.018279" lon="7.662113">
        <ele>234</ele>
        <time>2023-05-15T13:12:27.093Z</time>
        <extensions>
          <gpxtpx:TrackPointExtension>
            <gpxtpx:Extensions>
              <highway>residential</highway>
              <surface>asphalt</surface>
              <maxspeed>30</maxspeed>
              <oneway>yes</oneway>
            </gpxtpx:Extensions>
          </gpxtpx:TrackPointExtension>
        </extensions>
      </trkpt>
      <trkpt lat="45.01835" lon="7.662138">
        <ele>234</ele>
        <time>2023-05-15T13:12:28.388Z</time>
        <extensions>
          <gpxtpx:TrackPointExtension>
            <gpxtpx:Extensions>
              <highway>residential</highway>
              <surface>asphalt</surface>
              <maxspeed>30</maxspeed>
              <oneway>yes</oneway>
            </gpxtpx:Extensions>
          </gpxtpx:TrackPointExtension>
        </extensions>
      </trkpt>
      <trkpt lat="45.01842" lon="7.662163">
        <ele>234</ele>
        <time>2023-05-15T13:12:29.666Z</time>
        <extensions>
          <gpxtpx:TrackPointExtension>
            <gpxtpx:Extensions>
              <highway>secondary</highway>
              <surface>asphalt</surface>
              <maxspeed>50</maxspeed>
              <oneway>yes</oneway>
            </gpxtpx:Extensions>
          </gpxtpx:TrackPointExtension>
        </extensions>
      </trkpt>
      <trkpt lat="45.018402" lon="7.662264">
        <ele>234</ele>
        <time>2023-05-15T13:12:30.969Z</time>
        <extensions>
          <gpxtpx:TrackPointExtension>
            <gpxtpx:Extensions>
              <highway>secondary</highway>
              <surface>asphalt</surface>
              <maxspeed>50</maxspeed>
              <oneway>yes</oneway>
            </gpxtpx:Extensions>
          </gpxtpx:TrackPointExtension>
        </extensions>
      </trkpt>
      <trkpt lat="45.018372" lon="7.662413">
        <ele>234</ele>
        <time>2023-05-15T13:12:32.908Z</time>
        <extensions>
          <gpxtpx:TrackPointExtension>
            <gpxtpx:Extensions>
              <highway>secondary</highway>
              <surface>asphalt</surface>
              <maxspeed>50</maxspeed>
              <oneway>yes</oneway>
            </gpxtpx:Extensions>
          </gpxtpx:TrackPointExtension>
        </extensions>
      </trkpt>
      <trkpt lat="45.018325" lon="7.66265">
        <ele>234</ele>
        <time>2023-05-15T13:12:35.989Z</time>
        <extensions>
          <gpxtpx:TrackPointExtension>
            <gpxtpx:Extensions>
              <highway>secondary</highway>
              <surface>asphalt</surface>
              <maxspeed>50</maxspeed>
              <oneway>yes</oneway>
            </gpxtpx:Extensions>
          </gpxtpx:TrackPointExtension>
        </extensions>
      </trkpt>
      <trkpt lat="45.018257" lon="7.662994">
        <ele>234</ele>
        <time>2023-05-15T13:12:40.460Z</time>
        <extensions>
          <gpxtpx:TrackPointExtension>
            <gpxtpx:Extensions>
              <highway>secondary</highway>
              <surface>asphalt</surface>
              <maxspeed>50</maxspeed>
              <oneway>yes</oneway>
            </gpxtpx:Extensions>
          </gpxtpx:TrackPointExtension>
        </extensions>
      </trkpt>
      <trkpt lat="45.018161" lon="7.663489">
        <ele>233.75</ele>
        <time>2023-05-15T13:12:46.885Z</time>
        <extensions>
          <gpxtpx:TrackPointExtension>
            <gpxtpx:Extensions>
              <highway>secondary</highway>
              <surface>asphalt</surface>
              <maxspeed>50</maxspeed>
              <oneway>yes</oneway>
            </gpxtpx:Extensions>
          </gpxtpx:TrackPointExtension>
        </extensions>
      </trkpt>
      <trkpt lat="45.018156" lon="7.663523">
        <ele>233.75</ele>
        <time>2023-05-15T13:12:47.319Z</time>
        <extensions>
          <gpxtpx:TrackPointExtension>
            <gpxtpx:Extensions>
              <highway>secondary</highway>
              <surface>asphalt</surface>
              <maxspeed>50</maxspeed>
              <oneway>yes</oneway>
            </gpxtpx:Extensions>
          </gpxtpx:TrackPointExtension>
        </extensions>
      </trkpt>
      <trkpt lat="45.018135" lon="7.66363">
        <ele>233.75</ele>
        <time>2023-05-15T13:12:48.709Z</time>
        <extensions>
          <gpxtpx:TrackPointExtension>
            <gpxtpx:Extensions>
              <highway>tertiary</highway>
              <surface>asphalt</surface>
              <oneway>yes</oneway>
            </gpxtpx:Extensions>
          </gpxtpx:TrackPointExtension>
        </extensions>
      </trkpt>
      <trkpt lat="45.018226" lon="7.663671">
        <ele>233.75</ele>
        <time>2023-05-15T13:12:50.460Z</time>
        <extensions>
          <gpxtpx:TrackPointExtension>
            <gpxtpx:Extensions>
              <highway>tertiary</highway>
              <surface>asphalt</surface>
              <oneway>yes</oneway>
            </gpxtpx:Extensions>
          </gpxtpx:TrackPointExtension>
        </extensions>
      </trkpt>
      <trkpt lat="45.018225" lon="7.66367">
        <ele>233.75</ele>
        <time>2023-05-15T13:12:50.482Z</time>
        <extensions>
          <gpxtpx:TrackPointExtension>
            <gpxtpx:Extensions>
              <highway>tertiary</highway>
              <surface>asphalt</surface>
              <oneway>yes</oneway>
            </gpxtpx:Extensions>
          </gpxtpx:TrackPointExtension>
        </extensions>
      </trkpt>
      <trkpt lat="45.018292" lon="7.6637">
        <ele>233.75</ele>
        <time>2023-05-15T13:12:51.770Z</time>
        <extensions>
          <gpxtpx:TrackPointExtension>
            <gpxtpx:Extensions>
              <highway>tertiary</highway>
              <surface>asphalt</surface>
              <oneway>yes</oneway>
            </gpxtpx:Extensions>
          </gpxtpx:TrackPointExtension>
        </extensions>
      </trkpt>
      <trkpt lat="45.018323" lon="7.663714">
        <ele>233.75</ele>
        <time>2023-05-15T13:12:52.366Z</time>
        <extensions>
          <gpxtpx:TrackPointExtension>
            <gpxtpx:Extensions>
              <highway>tertiary</highway>
              <surface>asphalt</surface>
              <oneway>yes</oneway>
            </gpxtpx:Extensions>
          </gpxtpx:TrackPointExtension>
        </extensions>
      </trkpt>
      <trkpt lat="45.018454" lon="7.663771">
        <ele>234.25</ele>
        <time>2023-05-15T13:12:54.879Z</time>
        <extensions>
          <gpxtpx:TrackPointExtension>
            <gpxtpx:Extensions>
              <highway>tertiary</highway>
              <surface>asphalt</surface>
              <oneway>yes</oneway>
            </gpxtpx:Extensions>
          </gpxtpx:TrackPointExtension>
        </extensions>
      </trkpt>
      <trkpt lat="45.018907" lon="7.663968">
        <ele>235.5</ele>
        <time>2023-05-15T13:13:03.568Z</time>
        <extensions>
          <gpxtpx:TrackPointExtension>
            <gpxtpx:Extensions>
              <highway>tertiary</highway>
              <surface>asphalt</surface>
              <oneway>yes</oneway>
            </gpxtpx:Extensions>
          </gpxtpx:TrackPointExtension>
        </extensions>
      </trkpt>
      <trkpt lat="45.019685" lon="7.664306">
        <ele>236.25</ele>
        <time>2023-05-15T13:13:18.490Z</time>
        <extensions>
          <gpxtpx:TrackPointExtension>
            <gpxtpx:Extensions>
              <highway>tertiary</highway>
              <surface>asphalt</surface>
              <oneway>yes</oneway>
            </gpxtpx:Extensions>
          </gpxtpx:TrackPointExtension>
        </extensions>
      </trkpt>
      <trkpt lat="45.021503" lon="7.665051">
        <ele>238.25</ele>
        <time>2023-05-15T13:13:53.194Z</time>
        <extensions>
          <gpxtpx:TrackPointExtension>
            <gpxtpx:Extensions>
              <highway>tertiary</highway>
              <surface>asphalt</surface>
              <oneway>yes</oneway>
            </gpxtpx:Extensions>
          </gpxtpx:TrackPointExtension>
        </extensions>
      </trkpt>
      <trkpt lat="45.021527" lon="7.665061">
        <ele>238.25</ele>
        <time>2023-05-15T13:13:53.652Z</time>
        <extensions>
          <gpxtpx:TrackPointExtension>
            <gpxtpx:Extensions>
              <highway>tertiary</highway>
              <surface>asphalt</surface>
              <oneway>yes</oneway>
            </gpxtpx:Extensions>
          </gpxtpx:TrackPointExtension>
        </extensions>
      </trkpt>
      <trkpt lat="45.021579" lon="7.665082">
        <ele>238.25</ele>
        <time>2023-05-15T13:13:54.643Z</time>
        <extensions>
          <gpxtpx:TrackPointExtension>
            <gpxtpx:Extensions>
              <highway>tertiary</highway>
              <surface>asphalt</surface>
              <maxspeed>30</maxspeed>
              <oneway>yes</oneway>
            </gpxtpx:Extensions>
          </gpxtpx:TrackPointExtension>
        </extensions>
      </trkpt>
      <trkpt lat="45.021651" lon="7.665111">
        <ele>238</ele>
        <time>2023-05-15T13:13:56.015Z</time>
        <extensions>
          <gpxtpx:TrackPointExtension>
            <gpxtpx:Extensions>
              <highway>tertiary</highway>
              <surface>asphalt</surface>
              <maxspeed>30</maxspeed>
              <oneway>yes</oneway>
            </gpxtpx:Extensions>
          </gpxtpx:TrackPointExtension>
        </extensions>
      </trkpt>
      <trkpt lat="45.021664" lon="7.665116">
        <ele>238</ele>
        <time>2023-05-15T13:13:56.262Z</time>
        <extensions>
          <gpxtpx:TrackPointExtension>
            <gpxtpx:Extensions>
              <highway>tertiary</highway>
              <surface>asphalt</surface>
              <maxspeed>30</maxspeed>
              <oneway>yes</oneway>
            </gpxtpx:Extensions>
          </gpxtpx:TrackPointExtension>
        </extensions>
      </trkpt>
      <trkpt lat="45.023199" lon="7.665741">
        <ele>236.5</ele>
        <time>2023-05-15T13:14:25.549Z</time>
        <extensions>
          <gpxtpx:TrackPointExtension>
            <gpxtpx:Extensions>
              <highway>tertiary</highway>
              <surface>asphalt</surface>
              <maxspeed>30</maxspeed>
              <oneway>yes</oneway>
            </gpxtpx:Extensions>
          </gpxtpx:TrackPointExtension>
        </extensions>
      </trkpt>
      <trkpt lat="45.023267" lon="7.665768">
        <ele>236.75</ele>
        <time>2023-05-15T13:14:26.844Z</time>
        <extensions>
          <gpxtpx:TrackPointExtension>
            <gpxtpx:Extensions>
              <highway>tertiary</highway>
              <surface>asphalt</surface>
              <maxspeed>30</maxspeed>
              <oneway>yes</oneway>
            </gpxtpx:Extensions>
          </gpxtpx:TrackPointExtension>
        </extensions>
      </trkpt>
      <trkpt lat="45.023331" lon="7.665795">
        <ele>237</ele>
        <time>2023-05-15T13:14:28.068Z</time>
        <extensions>
          <gpxtpx:TrackPointExtension>
            <gpxtpx:Extensions>
              <highway>tertiary</highway>
              <surface>asphalt</surface>
              <maxspeed>30</maxspeed>
              <oneway>yes</oneway>
            </gpxtpx:Extensions>
          </gpxtpx:TrackPointExtension>
        </extensions>
      </trkpt>
      <trkpt lat="45.024171" lon="7.666138">
        <ele>236.75</ele>
        <time>2023-05-15T13:14:44.098Z</time>
        <extensions>
          <gpxtpx:TrackPointExtension>
            <gpxtpx:Extensions>
              <highway>tertiary</highway>
              <surface>asphalt</surface>
              <maxspeed>30</maxspeed>
              <oneway>yes</oneway>
            </gpxtpx:Extensions>
          </gpxtpx:TrackPointExtension>
        </extensions>
      </trkpt>
      <trkpt lat="45.024215" lon="7.666156">
        <ele>236.5</ele>
        <time>2023-05-15T13:14:44.937Z</time>
        <extensions>
          <gpxtpx:TrackPointExtension>
            <gpxtpx:Extensions>
              <highway>tertiary</highway>
              <surface>asphalt</surface>
              <maxspeed>30</maxspeed>
              <oneway>yes</oneway>
            </gpxtpx:Extensions>
          </gpxtpx:TrackPointExtension>
        </extensions>
      </trkpt>
      <trkpt lat="45.02429" lon="7.666188">
        <ele>236.25</ele>
        <time>2023-05-15T13:14:46.373Z</time>
        <extensions>
          <gpxtpx:TrackPointExtension>
            <gpxtpx:Extensions>
              <highway>tertiary</highway>
              <surface>asphalt</surface>
              <maxspeed>30</maxspeed>
              <oneway>yes</oneway>
            </gpxtpx:Extensions>
          </gpxtpx:TrackPointExtension>
        </extensions>
      </trkpt>
      <trkpt lat="45.024647" lon="7.666339">
        <ele>234.5</ele>
        <time>2023-05-15T13:14:53.205Z</time>
        <extensions>
          <gpxtpx:TrackPointExtension>
            <gpxtpx:Extensions>
              <highway>tertiary</highway>
              <surface>asphalt</surface>
              <maxspeed>30</maxspeed>
              <oneway>yes</oneway>
            </gpxtpx:Extensions>
          </gpxtpx:TrackPointExtension>
        </extensions>
      </trkpt>
      <trkpt lat="45.024716" lon="7.666368">
        <ele>234</ele>
        <time>2023-05-15T13:14:54.524Z</time>
        <extensions>
          <gpxtpx:TrackPointExtension>
            <gpxtpx:Extensions>
              <highway>tertiary</highway>
              <surface>asphalt</surface>
              <oneway>yes</oneway>
            </gpxtpx:Extensions>
          </gpxtpx:TrackPointExtension>
        </extensions>
      </trkpt>
      <trkpt lat="45.024782" lon="7.666394">
        <ele>233.75</ele>
        <time>2023-05-15T13:14:55.780Z</time>
        <extensions>
          <gpxtpx:TrackPointExtension>
            <gpxtpx:Extensions>
              <highway>tertiary</highway>
              <surface>asphalt</surface>
              <oneway>yes</oneway>
            </gpxtpx:Extensions>
          </gpxtpx:TrackPointExtension>
        </extensions>
      </trkpt>
      <trkpt lat="45.024821" lon="7.66641">
        <ele>233.5</ele>
        <time>2023-05-15T13:14:56.524Z</time>
        <extensions>
          <gpxtpx:TrackPointExtension>
            <gpxtpx:Extensions>
              <highway>tertiary</highway>
              <surface>asphalt</surface>
              <maxspeed>30</maxspeed>
              <oneway>yes</oneway>
            </gpxtpx:Extensions>
          </gpxtpx:TrackPointExtension>
        </extensions>
      </trkpt>
      <trkpt lat="45.024907" lon="7.666445">
        <ele>232.75</ele>
        <time>2023-05-15T13:14:58.164Z</time>
        <extensions>
          <gpxtpx:TrackPointExtension>
            <gpxtpx:Extensions>
              <highway>tertiary</highway>
              <surface>asphalt</surface>
              <maxspeed>30</maxspeed>
              <oneway>yes</oneway>
            </gpxtpx:Extensions>
          </gpxtpx:TrackPointExtension>
        </extensions>
      </trkpt>
      <trkpt lat="45.026201" lon="7.666998">
        <ele>232.25</ele>
        <time>2023-05-15T13:15:22.949Z</time>
        <extensions>
          <gpxtpx:TrackPointExtension>
            <gpxtpx:Extensions>
              <highway>tertiary</highway>
              <surface>asphalt</surface>
              <maxspeed>30</maxspeed>
              <oneway>yes</oneway>
            </gpxtpx:Extensions>
          </gpxtpx:TrackPointExtension>
        </extensions>
      </trkpt>
      <trkpt lat="45.026298" lon="7.667038">
        <ele>232</ele>
        <time>2023-05-15T13:15:24.801Z</time>
        <extensions>
          <gpxtpx:TrackPointExtension>
            <gpxtpx:Extensions>
              <highway>tertiary</highway>
              <surface>asphalt</surface>
              <maxspeed>30</maxspeed>
              <oneway>yes</oneway>
            </gpxtpx:Extensions>
          </gpxtpx:TrackPointExtension>
        </extensions>
      </trkpt>
      <trkpt lat="45.026384" lon="7.667075">
        <ele>232</ele>
        <time>2023-05-15T13:15:26.449Z</time>
        <extensions>
          <gpxtpx:TrackPointExtension>
            <gpxtpx:Extensions>
              <highway>tertiary</highway>
              <surface>asphalt</surface>
              <maxspeed>30</maxspeed>
              <oneway>yes</oneway>
            </gpxtpx:Extensions>
          </gpxtpx:TrackPointExtension>
        </extensions>
      </trkpt>
      <trkpt lat="45.026641" lon="7.667178">
        <ele>232</ele>
        <time>2023-05-15T13:15:31.346Z</time>
        <extensions>
          <gpxtpx:TrackPointExtension>
            <gpxtpx:Extensions>
              <highway>tertiary</highway>
              <surface>asphalt</surface>
              <maxspeed>30</maxspeed>
              <oneway>yes</oneway>
            </gpxtpx:Extensions>
          </gpxtpx:TrackPointExtension>
        </extensions>
      </trkpt>
      <trkpt lat="45.026726" lon="7.667214">
        <ele>232.25</ele>
        <time>2023-05-15T13:15:32.972Z</time>
        <extensions>
          <gpxtpx:TrackPointExtension>
            <gpxtpx:Extensions>
              <highway>tertiary</highway>
              <surface>asphalt</surface>
              <maxspeed>30</maxspeed>
              <oneway>yes</oneway>
            </gpxtpx:Extensions>
          </gpxtpx:TrackPointExtension>
        </extensions>
      </trkpt>
      <trkpt lat="45.026893" lon="7.667305">
        <ele>234</ele>
        <time>2023-05-15T13:15:36.253Z</time>
        <extensions>
          <gpxtpx:TrackPointExtension>
            <gpxtpx:Extensions>
              <highway>tertiary</highway>
              <surface>asphalt</surface>
              <maxspeed>30</maxspeed>
              <oneway>yes</oneway>
            </gpxtpx:Extensions>
          </gpxtpx:TrackPointExtension>
        </extensions>
      </trkpt>
      <trkpt lat="45.02741" lon="7.667514">
        <ele>240</ele>
        <time>2023-05-15T13:15:46.111Z</time>
        <extensions>
          <gpxtpx:TrackPointExtension>
            <gpxtpx:Extensions>
              <highway>tertiary</highway>
              <surface>asphalt</surface>
              <maxspeed>30</maxspeed>
              <oneway>yes</oneway>
            </gpxtpx:Extensions>
          </gpxtpx:TrackPointExtension>
        </extensions>
      </trkpt>
      <trkpt lat="45.027495" lon="7.667549">
        <ele>241</ele>
        <time>2023-05-15T13:15:47.734Z</time>
        <extensions>
          <gpxtpx:TrackPointExtension>
            <gpxtpx:Extensions>
              <highway>tertiary</highway>
              <surface>asphalt</surface>
              <maxspeed>30</maxspeed>
              <oneway>yes</oneway>
            </gpxtpx:Extensions>
          </gpxtpx:TrackPointExtension>
        </extensions>
      </trkpt>
      <trkpt lat="45.028631" lon="7.668018">
        <ele>241.25</ele>
        <time>2023-05-15T13:16:09.432Z</time>
        <extensions>
          <gpxtpx:TrackPointExtension>
            <gpxtpx:Extensions>
              <highway>tertiary</highway>
              <surface>asphalt</surface>
              <maxspeed>30</maxspeed>
              <oneway>yes</oneway>
            </gpxtpx:Extensions>
          </gpxtpx:TrackPointExtension>
        </extensions>
      </trkpt>
      <trkpt lat="45.028716" lon="7.668056">
        <ele>241</ele>
        <time>2023-05-15T13:16:11.066Z</time>
        <extensions>
          <gpxtpx:TrackPointExtension>
            <gpxtpx:Extensions>
              <highway>tertiary</highway>
              <surface>asphalt</surface>
              <maxspeed>30</maxspeed>
              <oneway>yes</oneway>
            </gpxtpx:Extensions>
          </gpxtpx:TrackPointExtension>
        </extensions>
      </trkpt>
      <trkpt lat="45.028805" lon="7.668093">
        <ele>241</ele>
        <time>2023-05-15T13:16:12.766Z</time>
        <extensions>
          <gpxtpx:TrackPointExtension>
            <gpxtpx:Extensions>
              <highway>tertiary</highway>
              <surface>asphalt</surface>
              <maxspeed>30</maxspeed>
              <oneway>yes</oneway>
            </gpxtpx:Extensions>
          </gpxtpx:TrackPointExtension>
        </extensions>
      </trkpt>
      <trkpt lat="45.029678" lon="7.668458">
        <ele>238.5</ele>
        <time>2023-05-15T13:16:29.457Z</time>
        <extensions>
          <gpxtpx:TrackPointExtension>
            <gpxtpx:Extensions>
              <highway>tertiary</highway>
              <surface>asphalt</surface>
              <maxspeed>30</maxspeed>
              <oneway>yes</oneway>
            </gpxtpx:Extensions>
          </gpxtpx:TrackPointExtension>
        </extensions>
      </trkpt>
      <trkpt lat="45.030316" lon="7.668717">
        <ele>238.25</ele>
        <time>2023-05-15T13:16:41.627Z</time>
        <extensions>
          <gpxtpx:TrackPointExtension>
            <gpxtpx:Extensions>
              <highway>tertiary</highway>
              <surface>asphalt</surface>
              <maxspeed>30</maxspeed>
              <oneway>yes</oneway>
            </gpxtpx:Extensions>
          </gpxtpx:TrackPointExtension>
        </extensions>
      </trkpt>
      <trkpt lat="45.030369" lon="7.668739">
        <ele>238.5</ele>
        <time>2023-05-15T13:16:42.639Z</time>
        <extensions>
          <gpxtpx:TrackPointExtension>
            <gpxtpx:Extensions>
              <highway>tertiary</highway>
              <surface>asphalt</surface>
              <maxspeed>30</maxspeed>
              <oneway>yes</oneway>
            </gpxtpx:Extensions>
          </gpxtpx:TrackPointExtension>
        </extensions>
      </trkpt>
      <trkpt lat="45.030431" lon="7.668766">
        <ele>238.75</ele>
        <time>2023-05-15T13:16:43.828Z</time>
        <extensions>
          <gpxtpx:TrackPointExtension>
            <gpxtpx:Extensions>
              <highway>tertiary</highway>
              <surface>asphalt</surface>
              <maxspeed>30</maxspeed>
              <oneway>yes</oneway>
            </gpxtpx:Extensions>
          </gpxtpx:TrackPointExtension>
        </extensions>
      </trkpt>
      <trkpt lat="45.03129" lon="7.669129">
        <ele>241.25</ele>
        <time>2023-05-15T13:17:00.265Z</time>
        <extensions>
          <gpxtpx:TrackPointExtension>
            <gpxtpx:Extensions>
              <highway>tertiary</highway>
              <surface>asphalt</surface>
              <maxspeed>30</maxspeed>
              <oneway>yes</oneway>
            </gpxtpx:Extensions>
          </gpxtpx:TrackPointExtension>
        </extensions>
      </trkpt>
      <trkpt lat="45.031341" lon="7.669153">
        <ele>241.25</ele>
        <time>2023-05-15T13:17:01.250Z</time>
        <extensions>
          <gpxtpx:TrackPointExtension>
            <gpxtpx:Extensions>
              <highway>tertiary</highway>
              <surface>asphalt</surface>
              <maxspeed>30</maxspeed>
              <oneway>yes</oneway>
            </gpxtpx:Extensions>
          </gpxtpx:TrackPointExtension>
        </extensions>
      </trkpt>
      <trkpt lat="45.031383" lon="7.669172">
        <ele>241.25</ele>
        <time>2023-05-15T13:17:02.058Z</time>
        <extensions>
          <gpxtpx:TrackPointExtension>
            <gpxtpx:Extensions>
              <highway>tertiary</highway>
              <surface>asphalt</surface>
              <maxspeed>30</maxspeed>
              <oneway>yes</oneway>
            </gpxtpx:Extensions>
          </gpxtpx:TrackPointExtension>
        </extensions>
      </trkpt>
      <trkpt lat="45.031453" lon="7.669203">
        <ele>241</ele>
        <time>2023-05-15T13:17:03.402Z</time>
        <extensions>
          <gpxtpx:TrackPointExtension>
            <gpxtpx:Extensions>
              <highway>tertiary</highway>
              <surface>asphalt</surface>
              <maxspeed>30</maxspeed>
              <oneway>yes</oneway>
            </gpxtpx:Extensions>
          </gpxtpx:TrackPointExtension>
        </extensions>
      </trkpt>
      <trkpt lat="45.032365" lon="7.669585">
        <ele>240.25</ele>
        <time>2023-05-15T13:17:20.841Z</time>
        <extensions>
          <gpxtpx:TrackPointExtension>
            <gpxtpx:Extensions>
              <highway>tertiary</highway>
              <surface>asphalt</surface>
              <maxspeed>30</maxspeed>
              <oneway>yes</oneway>
            </gpxtpx:Extensions>
          </gpxtpx:TrackPointExtension>
        </extensions>
      </trkpt>
      <trkpt lat="45.032438" lon="7.669613">
        <ele>240.5</ele>
        <time>2023-05-15T13:17:22.227Z</time>
        <extensions>
          <gpxtpx:TrackPointExtension>
            <gpxtpx:Extensions>
              <highway>tertiary</highway>
              <maxspeed>30</maxspeed>
              <oneway>yes</oneway>
            </gpxtpx:Extensions>
          </gpxtpx:TrackPointExtension>
        </extensions>
      </trkpt>
      <trkpt lat="45.033349" lon="7.669994">
        <ele>239.75</ele>
        <time>2023-05-15T13:17:39.645Z</time>
        <extensions>
          <gpxtpx:TrackPointExtension>
            <gpxtpx:Extensions>
              <highway>tertiary</highway>
              <maxspeed>30</maxspeed>
              <oneway>yes</oneway>
            </gpxtpx:Extensions>
          </gpxtpx:TrackPointExtension>
        </extensions>
      </trkpt>
      <trkpt lat="45.033784" lon="7.670172">
        <ele>239.5</ele>
        <time>2023-05-15T13:17:47.947Z</time>
        <extensions>
          <gpxtpx:TrackPointExtension>
            <gpxtpx:Extensions>
              <highway>tertiary</highway>
              <maxspeed>30</maxspeed>
              <oneway>yes</oneway>
            </gpxtpx:Extensions>
          </gpxtpx:TrackPointExtension>
        </extensions>
      </trkpt>
      <trkpt lat="45.033808" lon="7.670183">
        <ele>239.5</ele>
        <time>2023-05-15T13:17:48.409Z</time>
        <extensions>
          <gpxtpx:TrackPointExtension>
            <gpxtpx:Extensions>
              <highway>tertiary</highway>
              <maxspeed>30</maxspeed>
              <oneway>yes</oneway>
            </gpxtpx:Extensions>
          </gpxtpx:TrackPointExtension>
        </extensions>
      </trkpt>
      <trkpt lat="45.033871" lon="7.670206">
        <ele>239.25</ele>
        <time>2023-05-15T13:17:49.602Z</time>
        <extensions>
          <gpxtpx:TrackPointExtension>
            <gpxtpx:Extensions>
              <highway>tertiary</highway>
              <maxspeed>30</maxspeed>
              <oneway>yes</oneway>
            </gpxtpx:Extensions>
          </gpxtpx:TrackPointExtension>
        </extensions>
      </trkpt>
      <trkpt lat="45.034048" lon="7.670277">
        <ele>238.75</ele>
        <time>2023-05-15T13:17:52.975Z</time>
        <extensions>
          <gpxtpx:TrackPointExtension>
            <gpxtpx:Extensions>
              <highway>tertiary</highway>
              <maxspeed>30</maxspeed>
              <oneway>no</oneway>
            </gpxtpx:Extensions>
          </gpxtpx:TrackPointExtension>
        </extensions>
      </trkpt>
      <trkpt lat="45.034103" lon="7.670299">
        <ele>238.5</ele>
        <time>2023-05-15T13:17:54.022Z</time>
        <extensions>
          <gpxtpx:TrackPointExtension>
            <gpxtpx:Extensions>
              <highway>tertiary</highway>
              <surface>asphalt</surface>
              <maxspeed>30</maxspeed>
              <oneway>yes</oneway>
            </gpxtpx:Extensions>
          </gpxtpx:TrackPointExtension>
        </extensions>
      </trkpt>
      <trkpt lat="45.034267" lon="7.670368">
        <ele>238.25</ele>
        <time>2023-05-15T13:17:57.159Z</time>
        <extensions>
          <gpxtpx:TrackPointExtension>
            <gpxtpx:Extensions>
              <highway>tertiary</highway>
              <surface>asphalt</surface>
              <maxspeed>30</maxspeed>
              <oneway>yes</oneway>
            </gpxtpx:Extensions>
          </gpxtpx:TrackPointExtension>
        </extensions>
      </trkpt>
      <trkpt lat="45.034302" lon="7.670382">
        <ele>238.25</ele>
        <time>2023-05-15T13:17:57.825Z</time>
        <extensions>
          <gpxtpx:TrackPointExtension>
            <gpxtpx:Extensions>
              <highway>tertiary</highway>
              <surface>asphalt</surface>
              <maxspeed>30</maxspeed>
              <oneway>yes</oneway>
            </gpxtpx:Extensions>
          </gpxtpx:TrackPointExtension>
        </extensions>
      </trkpt>
      <trkpt lat="45.034393" lon="7.670426">
        <ele>238.25</ele>
        <time>2023-05-15T13:17:59.588Z</time>
        <extensions>
          <gpxtpx:TrackPointExtension>
            <gpxtpx:Extensions>
              <highway>tertiary</highway>
              <surface>asphalt</surface>
              <maxspeed>30</maxspeed>
              <oneway>yes</oneway>
            </gpxtpx:Extensions>
          </gpxtpx:TrackPointExtension>
        </extensions>
      </trkpt>
      <trkpt lat="45.034966" lon="7.670664">
        <ele>238.5</ele>
        <time>2023-05-15T13:18:10.537Z</time>
        <extensions>
          <gpxtpx:TrackPointExtension>
            <gpxtpx:Extensions>
              <highway>tertiary</highway>
              <surface>asphalt</surface>
              <maxspeed>30</maxspeed>
              <oneway>yes</oneway>
            </gpxtpx:Extensions>
          </gpxtpx:TrackPointExtension>
        </extensions>
      </trkpt>
      <trkpt lat="45.03502" lon="7.670686">
        <ele>238.5</ele>
        <time>2023-05-15T13:18:11.567Z</time>
        <extensions>
          <gpxtpx:TrackPointExtension>
            <gpxtpx:Extensions>
              <highway>tertiary</highway>
              <surface>asphalt</surface>
              <maxspeed>30</maxspeed>
              <oneway>yes</oneway>
            </gpxtpx:Extensions>
          </gpxtpx:TrackPointExtension>
        </extensions>
      </trkpt>
      <trkpt lat="45.035096" lon="7.670717">
        <ele>238.5</ele>
        <time>2023-05-15T13:18:13.017Z</time>
        <extensions>
          <gpxtpx:TrackPointExtension>
            <gpxtpx:Extensions>
              <highway>tertiary</highway>
              <surface>asphalt</surface>
              <maxspeed>30</maxspeed>
              <oneway>yes</oneway>
            </gpxtpx:Extensions>
          </gpxtpx:TrackPointExtension>
        </extensions>
      </trkpt>
      <trkpt lat="45.036208" lon="7.671181">
        <ele>239.75</ele>
        <time>2023-05-15T13:18:34.274Z</time>
        <extensions>
          <gpxtpx:TrackPointExtension>
            <gpxtpx:Extensions>
              <highway>tertiary</highway>
              <surface>asphalt</surface>
              <maxspeed>30</maxspeed>
              <oneway>yes</oneway>
            </gpxtpx:Extensions>
          </gpxtpx:TrackPointExtension>
        </extensions>
      </trkpt>
      <trkpt lat="45.036436" lon="7.671282">
        <ele>240</ele>
        <time>2023-05-15T13:18:38.654Z</time>
        <extensions>
          <gpxtpx:TrackPointExtension>
            <gpxtpx:Extensions>
              <highway>tertiary</highway>
              <surface>asphalt</surface>
              <maxspeed>30</maxspeed>
              <oneway>yes</oneway>
            </gpxtpx:Extensions>
          </gpxtpx:TrackPointExtension>
        </extensions>
      </trkpt>
      <trkpt lat="45.036458" lon="7.671292">
        <ele>240</ele>
        <time>2023-05-15T13:18:39.077Z</time>
        <extensions>
          <gpxtpx:TrackPointExtension>
            <gpxtpx:Extensions>
              <highway>tertiary</highway>
              <surface>asphalt</surface>
              <maxspeed>30</maxspeed>
              <oneway>yes</oneway>
            </gpxtpx:Extensions>
          </gpxtpx:TrackPointExtension>
        </extensions>
      </trkpt>
      <trkpt lat="45.036489" lon="7.671305">
        <ele>240</ele>
        <time>2023-05-15T13:18:39.670Z</time>
        <extensions>
          <gpxtpx:TrackPointExtension>
            <gpxtpx:Extensions>
              <highway>tertiary</highway>
              <surface>asphalt</surface>
              <maxspeed>30</maxspeed>
              <oneway>yes</oneway>
            </gpxtpx:Extensions>
          </gpxtpx:TrackPointExtension>
        </extensions>
      </trkpt>
      <trkpt lat="45.036526" lon="7.671316">
        <ele>240</ele>
        <time>2023-05-15T13:18:40.363Z</time>
        <extensions>
          <gpxtpx:TrackPointExtension>
            <gpxtpx:Extensions>
              <highway>tertiary</highway>
              <surface>asphalt</surface>
              <maxspeed>30</maxspeed>
              <oneway>yes</oneway>
            </gpxtpx:Extensions>
          </gpxtpx:TrackPointExtension>
        </extensions>
      </trkpt>
      <trkpt lat="45.036564" lon="7.67134">
        <ele>240</ele>
        <time>2023-05-15T13:18:41.126Z</time>
        <extensions>
          <gpxtpx:TrackPointExtension>
            <gpxtpx:Extensions>
              <highway>tertiary</highway>
              <surface>asphalt</surface>
              <maxspeed>30</maxspeed>
              <oneway>yes</oneway>
            </gpxtpx:Extensions>
          </gpxtpx:TrackPointExtension>
        </extensions>
      </trkpt>
      <trkpt lat="45.036623" lon="7.671401">
        <ele>239.75</ele>
        <time>2023-05-15T13:18:42.465Z</time>
        <extensions>
          <gpxtpx:TrackPointExtension>
            <gpxtpx:Extensions>
              <highway>tertiary</highway>
              <surface>asphalt</surface>
              <maxspeed>30</maxspeed>
              <oneway>yes</oneway>
            </gpxtpx:Extensions>
          </gpxtpx:TrackPointExtension>
        </extensions>
      </trkpt>
      <trkpt lat="45.036686" lon="7.67147">
        <ele>239.25</ele>
        <time>2023-05-15T13:18:43.925Z</time>
        <extensions>
          <gpxtpx:TrackPointExtension>
            <gpxtpx:Extensions>
              <highway>tertiary</highway>
              <surface>asphalt</surface>
              <maxspeed>30</maxspeed>
              <oneway>yes</oneway>
            </gpxtpx:Extensions>
          </gpxtpx:TrackPointExtension>
        </extensions>
      </trkpt>
      <trkpt lat="45.036725" lon="7.671501">
        <ele>239</ele>
        <time>2023-05-15T13:18:44.745Z</time>
        <extensions>
          <gpxtpx:TrackPointExtension>
            <gpxtpx:Extensions>
              <highway>tertiary</highway>
              <surface>asphalt</surface>
              <maxspeed>30</maxspeed>
              <oneway>yes</oneway>
            </gpxtpx:Extensions>
          </gpxtpx:TrackPointExtension>
        </extensions>
      </trkpt>
      <trkpt lat="45.037005" lon="7.671625">
        <ele>238.5</ele>
        <time>2023-05-15T13:18:50.124Z</time>
        <extensions>
          <gpxtpx:TrackPointExtension>
            <gpxtpx:Extensions>
              <highway>tertiary</highway>
              <surface>asphalt</surface>
              <maxspeed>30</maxspeed>
              <oneway>yes</oneway>
            </gpxtpx:Extensions>
          </gpxtpx:TrackPointExtension>
        </extensions>
      </trkpt>
      <trkpt lat="45.037243" lon="7.671729">
        <ele>238.5</ele>
        <time>2023-05-15T13:18:54.691Z</time>
        <extensions>
          <gpxtpx:TrackPointExtension>
            <gpxtpx:Extensions>
              <highway>tertiary</highway>
              <surface>asphalt</surface>
              <maxspeed>30</maxspeed>
              <oneway>yes</oneway>
            </gpxtpx:Extensions>
          </gpxtpx:TrackPointExtension>
        </extensions>
      </trkpt>
      <trkpt lat="45.037302" lon="7.67174">
        <ele>238.5</ele>
        <time>2023-05-15T13:18:55.782Z</time>
        <extensions>
          <gpxtpx:TrackPointExtension>
            <gpxtpx:Extensions>
              <highway>tertiary</highway>
              <surface>asphalt</surface>
              <maxspeed>30</maxspeed>
              <oneway>yes</oneway>
            </gpxtpx:Extensions>
          </gpxtpx:TrackPointExtension>
        </extensions>
      </trkpt>
      <trkpt lat="45.037364" lon="7.671733">
        <ele>238.5</ele>
        <time>2023-05-15T13:18:56.922Z</time>
        <extensions>
          <gpxtpx:TrackPointExtension>
            <gpxtpx:Extensions>
              <highway>tertiary</highway>
              <surface>asphalt</surface>
              <maxspeed>30</maxspeed>
              <oneway>yes</oneway>
            </gpxtpx:Extensions>
          </gpxtpx:TrackPointExtension>
        </extensions>
      </trkpt>
      <trkpt lat="45.037369" lon="7.671732">
        <ele>238.75</ele>
        <time>2023-05-15T13:18:57.046Z</time>
        <extensions>
          <gpxtpx:TrackPointExtension>
            <gpxtpx:Extensions>
              <highway>tertiary</highway>
              <surface>asphalt</surface>
              <maxspeed>30</maxspeed>
              <oneway>yes</oneway>
            </gpxtpx:Extensions>
          </gpxtpx:TrackPointExtension>
        </extensions>
      </trkpt>
      <trkpt lat="45.037369" lon="7.671732">
        <ele>238.5</ele>
        <time>2023-05-15T13:18:57.046Z</time>
        <extensions>
          <gpxtpx:TrackPointExtension>
            <gpxtpx:Extensions>
              <highway>tertiary</highway>
              <surface>asphalt</surface>
              <maxspeed>30</maxspeed>
              <oneway>yes</oneway>
            </gpxtpx:Extensions>
          </gpxtpx:TrackPointExtension>
        </extensions>
      </trkpt>
      <trkpt lat="45.037397" lon="7.671728">
        <ele>238.75</ele>
        <time>2023-05-15T13:18:57.742Z</time>
        <extensions>
          <gpxtpx:TrackPointExtension>
            <gpxtpx:Extensions>
              <highway>tertiary</highway>
              <surface>asphalt</surface>
              <maxspeed>30</maxspeed>
              <oneway>yes</oneway>
            </gpxtpx:Extensions>
          </gpxtpx:TrackPointExtension>
        </extensions>
      </trkpt>
      <trkpt lat="45.037486" lon="7.671717">
        <ele>238.75</ele>
        <time>2023-05-15T13:18:59.952Z</time>
        <extensions>
          <gpxtpx:TrackPointExtension>
            <gpxtpx:Extensions>
              <highway>tertiary</highway>
              <surface>asphalt</surface>
              <maxspeed>30</maxspeed>
              <oneway>yes</oneway>
            </gpxtpx:Extensions>
          </gpxtpx:TrackPointExtension>
        </extensions>
      </trkpt>
      <trkpt lat="45.03758" lon="7.67171">
        <ele>239</ele>
        <time>2023-05-15T13:19:02.280Z</time>
        <extensions>
          <gpxtpx:TrackPointExtension>
            <gpxtpx:Extensions>
              <highway>tertiary</highway>
              <surface>asphalt</surface>
              <maxspeed>30</maxspeed>
              <oneway>yes</oneway>
            </gpxtpx:Extensions>
          </gpxtpx:TrackPointExtension>
        </extensions>
      </trkpt>
      <trkpt lat="45.037661" lon="7.671716">
        <ele>239.25</ele>
        <time>2023-05-15T13:19:04.286Z</time>
        <extensions>
          <gpxtpx:TrackPointExtension>
            <gpxtpx:Extensions>
              <highway>tertiary</highway>
              <surface>asphalt</surface>
              <maxspeed>30</maxspeed>
              <oneway>yes</oneway>
            </gpxtpx:Extensions>
          </gpxtpx:TrackPointExtension>
        </extensions>
      </trkpt>
      <trkpt lat="45.037897" lon="7.671761">
        <ele>239.5</ele>
        <time>2023-05-15T13:19:10.176Z</time>
        <extensions>
          <gpxtpx:TrackPointExtension>
            <gpxtpx:Extensions>
              <highway>tertiary</highway>
              <surface>asphalt</surface>
              <maxspeed>30</maxspeed>
              <oneway>yes</oneway>
            </gpxtpx:Extensions>
          </gpxtpx:TrackPointExtension>
        </extensions>
      </trkpt>
      <trkpt lat="45.037972" lon="7.671775">
        <ele>239.75</ele>
        <time>2023-05-15T13:19:12.047Z</time>
        <extensions>
          <gpxtpx:TrackPointExtension>
            <gpxtpx:Extensions>
              <highway>tertiary</highway>
              <surface>asphalt</surface>
              <maxspeed>30</maxspeed>
              <oneway>yes</oneway>
            </gpxtpx:Extensions>
          </gpxtpx:TrackPointExtension>
        </extensions>
      </trkpt>
      <trkpt lat="45.038308" lon="7.671839">
        <ele>240</ele>
        <time>2023-05-15T13:19:20.433Z</time>
        <extensions>
          <gpxtpx:TrackPointExtension>
            <gpxtpx:Extensions>
              <highway>tertiary</highway>
              <surface>asphalt</surface>
              <maxspeed>30</maxspeed>
              <oneway>yes</oneway>
            </gpxtpx:Extensions>
          </gpxtpx:TrackPointExtension>
        </extensions>
      </trkpt>
      <trkpt lat="45.038754" lon="7.671924">
        <ele>239.25</ele>
        <time>2023-05-15T13:19:31.565Z</time>
        <extensions>
          <gpxtpx:TrackPointExtension>
            <gpxtpx:Extensions>
              <highway>tertiary</highway>
              <surface>asphalt</surface>
              <maxspeed>30</maxspeed>
              <oneway>yes</oneway>
            </gpxtpx:Extensions>
          </gpxtpx:TrackPointExtension>
        </extensions>
      </trkpt>
      <trkpt lat="45.038813" lon="7.671935">
        <ele>239.25</ele>
        <time>2023-05-15T13:19:33.037Z</time>
        <extensions>
          <gpxtpx:TrackPointExtension>
            <gpxtpx:Extensions>
              <highway>tertiary</highway>
              <surface>asphalt</surface>
              <maxspeed>30</maxspeed>
              <oneway>yes</oneway>
            </gpxtpx:Extensions>
          </gpxtpx:TrackPointExtension>
        </extensions>
      </trkpt>
      <trkpt lat="45.038881" lon="7.671948">
        <ele>239</ele>
        <time>2023-05-15T13:19:34.734Z</time>
        <extensions>
          <gpxtpx:TrackPointExtension>
            <gpxtpx:Extensions>
              <highway>tertiary</highway>
              <surface>asphalt</surface>
              <maxspeed>30</maxspeed>
              <oneway>yes</oneway>
            </gpxtpx:Extensions>
          </gpxtpx:TrackPointExtension>
        </extensions>
      </trkpt>
      <trkpt lat="45.039306" lon="7.672029">
        <ele>238.5</ele>
        <time>2023-05-15T13:19:45.342Z</time>
        <extensions>
          <gpxtpx:TrackPointExtension>
            <gpxtpx:Extensions>
              <highway>tertiary</highway>
              <surface>asphalt</surface>
              <maxspeed>30</maxspeed>
              <oneway>yes</oneway>
            </gpxtpx:Extensions>
          </gpxtpx:TrackPointExtension>
        </extensions>
      </trkpt>
      <trkpt lat="45.039383" lon="7.672043">
        <ele>238.25</ele>
        <time>2023-05-15T13:19:47.262Z</time>
        <extensions>
          <gpxtpx:TrackPointExtension>
            <gpxtpx:Extensions>
              <highway>tertiary</highway>
              <surface>asphalt</surface>
              <maxspeed>30</maxspeed>
              <oneway>yes</oneway>
            </gpxtpx:Extensions>
          </gpxtpx:TrackPointExtension>
        </extensions>
      </trkpt>
      <trkpt lat="45.039447" lon="7.672054">
        <ele>238.25</ele>
        <time>2023-05-15T13:19:48.856Z</time>
        <extensions>
          <gpxtpx:TrackPointExtension>
            <gpxtpx:Extensions>
              <highway>tertiary</highway>
              <surface>asphalt</surface>
              <maxspeed>30</maxspeed>
              <oneway>yes</oneway>
            </gpxtpx:Extensions>
          </gpxtpx:TrackPointExtension>
        </extensions>
      </trkpt>
      <trkpt lat="45.040122" lon="7.672181">
        <ele>237.5</ele>
        <time>2023-05-15T13:20:05.700Z</time>
        <extensions>
          <gpxtpx:TrackPointExtension>
            <gpxtpx:Extensions>
              <highway>tertiary</highway>
              <surface>asphalt</surface>
              <maxspeed>30</maxspeed>
              <oneway>yes</oneway>
            </gpxtpx:Extensions>
          </gpxtpx:TrackPointExtension>
        </extensions>
      </trkpt>
      <trkpt lat="45.040217" lon="7.672199">
        <ele>238</ele>
        <time>2023-05-15T13:20:08.070Z</time>
        <extensions>
          <gpxtpx:TrackPointExtension>
            <gpxtpx:Extensions>
              <highway>tertiary</highway>
              <surface>asphalt</surface>
              <maxspeed>30</maxspeed>
              <oneway>yes</oneway>
            </gpxtpx:Extensions>
          </gpxtpx:TrackPointExtension>
        </extensions>
      </trkpt>
      <trkpt lat="45.040312" lon="7.67222">
        <ele>238.5</ele>
        <time>2023-05-15T13:20:10.448Z</time>
        <extensions>
          <gpxtpx:TrackPointExtension>
            <gpxtpx:Extensions>
              <highway>tertiary</highway>
              <surface>asphalt</surface>
              <maxspeed>30</maxspeed>
              <oneway>yes</oneway>
            </gpxtpx:Extensions>
          </gpxtpx:TrackPointExtension>
        </extensions>
      </trkpt>
      <trkpt lat="45.041236" lon="7.672393">
        <ele>242</ele>
        <time>2023-05-15T13:20:33.504Z</time>
        <extensions>
          <gpxtpx:TrackPointExtension>
            <gpxtpx:Extensions>
              <highway>tertiary</highway>
              <surface>asphalt</surface>
              <maxspeed>30</maxspeed>
              <oneway>yes</oneway>
            </gpxtpx:Extensions>
          </gpxtpx:TrackPointExtension>
        </extensions>
      </trkpt>
      <trkpt lat="45.042051" lon="7.672545">
        <ele>242.25</ele>
        <time>2023-05-15T13:20:53.838Z</time>
        <extensions>
          <gpxtpx:TrackPointExtension>
            <gpxtpx:Extensions>
              <highway>tertiary</highway>
              <surface>asphalt</surface>
              <maxspeed>30</maxspeed>
              <oneway>yes</oneway>
            </gpxtpx:Extensions>
          </gpxtpx:TrackPointExtension>
        </extensions>
      </trkpt>
      <trkpt lat="45.04209" lon="7.672551">
        <ele>242.25</ele>
        <time>2023-05-15T13:20:54.808Z</time>
        <extensions>
          <gpxtpx:TrackPointExtension>
            <gpxtpx:Extensions>
              <highway>tertiary</highway>
              <surface>asphalt</surface>
              <maxspeed>30</maxspeed>
              <oneway>yes</oneway>
            </gpxtpx:Extensions>
          </gpxtpx:TrackPointExtension>
        </extensions>
      </trkpt>
      <trkpt lat="45.042255" lon="7.672575">
        <ele>241.75</ele>
        <time>2023-05-15T13:20:58.911Z</time>
        <extensions>
          <gpxtpx:TrackPointExtension>
            <gpxtpx:Extensions>
              <highway>tertiary</highway>
              <surface>asphalt</surface>
              <maxspeed>50</maxspeed>
              <oneway>yes</oneway>
            </gpxtpx:Extensions>
          </gpxtpx:TrackPointExtension>
        </extensions>
      </trkpt>
      <trkpt lat="45.042366" lon="7.672589">
        <ele>241.75</ele>
        <time>2023-05-15T13:21:01.667Z</time>
        <extensions>
          <gpxtpx:TrackPointExtension>
            <gpxtpx:Extensions>
              <highway>tertiary</highway>
              <surface>asphalt</surface>
              <oneway>yes</oneway>
            </gpxtpx:Extensions>
          </gpxtpx:TrackPointExtension>
        </extensions>
      </trkpt>
      <trkpt lat="45.042395" lon="7.672582">
        <ele>241.75</ele>
        <time>2023-05-15T13:21:02.394Z</time>
        <extensions>
          <gpxtpx:TrackPointExtension>
            <gpxtpx:Extensions>
              <highway>tertiary</highway>
              <surface>asphalt</surface>
              <oneway>yes</oneway>
            </gpxtpx:Extensions>
          </gpxtpx:TrackPointExtension>
        </extensions>
      </trkpt>
      <trkpt lat="45.042506" lon="7.672543">
        <ele>241.75</ele>
        <time>2023-05-15T13:21:05.256Z</time>
        <extensions>
          <gpxtpx:TrackPointExtension>
            <gpxtpx:Extensions>
              <highway>tertiary</highway>
              <surface>asphalt</surface>
              <oneway>yes</oneway>
            </gpxtpx:Extensions>
          </gpxtpx:TrackPointExtension>
        </extensions>
      </trkpt>
      <trkpt lat="45.042506" lon="7.672543">
        <ele>241.75</ele>
        <time>2023-05-15T13:21:05.256Z</time>
        <extensions>
          <gpxtpx:TrackPointExtension>
            <gpxtpx:Extensions>
              <highway>tertiary</highway>
              <surface>asphalt</surface>
              <oneway>yes</oneway>
            </gpxtpx:Extensions>
          </gpxtpx:TrackPointExtension>
        </extensions>
      </trkpt>
      <trkpt lat="45.042526" lon="7.672537">
        <ele>241.75</ele>
        <time>2023-05-15T13:21:05.768Z</time>
        <extensions>
          <gpxtpx:TrackPointExtension>
            <gpxtpx:Extensions>
              <highway>secondary</highway>
              <surface>asphalt</surface>
              <maxspeed>50</maxspeed>
              <oneway>yes</oneway>
            </gpxtpx:Extensions>
          </gpxtpx:TrackPointExtension>
        </extensions>
      </trkpt>
      <trkpt lat="45.042621" lon="7.672305">
        <ele>241.5</ele>
        <time>2023-05-15T13:21:10.510Z</time>
        <extensions>
          <gpxtpx:TrackPointExtension>
            <gpxtpx:Extensions>
              <highway>secondary</highway>
              <surface>asphalt</surface>
              <maxspeed>50</maxspeed>
              <oneway>yes</oneway>
            </gpxtpx:Extensions>
          </gpxtpx:TrackPointExtension>
        </extensions>
      </trkpt>
      <trkpt lat="45.042629" lon="7.672289">
        <ele>241.5</ele>
        <time>2023-05-15T13:21:10.855Z</time>
        <extensions>
          <gpxtpx:TrackPointExtension>
            <gpxtpx:Extensions>
              <highway>secondary</highway>
              <surface>asphalt</surface>
              <maxspeed>50</maxspeed>
              <oneway>yes</oneway>
            </gpxtpx:Extensions>
          </gpxtpx:TrackPointExtension>
        </extensions>
      </trkpt>
      <trkpt lat="45.042639" lon="7.672261">
        <ele>241.5</ele>
        <time>2023-05-15T13:21:11.409Z</time>
        <extensions>
          <gpxtpx:TrackPointExtension>
            <gpxtpx:Extensions>
              <highway>secondary</highway>
              <surface>asphalt</surface>
              <maxspeed>50</maxspeed>
              <oneway>yes</oneway>
            </gpxtpx:Extensions>
          </gpxtpx:TrackPointExtension>
        </extensions>
      </trkpt>
      <trkpt lat="45.042742" lon="7.671988">
        <ele>241.5</ele>
        <time>2023-05-15T13:21:16.882Z</time>
        <extensions>
          <gpxtpx:TrackPointExtension>
            <gpxtpx:Extensions>
              <highway>secondary</highway>
              <surface>asphalt</surface>
              <maxspeed>50</maxspeed>
              <oneway>yes</oneway>
            </gpxtpx:Extensions>
          </gpxtpx:TrackPointExtension>
        </extensions>
      </trkpt>
      <trkpt lat="45.042823" lon="7.671771">
        <ele>241.75</ele>
        <time>2023-05-15T13:21:21.222Z</time>
        <extensions>
          <gpxtpx:TrackPointExtension>
            <gpxtpx:Extensions>
              <highway>secondary</highway>
              <surface>asphalt</surface>
              <maxspeed>50</maxspeed>
              <oneway>yes</oneway>
            </gpxtpx:Extensions>
          </gpxtpx:TrackPointExtension>
        </extensions>
      </trkpt>
      <trkpt lat="45.042839" lon="7.671725">
        <ele>241.75</ele>
        <time>2023-05-15T13:21:22.128Z</time>
        <extensions>
          <gpxtpx:TrackPointExtension>
            <gpxtpx:Extensions>
              <highway>secondary</highway>
              <surface>asphalt</surface>
              <maxspeed>50</maxspeed>
              <oneway>yes</oneway>
            </gpxtpx:Extensions>
          </gpxtpx:TrackPointExtension>
        </extensions>
      </trkpt>
      <trkpt lat="45.042924" lon="7.671464">
        <ele>241.75</ele>
        <time>2023-05-15T13:21:27.211Z</time>
        <extensions>
          <gpxtpx:TrackPointExtension>
            <gpxtpx:Extensions>
              <highway>secondary</highway>
              <surface>asphalt</surface>
              <maxspeed>30</maxspeed>
              <oneway>yes</oneway>
            </gpxtpx:Extensions>
          </gpxtpx:TrackPointExtension>
        </extensions>
      </trkpt>
      <trkpt lat="45.042947" lon="7.671391">
        <ele>241.75</ele>
        <time>2023-05-15T13:21:28.624Z</time>
        <extensions>
          <gpxtpx:TrackPointExtension>
            <gpxtpx:Extensions>
              <highway>secondary</highway>
              <surface>asphalt</surface>
              <maxspeed>30</maxspeed>
              <oneway>yes</oneway>
            </gpxtpx:Extensions>
          </gpxtpx:TrackPointExtension>
        </extensions>
      </trkpt>
      <trkpt lat="45.042952" lon="7.671366">
        <ele>241.75</ele>
        <time>2023-05-15T13:21:29.083Z</time>
        <extensions>
          <gpxtpx:TrackPointExtension>
            <gpxtpx:Extensions>
              <highway>tertiary</highway>
              <surface>asphalt</surface>
              <oneway>no</oneway>
            </gpxtpx:Extensions>
          </gpxtpx:TrackPointExtension>
        </extensions>
      </trkpt>
      <trkpt lat="45.043093" lon="7.671423">
        <ele>241.75</ele>
        <time>2023-05-15T13:21:32.757Z</time>
        <extensions>
          <gpxtpx:TrackPointExtension>
            <gpxtpx:Extensions>
              <highway>tertiary</highway>
              <surface>asphalt</surface>
              <oneway>no</oneway>
            </gpxtpx:Extensions>
          </gpxtpx:TrackPointExtension>
        </extensions>
      </trkpt>
      <trkpt lat="45.043091" lon="7.671423">
        <ele>241.75</ele>
        <time>2023-05-15T13:21:32.809Z</time>
        <extensions>
          <gpxtpx:TrackPointExtension>
            <gpxtpx:Extensions>
              <highway>tertiary</highway>
              <surface>asphalt</surface>
              <oneway>no</oneway>
            </gpxtpx:Extensions>
          </gpxtpx:TrackPointExtension>
        </extensions>
      </trkpt>
      <trkpt lat="45.043106" lon="7.671429">
        <ele>241.75</ele>
        <time>2023-05-15T13:21:33.199Z</time>
        <extensions>
          <gpxtpx:TrackPointExtension>
            <gpxtpx:Extensions>
              <highway>tertiary</highway>
              <surface>asphalt</surface>
              <oneway>no</oneway>
            </gpxtpx:Extensions>
          </gpxtpx:TrackPointExtension>
        </extensions>
      </trkpt>
      <trkpt lat="45.043126" lon="7.671437">
        <ele>241.75</ele>
        <time>2023-05-15T13:21:33.719Z</time>
        <extensions>
          <gpxtpx:TrackPointExtension>
            <gpxtpx:Extensions>
              <highway>tertiary</highway>
              <surface>asphalt</surface>
              <oneway>no</oneway>
            </gpxtpx:Extensions>
          </gpxtpx:TrackPointExtension>
        </extensions>
      </trkpt>
      <trkpt lat="45.043424" lon="7.67155">
        <ele>242.25</ele>
        <time>2023-05-15T13:21:41.448Z</time>
        <extensions>
          <gpxtpx:TrackPointExtension>
            <gpxtpx:Extensions>
              <highway>tertiary</highway>
              <surface>asphalt</surface>
              <oneway>no</oneway>
            </gpxtpx:Extensions>
          </gpxtpx:TrackPointExtension>
        </extensions>
      </trkpt>
      <trkpt lat="45.044014" lon="7.671781">
        <ele>243.75</ele>
        <time>2023-05-15T13:21:56.785Z</time>
        <extensions>
          <gpxtpx:TrackPointExtension>
            <gpxtpx:Extensions>
              <highway>tertiary</highway>
              <surface>asphalt</surface>
              <oneway>no</oneway>
            </gpxtpx:Extensions>
          </gpxtpx:TrackPointExtension>
        </extensions>
      </trkpt>
      <trkpt lat="45.04406" lon="7.6718">
        <ele>243.75</ele>
        <time>2023-05-15T13:21:57.985Z</time>
        <extensions>
          <gpxtpx:TrackPointExtension>
            <gpxtpx:Extensions>
              <highway>tertiary</highway>
              <surface>asphalt</surface>
              <oneway>no</oneway>
            </gpxtpx:Extensions>
          </gpxtpx:TrackPointExtension>
        </extensions>
      </trkpt>
      <trkpt lat="45.044763" lon="7.672069">
        <ele>243.25</ele>
        <time>2023-05-15T13:22:16.231Z</time>
        <extensions>
          <gpxtpx:TrackPointExtension>
            <gpxtpx:Extensions>
              <highway>tertiary</highway>
              <surface>asphalt</surface>
              <oneway>no</oneway>
            </gpxtpx:Extensions>
          </gpxtpx:TrackPointExtension>
        </extensions>
      </trkpt>
      <trkpt lat="45.044831" lon="7.672094">
        <ele>243.25</ele>
        <time>2023-05-15T13:22:17.991Z</time>
        <extensions>
          <gpxtpx:TrackPointExtension>
            <gpxtpx:Extensions>
              <highway>tertiary</highway>
              <surface>asphalt</surface>
              <oneway>no</oneway>
            </gpxtpx:Extensions>
          </gpxtpx:TrackPointExtension>
        </extensions>
      </trkpt>
      <trkpt lat="45.045631" lon="7.672406">
        <ele>244.25</ele>
        <time>2023-05-15T13:22:38.782Z</time>
        <extensions>
          <gpxtpx:TrackPointExtension>
            <gpxtpx:Extensions>
              <highway>tertiary</highway>
              <surface>asphalt</surface>
              <oneway>no</oneway>
            </gpxtpx:Extensions>
          </gpxtpx:TrackPointExtension>
        </extensions>
      </trkpt>
      <trkpt lat="45.045684" lon="7.672425">
        <ele>244.25</ele>
        <time>2023-05-15T13:22:40.151Z</time>
        <extensions>
          <gpxtpx:TrackPointExtension>
            <gpxtpx:Extensions>
              <highway>tertiary</highway>
              <surface>asphalt</surface>
              <oneway>no</oneway>
            </gpxtpx:Extensions>
          </gpxtpx:TrackPointExtension>
        </extensions>
      </trkpt>
      <trkpt lat="45.046328" lon="7.672677">
        <ele>246.25</ele>
        <time>2023-05-15T13:22:56.891Z</time>
        <extensions>
          <gpxtpx:TrackPointExtension>
            <gpxtpx:Extensions>
              <highway>tertiary</highway>
              <surface>asphalt</surface>
              <oneway>no</oneway>
            </gpxtpx:Extensions>
          </gpxtpx:TrackPointExtension>
        </extensions>
      </trkpt>
      <trkpt lat="45.046389" lon="7.6727">
        <ele>246.5</ele>
        <time>2023-05-15T13:22:58.472Z</time>
        <extensions>
          <gpxtpx:TrackPointExtension>
            <gpxtpx:Extensions>
              <highway>tertiary</highway>
              <surface>asphalt</surface>
              <oneway>no</oneway>
            </gpxtpx:Extensions>
          </gpxtpx:TrackPointExtension>
        </extensions>
      </trkpt>
      <trkpt lat="45.046462" lon="7.672729">
        <ele>246.5</ele>
        <time>2023-05-15T13:23:00.371Z</time>
        <extensions>
          <gpxtpx:TrackPointExtension>
            <gpxtpx:Extensions>
              <highway>tertiary</highway>
              <surface>asphalt</surface>
              <oneway>no</oneway>
            </gpxtpx:Extensions>
          </gpxtpx:TrackPointExtension>
        </extensions>
      </trkpt>
      <trkpt lat="45.047275" lon="7.673047">
        <ele>245.75</ele>
        <time>2023-05-15T13:23:21.504Z</time>
        <extensions>
          <gpxtpx:TrackPointExtension>
            <gpxtpx:Extensions>
              <highway>tertiary</highway>
              <surface>asphalt</surface>
              <oneway>no</oneway>
            </gpxtpx:Extensions>
          </gpxtpx:TrackPointExtension>
        </extensions>
      </trkpt>
      <trkpt lat="45.047299" lon="7.673057">
        <ele>245.5</ele>
        <time>2023-05-15T13:23:22.130Z</time>
        <extensions>
          <gpxtpx:TrackPointExtension>
            <gpxtpx:Extensions>
              <highway>tertiary</highway>
              <surface>asphalt</surface>
              <oneway>no</oneway>
            </gpxtpx:Extensions>
          </gpxtpx:TrackPointExtension>
        </extensions>
      </trkpt>
      <trkpt lat="45.047438" lon="7.673108">
        <ele>245.25</ele>
        <time>2023-05-15T13:23:25.727Z</time>
        <extensions>
          <gpxtpx:TrackPointExtension>
            <gpxtpx:Extensions>
              <highway>tertiary</highway>
              <surface>asphalt</surface>
              <oneway>no</oneway>
            </gpxtpx:Extensions>
          </gpxtpx:TrackPointExtension>
        </extensions>
      </trkpt>
      <trkpt lat="45.047551" lon="7.673151">
        <ele>245</ele>
        <time>2023-05-15T13:23:28.658Z</time>
        <extensions>
          <gpxtpx:TrackPointExtension>
            <gpxtpx:Extensions>
              <highway>tertiary</highway>
              <surface>asphalt</surface>
              <oneway>no</oneway>
            </gpxtpx:Extensions>
          </gpxtpx:TrackPointExtension>
        </extensions>
      </trkpt>
      <trkpt lat="45.047587" lon="7.673165">
        <ele>245</ele>
        <time>2023-05-15T13:23:29.593Z</time>
        <extensions>
          <gpxtpx:TrackPointExtension>
            <gpxtpx:Extensions>
              <highway>tertiary</highway>
              <surface>asphalt</surface>
              <oneway>no</oneway>
            </gpxtpx:Extensions>
          </gpxtpx:TrackPointExtension>
        </extensions>
      </trkpt>
      <trkpt lat="45.048018" lon="7.673331">
        <ele>244.75</ele>
        <time>2023-05-15T13:23:40.784Z</time>
        <extensions>
          <gpxtpx:TrackPointExtension>
            <gpxtpx:Extensions>
              <highway>tertiary</highway>
              <surface>asphalt</surface>
              <oneway>no</oneway>
            </gpxtpx:Extensions>
          </gpxtpx:TrackPointExtension>
        </extensions>
      </trkpt>
      <trkpt lat="45.048132" lon="7.673375">
        <ele>244.75</ele>
        <time>2023-05-15T13:23:43.744Z</time>
        <extensions>
          <gpxtpx:TrackPointExtension>
            <gpxtpx:Extensions>
              <highway>tertiary</highway>
              <surface>asphalt</surface>
              <oneway>no</oneway>
            </gpxtpx:Extensions>
          </gpxtpx:TrackPointExtension>
        </extensions>
      </trkpt>
      <trkpt lat="45.048195" lon="7.673399">
        <ele>244.75</ele>
        <time>2023-05-15T13:23:45.378Z</time>
        <extensions>
          <gpxtpx:TrackPointExtension>
            <gpxtpx:Extensions>
              <highway>tertiary</highway>
              <surface>asphalt</surface>
              <oneway>no</oneway>
            </gpxtpx:Extensions>
          </gpxtpx:TrackPointExtension>
        </extensions>
      </trkpt>
      <trkpt lat="45.048455" lon="7.673499">
        <ele>244.5</ele>
        <time>2023-05-15T13:23:52.128Z</time>
        <extensions>
          <gpxtpx:TrackPointExtension>
            <gpxtpx:Extensions>
              <highway>tertiary</highway>
              <surface>asphalt</surface>
              <oneway>no</oneway>
            </gpxtpx:Extensions>
          </gpxtpx:TrackPointExtension>
        </extensions>
      </trkpt>
      <trkpt lat="45.048659" lon="7.673577">
        <ele>244.25</ele>
        <time>2023-05-15T13:23:57.422Z</time>
        <extensions>
          <gpxtpx:TrackPointExtension>
            <gpxtpx:Extensions>
              <highway>tertiary</highway>
              <surface>asphalt</surface>
              <oneway>no</oneway>
            </gpxtpx:Extensions>
          </gpxtpx:TrackPointExtension>
        </extensions>
      </trkpt>
      <trkpt lat="45.048717" lon="7.6736">
        <ele>244</ele>
        <time>2023-05-15T13:23:58.931Z</time>
        <extensions>
          <gpxtpx:TrackPointExtension>
            <gpxtpx:Extensions>
              <highway>tertiary</highway>
              <surface>asphalt</surface>
              <oneway>no</oneway>
            </gpxtpx:Extensions>
          </gpxtpx:TrackPointExtension>
        </extensions>
      </trkpt>
      <trkpt lat="45.049104" lon="7.673748">
        <ele>244</ele>
        <time>2023-05-15T13:24:08.975Z</time>
        <extensions>
          <gpxtpx:TrackPointExtension>
            <gpxtpx:Extensions>
              <highway>tertiary</highway>
              <surface>asphalt</surface>
              <oneway>no</oneway>
            </gpxtpx:Extensions>
          </gpxtpx:TrackPointExtension>
        </extensions>
      </trkpt>
      <trkpt lat="45.049178" lon="7.673777">
        <ele>244</ele>
        <time>2023-05-15T13:24:10.898Z</time>
        <extensions>
          <gpxtpx:TrackPointExtension>
            <gpxtpx:Extensions>
              <highway>tertiary</highway>
              <surface>asphalt</surface>
              <oneway>no</oneway>
            </gpxtpx:Extensions>
          </gpxtpx:TrackPointExtension>
        </extensions>
      </trkpt>
      <trkpt lat="45.049607" lon="7.673942">
        <ele>244.5</ele>
        <time>2023-05-15T13:24:22.036Z</time>
        <extensions>
          <gpxtpx:TrackPointExtension>
            <gpxtpx:Extensions>
              <highway>tertiary</highway>
              <surface>asphalt</surface>
              <oneway>no</oneway>
            </gpxtpx:Extensions>
          </gpxtpx:TrackPointExtension>
        </extensions>
      </trkpt>
      <trkpt lat="45.049869" lon="7.674042">
        <ele>244.75</ele>
        <time>2023-05-15T13:24:28.834Z</time>
        <extensions>
          <gpxtpx:TrackPointExtension>
            <gpxtpx:Extensions>
              <highway>tertiary</highway>
              <surface>asphalt</surface>
              <oneway>no</oneway>
            </gpxtpx:Extensions>
          </gpxtpx:TrackPointExtension>
        </extensions>
      </trkpt>
      <trkpt lat="45.049899" lon="7.674054">
        <ele>244.75</ele>
        <time>2023-05-15T13:24:29.615Z</time>
        <extensions>
          <gpxtpx:TrackPointExtension>
            <gpxtpx:Extensions>
              <highway>tertiary</highway>
              <surface>asphalt</surface>
              <oneway>no</oneway>
            </gpxtpx:Extensions>
          </gpxtpx:TrackPointExtension>
        </extensions>
      </trkpt>
      <trkpt lat="45.050595" lon="7.674322">
        <ele>244</ele>
        <time>2023-05-15T13:24:47.687Z</time>
        <extensions>
          <gpxtpx:TrackPointExtension>
            <gpxtpx:Extensions>
              <highway>tertiary</highway>
              <surface>asphalt</surface>
              <oneway>no</oneway>
            </gpxtpx:Extensions>
          </gpxtpx:TrackPointExtension>
        </extensions>
      </trkpt>
      <trkpt lat="45.050653" lon="7.674344">
        <ele>243.75</ele>
        <time>2023-05-15T13:24:49.191Z</time>
        <extensions>
          <gpxtpx:TrackPointExtension>
            <gpxtpx:Extensions>
              <highway>tertiary</highway>
              <surface>asphalt</surface>
              <oneway>no</oneway>
            </gpxtpx:Extensions>
          </gpxtpx:TrackPointExtension>
        </extensions>
      </trkpt>
      <trkpt lat="45.050686" lon="7.674357">
        <ele>243.75</ele>
        <time>2023-05-15T13:24:50.049Z</time>
        <extensions>
          <gpxtpx:TrackPointExtension>
            <gpxtpx:Extensions>
              <highway>tertiary</highway>
              <surface>asphalt</surface>
              <oneway>no</oneway>
            </gpxtpx:Extensions>
          </gpxtpx:TrackPointExtension>
        </extensions>
      </trkpt>
      <trkpt lat="45.050801" lon="7.674401">
        <ele>243.75</ele>
        <time>2023-05-15T13:24:53.033Z</time>
        <extensions>
          <gpxtpx:TrackPointExtension>
            <gpxtpx:Extensions>
              <highway>tertiary</highway>
              <surface>asphalt</surface>
              <oneway>no</oneway>
            </gpxtpx:Extensions>
          </gpxtpx:TrackPointExtension>
        </extensions>
      </trkpt>
      <trkpt lat="45.050804" lon="7.674403">
        <ele>243.75</ele>
        <time>2023-05-15T13:24:53.113Z</time>
        <extensions>
          <gpxtpx:TrackPointExtension>
            <gpxtpx:Extensions>
              <highway>tertiary</highway>
              <surface>asphalt</surface>
              <oneway>no</oneway>
            </gpxtpx:Extensions>
          </gpxtpx:TrackPointExtension>
        </extensions>
      </trkpt>
      <trkpt lat="45.051995" lon="7.674865">
        <ele>242.75</ele>
        <time>2023-05-15T13:25:24.054Z</time>
        <extensions>
          <gpxtpx:TrackPointExtension>
            <gpxtpx:Extensions>
              <highway>tertiary</highway>
              <surface>asphalt</surface>
              <oneway>no</oneway>
            </gpxtpx:Extensions>
          </gpxtpx:TrackPointExtension>
        </extensions>
      </trkpt>
      <trkpt lat="45.052073" lon="7.674895">
        <ele>243</ele>
        <time>2023-05-15T13:25:26.079Z</time>
        <extensions>
          <gpxtpx:TrackPointExtension>
            <gpxtpx:Extensions>
              <highway>tertiary</highway>
              <surface>asphalt</surface>
              <oneway>no</oneway>
            </gpxtpx:Extensions>
          </gpxtpx:TrackPointExtension>
        </extensions>
      </trkpt>
      <trkpt lat="45.052137" lon="7.67492">
        <ele>243</ele>
        <time>2023-05-15T13:25:27.742Z</time>
        <extensions>
          <gpxtpx:TrackPointExtension>
            <gpxtpx:Extensions>
              <highway>tertiary</highway>
              <surface>asphalt</surface>
              <oneway>no</oneway>
            </gpxtpx:Extensions>
          </gpxtpx:TrackPointExtension>
        </extensions>
      </trkpt>
      <trkpt lat="45.052249" lon="7.674964">
        <ele>243.5</ele>
        <time>2023-05-15T13:25:30.654Z</time>
        <extensions>
          <gpxtpx:TrackPointExtension>
            <gpxtpx:Extensions>
              <highway>tertiary</highway>
              <surface>asphalt</surface>
              <oneway>no</oneway>
            </gpxtpx:Extensions>
          </gpxtpx:TrackPointExtension>
        </extensions>
      </trkpt>
      <trkpt lat="45.052378" lon="7.675013">
        <ele>243.75</ele>
        <time>2023-05-15T13:25:34.000Z</time>
        <extensions>
          <gpxtpx:TrackPointExtension>
            <gpxtpx:Extensions>
              <highway>tertiary</highway>
              <surface>asphalt</surface>
              <oneway>no</oneway>
            </gpxtpx:Extensions>
          </gpxtpx:TrackPointExtension>
        </extensions>
      </trkpt>
      <trkpt lat="45.05249" lon="7.675055">
        <ele>244</ele>
        <time>2023-05-15T13:25:36.902Z</time>
        <extensions>
          <gpxtpx:TrackPointExtension>
            <gpxtpx:Extensions>
              <highway>tertiary</highway>
              <surface>asphalt</surface>
              <oneway>no</oneway>
            </gpxtpx:Extensions>
          </gpxtpx:TrackPointExtension>
        </extensions>
      </trkpt>
      <trkpt lat="45.052513" lon="7.675064">
        <ele>244.25</ele>
        <time>2023-05-15T13:25:37.500Z</time>
        <extensions>
          <gpxtpx:TrackPointExtension>
            <gpxtpx:Extensions>
              <highway>tertiary</highway>
              <surface>asphalt</surface>
              <oneway>no</oneway>
            </gpxtpx:Extensions>
          </gpxtpx:TrackPointExtension>
        </extensions>
      </trkpt>
      <trkpt lat="45.052623" lon="7.675106">
        <ele>244</ele>
        <time>2023-05-15T13:25:40.354Z</time>
        <extensions>
          <gpxtpx:TrackPointExtension>
            <gpxtpx:Extensions>
              <highway>tertiary</highway>
              <surface>asphalt</surface>
              <oneway>no</oneway>
            </gpxtpx:Extensions>
          </gpxtpx:TrackPointExtension>
        </extensions>
      </trkpt>
      <trkpt lat="45.052723" lon="7.675144">
        <ele>244</ele>
        <time>2023-05-15T13:25:42.948Z</time>
        <extensions>
          <gpxtpx:TrackPointExtension>
            <gpxtpx:Extensions>
              <highway>tertiary</highway>
              <surface>asphalt</surface>
              <oneway>no</oneway>
            </gpxtpx:Extensions>
          </gpxtpx:TrackPointExtension>
        </extensions>
      </trkpt>
      <trkpt lat="45.052771" lon="7.675162">
        <ele>244</ele>
        <time>2023-05-15T13:25:44.192Z</time>
        <extensions>
          <gpxtpx:TrackPointExtension>
            <gpxtpx:Extensions>
              <highway>tertiary</highway>
              <surface>asphalt</surface>
              <oneway>no</oneway>
            </gpxtpx:Extensions>
          </gpxtpx:TrackPointExtension>
        </extensions>
      </trkpt>
      <trkpt lat="45.052833" lon="7.675186">
        <ele>244</ele>
        <time>2023-05-15T13:25:45.802Z</time>
        <extensions>
          <gpxtpx:TrackPointExtension>
            <gpxtpx:Extensions>
              <highway>tertiary</highway>
              <surface>asphalt</surface>
              <oneway>no</oneway>
            </gpxtpx:Extensions>
          </gpxtpx:TrackPointExtension>
        </extensions>
      </trkpt>
      <trkpt lat="45.053252" lon="7.675345">
        <ele>243.75</ele>
        <time>2023-05-15T13:25:56.670Z</time>
        <extensions>
          <gpxtpx:TrackPointExtension>
            <gpxtpx:Extensions>
              <highway>tertiary</highway>
              <surface>asphalt</surface>
              <oneway>no</oneway>
            </gpxtpx:Extensions>
          </gpxtpx:TrackPointExtension>
        </extensions>
      </trkpt>
      <trkpt lat="45.053383" lon="7.675395">
        <ele>243.75</ele>
        <time>2023-05-15T13:26:00.069Z</time>
        <extensions>
          <gpxtpx:TrackPointExtension>
            <gpxtpx:Extensions>
              <highway>tertiary</highway>
              <surface>asphalt</surface>
              <oneway>no</oneway>
            </gpxtpx:Extensions>
          </gpxtpx:TrackPointExtension>
        </extensions>
      </trkpt>
      <trkpt lat="45.053612" lon="7.675482">
        <ele>244.5</ele>
        <time>2023-05-15T13:26:06.009Z</time>
        <extensions>
          <gpxtpx:TrackPointExtension>
            <gpxtpx:Extensions>
              <highway>tertiary</highway>
              <surface>asphalt</surface>
              <oneway>no</oneway>
            </gpxtpx:Extensions>
          </gpxtpx:TrackPointExtension>
        </extensions>
      </trkpt>
      <trkpt lat="45.053732" lon="7.675528">
        <ele>245</ele>
        <time>2023-05-15T13:26:09.123Z</time>
        <extensions>
          <gpxtpx:TrackPointExtension>
            <gpxtpx:Extensions>
              <highway>tertiary</highway>
              <surface>asphalt</surface>
              <oneway>no</oneway>
            </gpxtpx:Extensions>
          </gpxtpx:TrackPointExtension>
        </extensions>
      </trkpt>
      <trkpt lat="45.053796" lon="7.675552">
        <ele>245</ele>
        <time>2023-05-15T13:26:10.781Z</time>
        <extensions>
          <gpxtpx:TrackPointExtension>
            <gpxtpx:Extensions>
              <highway>tertiary</highway>
              <surface>asphalt</surface>
              <oneway>no</oneway>
            </gpxtpx:Extensions>
          </gpxtpx:TrackPointExtension>
        </extensions>
      </trkpt>
      <trkpt lat="45.053803" lon="7.675555">
        <ele>245</ele>
        <time>2023-05-15T13:26:10.963Z</time>
        <extensions>
          <gpxtpx:TrackPointExtension>
            <gpxtpx:Extensions>
              <highway>tertiary</highway>
              <surface>asphalt</surface>
              <oneway>no</oneway>
            </gpxtpx:Extensions>
          </gpxtpx:TrackPointExtension>
        </extensions>
      </trkpt>
      <trkpt lat="45.053823" lon="7.675562">
        <ele>245.25</ele>
        <time>2023-05-15T13:26:11.479Z</time>
        <extensions>
          <gpxtpx:TrackPointExtension>
            <gpxtpx:Extensions>
              <highway>tertiary</highway>
              <surface>asphalt</surface>
              <oneway>no</oneway>
            </gpxtpx:Extensions>
          </gpxtpx:TrackPointExtension>
        </extensions>
      </trkpt>
      <trkpt lat="45.053904" lon="7.675593">
        <ele>245.25</ele>
        <time>2023-05-15T13:26:13.581Z</time>
        <extensions>
          <gpxtpx:TrackPointExtension>
            <gpxtpx:Extensions>
              <highway>tertiary</highway>
              <surface>asphalt</surface>
              <oneway>no</oneway>
            </gpxtpx:Extensions>
          </gpxtpx:TrackPointExtension>
        </extensions>
      </trkpt>
      <trkpt lat="45.053915" lon="7.675597">
        <ele>245.25</ele>
        <time>2023-05-15T13:26:13.864Z</time>
        <extensions>
          <gpxtpx:TrackPointExtension>
            <gpxtpx:Extensions>
              <highway>tertiary</highway>
              <surface>asphalt</surface>
              <oneway>no</oneway>
            </gpxtpx:Extensions>
          </gpxtpx:TrackPointExtension>
        </extensions>
      </trkpt>
      <trkpt lat="45.05393" lon="7.675603">
        <ele>245.25</ele>
        <time>2023-05-15T13:26:14.254Z</time>
        <extensions>
          <gpxtpx:TrackPointExtension>
            <gpxtpx:Extensions>
              <highway>tertiary</highway>
              <surface>asphalt</surface>
              <oneway>no</oneway>
            </gpxtpx:Extensions>
          </gpxtpx:TrackPointExtension>
        </extensions>
      </trkpt>
      <trkpt lat="45.054009" lon="7.675634">
        <ele>245.5</ele>
        <time>2023-05-15T13:26:16.307Z</time>
        <extensions>
          <gpxtpx:TrackPointExtension>
            <gpxtpx:Extensions>
              <highway>tertiary</highway>
              <surface>asphalt</surface>
              <oneway>no</oneway>
            </gpxtpx:Extensions>
          </gpxtpx:TrackPointExtension>
        </extensions>
      </trkpt>
      <trkpt lat="45.054048" lon="7.675649">
        <ele>245.5</ele>
        <time>2023-05-15T13:26:17.319Z</time>
        <extensions>
          <gpxtpx:TrackPointExtension>
            <gpxtpx:Extensions>
              <highway>tertiary</highway>
              <surface>asphalt</surface>
              <oneway>no</oneway>
            </gpxtpx:Extensions>
          </gpxtpx:TrackPointExtension>
        </extensions>
      </trkpt>
      <trkpt lat="45.054088" lon="7.675665">
        <ele>245.5</ele>
        <time>2023-05-15T13:26:18.360Z</time>
        <extensions>
          <gpxtpx:TrackPointExtension>
            <gpxtpx:Extensions>
              <highway>tertiary</highway>
              <surface>asphalt</surface>
              <oneway>no</oneway>
            </gpxtpx:Extensions>
          </gpxtpx:TrackPointExtension>
        </extensions>
      </trkpt>
      <trkpt lat="45.054117" lon="7.675676">
        <ele>245.75</ele>
        <time>2023-05-15T13:26:19.112Z</time>
        <extensions>
          <gpxtpx:TrackPointExtension>
            <gpxtpx:Extensions>
              <highway>tertiary</highway>
              <surface>asphalt</surface>
              <oneway>no</oneway>
            </gpxtpx:Extensions>
          </gpxtpx:TrackPointExtension>
        </extensions>
      </trkpt>
      <trkpt lat="45.054259" lon="7.675731">
        <ele>245.5</ele>
        <time>2023-05-15T13:26:22.800Z</time>
        <extensions>
          <gpxtpx:TrackPointExtension>
            <gpxtpx:Extensions>
              <highway>tertiary</highway>
              <surface>asphalt</surface>
              <oneway>no</oneway>
            </gpxtpx:Extensions>
          </gpxtpx:TrackPointExtension>
        </extensions>
      </trkpt>
      <trkpt lat="45.054833" lon="7.675956">
        <ele>245.5</ele>
        <time>2023-05-15T13:26:37.722Z</time>
        <extensions>
          <gpxtpx:TrackPointExtension>
            <gpxtpx:Extensions>
              <highway>tertiary</highway>
              <surface>asphalt</surface>
              <oneway>no</oneway>
            </gpxtpx:Extensions>
          </gpxtpx:TrackPointExtension>
        </extensions>
      </trkpt>
      <trkpt lat="45.054882" lon="7.675975">
        <ele>245.5</ele>
        <time>2023-05-15T13:26:38.994Z</time>
        <extensions>
          <gpxtpx:TrackPointExtension>
            <gpxtpx:Extensions>
              <highway>tertiary</highway>
              <surface>asphalt</surface>
              <oneway>no</oneway>
            </gpxtpx:Extensions>
          </gpxtpx:TrackPointExtension>
        </extensions>
      </trkpt>
      <trkpt lat="45.055416" lon="7.676183">
        <ele>244</ele>
        <time>2023-05-15T13:26:52.870Z</time>
        <extensions>
          <gpxtpx:TrackPointExtension>
            <gpxtpx:Extensions>
              <highway>tertiary</highway>
              <surface>asphalt</surface>
              <oneway>no</oneway>
            </gpxtpx:Extensions>
          </gpxtpx:TrackPointExtension>
        </extensions>
      </trkpt>
      <trkpt lat="45.05583" lon="7.676345">
        <ele>242.75</ele>
        <time>2023-05-15T13:27:03.631Z</time>
        <extensions>
          <gpxtpx:TrackPointExtension>
            <gpxtpx:Extensions>
              <highway>tertiary</highway>
              <surface>asphalt</surface>
              <oneway>no</oneway>
            </gpxtpx:Extensions>
          </gpxtpx:TrackPointExtension>
        </extensions>
      </trkpt>
      <trkpt lat="45.055869" lon="7.67636">
        <ele>242.75</ele>
        <time>2023-05-15T13:27:04.643Z</time>
        <extensions>
          <gpxtpx:TrackPointExtension>
            <gpxtpx:Extensions>
              <highway>tertiary</highway>
              <surface>asphalt</surface>
              <oneway>no</oneway>
            </gpxtpx:Extensions>
          </gpxtpx:TrackPointExtension>
        </extensions>
      </trkpt>
      <trkpt lat="45.055923" lon="7.676381">
        <ele>242.75</ele>
        <time>2023-05-15T13:27:06.046Z</time>
        <extensions>
          <gpxtpx:TrackPointExtension>
            <gpxtpx:Extensions>
              <highway>tertiary</highway>
              <surface>asphalt</surface>
              <oneway>no</oneway>
            </gpxtpx:Extensions>
          </gpxtpx:TrackPointExtension>
        </extensions>
      </trkpt>
      <trkpt lat="45.056335" lon="7.676542">
        <ele>242.5</ele>
        <time>2023-05-15T13:27:16.754Z</time>
        <extensions>
          <gpxtpx:TrackPointExtension>
            <gpxtpx:Extensions>
              <highway>tertiary</highway>
              <surface>asphalt</surface>
              <oneway>no</oneway>
            </gpxtpx:Extensions>
          </gpxtpx:TrackPointExtension>
        </extensions>
      </trkpt>
      <trkpt lat="45.056378" lon="7.676559">
        <ele>242.25</ele>
        <time>2023-05-15T13:27:17.872Z</time>
        <extensions>
          <gpxtpx:TrackPointExtension>
            <gpxtpx:Extensions>
              <highway>tertiary</highway>
              <surface>asphalt</surface>
              <oneway>no</oneway>
            </gpxtpx:Extensions>
          </gpxtpx:TrackPointExtension>
        </extensions>
      </trkpt>
      <trkpt lat="45.056787" lon="7.676718">
        <ele>242.25</ele>
        <time>2023-05-15T13:27:28.498Z</time>
        <extensions>
          <gpxtpx:TrackPointExtension>
            <gpxtpx:Extensions>
              <highway>residential</highway>
              <surface>asphalt</surface>
              <oneway>no</oneway>
            </gpxtpx:Extensions>
          </gpxtpx:TrackPointExtension>
        </extensions>
      </trkpt>
      <trkpt lat="45.056964" lon="7.676796">
        <ele>243</ele>
        <time>2023-05-15T13:27:33.142Z</time>
        <extensions>
          <gpxtpx:TrackPointExtension>
            <gpxtpx:Extensions>
              <highway>residential</highway>
              <surface>asphalt</surface>
              <oneway>no</oneway>
            </gpxtpx:Extensions>
          </gpxtpx:TrackPointExtension>
        </extensions>
      </trkpt>
      <trkpt lat="45.057011" lon="7.676818">
        <ele>243</ele>
        <time>2023-05-15T13:27:34.382Z</time>
        <extensions>
          <gpxtpx:TrackPointExtension>
            <gpxtpx:Extensions>
              <highway>residential</highway>
              <surface>asphalt</surface>
              <oneway>no</oneway>
            </gpxtpx:Extensions>
          </gpxtpx:TrackPointExtension>
        </extensions>
      </trkpt>
      <trkpt lat="45.057091" lon="7.676852">
        <ele>243.25</ele>
        <time>2023-05-15T13:27:36.474Z</time>
        <extensions>
          <gpxtpx:TrackPointExtension>
            <gpxtpx:Extensions>
              <highway>residential</highway>
              <surface>asphalt</surface>
              <oneway>no</oneway>
            </gpxtpx:Extensions>
          </gpxtpx:TrackPointExtension>
        </extensions>
      </trkpt>
      <trkpt lat="45.057222" lon="7.676908">
        <ele>243.75</ele>
        <time>2023-05-15T13:27:39.902Z</time>
        <extensions>
          <gpxtpx:TrackPointExtension>
            <gpxtpx:Extensions>
              <highway>residential</highway>
              <surface>asphalt</surface>
              <oneway>no</oneway>
            </gpxtpx:Extensions>
          </gpxtpx:TrackPointExtension>
        </extensions>
      </trkpt>
      <trkpt lat="45.057259" lon="7.676924">
        <ele>243.75</ele>
        <time>2023-05-15T13:27:40.871Z</time>
        <extensions>
          <gpxtpx:TrackPointExtension>
            <gpxtpx:Extensions>
              <highway>residential</highway>
              <surface>asphalt</surface>
              <oneway>no</oneway>
            </gpxtpx:Extensions>
          </gpxtpx:TrackPointExtension>
        </extensions>
      </trkpt>
      <trkpt lat="45.057286" lon="7.676935">
        <ele>243.75</ele>
        <time>2023-05-15T13:27:41.574Z</time>
        <extensions>
          <gpxtpx:TrackPointExtension>
            <gpxtpx:Extensions>
              <highway>residential</highway>
              <surface>asphalt</surface>
              <oneway>no</oneway>
            </gpxtpx:Extensions>
          </gpxtpx:TrackPointExtension>
        </extensions>
      </trkpt>
      <trkpt lat="45.057321" lon="7.676951">
        <ele>244</ele>
        <time>2023-05-15T13:27:42.495Z</time>
        <extensions>
          <gpxtpx:TrackPointExtension>
            <gpxtpx:Extensions>
              <highway>residential</highway>
              <surface>asphalt</surface>
              <oneway>no</oneway>
            </gpxtpx:Extensions>
          </gpxtpx:TrackPointExtension>
        </extensions>
      </trkpt>
      <trkpt lat="45.057407" lon="7.676988">
        <ele>244</ele>
        <time>2023-05-15T13:27:44.747Z</time>
        <extensions>
          <gpxtpx:TrackPointExtension>
            <gpxtpx:Extensions>
              <highway>residential</highway>
              <surface>asphalt</surface>
              <oneway>no</oneway>
            </gpxtpx:Extensions>
          </gpxtpx:TrackPointExtension>
        </extensions>
      </trkpt>
      <trkpt lat="45.057493" lon="7.677026">
        <ele>244.25</ele>
        <time>2023-05-15T13:27:47.004Z</time>
        <extensions>
          <gpxtpx:TrackPointExtension>
            <gpxtpx:Extensions>
              <highway>residential</highway>
              <surface>asphalt</surface>
              <oneway>no</oneway>
            </gpxtpx:Extensions>
          </gpxtpx:TrackPointExtension>
        </extensions>
      </trkpt>
      <trkpt lat="45.057758" lon="7.677136">
        <ele>245.25</ele>
        <time>2023-05-15T13:27:53.923Z</time>
        <extensions>
          <gpxtpx:TrackPointExtension>
            <gpxtpx:Extensions>
              <highway>residential</highway>
              <surface>asphalt</surface>
              <oneway>no</oneway>
            </gpxtpx:Extensions>
          </gpxtpx:TrackPointExtension>
        </extensions>
      </trkpt>
      <trkpt lat="45.057965" lon="7.677227">
        <ele>246.5</ele>
        <time>2023-05-15T13:27:59.353Z</time>
        <extensions>
          <gpxtpx:TrackPointExtension>
            <gpxtpx:Extensions>
              <highway>residential</highway>
              <surface>asphalt</surface>
              <oneway>no</oneway>
            </gpxtpx:Extensions>
          </gpxtpx:TrackPointExtension>
        </extensions>
      </trkpt>
      <trkpt lat="45.0582" lon="7.67733">
        <ele>248.25</ele>
        <time>2023-05-15T13:28:05.516Z</time>
        <extensions>
          <gpxtpx:TrackPointExtension>
            <gpxtpx:Extensions>
              <highway>residential</highway>
              <surface>asphalt</surface>
              <oneway>no</oneway>
            </gpxtpx:Extensions>
          </gpxtpx:TrackPointExtension>
        </extensions>
      </trkpt>
      <trkpt lat="45.058421" lon="7.677415">
        <ele>249.25</ele>
        <time>2023-05-15T13:28:09.961Z</time>
        <extensions>
          <gpxtpx:TrackPointExtension>
            <gpxtpx:Extensions>
              <highway>residential</highway>
              <surface>asphalt</surface>
              <oneway>no</oneway>
            </gpxtpx:Extensions>
          </gpxtpx:TrackPointExtension>
        </extensions>
      </trkpt>
      <trkpt lat="45.05842" lon="7.677414">
        <ele>248.75</ele>
        <time>2023-05-15T13:28:09.984Z</time>
        <extensions>
          <gpxtpx:TrackPointExtension>
            <gpxtpx:Extensions>
              <highway>residential</highway>
              <surface>asphalt</surface>
              <oneway>no</oneway>
            </gpxtpx:Extensions>
          </gpxtpx:TrackPointExtension>
        </extensions>
      </trkpt>
      <trkpt lat="45.058546" lon="7.677463">
        <ele>249.25</ele>
        <time>2023-05-15T13:28:12.520Z</time>
        <extensions>
          <gpxtpx:TrackPointExtension>
            <gpxtpx:Extensions>
              <highway>residential</highway>
              <surface>asphalt</surface>
              <oneway>no</oneway>
            </gpxtpx:Extensions>
          </gpxtpx:TrackPointExtension>
        </extensions>
      </trkpt>
      <trkpt lat="45.058611" lon="7.677495">
        <ele>249.25</ele>
        <time>2023-05-15T13:28:13.856Z</time>
        <extensions>
          <gpxtpx:TrackPointExtension>
            <gpxtpx:Extensions>
              <highway>residential</highway>
              <surface>asphalt</surface>
              <oneway>no</oneway>
            </gpxtpx:Extensions>
          </gpxtpx:TrackPointExtension>
        </extensions>
      </trkpt>
      <trkpt lat="45.05873" lon="7.677553">
        <ele>248.5</ele>
        <time>2023-05-15T13:28:16.299Z</time>
        <extensions>
          <gpxtpx:TrackPointExtension>
            <gpxtpx:Extensions>
              <highway>residential</highway>
              <surface>asphalt</surface>
              <oneway>no</oneway>
            </gpxtpx:Extensions>
          </gpxtpx:TrackPointExtension>
        </extensions>
      </trkpt>
      <trkpt lat="45.059092" lon="7.6778">
        <ele>246.75</ele>
        <time>2023-05-15T13:28:24.100Z</time>
        <extensions>
          <gpxtpx:TrackPointExtension>
            <gpxtpx:Extensions>
              <highway>residential</highway>
              <surface>asphalt</surface>
              <oneway>no</oneway>
            </gpxtpx:Extensions>
          </gpxtpx:TrackPointExtension>
        </extensions>
      </trkpt>
      <trkpt lat="45.060033" lon="7.678484">
        <ele>246.5</ele>
        <time>2023-05-15T13:28:44.634Z</time>
        <extensions>
          <gpxtpx:TrackPointExtension>
            <gpxtpx:Extensions>
              <highway>residential</highway>
              <surface>asphalt</surface>
              <oneway>no</oneway>
            </gpxtpx:Extensions>
          </gpxtpx:TrackPointExtension>
        </extensions>
      </trkpt>
      <trkpt lat="45.06007" lon="7.678511">
        <ele>246.5</ele>
        <time>2023-05-15T13:28:45.442Z</time>
        <extensions>
          <gpxtpx:TrackPointExtension>
            <gpxtpx:Extensions>
              <highway>residential</highway>
              <surface>asphalt</surface>
              <oneway>no</oneway>
            </gpxtpx:Extensions>
          </gpxtpx:TrackPointExtension>
        </extensions>
      </trkpt>
      <trkpt lat="45.060879" lon="7.679096">
        <ele>247.75</ele>
        <time>2023-05-15T13:29:03.077Z</time>
        <extensions>
          <gpxtpx:TrackPointExtension>
            <gpxtpx:Extensions>
              <highway>residential</highway>
              <surface>asphalt</surface>
              <oneway>no</oneway>
            </gpxtpx:Extensions>
          </gpxtpx:TrackPointExtension>
        </extensions>
      </trkpt>
      <trkpt lat="45.060948" lon="7.679146">
        <ele>248</ele>
        <time>2023-05-15T13:29:04.581Z</time>
        <extensions>
          <gpxtpx:TrackPointExtension>
            <gpxtpx:Extensions>
              <highway>residential</highway>
              <surface>asphalt</surface>
              <oneway>no</oneway>
            </gpxtpx:Extensions>
          </gpxtpx:TrackPointExtension>
        </extensions>
      </trkpt>
      <trkpt lat="45.061186" lon="7.679318">
        <ele>248.75</ele>
        <time>2023-05-15T13:29:09.768Z</time>
        <extensions>
          <gpxtpx:TrackPointExtension>
            <gpxtpx:Extensions>
              <highway>residential</highway>
              <surface>asphalt</surface>
              <oneway>no</oneway>
            </gpxtpx:Extensions>
          </gpxtpx:TrackPointExtension>
        </extensions>
      </trkpt>
      <trkpt lat="45.061512" lon="7.679552">
        <ele>249.5</ele>
        <time>2023-05-15T13:29:16.863Z</time>
        <extensions>
          <gpxtpx:TrackPointExtension>
            <gpxtpx:Extensions>
              <highway>residential</highway>
              <surface>asphalt</surface>
              <oneway>no</oneway>
            </gpxtpx:Extensions>
          </gpxtpx:TrackPointExtension>
        </extensions>
      </trkpt>
      <trkpt lat="45.061857" lon="7.67981">
        <ele>250.25</ele>
        <time>2023-05-15T13:29:24.437Z</time>
        <extensions>
          <gpxtpx:TrackPointExtension>
            <gpxtpx:Extensions>
              <highway>residential</highway>
              <surface>asphalt</surface>
            </gpxtpx:Extensions>
          </gpxtpx:TrackPointExtension>
        </extensions>
      </trkpt>
      <trkpt lat="45.062019" lon="7.679931">
        <ele>251</ele>
        <time>2023-05-15T13:29:27.992Z</time>
        <extensions>
          <gpxtpx:TrackPointExtension>
            <gpxtpx:Extensions>
              <highway>residential</highway>
              <surface>asphalt</surface>
            </gpxtpx:Extensions>
          </gpxtpx:TrackPointExtension>
        </extensions>
      </trkpt>
      <trkpt lat="45.062081" lon="7.679978">
        <ele>251.25</ele>
        <time>2023-05-15T13:29:29.357Z</time>
        <extensions>
          <gpxtpx:TrackPointExtension>
            <gpxtpx:Extensions>
              <highway>residential</highway>
              <surface>asphalt</surface>
            </gpxtpx:Extensions>
          </gpxtpx:TrackPointExtension>
        </extensions>
      </trkpt>
      <trkpt lat="45.062144" lon="7.680025">
        <ele>251.5</ele>
        <time>2023-05-15T13:29:30.739Z</time>
        <extensions>
          <gpxtpx:TrackPointExtension>
            <gpxtpx:Extensions>
              <highway>residential</highway>
              <surface>asphalt</surface>
              <maxspeed>20</maxspeed>
              <oneway>yes</oneway>
            </gpxtpx:Extensions>
          </gpxtpx:TrackPointExtension>
        </extensions>
      </trkpt>
      <trkpt lat="45.062093" lon="7.680166">
        <ele>251</ele>
        <time>2023-05-15T13:29:32.911Z</time>
        <extensions>
          <gpxtpx:TrackPointExtension>
            <gpxtpx:Extensions>
              <highway>residential</highway>
              <surface>asphalt</surface>
              <maxspeed>20</maxspeed>
              <oneway>yes</oneway>
            </gpxtpx:Extensions>
          </gpxtpx:TrackPointExtension>
        </extensions>
      </trkpt>
      <trkpt lat="45.062066" lon="7.680243">
        <ele>250.75</ele>
        <time>2023-05-15T13:29:34.089Z</time>
        <extensions>
          <gpxtpx:TrackPointExtension>
            <gpxtpx:Extensions>
              <highway>residential</highway>
              <surface>asphalt</surface>
              <maxspeed>20</maxspeed>
              <oneway>yes</oneway>
            </gpxtpx:Extensions>
          </gpxtpx:TrackPointExtension>
        </extensions>
      </trkpt>
      <trkpt lat="45.062017" lon="7.680382">
        <ele>249.5</ele>
        <time>2023-05-15T13:29:36.219Z</time>
        <extensions>
          <gpxtpx:TrackPointExtension>
            <gpxtpx:Extensions>
              <highway>residential</highway>
              <surface>asphalt</surface>
              <maxspeed>20</maxspeed>
              <oneway>yes</oneway>
            </gpxtpx:Extensions>
          </gpxtpx:TrackPointExtension>
        </extensions>
      </trkpt>
      <trkpt lat="45.061927" lon="7.680641">
        <ele>249.5</ele>
        <time>2023-05-15T13:29:40.176Z</time>
        <extensions>
          <gpxtpx:TrackPointExtension>
            <gpxtpx:Extensions>
              <highway>residential</highway>
              <surface>asphalt</surface>
              <maxspeed>20</maxspeed>
              <oneway>yes</oneway>
            </gpxtpx:Extensions>
          </gpxtpx:TrackPointExtension>
        </extensions>
      </trkpt>
      <trkpt lat="45.061783" lon="7.681061">
        <ele>248.25</ele>
        <time>2023-05-15T13:29:46.577Z</time>
        <extensions>
          <gpxtpx:TrackPointExtension>
            <gpxtpx:Extensions>
              <highway>residential</highway>
              <surface>asphalt</surface>
              <maxspeed>20</maxspeed>
              <oneway>yes</oneway>
            </gpxtpx:Extensions>
          </gpxtpx:TrackPointExtension>
        </extensions>
      </trkpt>
      <trkpt lat="45.06178098733949" lon="7.681066726181713">
        <ele>248.228739362802</ele>
        <time>2023-05-15T13:29:46.732Z</time>
        <extensions>
          <gpxtpx:TrackPointExtension>
            <gpxtpx:Extensions>
              <highway>residential</highway>
              <surface>asphalt</surface>
              <maxspeed>20</maxspeed>
              <oneway>yes</oneway>
            </gpxtpx:Extensions>
          </gpxtpx:TrackPointExtension>
        </extensions>
      </trkpt>
      <trkpt lat="45.06178098733949" lon="7.681066726181713">
        <ele>246.82960839852086</ele>
        <time>2023-05-15T13:29:46.732Z</time>
      </trkpt>
      <trkpt lat="45.06177508649043" lon="7.681249521720673">
        <ele>246.452507319164</ele>
        <time>2023-05-15T13:29:51.190Z</time>
      </trkpt>
      <trkpt lat="45.06177508649043" lon="7.681249521720673">
        <ele>246.452507319164</ele>
        <time>2023-05-15T13:29:51.219Z</time>
      </trkpt>
      <trkpt lat="45.061763752814585" lon="7.6814192759531466">
        <ele>246.3978903312716</ele>
        <time>2023-05-15T13:29:55.361Z</time>
      </trkpt>
      <trkpt lat="45.061763752814585" lon="7.6814192759531466">
        <ele>246.3978903312716</ele>
        <time>2023-05-15T13:29:55.361Z</time>
      </trkpt>
      <trkpt lat="45.06177431362107" lon="7.68152101172447">
        <ele>246.2380786999603</ele>
        <time>2023-05-15T13:29:56.612Z</time>
      </trkpt>
      <trkpt lat="45.061768" lon="7.681534">
        <ele>246.75</ele>
        <time>2023-05-15T13:29:56.804Z</time>
        <extensions>
          <gpxtpx:TrackPointExtension>
            <gpxtpx:Extensions>
              <highway>residential</highway>
              <surface>asphalt</surface>
              <oneway>yes</oneway>
            </gpxtpx:Extensions>
          </gpxtpx:TrackPointExtension>
        </extensions>
      </trkpt>
      <trkpt lat="45.061784" lon="7.681546">
        <ele>246.75</ele>
        <time>2023-05-15T13:29:57.115Z</time>
        <extensions>
          <gpxtpx:TrackPointExtension>
            <gpxtpx:Extensions>
              <highway>primary</highway>
              <surface>asphalt</surface>
              <maxspeed>50</maxspeed>
              <oneway>no</oneway>
            </gpxtpx:Extensions>
          </gpxtpx:TrackPointExtension>
        </extensions>
      </trkpt>
      <trkpt lat="45.061749" lon="7.681643">
        <ele>246.25</ele>
        <time>2023-05-15T13:29:58.440Z</time>
        <extensions>
          <gpxtpx:TrackPointExtension>
            <gpxtpx:Extensions>
              <highway>primary</highway>
              <surface>asphalt</surface>
              <maxspeed>50</maxspeed>
              <oneway>no</oneway>
            </gpxtpx:Extensions>
          </gpxtpx:TrackPointExtension>
        </extensions>
      </trkpt>
      <trkpt lat="45.061696" lon="7.681792">
        <ele>246</ele>
        <time>2023-05-15T13:30:00.469Z</time>
        <extensions>
          <gpxtpx:TrackPointExtension>
            <gpxtpx:Extensions>
              <highway>primary</highway>
              <surface>asphalt</surface>
              <maxspeed>50</maxspeed>
              <oneway>no</oneway>
            </gpxtpx:Extensions>
          </gpxtpx:TrackPointExtension>
        </extensions>
      </trkpt>
      <trkpt lat="45.061013" lon="7.6837">
        <ele>242.75</ele>
        <time>2023-05-15T13:30:26.493Z</time>
        <extensions>
          <gpxtpx:TrackPointExtension>
            <gpxtpx:Extensions>
              <highway>primary</highway>
              <surface>asphalt</surface>
              <maxspeed>50</maxspeed>
              <oneway>no</oneway>
            </gpxtpx:Extensions>
          </gpxtpx:TrackPointExtension>
        </extensions>
      </trkpt>
      <trkpt lat="45.060999" lon="7.683739">
        <ele>242.75</ele>
        <time>2023-05-15T13:30:27.025Z</time>
        <extensions>
          <gpxtpx:TrackPointExtension>
            <gpxtpx:Extensions>
              <highway>primary</highway>
              <surface>asphalt</surface>
              <maxspeed>50</maxspeed>
              <oneway>no</oneway>
            </gpxtpx:Extensions>
          </gpxtpx:TrackPointExtension>
        </extensions>
      </trkpt>
      <trkpt lat="45.060976" lon="7.683804">
        <ele>242.75</ele>
        <time>2023-05-15T13:30:27.909Z</time>
        <extensions>
          <gpxtpx:TrackPointExtension>
            <gpxtpx:Extensions>
              <highway>primary</highway>
              <surface>asphalt</surface>
              <maxspeed>50</maxspeed>
              <oneway>no</oneway>
            </gpxtpx:Extensions>
          </gpxtpx:TrackPointExtension>
        </extensions>
      </trkpt>
      <trkpt lat="45.060951" lon="7.683873">
        <ele>242.75</ele>
        <time>2023-05-15T13:30:28.852Z</time>
        <extensions>
          <gpxtpx:TrackPointExtension>
            <gpxtpx:Extensions>
              <highway>primary</highway>
              <surface>asphalt</surface>
              <maxspeed>50</maxspeed>
              <oneway>no</oneway>
            </gpxtpx:Extensions>
          </gpxtpx:TrackPointExtension>
        </extensions>
      </trkpt>
      <trkpt lat="45.060673" lon="7.684646">
        <ele>243.25</ele>
        <time>2023-05-15T13:30:39.405Z</time>
        <extensions>
          <gpxtpx:TrackPointExtension>
            <gpxtpx:Extensions>
              <highway>primary</highway>
              <surface>asphalt</surface>
              <maxspeed>50</maxspeed>
              <oneway>no</oneway>
            </gpxtpx:Extensions>
          </gpxtpx:TrackPointExtension>
        </extensions>
      </trkpt>
      <trkpt lat="45.060615" lon="7.684807">
        <ele>243.25</ele>
        <time>2023-05-15T13:30:41.603Z</time>
        <extensions>
          <gpxtpx:TrackPointExtension>
            <gpxtpx:Extensions>
              <highway>primary</highway>
              <surface>asphalt</surface>
              <maxspeed>50</maxspeed>
              <oneway>no</oneway>
            </gpxtpx:Extensions>
          </gpxtpx:TrackPointExtension>
        </extensions>
      </trkpt>
      <trkpt lat="45.060595" lon="7.684864">
        <ele>243</ele>
        <time>2023-05-15T13:30:42.377Z</time>
        <extensions>
          <gpxtpx:TrackPointExtension>
            <gpxtpx:Extensions>
              <highway>primary</highway>
              <surface>asphalt</surface>
              <maxspeed>50</maxspeed>
              <oneway>no</oneway>
            </gpxtpx:Extensions>
          </gpxtpx:TrackPointExtension>
        </extensions>
      </trkpt>
      <trkpt lat="45.060585" lon="7.684889">
        <ele>243</ele>
        <time>2023-05-15T13:30:42.726Z</time>
        <extensions>
          <gpxtpx:TrackPointExtension>
            <gpxtpx:Extensions>
              <highway>primary</highway>
              <surface>asphalt</surface>
              <maxspeed>50</maxspeed>
              <oneway>no</oneway>
            </gpxtpx:Extensions>
          </gpxtpx:TrackPointExtension>
        </extensions>
      </trkpt>
      <trkpt lat="45.060578" lon="7.68491">
        <ele>243</ele>
        <time>2023-05-15T13:30:43.008Z</time>
        <extensions>
          <gpxtpx:TrackPointExtension>
            <gpxtpx:Extensions>
              <reversedirection>yes</reversedirection>
              <highway>tertiary</highway>
              <surface>asphalt</surface>
            </gpxtpx:Extensions>
          </gpxtpx:TrackPointExtension>
        </extensions>
      </trkpt>
      <trkpt lat="45.060575" lon="7.684908">
        <ele>243</ele>
        <time>2023-05-15T13:30:43.072Z</time>
        <extensions>
          <gpxtpx:TrackPointExtension>
            <gpxtpx:Extensions>
              <reversedirection>yes</reversedirection>
              <highway>tertiary</highway>
              <surface>asphalt</surface>
            </gpxtpx:Extensions>
          </gpxtpx:TrackPointExtension>
        </extensions>
      </trkpt>
      <trkpt lat="45.060575" lon="7.684908">
        <ele>241.30566133191996</ele>
        <time>2023-05-15T13:30:43.072Z</time>
      </trkpt>
      <trkpt lat="45.06081931517957" lon="7.685077124193214">
        <ele>243.26350034857234</ele>
        <time>2023-05-15T13:30:48.361Z</time>
      </trkpt>
      <trkpt lat="45.06081931517957" lon="7.685077124193214">
        <ele>243.26350034857234</ele>
        <time>2023-05-15T13:30:48.361Z</time>
      </trkpt>
      <trkpt lat="45.06122227773233" lon="7.685359626045965">
        <ele>241.71036498961104</ele>
        <time>2023-05-15T13:30:57.106Z</time>
      </trkpt>
      <trkpt lat="45.06162524028508" lon="7.685642127898717">
        <ele>241.12208878169812</ele>
        <time>2023-05-15T13:31:05.851Z</time>
      </trkpt>
      <trkpt lat="45.06202820283784" lon="7.685924629751469">
        <ele>239.95326554119305</ele>
        <time>2023-05-15T13:31:14.596Z</time>
      </trkpt>
      <trkpt lat="45.06243116539059" lon="7.68620713160422">
        <ele>238.91290512392436</ele>
        <time>2023-05-15T13:31:23.341Z</time>
      </trkpt>
      <trkpt lat="45.06283412794335" lon="7.686489633456973">
        <ele>239.70985917816944</ele>
        <time>2023-05-15T13:31:32.086Z</time>
      </trkpt>
      <trkpt lat="45.0632370904961" lon="7.686772135309725">
        <ele>237.33724088283284</ele>
        <time>2023-05-15T13:31:40.831Z</time>
      </trkpt>
      <trkpt lat="45.06364005304886" lon="7.687054637162476">
        <ele>238.0738324200235</ele>
        <time>2023-05-15T13:31:49.576Z</time>
      </trkpt>
      <trkpt lat="45.064043015601605" lon="7.687337139015228">
        <ele>242.05087036533024</ele>
        <time>2023-05-15T13:31:58.321Z</time>
      </trkpt>
      <trkpt lat="45.06444597815436" lon="7.68761964086798">
        <ele>243.26414108186918</ele>
        <time>2023-05-15T13:32:07.066Z</time>
      </trkpt>
      <trkpt lat="45.064848940707115" lon="7.6879021427207315">
        <ele>244.852777754855</ele>
        <time>2023-05-15T13:32:15.811Z</time>
      </trkpt>
      <trkpt lat="45.06525190325987" lon="7.688184644573483">
        <ele>245.4592360346355</ele>
        <time>2023-05-15T13:32:24.556Z</time>
      </trkpt>
      <trkpt lat="45.065654865812625" lon="7.688467146426235">
        <ele>244.56056846564263</ele>
        <time>2023-05-15T13:32:33.300Z</time>
      </trkpt>
      <trkpt lat="45.06579857518395" lon="7.688567895648163">
        <ele>243.28939645883804</ele>
        <time>2023-05-15T13:32:36.415Z</time>
      </trkpt>
      <trkpt lat="45.06579857518395" lon="7.688567895648163">
        <ele>243.28939645883804</ele>
        <time>2023-05-15T13:32:36.415Z</time>
      </trkpt>
      <trkpt lat="45.0658569977646" lon="7.688646976766478">
        <ele>242.49143545928257</ele>
        <time>2023-05-15T13:32:37.984Z</time>
      </trkpt>
      <trkpt lat="45.0658569977646" lon="7.688646976766478">
        <ele>242.49143545928257</ele>
        <time>2023-05-15T13:32:37.984Z</time>
      </trkpt>
      <trkpt lat="45.06593628309537" lon="7.688851496660874">
        <ele>241.43969847420306</ele>
        <time>2023-05-15T13:32:41.122Z</time>
      </trkpt>
      <trkpt lat="45.06593628309537" lon="7.688851496660874">
        <ele>241.43969847420306</ele>
        <time>2023-05-15T13:32:41.122Z</time>
      </trkpt>
      <trkpt lat="45.065946993731586" lon="7.689062517425299">
        <ele>241.72261846587128</ele>
        <time>2023-05-15T13:32:43.935Z</time>
      </trkpt>
      <trkpt lat="45.065955" lon="7.689058">
        <ele>242.75</ele>
        <time>2023-05-15T13:32:44.095Z</time>
        <extensions>
          <gpxtpx:TrackPointExtension>
            <gpxtpx:Extensions>
              <highway>residential</highway>
              <surface>sett</surface>
              <junction>roundabout</junction>
            </gpxtpx:Extensions>
          </gpxtpx:TrackPointExtension>
        </extensions>
      </trkpt>
      <trkpt lat="45.065959" lon="7.689076">
        <ele>242.75</ele>
        <time>2023-05-15T13:32:44.345Z</time>
        <extensions>
          <gpxtpx:TrackPointExtension>
            <gpxtpx:Extensions>
              <highway>residential</highway>
              <surface>sett</surface>
              <junction>roundabout</junction>
            </gpxtpx:Extensions>
          </gpxtpx:TrackPointExtension>
        </extensions>
      </trkpt>
      <trkpt lat="45.065977" lon="7.68914">
        <ele>242.5</ele>
        <time>2023-05-15T13:32:45.261Z</time>
        <extensions>
          <gpxtpx:TrackPointExtension>
            <gpxtpx:Extensions>
              <highway>residential</highway>
              <surface>sett</surface>
              <junction>roundabout</junction>
            </gpxtpx:Extensions>
          </gpxtpx:TrackPointExtension>
        </extensions>
      </trkpt>
      <trkpt lat="45.066002" lon="7.689198">
        <ele>242.5</ele>
        <time>2023-05-15T13:32:46.164Z</time>
        <extensions>
          <gpxtpx:TrackPointExtension>
            <gpxtpx:Extensions>
              <highway>residential</highway>
              <surface>sett</surface>
              <junction>roundabout</junction>
            </gpxtpx:Extensions>
          </gpxtpx:TrackPointExtension>
        </extensions>
      </trkpt>
      <trkpt lat="45.066063" lon="7.689293">
        <ele>243</ele>
        <time>2023-05-15T13:32:47.871Z</time>
        <extensions>
          <gpxtpx:TrackPointExtension>
            <gpxtpx:Extensions>
              <highway>residential</highway>
              <surface>sett</surface>
              <junction>roundabout</junction>
            </gpxtpx:Extensions>
          </gpxtpx:TrackPointExtension>
        </extensions>
      </trkpt>
      <trkpt lat="45.066117" lon="7.689346">
        <ele>243.5</ele>
        <time>2023-05-15T13:32:49.886Z</time>
        <extensions>
          <gpxtpx:TrackPointExtension>
            <gpxtpx:Extensions>
              <highway>residential</highway>
              <surface>sett</surface>
              <junction>roundabout</junction>
            </gpxtpx:Extensions>
          </gpxtpx:TrackPointExtension>
        </extensions>
      </trkpt>
      <trkpt lat="45.066116" lon="7.689345">
        <ele>243.25</ele>
        <time>2023-05-15T13:32:49.923Z</time>
        <extensions>
          <gpxtpx:TrackPointExtension>
            <gpxtpx:Extensions>
              <highway>residential</highway>
              <surface>sett</surface>
              <junction>roundabout</junction>
            </gpxtpx:Extensions>
          </gpxtpx:TrackPointExtension>
        </extensions>
      </trkpt>
      <trkpt lat="45.066121" lon="7.689349">
        <ele>243.5</ele>
        <time>2023-05-15T13:32:50.096Z</time>
        <extensions>
          <gpxtpx:TrackPointExtension>
            <gpxtpx:Extensions>
              <highway>residential</highway>
              <surface>sett</surface>
              <junction>roundabout</junction>
            </gpxtpx:Extensions>
          </gpxtpx:TrackPointExtension>
        </extensions>
      </trkpt>
      <trkpt lat="45.06619" lon="7.68939">
        <ele>243.75</ele>
        <time>2023-05-15T13:32:52.391Z</time>
        <extensions>
          <gpxtpx:TrackPointExtension>
            <gpxtpx:Extensions>
              <highway>residential</highway>
              <surface>sett</surface>
              <junction>roundabout</junction>
            </gpxtpx:Extensions>
          </gpxtpx:TrackPointExtension>
        </extensions>
      </trkpt>
      <trkpt lat="45.066235" lon="7.689405">
        <ele>244</ele>
        <time>2023-05-15T13:32:53.809Z</time>
        <extensions>
          <gpxtpx:TrackPointExtension>
            <gpxtpx:Extensions>
              <highway>residential</highway>
              <surface>sett</surface>
              <junction>roundabout</junction>
            </gpxtpx:Extensions>
          </gpxtpx:TrackPointExtension>
        </extensions>
      </trkpt>
      <trkpt lat="45.066335" lon="7.689408">
        <ele>244.25</ele>
        <time>2023-05-15T13:32:56.878Z</time>
        <extensions>
          <gpxtpx:TrackPointExtension>
            <gpxtpx:Extensions>
              <highway>residential</highway>
              <surface>sett</surface>
              <junction>roundabout</junction>
            </gpxtpx:Extensions>
          </gpxtpx:TrackPointExtension>
        </extensions>
      </trkpt>
      <trkpt lat="45.066406" lon="7.689383">
        <ele>244.25</ele>
        <time>2023-05-15T13:32:59.122Z</time>
        <extensions>
          <gpxtpx:TrackPointExtension>
            <gpxtpx:Extensions>
              <highway>residential</highway>
              <surface>sett</surface>
              <junction>roundabout</junction>
            </gpxtpx:Extensions>
          </gpxtpx:TrackPointExtension>
        </extensions>
      </trkpt>
      <trkpt lat="45.066473" lon="7.68934">
        <ele>244.5</ele>
        <time>2023-05-15T13:33:01.379Z</time>
        <extensions>
          <gpxtpx:TrackPointExtension>
            <gpxtpx:Extensions>
              <highway>residential</highway>
              <surface>sett</surface>
              <junction>roundabout</junction>
            </gpxtpx:Extensions>
          </gpxtpx:TrackPointExtension>
        </extensions>
      </trkpt>
      <trkpt lat="45.066516" lon="7.689297">
        <ele>244.5</ele>
        <time>2023-05-15T13:33:02.994Z</time>
        <extensions>
          <gpxtpx:TrackPointExtension>
            <gpxtpx:Extensions>
              <highway>residential</highway>
              <surface>sett</surface>
              <oneway>yes</oneway>
            </gpxtpx:Extensions>
          </gpxtpx:TrackPointExtension>
        </extensions>
      </trkpt>
      <trkpt lat="45.066567" lon="7.689277">
        <ele>244.75</ele>
        <time>2023-05-15T13:33:04.617Z</time>
        <extensions>
          <gpxtpx:TrackPointExtension>
            <gpxtpx:Extensions>
              <highway>residential</highway>
              <surface>sett</surface>
              <oneway>yes</oneway>
            </gpxtpx:Extensions>
          </gpxtpx:TrackPointExtension>
        </extensions>
      </trkpt>
      <trkpt lat="45.066579" lon="7.689272">
        <ele>244.75</ele>
        <time>2023-05-15T13:33:05.000Z</time>
        <extensions>
          <gpxtpx:TrackPointExtension>
            <gpxtpx:Extensions>
              <highway>residential</highway>
              <surface>sett</surface>
              <oneway>yes</oneway>
            </gpxtpx:Extensions>
          </gpxtpx:TrackPointExtension>
        </extensions>
      </trkpt>
      <trkpt lat="45.066662" lon="7.68924">
        <ele>245</ele>
        <time>2023-05-15T13:33:07.639Z</time>
        <extensions>
          <gpxtpx:TrackPointExtension>
            <gpxtpx:Extensions>
              <highway>residential</highway>
              <surface>sett</surface>
              <oneway>yes</oneway>
            </gpxtpx:Extensions>
          </gpxtpx:TrackPointExtension>
        </extensions>
      </trkpt>
      <trkpt lat="45.066698" lon="7.689226">
        <ele>245</ele>
        <time>2023-05-15T13:33:08.784Z</time>
        <extensions>
          <gpxtpx:TrackPointExtension>
            <gpxtpx:Extensions>
              <highway>residential</highway>
              <surface>sett</surface>
              <oneway>yes</oneway>
            </gpxtpx:Extensions>
          </gpxtpx:TrackPointExtension>
        </extensions>
      </trkpt>
      <trkpt lat="45.066716" lon="7.689218">
        <ele>245</ele>
        <time>2023-05-15T13:33:09.362Z</time>
        <extensions>
          <gpxtpx:TrackPointExtension>
            <gpxtpx:Extensions>
              <reversedirection>yes</reversedirection>
              <highway>residential</highway>
              <surface>sett</surface>
              <maxspeed>50</maxspeed>
            </gpxtpx:Extensions>
          </gpxtpx:TrackPointExtension>
        </extensions>
      </trkpt>
      <trkpt lat="45.066775" lon="7.689259">
        <ele>245</ele>
        <time>2023-05-15T13:33:11.378Z</time>
        <extensions>
          <gpxtpx:TrackPointExtension>
            <gpxtpx:Extensions>
              <reversedirection>yes</reversedirection>
              <highway>residential</highway>
              <surface>paving_stones</surface>
              <maxspeed>50</maxspeed>
            </gpxtpx:Extensions>
          </gpxtpx:TrackPointExtension>
        </extensions>
      </trkpt>
      <trkpt lat="45.066858" lon="7.689318">
        <ele>245</ele>
        <time>2023-05-15T13:33:14.952Z</time>
        <extensions>
          <gpxtpx:TrackPointExtension>
            <gpxtpx:Extensions>
              <reversedirection>yes</reversedirection>
              <highway>residential</highway>
              <surface>paving_stones</surface>
              <maxspeed>50</maxspeed>
            </gpxtpx:Extensions>
          </gpxtpx:TrackPointExtension>
        </extensions>
      </trkpt>
      <trkpt lat="45.066857" lon="7.689317">
        <ele>245</ele>
        <time>2023-05-15T13:33:14.984Z</time>
        <extensions>
          <gpxtpx:TrackPointExtension>
            <gpxtpx:Extensions>
              <reversedirection>yes</reversedirection>
              <highway>residential</highway>
              <surface>paving_stones</surface>
              <maxspeed>50</maxspeed>
            </gpxtpx:Extensions>
          </gpxtpx:TrackPointExtension>
        </extensions>
      </trkpt>
      <trkpt lat="45.066999" lon="7.689417">
        <ele>245</ele>
        <time>2023-05-15T13:33:21.087Z</time>
        <extensions>
          <gpxtpx:TrackPointExtension>
            <gpxtpx:Extensions>
              <reversedirection>yes</reversedirection>
              <highway>residential</highway>
              <surface>paving_stones</surface>
              <maxspeed>50</maxspeed>
            </gpxtpx:Extensions>
          </gpxtpx:TrackPointExtension>
        </extensions>
      </trkpt>
      <trkpt lat="45.06701" lon="7.689425">
        <ele>245</ele>
        <time>2023-05-15T13:33:21.563Z</time>
        <extensions>
          <gpxtpx:TrackPointExtension>
            <gpxtpx:Extensions>
              <reversedirection>yes</reversedirection>
              <highway>residential</highway>
              <surface>paving_stones</surface>
              <maxspeed>50</maxspeed>
            </gpxtpx:Extensions>
          </gpxtpx:TrackPointExtension>
        </extensions>
      </trkpt>
      <trkpt lat="45.067025" lon="7.689436">
        <ele>245</ele>
        <time>2023-05-15T13:33:22.212Z</time>
        <extensions>
          <gpxtpx:TrackPointExtension>
            <gpxtpx:Extensions>
              <reversedirection>yes</reversedirection>
              <highway>residential</highway>
              <surface>paving_stones</surface>
              <maxspeed>50</maxspeed>
            </gpxtpx:Extensions>
          </gpxtpx:TrackPointExtension>
        </extensions>
      </trkpt>
      <trkpt lat="45.067084" lon="7.689484">
        <ele>244.75</ele>
        <time>2023-05-15T13:33:24.830Z</time>
        <extensions>
          <gpxtpx:TrackPointExtension>
            <gpxtpx:Extensions>
              <reversedirection>yes</reversedirection>
              <highway>residential</highway>
              <surface>paving_stones</surface>
              <maxspeed>50</maxspeed>
            </gpxtpx:Extensions>
          </gpxtpx:TrackPointExtension>
        </extensions>
      </trkpt>
      <trkpt lat="45.067311" lon="7.689645">
        <ele>244.5</ele>
        <time>2023-05-15T13:33:34.601Z</time>
        <extensions>
          <gpxtpx:TrackPointExtension>
            <gpxtpx:Extensions>
              <reversedirection>yes</reversedirection>
              <highway>residential</highway>
              <surface>paving_stones</surface>
              <maxspeed>50</maxspeed>
            </gpxtpx:Extensions>
          </gpxtpx:TrackPointExtension>
        </extensions>
      </trkpt>
      <trkpt lat="45.06769" lon="7.689908">
        <ele>244</ele>
        <time>2023-05-15T13:33:50.844Z</time>
        <extensions>
          <gpxtpx:TrackPointExtension>
            <gpxtpx:Extensions>
              <reversedirection>yes</reversedirection>
              <highway>residential</highway>
              <surface>paving_stones</surface>
              <maxspeed>50</maxspeed>
            </gpxtpx:Extensions>
          </gpxtpx:TrackPointExtension>
        </extensions>
      </trkpt>
      <trkpt lat="45.067927" lon="7.690078">
        <ele>243.75</ele>
        <time>2023-05-15T13:34:01.068Z</time>
        <extensions>
          <gpxtpx:TrackPointExtension>
            <gpxtpx:Extensions>
              <reversedirection>yes</reversedirection>
              <highway>residential</highway>
              <surface>paving_stones</surface>
              <maxspeed>50</maxspeed>
            </gpxtpx:Extensions>
          </gpxtpx:TrackPointExtension>
        </extensions>
      </trkpt>
      <trkpt lat="45.068047" lon="7.690162">
        <ele>243.75</ele>
        <time>2023-05-15T13:34:06.219Z</time>
        <extensions>
          <gpxtpx:TrackPointExtension>
            <gpxtpx:Extensions>
              <reversedirection>yes</reversedirection>
              <highway>residential</highway>
              <surface>paving_stones</surface>
              <maxspeed>50</maxspeed>
            </gpxtpx:Extensions>
          </gpxtpx:TrackPointExtension>
        </extensions>
      </trkpt>
      <trkpt lat="45.068114" lon="7.69021">
        <ele>243.5</ele>
        <time>2023-05-15T13:34:09.108Z</time>
        <extensions>
          <gpxtpx:TrackPointExtension>
            <gpxtpx:Extensions>
              <reversedirection>yes</reversedirection>
              <highway>residential</highway>
              <surface>paving_stones</surface>
              <maxspeed>50</maxspeed>
            </gpxtpx:Extensions>
          </gpxtpx:TrackPointExtension>
        </extensions>
      </trkpt>
      <trkpt lat="45.068129" lon="7.69022">
        <ele>243.5</ele>
        <time>2023-05-15T13:34:09.745Z</time>
        <extensions>
          <gpxtpx:TrackPointExtension>
            <gpxtpx:Extensions>
              <reversedirection>yes</reversedirection>
              <highway>residential</highway>
              <surface>paving_stones</surface>
              <maxspeed>50</maxspeed>
            </gpxtpx:Extensions>
          </gpxtpx:TrackPointExtension>
        </extensions>
      </trkpt>
      <trkpt lat="45.068142" lon="7.69023">
        <ele>243.5</ele>
        <time>2023-05-15T13:34:10.315Z</time>
        <extensions>
          <gpxtpx:TrackPointExtension>
            <gpxtpx:Extensions>
              <highway>tertiary</highway>
              <surface>paving_stones</surface>
              <maxspeed>50</maxspeed>
            </gpxtpx:Extensions>
          </gpxtpx:TrackPointExtension>
        </extensions>
      </trkpt>
      <trkpt lat="45.06813" lon="7.690248">
        <ele>243.5</ele>
        <time>2023-05-15T13:34:10.988Z</time>
        <extensions>
          <gpxtpx:TrackPointExtension>
            <gpxtpx:Extensions>
              <highway>tertiary</highway>
              <surface>paving_stones</surface>
              <maxspeed>50</maxspeed>
              <oneway>yes</oneway>
            </gpxtpx:Extensions>
          </gpxtpx:TrackPointExtension>
        </extensions>
      </trkpt>
      <trkpt lat="45.068086" lon="7.69032">
        <ele>243.5</ele>
        <time>2023-05-15T13:34:13.576Z</time>
        <extensions>
          <gpxtpx:TrackPointExtension>
            <gpxtpx:Extensions>
              <highway>tertiary</highway>
              <surface>paving_stones</surface>
              <maxspeed>50</maxspeed>
              <oneway>yes</oneway>
            </gpxtpx:Extensions>
          </gpxtpx:TrackPointExtension>
        </extensions>
      </trkpt>
      <trkpt lat="45.068082" lon="7.690325">
        <ele>243.5</ele>
        <time>2023-05-15T13:34:13.784Z</time>
        <extensions>
          <gpxtpx:TrackPointExtension>
            <gpxtpx:Extensions>
              <highway>tertiary</highway>
              <surface>paving_stones</surface>
              <maxspeed>50</maxspeed>
              <oneway>yes</oneway>
            </gpxtpx:Extensions>
          </gpxtpx:TrackPointExtension>
        </extensions>
      </trkpt>
      <trkpt lat="45.068082" lon="7.690325">
        <ele>240.49000738455263</ele>
        <time>2023-05-15T13:34:13.784Z</time>
      </trkpt>
      <trkpt lat="45.06777286175779" lon="7.690787342751282">
        <ele>242.94821427731236</ele>
        <time>2023-05-15T13:34:31.346Z</time>
      </trkpt>
      <trkpt lat="45.06746372351557" lon="7.691249685502564">
        <ele>245.17783377104146</ele>
        <time>2023-05-15T13:34:48.908Z</time>
      </trkpt>
      <trkpt lat="45.067369637468744" lon="7.691390399253919">
        <ele>244.88023674984274</ele>
        <time>2023-05-15T13:34:54.253Z</time>
      </trkpt>
      <trkpt lat="45.06706945334688" lon="7.691864417692401">
        <ele>244.4418163123546</ele>
        <time>2023-05-15T13:35:11.815Z</time>
      </trkpt>
      <trkpt lat="45.066800746696345" lon="7.6922887302979746">
        <ele>243.57296952198504</ele>
        <time>2023-05-15T13:35:27.536Z</time>
      </trkpt>
      <trkpt lat="45.066800746696345" lon="7.6922887302979746">
        <ele>243.57296952198504</ele>
        <time>2023-05-15T13:35:27.567Z</time>
      </trkpt>
      <trkpt lat="45.066800746696345" lon="7.6922887302979746">
        <ele>243.57296952198504</ele>
        <time>2023-05-15T13:35:27.598Z</time>
      </trkpt>
      <trkpt lat="45.06649818383236" lon="7.692759693476203">
        <ele>242.5972921468352</ele>
        <time>2023-05-15T13:35:44.384Z</time>
      </trkpt>
      <trkpt lat="45.06619562096838" lon="7.693230656654432">
        <ele>243.33987230984877</ele>
        <time>2023-05-15T13:36:01.170Z</time>
      </trkpt>
      <trkpt lat="45.06589305810439" lon="7.693701619832661">
        <ele>236.71988826574423</ele>
        <time>2023-05-15T13:36:17.956Z</time>
      </trkpt>
      <trkpt lat="45.06559049524041" lon="7.694172583010889">
        <ele>230.5102740659582</ele>
        <time>2023-05-15T13:36:34.742Z</time>
      </trkpt>
      <trkpt lat="45.06528793237643" lon="7.694643546189118">
        <ele>228.90000000000146</ele>
        <time>2023-05-15T13:36:51.528Z</time>
      </trkpt>
      <trkpt lat="45.06498536951244" lon="7.695114509367347">
        <ele>228.04178691734575</ele>
        <time>2023-05-15T13:37:08.314Z</time>
      </trkpt>
      <trkpt lat="45.064682806648456" lon="7.6955854725455755">
        <ele>228.33725185972608</ele>
        <time>2023-05-15T13:37:25.100Z</time>
      </trkpt>
      <trkpt lat="45.06438024378447" lon="7.696056435723804">
        <ele>226.77316164127612</ele>
        <time>2023-05-15T13:37:41.886Z</time>
      </trkpt>
      <trkpt lat="45.06407768092049" lon="7.696527398902033">
        <ele>221.4919181607194</ele>
        <time>2023-05-15T13:37:58.672Z</time>
      </trkpt>
      <trkpt lat="45.06399087649828" lon="7.696662516893809">
        <ele>219.54695051242714</ele>
        <time>2023-05-15T13:38:00.201Z</time>
      </trkpt>
      <trkpt lat="45.06399087649828" lon="7.696662516893809">
        <ele>219.54695051242714</ele>
        <time>2023-05-15T13:38:00.201Z</time>
      </trkpt>
      <trkpt lat="45.06418472626919" lon="7.696920347077167">
        <ele>224.5712113612236</ele>
        <time>2023-05-15T13:38:03.859Z</time>
      </trkpt>
      <trkpt lat="45.064183" lon="7.69692">
        <ele>224.75</ele>
        <time>2023-05-15T13:38:03.882Z</time>
        <extensions>
          <gpxtpx:TrackPointExtension>
            <gpxtpx:Extensions>
              <highway>secondary</highway>
              <surface>asphalt</surface>
              <maxspeed>50</maxspeed>
            </gpxtpx:Extensions>
          </gpxtpx:TrackPointExtension>
        </extensions>
      </trkpt>
      <trkpt lat="45.064313" lon="7.697092">
        <ele>226.5</ele>
        <time>2023-05-15T13:38:06.329Z</time>
        <extensions>
          <gpxtpx:TrackPointExtension>
            <gpxtpx:Extensions>
              <highway>secondary</highway>
              <surface>asphalt</surface>
              <maxspeed>50</maxspeed>
            </gpxtpx:Extensions>
          </gpxtpx:TrackPointExtension>
        </extensions>
      </trkpt>
      <trkpt lat="45.064357" lon="7.697148">
        <ele>227</ele>
        <time>2023-05-15T13:38:07.142Z</time>
        <extensions>
          <gpxtpx:TrackPointExtension>
            <gpxtpx:Extensions>
              <highway>secondary</highway>
              <surface>asphalt</surface>
              <maxspeed>50</maxspeed>
            </gpxtpx:Extensions>
          </gpxtpx:TrackPointExtension>
        </extensions>
      </trkpt>
      <trkpt lat="45.064797" lon="7.697729">
        <ele>229.75</ele>
        <time>2023-05-15T13:38:15.417Z</time>
        <extensions>
          <gpxtpx:TrackPointExtension>
            <gpxtpx:Extensions>
              <highway>secondary</highway>
              <surface>asphalt</surface>
              <maxspeed>50</maxspeed>
            </gpxtpx:Extensions>
          </gpxtpx:TrackPointExtension>
        </extensions>
      </trkpt>
      <trkpt lat="45.06541" lon="7.698463">
        <ele>229.25</ele>
        <time>2023-05-15T13:38:26.459Z</time>
        <extensions>
          <gpxtpx:TrackPointExtension>
            <gpxtpx:Extensions>
              <highway>secondary</highway>
              <surface>asphalt</surface>
              <maxspeed>50</maxspeed>
            </gpxtpx:Extensions>
          </gpxtpx:TrackPointExtension>
        </extensions>
      </trkpt>
      <trkpt lat="45.065454" lon="7.698526">
        <ele>229.25</ele>
        <time>2023-05-15T13:38:27.319Z</time>
        <extensions>
          <gpxtpx:TrackPointExtension>
            <gpxtpx:Extensions>
              <highway>secondary</highway>
              <surface>asphalt</surface>
              <maxspeed>50</maxspeed>
            </gpxtpx:Extensions>
          </gpxtpx:TrackPointExtension>
        </extensions>
      </trkpt>
      <trkpt lat="45.06556" lon="7.698663">
        <ele>229.25</ele>
        <time>2023-05-15T13:38:29.293Z</time>
        <extensions>
          <gpxtpx:TrackPointExtension>
            <gpxtpx:Extensions>
              <highway>secondary</highway>
              <surface>asphalt</surface>
              <maxspeed>50</maxspeed>
              <oneway>yes</oneway>
            </gpxtpx:Extensions>
          </gpxtpx:TrackPointExtension>
        </extensions>
      </trkpt>
      <trkpt lat="45.065614" lon="7.698741">
        <ele>229.25</ele>
        <time>2023-05-15T13:38:30.354Z</time>
        <extensions>
          <gpxtpx:TrackPointExtension>
            <gpxtpx:Extensions>
              <highway>tertiary</highway>
              <surface>asphalt</surface>
              <maxspeed>50</maxspeed>
              <oneway>yes</oneway>
            </gpxtpx:Extensions>
          </gpxtpx:TrackPointExtension>
        </extensions>
      </trkpt>
      <trkpt lat="45.065678" lon="7.698833">
        <ele>229.25</ele>
        <time>2023-05-15T13:38:31.608Z</time>
        <extensions>
          <gpxtpx:TrackPointExtension>
            <gpxtpx:Extensions>
              <highway>tertiary</highway>
              <surface>asphalt</surface>
              <maxspeed>30</maxspeed>
              <oneway>yes</oneway>
            </gpxtpx:Extensions>
          </gpxtpx:TrackPointExtension>
        </extensions>
      </trkpt>
      <trkpt lat="45.065736" lon="7.698912">
        <ele>229.5</ele>
        <time>2023-05-15T13:38:32.714Z</time>
        <extensions>
          <gpxtpx:TrackPointExtension>
            <gpxtpx:Extensions>
              <highway>tertiary</highway>
              <surface>asphalt</surface>
              <maxspeed>30</maxspeed>
              <oneway>yes</oneway>
            </gpxtpx:Extensions>
          </gpxtpx:TrackPointExtension>
        </extensions>
      </trkpt>
      <trkpt lat="45.065804" lon="7.699005">
        <ele>229.5</ele>
        <time>2023-05-15T13:38:34.014Z</time>
        <extensions>
          <gpxtpx:TrackPointExtension>
            <gpxtpx:Extensions>
              <highway>tertiary</highway>
              <surface>asphalt</surface>
              <maxspeed>30</maxspeed>
              <oneway>yes</oneway>
            </gpxtpx:Extensions>
          </gpxtpx:TrackPointExtension>
        </extensions>
      </trkpt>
      <trkpt lat="45.0661" lon="7.699373">
        <ele>229.5</ele>
        <time>2023-05-15T13:38:39.432Z</time>
        <extensions>
          <gpxtpx:TrackPointExtension>
            <gpxtpx:Extensions>
              <highway>tertiary</highway>
              <surface>asphalt</surface>
              <maxspeed>30</maxspeed>
              <oneway>yes</oneway>
            </gpxtpx:Extensions>
          </gpxtpx:TrackPointExtension>
        </extensions>
      </trkpt>
      <trkpt lat="45.066964" lon="7.700504">
        <ele>232.5</ele>
        <time>2023-05-15T13:38:55.616Z</time>
        <extensions>
          <gpxtpx:TrackPointExtension>
            <gpxtpx:Extensions>
              <highway>tertiary</highway>
              <surface>asphalt</surface>
              <maxspeed>30</maxspeed>
              <oneway>yes</oneway>
            </gpxtpx:Extensions>
          </gpxtpx:TrackPointExtension>
        </extensions>
      </trkpt>
      <trkpt lat="45.067761" lon="7.701539">
        <ele>232.25</ele>
        <time>2023-05-15T13:39:10.490Z</time>
        <extensions>
          <gpxtpx:TrackPointExtension>
            <gpxtpx:Extensions>
              <highway>tertiary</highway>
              <surface>asphalt</surface>
              <maxspeed>30</maxspeed>
              <oneway>yes</oneway>
            </gpxtpx:Extensions>
          </gpxtpx:TrackPointExtension>
        </extensions>
      </trkpt>
      <trkpt lat="45.067795" lon="7.701586">
        <ele>232.25</ele>
        <time>2023-05-15T13:39:11.143Z</time>
        <extensions>
          <gpxtpx:TrackPointExtension>
            <gpxtpx:Extensions>
              <highway>tertiary</highway>
              <surface>asphalt</surface>
              <maxspeed>30</maxspeed>
              <oneway>yes</oneway>
            </gpxtpx:Extensions>
          </gpxtpx:TrackPointExtension>
        </extensions>
      </trkpt>
      <trkpt lat="45.067876" lon="7.701688">
        <ele>232.75</ele>
        <time>2023-05-15T13:39:12.633Z</time>
        <extensions>
          <gpxtpx:TrackPointExtension>
            <gpxtpx:Extensions>
              <highway>tertiary</highway>
              <surface>asphalt</surface>
              <maxspeed>30</maxspeed>
              <oneway>yes</oneway>
            </gpxtpx:Extensions>
          </gpxtpx:TrackPointExtension>
        </extensions>
      </trkpt>
      <trkpt lat="45.067919" lon="7.701743">
        <ele>234.5</ele>
        <time>2023-05-15T13:39:13.446Z</time>
        <extensions>
          <gpxtpx:TrackPointExtension>
            <gpxtpx:Extensions>
              <highway>tertiary</highway>
              <surface>asphalt</surface>
              <maxspeed>30</maxspeed>
              <oneway>yes</oneway>
            </gpxtpx:Extensions>
          </gpxtpx:TrackPointExtension>
        </extensions>
      </trkpt>
      <trkpt lat="45.067919" lon="7.701741">
        <ele>232.75</ele>
        <time>2023-05-15T13:39:13.462Z</time>
        <extensions>
          <gpxtpx:TrackPointExtension>
            <gpxtpx:Extensions>
              <highway>tertiary</highway>
              <surface>asphalt</surface>
              <maxspeed>30</maxspeed>
              <oneway>yes</oneway>
            </gpxtpx:Extensions>
          </gpxtpx:TrackPointExtension>
        </extensions>
      </trkpt>
      <trkpt lat="45.068465" lon="7.702426">
        <ele>234.5</ele>
        <time>2023-05-15T13:39:23.707Z</time>
        <extensions>
          <gpxtpx:TrackPointExtension>
            <gpxtpx:Extensions>
              <highway>tertiary</highway>
              <surface>asphalt</surface>
              <maxspeed>30</maxspeed>
              <oneway>yes</oneway>
            </gpxtpx:Extensions>
          </gpxtpx:TrackPointExtension>
        </extensions>
      </trkpt>
      <trkpt lat="45.068505" lon="7.702476">
        <ele>234.5</ele>
        <time>2023-05-15T13:39:24.456Z</time>
        <extensions>
          <gpxtpx:TrackPointExtension>
            <gpxtpx:Extensions>
              <highway>tertiary</highway>
              <surface>asphalt</surface>
              <maxspeed>30</maxspeed>
              <oneway>yes</oneway>
            </gpxtpx:Extensions>
          </gpxtpx:TrackPointExtension>
        </extensions>
      </trkpt>
      <trkpt lat="45.068577" lon="7.702573">
        <ele>234</ele>
        <time>2023-05-15T13:39:25.851Z</time>
        <extensions>
          <gpxtpx:TrackPointExtension>
            <gpxtpx:Extensions>
              <highway>tertiary</highway>
              <surface>asphalt</surface>
              <maxspeed>30</maxspeed>
              <oneway>yes</oneway>
            </gpxtpx:Extensions>
          </gpxtpx:TrackPointExtension>
        </extensions>
      </trkpt>
      <trkpt lat="45.069214" lon="7.703425">
        <ele>232.75</ele>
        <time>2023-05-15T13:39:38.157Z</time>
        <extensions>
          <gpxtpx:TrackPointExtension>
            <gpxtpx:Extensions>
              <highway>tertiary</highway>
              <surface>asphalt</surface>
              <maxspeed>30</maxspeed>
              <oneway>yes</oneway>
            </gpxtpx:Extensions>
          </gpxtpx:TrackPointExtension>
        </extensions>
      </trkpt>
      <trkpt lat="45.069284" lon="7.703513">
        <ele>232.25</ele>
        <time>2023-05-15T13:39:39.471Z</time>
        <extensions>
          <gpxtpx:TrackPointExtension>
            <gpxtpx:Extensions>
              <highway>tertiary</highway>
              <surface>asphalt</surface>
              <maxspeed>30</maxspeed>
              <oneway>yes</oneway>
            </gpxtpx:Extensions>
          </gpxtpx:TrackPointExtension>
        </extensions>
      </trkpt>
      <trkpt lat="45.069504" lon="7.70378">
        <ele>230.5</ele>
        <time>2023-05-15T13:39:43.540Z</time>
        <extensions>
          <gpxtpx:TrackPointExtension>
            <gpxtpx:Extensions>
              <highway>tertiary</highway>
              <surface>asphalt</surface>
              <maxspeed>30</maxspeed>
              <oneway>yes</oneway>
            </gpxtpx:Extensions>
          </gpxtpx:TrackPointExtension>
        </extensions>
      </trkpt>
      <trkpt lat="45.06962" lon="7.703928">
        <ele>229.25</ele>
        <time>2023-05-15T13:39:45.732Z</time>
        <extensions>
          <gpxtpx:TrackPointExtension>
            <gpxtpx:Extensions>
              <highway>tertiary</highway>
              <surface>asphalt</surface>
              <maxspeed>30</maxspeed>
              <oneway>yes</oneway>
            </gpxtpx:Extensions>
          </gpxtpx:TrackPointExtension>
        </extensions>
      </trkpt>
      <trkpt lat="45.06964" lon="7.703954">
        <ele>229</ele>
        <time>2023-05-15T13:39:46.113Z</time>
        <extensions>
          <gpxtpx:TrackPointExtension>
            <gpxtpx:Extensions>
              <highway>tertiary</highway>
              <surface>asphalt</surface>
              <maxspeed>30</maxspeed>
              <oneway>yes</oneway>
            </gpxtpx:Extensions>
          </gpxtpx:TrackPointExtension>
        </extensions>
      </trkpt>
      <trkpt lat="45.069672" lon="7.703996">
        <ele>228.75</ele>
        <time>2023-05-15T13:39:46.725Z</time>
        <extensions>
          <gpxtpx:TrackPointExtension>
            <gpxtpx:Extensions>
              <highway>tertiary</highway>
              <surface>asphalt</surface>
              <maxspeed>30</maxspeed>
              <oneway>yes</oneway>
            </gpxtpx:Extensions>
          </gpxtpx:TrackPointExtension>
        </extensions>
      </trkpt>
      <trkpt lat="45.069755" lon="7.704101">
        <ele>227.75</ele>
        <time>2023-05-15T13:39:48.288Z</time>
        <extensions>
          <gpxtpx:TrackPointExtension>
            <gpxtpx:Extensions>
              <highway>tertiary</highway>
              <surface>asphalt</surface>
              <oneway>yes</oneway>
            </gpxtpx:Extensions>
          </gpxtpx:TrackPointExtension>
        </extensions>
      </trkpt>
      <trkpt lat="45.069826" lon="7.704188">
        <ele>226.75</ele>
        <time>2023-05-15T13:39:49.606Z</time>
        <extensions>
          <gpxtpx:TrackPointExtension>
            <gpxtpx:Extensions>
              <highway>tertiary</highway>
              <surface>asphalt</surface>
              <oneway>yes</oneway>
            </gpxtpx:Extensions>
          </gpxtpx:TrackPointExtension>
        </extensions>
      </trkpt>
      <trkpt lat="45.069851" lon="7.704218">
        <ele>226.5</ele>
        <time>2023-05-15T13:39:50.066Z</time>
        <extensions>
          <gpxtpx:TrackPointExtension>
            <gpxtpx:Extensions>
              <highway>tertiary</highway>
              <surface>asphalt</surface>
              <oneway>yes</oneway>
            </gpxtpx:Extensions>
          </gpxtpx:TrackPointExtension>
        </extensions>
      </trkpt>
      <trkpt lat="45.069884" lon="7.704259">
        <ele>226.25</ele>
        <time>2023-05-15T13:39:50.682Z</time>
        <extensions>
          <gpxtpx:TrackPointExtension>
            <gpxtpx:Extensions>
              <highway>primary</highway>
              <surface>asphalt</surface>
            </gpxtpx:Extensions>
          </gpxtpx:TrackPointExtension>
        </extensions>
      </trkpt>
      <trkpt lat="45.069882" lon="7.704263">
        <ele>226.5</ele>
        <time>2023-05-15T13:39:50.732Z</time>
        <extensions>
          <gpxtpx:TrackPointExtension>
            <gpxtpx:Extensions>
              <highway>primary</highway>
              <surface>asphalt</surface>
            </gpxtpx:Extensions>
          </gpxtpx:TrackPointExtension>
        </extensions>
      </trkpt>
      <trkpt lat="45.069882" lon="7.704263">
        <ele>226.25</ele>
        <time>2023-05-15T13:39:50.732Z</time>
        <extensions>
          <gpxtpx:TrackPointExtension>
            <gpxtpx:Extensions>
              <highway>primary</highway>
              <surface>asphalt</surface>
            </gpxtpx:Extensions>
          </gpxtpx:TrackPointExtension>
        </extensions>
      </trkpt>
      <trkpt lat="45.069869" lon="7.704301">
        <ele>226.5</ele>
        <time>2023-05-15T13:39:51.175Z</time>
        <extensions>
          <gpxtpx:TrackPointExtension>
            <gpxtpx:Extensions>
              <highway>primary</highway>
              <surface>asphalt</surface>
            </gpxtpx:Extensions>
          </gpxtpx:TrackPointExtension>
        </extensions>
      </trkpt>
      <trkpt lat="45.069771" lon="7.704586">
        <ele>227.75</ele>
        <time>2023-05-15T13:39:54.507Z</time>
        <extensions>
          <gpxtpx:TrackPointExtension>
            <gpxtpx:Extensions>
              <highway>primary</highway>
              <surface>asphalt</surface>
            </gpxtpx:Extensions>
          </gpxtpx:TrackPointExtension>
        </extensions>
      </trkpt>
      <trkpt lat="45.069747" lon="7.704663">
        <ele>228</ele>
        <time>2023-05-15T13:39:55.391Z</time>
        <extensions>
          <gpxtpx:TrackPointExtension>
            <gpxtpx:Extensions>
              <highway>primary</highway>
              <surface>asphalt</surface>
            </gpxtpx:Extensions>
          </gpxtpx:TrackPointExtension>
        </extensions>
      </trkpt>
      <trkpt lat="45.06938" lon="7.705783">
        <ele>227</ele>
        <time>2023-05-15T13:40:08.372Z</time>
        <extensions>
          <gpxtpx:TrackPointExtension>
            <gpxtpx:Extensions>
              <highway>primary</highway>
              <surface>asphalt</surface>
            </gpxtpx:Extensions>
          </gpxtpx:TrackPointExtension>
        </extensions>
      </trkpt>
      <trkpt lat="45.069299" lon="7.70603">
        <ele>226.5</ele>
        <time>2023-05-15T13:40:11.235Z</time>
        <extensions>
          <gpxtpx:TrackPointExtension>
            <gpxtpx:Extensions>
              <highway>primary</highway>
              <surface>asphalt</surface>
            </gpxtpx:Extensions>
          </gpxtpx:TrackPointExtension>
        </extensions>
      </trkpt>
      <trkpt lat="45.069174" lon="7.70641">
        <ele>225.5</ele>
        <time>2023-05-15T13:40:15.642Z</time>
        <extensions>
          <gpxtpx:TrackPointExtension>
            <gpxtpx:Extensions>
              <highway>primary</highway>
              <surface>asphalt</surface>
            </gpxtpx:Extensions>
          </gpxtpx:TrackPointExtension>
        </extensions>
      </trkpt>
      <trkpt lat="45.069129" lon="7.706543">
        <ele>225.25</ele>
        <time>2023-05-15T13:40:17.192Z</time>
        <extensions>
          <gpxtpx:TrackPointExtension>
            <gpxtpx:Extensions>
              <highway>primary</highway>
              <surface>asphalt</surface>
            </gpxtpx:Extensions>
          </gpxtpx:TrackPointExtension>
        </extensions>
      </trkpt>
      <trkpt lat="45.069125" lon="7.706558">
        <ele>225.25</ele>
        <time>2023-05-15T13:40:17.359Z</time>
        <extensions>
          <gpxtpx:TrackPointExtension>
            <gpxtpx:Extensions>
              <highway>primary</highway>
              <surface>asphalt</surface>
              <oneway>yes</oneway>
            </gpxtpx:Extensions>
          </gpxtpx:TrackPointExtension>
        </extensions>
      </trkpt>
      <trkpt lat="45.069001" lon="7.706747">
        <ele>225.25</ele>
        <time>2023-05-15T13:40:20.071Z</time>
        <extensions>
          <gpxtpx:TrackPointExtension>
            <gpxtpx:Extensions>
              <highway>primary</highway>
              <surface>asphalt</surface>
              <oneway>yes</oneway>
            </gpxtpx:Extensions>
          </gpxtpx:TrackPointExtension>
        </extensions>
      </trkpt>
      <trkpt lat="45.068901" lon="7.706912">
        <ele>225</ele>
        <time>2023-05-15T13:40:22.357Z</time>
        <extensions>
          <gpxtpx:TrackPointExtension>
            <gpxtpx:Extensions>
              <highway>primary</highway>
              <surface>asphalt</surface>
              <oneway>yes</oneway>
            </gpxtpx:Extensions>
          </gpxtpx:TrackPointExtension>
        </extensions>
      </trkpt>
      <trkpt lat="45.068856" lon="7.707074">
        <ele>224.75</ele>
        <time>2023-05-15T13:40:24.187Z</time>
        <extensions>
          <gpxtpx:TrackPointExtension>
            <gpxtpx:Extensions>
              <highway>primary</highway>
              <surface>asphalt</surface>
              <oneway>yes</oneway>
            </gpxtpx:Extensions>
          </gpxtpx:TrackPointExtension>
        </extensions>
      </trkpt>
      <trkpt lat="45.068835" lon="7.707307">
        <ele>224.25</ele>
        <time>2023-05-15T13:40:26.656Z</time>
        <extensions>
          <gpxtpx:TrackPointExtension>
            <gpxtpx:Extensions>
              <highway>primary</highway>
              <surface>asphalt</surface>
              <oneway>yes</oneway>
            </gpxtpx:Extensions>
          </gpxtpx:TrackPointExtension>
        </extensions>
      </trkpt>
      <trkpt lat="45.068833" lon="7.70737">
        <ele>224</ele>
        <time>2023-05-15T13:40:27.319Z</time>
        <extensions>
          <gpxtpx:TrackPointExtension>
            <gpxtpx:Extensions>
              <highway>primary</highway>
              <surface>asphalt</surface>
              <oneway>yes</oneway>
            </gpxtpx:Extensions>
          </gpxtpx:TrackPointExtension>
        </extensions>
      </trkpt>
      <trkpt lat="45.068829" lon="7.707488">
        <ele>223.75</ele>
        <time>2023-05-15T13:40:28.561Z</time>
        <extensions>
          <gpxtpx:TrackPointExtension>
            <gpxtpx:Extensions>
              <highway>primary</highway>
              <surface>asphalt</surface>
              <oneway>yes</oneway>
            </gpxtpx:Extensions>
          </gpxtpx:TrackPointExtension>
        </extensions>
      </trkpt>
      <trkpt lat="45.068827" lon="7.707598">
        <ele>223.25</ele>
        <time>2023-05-15T13:40:29.717Z</time>
        <extensions>
          <gpxtpx:TrackPointExtension>
            <gpxtpx:Extensions>
              <highway>primary</highway>
              <surface>asphalt</surface>
              <oneway>yes</oneway>
            </gpxtpx:Extensions>
          </gpxtpx:TrackPointExtension>
        </extensions>
      </trkpt>
      <trkpt lat="45.068828" lon="7.707667">
        <ele>222.75</ele>
        <time>2023-05-15T13:40:30.442Z</time>
        <extensions>
          <gpxtpx:TrackPointExtension>
            <gpxtpx:Extensions>
              <highway>residential</highway>
              <surface>asphalt</surface>
              <oneway>yes</oneway>
            </gpxtpx:Extensions>
          </gpxtpx:TrackPointExtension>
        </extensions>
      </trkpt>
      <trkpt lat="45.068837" lon="7.707838">
        <ele>222</ele>
        <time>2023-05-15T13:40:32.244Z</time>
        <extensions>
          <gpxtpx:TrackPointExtension>
            <gpxtpx:Extensions>
              <highway>residential</highway>
              <surface>asphalt</surface>
              <oneway>yes</oneway>
            </gpxtpx:Extensions>
          </gpxtpx:TrackPointExtension>
        </extensions>
      </trkpt>
      <trkpt lat="45.068838" lon="7.707849">
        <ele>221.75</ele>
        <time>2023-05-15T13:40:32.361Z</time>
        <extensions>
          <gpxtpx:TrackPointExtension>
            <gpxtpx:Extensions>
              <highway>residential</highway>
              <surface>asphalt</surface>
              <oneway>yes</oneway>
            </gpxtpx:Extensions>
          </gpxtpx:TrackPointExtension>
        </extensions>
      </trkpt>
      <trkpt lat="45.06885" lon="7.707927">
        <ele>221.5</ele>
        <time>2023-05-15T13:40:33.200Z</time>
        <extensions>
          <gpxtpx:TrackPointExtension>
            <gpxtpx:Extensions>
              <highway>residential</highway>
              <surface>asphalt</surface>
              <oneway>yes</oneway>
            </gpxtpx:Extensions>
          </gpxtpx:TrackPointExtension>
        </extensions>
      </trkpt>
      <trkpt lat="45.068861" lon="7.707971">
        <ele>221.5</ele>
        <time>2023-05-15T13:40:33.690Z</time>
        <extensions>
          <gpxtpx:TrackPointExtension>
            <gpxtpx:Extensions>
              <highway>residential</highway>
              <surface>asphalt</surface>
              <oneway>yes</oneway>
            </gpxtpx:Extensions>
          </gpxtpx:TrackPointExtension>
        </extensions>
      </trkpt>
      <trkpt lat="45.068905" lon="7.708079">
        <ele>221.25</ele>
        <time>2023-05-15T13:40:35.000Z</time>
        <extensions>
          <gpxtpx:TrackPointExtension>
            <gpxtpx:Extensions>
              <highway>secondary</highway>
              <surface>asphalt</surface>
              <oneway>yes</oneway>
            </gpxtpx:Extensions>
          </gpxtpx:TrackPointExtension>
        </extensions>
      </trkpt>
      <trkpt lat="45.068965" lon="7.708088">
        <ele>222</ele>
        <time>2023-05-15T13:40:35.898Z</time>
        <extensions>
          <gpxtpx:TrackPointExtension>
            <gpxtpx:Extensions>
              <highway>secondary</highway>
              <surface>asphalt</surface>
              <oneway>yes</oneway>
            </gpxtpx:Extensions>
          </gpxtpx:TrackPointExtension>
        </extensions>
      </trkpt>
      <trkpt lat="45.069027" lon="7.708114">
        <ele>222.5</ele>
        <time>2023-05-15T13:40:36.860Z</time>
        <extensions>
          <gpxtpx:TrackPointExtension>
            <gpxtpx:Extensions>
              <highway>secondary</highway>
              <surface>asphalt</surface>
              <oneway>yes</oneway>
            </gpxtpx:Extensions>
          </gpxtpx:TrackPointExtension>
        </extensions>
      </trkpt>
      <trkpt lat="45.069241" lon="7.708196">
        <ele>224.5</ele>
        <time>2023-05-15T13:40:40.160Z</time>
      </trkpt>
      <trkpt lat="45.069242" lon="7.708197">
        <ele>224.5</ele>
        <time>2023-05-15T13:40:40.187Z</time>
        <extensions>
          <gpxtpx:TrackPointExtension>
            <gpxtpx:Extensions>
              <highway>secondary</highway>
              <surface>asphalt</surface>
              <oneway>yes</oneway>
            </gpxtpx:Extensions>
          </gpxtpx:TrackPointExtension>
        </extensions>
      </trkpt>
      <trkpt lat="45.069241" lon="7.708196">
        <ele>224</ele>
        <time>2023-05-15T13:40:40.214Z</time>
        <extensions>
          <gpxtpx:TrackPointExtension>
            <gpxtpx:Extensions>
              <highway>secondary</highway>
              <surface>asphalt</surface>
              <oneway>yes</oneway>
            </gpxtpx:Extensions>
          </gpxtpx:TrackPointExtension>
        </extensions>
      </trkpt>
      <trkpt lat="45.069276" lon="7.70821">
        <ele>224.5</ele>
        <time>2023-05-15T13:40:41.035Z</time>
        <extensions>
          <gpxtpx:TrackPointExtension>
            <gpxtpx:Extensions>
              <highway>secondary</highway>
              <surface>asphalt</surface>
              <oneway>yes</oneway>
            </gpxtpx:Extensions>
          </gpxtpx:TrackPointExtension>
        </extensions>
      </trkpt>
      <trkpt lat="45.069349" lon="7.708227">
        <ele>225</ele>
        <time>2023-05-15T13:40:42.706Z</time>
        <extensions>
          <gpxtpx:TrackPointExtension>
            <gpxtpx:Extensions>
              <highway>secondary</highway>
              <surface>asphalt</surface>
              <oneway>yes</oneway>
            </gpxtpx:Extensions>
          </gpxtpx:TrackPointExtension>
        </extensions>
      </trkpt>
      <trkpt lat="45.069441" lon="7.708235">
        <ele>225.5</ele>
        <time>2023-05-15T13:40:44.788Z</time>
        <extensions>
          <gpxtpx:TrackPointExtension>
            <gpxtpx:Extensions>
              <highway>secondary</highway>
              <surface>asphalt</surface>
              <oneway>yes</oneway>
            </gpxtpx:Extensions>
          </gpxtpx:TrackPointExtension>
        </extensions>
      </trkpt>
      <trkpt lat="45.06949" lon="7.708206">
        <ele>226</ele>
        <time>2023-05-15T13:40:45.987Z</time>
        <extensions>
          <gpxtpx:TrackPointExtension>
            <gpxtpx:Extensions>
              <highway>secondary</highway>
              <surface>asphalt</surface>
              <oneway>yes</oneway>
            </gpxtpx:Extensions>
          </gpxtpx:TrackPointExtension>
        </extensions>
      </trkpt>
      <trkpt lat="45.069548" lon="7.708161">
        <ele>226.75</ele>
        <time>2023-05-15T13:40:47.481Z</time>
        <extensions>
          <gpxtpx:TrackPointExtension>
            <gpxtpx:Extensions>
              <reversedirection>yes</reversedirection>
              <highway>secondary</highway>
              <surface>asphalt</surface>
              <maxspeed>50</maxspeed>
            </gpxtpx:Extensions>
          </gpxtpx:TrackPointExtension>
        </extensions>
      </trkpt>
      <trkpt lat="45.069838" lon="7.708062">
        <ele>229</ele>
        <time>2023-05-15T13:40:54.220Z</time>
        <extensions>
          <gpxtpx:TrackPointExtension>
            <gpxtpx:Extensions>
              <reversedirection>yes</reversedirection>
              <highway>secondary</highway>
              <surface>asphalt</surface>
              <maxspeed>50</maxspeed>
            </gpxtpx:Extensions>
          </gpxtpx:TrackPointExtension>
        </extensions>
      </trkpt>
      <trkpt lat="45.070579" lon="7.707808">
        <ele>230.5</ele>
        <time>2023-05-15T13:41:11.444Z</time>
        <extensions>
          <gpxtpx:TrackPointExtension>
            <gpxtpx:Extensions>
              <reversedirection>yes</reversedirection>
              <highway>secondary</highway>
              <surface>asphalt</surface>
              <maxspeed>50</maxspeed>
            </gpxtpx:Extensions>
          </gpxtpx:TrackPointExtension>
        </extensions>
      </trkpt>
      <trkpt lat="45.070808" lon="7.707736">
        <ele>230.75</ele>
        <time>2023-05-15T13:41:16.743Z</time>
        <extensions>
          <gpxtpx:TrackPointExtension>
            <gpxtpx:Extensions>
              <reversedirection>yes</reversedirection>
              <highway>secondary</highway>
              <surface>asphalt</surface>
              <maxspeed>50</maxspeed>
            </gpxtpx:Extensions>
          </gpxtpx:TrackPointExtension>
        </extensions>
      </trkpt>
      <trkpt lat="45.071589" lon="7.707488">
        <ele>227.25</ele>
        <time>2023-05-15T13:41:34.825Z</time>
        <extensions>
          <gpxtpx:TrackPointExtension>
            <gpxtpx:Extensions>
              <highway>secondary</highway>
              <surface>asphalt</surface>
              <maxspeed>50</maxspeed>
              <oneway>yes</oneway>
            </gpxtpx:Extensions>
          </gpxtpx:TrackPointExtension>
        </extensions>
      </trkpt>
      <trkpt lat="45.071637" lon="7.707511">
        <ele>227</ele>
        <time>2023-05-15T13:41:35.969Z</time>
        <extensions>
          <gpxtpx:TrackPointExtension>
            <gpxtpx:Extensions>
              <highway>secondary</highway>
              <surface>asphalt</surface>
              <maxspeed>50</maxspeed>
              <oneway>yes</oneway>
            </gpxtpx:Extensions>
          </gpxtpx:TrackPointExtension>
        </extensions>
      </trkpt>
      <trkpt lat="45.071729" lon="7.707482">
        <ele>226.75</ele>
        <time>2023-05-15T13:41:38.098Z</time>
        <extensions>
          <gpxtpx:TrackPointExtension>
            <gpxtpx:Extensions>
              <highway>secondary</highway>
              <surface>asphalt</surface>
              <maxspeed>50</maxspeed>
              <oneway>yes</oneway>
            </gpxtpx:Extensions>
          </gpxtpx:TrackPointExtension>
        </extensions>
      </trkpt>
      <trkpt lat="45.071753" lon="7.707474">
        <ele>226.75</ele>
        <time>2023-05-15T13:41:38.655Z</time>
        <extensions>
          <gpxtpx:TrackPointExtension>
            <gpxtpx:Extensions>
              <highway>secondary</highway>
              <surface>asphalt</surface>
              <maxspeed>50</maxspeed>
              <oneway>yes</oneway>
            </gpxtpx:Extensions>
          </gpxtpx:TrackPointExtension>
        </extensions>
      </trkpt>
      <trkpt lat="45.071906" lon="7.70742">
        <ele>226.75</ele>
        <time>2023-05-15T13:41:42.217Z</time>
        <extensions>
          <gpxtpx:TrackPointExtension>
            <gpxtpx:Extensions>
              <highway>secondary</highway>
              <surface>asphalt</surface>
              <maxspeed>50</maxspeed>
              <oneway>yes</oneway>
            </gpxtpx:Extensions>
          </gpxtpx:TrackPointExtension>
        </extensions>
      </trkpt>
      <trkpt lat="45.071919" lon="7.707415">
        <ele>226.5</ele>
        <time>2023-05-15T13:41:42.521Z</time>
        <extensions>
          <gpxtpx:TrackPointExtension>
            <gpxtpx:Extensions>
              <highway>secondary</highway>
              <surface>asphalt</surface>
              <maxspeed>50</maxspeed>
              <oneway>yes</oneway>
            </gpxtpx:Extensions>
          </gpxtpx:TrackPointExtension>
        </extensions>
      </trkpt>
      <trkpt lat="45.071941" lon="7.707408">
        <ele>226.5</ele>
        <time>2023-05-15T13:41:43.030Z</time>
        <extensions>
          <gpxtpx:TrackPointExtension>
            <gpxtpx:Extensions>
              <highway>secondary</highway>
              <surface>asphalt</surface>
              <maxspeed>50</maxspeed>
              <oneway>yes</oneway>
            </gpxtpx:Extensions>
          </gpxtpx:TrackPointExtension>
        </extensions>
      </trkpt>
      <trkpt lat="45.071954" lon="7.707403">
        <ele>226.5</ele>
        <time>2023-05-15T13:41:43.333Z</time>
        <extensions>
          <gpxtpx:TrackPointExtension>
            <gpxtpx:Extensions>
              <highway>secondary</highway>
              <surface>asphalt</surface>
              <maxspeed>50</maxspeed>
              <oneway>yes</oneway>
            </gpxtpx:Extensions>
          </gpxtpx:TrackPointExtension>
        </extensions>
      </trkpt>
      <trkpt lat="45.071995" lon="7.707388">
        <ele>226.5</ele>
        <time>2023-05-15T13:41:44.289Z</time>
        <extensions>
          <gpxtpx:TrackPointExtension>
            <gpxtpx:Extensions>
              <highway>secondary</highway>
              <surface>asphalt</surface>
              <maxspeed>50</maxspeed>
              <oneway>yes</oneway>
            </gpxtpx:Extensions>
          </gpxtpx:TrackPointExtension>
        </extensions>
      </trkpt>
      <trkpt lat="45.072014" lon="7.707381">
        <ele>226.5</ele>
        <time>2023-05-15T13:41:44.732Z</time>
        <extensions>
          <gpxtpx:TrackPointExtension>
            <gpxtpx:Extensions>
              <highway>secondary</highway>
              <surface>asphalt</surface>
              <maxspeed>50</maxspeed>
              <oneway>yes</oneway>
            </gpxtpx:Extensions>
          </gpxtpx:TrackPointExtension>
        </extensions>
      </trkpt>
      <trkpt lat="45.072029" lon="7.707376">
        <ele>226.5</ele>
        <time>2023-05-15T13:41:45.080Z</time>
        <extensions>
          <gpxtpx:TrackPointExtension>
            <gpxtpx:Extensions>
              <highway>secondary</highway>
              <surface>asphalt</surface>
              <maxspeed>50</maxspeed>
              <oneway>yes</oneway>
            </gpxtpx:Extensions>
          </gpxtpx:TrackPointExtension>
        </extensions>
      </trkpt>
      <trkpt lat="45.072207" lon="7.707313">
        <ele>226.25</ele>
        <time>2023-05-15T13:41:49.225Z</time>
        <extensions>
          <gpxtpx:TrackPointExtension>
            <gpxtpx:Extensions>
              <highway>secondary</highway>
              <surface>asphalt</surface>
              <maxspeed>50</maxspeed>
              <oneway>yes</oneway>
            </gpxtpx:Extensions>
          </gpxtpx:TrackPointExtension>
        </extensions>
      </trkpt>
      <trkpt lat="45.072267" lon="7.707278">
        <ele>226</ele>
        <time>2023-05-15T13:41:50.691Z</time>
        <extensions>
          <gpxtpx:TrackPointExtension>
            <gpxtpx:Extensions>
              <highway>secondary</highway>
              <surface>asphalt</surface>
              <maxspeed>50</maxspeed>
              <oneway>yes</oneway>
            </gpxtpx:Extensions>
          </gpxtpx:TrackPointExtension>
        </extensions>
      </trkpt>
      <trkpt lat="45.072368" lon="7.707185">
        <ele>225.75</ele>
        <time>2023-05-15T13:41:53.412Z</time>
        <extensions>
          <gpxtpx:TrackPointExtension>
            <gpxtpx:Extensions>
              <highway>secondary</highway>
              <surface>asphalt</surface>
              <maxspeed>50</maxspeed>
              <oneway>yes</oneway>
            </gpxtpx:Extensions>
          </gpxtpx:TrackPointExtension>
        </extensions>
      </trkpt>
      <trkpt lat="45.072453" lon="7.707104">
        <ele>225.5</ele>
        <time>2023-05-15T13:41:55.726Z</time>
        <extensions>
          <gpxtpx:TrackPointExtension>
            <gpxtpx:Extensions>
              <highway>secondary</highway>
              <surface>asphalt</surface>
              <maxspeed>50</maxspeed>
              <oneway>yes</oneway>
            </gpxtpx:Extensions>
          </gpxtpx:TrackPointExtension>
        </extensions>
      </trkpt>
      <trkpt lat="45.072487" lon="7.70702">
        <ele>225.25</ele>
        <time>2023-05-15T13:41:57.270Z</time>
        <extensions>
          <gpxtpx:TrackPointExtension>
            <gpxtpx:Extensions>
              <reversedirection>yes</reversedirection>
              <highway>secondary</highway>
              <surface>asphalt</surface>
            </gpxtpx:Extensions>
          </gpxtpx:TrackPointExtension>
        </extensions>
      </trkpt>
      <trkpt lat="45.072605" lon="7.706918">
        <ele>225.25</ele>
        <time>2023-05-15T13:42:00.393Z</time>
        <extensions>
          <gpxtpx:TrackPointExtension>
            <gpxtpx:Extensions>
              <reversedirection>yes</reversedirection>
              <highway>secondary</highway>
              <surface>asphalt</surface>
            </gpxtpx:Extensions>
          </gpxtpx:TrackPointExtension>
        </extensions>
      </trkpt>
      <trkpt lat="45.072715" lon="7.706821">
        <ele>225.25</ele>
        <time>2023-05-15T13:42:03.320Z</time>
        <extensions>
          <gpxtpx:TrackPointExtension>
            <gpxtpx:Extensions>
              <reversedirection>yes</reversedirection>
              <highway>secondary</highway>
              <surface>asphalt</surface>
            </gpxtpx:Extensions>
          </gpxtpx:TrackPointExtension>
        </extensions>
      </trkpt>
      <trkpt lat="45.072816" lon="7.706733">
        <ele>225.25</ele>
        <time>2023-05-15T13:42:05.361Z</time>
        <extensions>
          <gpxtpx:TrackPointExtension>
            <gpxtpx:Extensions>
              <reversedirection>yes</reversedirection>
              <highway>secondary</highway>
              <surface>asphalt</surface>
            </gpxtpx:Extensions>
          </gpxtpx:TrackPointExtension>
        </extensions>
      </trkpt>
      <trkpt lat="45.072816" lon="7.706733">
        <ele>225.25</ele>
        <time>2023-05-15T13:42:05.361Z</time>
        <extensions>
          <gpxtpx:TrackPointExtension>
            <gpxtpx:Extensions>
              <reversedirection>yes</reversedirection>
              <highway>secondary</highway>
              <surface>asphalt</surface>
            </gpxtpx:Extensions>
          </gpxtpx:TrackPointExtension>
        </extensions>
      </trkpt>
      <trkpt lat="45.072873" lon="7.706684">
        <ele>225.25</ele>
        <time>2023-05-15T13:42:06.508Z</time>
        <extensions>
          <gpxtpx:TrackPointExtension>
            <gpxtpx:Extensions>
              <reversedirection>yes</reversedirection>
              <highway>secondary</highway>
              <surface>asphalt</surface>
            </gpxtpx:Extensions>
          </gpxtpx:TrackPointExtension>
        </extensions>
      </trkpt>
      <trkpt lat="45.072999" lon="7.706573">
        <ele>225.25</ele>
        <time>2023-05-15T13:42:09.062Z</time>
        <extensions>
          <gpxtpx:TrackPointExtension>
            <gpxtpx:Extensions>
              <reversedirection>yes</reversedirection>
              <highway>secondary</highway>
              <surface>asphalt</surface>
            </gpxtpx:Extensions>
          </gpxtpx:TrackPointExtension>
        </extensions>
      </trkpt>
      <trkpt lat="45.073102" lon="7.706482">
        <ele>225.25</ele>
        <time>2023-05-15T13:42:11.151Z</time>
        <extensions>
          <gpxtpx:TrackPointExtension>
            <gpxtpx:Extensions>
              <reversedirection>yes</reversedirection>
              <highway>secondary</highway>
              <surface>asphalt</surface>
            </gpxtpx:Extensions>
          </gpxtpx:TrackPointExtension>
        </extensions>
      </trkpt>
      <trkpt lat="45.073601" lon="7.706043">
        <ele>223.25</ele>
        <time>2023-05-15T13:42:21.263Z</time>
        <extensions>
          <gpxtpx:TrackPointExtension>
            <gpxtpx:Extensions>
              <reversedirection>yes</reversedirection>
              <highway>secondary</highway>
              <surface>asphalt</surface>
            </gpxtpx:Extensions>
          </gpxtpx:TrackPointExtension>
        </extensions>
      </trkpt>
      <trkpt lat="45.073713" lon="7.705947">
        <ele>223</ele>
        <time>2023-05-15T13:42:23.516Z</time>
        <extensions>
          <gpxtpx:TrackPointExtension>
            <gpxtpx:Extensions>
              <reversedirection>yes</reversedirection>
              <highway>secondary</highway>
              <surface>asphalt</surface>
            </gpxtpx:Extensions>
          </gpxtpx:TrackPointExtension>
        </extensions>
      </trkpt>
      <trkpt lat="45.073785" lon="7.705883">
        <ele>223</ele>
        <time>2023-05-15T13:42:24.979Z</time>
        <extensions>
          <gpxtpx:TrackPointExtension>
            <gpxtpx:Extensions>
              <reversedirection>yes</reversedirection>
              <highway>secondary</highway>
              <surface>asphalt</surface>
            </gpxtpx:Extensions>
          </gpxtpx:TrackPointExtension>
        </extensions>
      </trkpt>
      <trkpt lat="45.073819" lon="7.705855">
        <ele>223</ele>
        <time>2023-05-15T13:42:25.656Z</time>
        <extensions>
          <gpxtpx:TrackPointExtension>
            <gpxtpx:Extensions>
              <reversedirection>yes</reversedirection>
              <highway>secondary</highway>
              <surface>asphalt</surface>
            </gpxtpx:Extensions>
          </gpxtpx:TrackPointExtension>
        </extensions>
      </trkpt>
      <trkpt lat="45.073935" lon="7.705755">
        <ele>223</ele>
        <time>2023-05-15T13:42:27.993Z</time>
        <extensions>
          <gpxtpx:TrackPointExtension>
            <gpxtpx:Extensions>
              <reversedirection>yes</reversedirection>
              <highway>secondary</highway>
              <surface>asphalt</surface>
            </gpxtpx:Extensions>
          </gpxtpx:TrackPointExtension>
        </extensions>
      </trkpt>
      <trkpt lat="45.074036" lon="7.705663">
        <ele>223.25</ele>
        <time>2023-05-15T13:42:30.060Z</time>
        <extensions>
          <gpxtpx:TrackPointExtension>
            <gpxtpx:Extensions>
              <reversedirection>yes</reversedirection>
              <highway>secondary</highway>
              <surface>asphalt</surface>
            </gpxtpx:Extensions>
          </gpxtpx:TrackPointExtension>
        </extensions>
      </trkpt>
      <trkpt lat="45.074081" lon="7.705622">
        <ele>223.5</ele>
        <time>2023-05-15T13:42:30.981Z</time>
        <extensions>
          <gpxtpx:TrackPointExtension>
            <gpxtpx:Extensions>
              <reversedirection>yes</reversedirection>
              <highway>secondary</highway>
              <surface>asphalt</surface>
            </gpxtpx:Extensions>
          </gpxtpx:TrackPointExtension>
        </extensions>
      </trkpt>
      <trkpt lat="45.074236" lon="7.705474">
        <ele>223.5</ele>
        <time>2023-05-15T13:42:34.199Z</time>
        <extensions>
          <gpxtpx:TrackPointExtension>
            <gpxtpx:Extensions>
              <reversedirection>yes</reversedirection>
              <highway>secondary</highway>
              <surface>asphalt</surface>
            </gpxtpx:Extensions>
          </gpxtpx:TrackPointExtension>
        </extensions>
      </trkpt>
      <trkpt lat="45.074347" lon="7.705377">
        <ele>223.5</ele>
        <time>2023-05-15T13:42:36.444Z</time>
        <extensions>
          <gpxtpx:TrackPointExtension>
            <gpxtpx:Extensions>
              <reversedirection>yes</reversedirection>
              <highway>secondary</highway>
              <surface>asphalt</surface>
            </gpxtpx:Extensions>
          </gpxtpx:TrackPointExtension>
        </extensions>
      </trkpt>
      <trkpt lat="45.074661" lon="7.705107">
        <ele>222.5</ele>
        <time>2023-05-15T13:42:42.767Z</time>
        <extensions>
          <gpxtpx:TrackPointExtension>
            <gpxtpx:Extensions>
              <highway>secondary</highway>
              <surface>asphalt</surface>
              <oneway>yes</oneway>
            </gpxtpx:Extensions>
          </gpxtpx:TrackPointExtension>
        </extensions>
      </trkpt>
      <trkpt lat="45.074742" lon="7.705095">
        <ele>222.25</ele>
        <time>2023-05-15T13:42:44.168Z</time>
        <extensions>
          <gpxtpx:TrackPointExtension>
            <gpxtpx:Extensions>
              <highway>secondary</highway>
              <surface>asphalt</surface>
              <oneway>yes</oneway>
            </gpxtpx:Extensions>
          </gpxtpx:TrackPointExtension>
        </extensions>
      </trkpt>
      <trkpt lat="45.074921" lon="7.704947">
        <ele>221.5</ele>
        <time>2023-05-15T13:42:47.736Z</time>
        <extensions>
          <gpxtpx:TrackPointExtension>
            <gpxtpx:Extensions>
              <highway>secondary</highway>
              <surface>asphalt</surface>
              <oneway>yes</oneway>
            </gpxtpx:Extensions>
          </gpxtpx:TrackPointExtension>
        </extensions>
      </trkpt>
      <trkpt lat="45.07504" lon="7.704848">
        <ele>221.25</ele>
        <time>2023-05-15T13:42:50.111Z</time>
        <extensions>
          <gpxtpx:TrackPointExtension>
            <gpxtpx:Extensions>
              <highway>secondary</highway>
              <surface>asphalt</surface>
              <oneway>yes</oneway>
            </gpxtpx:Extensions>
          </gpxtpx:TrackPointExtension>
        </extensions>
      </trkpt>
      <trkpt lat="45.075165" lon="7.704796">
        <ele>221.25</ele>
        <time>2023-05-15T13:42:52.353Z</time>
        <extensions>
          <gpxtpx:TrackPointExtension>
            <gpxtpx:Extensions>
              <highway>secondary</highway>
              <surface>asphalt</surface>
              <oneway>yes</oneway>
            </gpxtpx:Extensions>
          </gpxtpx:TrackPointExtension>
        </extensions>
      </trkpt>
      <trkpt lat="45.07521" lon="7.704765">
        <ele>221.25</ele>
        <time>2023-05-15T13:42:53.214Z</time>
        <extensions>
          <gpxtpx:TrackPointExtension>
            <gpxtpx:Extensions>
              <highway>secondary</highway>
              <surface>asphalt</surface>
              <oneway>yes</oneway>
            </gpxtpx:Extensions>
          </gpxtpx:TrackPointExtension>
        </extensions>
      </trkpt>
      <trkpt lat="45.075229" lon="7.704752">
        <ele>221.25</ele>
        <time>2023-05-15T13:42:53.576Z</time>
        <extensions>
          <gpxtpx:TrackPointExtension>
            <gpxtpx:Extensions>
              <highway>secondary</highway>
              <surface>asphalt</surface>
              <oneway>yes</oneway>
            </gpxtpx:Extensions>
          </gpxtpx:TrackPointExtension>
        </extensions>
      </trkpt>
      <trkpt lat="45.075395" lon="7.704607">
        <ele>222</ele>
        <time>2023-05-15T13:42:56.933Z</time>
        <extensions>
          <gpxtpx:TrackPointExtension>
            <gpxtpx:Extensions>
              <highway>secondary</highway>
              <surface>asphalt</surface>
              <oneway>yes</oneway>
            </gpxtpx:Extensions>
          </gpxtpx:TrackPointExtension>
        </extensions>
      </trkpt>
      <trkpt lat="45.075552" lon="7.704468">
        <ele>222.5</ele>
        <time>2023-05-15T13:43:00.120Z</time>
        <extensions>
          <gpxtpx:TrackPointExtension>
            <gpxtpx:Extensions>
              <highway>secondary</highway>
              <surface>asphalt</surface>
              <oneway>yes</oneway>
            </gpxtpx:Extensions>
          </gpxtpx:TrackPointExtension>
        </extensions>
      </trkpt>
      <trkpt lat="45.07557" lon="7.704452">
        <ele>222.75</ele>
        <time>2023-05-15T13:43:00.485Z</time>
        <extensions>
          <gpxtpx:TrackPointExtension>
            <gpxtpx:Extensions>
              <highway>secondary</highway>
              <surface>asphalt</surface>
              <oneway>yes</oneway>
            </gpxtpx:Extensions>
          </gpxtpx:TrackPointExtension>
        </extensions>
      </trkpt>
      <trkpt lat="45.075591" lon="7.704434">
        <ele>222.75</ele>
        <time>2023-05-15T13:43:00.907Z</time>
        <extensions>
          <gpxtpx:TrackPointExtension>
            <gpxtpx:Extensions>
              <highway>secondary</highway>
              <surface>asphalt</surface>
              <oneway>yes</oneway>
            </gpxtpx:Extensions>
          </gpxtpx:TrackPointExtension>
        </extensions>
      </trkpt>
      <trkpt lat="45.075688" lon="7.704345">
        <ele>223.5</ele>
        <time>2023-05-15T13:43:02.896Z</time>
        <extensions>
          <gpxtpx:TrackPointExtension>
            <gpxtpx:Extensions>
              <highway>secondary</highway>
              <surface>asphalt</surface>
              <oneway>yes</oneway>
            </gpxtpx:Extensions>
          </gpxtpx:TrackPointExtension>
        </extensions>
      </trkpt>
      <trkpt lat="45.075723" lon="7.704324">
        <ele>223.5</ele>
        <time>2023-05-15T13:43:03.550Z</time>
        <extensions>
          <gpxtpx:TrackPointExtension>
            <gpxtpx:Extensions>
              <highway>tertiary</highway>
              <surface>asphalt</surface>
              <oneway>yes</oneway>
            </gpxtpx:Extensions>
          </gpxtpx:TrackPointExtension>
        </extensions>
      </trkpt>
      <trkpt lat="45.075734" lon="7.704276">
        <ele>224.5</ele>
        <time>2023-05-15T13:43:04.110Z</time>
        <extensions>
          <gpxtpx:TrackPointExtension>
            <gpxtpx:Extensions>
              <highway>tertiary</highway>
              <surface>asphalt</surface>
              <oneway>yes</oneway>
            </gpxtpx:Extensions>
          </gpxtpx:TrackPointExtension>
        </extensions>
      </trkpt>
      <trkpt lat="45.075734" lon="7.704276">
        <ele>223.75</ele>
        <time>2023-05-15T13:43:04.110Z</time>
        <extensions>
          <gpxtpx:TrackPointExtension>
            <gpxtpx:Extensions>
              <highway>tertiary</highway>
              <surface>asphalt</surface>
              <oneway>yes</oneway>
            </gpxtpx:Extensions>
          </gpxtpx:TrackPointExtension>
        </extensions>
      </trkpt>
      <trkpt lat="45.075752" lon="7.704199">
        <ele>224.5</ele>
        <time>2023-05-15T13:43:05.011Z</time>
        <extensions>
          <gpxtpx:TrackPointExtension>
            <gpxtpx:Extensions>
              <highway>tertiary</highway>
              <surface>asphalt</surface>
              <oneway>yes</oneway>
            </gpxtpx:Extensions>
          </gpxtpx:TrackPointExtension>
        </extensions>
      </trkpt>
      <trkpt lat="45.075765" lon="7.704082">
        <ele>225</ele>
        <time>2023-05-15T13:43:06.327Z</time>
        <extensions>
          <gpxtpx:TrackPointExtension>
            <gpxtpx:Extensions>
              <highway>tertiary</highway>
              <surface>asphalt</surface>
              <oneway>yes</oneway>
            </gpxtpx:Extensions>
          </gpxtpx:TrackPointExtension>
        </extensions>
      </trkpt>
      <trkpt lat="45.075766" lon="7.703966">
        <ele>225.25</ele>
        <time>2023-05-15T13:43:07.616Z</time>
        <extensions>
          <gpxtpx:TrackPointExtension>
            <gpxtpx:Extensions>
              <highway>tertiary</highway>
              <surface>asphalt</surface>
              <oneway>yes</oneway>
            </gpxtpx:Extensions>
          </gpxtpx:TrackPointExtension>
        </extensions>
      </trkpt>
      <trkpt lat="45.075747" lon="7.703819">
        <ele>225.5</ele>
        <time>2023-05-15T13:43:09.276Z</time>
        <extensions>
          <gpxtpx:TrackPointExtension>
            <gpxtpx:Extensions>
              <highway>tertiary</highway>
              <surface>asphalt</surface>
              <oneway>yes</oneway>
            </gpxtpx:Extensions>
          </gpxtpx:TrackPointExtension>
        </extensions>
      </trkpt>
      <trkpt lat="45.075729" lon="7.703678">
        <ele>225.75</ele>
        <time>2023-05-15T13:43:10.868Z</time>
        <extensions>
          <gpxtpx:TrackPointExtension>
            <gpxtpx:Extensions>
              <highway>tertiary</highway>
              <surface>asphalt</surface>
              <oneway>yes</oneway>
            </gpxtpx:Extensions>
          </gpxtpx:TrackPointExtension>
        </extensions>
      </trkpt>
      <trkpt lat="45.075708" lon="7.703622">
        <ele>225.75</ele>
        <time>2023-05-15T13:43:11.572Z</time>
        <extensions>
          <gpxtpx:TrackPointExtension>
            <gpxtpx:Extensions>
              <reversedirection>yes</reversedirection>
              <highway>tertiary</highway>
              <surface>asphalt</surface>
            </gpxtpx:Extensions>
          </gpxtpx:TrackPointExtension>
        </extensions>
      </trkpt>
      <trkpt lat="45.075579" lon="7.70234">
        <ele>223</ele>
        <time>2023-05-15T13:43:25.962Z</time>
        <extensions>
          <gpxtpx:TrackPointExtension>
            <gpxtpx:Extensions>
              <reversedirection>yes</reversedirection>
              <highway>tertiary</highway>
              <surface>asphalt</surface>
            </gpxtpx:Extensions>
          </gpxtpx:TrackPointExtension>
        </extensions>
      </trkpt>
      <trkpt lat="45.075501" lon="7.70165">
        <ele>223</ele>
        <time>2023-05-15T13:43:33.727Z</time>
        <extensions>
          <gpxtpx:TrackPointExtension>
            <gpxtpx:Extensions>
              <reversedirection>yes</reversedirection>
              <highway>tertiary</highway>
              <surface>asphalt</surface>
            </gpxtpx:Extensions>
          </gpxtpx:TrackPointExtension>
        </extensions>
      </trkpt>
      <trkpt lat="45.075433" lon="7.70121">
        <ele>223.5</ele>
        <time>2023-05-15T13:43:38.732Z</time>
        <extensions>
          <gpxtpx:TrackPointExtension>
            <gpxtpx:Extensions>
              <reversedirection>yes</reversedirection>
              <highway>tertiary</highway>
              <surface>asphalt</surface>
            </gpxtpx:Extensions>
          </gpxtpx:TrackPointExtension>
        </extensions>
      </trkpt>
      <trkpt lat="45.075351" lon="7.70075">
        <ele>224.25</ele>
        <time>2023-05-15T13:43:44.004Z</time>
        <extensions>
          <gpxtpx:TrackPointExtension>
            <gpxtpx:Extensions>
              <reversedirection>yes</reversedirection>
              <highway>tertiary</highway>
              <surface>asphalt</surface>
            </gpxtpx:Extensions>
          </gpxtpx:TrackPointExtension>
        </extensions>
      </trkpt>
      <trkpt lat="45.075231" lon="7.700197">
        <ele>226.25</ele>
        <time>2023-05-15T13:43:50.433Z</time>
        <extensions>
          <gpxtpx:TrackPointExtension>
            <gpxtpx:Extensions>
              <reversedirection>yes</reversedirection>
              <highway>tertiary</highway>
              <surface>asphalt</surface>
            </gpxtpx:Extensions>
          </gpxtpx:TrackPointExtension>
        </extensions>
      </trkpt>
      <trkpt lat="45.075094" lon="7.69965">
        <ele>226.5</ele>
        <time>2023-05-15T13:43:56.882Z</time>
        <extensions>
          <gpxtpx:TrackPointExtension>
            <gpxtpx:Extensions>
              <reversedirection>yes</reversedirection>
              <highway>tertiary</highway>
              <surface>asphalt</surface>
              <oneway>no</oneway>
            </gpxtpx:Extensions>
          </gpxtpx:TrackPointExtension>
        </extensions>
      </trkpt>
      <trkpt lat="45.075023" lon="7.699428">
        <ele>226.25</ele>
        <time>2023-05-15T13:43:59.590Z</time>
        <extensions>
          <gpxtpx:TrackPointExtension>
            <gpxtpx:Extensions>
              <reversedirection>yes</reversedirection>
              <highway>tertiary</highway>
              <surface>asphalt</surface>
              <oneway>no</oneway>
            </gpxtpx:Extensions>
          </gpxtpx:TrackPointExtension>
        </extensions>
      </trkpt>
      <trkpt lat="45.07492" lon="7.699128">
        <ele>225.5</ele>
        <time>2023-05-15T13:44:03.297Z</time>
        <extensions>
          <gpxtpx:TrackPointExtension>
            <gpxtpx:Extensions>
              <reversedirection>yes</reversedirection>
              <highway>tertiary</highway>
              <surface>asphalt</surface>
              <oneway>no</oneway>
            </gpxtpx:Extensions>
          </gpxtpx:TrackPointExtension>
        </extensions>
      </trkpt>
      <trkpt lat="45.074853" lon="7.698957">
        <ele>225.5</ele>
        <time>2023-05-15T13:44:05.470Z</time>
        <extensions>
          <gpxtpx:TrackPointExtension>
            <gpxtpx:Extensions>
              <reversedirection>yes</reversedirection>
              <highway>tertiary</highway>
              <surface>asphalt</surface>
              <oneway>no</oneway>
            </gpxtpx:Extensions>
          </gpxtpx:TrackPointExtension>
        </extensions>
      </trkpt>
      <trkpt lat="45.074785" lon="7.698807">
        <ele>225.25</ele>
        <time>2023-05-15T13:44:07.450Z</time>
        <extensions>
          <gpxtpx:TrackPointExtension>
            <gpxtpx:Extensions>
              <reversedirection>yes</reversedirection>
              <highway>tertiary</highway>
              <surface>asphalt</surface>
              <oneway>no</oneway>
            </gpxtpx:Extensions>
          </gpxtpx:TrackPointExtension>
        </extensions>
      </trkpt>
      <trkpt lat="45.074752" lon="7.698732">
        <ele>225.25</ele>
        <time>2023-05-15T13:44:08.432Z</time>
        <extensions>
          <gpxtpx:TrackPointExtension>
            <gpxtpx:Extensions>
              <reversedirection>yes</reversedirection>
              <highway>tertiary</highway>
              <surface>asphalt</surface>
              <oneway>no</oneway>
            </gpxtpx:Extensions>
          </gpxtpx:TrackPointExtension>
        </extensions>
      </trkpt>
      <trkpt lat="45.074413" lon="7.697974">
        <ele>225.75</ele>
        <time>2023-05-15T13:44:18.403Z</time>
        <extensions>
          <gpxtpx:TrackPointExtension>
            <gpxtpx:Extensions>
              <reversedirection>yes</reversedirection>
              <highway>tertiary</highway>
              <surface>asphalt</surface>
              <oneway>no</oneway>
            </gpxtpx:Extensions>
          </gpxtpx:TrackPointExtension>
        </extensions>
      </trkpt>
      <trkpt lat="45.074381" lon="7.697904">
        <ele>226</ele>
        <time>2023-05-15T13:44:19.329Z</time>
        <extensions>
          <gpxtpx:TrackPointExtension>
            <gpxtpx:Extensions>
              <reversedirection>yes</reversedirection>
              <highway>tertiary</highway>
              <surface>asphalt</surface>
              <oneway>no</oneway>
            </gpxtpx:Extensions>
          </gpxtpx:TrackPointExtension>
        </extensions>
      </trkpt>
      <trkpt lat="45.074261" lon="7.697637">
        <ele>226</ele>
        <time>2023-05-15T13:44:22.846Z</time>
      </trkpt>
    </trkseg>
  </trk>
</gpx>
