<?xml version="1.0" encoding="UTF-8"?>
<gpx version="1.1" schemaLocation="http://www.topografix.com/GPX/1/1 http://www.topografix.com/GPX/1/1/gpx.xsd" creator="MotionXGPSFull 24.1 Build 5049R64" xmlns="http://www.topografix.com/GPX/1/1" xmlns:xsi="http://www.w3.org/2001/XMLSchema-instance" xsi:schemaLocation="http://www.topografix.com/GPX/1/1 http://www.topografix.com/GPX/1/1/gpx.xsd http://www.garmin.com/xmlschemas/GpxExtensions/v3 http://www.garmin.com/xmlschemas/GpxExtensionsv3.xsd http://www.garmin.com/xmlschemas/TrackPointExtension/v1 http://www.garmin.com/xmlschemas/TrackPointExtensionv1.xsd http://www.garmin.com/xmlschemas/PowerExtension/v1 http://www.garmin.com/xmlschemas/PowerExtensionv1.xsd http://www.topografix.com/GPX/gpx_style/0/2 http://www.topografix.com/GPX/gpx_style/0/2/gpx_style.xsd" xmlns:gpxtpx="http://www.garmin.com/xmlschemas/TrackPointExtension/v1" xmlns:gpxx="http://www.garmin.com/xmlschemas/GpxExtensions/v3" xmlns:gpxpx="http://www.garmin.com/xmlschemas/PowerExtension/v1" xmlns:gpx_style="http://www.topografix.com/GPX/gpx_style/0/2">
  <metadata>
    <name>431 Piobesi -_ Moncalieri</name>
    <author>
      <name>gpx.studio</name>
      <link href="https://gpx.studio"/>
    </author>
  </metadata>
  <trk>
    <name>431 Piobesi-Moncalieri</name>
    <desc>04 ott 2016  7:01 am</desc>
    <trkseg>
      <trkpt lat="44.939766" lon="7.606031">
        <ele>233.25</ele>
        <time>2016-10-04T05:01:33.605Z</time>
        <extensions>
          <gpxtpx:TrackPointExtension>
            <gpxtpx:Extensions>
              <reversedirection>yes</reversedirection>
              <highway>service</highway>
            </gpxtpx:Extensions>
          </gpxtpx:TrackPointExtension>
        </extensions>
      </trkpt>
      <trkpt lat="44.939697" lon="7.606236">
        <ele>233.5</ele>
        <time>2016-10-04T05:01:37.412Z</time>
        <extensions>
          <gpxtpx:TrackPointExtension>
            <gpxtpx:Extensions>
              <reversedirection>yes</reversedirection>
              <highway>service</highway>
            </gpxtpx:Extensions>
          </gpxtpx:TrackPointExtension>
        </extensions>
      </trkpt>
      <trkpt lat="44.939646" lon="7.606388">
        <ele>233.5</ele>
        <time>2016-10-04T05:01:40.233Z</time>
        <extensions>
          <gpxtpx:TrackPointExtension>
            <gpxtpx:Extensions>
              <reversedirection>yes</reversedirection>
              <highway>residential</highway>
            </gpxtpx:Extensions>
          </gpxtpx:TrackPointExtension>
        </extensions>
      </trkpt>
      <trkpt lat="44.939602" lon="7.606349">
        <ele>233.75</ele>
        <time>2016-10-04T05:01:41.463Z</time>
        <extensions>
          <gpxtpx:TrackPointExtension>
            <gpxtpx:Extensions>
              <reversedirection>yes</reversedirection>
              <highway>residential</highway>
            </gpxtpx:Extensions>
          </gpxtpx:TrackPointExtension>
        </extensions>
      </trkpt>
      <trkpt lat="44.939538" lon="7.606376">
        <ele>233.75</ele>
        <time>2016-10-04T05:01:43.045Z</time>
        <extensions>
          <gpxtpx:TrackPointExtension>
            <gpxtpx:Extensions>
              <reversedirection>yes</reversedirection>
              <highway>residential</highway>
            </gpxtpx:Extensions>
          </gpxtpx:TrackPointExtension>
        </extensions>
      </trkpt>
      <trkpt lat="44.93949" lon="7.606395">
        <ele>234</ele>
        <time>2016-10-04T05:01:44.226Z</time>
        <extensions>
          <gpxtpx:TrackPointExtension>
            <gpxtpx:Extensions>
              <reversedirection>yes</reversedirection>
              <highway>residential</highway>
            </gpxtpx:Extensions>
          </gpxtpx:TrackPointExtension>
        </extensions>
      </trkpt>
      <trkpt lat="44.939392" lon="7.606436">
        <ele>234.25</ele>
        <time>2016-10-04T05:01:46.647Z</time>
        <extensions>
          <gpxtpx:TrackPointExtension>
            <gpxtpx:Extensions>
              <reversedirection>yes</reversedirection>
              <highway>residential</highway>
            </gpxtpx:Extensions>
          </gpxtpx:TrackPointExtension>
        </extensions>
      </trkpt>
      <trkpt lat="44.938959" lon="7.606618">
        <ele>234.5</ele>
        <time>2016-10-04T05:01:57.351Z</time>
        <extensions>
          <gpxtpx:TrackPointExtension>
            <gpxtpx:Extensions>
              <reversedirection>yes</reversedirection>
              <highway>residential</highway>
            </gpxtpx:Extensions>
          </gpxtpx:TrackPointExtension>
        </extensions>
      </trkpt>
      <trkpt lat="44.937406" lon="7.607666">
        <ele>234.25</ele>
        <time>2016-10-04T05:02:38.132Z</time>
        <extensions>
          <gpxtpx:TrackPointExtension>
            <gpxtpx:Extensions>
              <reversedirection>yes</reversedirection>
              <highway>residential</highway>
            </gpxtpx:Extensions>
          </gpxtpx:TrackPointExtension>
        </extensions>
      </trkpt>
      <trkpt lat="44.937309" lon="7.607737">
        <ele>234.5</ele>
        <time>2016-10-04T05:02:40.720Z</time>
        <extensions>
          <gpxtpx:TrackPointExtension>
            <gpxtpx:Extensions>
              <reversedirection>yes</reversedirection>
              <highway>residential</highway>
            </gpxtpx:Extensions>
          </gpxtpx:TrackPointExtension>
        </extensions>
      </trkpt>
      <trkpt lat="44.936996" lon="7.607968">
        <ele>235</ele>
        <time>2016-10-04T05:02:49.087Z</time>
        <extensions>
          <gpxtpx:TrackPointExtension>
            <gpxtpx:Extensions>
              <reversedirection>yes</reversedirection>
              <highway>residential</highway>
            </gpxtpx:Extensions>
          </gpxtpx:TrackPointExtension>
        </extensions>
      </trkpt>
      <trkpt lat="44.936885" lon="7.608044">
        <ele>235.25</ele>
        <time>2016-10-04T05:02:52.009Z</time>
        <extensions>
          <gpxtpx:TrackPointExtension>
            <gpxtpx:Extensions>
              <reversedirection>yes</reversedirection>
              <highway>residential</highway>
            </gpxtpx:Extensions>
          </gpxtpx:TrackPointExtension>
        </extensions>
      </trkpt>
      <trkpt lat="44.936218" lon="7.608504">
        <ele>235.75</ele>
        <time>2016-10-04T05:03:09.596Z</time>
        <extensions>
          <gpxtpx:TrackPointExtension>
            <gpxtpx:Extensions>
              <reversedirection>yes</reversedirection>
              <highway>residential</highway>
            </gpxtpx:Extensions>
          </gpxtpx:TrackPointExtension>
        </extensions>
      </trkpt>
      <trkpt lat="44.935755" lon="7.608841">
        <ele>235.25</ele>
        <time>2016-10-04T05:03:21.937Z</time>
        <extensions>
          <gpxtpx:TrackPointExtension>
            <gpxtpx:Extensions>
              <reversedirection>yes</reversedirection>
              <highway>residential</highway>
            </gpxtpx:Extensions>
          </gpxtpx:TrackPointExtension>
        </extensions>
      </trkpt>
      <trkpt lat="44.935729" lon="7.60886">
        <ele>235.25</ele>
        <time>2016-10-04T05:03:22.630Z</time>
        <extensions>
          <gpxtpx:TrackPointExtension>
            <gpxtpx:Extensions>
              <reversedirection>yes</reversedirection>
              <highway>residential</highway>
            </gpxtpx:Extensions>
          </gpxtpx:TrackPointExtension>
        </extensions>
      </trkpt>
      <trkpt lat="44.935083" lon="7.609308">
        <ele>234.5</ele>
        <time>2016-10-04T05:03:39.682Z</time>
        <extensions>
          <gpxtpx:TrackPointExtension>
            <gpxtpx:Extensions>
              <reversedirection>yes</reversedirection>
              <highway>residential</highway>
            </gpxtpx:Extensions>
          </gpxtpx:TrackPointExtension>
        </extensions>
      </trkpt>
      <trkpt lat="44.93475" lon="7.609578">
        <ele>234.25</ele>
        <time>2016-10-04T05:03:48.779Z</time>
        <extensions>
          <gpxtpx:TrackPointExtension>
            <gpxtpx:Extensions>
              <reversedirection>yes</reversedirection>
              <highway>residential</highway>
            </gpxtpx:Extensions>
          </gpxtpx:TrackPointExtension>
        </extensions>
      </trkpt>
      <trkpt lat="44.934707" lon="7.609626">
        <ele>234.25</ele>
        <time>2016-10-04T05:03:50.137Z</time>
        <extensions>
          <gpxtpx:TrackPointExtension>
            <gpxtpx:Extensions>
              <reversedirection>yes</reversedirection>
              <highway>residential</highway>
            </gpxtpx:Extensions>
          </gpxtpx:TrackPointExtension>
        </extensions>
      </trkpt>
      <trkpt lat="44.934707" lon="7.609626">
        <ele>234.25</ele>
        <time>2016-10-04T05:03:50.137Z</time>
        <extensions>
          <gpxtpx:TrackPointExtension>
            <gpxtpx:Extensions>
              <reversedirection>yes</reversedirection>
              <highway>residential</highway>
            </gpxtpx:Extensions>
          </gpxtpx:TrackPointExtension>
        </extensions>
      </trkpt>
      <trkpt lat="44.93462" lon="7.609726">
        <ele>234.25</ele>
        <time>2016-10-04T05:03:52.917Z</time>
        <extensions>
          <gpxtpx:TrackPointExtension>
            <gpxtpx:Extensions>
              <reversedirection>yes</reversedirection>
              <highway>residential</highway>
            </gpxtpx:Extensions>
          </gpxtpx:TrackPointExtension>
        </extensions>
      </trkpt>
      <trkpt lat="44.934171" lon="7.610413">
        <ele>234.75</ele>
        <time>2016-10-04T05:04:09.324Z</time>
        <extensions>
          <gpxtpx:TrackPointExtension>
            <gpxtpx:Extensions>
              <reversedirection>yes</reversedirection>
              <highway>residential</highway>
            </gpxtpx:Extensions>
          </gpxtpx:TrackPointExtension>
        </extensions>
      </trkpt>
      <trkpt lat="44.934114" lon="7.610581">
        <ele>235</ele>
        <time>2016-10-04T05:04:12.593Z</time>
        <extensions>
          <gpxtpx:TrackPointExtension>
            <gpxtpx:Extensions>
              <reversedirection>yes</reversedirection>
              <highway>residential</highway>
              <surface>asphalt</surface>
            </gpxtpx:Extensions>
          </gpxtpx:TrackPointExtension>
        </extensions>
      </trkpt>
      <trkpt lat="44.934073" lon="7.610697">
        <ele>235.25</ele>
        <time>2016-10-04T05:04:14.868Z</time>
        <extensions>
          <gpxtpx:TrackPointExtension>
            <gpxtpx:Extensions>
              <reversedirection>yes</reversedirection>
              <highway>residential</highway>
              <surface>asphalt</surface>
            </gpxtpx:Extensions>
          </gpxtpx:TrackPointExtension>
        </extensions>
      </trkpt>
      <trkpt lat="44.933916" lon="7.611165">
        <ele>237.25</ele>
        <time>2016-10-04T05:04:23.956Z</time>
        <extensions>
          <gpxtpx:TrackPointExtension>
            <gpxtpx:Extensions>
              <reversedirection>yes</reversedirection>
              <highway>residential</highway>
              <surface>asphalt</surface>
            </gpxtpx:Extensions>
          </gpxtpx:TrackPointExtension>
        </extensions>
      </trkpt>
      <trkpt lat="44.933816" lon="7.611485">
        <ele>238.75</ele>
        <time>2016-10-04T05:04:30.094Z</time>
        <extensions>
          <gpxtpx:TrackPointExtension>
            <gpxtpx:Extensions>
              <reversedirection>yes</reversedirection>
              <highway>residential</highway>
              <surface>asphalt</surface>
            </gpxtpx:Extensions>
          </gpxtpx:TrackPointExtension>
        </extensions>
      </trkpt>
      <trkpt lat="44.933711" lon="7.61185">
        <ele>239</ele>
        <time>2016-10-04T05:04:37.888Z</time>
        <extensions>
          <gpxtpx:TrackPointExtension>
            <gpxtpx:Extensions>
              <reversedirection>yes</reversedirection>
              <highway>residential</highway>
              <surface>asphalt</surface>
            </gpxtpx:Extensions>
          </gpxtpx:TrackPointExtension>
        </extensions>
      </trkpt>
      <trkpt lat="44.933711" lon="7.61185">
        <ele>238.75</ele>
        <time>2016-10-04T05:04:37.888Z</time>
        <extensions>
          <gpxtpx:TrackPointExtension>
            <gpxtpx:Extensions>
              <reversedirection>yes</reversedirection>
              <highway>residential</highway>
              <surface>asphalt</surface>
            </gpxtpx:Extensions>
          </gpxtpx:TrackPointExtension>
        </extensions>
      </trkpt>
      <trkpt lat="44.933685" lon="7.611942">
        <ele>239</ele>
        <time>2016-10-04T05:04:39.847Z</time>
        <extensions>
          <gpxtpx:TrackPointExtension>
            <gpxtpx:Extensions>
              <reversedirection>yes</reversedirection>
              <highway>residential</highway>
              <surface>asphalt</surface>
            </gpxtpx:Extensions>
          </gpxtpx:TrackPointExtension>
        </extensions>
      </trkpt>
      <trkpt lat="44.93365" lon="7.612065">
        <ele>239</ele>
        <time>2016-10-04T05:04:42.469Z</time>
        <extensions>
          <gpxtpx:TrackPointExtension>
            <gpxtpx:Extensions>
              <reversedirection>yes</reversedirection>
              <highway>residential</highway>
            </gpxtpx:Extensions>
          </gpxtpx:TrackPointExtension>
        </extensions>
      </trkpt>
      <trkpt lat="44.933351" lon="7.611963">
        <ele>239.5</ele>
        <time>2016-10-04T05:04:51.065Z</time>
        <extensions>
          <gpxtpx:TrackPointExtension>
            <gpxtpx:Extensions>
              <reversedirection>yes</reversedirection>
              <highway>residential</highway>
            </gpxtpx:Extensions>
          </gpxtpx:TrackPointExtension>
        </extensions>
      </trkpt>
      <trkpt lat="44.933208" lon="7.611856">
        <ele>239.5</ele>
        <time>2016-10-04T05:04:55.587Z</time>
        <extensions>
          <gpxtpx:TrackPointExtension>
            <gpxtpx:Extensions>
              <reversedirection>yes</reversedirection>
              <highway>residential</highway>
            </gpxtpx:Extensions>
          </gpxtpx:TrackPointExtension>
        </extensions>
      </trkpt>
      <trkpt lat="44.932946" lon="7.611658">
        <ele>239.75</ele>
        <time>2016-10-04T05:05:03.891Z</time>
        <extensions>
          <gpxtpx:TrackPointExtension>
            <gpxtpx:Extensions>
              <reversedirection>yes</reversedirection>
              <highway>residential</highway>
            </gpxtpx:Extensions>
          </gpxtpx:TrackPointExtension>
        </extensions>
      </trkpt>
      <trkpt lat="44.932793" lon="7.611503">
        <ele>239.75</ele>
        <time>2016-10-04T05:05:09.152Z</time>
        <extensions>
          <gpxtpx:TrackPointExtension>
            <gpxtpx:Extensions>
              <reversedirection>yes</reversedirection>
              <highway>residential</highway>
            </gpxtpx:Extensions>
          </gpxtpx:TrackPointExtension>
        </extensions>
      </trkpt>
      <trkpt lat="44.932625" lon="7.611331">
        <ele>239.75</ele>
        <time>2016-10-04T05:05:14.950Z</time>
        <extensions>
          <gpxtpx:TrackPointExtension>
            <gpxtpx:Extensions>
              <reversedirection>yes</reversedirection>
              <highway>residential</highway>
            </gpxtpx:Extensions>
          </gpxtpx:TrackPointExtension>
        </extensions>
      </trkpt>
      <trkpt lat="44.932444" lon="7.611128">
        <ele>239.75</ele>
        <time>2016-10-04T05:05:21.409Z</time>
        <extensions>
          <gpxtpx:TrackPointExtension>
            <gpxtpx:Extensions>
              <reversedirection>yes</reversedirection>
              <highway>residential</highway>
            </gpxtpx:Extensions>
          </gpxtpx:TrackPointExtension>
        </extensions>
      </trkpt>
      <trkpt lat="44.932309" lon="7.610963">
        <ele>239.5</ele>
        <time>2016-10-04T05:05:26.398Z</time>
        <extensions>
          <gpxtpx:TrackPointExtension>
            <gpxtpx:Extensions>
              <reversedirection>yes</reversedirection>
              <highway>residential</highway>
            </gpxtpx:Extensions>
          </gpxtpx:TrackPointExtension>
        </extensions>
      </trkpt>
      <trkpt lat="44.932067" lon="7.610701">
        <ele>238.5</ele>
        <time>2016-10-04T05:05:34.919Z</time>
        <extensions>
          <gpxtpx:TrackPointExtension>
            <gpxtpx:Extensions>
              <reversedirection>yes</reversedirection>
              <highway>residential</highway>
            </gpxtpx:Extensions>
          </gpxtpx:TrackPointExtension>
        </extensions>
      </trkpt>
      <trkpt lat="44.93179" lon="7.610447">
        <ele>237.75</ele>
        <time>2016-10-04T05:05:44.148Z</time>
        <extensions>
          <gpxtpx:TrackPointExtension>
            <gpxtpx:Extensions>
              <highway>tertiary</highway>
              <surface>asphalt</surface>
              <junction>roundabout</junction>
            </gpxtpx:Extensions>
          </gpxtpx:TrackPointExtension>
        </extensions>
      </trkpt>
      <trkpt lat="44.931792" lon="7.610405">
        <ele>237.5</ele>
        <time>2016-10-04T05:05:44.980Z</time>
        <extensions>
          <gpxtpx:TrackPointExtension>
            <gpxtpx:Extensions>
              <highway>tertiary</highway>
              <surface>asphalt</surface>
              <junction>roundabout</junction>
            </gpxtpx:Extensions>
          </gpxtpx:TrackPointExtension>
        </extensions>
      </trkpt>
      <trkpt lat="44.931777" lon="7.610368">
        <ele>237.5</ele>
        <time>2016-10-04T05:05:45.822Z</time>
        <extensions>
          <gpxtpx:TrackPointExtension>
            <gpxtpx:Extensions>
              <highway>tertiary</highway>
              <surface>asphalt</surface>
              <junction>roundabout</junction>
            </gpxtpx:Extensions>
          </gpxtpx:TrackPointExtension>
        </extensions>
      </trkpt>
      <trkpt lat="44.931764" lon="7.610356">
        <ele>237.5</ele>
        <time>2016-10-04T05:05:46.256Z</time>
        <extensions>
          <gpxtpx:TrackPointExtension>
            <gpxtpx:Extensions>
              <highway>tertiary</highway>
              <surface>asphalt</surface>
              <junction>roundabout</junction>
            </gpxtpx:Extensions>
          </gpxtpx:TrackPointExtension>
        </extensions>
      </trkpt>
      <trkpt lat="44.931736" lon="7.610348">
        <ele>237.5</ele>
        <time>2016-10-04T05:05:47.053Z</time>
        <extensions>
          <gpxtpx:TrackPointExtension>
            <gpxtpx:Extensions>
              <highway>tertiary</highway>
              <surface>asphalt</surface>
              <junction>roundabout</junction>
            </gpxtpx:Extensions>
          </gpxtpx:TrackPointExtension>
        </extensions>
      </trkpt>
      <trkpt lat="44.931709" lon="7.610363">
        <ele>237.5</ele>
        <time>2016-10-04T05:05:47.864Z</time>
        <extensions>
          <gpxtpx:TrackPointExtension>
            <gpxtpx:Extensions>
              <highway>tertiary</highway>
              <surface>asphalt</surface>
              <junction>roundabout</junction>
            </gpxtpx:Extensions>
          </gpxtpx:TrackPointExtension>
        </extensions>
      </trkpt>
      <trkpt lat="44.931691" lon="7.610402">
        <ele>237.5</ele>
        <time>2016-10-04T05:05:48.428Z</time>
        <extensions>
          <gpxtpx:TrackPointExtension>
            <gpxtpx:Extensions>
              <highway>tertiary</highway>
              <surface>asphalt</surface>
              <junction>roundabout</junction>
            </gpxtpx:Extensions>
          </gpxtpx:TrackPointExtension>
        </extensions>
      </trkpt>
      <trkpt lat="44.931691" lon="7.610402">
        <ele>237.5</ele>
        <time>2016-10-04T05:05:48.442Z</time>
        <extensions>
          <gpxtpx:TrackPointExtension>
            <gpxtpx:Extensions>
              <highway>tertiary</highway>
              <surface>asphalt</surface>
              <junction>roundabout</junction>
            </gpxtpx:Extensions>
          </gpxtpx:TrackPointExtension>
        </extensions>
      </trkpt>
      <trkpt lat="44.931692" lon="7.610449">
        <ele>237.5</ele>
        <time>2016-10-04T05:05:49.011Z</time>
        <extensions>
          <gpxtpx:TrackPointExtension>
            <gpxtpx:Extensions>
              <highway>tertiary</highway>
              <surface>asphalt</surface>
              <junction>roundabout</junction>
            </gpxtpx:Extensions>
          </gpxtpx:TrackPointExtension>
        </extensions>
      </trkpt>
      <trkpt lat="44.931701" lon="7.61047">
        <ele>237.5</ele>
        <time>2016-10-04T05:05:49.307Z</time>
        <extensions>
          <gpxtpx:TrackPointExtension>
            <gpxtpx:Extensions>
              <highway>tertiary</highway>
              <surface>asphalt</surface>
              <junction>roundabout</junction>
            </gpxtpx:Extensions>
          </gpxtpx:TrackPointExtension>
        </extensions>
      </trkpt>
      <trkpt lat="44.931729" lon="7.610494">
        <ele>237.5</ele>
        <time>2016-10-04T05:05:49.867Z</time>
        <extensions>
          <gpxtpx:TrackPointExtension>
            <gpxtpx:Extensions>
              <highway>tertiary</highway>
              <surface>asphalt</surface>
            </gpxtpx:Extensions>
          </gpxtpx:TrackPointExtension>
        </extensions>
      </trkpt>
      <trkpt lat="44.93164" lon="7.610954">
        <ele>237.75</ele>
        <time>2016-10-04T05:05:55.644Z</time>
        <extensions>
          <gpxtpx:TrackPointExtension>
            <gpxtpx:Extensions>
              <highway>tertiary</highway>
              <surface>asphalt</surface>
            </gpxtpx:Extensions>
          </gpxtpx:TrackPointExtension>
        </extensions>
      </trkpt>
      <trkpt lat="44.931513" lon="7.612097">
        <ele>236.5</ele>
        <time>2016-10-04T05:06:09.662Z</time>
        <extensions>
          <gpxtpx:TrackPointExtension>
            <gpxtpx:Extensions>
              <highway>tertiary</highway>
            </gpxtpx:Extensions>
          </gpxtpx:TrackPointExtension>
        </extensions>
      </trkpt>
      <trkpt lat="44.931505" lon="7.612167">
        <ele>236.25</ele>
        <time>2016-10-04T05:06:10.520Z</time>
        <extensions>
          <gpxtpx:TrackPointExtension>
            <gpxtpx:Extensions>
              <highway>tertiary</highway>
              <surface>asphalt</surface>
              <oneway>yes</oneway>
            </gpxtpx:Extensions>
          </gpxtpx:TrackPointExtension>
        </extensions>
      </trkpt>
      <trkpt lat="44.931445" lon="7.61242">
        <ele>236</ele>
        <time>2016-10-04T05:06:13.752Z</time>
        <extensions>
          <gpxtpx:TrackPointExtension>
            <gpxtpx:Extensions>
              <highway>tertiary</highway>
              <surface>asphalt</surface>
              <junction>roundabout</junction>
            </gpxtpx:Extensions>
          </gpxtpx:TrackPointExtension>
        </extensions>
      </trkpt>
      <trkpt lat="44.931391" lon="7.612428">
        <ele>236</ele>
        <time>2016-10-04T05:06:14.681Z</time>
        <extensions>
          <gpxtpx:TrackPointExtension>
            <gpxtpx:Extensions>
              <highway>tertiary</highway>
              <surface>asphalt</surface>
              <junction>roundabout</junction>
            </gpxtpx:Extensions>
          </gpxtpx:TrackPointExtension>
        </extensions>
      </trkpt>
      <trkpt lat="44.931349" lon="7.612476">
        <ele>236</ele>
        <time>2016-10-04T05:06:15.605Z</time>
        <extensions>
          <gpxtpx:TrackPointExtension>
            <gpxtpx:Extensions>
              <highway>tertiary</highway>
              <surface>asphalt</surface>
              <junction>roundabout</junction>
            </gpxtpx:Extensions>
          </gpxtpx:TrackPointExtension>
        </extensions>
      </trkpt>
      <trkpt lat="44.931333" lon="7.612533">
        <ele>236</ele>
        <time>2016-10-04T05:06:16.347Z</time>
        <extensions>
          <gpxtpx:TrackPointExtension>
            <gpxtpx:Extensions>
              <highway>tertiary</highway>
              <surface>asphalt</surface>
              <junction>roundabout</junction>
            </gpxtpx:Extensions>
          </gpxtpx:TrackPointExtension>
        </extensions>
      </trkpt>
      <trkpt lat="44.931332" lon="7.612564">
        <ele>236</ele>
        <time>2016-10-04T05:06:16.722Z</time>
        <extensions>
          <gpxtpx:TrackPointExtension>
            <gpxtpx:Extensions>
              <highway>tertiary</highway>
              <surface>asphalt</surface>
              <junction>roundabout</junction>
            </gpxtpx:Extensions>
          </gpxtpx:TrackPointExtension>
        </extensions>
      </trkpt>
      <trkpt lat="44.931345" lon="7.612622">
        <ele>236</ele>
        <time>2016-10-04T05:06:17.459Z</time>
        <extensions>
          <gpxtpx:TrackPointExtension>
            <gpxtpx:Extensions>
              <highway>tertiary</highway>
              <surface>asphalt</surface>
              <junction>roundabout</junction>
            </gpxtpx:Extensions>
          </gpxtpx:TrackPointExtension>
        </extensions>
      </trkpt>
      <trkpt lat="44.931354" lon="7.61264">
        <ele>236</ele>
        <time>2016-10-04T05:06:17.726Z</time>
        <extensions>
          <gpxtpx:TrackPointExtension>
            <gpxtpx:Extensions>
              <highway>tertiary</highway>
              <surface>asphalt</surface>
              <oneway>yes</oneway>
            </gpxtpx:Extensions>
          </gpxtpx:TrackPointExtension>
        </extensions>
      </trkpt>
      <trkpt lat="44.93134" lon="7.612977">
        <ele>236</ele>
        <time>2016-10-04T05:06:21.816Z</time>
        <extensions>
          <gpxtpx:TrackPointExtension>
            <gpxtpx:Extensions>
              <reversedirection>yes</reversedirection>
              <highway>tertiary</highway>
              <surface>asphalt</surface>
            </gpxtpx:Extensions>
          </gpxtpx:TrackPointExtension>
        </extensions>
      </trkpt>
      <trkpt lat="44.931306" lon="7.613344">
        <ele>236.25</ele>
        <time>2016-10-04T05:06:26.300Z</time>
        <extensions>
          <gpxtpx:TrackPointExtension>
            <gpxtpx:Extensions>
              <reversedirection>yes</reversedirection>
              <highway>tertiary</highway>
              <surface>asphalt</surface>
            </gpxtpx:Extensions>
          </gpxtpx:TrackPointExtension>
        </extensions>
      </trkpt>
      <trkpt lat="44.931304" lon="7.613493">
        <ele>236.25</ele>
        <time>2016-10-04T05:06:28.105Z</time>
        <extensions>
          <gpxtpx:TrackPointExtension>
            <gpxtpx:Extensions>
              <reversedirection>yes</reversedirection>
              <highway>tertiary</highway>
              <surface>asphalt</surface>
            </gpxtpx:Extensions>
          </gpxtpx:TrackPointExtension>
        </extensions>
      </trkpt>
      <trkpt lat="44.931316" lon="7.613522">
        <ele>236.25</ele>
        <time>2016-10-04T05:06:28.512Z</time>
        <extensions>
          <gpxtpx:TrackPointExtension>
            <gpxtpx:Extensions>
              <reversedirection>yes</reversedirection>
              <highway>tertiary</highway>
              <surface>asphalt</surface>
            </gpxtpx:Extensions>
          </gpxtpx:TrackPointExtension>
        </extensions>
      </trkpt>
      <trkpt lat="44.931329" lon="7.613552">
        <ele>236</ele>
        <time>2016-10-04T05:06:28.938Z</time>
        <extensions>
          <gpxtpx:TrackPointExtension>
            <gpxtpx:Extensions>
              <reversedirection>yes</reversedirection>
              <highway>tertiary</highway>
              <surface>asphalt</surface>
            </gpxtpx:Extensions>
          </gpxtpx:TrackPointExtension>
        </extensions>
      </trkpt>
      <trkpt lat="44.931349" lon="7.613598">
        <ele>235.75</ele>
        <time>2016-10-04T05:06:29.362Z</time>
        <extensions>
          <gpxtpx:TrackPointExtension>
            <gpxtpx:Extensions>
              <reversedirection>yes</reversedirection>
              <highway>tertiary</highway>
              <surface>asphalt</surface>
            </gpxtpx:Extensions>
          </gpxtpx:TrackPointExtension>
        </extensions>
      </trkpt>
      <trkpt lat="44.931348" lon="7.613597">
        <ele>235.75</ele>
        <time>2016-10-04T05:06:29.375Z</time>
        <extensions>
          <gpxtpx:TrackPointExtension>
            <gpxtpx:Extensions>
              <reversedirection>yes</reversedirection>
              <highway>tertiary</highway>
              <surface>asphalt</surface>
            </gpxtpx:Extensions>
          </gpxtpx:TrackPointExtension>
        </extensions>
      </trkpt>
      <trkpt lat="44.931427" lon="7.613781">
        <ele>235.75</ele>
        <time>2016-10-04T05:06:31.066Z</time>
        <extensions>
          <gpxtpx:TrackPointExtension>
            <gpxtpx:Extensions>
              <reversedirection>yes</reversedirection>
              <highway>tertiary</highway>
              <surface>asphalt</surface>
            </gpxtpx:Extensions>
          </gpxtpx:TrackPointExtension>
        </extensions>
      </trkpt>
      <trkpt lat="44.931686" lon="7.614223">
        <ele>234.75</ele>
        <time>2016-10-04T05:06:35.576Z</time>
        <extensions>
          <gpxtpx:TrackPointExtension>
            <gpxtpx:Extensions>
              <reversedirection>yes</reversedirection>
              <highway>tertiary</highway>
              <surface>asphalt</surface>
            </gpxtpx:Extensions>
          </gpxtpx:TrackPointExtension>
        </extensions>
      </trkpt>
      <trkpt lat="44.931848" lon="7.614497">
        <ele>234.75</ele>
        <time>2016-10-04T05:06:38.382Z</time>
        <extensions>
          <gpxtpx:TrackPointExtension>
            <gpxtpx:Extensions>
              <reversedirection>yes</reversedirection>
              <highway>tertiary</highway>
              <surface>asphalt</surface>
            </gpxtpx:Extensions>
          </gpxtpx:TrackPointExtension>
        </extensions>
      </trkpt>
      <trkpt lat="44.932343" lon="7.61532">
        <ele>233.5</ele>
        <time>2016-10-04T05:06:46.871Z</time>
        <extensions>
          <gpxtpx:TrackPointExtension>
            <gpxtpx:Extensions>
              <reversedirection>yes</reversedirection>
              <highway>tertiary</highway>
              <surface>asphalt</surface>
            </gpxtpx:Extensions>
          </gpxtpx:TrackPointExtension>
        </extensions>
      </trkpt>
      <trkpt lat="44.932652" lon="7.615824">
        <ele>233</ele>
        <time>2016-10-04T05:06:52.112Z</time>
        <extensions>
          <gpxtpx:TrackPointExtension>
            <gpxtpx:Extensions>
              <reversedirection>yes</reversedirection>
              <highway>tertiary</highway>
              <surface>asphalt</surface>
            </gpxtpx:Extensions>
          </gpxtpx:TrackPointExtension>
        </extensions>
      </trkpt>
      <trkpt lat="44.932725" lon="7.615933">
        <ele>233</ele>
        <time>2016-10-04T05:06:53.291Z</time>
        <extensions>
          <gpxtpx:TrackPointExtension>
            <gpxtpx:Extensions>
              <reversedirection>yes</reversedirection>
              <highway>tertiary</highway>
              <surface>asphalt</surface>
            </gpxtpx:Extensions>
          </gpxtpx:TrackPointExtension>
        </extensions>
      </trkpt>
      <trkpt lat="44.932865" lon="7.616116">
        <ele>233.5</ele>
        <time>2016-10-04T05:06:55.409Z</time>
        <extensions>
          <gpxtpx:TrackPointExtension>
            <gpxtpx:Extensions>
              <highway>tertiary</highway>
              <surface>asphalt</surface>
              <oneway>yes</oneway>
            </gpxtpx:Extensions>
          </gpxtpx:TrackPointExtension>
        </extensions>
      </trkpt>
      <trkpt lat="44.932941" lon="7.616297">
        <ele>234</ele>
        <time>2016-10-04T05:06:57.063Z</time>
        <extensions>
          <gpxtpx:TrackPointExtension>
            <gpxtpx:Extensions>
              <highway>tertiary</highway>
              <surface>asphalt</surface>
              <oneway>yes</oneway>
            </gpxtpx:Extensions>
          </gpxtpx:TrackPointExtension>
        </extensions>
      </trkpt>
      <trkpt lat="44.932962" lon="7.616397">
        <ele>234.25</ele>
        <time>2016-10-04T05:06:57.882Z</time>
        <extensions>
          <gpxtpx:TrackPointExtension>
            <gpxtpx:Extensions>
              <highway>secondary</highway>
              <surface>asphalt</surface>
              <junction>roundabout</junction>
            </gpxtpx:Extensions>
          </gpxtpx:TrackPointExtension>
        </extensions>
      </trkpt>
      <trkpt lat="44.932967" lon="7.616449">
        <ele>234.5</ele>
        <time>2016-10-04T05:06:58.294Z</time>
        <extensions>
          <gpxtpx:TrackPointExtension>
            <gpxtpx:Extensions>
              <highway>secondary</highway>
              <surface>asphalt</surface>
              <junction>roundabout</junction>
            </gpxtpx:Extensions>
          </gpxtpx:TrackPointExtension>
        </extensions>
      </trkpt>
      <trkpt lat="44.932986" lon="7.616508">
        <ele>234.75</ele>
        <time>2016-10-04T05:06:58.803Z</time>
        <extensions>
          <gpxtpx:TrackPointExtension>
            <gpxtpx:Extensions>
              <highway>secondary</highway>
              <surface>asphalt</surface>
              <junction>roundabout</junction>
            </gpxtpx:Extensions>
          </gpxtpx:TrackPointExtension>
        </extensions>
      </trkpt>
      <trkpt lat="44.933008" lon="7.616542">
        <ele>234.75</ele>
        <time>2016-10-04T05:06:59.165Z</time>
        <extensions>
          <gpxtpx:TrackPointExtension>
            <gpxtpx:Extensions>
              <highway>secondary</highway>
              <surface>asphalt</surface>
              <junction>roundabout</junction>
            </gpxtpx:Extensions>
          </gpxtpx:TrackPointExtension>
        </extensions>
      </trkpt>
      <trkpt lat="44.933059" lon="7.616577">
        <ele>235</ele>
        <time>2016-10-04T05:06:59.794Z</time>
        <extensions>
          <gpxtpx:TrackPointExtension>
            <gpxtpx:Extensions>
              <highway>secondary</highway>
              <surface>asphalt</surface>
              <junction>roundabout</junction>
            </gpxtpx:Extensions>
          </gpxtpx:TrackPointExtension>
        </extensions>
      </trkpt>
      <trkpt lat="44.933086" lon="7.616586">
        <ele>235</ele>
        <time>2016-10-04T05:07:00.102Z</time>
        <extensions>
          <gpxtpx:TrackPointExtension>
            <gpxtpx:Extensions>
              <highway>secondary</highway>
              <surface>asphalt</surface>
              <junction>roundabout</junction>
            </gpxtpx:Extensions>
          </gpxtpx:TrackPointExtension>
        </extensions>
      </trkpt>
      <trkpt lat="44.933111" lon="7.616584">
        <ele>235</ele>
        <time>2016-10-04T05:07:00.380Z</time>
        <extensions>
          <gpxtpx:TrackPointExtension>
            <gpxtpx:Extensions>
              <highway>tertiary</highway>
              <surface>asphalt</surface>
              <maxspeed>70</maxspeed>
              <oneway>yes</oneway>
            </gpxtpx:Extensions>
          </gpxtpx:TrackPointExtension>
        </extensions>
      </trkpt>
      <trkpt lat="44.933157" lon="7.616606">
        <ele>235.25</ele>
        <time>2016-10-04T05:07:00.919Z</time>
        <extensions>
          <gpxtpx:TrackPointExtension>
            <gpxtpx:Extensions>
              <highway>tertiary</highway>
              <surface>asphalt</surface>
              <maxspeed>70</maxspeed>
              <oneway>yes</oneway>
            </gpxtpx:Extensions>
          </gpxtpx:TrackPointExtension>
        </extensions>
      </trkpt>
      <trkpt lat="44.933194" lon="7.61666">
        <ele>235.5</ele>
        <time>2016-10-04T05:07:01.509Z</time>
        <extensions>
          <gpxtpx:TrackPointExtension>
            <gpxtpx:Extensions>
              <highway>tertiary</highway>
              <surface>asphalt</surface>
              <maxspeed>70</maxspeed>
              <oneway>yes</oneway>
            </gpxtpx:Extensions>
          </gpxtpx:TrackPointExtension>
        </extensions>
      </trkpt>
      <trkpt lat="44.933209" lon="7.616688">
        <ele>235.5</ele>
        <time>2016-10-04T05:07:01.784Z</time>
        <extensions>
          <gpxtpx:TrackPointExtension>
            <gpxtpx:Extensions>
              <highway>tertiary</highway>
              <surface>asphalt</surface>
              <maxspeed>70</maxspeed>
              <oneway>yes</oneway>
            </gpxtpx:Extensions>
          </gpxtpx:TrackPointExtension>
        </extensions>
      </trkpt>
      <trkpt lat="44.933257" lon="7.616841">
        <ele>235</ele>
        <time>2016-10-04T05:07:03.099Z</time>
        <extensions>
          <gpxtpx:TrackPointExtension>
            <gpxtpx:Extensions>
              <highway>tertiary</highway>
              <surface>asphalt</surface>
              <maxspeed>70</maxspeed>
              <oneway>yes</oneway>
            </gpxtpx:Extensions>
          </gpxtpx:TrackPointExtension>
        </extensions>
      </trkpt>
      <trkpt lat="44.933291" lon="7.616917">
        <ele>234.75</ele>
        <time>2016-10-04T05:07:03.805Z</time>
        <extensions>
          <gpxtpx:TrackPointExtension>
            <gpxtpx:Extensions>
              <highway>tertiary</highway>
              <surface>asphalt</surface>
              <maxspeed>70</maxspeed>
              <oneway>yes</oneway>
            </gpxtpx:Extensions>
          </gpxtpx:TrackPointExtension>
        </extensions>
      </trkpt>
      <trkpt lat="44.933407" lon="7.617111">
        <ele>234</ele>
        <time>2016-10-04T05:07:05.801Z</time>
        <extensions>
          <gpxtpx:TrackPointExtension>
            <gpxtpx:Extensions>
              <highway>tertiary</highway>
              <surface>asphalt</surface>
              <maxspeed>70</maxspeed>
              <oneway>yes</oneway>
            </gpxtpx:Extensions>
          </gpxtpx:TrackPointExtension>
        </extensions>
      </trkpt>
      <trkpt lat="44.933801" lon="7.617754">
        <ele>233.75</ele>
        <time>2016-10-04T05:07:12.485Z</time>
        <extensions>
          <gpxtpx:TrackPointExtension>
            <gpxtpx:Extensions>
              <highway>tertiary</highway>
              <surface>asphalt</surface>
              <maxspeed>70</maxspeed>
              <oneway>yes</oneway>
            </gpxtpx:Extensions>
          </gpxtpx:TrackPointExtension>
        </extensions>
      </trkpt>
      <trkpt lat="44.933911" lon="7.617917">
        <ele>233.75</ele>
        <time>2016-10-04T05:07:14.255Z</time>
        <extensions>
          <gpxtpx:TrackPointExtension>
            <gpxtpx:Extensions>
              <highway>tertiary</highway>
              <surface>asphalt</surface>
              <maxspeed>70</maxspeed>
              <oneway>yes</oneway>
            </gpxtpx:Extensions>
          </gpxtpx:TrackPointExtension>
        </extensions>
      </trkpt>
      <trkpt lat="44.933976" lon="7.617972">
        <ele>234</ele>
        <time>2016-10-04T05:07:15.096Z</time>
        <extensions>
          <gpxtpx:TrackPointExtension>
            <gpxtpx:Extensions>
              <reversedirection>yes</reversedirection>
              <highway>tertiary</highway>
              <surface>asphalt</surface>
              <maxspeed>70</maxspeed>
            </gpxtpx:Extensions>
          </gpxtpx:TrackPointExtension>
        </extensions>
      </trkpt>
      <trkpt lat="44.934467" lon="7.618493">
        <ele>234.75</ele>
        <time>2016-10-04T05:07:21.914Z</time>
        <extensions>
          <gpxtpx:TrackPointExtension>
            <gpxtpx:Extensions>
              <reversedirection>yes</reversedirection>
              <highway>tertiary</highway>
              <surface>asphalt</surface>
              <maxspeed>70</maxspeed>
            </gpxtpx:Extensions>
          </gpxtpx:TrackPointExtension>
        </extensions>
      </trkpt>
      <trkpt lat="44.934785" lon="7.61882">
        <ele>234.75</ele>
        <time>2016-10-04T05:07:26.281Z</time>
        <extensions>
          <gpxtpx:TrackPointExtension>
            <gpxtpx:Extensions>
              <highway>tertiary</highway>
              <surface>asphalt</surface>
              <oneway>yes</oneway>
            </gpxtpx:Extensions>
          </gpxtpx:TrackPointExtension>
        </extensions>
      </trkpt>
      <trkpt lat="44.934815" lon="7.618892">
        <ele>234.5</ele>
        <time>2016-10-04T05:07:26.937Z</time>
        <extensions>
          <gpxtpx:TrackPointExtension>
            <gpxtpx:Extensions>
              <highway>tertiary</highway>
              <surface>asphalt</surface>
              <oneway>yes</oneway>
            </gpxtpx:Extensions>
          </gpxtpx:TrackPointExtension>
        </extensions>
      </trkpt>
      <trkpt lat="44.934848" lon="7.619039">
        <ele>234</ele>
        <time>2016-10-04T05:07:28.149Z</time>
        <extensions>
          <gpxtpx:TrackPointExtension>
            <gpxtpx:Extensions>
              <highway>tertiary</highway>
              <oneway>yes</oneway>
            </gpxtpx:Extensions>
          </gpxtpx:TrackPointExtension>
        </extensions>
      </trkpt>
      <trkpt lat="44.934851" lon="7.619175">
        <ele>233.75</ele>
        <time>2016-10-04T05:07:29.218Z</time>
        <extensions>
          <gpxtpx:TrackPointExtension>
            <gpxtpx:Extensions>
              <highway>tertiary</highway>
              <oneway>yes</oneway>
            </gpxtpx:Extensions>
          </gpxtpx:TrackPointExtension>
        </extensions>
      </trkpt>
      <trkpt lat="44.934855" lon="7.619213">
        <ele>233.75</ele>
        <time>2016-10-04T05:07:29.520Z</time>
        <extensions>
          <gpxtpx:TrackPointExtension>
            <gpxtpx:Extensions>
              <highway>tertiary</highway>
              <oneway>yes</oneway>
            </gpxtpx:Extensions>
          </gpxtpx:TrackPointExtension>
        </extensions>
      </trkpt>
      <trkpt lat="44.934859" lon="7.619235">
        <ele>233.75</ele>
        <time>2016-10-04T05:07:29.698Z</time>
        <extensions>
          <gpxtpx:TrackPointExtension>
            <gpxtpx:Extensions>
              <highway>tertiary</highway>
              <oneway>yes</oneway>
            </gpxtpx:Extensions>
          </gpxtpx:TrackPointExtension>
        </extensions>
      </trkpt>
      <trkpt lat="44.935149" lon="7.619374">
        <ele>234.5</ele>
        <time>2016-10-04T05:07:33.098Z</time>
        <extensions>
          <gpxtpx:TrackPointExtension>
            <gpxtpx:Extensions>
              <highway>tertiary</highway>
              <oneway>yes</oneway>
            </gpxtpx:Extensions>
          </gpxtpx:TrackPointExtension>
        </extensions>
      </trkpt>
      <trkpt lat="44.935215" lon="7.619439">
        <ele>234.75</ele>
        <time>2016-10-04T05:07:33.991Z</time>
        <extensions>
          <gpxtpx:TrackPointExtension>
            <gpxtpx:Extensions>
              <highway>tertiary</highway>
              <surface>asphalt</surface>
              <oneway>yes</oneway>
            </gpxtpx:Extensions>
          </gpxtpx:TrackPointExtension>
        </extensions>
      </trkpt>
      <trkpt lat="44.935276" lon="7.619469">
        <ele>234.75</ele>
        <time>2016-10-04T05:07:34.708Z</time>
        <extensions>
          <gpxtpx:TrackPointExtension>
            <gpxtpx:Extensions>
              <highway>tertiary</highway>
              <surface>asphalt</surface>
              <oneway>yes</oneway>
            </gpxtpx:Extensions>
          </gpxtpx:TrackPointExtension>
        </extensions>
      </trkpt>
      <trkpt lat="44.93553" lon="7.619637">
        <ele>235.25</ele>
        <time>2016-10-04T05:07:37.822Z</time>
        <extensions>
          <gpxtpx:TrackPointExtension>
            <gpxtpx:Extensions>
              <highway>tertiary</highway>
              <surface>asphalt</surface>
              <oneway>yes</oneway>
            </gpxtpx:Extensions>
          </gpxtpx:TrackPointExtension>
        </extensions>
      </trkpt>
      <trkpt lat="44.935744" lon="7.619812">
        <ele>235.75</ele>
        <time>2016-10-04T05:07:40.567Z</time>
        <extensions>
          <gpxtpx:TrackPointExtension>
            <gpxtpx:Extensions>
              <reversedirection>yes</reversedirection>
              <highway>tertiary</highway>
              <maxspeed>70</maxspeed>
            </gpxtpx:Extensions>
          </gpxtpx:TrackPointExtension>
        </extensions>
      </trkpt>
      <trkpt lat="44.936313" lon="7.620388">
        <ele>235</ele>
        <time>2016-10-04T05:07:48.339Z</time>
        <extensions>
          <gpxtpx:TrackPointExtension>
            <gpxtpx:Extensions>
              <reversedirection>yes</reversedirection>
              <highway>tertiary</highway>
              <maxspeed>70</maxspeed>
            </gpxtpx:Extensions>
          </gpxtpx:TrackPointExtension>
        </extensions>
      </trkpt>
      <trkpt lat="44.939115" lon="7.623292">
        <ele>232.75</ele>
        <time>2016-10-04T05:08:26.927Z</time>
        <extensions>
          <gpxtpx:TrackPointExtension>
            <gpxtpx:Extensions>
              <reversedirection>yes</reversedirection>
              <highway>tertiary</highway>
              <maxspeed>70</maxspeed>
            </gpxtpx:Extensions>
          </gpxtpx:TrackPointExtension>
        </extensions>
      </trkpt>
      <trkpt lat="44.939928" lon="7.624122">
        <ele>234.5</ele>
        <time>2016-10-04T05:08:38.064Z</time>
        <extensions>
          <gpxtpx:TrackPointExtension>
            <gpxtpx:Extensions>
              <reversedirection>yes</reversedirection>
              <highway>tertiary</highway>
              <maxspeed>70</maxspeed>
            </gpxtpx:Extensions>
          </gpxtpx:TrackPointExtension>
        </extensions>
      </trkpt>
      <trkpt lat="44.940353" lon="7.624555">
        <ele>232.25</ele>
        <time>2016-10-04T05:08:43.882Z</time>
        <extensions>
          <gpxtpx:TrackPointExtension>
            <gpxtpx:Extensions>
              <reversedirection>yes</reversedirection>
              <highway>tertiary</highway>
              <maxspeed>70</maxspeed>
            </gpxtpx:Extensions>
          </gpxtpx:TrackPointExtension>
        </extensions>
      </trkpt>
      <trkpt lat="44.941108" lon="7.625327">
        <ele>231.75</ele>
        <time>2016-10-04T05:08:54.230Z</time>
        <extensions>
          <gpxtpx:TrackPointExtension>
            <gpxtpx:Extensions>
              <reversedirection>yes</reversedirection>
              <highway>tertiary</highway>
              <maxspeed>70</maxspeed>
            </gpxtpx:Extensions>
          </gpxtpx:TrackPointExtension>
        </extensions>
      </trkpt>
      <trkpt lat="44.941346" lon="7.62557">
        <ele>233</ele>
        <time>2016-10-04T05:08:57.490Z</time>
        <extensions>
          <gpxtpx:TrackPointExtension>
            <gpxtpx:Extensions>
              <reversedirection>yes</reversedirection>
              <highway>tertiary</highway>
              <maxspeed>70</maxspeed>
            </gpxtpx:Extensions>
          </gpxtpx:TrackPointExtension>
        </extensions>
      </trkpt>
      <trkpt lat="44.941477" lon="7.625707">
        <ele>233.5</ele>
        <time>2016-10-04T05:08:59.299Z</time>
        <extensions>
          <gpxtpx:TrackPointExtension>
            <gpxtpx:Extensions>
              <reversedirection>yes</reversedirection>
              <highway>tertiary</highway>
              <maxspeed>70</maxspeed>
            </gpxtpx:Extensions>
          </gpxtpx:TrackPointExtension>
        </extensions>
      </trkpt>
      <trkpt lat="44.941959" lon="7.62621">
        <ele>234.75</ele>
        <time>2016-10-04T05:09:05.952Z</time>
        <extensions>
          <gpxtpx:TrackPointExtension>
            <gpxtpx:Extensions>
              <reversedirection>yes</reversedirection>
              <highway>tertiary</highway>
              <maxspeed>70</maxspeed>
            </gpxtpx:Extensions>
          </gpxtpx:TrackPointExtension>
        </extensions>
      </trkpt>
      <trkpt lat="44.942762" lon="7.627031">
        <ele>235.25</ele>
        <time>2016-10-04T05:09:16.958Z</time>
        <extensions>
          <gpxtpx:TrackPointExtension>
            <gpxtpx:Extensions>
              <reversedirection>yes</reversedirection>
              <highway>tertiary</highway>
              <maxspeed>70</maxspeed>
            </gpxtpx:Extensions>
          </gpxtpx:TrackPointExtension>
        </extensions>
      </trkpt>
      <trkpt lat="44.942965" lon="7.627236">
        <ele>235.5</ele>
        <time>2016-10-04T05:09:19.728Z</time>
        <extensions>
          <gpxtpx:TrackPointExtension>
            <gpxtpx:Extensions>
              <highway>tertiary</highway>
              <surface>asphalt</surface>
              <oneway>yes</oneway>
            </gpxtpx:Extensions>
          </gpxtpx:TrackPointExtension>
        </extensions>
      </trkpt>
      <trkpt lat="44.943247" lon="7.62754">
        <ele>235.75</ele>
        <time>2016-10-04T05:09:23.666Z</time>
        <extensions>
          <gpxtpx:TrackPointExtension>
            <gpxtpx:Extensions>
              <highway>tertiary</highway>
              <surface>asphalt</surface>
              <oneway>yes</oneway>
            </gpxtpx:Extensions>
          </gpxtpx:TrackPointExtension>
        </extensions>
      </trkpt>
      <trkpt lat="44.943356" lon="7.627649">
        <ele>235.75</ele>
        <time>2016-10-04T05:09:25.148Z</time>
        <extensions>
          <gpxtpx:TrackPointExtension>
            <gpxtpx:Extensions>
              <highway>tertiary</highway>
              <junction>roundabout</junction>
            </gpxtpx:Extensions>
          </gpxtpx:TrackPointExtension>
        </extensions>
      </trkpt>
      <trkpt lat="44.943357" lon="7.627686">
        <ele>235.5</ele>
        <time>2016-10-04T05:09:25.438Z</time>
        <extensions>
          <gpxtpx:TrackPointExtension>
            <gpxtpx:Extensions>
              <highway>tertiary</highway>
              <junction>roundabout</junction>
            </gpxtpx:Extensions>
          </gpxtpx:TrackPointExtension>
        </extensions>
      </trkpt>
      <trkpt lat="44.943358" lon="7.627715">
        <ele>235.5</ele>
        <time>2016-10-04T05:09:25.666Z</time>
        <extensions>
          <gpxtpx:TrackPointExtension>
            <gpxtpx:Extensions>
              <highway>tertiary</highway>
              <junction>roundabout</junction>
            </gpxtpx:Extensions>
          </gpxtpx:TrackPointExtension>
        </extensions>
      </trkpt>
      <trkpt lat="44.943374" lon="7.627775">
        <ele>235.5</ele>
        <time>2016-10-04T05:09:26.169Z</time>
        <extensions>
          <gpxtpx:TrackPointExtension>
            <gpxtpx:Extensions>
              <highway>tertiary</highway>
              <junction>roundabout</junction>
            </gpxtpx:Extensions>
          </gpxtpx:TrackPointExtension>
        </extensions>
      </trkpt>
      <trkpt lat="44.943403" lon="7.627825">
        <ele>235.25</ele>
        <time>2016-10-04T05:09:26.677Z</time>
        <extensions>
          <gpxtpx:TrackPointExtension>
            <gpxtpx:Extensions>
              <highway>tertiary</highway>
              <junction>roundabout</junction>
            </gpxtpx:Extensions>
          </gpxtpx:TrackPointExtension>
        </extensions>
      </trkpt>
      <trkpt lat="44.943433" lon="7.627852">
        <ele>235.25</ele>
        <time>2016-10-04T05:09:27.419Z</time>
        <extensions>
          <gpxtpx:TrackPointExtension>
            <gpxtpx:Extensions>
              <highway>tertiary</highway>
              <junction>roundabout</junction>
            </gpxtpx:Extensions>
          </gpxtpx:TrackPointExtension>
        </extensions>
      </trkpt>
      <trkpt lat="44.943432" lon="7.627851">
        <ele>235.25</ele>
        <time>2016-10-04T05:09:27.444Z</time>
        <extensions>
          <gpxtpx:TrackPointExtension>
            <gpxtpx:Extensions>
              <highway>tertiary</highway>
              <junction>roundabout</junction>
            </gpxtpx:Extensions>
          </gpxtpx:TrackPointExtension>
        </extensions>
      </trkpt>
      <trkpt lat="44.943442" lon="7.62786">
        <ele>235.25</ele>
        <time>2016-10-04T05:09:27.691Z</time>
        <extensions>
          <gpxtpx:TrackPointExtension>
            <gpxtpx:Extensions>
              <highway>tertiary</highway>
              <junction>roundabout</junction>
            </gpxtpx:Extensions>
          </gpxtpx:TrackPointExtension>
        </extensions>
      </trkpt>
      <trkpt lat="44.943486" lon="7.627876">
        <ele>235</ele>
        <time>2016-10-04T05:09:28.639Z</time>
        <extensions>
          <gpxtpx:TrackPointExtension>
            <gpxtpx:Extensions>
              <highway>tertiary</highway>
              <junction>roundabout</junction>
            </gpxtpx:Extensions>
          </gpxtpx:TrackPointExtension>
        </extensions>
      </trkpt>
      <trkpt lat="44.943532" lon="7.627872">
        <ele>235</ele>
        <time>2016-10-04T05:09:29.600Z</time>
        <extensions>
          <gpxtpx:TrackPointExtension>
            <gpxtpx:Extensions>
              <highway>tertiary</highway>
              <junction>roundabout</junction>
            </gpxtpx:Extensions>
          </gpxtpx:TrackPointExtension>
        </extensions>
      </trkpt>
      <trkpt lat="44.94358" lon="7.627842">
        <ele>234.75</ele>
        <time>2016-10-04T05:09:30.695Z</time>
        <extensions>
          <gpxtpx:TrackPointExtension>
            <gpxtpx:Extensions>
              <highway>tertiary</highway>
              <oneway>yes</oneway>
            </gpxtpx:Extensions>
          </gpxtpx:TrackPointExtension>
        </extensions>
      </trkpt>
      <trkpt lat="44.943732" lon="7.627778">
        <ele>234.5</ele>
        <time>2016-10-04T05:09:34.004Z</time>
        <extensions>
          <gpxtpx:TrackPointExtension>
            <gpxtpx:Extensions>
              <highway>unclassified</highway>
              <surface>asphalt</surface>
              <oneway>yes</oneway>
            </gpxtpx:Extensions>
          </gpxtpx:TrackPointExtension>
        </extensions>
      </trkpt>
      <trkpt lat="44.943894" lon="7.627811">
        <ele>234</ele>
        <time>2016-10-04T05:09:37.419Z</time>
        <extensions>
          <gpxtpx:TrackPointExtension>
            <gpxtpx:Extensions>
              <highway>unclassified</highway>
              <surface>asphalt</surface>
              <oneway>yes</oneway>
            </gpxtpx:Extensions>
          </gpxtpx:TrackPointExtension>
        </extensions>
      </trkpt>
      <trkpt lat="44.944009" lon="7.627862">
        <ele>233.75</ele>
        <time>2016-10-04T05:09:39.934Z</time>
        <extensions>
          <gpxtpx:TrackPointExtension>
            <gpxtpx:Extensions>
              <highway>unclassified</highway>
              <surface>asphalt</surface>
              <oneway>yes</oneway>
            </gpxtpx:Extensions>
          </gpxtpx:TrackPointExtension>
        </extensions>
      </trkpt>
      <trkpt lat="44.944327" lon="7.628117">
        <ele>233.75</ele>
        <time>2016-10-04T05:09:47.564Z</time>
        <extensions>
          <gpxtpx:TrackPointExtension>
            <gpxtpx:Extensions>
              <highway>unclassified</highway>
              <surface>asphalt</surface>
              <oneway>yes</oneway>
            </gpxtpx:Extensions>
          </gpxtpx:TrackPointExtension>
        </extensions>
      </trkpt>
      <trkpt lat="44.944416" lon="7.62822">
        <ele>234</ele>
        <time>2016-10-04T05:09:49.964Z</time>
        <extensions>
          <gpxtpx:TrackPointExtension>
            <gpxtpx:Extensions>
              <highway>unclassified</highway>
              <surface>asphalt</surface>
              <oneway>yes</oneway>
            </gpxtpx:Extensions>
          </gpxtpx:TrackPointExtension>
        </extensions>
      </trkpt>
      <trkpt lat="44.944486" lon="7.628355">
        <ele>234.25</ele>
        <time>2016-10-04T05:09:52.435Z</time>
        <extensions>
          <gpxtpx:TrackPointExtension>
            <gpxtpx:Extensions>
              <highway>unclassified</highway>
              <surface>asphalt</surface>
              <oneway>yes</oneway>
            </gpxtpx:Extensions>
          </gpxtpx:TrackPointExtension>
        </extensions>
      </trkpt>
      <trkpt lat="44.944543" lon="7.62851">
        <ele>234.5</ele>
        <time>2016-10-04T05:09:55.014Z</time>
        <extensions>
          <gpxtpx:TrackPointExtension>
            <gpxtpx:Extensions>
              <highway>unclassified</highway>
              <surface>asphalt</surface>
              <oneway>yes</oneway>
            </gpxtpx:Extensions>
          </gpxtpx:TrackPointExtension>
        </extensions>
      </trkpt>
      <trkpt lat="44.944619" lon="7.628851">
        <ele>235</ele>
        <time>2016-10-04T05:10:00.294Z</time>
        <extensions>
          <gpxtpx:TrackPointExtension>
            <gpxtpx:Extensions>
              <highway>unclassified</highway>
              <surface>asphalt</surface>
              <oneway>yes</oneway>
            </gpxtpx:Extensions>
          </gpxtpx:TrackPointExtension>
        </extensions>
      </trkpt>
      <trkpt lat="44.944661" lon="7.628973">
        <ele>235.25</ele>
        <time>2016-10-04T05:10:02.297Z</time>
        <extensions>
          <gpxtpx:TrackPointExtension>
            <gpxtpx:Extensions>
              <highway>unclassified</highway>
              <surface>asphalt</surface>
              <oneway>yes</oneway>
            </gpxtpx:Extensions>
          </gpxtpx:TrackPointExtension>
        </extensions>
      </trkpt>
      <trkpt lat="44.944674" lon="7.62904">
        <ele>235.25</ele>
        <time>2016-10-04T05:10:03.322Z</time>
        <extensions>
          <gpxtpx:TrackPointExtension>
            <gpxtpx:Extensions>
              <highway>unclassified</highway>
              <surface>asphalt</surface>
              <oneway>yes</oneway>
            </gpxtpx:Extensions>
          </gpxtpx:TrackPointExtension>
        </extensions>
      </trkpt>
      <trkpt lat="44.944676" lon="7.629122">
        <ele>235.5</ele>
        <time>2016-10-04T05:10:04.533Z</time>
        <extensions>
          <gpxtpx:TrackPointExtension>
            <gpxtpx:Extensions>
              <highway>unclassified</highway>
              <surface>asphalt</surface>
            </gpxtpx:Extensions>
          </gpxtpx:TrackPointExtension>
        </extensions>
      </trkpt>
      <trkpt lat="44.944766" lon="7.629242">
        <ele>235.5</ele>
        <time>2016-10-04T05:10:07.115Z</time>
        <extensions>
          <gpxtpx:TrackPointExtension>
            <gpxtpx:Extensions>
              <highway>unclassified</highway>
              <surface>asphalt</surface>
            </gpxtpx:Extensions>
          </gpxtpx:TrackPointExtension>
        </extensions>
      </trkpt>
      <trkpt lat="44.944896" lon="7.629516">
        <ele>235.5</ele>
        <time>2016-10-04T05:10:11.987Z</time>
        <extensions>
          <gpxtpx:TrackPointExtension>
            <gpxtpx:Extensions>
              <highway>unclassified</highway>
              <surface>asphalt</surface>
            </gpxtpx:Extensions>
          </gpxtpx:TrackPointExtension>
        </extensions>
      </trkpt>
      <trkpt lat="44.945125" lon="7.629968">
        <ele>234.5</ele>
        <time>2016-10-04T05:10:20.197Z</time>
        <extensions>
          <gpxtpx:TrackPointExtension>
            <gpxtpx:Extensions>
              <highway>unclassified</highway>
              <surface>asphalt</surface>
            </gpxtpx:Extensions>
          </gpxtpx:TrackPointExtension>
        </extensions>
      </trkpt>
      <trkpt lat="44.945474" lon="7.630735">
        <ele>234</ele>
        <time>2016-10-04T05:10:33.664Z</time>
        <extensions>
          <gpxtpx:TrackPointExtension>
            <gpxtpx:Extensions>
              <highway>unclassified</highway>
              <surface>asphalt</surface>
            </gpxtpx:Extensions>
          </gpxtpx:TrackPointExtension>
        </extensions>
      </trkpt>
      <trkpt lat="44.945517" lon="7.630828">
        <ele>234</ele>
        <time>2016-10-04T05:10:35.304Z</time>
        <extensions>
          <gpxtpx:TrackPointExtension>
            <gpxtpx:Extensions>
              <highway>unclassified</highway>
              <surface>asphalt</surface>
            </gpxtpx:Extensions>
          </gpxtpx:TrackPointExtension>
        </extensions>
      </trkpt>
      <trkpt lat="44.945657" lon="7.631135">
        <ele>233.75</ele>
        <time>2016-10-04T05:10:40.698Z</time>
        <extensions>
          <gpxtpx:TrackPointExtension>
            <gpxtpx:Extensions>
              <highway>unclassified</highway>
              <surface>asphalt</surface>
            </gpxtpx:Extensions>
          </gpxtpx:TrackPointExtension>
        </extensions>
      </trkpt>
      <trkpt lat="44.945878" lon="7.631544">
        <ele>233.75</ele>
        <time>2016-10-04T05:10:48.298Z</time>
        <extensions>
          <gpxtpx:TrackPointExtension>
            <gpxtpx:Extensions>
              <highway>unclassified</highway>
              <surface>asphalt</surface>
            </gpxtpx:Extensions>
          </gpxtpx:TrackPointExtension>
        </extensions>
      </trkpt>
      <trkpt lat="44.946055" lon="7.631874">
        <ele>234</ele>
        <time>2016-10-04T05:10:54.413Z</time>
        <extensions>
          <gpxtpx:TrackPointExtension>
            <gpxtpx:Extensions>
              <highway>unclassified</highway>
              <surface>asphalt</surface>
            </gpxtpx:Extensions>
          </gpxtpx:TrackPointExtension>
        </extensions>
      </trkpt>
      <trkpt lat="44.946267" lon="7.632308">
        <ele>234</ele>
        <time>2016-10-04T05:11:02.201Z</time>
        <extensions>
          <gpxtpx:TrackPointExtension>
            <gpxtpx:Extensions>
              <highway>unclassified</highway>
              <surface>asphalt</surface>
            </gpxtpx:Extensions>
          </gpxtpx:TrackPointExtension>
        </extensions>
      </trkpt>
      <trkpt lat="44.946419" lon="7.632583">
        <ele>233.75</ele>
        <time>2016-10-04T05:11:07.354Z</time>
        <extensions>
          <gpxtpx:TrackPointExtension>
            <gpxtpx:Extensions>
              <highway>unclassified</highway>
              <surface>asphalt</surface>
            </gpxtpx:Extensions>
          </gpxtpx:TrackPointExtension>
        </extensions>
      </trkpt>
      <trkpt lat="44.946448" lon="7.632658">
        <ele>233.75</ele>
        <time>2016-10-04T05:11:08.602Z</time>
        <extensions>
          <gpxtpx:TrackPointExtension>
            <gpxtpx:Extensions>
              <reversedirection>yes</reversedirection>
              <highway>unclassified</highway>
              <surface>asphalt</surface>
            </gpxtpx:Extensions>
          </gpxtpx:TrackPointExtension>
        </extensions>
      </trkpt>
      <trkpt lat="44.946448" lon="7.632658">
        <ele>233.75</ele>
        <time>2016-10-04T05:11:08.602Z</time>
        <extensions>
          <gpxtpx:TrackPointExtension>
            <gpxtpx:Extensions>
              <reversedirection>yes</reversedirection>
              <highway>unclassified</highway>
              <surface>asphalt</surface>
            </gpxtpx:Extensions>
          </gpxtpx:TrackPointExtension>
        </extensions>
      </trkpt>
      <trkpt lat="44.946377" lon="7.632756">
        <ele>233.75</ele>
        <time>2016-10-04T05:11:10.649Z</time>
        <extensions>
          <gpxtpx:TrackPointExtension>
            <gpxtpx:Extensions>
              <reversedirection>yes</reversedirection>
              <highway>unclassified</highway>
              <surface>asphalt</surface>
            </gpxtpx:Extensions>
          </gpxtpx:TrackPointExtension>
        </extensions>
      </trkpt>
      <trkpt lat="44.946164" lon="7.633132">
        <ele>233.5</ele>
        <time>2016-10-04T05:11:17.681Z</time>
        <extensions>
          <gpxtpx:TrackPointExtension>
            <gpxtpx:Extensions>
              <reversedirection>yes</reversedirection>
              <highway>unclassified</highway>
              <surface>asphalt</surface>
            </gpxtpx:Extensions>
          </gpxtpx:TrackPointExtension>
        </extensions>
      </trkpt>
      <trkpt lat="44.945978" lon="7.633518">
        <ele>234</ele>
        <time>2016-10-04T05:11:24.499Z</time>
        <extensions>
          <gpxtpx:TrackPointExtension>
            <gpxtpx:Extensions>
              <reversedirection>yes</reversedirection>
              <highway>unclassified</highway>
              <surface>asphalt</surface>
            </gpxtpx:Extensions>
          </gpxtpx:TrackPointExtension>
        </extensions>
      </trkpt>
      <trkpt lat="44.945702" lon="7.633979">
        <ele>234.75</ele>
        <time>2016-10-04T05:11:33.316Z</time>
        <extensions>
          <gpxtpx:TrackPointExtension>
            <gpxtpx:Extensions>
              <reversedirection>yes</reversedirection>
              <highway>unclassified</highway>
              <surface>asphalt</surface>
            </gpxtpx:Extensions>
          </gpxtpx:TrackPointExtension>
        </extensions>
      </trkpt>
      <trkpt lat="44.945531" lon="7.634169">
        <ele>235</ele>
        <time>2016-10-04T05:11:37.804Z</time>
        <extensions>
          <gpxtpx:TrackPointExtension>
            <gpxtpx:Extensions>
              <reversedirection>yes</reversedirection>
              <highway>residential</highway>
              <surface>asphalt</surface>
            </gpxtpx:Extensions>
          </gpxtpx:TrackPointExtension>
        </extensions>
      </trkpt>
      <trkpt lat="44.945411" lon="7.634295">
        <ele>235</ele>
        <time>2016-10-04T05:11:40.888Z</time>
        <extensions>
          <gpxtpx:TrackPointExtension>
            <gpxtpx:Extensions>
              <reversedirection>yes</reversedirection>
              <highway>residential</highway>
              <surface>asphalt</surface>
            </gpxtpx:Extensions>
          </gpxtpx:TrackPointExtension>
        </extensions>
      </trkpt>
      <trkpt lat="44.944856" lon="7.634985">
        <ele>235</ele>
        <time>2016-10-04T05:11:56.140Z</time>
        <extensions>
          <gpxtpx:TrackPointExtension>
            <gpxtpx:Extensions>
              <reversedirection>yes</reversedirection>
              <highway>residential</highway>
              <surface>asphalt</surface>
            </gpxtpx:Extensions>
          </gpxtpx:TrackPointExtension>
        </extensions>
      </trkpt>
      <trkpt lat="44.944656" lon="7.635342">
        <ele>235.25</ele>
        <time>2016-10-04T05:12:02.788Z</time>
        <extensions>
          <gpxtpx:TrackPointExtension>
            <gpxtpx:Extensions>
              <reversedirection>yes</reversedirection>
              <highway>residential</highway>
              <surface>asphalt</surface>
            </gpxtpx:Extensions>
          </gpxtpx:TrackPointExtension>
        </extensions>
      </trkpt>
      <trkpt lat="44.944611" lon="7.635492">
        <ele>235.25</ele>
        <time>2016-10-04T05:12:05.167Z</time>
        <extensions>
          <gpxtpx:TrackPointExtension>
            <gpxtpx:Extensions>
              <reversedirection>yes</reversedirection>
              <highway>residential</highway>
              <surface>asphalt</surface>
            </gpxtpx:Extensions>
          </gpxtpx:TrackPointExtension>
        </extensions>
      </trkpt>
      <trkpt lat="44.944563" lon="7.635611">
        <ele>235.5</ele>
        <time>2016-10-04T05:12:07.167Z</time>
        <extensions>
          <gpxtpx:TrackPointExtension>
            <gpxtpx:Extensions>
              <reversedirection>yes</reversedirection>
              <highway>residential</highway>
              <surface>asphalt</surface>
            </gpxtpx:Extensions>
          </gpxtpx:TrackPointExtension>
        </extensions>
      </trkpt>
      <trkpt lat="44.94439" lon="7.63619">
        <ele>235.5</ele>
        <time>2016-10-04T05:12:16.344Z</time>
        <extensions>
          <gpxtpx:TrackPointExtension>
            <gpxtpx:Extensions>
              <reversedirection>yes</reversedirection>
              <highway>residential</highway>
              <surface>asphalt</surface>
            </gpxtpx:Extensions>
          </gpxtpx:TrackPointExtension>
        </extensions>
      </trkpt>
      <trkpt lat="44.944253" lon="7.636554">
        <ele>235.75</ele>
        <time>2016-10-04T05:12:22.364Z</time>
        <extensions>
          <gpxtpx:TrackPointExtension>
            <gpxtpx:Extensions>
              <reversedirection>yes</reversedirection>
              <highway>residential</highway>
              <surface>asphalt</surface>
            </gpxtpx:Extensions>
          </gpxtpx:TrackPointExtension>
        </extensions>
      </trkpt>
      <trkpt lat="44.943976" lon="7.637189">
        <ele>235.5</ele>
        <time>2016-10-04T05:12:31.860Z</time>
        <extensions>
          <gpxtpx:TrackPointExtension>
            <gpxtpx:Extensions>
              <reversedirection>yes</reversedirection>
              <highway>residential</highway>
              <surface>asphalt</surface>
            </gpxtpx:Extensions>
          </gpxtpx:TrackPointExtension>
        </extensions>
      </trkpt>
      <trkpt lat="44.943976" lon="7.637189">
        <ele>235.5</ele>
        <time>2016-10-04T05:12:31.860Z</time>
        <extensions>
          <gpxtpx:TrackPointExtension>
            <gpxtpx:Extensions>
              <reversedirection>yes</reversedirection>
              <highway>residential</highway>
              <surface>asphalt</surface>
            </gpxtpx:Extensions>
          </gpxtpx:TrackPointExtension>
        </extensions>
      </trkpt>
      <trkpt lat="44.943975" lon="7.637192">
        <ele>235.5</ele>
        <time>2016-10-04T05:12:31.903Z</time>
        <extensions>
          <gpxtpx:TrackPointExtension>
            <gpxtpx:Extensions>
              <reversedirection>yes</reversedirection>
              <highway>tertiary</highway>
            </gpxtpx:Extensions>
          </gpxtpx:TrackPointExtension>
        </extensions>
      </trkpt>
      <trkpt lat="44.944508" lon="7.637436">
        <ele>235.25</ele>
        <time>2016-10-04T05:12:41.981Z</time>
        <extensions>
          <gpxtpx:TrackPointExtension>
            <gpxtpx:Extensions>
              <reversedirection>yes</reversedirection>
              <highway>tertiary</highway>
            </gpxtpx:Extensions>
          </gpxtpx:TrackPointExtension>
        </extensions>
      </trkpt>
      <trkpt lat="44.944737" lon="7.637527">
        <ele>235.5</ele>
        <time>2016-10-04T05:12:46.259Z</time>
        <extensions>
          <gpxtpx:TrackPointExtension>
            <gpxtpx:Extensions>
              <reversedirection>yes</reversedirection>
              <highway>tertiary</highway>
            </gpxtpx:Extensions>
          </gpxtpx:TrackPointExtension>
        </extensions>
      </trkpt>
      <trkpt lat="44.945499" lon="7.637635">
        <ele>236</ele>
        <time>2016-10-04T05:13:00.034Z</time>
        <extensions>
          <gpxtpx:TrackPointExtension>
            <gpxtpx:Extensions>
              <reversedirection>yes</reversedirection>
              <highway>tertiary</highway>
            </gpxtpx:Extensions>
          </gpxtpx:TrackPointExtension>
        </extensions>
      </trkpt>
      <trkpt lat="44.946058" lon="7.637721">
        <ele>236</ele>
        <time>2016-10-04T05:13:10.148Z</time>
        <extensions>
          <gpxtpx:TrackPointExtension>
            <gpxtpx:Extensions>
              <reversedirection>yes</reversedirection>
              <highway>tertiary</highway>
            </gpxtpx:Extensions>
          </gpxtpx:TrackPointExtension>
        </extensions>
      </trkpt>
      <trkpt lat="44.946513" lon="7.637801">
        <ele>236.5</ele>
        <time>2016-10-04T05:13:18.395Z</time>
        <extensions>
          <gpxtpx:TrackPointExtension>
            <gpxtpx:Extensions>
              <reversedirection>yes</reversedirection>
              <highway>tertiary</highway>
            </gpxtpx:Extensions>
          </gpxtpx:TrackPointExtension>
        </extensions>
      </trkpt>
      <trkpt lat="44.946924" lon="7.637908">
        <ele>236.75</ele>
        <time>2016-10-04T05:13:25.912Z</time>
        <extensions>
          <gpxtpx:TrackPointExtension>
            <gpxtpx:Extensions>
              <reversedirection>yes</reversedirection>
              <highway>tertiary</highway>
            </gpxtpx:Extensions>
          </gpxtpx:TrackPointExtension>
        </extensions>
      </trkpt>
      <trkpt lat="44.947194" lon="7.638031">
        <ele>237</ele>
        <time>2016-10-04T05:13:31.014Z</time>
        <extensions>
          <gpxtpx:TrackPointExtension>
            <gpxtpx:Extensions>
              <reversedirection>yes</reversedirection>
              <highway>tertiary</highway>
            </gpxtpx:Extensions>
          </gpxtpx:TrackPointExtension>
        </extensions>
      </trkpt>
      <trkpt lat="44.947495" lon="7.638151">
        <ele>237</ele>
        <time>2016-10-04T05:13:36.639Z</time>
        <extensions>
          <gpxtpx:TrackPointExtension>
            <gpxtpx:Extensions>
              <reversedirection>yes</reversedirection>
              <highway>tertiary</highway>
            </gpxtpx:Extensions>
          </gpxtpx:TrackPointExtension>
        </extensions>
      </trkpt>
      <trkpt lat="44.947835" lon="7.638301">
        <ele>236.5</ele>
        <time>2016-10-04T05:13:43.045Z</time>
        <extensions>
          <gpxtpx:TrackPointExtension>
            <gpxtpx:Extensions>
              <reversedirection>yes</reversedirection>
              <highway>tertiary</highway>
            </gpxtpx:Extensions>
          </gpxtpx:TrackPointExtension>
        </extensions>
      </trkpt>
      <trkpt lat="44.948687" lon="7.638889">
        <ele>235.25</ele>
        <time>2016-10-04T05:14:00.100Z</time>
        <extensions>
          <gpxtpx:TrackPointExtension>
            <gpxtpx:Extensions>
              <reversedirection>yes</reversedirection>
              <highway>tertiary</highway>
            </gpxtpx:Extensions>
          </gpxtpx:TrackPointExtension>
        </extensions>
      </trkpt>
      <trkpt lat="44.948804" lon="7.638918">
        <ele>235</ele>
        <time>2016-10-04T05:14:02.236Z</time>
        <extensions>
          <gpxtpx:TrackPointExtension>
            <gpxtpx:Extensions>
              <reversedirection>yes</reversedirection>
              <highway>tertiary</highway>
            </gpxtpx:Extensions>
          </gpxtpx:TrackPointExtension>
        </extensions>
      </trkpt>
      <trkpt lat="44.949384" lon="7.639008">
        <ele>233.75</ele>
        <time>2016-10-04T05:14:12.731Z</time>
        <extensions>
          <gpxtpx:TrackPointExtension>
            <gpxtpx:Extensions>
              <highway>tertiary</highway>
              <oneway>yes</oneway>
            </gpxtpx:Extensions>
          </gpxtpx:TrackPointExtension>
        </extensions>
      </trkpt>
      <trkpt lat="44.949448" lon="7.639044">
        <ele>233.75</ele>
        <time>2016-10-04T05:14:13.970Z</time>
        <extensions>
          <gpxtpx:TrackPointExtension>
            <gpxtpx:Extensions>
              <highway>tertiary</highway>
              <oneway>yes</oneway>
            </gpxtpx:Extensions>
          </gpxtpx:TrackPointExtension>
        </extensions>
      </trkpt>
      <trkpt lat="44.949494" lon="7.63908">
        <ele>233.5</ele>
        <time>2016-10-04T05:14:14.784Z</time>
        <extensions>
          <gpxtpx:TrackPointExtension>
            <gpxtpx:Extensions>
              <highway>tertiary</highway>
              <oneway>yes</oneway>
            </gpxtpx:Extensions>
          </gpxtpx:TrackPointExtension>
        </extensions>
      </trkpt>
      <trkpt lat="44.949493" lon="7.639079">
        <ele>233.5</ele>
        <time>2016-10-04T05:14:14.802Z</time>
        <extensions>
          <gpxtpx:TrackPointExtension>
            <gpxtpx:Extensions>
              <highway>tertiary</highway>
              <oneway>yes</oneway>
            </gpxtpx:Extensions>
          </gpxtpx:TrackPointExtension>
        </extensions>
      </trkpt>
      <trkpt lat="44.949504" lon="7.639087">
        <ele>233.5</ele>
        <time>2016-10-04T05:14:14.993Z</time>
        <extensions>
          <gpxtpx:TrackPointExtension>
            <gpxtpx:Extensions>
              <highway>tertiary</highway>
              <junction>roundabout</junction>
            </gpxtpx:Extensions>
          </gpxtpx:TrackPointExtension>
        </extensions>
      </trkpt>
      <trkpt lat="44.949531" lon="7.639114">
        <ele>233.5</ele>
        <time>2016-10-04T05:14:15.505Z</time>
        <extensions>
          <gpxtpx:TrackPointExtension>
            <gpxtpx:Extensions>
              <highway>tertiary</highway>
              <oneway>yes</oneway>
            </gpxtpx:Extensions>
          </gpxtpx:TrackPointExtension>
        </extensions>
      </trkpt>
      <trkpt lat="44.949562" lon="7.639183">
        <ele>233.5</ele>
        <time>2016-10-04T05:14:16.401Z</time>
        <extensions>
          <gpxtpx:TrackPointExtension>
            <gpxtpx:Extensions>
              <highway>tertiary</highway>
              <oneway>yes</oneway>
            </gpxtpx:Extensions>
          </gpxtpx:TrackPointExtension>
        </extensions>
      </trkpt>
      <trkpt lat="44.949588" lon="7.639288">
        <ele>233.5</ele>
        <time>2016-10-04T05:14:17.620Z</time>
        <extensions>
          <gpxtpx:TrackPointExtension>
            <gpxtpx:Extensions>
              <highway>tertiary</highway>
            </gpxtpx:Extensions>
          </gpxtpx:TrackPointExtension>
        </extensions>
      </trkpt>
      <trkpt lat="44.949734" lon="7.640435">
        <ele>233</ele>
        <time>2016-10-04T05:14:30.399Z</time>
        <extensions>
          <gpxtpx:TrackPointExtension>
            <gpxtpx:Extensions>
              <highway>tertiary</highway>
            </gpxtpx:Extensions>
          </gpxtpx:TrackPointExtension>
        </extensions>
      </trkpt>
      <trkpt lat="44.949771" lon="7.640718">
        <ele>232.5</ele>
        <time>2016-10-04T05:14:33.554Z</time>
        <extensions>
          <gpxtpx:TrackPointExtension>
            <gpxtpx:Extensions>
              <highway>tertiary</highway>
            </gpxtpx:Extensions>
          </gpxtpx:TrackPointExtension>
        </extensions>
      </trkpt>
      <trkpt lat="44.949859" lon="7.641381">
        <ele>231.5</ele>
        <time>2016-10-04T05:14:40.950Z</time>
        <extensions>
          <gpxtpx:TrackPointExtension>
            <gpxtpx:Extensions>
              <highway>tertiary</highway>
            </gpxtpx:Extensions>
          </gpxtpx:TrackPointExtension>
        </extensions>
      </trkpt>
      <trkpt lat="44.949896" lon="7.641642">
        <ele>231</ele>
        <time>2016-10-04T05:14:43.868Z</time>
        <extensions>
          <gpxtpx:TrackPointExtension>
            <gpxtpx:Extensions>
              <highway>tertiary</highway>
            </gpxtpx:Extensions>
          </gpxtpx:TrackPointExtension>
        </extensions>
      </trkpt>
      <trkpt lat="44.949953" lon="7.642115">
        <ele>230.75</ele>
        <time>2016-10-04T05:14:49.129Z</time>
        <extensions>
          <gpxtpx:TrackPointExtension>
            <gpxtpx:Extensions>
              <highway>tertiary</highway>
            </gpxtpx:Extensions>
          </gpxtpx:TrackPointExtension>
        </extensions>
      </trkpt>
      <trkpt lat="44.950005" lon="7.642565">
        <ele>230.75</ele>
        <time>2016-10-04T05:14:54.128Z</time>
        <extensions>
          <gpxtpx:TrackPointExtension>
            <gpxtpx:Extensions>
              <highway>tertiary</highway>
            </gpxtpx:Extensions>
          </gpxtpx:TrackPointExtension>
        </extensions>
      </trkpt>
      <trkpt lat="44.950149" lon="7.643661">
        <ele>230.25</ele>
        <time>2016-10-04T05:15:06.351Z</time>
        <extensions>
          <gpxtpx:TrackPointExtension>
            <gpxtpx:Extensions>
              <highway>tertiary</highway>
              <oneway>yes</oneway>
            </gpxtpx:Extensions>
          </gpxtpx:TrackPointExtension>
        </extensions>
      </trkpt>
      <trkpt lat="44.950169" lon="7.64393">
        <ele>230</ele>
        <time>2016-10-04T05:15:09.316Z</time>
        <extensions>
          <gpxtpx:TrackPointExtension>
            <gpxtpx:Extensions>
              <highway>tertiary</highway>
              <junction>roundabout</junction>
            </gpxtpx:Extensions>
          </gpxtpx:TrackPointExtension>
        </extensions>
      </trkpt>
      <trkpt lat="44.950148" lon="7.643953">
        <ele>230</ele>
        <time>2016-10-04T05:15:09.727Z</time>
        <extensions>
          <gpxtpx:TrackPointExtension>
            <gpxtpx:Extensions>
              <highway>tertiary</highway>
              <junction>roundabout</junction>
            </gpxtpx:Extensions>
          </gpxtpx:TrackPointExtension>
        </extensions>
      </trkpt>
      <trkpt lat="44.950133" lon="7.643985">
        <ele>230</ele>
        <time>2016-10-04T05:15:10.147Z</time>
        <extensions>
          <gpxtpx:TrackPointExtension>
            <gpxtpx:Extensions>
              <highway>tertiary</highway>
              <junction>roundabout</junction>
            </gpxtpx:Extensions>
          </gpxtpx:TrackPointExtension>
        </extensions>
      </trkpt>
      <trkpt lat="44.950127" lon="7.644021">
        <ele>230</ele>
        <time>2016-10-04T05:15:10.552Z</time>
        <extensions>
          <gpxtpx:TrackPointExtension>
            <gpxtpx:Extensions>
              <highway>tertiary</highway>
              <junction>roundabout</junction>
            </gpxtpx:Extensions>
          </gpxtpx:TrackPointExtension>
        </extensions>
      </trkpt>
      <trkpt lat="44.950135" lon="7.644082">
        <ele>230</ele>
        <time>2016-10-04T05:15:11.232Z</time>
        <extensions>
          <gpxtpx:TrackPointExtension>
            <gpxtpx:Extensions>
              <highway>tertiary</highway>
              <junction>roundabout</junction>
            </gpxtpx:Extensions>
          </gpxtpx:TrackPointExtension>
        </extensions>
      </trkpt>
      <trkpt lat="44.950164" lon="7.644128">
        <ele>230</ele>
        <time>2016-10-04T05:15:11.907Z</time>
        <extensions>
          <gpxtpx:TrackPointExtension>
            <gpxtpx:Extensions>
              <highway>tertiary</highway>
              <junction>roundabout</junction>
            </gpxtpx:Extensions>
          </gpxtpx:TrackPointExtension>
        </extensions>
      </trkpt>
      <trkpt lat="44.950171" lon="7.644132">
        <ele>230</ele>
        <time>2016-10-04T05:15:11.998Z</time>
        <extensions>
          <gpxtpx:TrackPointExtension>
            <gpxtpx:Extensions>
              <highway>tertiary</highway>
              <junction>roundabout</junction>
            </gpxtpx:Extensions>
          </gpxtpx:TrackPointExtension>
        </extensions>
      </trkpt>
      <trkpt lat="44.95017" lon="7.644131">
        <ele>230</ele>
        <time>2016-10-04T05:15:12.012Z</time>
        <extensions>
          <gpxtpx:TrackPointExtension>
            <gpxtpx:Extensions>
              <highway>tertiary</highway>
              <junction>roundabout</junction>
            </gpxtpx:Extensions>
          </gpxtpx:TrackPointExtension>
        </extensions>
      </trkpt>
      <trkpt lat="44.950193" lon="7.644143">
        <ele>230</ele>
        <time>2016-10-04T05:15:12.306Z</time>
        <extensions>
          <gpxtpx:TrackPointExtension>
            <gpxtpx:Extensions>
              <highway>tertiary</highway>
              <oneway>yes</oneway>
            </gpxtpx:Extensions>
          </gpxtpx:TrackPointExtension>
        </extensions>
      </trkpt>
      <trkpt lat="44.950238" lon="7.644325">
        <ele>230</ele>
        <time>2016-10-04T05:15:13.944Z</time>
        <extensions>
          <gpxtpx:TrackPointExtension>
            <gpxtpx:Extensions>
              <highway>tertiary</highway>
              <oneway>yes</oneway>
            </gpxtpx:Extensions>
          </gpxtpx:TrackPointExtension>
        </extensions>
      </trkpt>
      <trkpt lat="44.950267" lon="7.644409">
        <ele>230</ele>
        <time>2016-10-04T05:15:14.738Z</time>
        <extensions>
          <gpxtpx:TrackPointExtension>
            <gpxtpx:Extensions>
              <highway>tertiary</highway>
            </gpxtpx:Extensions>
          </gpxtpx:TrackPointExtension>
        </extensions>
      </trkpt>
      <trkpt lat="44.950314" lon="7.644574">
        <ele>230</ele>
        <time>2016-10-04T05:15:16.250Z</time>
        <extensions>
          <gpxtpx:TrackPointExtension>
            <gpxtpx:Extensions>
              <highway>tertiary</highway>
            </gpxtpx:Extensions>
          </gpxtpx:TrackPointExtension>
        </extensions>
      </trkpt>
      <trkpt lat="44.950383" lon="7.644758">
        <ele>230</ele>
        <time>2016-10-04T05:15:18.020Z</time>
        <extensions>
          <gpxtpx:TrackPointExtension>
            <gpxtpx:Extensions>
              <highway>tertiary</highway>
            </gpxtpx:Extensions>
          </gpxtpx:TrackPointExtension>
        </extensions>
      </trkpt>
      <trkpt lat="44.950562" lon="7.645105">
        <ele>230</ele>
        <time>2016-10-04T05:15:21.670Z</time>
        <extensions>
          <gpxtpx:TrackPointExtension>
            <gpxtpx:Extensions>
              <highway>tertiary</highway>
            </gpxtpx:Extensions>
          </gpxtpx:TrackPointExtension>
        </extensions>
      </trkpt>
      <trkpt lat="44.950917" lon="7.645617">
        <ele>229.75</ele>
        <time>2016-10-04T05:15:27.763Z</time>
        <extensions>
          <gpxtpx:TrackPointExtension>
            <gpxtpx:Extensions>
              <highway>tertiary</highway>
            </gpxtpx:Extensions>
          </gpxtpx:TrackPointExtension>
        </extensions>
      </trkpt>
      <trkpt lat="44.951008" lon="7.645773">
        <ele>229.75</ele>
        <time>2016-10-04T05:15:29.481Z</time>
        <extensions>
          <gpxtpx:TrackPointExtension>
            <gpxtpx:Extensions>
              <highway>tertiary</highway>
            </gpxtpx:Extensions>
          </gpxtpx:TrackPointExtension>
        </extensions>
      </trkpt>
      <trkpt lat="44.951074" lon="7.645928">
        <ele>229.75</ele>
        <time>2016-10-04T05:15:31.018Z</time>
        <extensions>
          <gpxtpx:TrackPointExtension>
            <gpxtpx:Extensions>
              <highway>tertiary</highway>
            </gpxtpx:Extensions>
          </gpxtpx:TrackPointExtension>
        </extensions>
      </trkpt>
      <trkpt lat="44.951142" lon="7.646126">
        <ele>229.5</ele>
        <time>2016-10-04T05:15:32.889Z</time>
        <extensions>
          <gpxtpx:TrackPointExtension>
            <gpxtpx:Extensions>
              <highway>tertiary</highway>
            </gpxtpx:Extensions>
          </gpxtpx:TrackPointExtension>
        </extensions>
      </trkpt>
      <trkpt lat="44.951154" lon="7.646181">
        <ele>229.5</ele>
        <time>2016-10-04T05:15:33.378Z</time>
        <extensions>
          <gpxtpx:TrackPointExtension>
            <gpxtpx:Extensions>
              <highway>tertiary</highway>
            </gpxtpx:Extensions>
          </gpxtpx:TrackPointExtension>
        </extensions>
      </trkpt>
      <trkpt lat="44.951184" lon="7.646317">
        <ele>229.25</ele>
        <time>2016-10-04T05:15:34.589Z</time>
        <extensions>
          <gpxtpx:TrackPointExtension>
            <gpxtpx:Extensions>
              <highway>tertiary</highway>
            </gpxtpx:Extensions>
          </gpxtpx:TrackPointExtension>
        </extensions>
      </trkpt>
      <trkpt lat="44.951199" lon="7.64648">
        <ele>229</ele>
        <time>2016-10-04T05:15:35.581Z</time>
        <extensions>
          <gpxtpx:TrackPointExtension>
            <gpxtpx:Extensions>
              <highway>tertiary</highway>
            </gpxtpx:Extensions>
          </gpxtpx:TrackPointExtension>
        </extensions>
      </trkpt>
      <trkpt lat="44.951199" lon="7.646478">
        <ele>229</ele>
        <time>2016-10-04T05:15:35.591Z</time>
        <extensions>
          <gpxtpx:TrackPointExtension>
            <gpxtpx:Extensions>
              <highway>tertiary</highway>
            </gpxtpx:Extensions>
          </gpxtpx:TrackPointExtension>
        </extensions>
      </trkpt>
      <trkpt lat="44.951202" lon="7.646509">
        <ele>229</ele>
        <time>2016-10-04T05:15:35.779Z</time>
        <extensions>
          <gpxtpx:TrackPointExtension>
            <gpxtpx:Extensions>
              <highway>tertiary</highway>
            </gpxtpx:Extensions>
          </gpxtpx:TrackPointExtension>
        </extensions>
      </trkpt>
      <trkpt lat="44.951202" lon="7.646667">
        <ele>229</ele>
        <time>2016-10-04T05:15:36.733Z</time>
        <extensions>
          <gpxtpx:TrackPointExtension>
            <gpxtpx:Extensions>
              <highway>tertiary</highway>
            </gpxtpx:Extensions>
          </gpxtpx:TrackPointExtension>
        </extensions>
      </trkpt>
      <trkpt lat="44.951172" lon="7.647033">
        <ele>229.75</ele>
        <time>2016-10-04T05:15:38.958Z</time>
        <extensions>
          <gpxtpx:TrackPointExtension>
            <gpxtpx:Extensions>
              <highway>tertiary</highway>
            </gpxtpx:Extensions>
          </gpxtpx:TrackPointExtension>
        </extensions>
      </trkpt>
      <trkpt lat="44.951106" lon="7.647642">
        <ele>230.75</ele>
        <time>2016-10-04T05:15:42.678Z</time>
        <extensions>
          <gpxtpx:TrackPointExtension>
            <gpxtpx:Extensions>
              <highway>tertiary</highway>
            </gpxtpx:Extensions>
          </gpxtpx:TrackPointExtension>
        </extensions>
      </trkpt>
      <trkpt lat="44.951111" lon="7.648223">
        <ele>230.25</ele>
        <time>2016-10-04T05:15:46.187Z</time>
        <extensions>
          <gpxtpx:TrackPointExtension>
            <gpxtpx:Extensions>
              <highway>tertiary</highway>
            </gpxtpx:Extensions>
          </gpxtpx:TrackPointExtension>
        </extensions>
      </trkpt>
      <trkpt lat="44.951154" lon="7.648633">
        <ele>230.25</ele>
        <time>2016-10-04T05:15:48.690Z</time>
        <extensions>
          <gpxtpx:TrackPointExtension>
            <gpxtpx:Extensions>
              <highway>tertiary</highway>
            </gpxtpx:Extensions>
          </gpxtpx:TrackPointExtension>
        </extensions>
      </trkpt>
      <trkpt lat="44.951251" lon="7.649071">
        <ele>230.25</ele>
        <time>2016-10-04T05:15:51.461Z</time>
        <extensions>
          <gpxtpx:TrackPointExtension>
            <gpxtpx:Extensions>
              <highway>tertiary</highway>
            </gpxtpx:Extensions>
          </gpxtpx:TrackPointExtension>
        </extensions>
      </trkpt>
      <trkpt lat="44.951446" lon="7.649674">
        <ele>230</ele>
        <time>2016-10-04T05:15:55.464Z</time>
        <extensions>
          <gpxtpx:TrackPointExtension>
            <gpxtpx:Extensions>
              <highway>tertiary</highway>
            </gpxtpx:Extensions>
          </gpxtpx:TrackPointExtension>
        </extensions>
      </trkpt>
      <trkpt lat="44.951487" lon="7.649798">
        <ele>230</ele>
        <time>2016-10-04T05:15:56.290Z</time>
        <extensions>
          <gpxtpx:TrackPointExtension>
            <gpxtpx:Extensions>
              <highway>tertiary</highway>
            </gpxtpx:Extensions>
          </gpxtpx:TrackPointExtension>
        </extensions>
      </trkpt>
      <trkpt lat="44.951678" lon="7.650215">
        <ele>229.25</ele>
        <time>2016-10-04T05:15:59.289Z</time>
        <extensions>
          <gpxtpx:TrackPointExtension>
            <gpxtpx:Extensions>
              <highway>tertiary</highway>
            </gpxtpx:Extensions>
          </gpxtpx:TrackPointExtension>
        </extensions>
      </trkpt>
      <trkpt lat="44.951957" lon="7.650667">
        <ele>228.5</ele>
        <time>2016-10-04T05:16:02.911Z</time>
        <extensions>
          <gpxtpx:TrackPointExtension>
            <gpxtpx:Extensions>
              <highway>tertiary</highway>
              <maxspeed>50</maxspeed>
              <oneway>yes</oneway>
            </gpxtpx:Extensions>
          </gpxtpx:TrackPointExtension>
        </extensions>
      </trkpt>
      <trkpt lat="44.952219" lon="7.650936">
        <ele>228.25</ele>
        <time>2016-10-04T05:16:05.674Z</time>
        <extensions>
          <gpxtpx:TrackPointExtension>
            <gpxtpx:Extensions>
              <highway>tertiary</highway>
              <maxspeed>50</maxspeed>
              <oneway>yes</oneway>
            </gpxtpx:Extensions>
          </gpxtpx:TrackPointExtension>
        </extensions>
      </trkpt>
      <trkpt lat="44.952332" lon="7.651031">
        <ele>228</ele>
        <time>2016-10-04T05:16:06.796Z</time>
        <extensions>
          <gpxtpx:TrackPointExtension>
            <gpxtpx:Extensions>
              <highway>tertiary</highway>
              <surface>asphalt</surface>
              <junction>roundabout</junction>
            </gpxtpx:Extensions>
          </gpxtpx:TrackPointExtension>
        </extensions>
      </trkpt>
      <trkpt lat="44.952343" lon="7.651089">
        <ele>228</ele>
        <time>2016-10-04T05:16:07.158Z</time>
        <extensions>
          <gpxtpx:TrackPointExtension>
            <gpxtpx:Extensions>
              <highway>tertiary</highway>
              <surface>asphalt</surface>
              <junction>roundabout</junction>
            </gpxtpx:Extensions>
          </gpxtpx:TrackPointExtension>
        </extensions>
      </trkpt>
      <trkpt lat="44.952364" lon="7.651142">
        <ele>227.75</ele>
        <time>2016-10-04T05:16:07.524Z</time>
        <extensions>
          <gpxtpx:TrackPointExtension>
            <gpxtpx:Extensions>
              <highway>tertiary</highway>
              <surface>asphalt</surface>
              <junction>roundabout</junction>
            </gpxtpx:Extensions>
          </gpxtpx:TrackPointExtension>
        </extensions>
      </trkpt>
      <trkpt lat="44.952393" lon="7.651187">
        <ele>227.5</ele>
        <time>2016-10-04T05:16:07.891Z</time>
        <extensions>
          <gpxtpx:TrackPointExtension>
            <gpxtpx:Extensions>
              <highway>tertiary</highway>
              <surface>asphalt</surface>
              <junction>roundabout</junction>
            </gpxtpx:Extensions>
          </gpxtpx:TrackPointExtension>
        </extensions>
      </trkpt>
      <trkpt lat="44.952426" lon="7.65122">
        <ele>227.5</ele>
        <time>2016-10-04T05:16:08.235Z</time>
        <extensions>
          <gpxtpx:TrackPointExtension>
            <gpxtpx:Extensions>
              <highway>tertiary</highway>
              <surface>asphalt</surface>
              <junction>roundabout</junction>
            </gpxtpx:Extensions>
          </gpxtpx:TrackPointExtension>
        </extensions>
      </trkpt>
      <trkpt lat="44.952464" lon="7.651242">
        <ele>227.5</ele>
        <time>2016-10-04T05:16:08.585Z</time>
        <extensions>
          <gpxtpx:TrackPointExtension>
            <gpxtpx:Extensions>
              <highway>tertiary</highway>
              <maxspeed>50</maxspeed>
              <oneway>yes</oneway>
            </gpxtpx:Extensions>
          </gpxtpx:TrackPointExtension>
        </extensions>
      </trkpt>
      <trkpt lat="44.952539" lon="7.65142">
        <ele>226.75</ele>
        <time>2016-10-04T05:16:09.836Z</time>
        <extensions>
          <gpxtpx:TrackPointExtension>
            <gpxtpx:Extensions>
              <highway>tertiary</highway>
              <maxspeed>50</maxspeed>
              <oneway>yes</oneway>
            </gpxtpx:Extensions>
          </gpxtpx:TrackPointExtension>
        </extensions>
      </trkpt>
      <trkpt lat="44.952982" lon="7.652105">
        <ele>227.5</ele>
        <time>2016-10-04T05:16:15.439Z</time>
        <extensions>
          <gpxtpx:TrackPointExtension>
            <gpxtpx:Extensions>
              <reversedirection>yes</reversedirection>
              <highway>tertiary</highway>
              <maxspeed>50</maxspeed>
            </gpxtpx:Extensions>
          </gpxtpx:TrackPointExtension>
        </extensions>
      </trkpt>
      <trkpt lat="44.953553" lon="7.652936">
        <ele>229.5</ele>
        <time>2016-10-04T05:16:22.433Z</time>
        <extensions>
          <gpxtpx:TrackPointExtension>
            <gpxtpx:Extensions>
              <reversedirection>yes</reversedirection>
              <highway>tertiary</highway>
              <maxspeed>50</maxspeed>
            </gpxtpx:Extensions>
          </gpxtpx:TrackPointExtension>
        </extensions>
      </trkpt>
      <trkpt lat="44.953686" lon="7.653205">
        <ele>228.75</ele>
        <time>2016-10-04T05:16:24.414Z</time>
        <extensions>
          <gpxtpx:TrackPointExtension>
            <gpxtpx:Extensions>
              <reversedirection>yes</reversedirection>
              <highway>tertiary</highway>
              <maxspeed>50</maxspeed>
            </gpxtpx:Extensions>
          </gpxtpx:TrackPointExtension>
        </extensions>
      </trkpt>
      <trkpt lat="44.953754" lon="7.653409">
        <ele>228.25</ele>
        <time>2016-10-04T05:16:27.021Z</time>
        <extensions>
          <gpxtpx:TrackPointExtension>
            <gpxtpx:Extensions>
              <reversedirection>yes</reversedirection>
              <highway>tertiary</highway>
              <maxspeed>50</maxspeed>
            </gpxtpx:Extensions>
          </gpxtpx:TrackPointExtension>
        </extensions>
      </trkpt>
      <trkpt lat="44.953754" lon="7.653409">
        <ele>228.25</ele>
        <time>2016-10-04T05:16:27.021Z</time>
        <extensions>
          <gpxtpx:TrackPointExtension>
            <gpxtpx:Extensions>
              <reversedirection>yes</reversedirection>
              <highway>tertiary</highway>
              <maxspeed>50</maxspeed>
            </gpxtpx:Extensions>
          </gpxtpx:TrackPointExtension>
        </extensions>
      </trkpt>
      <trkpt lat="44.953787" lon="7.653508">
        <ele>228.25</ele>
        <time>2016-10-04T05:16:28.286Z</time>
        <extensions>
          <gpxtpx:TrackPointExtension>
            <gpxtpx:Extensions>
              <reversedirection>yes</reversedirection>
              <highway>tertiary</highway>
              <maxspeed>50</maxspeed>
            </gpxtpx:Extensions>
          </gpxtpx:TrackPointExtension>
        </extensions>
      </trkpt>
      <trkpt lat="44.953851" lon="7.653852">
        <ele>228.25</ele>
        <time>2016-10-04T05:16:32.399Z</time>
        <extensions>
          <gpxtpx:TrackPointExtension>
            <gpxtpx:Extensions>
              <reversedirection>yes</reversedirection>
              <highway>tertiary</highway>
              <maxspeed>50</maxspeed>
            </gpxtpx:Extensions>
          </gpxtpx:TrackPointExtension>
        </extensions>
      </trkpt>
      <trkpt lat="44.953962" lon="7.654692">
        <ele>227.25</ele>
        <time>2016-10-04T05:16:42.280Z</time>
        <extensions>
          <gpxtpx:TrackPointExtension>
            <gpxtpx:Extensions>
              <reversedirection>yes</reversedirection>
              <highway>tertiary</highway>
              <maxspeed>50</maxspeed>
            </gpxtpx:Extensions>
          </gpxtpx:TrackPointExtension>
        </extensions>
      </trkpt>
      <trkpt lat="44.953975" lon="7.654789">
        <ele>227.25</ele>
        <time>2016-10-04T05:16:43.421Z</time>
        <extensions>
          <gpxtpx:TrackPointExtension>
            <gpxtpx:Extensions>
              <reversedirection>yes</reversedirection>
              <highway>tertiary</highway>
              <maxspeed>50</maxspeed>
            </gpxtpx:Extensions>
          </gpxtpx:TrackPointExtension>
        </extensions>
      </trkpt>
      <trkpt lat="44.95399" lon="7.654902">
        <ele>227</ele>
        <time>2016-10-04T05:16:44.750Z</time>
        <extensions>
          <gpxtpx:TrackPointExtension>
            <gpxtpx:Extensions>
              <reversedirection>yes</reversedirection>
              <highway>tertiary</highway>
              <maxspeed>50</maxspeed>
            </gpxtpx:Extensions>
          </gpxtpx:TrackPointExtension>
        </extensions>
      </trkpt>
      <trkpt lat="44.954391" lon="7.657923">
        <ele>226.75</ele>
        <time>2016-10-04T05:17:20.294Z</time>
        <extensions>
          <gpxtpx:TrackPointExtension>
            <gpxtpx:Extensions>
              <reversedirection>yes</reversedirection>
              <highway>tertiary</highway>
              <maxspeed>50</maxspeed>
            </gpxtpx:Extensions>
          </gpxtpx:TrackPointExtension>
        </extensions>
      </trkpt>
      <trkpt lat="44.954447" lon="7.658167">
        <ele>227</ele>
        <time>2016-10-04T05:17:23.260Z</time>
        <extensions>
          <gpxtpx:TrackPointExtension>
            <gpxtpx:Extensions>
              <reversedirection>yes</reversedirection>
              <highway>tertiary</highway>
              <maxspeed>50</maxspeed>
            </gpxtpx:Extensions>
          </gpxtpx:TrackPointExtension>
        </extensions>
      </trkpt>
      <trkpt lat="44.954572" lon="7.658369">
        <ele>226.75</ele>
        <time>2016-10-04T05:17:26.363Z</time>
        <extensions>
          <gpxtpx:TrackPointExtension>
            <gpxtpx:Extensions>
              <reversedirection>yes</reversedirection>
              <highway>tertiary</highway>
              <maxspeed>50</maxspeed>
            </gpxtpx:Extensions>
          </gpxtpx:TrackPointExtension>
        </extensions>
      </trkpt>
      <trkpt lat="44.95483" lon="7.65868">
        <ele>226.75</ele>
        <time>2016-10-04T05:17:31.904Z</time>
        <extensions>
          <gpxtpx:TrackPointExtension>
            <gpxtpx:Extensions>
              <reversedirection>yes</reversedirection>
              <highway>tertiary</highway>
              <maxspeed>50</maxspeed>
            </gpxtpx:Extensions>
          </gpxtpx:TrackPointExtension>
        </extensions>
      </trkpt>
      <trkpt lat="44.955731" lon="7.659699">
        <ele>226.75</ele>
        <time>2016-10-04T05:17:50.762Z</time>
        <extensions>
          <gpxtpx:TrackPointExtension>
            <gpxtpx:Extensions>
              <reversedirection>yes</reversedirection>
              <highway>tertiary</highway>
              <maxspeed>50</maxspeed>
            </gpxtpx:Extensions>
          </gpxtpx:TrackPointExtension>
        </extensions>
      </trkpt>
      <trkpt lat="44.956142" lon="7.660138">
        <ele>227</ele>
        <time>2016-10-04T05:17:59.180Z</time>
        <extensions>
          <gpxtpx:TrackPointExtension>
            <gpxtpx:Extensions>
              <reversedirection>yes</reversedirection>
              <highway>tertiary</highway>
              <maxspeed>50</maxspeed>
            </gpxtpx:Extensions>
          </gpxtpx:TrackPointExtension>
        </extensions>
      </trkpt>
      <trkpt lat="44.956848" lon="7.660912">
        <ele>227</ele>
        <time>2016-10-04T05:18:13.781Z</time>
        <extensions>
          <gpxtpx:TrackPointExtension>
            <gpxtpx:Extensions>
              <reversedirection>yes</reversedirection>
              <highway>tertiary</highway>
              <maxspeed>50</maxspeed>
            </gpxtpx:Extensions>
          </gpxtpx:TrackPointExtension>
        </extensions>
      </trkpt>
      <trkpt lat="44.957844" lon="7.661996">
        <ele>227.25</ele>
        <time>2016-10-04T05:18:40.692Z</time>
        <extensions>
          <gpxtpx:TrackPointExtension>
            <gpxtpx:Extensions>
              <reversedirection>yes</reversedirection>
              <highway>tertiary</highway>
              <maxspeed>50</maxspeed>
            </gpxtpx:Extensions>
          </gpxtpx:TrackPointExtension>
        </extensions>
      </trkpt>
      <trkpt lat="44.957843" lon="7.661995">
        <ele>227</ele>
        <time>2016-10-04T05:18:40.717Z</time>
        <extensions>
          <gpxtpx:TrackPointExtension>
            <gpxtpx:Extensions>
              <reversedirection>yes</reversedirection>
              <highway>tertiary</highway>
              <maxspeed>50</maxspeed>
            </gpxtpx:Extensions>
          </gpxtpx:TrackPointExtension>
        </extensions>
      </trkpt>
      <trkpt lat="44.957896" lon="7.662052">
        <ele>227.25</ele>
        <time>2016-10-04T05:18:42.142Z</time>
        <extensions>
          <gpxtpx:TrackPointExtension>
            <gpxtpx:Extensions>
              <highway>residential</highway>
              <oneway>no</oneway>
            </gpxtpx:Extensions>
          </gpxtpx:TrackPointExtension>
        </extensions>
      </trkpt>
      <trkpt lat="44.957672" lon="7.662399">
        <ele>228.25</ele>
        <time>2016-10-04T05:18:49.257Z</time>
        <extensions>
          <gpxtpx:TrackPointExtension>
            <gpxtpx:Extensions>
              <highway>residential</highway>
              <oneway>no</oneway>
            </gpxtpx:Extensions>
          </gpxtpx:TrackPointExtension>
        </extensions>
      </trkpt>
      <trkpt lat="44.957395" lon="7.662823">
        <ele>228</ele>
        <time>2016-10-04T05:18:57.998Z</time>
        <extensions>
          <gpxtpx:TrackPointExtension>
            <gpxtpx:Extensions>
              <highway>residential</highway>
              <oneway>no</oneway>
            </gpxtpx:Extensions>
          </gpxtpx:TrackPointExtension>
        </extensions>
      </trkpt>
      <trkpt lat="44.957343" lon="7.662902">
        <ele>228</ele>
        <time>2016-10-04T05:18:59.632Z</time>
        <extensions>
          <gpxtpx:TrackPointExtension>
            <gpxtpx:Extensions>
              <highway>residential</highway>
              <oneway>no</oneway>
            </gpxtpx:Extensions>
          </gpxtpx:TrackPointExtension>
        </extensions>
      </trkpt>
      <trkpt lat="44.957248" lon="7.663048">
        <ele>227.75</ele>
        <time>2016-10-04T05:19:02.636Z</time>
        <extensions>
          <gpxtpx:TrackPointExtension>
            <gpxtpx:Extensions>
              <highway>residential</highway>
              <oneway>no</oneway>
            </gpxtpx:Extensions>
          </gpxtpx:TrackPointExtension>
        </extensions>
      </trkpt>
      <trkpt lat="44.957184" lon="7.663147">
        <ele>227.5</ele>
        <time>2016-10-04T05:19:04.667Z</time>
        <extensions>
          <gpxtpx:TrackPointExtension>
            <gpxtpx:Extensions>
              <highway>residential</highway>
              <oneway>no</oneway>
            </gpxtpx:Extensions>
          </gpxtpx:TrackPointExtension>
        </extensions>
      </trkpt>
      <trkpt lat="44.957013" lon="7.663408">
        <ele>227.5</ele>
        <time>2016-10-04T05:19:10.055Z</time>
        <extensions>
          <gpxtpx:TrackPointExtension>
            <gpxtpx:Extensions>
              <highway>residential</highway>
              <oneway>no</oneway>
            </gpxtpx:Extensions>
          </gpxtpx:TrackPointExtension>
        </extensions>
      </trkpt>
      <trkpt lat="44.956489" lon="7.664392">
        <ele>229.25</ele>
        <time>2016-10-04T05:19:24.087Z</time>
        <extensions>
          <gpxtpx:TrackPointExtension>
            <gpxtpx:Extensions>
              <reversedirection>yes</reversedirection>
              <highway>residential</highway>
            </gpxtpx:Extensions>
          </gpxtpx:TrackPointExtension>
        </extensions>
      </trkpt>
      <trkpt lat="44.956489" lon="7.664392">
        <ele>229.25</ele>
        <time>2016-10-04T05:19:24.087Z</time>
        <extensions>
          <gpxtpx:TrackPointExtension>
            <gpxtpx:Extensions>
              <reversedirection>yes</reversedirection>
              <highway>residential</highway>
            </gpxtpx:Extensions>
          </gpxtpx:TrackPointExtension>
        </extensions>
      </trkpt>
      <trkpt lat="44.956579" lon="7.664578">
        <ele>228.75</ele>
        <time>2016-10-04T05:19:26.654Z</time>
        <extensions>
          <gpxtpx:TrackPointExtension>
            <gpxtpx:Extensions>
              <reversedirection>yes</reversedirection>
              <highway>residential</highway>
            </gpxtpx:Extensions>
          </gpxtpx:TrackPointExtension>
        </extensions>
      </trkpt>
      <trkpt lat="44.957138" lon="7.665738">
        <ele>228.25</ele>
        <time>2016-10-04T05:19:42.645Z</time>
        <extensions>
          <gpxtpx:TrackPointExtension>
            <gpxtpx:Extensions>
              <reversedirection>yes</reversedirection>
              <highway>residential</highway>
            </gpxtpx:Extensions>
          </gpxtpx:TrackPointExtension>
        </extensions>
      </trkpt>
      <trkpt lat="44.957364" lon="7.666356">
        <ele>228.75</ele>
        <time>2016-10-04T05:19:50.571Z</time>
        <extensions>
          <gpxtpx:TrackPointExtension>
            <gpxtpx:Extensions>
              <reversedirection>yes</reversedirection>
              <highway>residential</highway>
            </gpxtpx:Extensions>
          </gpxtpx:TrackPointExtension>
        </extensions>
      </trkpt>
      <trkpt lat="44.957459" lon="7.666599">
        <ele>228.75</ele>
        <time>2016-10-04T05:19:53.734Z</time>
        <extensions>
          <gpxtpx:TrackPointExtension>
            <gpxtpx:Extensions>
              <reversedirection>yes</reversedirection>
              <highway>residential</highway>
            </gpxtpx:Extensions>
          </gpxtpx:TrackPointExtension>
        </extensions>
      </trkpt>
      <trkpt lat="44.957636" lon="7.667074">
        <ele>229.25</ele>
        <time>2016-10-04T05:19:59.872Z</time>
        <extensions>
          <gpxtpx:TrackPointExtension>
            <gpxtpx:Extensions>
              <highway>tertiary</highway>
              <oneway>no</oneway>
            </gpxtpx:Extensions>
          </gpxtpx:TrackPointExtension>
        </extensions>
      </trkpt>
      <trkpt lat="44.957636" lon="7.667074">
        <ele>229.25</ele>
        <time>2016-10-04T05:19:59.872Z</time>
        <extensions>
          <gpxtpx:TrackPointExtension>
            <gpxtpx:Extensions>
              <highway>tertiary</highway>
              <oneway>no</oneway>
            </gpxtpx:Extensions>
          </gpxtpx:TrackPointExtension>
        </extensions>
      </trkpt>
      <trkpt lat="44.9583" lon="7.66727">
        <ele>229.25</ele>
        <time>2016-10-04T05:20:10.833Z</time>
        <extensions>
          <gpxtpx:TrackPointExtension>
            <gpxtpx:Extensions>
              <highway>tertiary</highway>
              <oneway>no</oneway>
            </gpxtpx:Extensions>
          </gpxtpx:TrackPointExtension>
        </extensions>
      </trkpt>
      <trkpt lat="44.958751" lon="7.667389">
        <ele>228.5</ele>
        <time>2016-10-04T05:20:18.247Z</time>
        <extensions>
          <gpxtpx:TrackPointExtension>
            <gpxtpx:Extensions>
              <highway>tertiary</highway>
              <oneway>no</oneway>
            </gpxtpx:Extensions>
          </gpxtpx:TrackPointExtension>
        </extensions>
      </trkpt>
      <trkpt lat="44.958817" lon="7.667406">
        <ele>228.25</ele>
        <time>2016-10-04T05:20:19.331Z</time>
        <extensions>
          <gpxtpx:TrackPointExtension>
            <gpxtpx:Extensions>
              <highway>tertiary</highway>
              <oneway>no</oneway>
            </gpxtpx:Extensions>
          </gpxtpx:TrackPointExtension>
        </extensions>
      </trkpt>
      <trkpt lat="44.959139" lon="7.667491">
        <ele>228</ele>
        <time>2016-10-04T05:20:24.624Z</time>
        <extensions>
          <gpxtpx:TrackPointExtension>
            <gpxtpx:Extensions>
              <highway>tertiary</highway>
              <oneway>no</oneway>
            </gpxtpx:Extensions>
          </gpxtpx:TrackPointExtension>
        </extensions>
      </trkpt>
      <trkpt lat="44.959304" lon="7.667537">
        <ele>227.5</ele>
        <time>2016-10-04T05:20:27.341Z</time>
        <extensions>
          <gpxtpx:TrackPointExtension>
            <gpxtpx:Extensions>
              <highway>tertiary</highway>
              <oneway>no</oneway>
            </gpxtpx:Extensions>
          </gpxtpx:TrackPointExtension>
        </extensions>
      </trkpt>
      <trkpt lat="44.959426" lon="7.667569">
        <ele>227.25</ele>
        <time>2016-10-04T05:20:29.346Z</time>
        <extensions>
          <gpxtpx:TrackPointExtension>
            <gpxtpx:Extensions>
              <highway>tertiary</highway>
              <oneway>no</oneway>
            </gpxtpx:Extensions>
          </gpxtpx:TrackPointExtension>
        </extensions>
      </trkpt>
      <trkpt lat="44.959472" lon="7.66758">
        <ele>227</ele>
        <time>2016-10-04T05:20:30.099Z</time>
        <extensions>
          <gpxtpx:TrackPointExtension>
            <gpxtpx:Extensions>
              <highway>tertiary</highway>
              <oneway>no</oneway>
            </gpxtpx:Extensions>
          </gpxtpx:TrackPointExtension>
        </extensions>
      </trkpt>
      <trkpt lat="44.960387" lon="7.667816">
        <ele>226.5</ele>
        <time>2016-10-04T05:20:45.129Z</time>
        <extensions>
          <gpxtpx:TrackPointExtension>
            <gpxtpx:Extensions>
              <highway>tertiary</highway>
              <oneway>yes</oneway>
            </gpxtpx:Extensions>
          </gpxtpx:TrackPointExtension>
        </extensions>
      </trkpt>
      <trkpt lat="44.960468" lon="7.66783">
        <ele>226.5</ele>
        <time>2016-10-04T05:20:46.447Z</time>
        <extensions>
          <gpxtpx:TrackPointExtension>
            <gpxtpx:Extensions>
              <highway>tertiary</highway>
              <oneway>yes</oneway>
            </gpxtpx:Extensions>
          </gpxtpx:TrackPointExtension>
        </extensions>
      </trkpt>
      <trkpt lat="44.960531" lon="7.667817">
        <ele>226.5</ele>
        <time>2016-10-04T05:20:47.475Z</time>
        <extensions>
          <gpxtpx:TrackPointExtension>
            <gpxtpx:Extensions>
              <highway>tertiary</highway>
              <maxspeed>30</maxspeed>
            </gpxtpx:Extensions>
          </gpxtpx:TrackPointExtension>
        </extensions>
      </trkpt>
      <trkpt lat="44.96055" lon="7.667838">
        <ele>226.5</ele>
        <time>2016-10-04T05:20:47.864Z</time>
        <extensions>
          <gpxtpx:TrackPointExtension>
            <gpxtpx:Extensions>
              <highway>tertiary</highway>
              <maxspeed>30</maxspeed>
            </gpxtpx:Extensions>
          </gpxtpx:TrackPointExtension>
        </extensions>
      </trkpt>
      <trkpt lat="44.960596" lon="7.667857">
        <ele>226.5</ele>
        <time>2016-10-04T05:20:48.638Z</time>
        <extensions>
          <gpxtpx:TrackPointExtension>
            <gpxtpx:Extensions>
              <highway>tertiary</highway>
              <maxspeed>30</maxspeed>
            </gpxtpx:Extensions>
          </gpxtpx:TrackPointExtension>
        </extensions>
      </trkpt>
      <trkpt lat="44.960642" lon="7.667843">
        <ele>226.5</ele>
        <time>2016-10-04T05:20:49.398Z</time>
        <extensions>
          <gpxtpx:TrackPointExtension>
            <gpxtpx:Extensions>
              <highway>tertiary</highway>
              <oneway>yes</oneway>
            </gpxtpx:Extensions>
          </gpxtpx:TrackPointExtension>
        </extensions>
      </trkpt>
      <trkpt lat="44.960721" lon="7.667892">
        <ele>226.75</ele>
        <time>2016-10-04T05:20:50.792Z</time>
        <extensions>
          <gpxtpx:TrackPointExtension>
            <gpxtpx:Extensions>
              <highway>tertiary</highway>
              <oneway>yes</oneway>
            </gpxtpx:Extensions>
          </gpxtpx:TrackPointExtension>
        </extensions>
      </trkpt>
      <trkpt lat="44.960839" lon="7.667933">
        <ele>227</ele>
        <time>2016-10-04T05:20:52.755Z</time>
        <extensions>
          <gpxtpx:TrackPointExtension>
            <gpxtpx:Extensions>
              <reversedirection>yes</reversedirection>
              <highway>tertiary</highway>
            </gpxtpx:Extensions>
          </gpxtpx:TrackPointExtension>
        </extensions>
      </trkpt>
      <trkpt lat="44.960934" lon="7.667958">
        <ele>227</ele>
        <time>2016-10-04T05:20:54.316Z</time>
        <extensions>
          <gpxtpx:TrackPointExtension>
            <gpxtpx:Extensions>
              <reversedirection>yes</reversedirection>
              <highway>tertiary</highway>
            </gpxtpx:Extensions>
          </gpxtpx:TrackPointExtension>
        </extensions>
      </trkpt>
      <trkpt lat="44.961291" lon="7.668042">
        <ele>227.25</ele>
        <time>2016-10-04T05:21:00.164Z</time>
        <extensions>
          <gpxtpx:TrackPointExtension>
            <gpxtpx:Extensions>
              <reversedirection>yes</reversedirection>
              <highway>tertiary</highway>
            </gpxtpx:Extensions>
          </gpxtpx:TrackPointExtension>
        </extensions>
      </trkpt>
      <trkpt lat="44.961916" lon="7.668192">
        <ele>227</ele>
        <time>2016-10-04T05:21:10.408Z</time>
        <extensions>
          <gpxtpx:TrackPointExtension>
            <gpxtpx:Extensions>
              <reversedirection>yes</reversedirection>
              <highway>tertiary</highway>
            </gpxtpx:Extensions>
          </gpxtpx:TrackPointExtension>
        </extensions>
      </trkpt>
      <trkpt lat="44.961976" lon="7.668205">
        <ele>227</ele>
        <time>2016-10-04T05:21:11.388Z</time>
        <extensions>
          <gpxtpx:TrackPointExtension>
            <gpxtpx:Extensions>
              <reversedirection>yes</reversedirection>
              <highway>tertiary</highway>
            </gpxtpx:Extensions>
          </gpxtpx:TrackPointExtension>
        </extensions>
      </trkpt>
      <trkpt lat="44.962691" lon="7.66838">
        <ele>227</ele>
        <time>2016-10-04T05:21:23.114Z</time>
        <extensions>
          <gpxtpx:TrackPointExtension>
            <gpxtpx:Extensions>
              <reversedirection>yes</reversedirection>
              <highway>tertiary</highway>
            </gpxtpx:Extensions>
          </gpxtpx:TrackPointExtension>
        </extensions>
      </trkpt>
      <trkpt lat="44.963088" lon="7.668511">
        <ele>227.25</ele>
        <time>2016-10-04T05:21:29.702Z</time>
        <extensions>
          <gpxtpx:TrackPointExtension>
            <gpxtpx:Extensions>
              <reversedirection>yes</reversedirection>
              <highway>tertiary</highway>
            </gpxtpx:Extensions>
          </gpxtpx:TrackPointExtension>
        </extensions>
      </trkpt>
      <trkpt lat="44.963222" lon="7.668553">
        <ele>227</ele>
        <time>2016-10-04T05:21:31.920Z</time>
        <extensions>
          <gpxtpx:TrackPointExtension>
            <gpxtpx:Extensions>
              <reversedirection>yes</reversedirection>
              <highway>tertiary</highway>
            </gpxtpx:Extensions>
          </gpxtpx:TrackPointExtension>
        </extensions>
      </trkpt>
      <trkpt lat="44.963413" lon="7.668601">
        <ele>227</ele>
        <time>2016-10-04T05:21:35.054Z</time>
        <extensions>
          <gpxtpx:TrackPointExtension>
            <gpxtpx:Extensions>
              <reversedirection>yes</reversedirection>
              <highway>tertiary</highway>
            </gpxtpx:Extensions>
          </gpxtpx:TrackPointExtension>
        </extensions>
      </trkpt>
      <trkpt lat="44.963667" lon="7.668666">
        <ele>226.5</ele>
        <time>2016-10-04T05:21:39.225Z</time>
        <extensions>
          <gpxtpx:TrackPointExtension>
            <gpxtpx:Extensions>
              <reversedirection>yes</reversedirection>
              <highway>tertiary</highway>
            </gpxtpx:Extensions>
          </gpxtpx:TrackPointExtension>
        </extensions>
      </trkpt>
      <trkpt lat="44.964253" lon="7.668808">
        <ele>226.25</ele>
        <time>2016-10-04T05:21:48.832Z</time>
        <extensions>
          <gpxtpx:TrackPointExtension>
            <gpxtpx:Extensions>
              <reversedirection>yes</reversedirection>
              <highway>tertiary</highway>
            </gpxtpx:Extensions>
          </gpxtpx:TrackPointExtension>
        </extensions>
      </trkpt>
      <trkpt lat="44.964496" lon="7.668905">
        <ele>226.25</ele>
        <time>2016-10-04T05:21:52.912Z</time>
        <extensions>
          <gpxtpx:TrackPointExtension>
            <gpxtpx:Extensions>
              <highway>tertiary</highway>
              <oneway>yes</oneway>
            </gpxtpx:Extensions>
          </gpxtpx:TrackPointExtension>
        </extensions>
      </trkpt>
      <trkpt lat="44.964696" lon="7.668996">
        <ele>225.75</ele>
        <time>2016-10-04T05:21:56.307Z</time>
        <extensions>
          <gpxtpx:TrackPointExtension>
            <gpxtpx:Extensions>
              <highway>tertiary</highway>
              <oneway>yes</oneway>
            </gpxtpx:Extensions>
          </gpxtpx:TrackPointExtension>
        </extensions>
      </trkpt>
      <trkpt lat="44.964779" lon="7.669063">
        <ele>225.5</ele>
        <time>2016-10-04T05:21:57.851Z</time>
        <extensions>
          <gpxtpx:TrackPointExtension>
            <gpxtpx:Extensions>
              <highway>tertiary</highway>
              <oneway>yes</oneway>
            </gpxtpx:Extensions>
          </gpxtpx:TrackPointExtension>
        </extensions>
      </trkpt>
      <trkpt lat="44.964833" lon="7.669149">
        <ele>225.25</ele>
        <time>2016-10-04T05:21:59.165Z</time>
        <extensions>
          <gpxtpx:TrackPointExtension>
            <gpxtpx:Extensions>
              <highway>tertiary</highway>
              <junction>roundabout</junction>
            </gpxtpx:Extensions>
          </gpxtpx:TrackPointExtension>
        </extensions>
      </trkpt>
      <trkpt lat="44.964842" lon="7.669198">
        <ele>225</ele>
        <time>2016-10-04T05:21:59.743Z</time>
        <extensions>
          <gpxtpx:TrackPointExtension>
            <gpxtpx:Extensions>
              <highway>tertiary</highway>
              <junction>roundabout</junction>
            </gpxtpx:Extensions>
          </gpxtpx:TrackPointExtension>
        </extensions>
      </trkpt>
      <trkpt lat="44.964862" lon="7.669241">
        <ele>225</ele>
        <time>2016-10-04T05:22:00.331Z</time>
        <extensions>
          <gpxtpx:TrackPointExtension>
            <gpxtpx:Extensions>
              <highway>tertiary</highway>
              <junction>roundabout</junction>
            </gpxtpx:Extensions>
          </gpxtpx:TrackPointExtension>
        </extensions>
      </trkpt>
      <trkpt lat="44.964889" lon="7.669273">
        <ele>225</ele>
        <time>2016-10-04T05:22:00.900Z</time>
        <extensions>
          <gpxtpx:TrackPointExtension>
            <gpxtpx:Extensions>
              <highway>tertiary</highway>
              <junction>roundabout</junction>
            </gpxtpx:Extensions>
          </gpxtpx:TrackPointExtension>
        </extensions>
      </trkpt>
      <trkpt lat="44.964925" lon="7.669294">
        <ele>224.75</ele>
        <time>2016-10-04T05:22:01.529Z</time>
        <extensions>
          <gpxtpx:TrackPointExtension>
            <gpxtpx:Extensions>
              <highway>tertiary</highway>
              <junction>roundabout</junction>
            </gpxtpx:Extensions>
          </gpxtpx:TrackPointExtension>
        </extensions>
      </trkpt>
      <trkpt lat="44.964964" lon="7.669298">
        <ele>224.75</ele>
        <time>2016-10-04T05:22:02.160Z</time>
        <extensions>
          <gpxtpx:TrackPointExtension>
            <gpxtpx:Extensions>
              <highway>tertiary</highway>
              <junction>roundabout</junction>
            </gpxtpx:Extensions>
          </gpxtpx:TrackPointExtension>
        </extensions>
      </trkpt>
      <trkpt lat="44.965002" lon="7.669285">
        <ele>224.75</ele>
        <time>2016-10-04T05:22:02.791Z</time>
        <extensions>
          <gpxtpx:TrackPointExtension>
            <gpxtpx:Extensions>
              <highway>tertiary</highway>
              <junction>roundabout</junction>
            </gpxtpx:Extensions>
          </gpxtpx:TrackPointExtension>
        </extensions>
      </trkpt>
      <trkpt lat="44.965034" lon="7.669255">
        <ele>224.75</ele>
        <time>2016-10-04T05:22:03.411Z</time>
        <extensions>
          <gpxtpx:TrackPointExtension>
            <gpxtpx:Extensions>
              <highway>tertiary</highway>
              <oneway>yes</oneway>
            </gpxtpx:Extensions>
          </gpxtpx:TrackPointExtension>
        </extensions>
      </trkpt>
      <trkpt lat="44.96514" lon="7.669165">
        <ele>224.5</ele>
        <time>2016-10-04T05:22:05.409Z</time>
        <extensions>
          <gpxtpx:TrackPointExtension>
            <gpxtpx:Extensions>
              <highway>tertiary</highway>
              <oneway>yes</oneway>
            </gpxtpx:Extensions>
          </gpxtpx:TrackPointExtension>
        </extensions>
      </trkpt>
      <trkpt lat="44.965273" lon="7.669113">
        <ele>224</ele>
        <time>2016-10-04T05:22:07.638Z</time>
        <extensions>
          <gpxtpx:TrackPointExtension>
            <gpxtpx:Extensions>
              <reversedirection>yes</reversedirection>
              <highway>tertiary</highway>
            </gpxtpx:Extensions>
          </gpxtpx:TrackPointExtension>
        </extensions>
      </trkpt>
      <trkpt lat="44.965477" lon="7.669168">
        <ele>223.25</ele>
        <time>2016-10-04T05:22:10.994Z</time>
        <extensions>
          <gpxtpx:TrackPointExtension>
            <gpxtpx:Extensions>
              <reversedirection>yes</reversedirection>
              <highway>tertiary</highway>
            </gpxtpx:Extensions>
          </gpxtpx:TrackPointExtension>
        </extensions>
      </trkpt>
      <trkpt lat="44.965566" lon="7.669156">
        <ele>222.75</ele>
        <time>2016-10-04T05:22:12.438Z</time>
        <extensions>
          <gpxtpx:TrackPointExtension>
            <gpxtpx:Extensions>
              <reversedirection>yes</reversedirection>
              <highway>tertiary</highway>
            </gpxtpx:Extensions>
          </gpxtpx:TrackPointExtension>
        </extensions>
      </trkpt>
      <trkpt lat="44.966193" lon="7.669321">
        <ele>222.5</ele>
        <time>2016-10-04T05:22:22.744Z</time>
        <extensions>
          <gpxtpx:TrackPointExtension>
            <gpxtpx:Extensions>
              <reversedirection>yes</reversedirection>
              <highway>tertiary</highway>
            </gpxtpx:Extensions>
          </gpxtpx:TrackPointExtension>
        </extensions>
      </trkpt>
      <trkpt lat="44.966455" lon="7.669358">
        <ele>223</ele>
        <time>2016-10-04T05:22:26.998Z</time>
        <extensions>
          <gpxtpx:TrackPointExtension>
            <gpxtpx:Extensions>
              <highway>tertiary</highway>
              <oneway>yes</oneway>
            </gpxtpx:Extensions>
          </gpxtpx:TrackPointExtension>
        </extensions>
      </trkpt>
      <trkpt lat="44.966742" lon="7.669506">
        <ele>223.75</ele>
        <time>2016-10-04T05:22:31.934Z</time>
        <extensions>
          <gpxtpx:TrackPointExtension>
            <gpxtpx:Extensions>
              <highway>tertiary</highway>
              <oneway>yes</oneway>
            </gpxtpx:Extensions>
          </gpxtpx:TrackPointExtension>
        </extensions>
      </trkpt>
      <trkpt lat="44.966762" lon="7.669524">
        <ele>224</ele>
        <time>2016-10-04T05:22:32.316Z</time>
        <extensions>
          <gpxtpx:TrackPointExtension>
            <gpxtpx:Extensions>
              <highway>tertiary</highway>
              <oneway>yes</oneway>
            </gpxtpx:Extensions>
          </gpxtpx:TrackPointExtension>
        </extensions>
      </trkpt>
      <trkpt lat="44.966771" lon="7.669542">
        <ele>224.25</ele>
        <time>2016-10-04T05:22:32.582Z</time>
        <extensions>
          <gpxtpx:TrackPointExtension>
            <gpxtpx:Extensions>
              <highway>tertiary</highway>
              <oneway>yes</oneway>
            </gpxtpx:Extensions>
          </gpxtpx:TrackPointExtension>
        </extensions>
      </trkpt>
      <trkpt lat="44.96677" lon="7.669541">
        <ele>224</ele>
        <time>2016-10-04T05:22:32.602Z</time>
        <extensions>
          <gpxtpx:TrackPointExtension>
            <gpxtpx:Extensions>
              <highway>tertiary</highway>
              <oneway>yes</oneway>
            </gpxtpx:Extensions>
          </gpxtpx:TrackPointExtension>
        </extensions>
      </trkpt>
      <trkpt lat="44.966805" lon="7.669606">
        <ele>224.25</ele>
        <time>2016-10-04T05:22:33.590Z</time>
        <extensions>
          <gpxtpx:TrackPointExtension>
            <gpxtpx:Extensions>
              <highway>tertiary</highway>
              <oneway>yes</oneway>
            </gpxtpx:Extensions>
          </gpxtpx:TrackPointExtension>
        </extensions>
      </trkpt>
      <trkpt lat="44.966826" lon="7.669684">
        <ele>224.5</ele>
        <time>2016-10-04T05:22:34.599Z</time>
        <extensions>
          <gpxtpx:TrackPointExtension>
            <gpxtpx:Extensions>
              <highway>tertiary</highway>
              <oneway>yes</oneway>
            </gpxtpx:Extensions>
          </gpxtpx:TrackPointExtension>
        </extensions>
      </trkpt>
      <trkpt lat="44.966828" lon="7.669799">
        <ele>224.75</ele>
        <time>2016-10-04T05:22:35.990Z</time>
        <extensions>
          <gpxtpx:TrackPointExtension>
            <gpxtpx:Extensions>
              <highway>tertiary</highway>
              <oneway>yes</oneway>
            </gpxtpx:Extensions>
          </gpxtpx:TrackPointExtension>
        </extensions>
      </trkpt>
      <trkpt lat="44.966802" lon="7.669921">
        <ele>225</ele>
        <time>2016-10-04T05:22:37.531Z</time>
        <extensions>
          <gpxtpx:TrackPointExtension>
            <gpxtpx:Extensions>
              <highway>tertiary</highway>
              <oneway>yes</oneway>
            </gpxtpx:Extensions>
          </gpxtpx:TrackPointExtension>
        </extensions>
      </trkpt>
      <trkpt lat="44.966723" lon="7.67015">
        <ele>224.75</ele>
        <time>2016-10-04T05:22:40.613Z</time>
        <extensions>
          <gpxtpx:TrackPointExtension>
            <gpxtpx:Extensions>
              <highway>primary</highway>
              <surface>asphalt</surface>
              <maxspeed>50</maxspeed>
              <oneway>yes</oneway>
            </gpxtpx:Extensions>
          </gpxtpx:TrackPointExtension>
        </extensions>
      </trkpt>
      <trkpt lat="44.966668" lon="7.670251">
        <ele>224.5</ele>
        <time>2016-10-04T05:22:42.155Z</time>
        <extensions>
          <gpxtpx:TrackPointExtension>
            <gpxtpx:Extensions>
              <highway>primary</highway>
              <surface>asphalt</surface>
              <maxspeed>50</maxspeed>
              <oneway>yes</oneway>
            </gpxtpx:Extensions>
          </gpxtpx:TrackPointExtension>
        </extensions>
      </trkpt>
      <trkpt lat="44.966612" lon="7.670375">
        <ele>224.25</ele>
        <time>2016-10-04T05:22:43.934Z</time>
        <extensions>
          <gpxtpx:TrackPointExtension>
            <gpxtpx:Extensions>
              <highway>primary</highway>
              <surface>asphalt</surface>
              <maxspeed>50</maxspeed>
              <oneway>yes</oneway>
            </gpxtpx:Extensions>
          </gpxtpx:TrackPointExtension>
        </extensions>
      </trkpt>
      <trkpt lat="44.966558" lon="7.670543">
        <ele>224</ele>
        <time>2016-10-04T05:22:46.166Z</time>
        <extensions>
          <gpxtpx:TrackPointExtension>
            <gpxtpx:Extensions>
              <highway>primary</highway>
              <surface>asphalt</surface>
              <maxspeed>50</maxspeed>
              <oneway>yes</oneway>
            </gpxtpx:Extensions>
          </gpxtpx:TrackPointExtension>
        </extensions>
      </trkpt>
      <trkpt lat="44.966516" lon="7.670727">
        <ele>223.5</ele>
        <time>2016-10-04T05:22:48.505Z</time>
        <extensions>
          <gpxtpx:TrackPointExtension>
            <gpxtpx:Extensions>
              <highway>primary</highway>
              <maxspeed>50</maxspeed>
              <oneway>yes</oneway>
            </gpxtpx:Extensions>
          </gpxtpx:TrackPointExtension>
        </extensions>
      </trkpt>
      <trkpt lat="44.966509" lon="7.670956">
        <ele>223.5</ele>
        <time>2016-10-04T05:22:51.278Z</time>
        <extensions>
          <gpxtpx:TrackPointExtension>
            <gpxtpx:Extensions>
              <highway>primary</highway>
              <maxspeed>50</maxspeed>
              <oneway>yes</oneway>
            </gpxtpx:Extensions>
          </gpxtpx:TrackPointExtension>
        </extensions>
      </trkpt>
      <trkpt lat="44.966509" lon="7.671129">
        <ele>223.75</ele>
        <time>2016-10-04T05:22:53.371Z</time>
        <extensions>
          <gpxtpx:TrackPointExtension>
            <gpxtpx:Extensions>
              <highway>primary</highway>
              <maxspeed>50</maxspeed>
              <oneway>yes</oneway>
            </gpxtpx:Extensions>
          </gpxtpx:TrackPointExtension>
        </extensions>
      </trkpt>
      <trkpt lat="44.966514" lon="7.671188">
        <ele>223.75</ele>
        <time>2016-10-04T05:22:54.090Z</time>
        <extensions>
          <gpxtpx:TrackPointExtension>
            <gpxtpx:Extensions>
              <highway>primary</highway>
              <maxspeed>50</maxspeed>
              <oneway>yes</oneway>
            </gpxtpx:Extensions>
          </gpxtpx:TrackPointExtension>
        </extensions>
      </trkpt>
      <trkpt lat="44.966526" lon="7.67125">
        <ele>224</ele>
        <time>2016-10-04T05:22:54.867Z</time>
        <extensions>
          <gpxtpx:TrackPointExtension>
            <gpxtpx:Extensions>
              <highway>primary</highway>
              <maxspeed>50</maxspeed>
              <oneway>yes</oneway>
            </gpxtpx:Extensions>
          </gpxtpx:TrackPointExtension>
        </extensions>
      </trkpt>
      <trkpt lat="44.966548" lon="7.671319">
        <ele>224</ele>
        <time>2016-10-04T05:22:55.782Z</time>
        <extensions>
          <gpxtpx:TrackPointExtension>
            <gpxtpx:Extensions>
              <highway>primary</highway>
              <maxspeed>50</maxspeed>
              <oneway>yes</oneway>
            </gpxtpx:Extensions>
          </gpxtpx:TrackPointExtension>
        </extensions>
      </trkpt>
      <trkpt lat="44.966569" lon="7.671351">
        <ele>224.25</ele>
        <time>2016-10-04T05:22:56.310Z</time>
        <extensions>
          <gpxtpx:TrackPointExtension>
            <gpxtpx:Extensions>
              <highway>primary</highway>
              <maxspeed>50</maxspeed>
              <oneway>yes</oneway>
            </gpxtpx:Extensions>
          </gpxtpx:TrackPointExtension>
        </extensions>
      </trkpt>
      <trkpt lat="44.966593" lon="7.671378">
        <ele>224.25</ele>
        <time>2016-10-04T05:22:56.834Z</time>
        <extensions>
          <gpxtpx:TrackPointExtension>
            <gpxtpx:Extensions>
              <highway>primary</highway>
              <maxspeed>50</maxspeed>
              <oneway>yes</oneway>
            </gpxtpx:Extensions>
          </gpxtpx:TrackPointExtension>
        </extensions>
      </trkpt>
      <trkpt lat="44.966636" lon="7.671408">
        <ele>224.5</ele>
        <time>2016-10-04T05:22:57.726Z</time>
        <extensions>
          <gpxtpx:TrackPointExtension>
            <gpxtpx:Extensions>
              <highway>primary</highway>
              <maxspeed>50</maxspeed>
              <oneway>yes</oneway>
            </gpxtpx:Extensions>
          </gpxtpx:TrackPointExtension>
        </extensions>
      </trkpt>
      <trkpt lat="44.966635" lon="7.671407">
        <ele>224.25</ele>
        <time>2016-10-04T05:22:57.748Z</time>
        <extensions>
          <gpxtpx:TrackPointExtension>
            <gpxtpx:Extensions>
              <highway>primary</highway>
              <maxspeed>50</maxspeed>
              <oneway>yes</oneway>
            </gpxtpx:Extensions>
          </gpxtpx:TrackPointExtension>
        </extensions>
      </trkpt>
      <trkpt lat="44.966641" lon="7.671411">
        <ele>224.5</ele>
        <time>2016-10-04T05:22:57.871Z</time>
        <extensions>
          <gpxtpx:TrackPointExtension>
            <gpxtpx:Extensions>
              <highway>primary</highway>
              <maxspeed>50</maxspeed>
              <oneway>yes</oneway>
            </gpxtpx:Extensions>
          </gpxtpx:TrackPointExtension>
        </extensions>
      </trkpt>
      <trkpt lat="44.96667" lon="7.671423">
        <ele>224.5</ele>
        <time>2016-10-04T05:22:58.433Z</time>
        <extensions>
          <gpxtpx:TrackPointExtension>
            <gpxtpx:Extensions>
              <highway>primary</highway>
              <maxspeed>50</maxspeed>
              <oneway>yes</oneway>
            </gpxtpx:Extensions>
          </gpxtpx:TrackPointExtension>
        </extensions>
      </trkpt>
      <trkpt lat="44.966726" lon="7.671427">
        <ele>224.5</ele>
        <time>2016-10-04T05:22:59.476Z</time>
        <extensions>
          <gpxtpx:TrackPointExtension>
            <gpxtpx:Extensions>
              <highway>primary</highway>
              <maxspeed>50</maxspeed>
              <oneway>yes</oneway>
            </gpxtpx:Extensions>
          </gpxtpx:TrackPointExtension>
        </extensions>
      </trkpt>
      <trkpt lat="44.966796" lon="7.671409">
        <ele>224.5</ele>
        <time>2016-10-04T05:23:00.800Z</time>
        <extensions>
          <gpxtpx:TrackPointExtension>
            <gpxtpx:Extensions>
              <highway>primary</highway>
              <maxspeed>50</maxspeed>
              <oneway>yes</oneway>
            </gpxtpx:Extensions>
          </gpxtpx:TrackPointExtension>
        </extensions>
      </trkpt>
      <trkpt lat="44.966837" lon="7.671385">
        <ele>224.5</ele>
        <time>2016-10-04T05:23:01.626Z</time>
        <extensions>
          <gpxtpx:TrackPointExtension>
            <gpxtpx:Extensions>
              <highway>primary</highway>
              <maxspeed>50</maxspeed>
              <oneway>yes</oneway>
            </gpxtpx:Extensions>
          </gpxtpx:TrackPointExtension>
        </extensions>
      </trkpt>
      <trkpt lat="44.966917" lon="7.671309">
        <ele>224.5</ele>
        <time>2016-10-04T05:23:03.420Z</time>
        <extensions>
          <gpxtpx:TrackPointExtension>
            <gpxtpx:Extensions>
              <highway>primary</highway>
              <surface>asphalt</surface>
              <maxspeed>50</maxspeed>
              <oneway>yes</oneway>
            </gpxtpx:Extensions>
          </gpxtpx:TrackPointExtension>
        </extensions>
      </trkpt>
      <trkpt lat="44.967071" lon="7.670984">
        <ele>224.75</ele>
        <time>2016-10-04T05:23:08.571Z</time>
        <extensions>
          <gpxtpx:TrackPointExtension>
            <gpxtpx:Extensions>
              <highway>primary</highway>
              <surface>asphalt</surface>
              <maxspeed>50</maxspeed>
              <oneway>yes</oneway>
            </gpxtpx:Extensions>
          </gpxtpx:TrackPointExtension>
        </extensions>
      </trkpt>
      <trkpt lat="44.967115" lon="7.670891">
        <ele>225</ele>
        <time>2016-10-04T05:23:10.044Z</time>
        <extensions>
          <gpxtpx:TrackPointExtension>
            <gpxtpx:Extensions>
              <highway>primary</highway>
              <surface>asphalt</surface>
              <maxspeed>50</maxspeed>
              <oneway>yes</oneway>
            </gpxtpx:Extensions>
          </gpxtpx:TrackPointExtension>
        </extensions>
      </trkpt>
      <trkpt lat="44.967389" lon="7.670471">
        <ele>226</ele>
        <time>2016-10-04T05:23:17.567Z</time>
        <extensions>
          <gpxtpx:TrackPointExtension>
            <gpxtpx:Extensions>
              <highway>primary</highway>
              <surface>asphalt</surface>
              <maxspeed>50</maxspeed>
              <oneway>yes</oneway>
            </gpxtpx:Extensions>
          </gpxtpx:TrackPointExtension>
        </extensions>
      </trkpt>
      <trkpt lat="44.967492" lon="7.670325">
        <ele>226.5</ele>
        <time>2016-10-04T05:23:20.282Z</time>
        <extensions>
          <gpxtpx:TrackPointExtension>
            <gpxtpx:Extensions>
              <highway>primary</highway>
              <surface>asphalt</surface>
              <maxspeed>50</maxspeed>
              <oneway>yes</oneway>
            </gpxtpx:Extensions>
          </gpxtpx:TrackPointExtension>
        </extensions>
      </trkpt>
      <trkpt lat="44.967642" lon="7.670157">
        <ele>226.25</ele>
        <time>2016-10-04T05:23:23.844Z</time>
        <extensions>
          <gpxtpx:TrackPointExtension>
            <gpxtpx:Extensions>
              <highway>primary</highway>
              <surface>asphalt</surface>
              <maxspeed>50</maxspeed>
              <oneway>yes</oneway>
            </gpxtpx:Extensions>
          </gpxtpx:TrackPointExtension>
        </extensions>
      </trkpt>
      <trkpt lat="44.967743" lon="7.670072">
        <ele>226.25</ele>
        <time>2016-10-04T05:23:26.031Z</time>
        <extensions>
          <gpxtpx:TrackPointExtension>
            <gpxtpx:Extensions>
              <highway>primary</highway>
              <surface>asphalt</surface>
              <maxspeed>50</maxspeed>
              <oneway>yes</oneway>
            </gpxtpx:Extensions>
          </gpxtpx:TrackPointExtension>
        </extensions>
      </trkpt>
      <trkpt lat="44.967801" lon="7.670026">
        <ele>226</ele>
        <time>2016-10-04T05:23:27.269Z</time>
        <extensions>
          <gpxtpx:TrackPointExtension>
            <gpxtpx:Extensions>
              <highway>primary</highway>
              <surface>asphalt</surface>
              <maxspeed>50</maxspeed>
              <oneway>yes</oneway>
            </gpxtpx:Extensions>
          </gpxtpx:TrackPointExtension>
        </extensions>
      </trkpt>
      <trkpt lat="44.968087" lon="7.669853">
        <ele>225.25</ele>
        <time>2016-10-04T05:23:33.059Z</time>
        <extensions>
          <gpxtpx:TrackPointExtension>
            <gpxtpx:Extensions>
              <highway>primary</highway>
              <surface>asphalt</surface>
              <maxspeed>50</maxspeed>
              <oneway>yes</oneway>
            </gpxtpx:Extensions>
          </gpxtpx:TrackPointExtension>
        </extensions>
      </trkpt>
      <trkpt lat="44.968652" lon="7.669672">
        <ele>223.75</ele>
        <time>2016-10-04T05:23:43.842Z</time>
        <extensions>
          <gpxtpx:TrackPointExtension>
            <gpxtpx:Extensions>
              <highway>primary</highway>
              <surface>asphalt</surface>
              <maxspeed>50</maxspeed>
              <oneway>yes</oneway>
            </gpxtpx:Extensions>
          </gpxtpx:TrackPointExtension>
        </extensions>
      </trkpt>
      <trkpt lat="44.96924" lon="7.669545">
        <ele>221.75</ele>
        <time>2016-10-04T05:23:54.913Z</time>
        <extensions>
          <gpxtpx:TrackPointExtension>
            <gpxtpx:Extensions>
              <reversedirection>yes</reversedirection>
              <highway>primary</highway>
              <surface>asphalt</surface>
              <maxspeed>50</maxspeed>
            </gpxtpx:Extensions>
          </gpxtpx:TrackPointExtension>
        </extensions>
      </trkpt>
      <trkpt lat="44.970146" lon="7.669592">
        <ele>222.25</ele>
        <time>2016-10-04T05:24:11.787Z</time>
        <extensions>
          <gpxtpx:TrackPointExtension>
            <gpxtpx:Extensions>
              <reversedirection>yes</reversedirection>
              <highway>primary</highway>
              <surface>asphalt</surface>
              <maxspeed>50</maxspeed>
            </gpxtpx:Extensions>
          </gpxtpx:TrackPointExtension>
        </extensions>
      </trkpt>
      <trkpt lat="44.972633" lon="7.669715">
        <ele>223.5</ele>
        <time>2016-10-04T05:24:58.106Z</time>
        <extensions>
          <gpxtpx:TrackPointExtension>
            <gpxtpx:Extensions>
              <reversedirection>yes</reversedirection>
              <highway>primary</highway>
              <surface>asphalt</surface>
              <maxspeed>50</maxspeed>
            </gpxtpx:Extensions>
          </gpxtpx:TrackPointExtension>
        </extensions>
      </trkpt>
      <trkpt lat="44.973173" lon="7.669742">
        <ele>224</ele>
        <time>2016-10-04T05:25:08.163Z</time>
        <extensions>
          <gpxtpx:TrackPointExtension>
            <gpxtpx:Extensions>
              <reversedirection>yes</reversedirection>
              <highway>primary</highway>
              <surface>asphalt</surface>
              <maxspeed>50</maxspeed>
            </gpxtpx:Extensions>
          </gpxtpx:TrackPointExtension>
        </extensions>
      </trkpt>
      <trkpt lat="44.97422" lon="7.669838">
        <ele>224</ele>
        <time>2016-10-04T05:25:27.692Z</time>
        <extensions>
          <gpxtpx:TrackPointExtension>
            <gpxtpx:Extensions>
              <highway>primary</highway>
              <surface>asphalt</surface>
              <maxspeed>50</maxspeed>
              <oneway>yes</oneway>
            </gpxtpx:Extensions>
          </gpxtpx:TrackPointExtension>
        </extensions>
      </trkpt>
      <trkpt lat="44.974612" lon="7.669926">
        <ele>224.5</ele>
        <time>2016-10-04T05:25:35.079Z</time>
        <extensions>
          <gpxtpx:TrackPointExtension>
            <gpxtpx:Extensions>
              <highway>primary</highway>
              <surface>asphalt</surface>
              <maxspeed>50</maxspeed>
              <oneway>yes</oneway>
            </gpxtpx:Extensions>
          </gpxtpx:TrackPointExtension>
        </extensions>
      </trkpt>
      <trkpt lat="44.974807" lon="7.66999">
        <ele>224.75</ele>
        <time>2016-10-04T05:25:38.805Z</time>
        <extensions>
          <gpxtpx:TrackPointExtension>
            <gpxtpx:Extensions>
              <highway>primary</highway>
              <surface>asphalt</surface>
              <maxspeed>50</maxspeed>
              <oneway>yes</oneway>
            </gpxtpx:Extensions>
          </gpxtpx:TrackPointExtension>
        </extensions>
      </trkpt>
      <trkpt lat="44.9749" lon="7.670022">
        <ele>224.75</ele>
        <time>2016-10-04T05:25:40.586Z</time>
        <extensions>
          <gpxtpx:TrackPointExtension>
            <gpxtpx:Extensions>
              <highway>primary</highway>
              <surface>asphalt</surface>
              <maxspeed>50</maxspeed>
              <junction>roundabout</junction>
            </gpxtpx:Extensions>
          </gpxtpx:TrackPointExtension>
        </extensions>
      </trkpt>
      <trkpt lat="44.974936" lon="7.670084">
        <ele>224.75</ele>
        <time>2016-10-04T05:25:41.642Z</time>
        <extensions>
          <gpxtpx:TrackPointExtension>
            <gpxtpx:Extensions>
              <highway>primary</highway>
              <surface>asphalt</surface>
              <maxspeed>50</maxspeed>
              <junction>roundabout</junction>
            </gpxtpx:Extensions>
          </gpxtpx:TrackPointExtension>
        </extensions>
      </trkpt>
      <trkpt lat="44.974988" lon="7.670135">
        <ele>224.75</ele>
        <time>2016-10-04T05:25:42.820Z</time>
        <extensions>
          <gpxtpx:TrackPointExtension>
            <gpxtpx:Extensions>
              <highway>primary</highway>
              <surface>asphalt</surface>
              <maxspeed>50</maxspeed>
              <junction>roundabout</junction>
            </gpxtpx:Extensions>
          </gpxtpx:TrackPointExtension>
        </extensions>
      </trkpt>
      <trkpt lat="44.97505" lon="7.670161">
        <ele>224.75</ele>
        <time>2016-10-04T05:25:44.023Z</time>
        <extensions>
          <gpxtpx:TrackPointExtension>
            <gpxtpx:Extensions>
              <highway>primary</highway>
              <surface>asphalt</surface>
              <maxspeed>50</maxspeed>
              <junction>roundabout</junction>
            </gpxtpx:Extensions>
          </gpxtpx:TrackPointExtension>
        </extensions>
      </trkpt>
      <trkpt lat="44.975113" lon="7.67016">
        <ele>224.5</ele>
        <time>2016-10-04T05:25:45.195Z</time>
        <extensions>
          <gpxtpx:TrackPointExtension>
            <gpxtpx:Extensions>
              <highway>primary</highway>
              <surface>asphalt</surface>
              <maxspeed>50</maxspeed>
              <junction>roundabout</junction>
            </gpxtpx:Extensions>
          </gpxtpx:TrackPointExtension>
        </extensions>
      </trkpt>
      <trkpt lat="44.975148" lon="7.670149">
        <ele>224.5</ele>
        <time>2016-10-04T05:25:45.862Z</time>
        <extensions>
          <gpxtpx:TrackPointExtension>
            <gpxtpx:Extensions>
              <highway>secondary</highway>
              <surface>asphalt</surface>
              <maxspeed>50</maxspeed>
              <oneway>yes</oneway>
            </gpxtpx:Extensions>
          </gpxtpx:TrackPointExtension>
        </extensions>
      </trkpt>
      <trkpt lat="44.975381" lon="7.670159">
        <ele>223.75</ele>
        <time>2016-10-04T05:25:50.200Z</time>
        <extensions>
          <gpxtpx:TrackPointExtension>
            <gpxtpx:Extensions>
              <highway>secondary</highway>
              <surface>asphalt</surface>
              <maxspeed>50</maxspeed>
              <oneway>yes</oneway>
            </gpxtpx:Extensions>
          </gpxtpx:TrackPointExtension>
        </extensions>
      </trkpt>
      <trkpt lat="44.976174" lon="7.670276">
        <ele>222.5</ele>
        <time>2016-10-04T05:26:05.040Z</time>
        <extensions>
          <gpxtpx:TrackPointExtension>
            <gpxtpx:Extensions>
              <highway>secondary</highway>
              <surface>asphalt</surface>
              <maxspeed>50</maxspeed>
              <oneway>yes</oneway>
            </gpxtpx:Extensions>
          </gpxtpx:TrackPointExtension>
        </extensions>
      </trkpt>
      <trkpt lat="44.976492" lon="7.670282">
        <ele>222.75</ele>
        <time>2016-10-04T05:26:10.959Z</time>
        <extensions>
          <gpxtpx:TrackPointExtension>
            <gpxtpx:Extensions>
              <reversedirection>yes</reversedirection>
              <highway>secondary</highway>
              <surface>asphalt</surface>
              <maxspeed>50</maxspeed>
            </gpxtpx:Extensions>
          </gpxtpx:TrackPointExtension>
        </extensions>
      </trkpt>
      <trkpt lat="44.976662" lon="7.670298">
        <ele>222.75</ele>
        <time>2016-10-04T05:26:14.130Z</time>
        <extensions>
          <gpxtpx:TrackPointExtension>
            <gpxtpx:Extensions>
              <reversedirection>yes</reversedirection>
              <highway>secondary</highway>
              <surface>asphalt</surface>
              <maxspeed>50</maxspeed>
            </gpxtpx:Extensions>
          </gpxtpx:TrackPointExtension>
        </extensions>
      </trkpt>
      <trkpt lat="44.977018" lon="7.670331">
        <ele>222.75</ele>
        <time>2016-10-04T05:26:20.770Z</time>
        <extensions>
          <gpxtpx:TrackPointExtension>
            <gpxtpx:Extensions>
              <reversedirection>yes</reversedirection>
              <highway>secondary</highway>
              <surface>asphalt</surface>
              <maxspeed>50</maxspeed>
            </gpxtpx:Extensions>
          </gpxtpx:TrackPointExtension>
        </extensions>
      </trkpt>
      <trkpt lat="44.977116" lon="7.670336">
        <ele>222.75</ele>
        <time>2016-10-04T05:26:22.595Z</time>
        <extensions>
          <gpxtpx:TrackPointExtension>
            <gpxtpx:Extensions>
              <reversedirection>yes</reversedirection>
              <highway>secondary</highway>
              <surface>asphalt</surface>
              <maxspeed>50</maxspeed>
            </gpxtpx:Extensions>
          </gpxtpx:TrackPointExtension>
        </extensions>
      </trkpt>
      <trkpt lat="44.977271" lon="7.670344">
        <ele>222.75</ele>
        <time>2016-10-04T05:26:25.482Z</time>
        <extensions>
          <gpxtpx:TrackPointExtension>
            <gpxtpx:Extensions>
              <reversedirection>yes</reversedirection>
              <highway>secondary</highway>
              <surface>asphalt</surface>
              <maxspeed>50</maxspeed>
            </gpxtpx:Extensions>
          </gpxtpx:TrackPointExtension>
        </extensions>
      </trkpt>
      <trkpt lat="44.979603" lon="7.670506">
        <ele>224.5</ele>
        <time>2016-10-04T05:27:08.940Z</time>
        <extensions>
          <gpxtpx:TrackPointExtension>
            <gpxtpx:Extensions>
              <reversedirection>yes</reversedirection>
              <highway>secondary</highway>
              <surface>asphalt</surface>
              <maxspeed>50</maxspeed>
            </gpxtpx:Extensions>
          </gpxtpx:TrackPointExtension>
        </extensions>
      </trkpt>
      <trkpt lat="44.979786" lon="7.670519">
        <ele>224.25</ele>
        <time>2016-10-04T05:27:12.350Z</time>
        <extensions>
          <gpxtpx:TrackPointExtension>
            <gpxtpx:Extensions>
              <reversedirection>yes</reversedirection>
              <highway>secondary</highway>
              <surface>asphalt</surface>
              <maxspeed>50</maxspeed>
            </gpxtpx:Extensions>
          </gpxtpx:TrackPointExtension>
        </extensions>
      </trkpt>
      <trkpt lat="44.979938" lon="7.670527">
        <ele>224</ele>
        <time>2016-10-04T05:27:15.181Z</time>
        <extensions>
          <gpxtpx:TrackPointExtension>
            <gpxtpx:Extensions>
              <reversedirection>yes</reversedirection>
              <highway>secondary</highway>
              <surface>asphalt</surface>
              <maxspeed>50</maxspeed>
            </gpxtpx:Extensions>
          </gpxtpx:TrackPointExtension>
        </extensions>
      </trkpt>
      <trkpt lat="44.980035" lon="7.670533">
        <ele>223.75</ele>
        <time>2016-10-04T05:27:16.988Z</time>
        <extensions>
          <gpxtpx:TrackPointExtension>
            <gpxtpx:Extensions>
              <reversedirection>yes</reversedirection>
              <highway>secondary</highway>
              <surface>asphalt</surface>
              <maxspeed>50</maxspeed>
            </gpxtpx:Extensions>
          </gpxtpx:TrackPointExtension>
        </extensions>
      </trkpt>
      <trkpt lat="44.980113" lon="7.670537">
        <ele>224</ele>
        <time>2016-10-04T05:27:18.440Z</time>
        <extensions>
          <gpxtpx:TrackPointExtension>
            <gpxtpx:Extensions>
              <reversedirection>yes</reversedirection>
              <highway>secondary</highway>
              <surface>asphalt</surface>
              <maxspeed>50</maxspeed>
            </gpxtpx:Extensions>
          </gpxtpx:TrackPointExtension>
        </extensions>
      </trkpt>
      <trkpt lat="44.980272" lon="7.670549">
        <ele>224</ele>
        <time>2016-10-04T05:27:21.403Z</time>
        <extensions>
          <gpxtpx:TrackPointExtension>
            <gpxtpx:Extensions>
              <reversedirection>yes</reversedirection>
              <highway>secondary</highway>
              <surface>asphalt</surface>
              <maxspeed>50</maxspeed>
            </gpxtpx:Extensions>
          </gpxtpx:TrackPointExtension>
        </extensions>
      </trkpt>
      <trkpt lat="44.980409" lon="7.670559">
        <ele>224</ele>
        <time>2016-10-04T05:27:23.956Z</time>
        <extensions>
          <gpxtpx:TrackPointExtension>
            <gpxtpx:Extensions>
              <reversedirection>yes</reversedirection>
              <highway>secondary</highway>
              <surface>asphalt</surface>
              <maxspeed>50</maxspeed>
            </gpxtpx:Extensions>
          </gpxtpx:TrackPointExtension>
        </extensions>
      </trkpt>
      <trkpt lat="44.980492" lon="7.670564">
        <ele>224</ele>
        <time>2016-10-04T05:27:25.502Z</time>
        <extensions>
          <gpxtpx:TrackPointExtension>
            <gpxtpx:Extensions>
              <reversedirection>yes</reversedirection>
              <highway>secondary</highway>
              <surface>asphalt</surface>
              <maxspeed>50</maxspeed>
            </gpxtpx:Extensions>
          </gpxtpx:TrackPointExtension>
        </extensions>
      </trkpt>
      <trkpt lat="44.982006" lon="7.670679">
        <ele>222</ele>
        <time>2016-10-04T05:27:53.723Z</time>
        <extensions>
          <gpxtpx:TrackPointExtension>
            <gpxtpx:Extensions>
              <reversedirection>yes</reversedirection>
              <highway>secondary</highway>
              <surface>asphalt</surface>
              <maxspeed>50</maxspeed>
            </gpxtpx:Extensions>
          </gpxtpx:TrackPointExtension>
        </extensions>
      </trkpt>
      <trkpt lat="44.982492" lon="7.670718">
        <ele>222</ele>
        <time>2016-10-04T05:28:02.783Z</time>
        <extensions>
          <gpxtpx:TrackPointExtension>
            <gpxtpx:Extensions>
              <reversedirection>yes</reversedirection>
              <highway>secondary</highway>
              <surface>asphalt</surface>
              <maxspeed>50</maxspeed>
            </gpxtpx:Extensions>
          </gpxtpx:TrackPointExtension>
        </extensions>
      </trkpt>
      <trkpt lat="44.982669" lon="7.670731">
        <ele>221.75</ele>
        <time>2016-10-04T05:28:06.082Z</time>
        <extensions>
          <gpxtpx:TrackPointExtension>
            <gpxtpx:Extensions>
              <reversedirection>yes</reversedirection>
              <highway>secondary</highway>
              <surface>asphalt</surface>
              <maxspeed>50</maxspeed>
            </gpxtpx:Extensions>
          </gpxtpx:TrackPointExtension>
        </extensions>
      </trkpt>
      <trkpt lat="44.983071" lon="7.670762">
        <ele>221.75</ele>
        <time>2016-10-04T05:28:13.575Z</time>
        <extensions>
          <gpxtpx:TrackPointExtension>
            <gpxtpx:Extensions>
              <reversedirection>yes</reversedirection>
              <highway>secondary</highway>
              <surface>asphalt</surface>
              <maxspeed>50</maxspeed>
            </gpxtpx:Extensions>
          </gpxtpx:TrackPointExtension>
        </extensions>
      </trkpt>
      <trkpt lat="44.983715" lon="7.67081">
        <ele>221.5</ele>
        <time>2016-10-04T05:28:25.578Z</time>
        <extensions>
          <gpxtpx:TrackPointExtension>
            <gpxtpx:Extensions>
              <reversedirection>yes</reversedirection>
              <highway>secondary</highway>
              <surface>asphalt</surface>
              <maxspeed>50</maxspeed>
            </gpxtpx:Extensions>
          </gpxtpx:TrackPointExtension>
        </extensions>
      </trkpt>
      <trkpt lat="44.984044" lon="7.670834">
        <ele>221</ele>
        <time>2016-10-04T05:28:31.709Z</time>
        <extensions>
          <gpxtpx:TrackPointExtension>
            <gpxtpx:Extensions>
              <highway>secondary</highway>
              <surface>asphalt</surface>
              <oneway>yes</oneway>
            </gpxtpx:Extensions>
          </gpxtpx:TrackPointExtension>
        </extensions>
      </trkpt>
      <trkpt lat="44.984169" lon="7.670878">
        <ele>221</ele>
        <time>2016-10-04T05:28:34.106Z</time>
        <extensions>
          <gpxtpx:TrackPointExtension>
            <gpxtpx:Extensions>
              <highway>secondary</highway>
              <surface>asphalt</surface>
              <oneway>yes</oneway>
            </gpxtpx:Extensions>
          </gpxtpx:TrackPointExtension>
        </extensions>
      </trkpt>
      <trkpt lat="44.984231" lon="7.670928">
        <ele>221.25</ele>
        <time>2016-10-04T05:28:35.434Z</time>
        <extensions>
          <gpxtpx:TrackPointExtension>
            <gpxtpx:Extensions>
              <highway>secondary</highway>
              <surface>asphalt</surface>
              <oneway>yes</oneway>
            </gpxtpx:Extensions>
          </gpxtpx:TrackPointExtension>
        </extensions>
      </trkpt>
      <trkpt lat="44.984355" lon="7.671031">
        <ele>221.75</ele>
        <time>2016-10-04T05:28:38.110Z</time>
        <extensions>
          <gpxtpx:TrackPointExtension>
            <gpxtpx:Extensions>
              <highway>secondary</highway>
              <surface>asphalt</surface>
              <junction>roundabout</junction>
            </gpxtpx:Extensions>
          </gpxtpx:TrackPointExtension>
        </extensions>
      </trkpt>
      <trkpt lat="44.984387" lon="7.671067">
        <ele>221.75</ele>
        <time>2016-10-04T05:28:38.871Z</time>
        <extensions>
          <gpxtpx:TrackPointExtension>
            <gpxtpx:Extensions>
              <highway>secondary</highway>
              <surface>asphalt</surface>
              <junction>roundabout</junction>
            </gpxtpx:Extensions>
          </gpxtpx:TrackPointExtension>
        </extensions>
      </trkpt>
      <trkpt lat="44.984426" lon="7.671093">
        <ele>221.75</ele>
        <time>2016-10-04T05:28:39.673Z</time>
        <extensions>
          <gpxtpx:TrackPointExtension>
            <gpxtpx:Extensions>
              <highway>secondary</highway>
              <surface>asphalt</surface>
              <junction>roundabout</junction>
            </gpxtpx:Extensions>
          </gpxtpx:TrackPointExtension>
        </extensions>
      </trkpt>
      <trkpt lat="44.984469" lon="7.671103">
        <ele>221.75</ele>
        <time>2016-10-04T05:28:40.484Z</time>
        <extensions>
          <gpxtpx:TrackPointExtension>
            <gpxtpx:Extensions>
              <highway>secondary</highway>
              <surface>asphalt</surface>
              <junction>roundabout</junction>
            </gpxtpx:Extensions>
          </gpxtpx:TrackPointExtension>
        </extensions>
      </trkpt>
      <trkpt lat="44.984512" lon="7.671098">
        <ele>221.75</ele>
        <time>2016-10-04T05:28:41.287Z</time>
        <extensions>
          <gpxtpx:TrackPointExtension>
            <gpxtpx:Extensions>
              <highway>secondary</highway>
              <surface>asphalt</surface>
              <junction>roundabout</junction>
            </gpxtpx:Extensions>
          </gpxtpx:TrackPointExtension>
        </extensions>
      </trkpt>
      <trkpt lat="44.984553" lon="7.671078">
        <ele>221.75</ele>
        <time>2016-10-04T05:28:42.094Z</time>
        <extensions>
          <gpxtpx:TrackPointExtension>
            <gpxtpx:Extensions>
              <highway>secondary</highway>
              <surface>asphalt</surface>
              <junction>roundabout</junction>
            </gpxtpx:Extensions>
          </gpxtpx:TrackPointExtension>
        </extensions>
      </trkpt>
      <trkpt lat="44.98459" lon="7.671045">
        <ele>221.75</ele>
        <time>2016-10-04T05:28:42.908Z</time>
        <extensions>
          <gpxtpx:TrackPointExtension>
            <gpxtpx:Extensions>
              <highway>secondary</highway>
              <surface>asphalt</surface>
              <junction>roundabout</junction>
            </gpxtpx:Extensions>
          </gpxtpx:TrackPointExtension>
        </extensions>
      </trkpt>
      <trkpt lat="44.984612" lon="7.671012">
        <ele>221.75</ele>
        <time>2016-10-04T05:28:43.505Z</time>
        <extensions>
          <gpxtpx:TrackPointExtension>
            <gpxtpx:Extensions>
              <highway>secondary</highway>
              <surface>asphalt</surface>
              <oneway>yes</oneway>
            </gpxtpx:Extensions>
          </gpxtpx:TrackPointExtension>
        </extensions>
      </trkpt>
      <trkpt lat="44.984692" lon="7.670963">
        <ele>221.75</ele>
        <time>2016-10-04T05:28:45.127Z</time>
        <extensions>
          <gpxtpx:TrackPointExtension>
            <gpxtpx:Extensions>
              <highway>secondary</highway>
              <surface>asphalt</surface>
              <oneway>yes</oneway>
            </gpxtpx:Extensions>
          </gpxtpx:TrackPointExtension>
        </extensions>
      </trkpt>
      <trkpt lat="44.984753" lon="7.670939">
        <ele>221.75</ele>
        <time>2016-10-04T05:28:46.305Z</time>
        <extensions>
          <gpxtpx:TrackPointExtension>
            <gpxtpx:Extensions>
              <highway>secondary</highway>
              <surface>asphalt</surface>
              <oneway>yes</oneway>
            </gpxtpx:Extensions>
          </gpxtpx:TrackPointExtension>
        </extensions>
      </trkpt>
      <trkpt lat="44.9849" lon="7.670893">
        <ele>221.75</ele>
        <time>2016-10-04T05:28:49.107Z</time>
        <extensions>
          <gpxtpx:TrackPointExtension>
            <gpxtpx:Extensions>
              <reversedirection>yes</reversedirection>
              <highway>secondary</highway>
              <surface>asphalt</surface>
            </gpxtpx:Extensions>
          </gpxtpx:TrackPointExtension>
        </extensions>
      </trkpt>
      <trkpt lat="44.986594" lon="7.671021">
        <ele>222.75</ele>
        <time>2016-10-04T05:29:20.682Z</time>
        <extensions>
          <gpxtpx:TrackPointExtension>
            <gpxtpx:Extensions>
              <reversedirection>yes</reversedirection>
              <highway>secondary</highway>
              <surface>asphalt</surface>
            </gpxtpx:Extensions>
          </gpxtpx:TrackPointExtension>
        </extensions>
      </trkpt>
      <trkpt lat="44.986619" lon="7.671023">
        <ele>222.75</ele>
        <time>2016-10-04T05:29:21.148Z</time>
        <extensions>
          <gpxtpx:TrackPointExtension>
            <gpxtpx:Extensions>
              <reversedirection>yes</reversedirection>
              <highway>secondary</highway>
              <surface>asphalt</surface>
            </gpxtpx:Extensions>
          </gpxtpx:TrackPointExtension>
        </extensions>
      </trkpt>
      <trkpt lat="44.987215" lon="7.671068">
        <ele>221</ele>
        <time>2016-10-04T05:29:32.257Z</time>
        <extensions>
          <gpxtpx:TrackPointExtension>
            <gpxtpx:Extensions>
              <reversedirection>yes</reversedirection>
              <highway>secondary</highway>
              <surface>asphalt</surface>
            </gpxtpx:Extensions>
          </gpxtpx:TrackPointExtension>
        </extensions>
      </trkpt>
      <trkpt lat="44.987479" lon="7.671088">
        <ele>220.25</ele>
        <time>2016-10-04T05:29:37.177Z</time>
        <extensions>
          <gpxtpx:TrackPointExtension>
            <gpxtpx:Extensions>
              <reversedirection>yes</reversedirection>
              <highway>secondary</highway>
              <surface>asphalt</surface>
            </gpxtpx:Extensions>
          </gpxtpx:TrackPointExtension>
        </extensions>
      </trkpt>
      <trkpt lat="44.987613" lon="7.671098">
        <ele>220.5</ele>
        <time>2016-10-04T05:29:39.674Z</time>
        <extensions>
          <gpxtpx:TrackPointExtension>
            <gpxtpx:Extensions>
              <reversedirection>yes</reversedirection>
              <highway>secondary</highway>
              <surface>asphalt</surface>
            </gpxtpx:Extensions>
          </gpxtpx:TrackPointExtension>
        </extensions>
      </trkpt>
      <trkpt lat="44.987831" lon="7.671113">
        <ele>221.25</ele>
        <time>2016-10-04T05:29:43.736Z</time>
        <extensions>
          <gpxtpx:TrackPointExtension>
            <gpxtpx:Extensions>
              <reversedirection>yes</reversedirection>
              <highway>secondary</highway>
              <surface>asphalt</surface>
            </gpxtpx:Extensions>
          </gpxtpx:TrackPointExtension>
        </extensions>
      </trkpt>
      <trkpt lat="44.988089" lon="7.671132">
        <ele>221.75</ele>
        <time>2016-10-04T05:29:48.544Z</time>
        <extensions>
          <gpxtpx:TrackPointExtension>
            <gpxtpx:Extensions>
              <reversedirection>yes</reversedirection>
              <highway>secondary</highway>
              <surface>asphalt</surface>
            </gpxtpx:Extensions>
          </gpxtpx:TrackPointExtension>
        </extensions>
      </trkpt>
      <trkpt lat="44.990276" lon="7.671287">
        <ele>222.5</ele>
        <time>2016-10-04T05:30:29.302Z</time>
        <extensions>
          <gpxtpx:TrackPointExtension>
            <gpxtpx:Extensions>
              <reversedirection>yes</reversedirection>
              <highway>secondary</highway>
              <surface>asphalt</surface>
            </gpxtpx:Extensions>
          </gpxtpx:TrackPointExtension>
        </extensions>
      </trkpt>
      <trkpt lat="44.991257" lon="7.671359">
        <ele>222.5</ele>
        <time>2016-10-04T05:30:47.586Z</time>
        <extensions>
          <gpxtpx:TrackPointExtension>
            <gpxtpx:Extensions>
              <reversedirection>yes</reversedirection>
              <highway>secondary</highway>
              <surface>asphalt</surface>
            </gpxtpx:Extensions>
          </gpxtpx:TrackPointExtension>
        </extensions>
      </trkpt>
      <trkpt lat="44.991299" lon="7.671362">
        <ele>222.5</ele>
        <time>2016-10-04T05:30:48.368Z</time>
        <extensions>
          <gpxtpx:TrackPointExtension>
            <gpxtpx:Extensions>
              <reversedirection>yes</reversedirection>
              <highway>secondary</highway>
              <surface>asphalt</surface>
            </gpxtpx:Extensions>
          </gpxtpx:TrackPointExtension>
        </extensions>
      </trkpt>
      <trkpt lat="44.992559" lon="7.671468">
        <ele>222</ele>
        <time>2016-10-04T05:31:11.862Z</time>
        <extensions>
          <gpxtpx:TrackPointExtension>
            <gpxtpx:Extensions>
              <reversedirection>yes</reversedirection>
              <highway>secondary</highway>
              <surface>asphalt</surface>
            </gpxtpx:Extensions>
          </gpxtpx:TrackPointExtension>
        </extensions>
      </trkpt>
      <trkpt lat="44.992879" lon="7.671485">
        <ele>222</ele>
        <time>2016-10-04T05:31:17.822Z</time>
        <extensions>
          <gpxtpx:TrackPointExtension>
            <gpxtpx:Extensions>
              <reversedirection>yes</reversedirection>
              <highway>secondary</highway>
              <surface>asphalt</surface>
            </gpxtpx:Extensions>
          </gpxtpx:TrackPointExtension>
        </extensions>
      </trkpt>
      <trkpt lat="44.993229" lon="7.671504">
        <ele>222</ele>
        <time>2016-10-04T05:31:24.341Z</time>
        <extensions>
          <gpxtpx:TrackPointExtension>
            <gpxtpx:Extensions>
              <reversedirection>yes</reversedirection>
              <highway>secondary</highway>
              <surface>asphalt</surface>
            </gpxtpx:Extensions>
          </gpxtpx:TrackPointExtension>
        </extensions>
      </trkpt>
      <trkpt lat="44.99504" lon="7.671637">
        <ele>220</ele>
        <time>2016-10-04T05:31:58.095Z</time>
        <extensions>
          <gpxtpx:TrackPointExtension>
            <gpxtpx:Extensions>
              <reversedirection>yes</reversedirection>
              <highway>secondary</highway>
              <surface>asphalt</surface>
            </gpxtpx:Extensions>
          </gpxtpx:TrackPointExtension>
        </extensions>
      </trkpt>
      <trkpt lat="44.995127" lon="7.671643">
        <ele>220</ele>
        <time>2016-10-04T05:31:59.716Z</time>
        <extensions>
          <gpxtpx:TrackPointExtension>
            <gpxtpx:Extensions>
              <reversedirection>yes</reversedirection>
              <highway>secondary</highway>
              <surface>asphalt</surface>
            </gpxtpx:Extensions>
          </gpxtpx:TrackPointExtension>
        </extensions>
      </trkpt>
      <trkpt lat="44.99563" lon="7.671682">
        <ele>219.75</ele>
        <time>2016-10-04T05:32:09.092Z</time>
        <extensions>
          <gpxtpx:TrackPointExtension>
            <gpxtpx:Extensions>
              <reversedirection>yes</reversedirection>
              <highway>secondary</highway>
              <surface>asphalt</surface>
            </gpxtpx:Extensions>
          </gpxtpx:TrackPointExtension>
        </extensions>
      </trkpt>
      <trkpt lat="44.995847" lon="7.671698">
        <ele>219.75</ele>
        <time>2016-10-04T05:32:13.136Z</time>
        <extensions>
          <gpxtpx:TrackPointExtension>
            <gpxtpx:Extensions>
              <reversedirection>yes</reversedirection>
              <highway>secondary</highway>
              <surface>asphalt</surface>
            </gpxtpx:Extensions>
          </gpxtpx:TrackPointExtension>
        </extensions>
      </trkpt>
      <trkpt lat="44.996421" lon="7.671743">
        <ele>222.5</ele>
        <time>2016-10-04T05:32:23.836Z</time>
        <extensions>
          <gpxtpx:TrackPointExtension>
            <gpxtpx:Extensions>
              <reversedirection>yes</reversedirection>
              <highway>secondary</highway>
              <surface>asphalt</surface>
            </gpxtpx:Extensions>
          </gpxtpx:TrackPointExtension>
        </extensions>
      </trkpt>
      <trkpt lat="44.996509" lon="7.67175">
        <ele>222.75</ele>
        <time>2016-10-04T05:32:25.476Z</time>
        <extensions>
          <gpxtpx:TrackPointExtension>
            <gpxtpx:Extensions>
              <reversedirection>yes</reversedirection>
              <highway>secondary</highway>
              <surface>asphalt</surface>
            </gpxtpx:Extensions>
          </gpxtpx:TrackPointExtension>
        </extensions>
      </trkpt>
      <trkpt lat="44.996905" lon="7.671772">
        <ele>223</ele>
        <time>2016-10-04T05:32:32.852Z</time>
        <extensions>
          <gpxtpx:TrackPointExtension>
            <gpxtpx:Extensions>
              <reversedirection>yes</reversedirection>
              <highway>secondary</highway>
              <surface>asphalt</surface>
            </gpxtpx:Extensions>
          </gpxtpx:TrackPointExtension>
        </extensions>
      </trkpt>
      <trkpt lat="44.997444" lon="7.671802">
        <ele>221.75</ele>
        <time>2016-10-04T05:32:42.892Z</time>
        <extensions>
          <gpxtpx:TrackPointExtension>
            <gpxtpx:Extensions>
              <reversedirection>yes</reversedirection>
              <highway>secondary</highway>
              <surface>asphalt</surface>
            </gpxtpx:Extensions>
          </gpxtpx:TrackPointExtension>
        </extensions>
      </trkpt>
      <trkpt lat="44.997902" lon="7.671846">
        <ele>222.5</ele>
        <time>2016-10-04T05:32:51.436Z</time>
        <extensions>
          <gpxtpx:TrackPointExtension>
            <gpxtpx:Extensions>
              <reversedirection>yes</reversedirection>
              <highway>secondary</highway>
              <surface>asphalt</surface>
            </gpxtpx:Extensions>
          </gpxtpx:TrackPointExtension>
        </extensions>
      </trkpt>
      <trkpt lat="44.998054" lon="7.671857">
        <ele>222.75</ele>
        <time>2016-10-04T05:32:54.268Z</time>
        <extensions>
          <gpxtpx:TrackPointExtension>
            <gpxtpx:Extensions>
              <reversedirection>yes</reversedirection>
              <highway>secondary</highway>
              <surface>asphalt</surface>
            </gpxtpx:Extensions>
          </gpxtpx:TrackPointExtension>
        </extensions>
      </trkpt>
      <trkpt lat="44.998282" lon="7.671876">
        <ele>223</ele>
        <time>2016-10-04T05:32:58.519Z</time>
        <extensions>
          <gpxtpx:TrackPointExtension>
            <gpxtpx:Extensions>
              <highway>secondary</highway>
              <oneway>yes</oneway>
            </gpxtpx:Extensions>
          </gpxtpx:TrackPointExtension>
        </extensions>
      </trkpt>
      <trkpt lat="44.998333" lon="7.671913">
        <ele>223</ele>
        <time>2016-10-04T05:32:59.585Z</time>
        <extensions>
          <gpxtpx:TrackPointExtension>
            <gpxtpx:Extensions>
              <highway>secondary</highway>
              <oneway>yes</oneway>
            </gpxtpx:Extensions>
          </gpxtpx:TrackPointExtension>
        </extensions>
      </trkpt>
      <trkpt lat="44.998387" lon="7.671916">
        <ele>223.25</ele>
        <time>2016-10-04T05:33:00.590Z</time>
        <extensions>
          <gpxtpx:TrackPointExtension>
            <gpxtpx:Extensions>
              <highway>secondary</highway>
              <oneway>yes</oneway>
            </gpxtpx:Extensions>
          </gpxtpx:TrackPointExtension>
        </extensions>
      </trkpt>
      <trkpt lat="44.998647" lon="7.671914">
        <ele>224.25</ele>
        <time>2016-10-04T05:33:05.429Z</time>
        <extensions>
          <gpxtpx:TrackPointExtension>
            <gpxtpx:Extensions>
              <highway>secondary</highway>
              <oneway>yes</oneway>
            </gpxtpx:Extensions>
          </gpxtpx:TrackPointExtension>
        </extensions>
      </trkpt>
      <trkpt lat="44.998728" lon="7.671898">
        <ele>224.5</ele>
        <time>2016-10-04T05:33:06.951Z</time>
        <extensions>
          <gpxtpx:TrackPointExtension>
            <gpxtpx:Extensions>
              <highway>secondary</highway>
              <oneway>yes</oneway>
            </gpxtpx:Extensions>
          </gpxtpx:TrackPointExtension>
        </extensions>
      </trkpt>
      <trkpt lat="44.998759" lon="7.671888">
        <ele>224.75</ele>
        <time>2016-10-04T05:33:07.543Z</time>
        <extensions>
          <gpxtpx:TrackPointExtension>
            <gpxtpx:Extensions>
              <highway>secondary</highway>
              <oneway>yes</oneway>
            </gpxtpx:Extensions>
          </gpxtpx:TrackPointExtension>
        </extensions>
      </trkpt>
      <trkpt lat="44.998942" lon="7.671835">
        <ele>225.25</ele>
        <time>2016-10-04T05:33:11.019Z</time>
        <extensions>
          <gpxtpx:TrackPointExtension>
            <gpxtpx:Extensions>
              <highway>secondary</highway>
              <oneway>yes</oneway>
            </gpxtpx:Extensions>
          </gpxtpx:TrackPointExtension>
        </extensions>
      </trkpt>
      <trkpt lat="44.998989" lon="7.67183">
        <ele>225.5</ele>
        <time>2016-10-04T05:33:11.896Z</time>
        <extensions>
          <gpxtpx:TrackPointExtension>
            <gpxtpx:Extensions>
              <highway>secondary</highway>
              <oneway>yes</oneway>
            </gpxtpx:Extensions>
          </gpxtpx:TrackPointExtension>
        </extensions>
      </trkpt>
      <trkpt lat="44.999023" lon="7.671828">
        <ele>225.5</ele>
        <time>2016-10-04T05:33:12.529Z</time>
        <extensions>
          <gpxtpx:TrackPointExtension>
            <gpxtpx:Extensions>
              <highway>secondary</highway>
              <surface>asphalt</surface>
              <junction>roundabout</junction>
            </gpxtpx:Extensions>
          </gpxtpx:TrackPointExtension>
        </extensions>
      </trkpt>
      <trkpt lat="44.999039" lon="7.671847">
        <ele>225.75</ele>
        <time>2016-10-04T05:33:12.917Z</time>
        <extensions>
          <gpxtpx:TrackPointExtension>
            <gpxtpx:Extensions>
              <highway>secondary</highway>
              <surface>asphalt</surface>
              <junction>roundabout</junction>
            </gpxtpx:Extensions>
          </gpxtpx:TrackPointExtension>
        </extensions>
      </trkpt>
      <trkpt lat="44.999073" lon="7.671869">
        <ele>225.75</ele>
        <time>2016-10-04T05:33:13.612Z</time>
        <extensions>
          <gpxtpx:TrackPointExtension>
            <gpxtpx:Extensions>
              <highway>secondary</highway>
              <surface>asphalt</surface>
              <junction>roundabout</junction>
            </gpxtpx:Extensions>
          </gpxtpx:TrackPointExtension>
        </extensions>
      </trkpt>
      <trkpt lat="44.999111" lon="7.671875">
        <ele>226</ele>
        <time>2016-10-04T05:33:14.323Z</time>
        <extensions>
          <gpxtpx:TrackPointExtension>
            <gpxtpx:Extensions>
              <highway>secondary</highway>
              <surface>asphalt</surface>
              <junction>roundabout</junction>
            </gpxtpx:Extensions>
          </gpxtpx:TrackPointExtension>
        </extensions>
      </trkpt>
      <trkpt lat="44.999147" lon="7.671863">
        <ele>226</ele>
        <time>2016-10-04T05:33:15.011Z</time>
        <extensions>
          <gpxtpx:TrackPointExtension>
            <gpxtpx:Extensions>
              <highway>secondary</highway>
              <surface>asphalt</surface>
              <junction>roundabout</junction>
            </gpxtpx:Extensions>
          </gpxtpx:TrackPointExtension>
        </extensions>
      </trkpt>
      <trkpt lat="44.999187" lon="7.671823">
        <ele>226</ele>
        <time>2016-10-04T05:33:15.922Z</time>
        <extensions>
          <gpxtpx:TrackPointExtension>
            <gpxtpx:Extensions>
              <highway>secondary</highway>
              <surface>asphalt</surface>
              <oneway>yes</oneway>
            </gpxtpx:Extensions>
          </gpxtpx:TrackPointExtension>
        </extensions>
      </trkpt>
      <trkpt lat="44.999311" lon="7.671797">
        <ele>225.25</ele>
        <time>2016-10-04T05:33:18.255Z</time>
        <extensions>
          <gpxtpx:TrackPointExtension>
            <gpxtpx:Extensions>
              <highway>secondary</highway>
              <surface>asphalt</surface>
              <oneway>yes</oneway>
            </gpxtpx:Extensions>
          </gpxtpx:TrackPointExtension>
        </extensions>
      </trkpt>
      <trkpt lat="44.999404" lon="7.671797">
        <ele>225</ele>
        <time>2016-10-04T05:33:19.986Z</time>
        <extensions>
          <gpxtpx:TrackPointExtension>
            <gpxtpx:Extensions>
              <reversedirection>yes</reversedirection>
              <highway>secondary</highway>
              <surface>asphalt</surface>
            </gpxtpx:Extensions>
          </gpxtpx:TrackPointExtension>
        </extensions>
      </trkpt>
      <trkpt lat="44.99952" lon="7.671843">
        <ele>224.5</ele>
        <time>2016-10-04T05:33:22.228Z</time>
        <extensions>
          <gpxtpx:TrackPointExtension>
            <gpxtpx:Extensions>
              <reversedirection>yes</reversedirection>
              <highway>secondary</highway>
              <surface>asphalt</surface>
            </gpxtpx:Extensions>
          </gpxtpx:TrackPointExtension>
        </extensions>
      </trkpt>
      <trkpt lat="44.999636" lon="7.671877">
        <ele>224</ele>
        <time>2016-10-04T05:33:24.433Z</time>
        <extensions>
          <gpxtpx:TrackPointExtension>
            <gpxtpx:Extensions>
              <reversedirection>yes</reversedirection>
              <highway>secondary</highway>
              <maxspeed>50</maxspeed>
            </gpxtpx:Extensions>
          </gpxtpx:TrackPointExtension>
        </extensions>
      </trkpt>
      <trkpt lat="44.999754" lon="7.671879">
        <ele>223.25</ele>
        <time>2016-10-04T05:33:26.629Z</time>
        <extensions>
          <gpxtpx:TrackPointExtension>
            <gpxtpx:Extensions>
              <reversedirection>yes</reversedirection>
              <highway>secondary</highway>
              <maxspeed>50</maxspeed>
            </gpxtpx:Extensions>
          </gpxtpx:TrackPointExtension>
        </extensions>
      </trkpt>
      <trkpt lat="44.999988" lon="7.671859">
        <ele>222.25</ele>
        <time>2016-10-04T05:33:30.992Z</time>
        <extensions>
          <gpxtpx:TrackPointExtension>
            <gpxtpx:Extensions>
              <reversedirection>yes</reversedirection>
              <highway>secondary</highway>
              <maxspeed>50</maxspeed>
            </gpxtpx:Extensions>
          </gpxtpx:TrackPointExtension>
        </extensions>
      </trkpt>
      <trkpt lat="45.000188" lon="7.671835">
        <ele>222.25</ele>
        <time>2016-10-04T05:33:34.728Z</time>
        <extensions>
          <gpxtpx:TrackPointExtension>
            <gpxtpx:Extensions>
              <reversedirection>yes</reversedirection>
              <highway>secondary</highway>
              <maxspeed>50</maxspeed>
            </gpxtpx:Extensions>
          </gpxtpx:TrackPointExtension>
        </extensions>
      </trkpt>
      <trkpt lat="45.000266" lon="7.671823">
        <ele>222.5</ele>
        <time>2016-10-04T05:33:36.188Z</time>
        <extensions>
          <gpxtpx:TrackPointExtension>
            <gpxtpx:Extensions>
              <reversedirection>yes</reversedirection>
              <highway>secondary</highway>
              <maxspeed>50</maxspeed>
            </gpxtpx:Extensions>
          </gpxtpx:TrackPointExtension>
        </extensions>
      </trkpt>
      <trkpt lat="45.000371" lon="7.671802">
        <ele>222.5</ele>
        <time>2016-10-04T05:33:38.161Z</time>
        <extensions>
          <gpxtpx:TrackPointExtension>
            <gpxtpx:Extensions>
              <reversedirection>yes</reversedirection>
              <highway>secondary</highway>
              <maxspeed>50</maxspeed>
            </gpxtpx:Extensions>
          </gpxtpx:TrackPointExtension>
        </extensions>
      </trkpt>
      <trkpt lat="45.00051" lon="7.671772">
        <ele>222.5</ele>
        <time>2016-10-04T05:33:40.778Z</time>
        <extensions>
          <gpxtpx:TrackPointExtension>
            <gpxtpx:Extensions>
              <reversedirection>yes</reversedirection>
              <highway>secondary</highway>
              <maxspeed>50</maxspeed>
            </gpxtpx:Extensions>
          </gpxtpx:TrackPointExtension>
        </extensions>
      </trkpt>
      <trkpt lat="45.000591" lon="7.671752">
        <ele>222.75</ele>
        <time>2016-10-04T05:33:42.308Z</time>
        <extensions>
          <gpxtpx:TrackPointExtension>
            <gpxtpx:Extensions>
              <reversedirection>yes</reversedirection>
              <highway>secondary</highway>
              <maxspeed>50</maxspeed>
            </gpxtpx:Extensions>
          </gpxtpx:TrackPointExtension>
        </extensions>
      </trkpt>
      <trkpt lat="45.000692" lon="7.67172">
        <ele>222.75</ele>
        <time>2016-10-04T05:33:44.234Z</time>
        <extensions>
          <gpxtpx:TrackPointExtension>
            <gpxtpx:Extensions>
              <reversedirection>yes</reversedirection>
              <highway>secondary</highway>
              <maxspeed>50</maxspeed>
            </gpxtpx:Extensions>
          </gpxtpx:TrackPointExtension>
        </extensions>
      </trkpt>
      <trkpt lat="45.000901" lon="7.671637">
        <ele>222.75</ele>
        <time>2016-10-04T05:33:48.274Z</time>
        <extensions>
          <gpxtpx:TrackPointExtension>
            <gpxtpx:Extensions>
              <reversedirection>yes</reversedirection>
              <highway>secondary</highway>
              <maxspeed>50</maxspeed>
            </gpxtpx:Extensions>
          </gpxtpx:TrackPointExtension>
        </extensions>
      </trkpt>
      <trkpt lat="45.001058" lon="7.671553">
        <ele>222.75</ele>
        <time>2016-10-04T05:33:51.398Z</time>
        <extensions>
          <gpxtpx:TrackPointExtension>
            <gpxtpx:Extensions>
              <reversedirection>yes</reversedirection>
              <highway>secondary</highway>
              <maxspeed>50</maxspeed>
            </gpxtpx:Extensions>
          </gpxtpx:TrackPointExtension>
        </extensions>
      </trkpt>
      <trkpt lat="45.001217" lon="7.67145">
        <ele>222.75</ele>
        <time>2016-10-04T05:33:54.653Z</time>
        <extensions>
          <gpxtpx:TrackPointExtension>
            <gpxtpx:Extensions>
              <reversedirection>yes</reversedirection>
              <highway>secondary</highway>
              <maxspeed>50</maxspeed>
            </gpxtpx:Extensions>
          </gpxtpx:TrackPointExtension>
        </extensions>
      </trkpt>
      <trkpt lat="45.001322" lon="7.671382">
        <ele>222.75</ele>
        <time>2016-10-04T05:33:56.802Z</time>
        <extensions>
          <gpxtpx:TrackPointExtension>
            <gpxtpx:Extensions>
              <reversedirection>yes</reversedirection>
              <highway>secondary</highway>
              <maxspeed>50</maxspeed>
            </gpxtpx:Extensions>
          </gpxtpx:TrackPointExtension>
        </extensions>
      </trkpt>
      <trkpt lat="45.001775" lon="7.67106">
        <ele>223</ele>
        <time>2016-10-04T05:34:06.238Z</time>
        <extensions>
          <gpxtpx:TrackPointExtension>
            <gpxtpx:Extensions>
              <highway>secondary</highway>
              <surface>asphalt</surface>
              <oneway>yes</oneway>
            </gpxtpx:Extensions>
          </gpxtpx:TrackPointExtension>
        </extensions>
      </trkpt>
      <trkpt lat="45.002119" lon="7.670853">
        <ele>223.5</ele>
        <time>2016-10-04T05:34:13.196Z</time>
        <extensions>
          <gpxtpx:TrackPointExtension>
            <gpxtpx:Extensions>
              <highway>secondary</highway>
              <surface>asphalt</surface>
              <oneway>yes</oneway>
            </gpxtpx:Extensions>
          </gpxtpx:TrackPointExtension>
        </extensions>
      </trkpt>
      <trkpt lat="45.00218" lon="7.670827">
        <ele>223.5</ele>
        <time>2016-10-04T05:34:14.381Z</time>
        <extensions>
          <gpxtpx:TrackPointExtension>
            <gpxtpx:Extensions>
              <highway>secondary</highway>
              <surface>asphalt</surface>
              <oneway>yes</oneway>
            </gpxtpx:Extensions>
          </gpxtpx:TrackPointExtension>
        </extensions>
      </trkpt>
      <trkpt lat="45.002214" lon="7.67082">
        <ele>223.5</ele>
        <time>2016-10-04T05:34:15.020Z</time>
        <extensions>
          <gpxtpx:TrackPointExtension>
            <gpxtpx:Extensions>
              <highway>secondary</highway>
              <surface>asphalt</surface>
              <oneway>yes</oneway>
            </gpxtpx:Extensions>
          </gpxtpx:TrackPointExtension>
        </extensions>
      </trkpt>
      <trkpt lat="45.00225" lon="7.670832">
        <ele>223.5</ele>
        <time>2016-10-04T05:34:15.708Z</time>
        <extensions>
          <gpxtpx:TrackPointExtension>
            <gpxtpx:Extensions>
              <highway>secondary</highway>
              <surface>asphalt</surface>
              <maxspeed>50</maxspeed>
              <junction>roundabout</junction>
            </gpxtpx:Extensions>
          </gpxtpx:TrackPointExtension>
        </extensions>
      </trkpt>
      <trkpt lat="45.002264" lon="7.670852">
        <ele>223.5</ele>
        <time>2016-10-04T05:34:16.078Z</time>
        <extensions>
          <gpxtpx:TrackPointExtension>
            <gpxtpx:Extensions>
              <highway>secondary</highway>
              <surface>asphalt</surface>
              <maxspeed>50</maxspeed>
              <junction>roundabout</junction>
            </gpxtpx:Extensions>
          </gpxtpx:TrackPointExtension>
        </extensions>
      </trkpt>
      <trkpt lat="45.002286" lon="7.670866">
        <ele>223.5</ele>
        <time>2016-10-04T05:34:16.526Z</time>
        <extensions>
          <gpxtpx:TrackPointExtension>
            <gpxtpx:Extensions>
              <highway>tertiary</highway>
              <surface>asphalt</surface>
              <maxspeed>50</maxspeed>
              <oneway>yes</oneway>
            </gpxtpx:Extensions>
          </gpxtpx:TrackPointExtension>
        </extensions>
      </trkpt>
      <trkpt lat="45.002292" lon="7.670893">
        <ele>223.5</ele>
        <time>2016-10-04T05:34:16.890Z</time>
        <extensions>
          <gpxtpx:TrackPointExtension>
            <gpxtpx:Extensions>
              <highway>tertiary</highway>
              <surface>asphalt</surface>
              <maxspeed>50</maxspeed>
              <oneway>yes</oneway>
            </gpxtpx:Extensions>
          </gpxtpx:TrackPointExtension>
        </extensions>
      </trkpt>
      <trkpt lat="45.002291" lon="7.670892">
        <ele>223.5</ele>
        <time>2016-10-04T05:34:16.911Z</time>
        <extensions>
          <gpxtpx:TrackPointExtension>
            <gpxtpx:Extensions>
              <highway>tertiary</highway>
              <surface>asphalt</surface>
              <maxspeed>50</maxspeed>
              <oneway>yes</oneway>
            </gpxtpx:Extensions>
          </gpxtpx:TrackPointExtension>
        </extensions>
      </trkpt>
      <trkpt lat="45.002306" lon="7.670955">
        <ele>223.5</ele>
        <time>2016-10-04T05:34:17.766Z</time>
        <extensions>
          <gpxtpx:TrackPointExtension>
            <gpxtpx:Extensions>
              <highway>tertiary</highway>
              <surface>asphalt</surface>
              <maxspeed>50</maxspeed>
              <oneway>yes</oneway>
            </gpxtpx:Extensions>
          </gpxtpx:TrackPointExtension>
        </extensions>
      </trkpt>
      <trkpt lat="45.002306" lon="7.671146">
        <ele>223.25</ele>
        <time>2016-10-04T05:34:20.223Z</time>
        <extensions>
          <gpxtpx:TrackPointExtension>
            <gpxtpx:Extensions>
              <highway>tertiary</highway>
              <surface>asphalt</surface>
              <maxspeed>50</maxspeed>
              <oneway>yes</oneway>
            </gpxtpx:Extensions>
          </gpxtpx:TrackPointExtension>
        </extensions>
      </trkpt>
      <trkpt lat="45.002316" lon="7.671226">
        <ele>223.25</ele>
        <time>2016-10-04T05:34:21.268Z</time>
        <extensions>
          <gpxtpx:TrackPointExtension>
            <gpxtpx:Extensions>
              <reversedirection>yes</reversedirection>
              <highway>tertiary</highway>
              <surface>asphalt</surface>
              <maxspeed>50</maxspeed>
            </gpxtpx:Extensions>
          </gpxtpx:TrackPointExtension>
        </extensions>
      </trkpt>
      <trkpt lat="45.002236" lon="7.671883">
        <ele>222.5</ele>
        <time>2016-10-04T05:34:29.846Z</time>
        <extensions>
          <gpxtpx:TrackPointExtension>
            <gpxtpx:Extensions>
              <reversedirection>yes</reversedirection>
              <highway>tertiary</highway>
              <surface>asphalt</surface>
              <maxspeed>50</maxspeed>
            </gpxtpx:Extensions>
          </gpxtpx:TrackPointExtension>
        </extensions>
      </trkpt>
      <trkpt lat="45.002174" lon="7.672409">
        <ele>221.5</ele>
        <time>2016-10-04T05:34:36.707Z</time>
        <extensions>
          <gpxtpx:TrackPointExtension>
            <gpxtpx:Extensions>
              <reversedirection>yes</reversedirection>
              <highway>tertiary</highway>
              <surface>asphalt</surface>
              <maxspeed>50</maxspeed>
            </gpxtpx:Extensions>
          </gpxtpx:TrackPointExtension>
        </extensions>
      </trkpt>
      <trkpt lat="45.002169" lon="7.672566">
        <ele>221.5</ele>
        <time>2016-10-04T05:34:38.729Z</time>
        <extensions>
          <gpxtpx:TrackPointExtension>
            <gpxtpx:Extensions>
              <reversedirection>yes</reversedirection>
              <highway>tertiary</highway>
              <surface>asphalt</surface>
              <maxspeed>50</maxspeed>
            </gpxtpx:Extensions>
          </gpxtpx:TrackPointExtension>
        </extensions>
      </trkpt>
      <trkpt lat="45.002175" lon="7.673069">
        <ele>222.25</ele>
        <time>2016-10-04T05:34:45.202Z</time>
        <extensions>
          <gpxtpx:TrackPointExtension>
            <gpxtpx:Extensions>
              <reversedirection>yes</reversedirection>
              <highway>tertiary</highway>
              <surface>asphalt</surface>
              <maxspeed>50</maxspeed>
            </gpxtpx:Extensions>
          </gpxtpx:TrackPointExtension>
        </extensions>
      </trkpt>
      <trkpt lat="45.002172" lon="7.673183">
        <ele>222.5</ele>
        <time>2016-10-04T05:34:46.670Z</time>
        <extensions>
          <gpxtpx:TrackPointExtension>
            <gpxtpx:Extensions>
              <highway>tertiary</highway>
              <surface>asphalt</surface>
              <maxspeed>50</maxspeed>
              <junction>roundabout</junction>
            </gpxtpx:Extensions>
          </gpxtpx:TrackPointExtension>
        </extensions>
      </trkpt>
      <trkpt lat="45.002145" lon="7.673217">
        <ele>222.75</ele>
        <time>2016-10-04T05:34:47.328Z</time>
        <extensions>
          <gpxtpx:TrackPointExtension>
            <gpxtpx:Extensions>
              <highway>tertiary</highway>
              <surface>asphalt</surface>
              <maxspeed>50</maxspeed>
              <junction>roundabout</junction>
            </gpxtpx:Extensions>
          </gpxtpx:TrackPointExtension>
        </extensions>
      </trkpt>
      <trkpt lat="45.002141" lon="7.673252">
        <ele>222.75</ele>
        <time>2016-10-04T05:34:47.784Z</time>
        <extensions>
          <gpxtpx:TrackPointExtension>
            <gpxtpx:Extensions>
              <highway>tertiary</highway>
              <surface>asphalt</surface>
              <maxspeed>50</maxspeed>
              <junction>roundabout</junction>
            </gpxtpx:Extensions>
          </gpxtpx:TrackPointExtension>
        </extensions>
      </trkpt>
      <trkpt lat="45.00215" lon="7.673283">
        <ele>222.75</ele>
        <time>2016-10-04T05:34:48.215Z</time>
        <extensions>
          <gpxtpx:TrackPointExtension>
            <gpxtpx:Extensions>
              <highway>tertiary</highway>
              <surface>asphalt</surface>
              <maxspeed>50</maxspeed>
              <junction>roundabout</junction>
            </gpxtpx:Extensions>
          </gpxtpx:TrackPointExtension>
        </extensions>
      </trkpt>
      <trkpt lat="45.002154" lon="7.673293">
        <ele>222.75</ele>
        <time>2016-10-04T05:34:48.363Z</time>
        <extensions>
          <gpxtpx:TrackPointExtension>
            <gpxtpx:Extensions>
              <highway>tertiary</highway>
              <surface>asphalt</surface>
              <maxspeed>50</maxspeed>
              <junction>roundabout</junction>
            </gpxtpx:Extensions>
          </gpxtpx:TrackPointExtension>
        </extensions>
      </trkpt>
      <trkpt lat="45.00217" lon="7.673307">
        <ele>222.75</ele>
        <time>2016-10-04T05:34:48.705Z</time>
        <extensions>
          <gpxtpx:TrackPointExtension>
            <gpxtpx:Extensions>
              <highway>tertiary</highway>
              <surface>asphalt</surface>
              <maxspeed>50</maxspeed>
              <junction>roundabout</junction>
            </gpxtpx:Extensions>
          </gpxtpx:TrackPointExtension>
        </extensions>
      </trkpt>
      <trkpt lat="45.00219" lon="7.673311">
        <ele>222.75</ele>
        <time>2016-10-04T05:34:49.072Z</time>
        <extensions>
          <gpxtpx:TrackPointExtension>
            <gpxtpx:Extensions>
              <highway>tertiary</highway>
              <surface>asphalt</surface>
              <maxspeed>50</maxspeed>
              <junction>roundabout</junction>
            </gpxtpx:Extensions>
          </gpxtpx:TrackPointExtension>
        </extensions>
      </trkpt>
      <trkpt lat="45.002216" lon="7.673296">
        <ele>222.75</ele>
        <time>2016-10-04T05:34:49.583Z</time>
        <extensions>
          <gpxtpx:TrackPointExtension>
            <gpxtpx:Extensions>
              <highway>tertiary</highway>
              <surface>asphalt</surface>
              <maxspeed>50</maxspeed>
              <junction>roundabout</junction>
            </gpxtpx:Extensions>
          </gpxtpx:TrackPointExtension>
        </extensions>
      </trkpt>
      <trkpt lat="45.002229" lon="7.673274">
        <ele>222.75</ele>
        <time>2016-10-04T05:34:49.951Z</time>
        <extensions>
          <gpxtpx:TrackPointExtension>
            <gpxtpx:Extensions>
              <reversedirection>yes</reversedirection>
              <highway>tertiary</highway>
              <surface>asphalt</surface>
              <maxspeed>50</maxspeed>
            </gpxtpx:Extensions>
          </gpxtpx:TrackPointExtension>
        </extensions>
      </trkpt>
      <trkpt lat="45.002313" lon="7.67333">
        <ele>222.75</ele>
        <time>2016-10-04T05:34:51.640Z</time>
        <extensions>
          <gpxtpx:TrackPointExtension>
            <gpxtpx:Extensions>
              <reversedirection>yes</reversedirection>
              <highway>tertiary</highway>
              <surface>asphalt</surface>
              <maxspeed>50</maxspeed>
            </gpxtpx:Extensions>
          </gpxtpx:TrackPointExtension>
        </extensions>
      </trkpt>
      <trkpt lat="45.002335" lon="7.673345">
        <ele>222.75</ele>
        <time>2016-10-04T05:34:52.084Z</time>
        <extensions>
          <gpxtpx:TrackPointExtension>
            <gpxtpx:Extensions>
              <reversedirection>yes</reversedirection>
              <highway>tertiary</highway>
              <surface>asphalt</surface>
              <maxspeed>50</maxspeed>
            </gpxtpx:Extensions>
          </gpxtpx:TrackPointExtension>
        </extensions>
      </trkpt>
      <trkpt lat="45.002443" lon="7.673385">
        <ele>223</ele>
        <time>2016-10-04T05:34:54.115Z</time>
        <extensions>
          <gpxtpx:TrackPointExtension>
            <gpxtpx:Extensions>
              <reversedirection>yes</reversedirection>
              <highway>tertiary</highway>
              <surface>asphalt</surface>
              <maxspeed>50</maxspeed>
            </gpxtpx:Extensions>
          </gpxtpx:TrackPointExtension>
        </extensions>
      </trkpt>
      <trkpt lat="45.002555" lon="7.67345">
        <ele>223</ele>
        <time>2016-10-04T05:34:56.318Z</time>
        <extensions>
          <gpxtpx:TrackPointExtension>
            <gpxtpx:Extensions>
              <reversedirection>yes</reversedirection>
              <highway>tertiary</highway>
              <surface>asphalt</surface>
              <maxspeed>50</maxspeed>
            </gpxtpx:Extensions>
          </gpxtpx:TrackPointExtension>
        </extensions>
      </trkpt>
      <trkpt lat="45.00269" lon="7.67356">
        <ele>223</ele>
        <time>2016-10-04T05:34:59.153Z</time>
        <extensions>
          <gpxtpx:TrackPointExtension>
            <gpxtpx:Extensions>
              <reversedirection>yes</reversedirection>
              <highway>tertiary</highway>
              <surface>asphalt</surface>
              <maxspeed>50</maxspeed>
            </gpxtpx:Extensions>
          </gpxtpx:TrackPointExtension>
        </extensions>
      </trkpt>
      <trkpt lat="45.002756" lon="7.673634">
        <ele>223.25</ele>
        <time>2016-10-04T05:35:00.685Z</time>
        <extensions>
          <gpxtpx:TrackPointExtension>
            <gpxtpx:Extensions>
              <reversedirection>yes</reversedirection>
              <highway>tertiary</highway>
              <surface>asphalt</surface>
              <maxspeed>50</maxspeed>
            </gpxtpx:Extensions>
          </gpxtpx:TrackPointExtension>
        </extensions>
      </trkpt>
      <trkpt lat="45.002848" lon="7.673824">
        <ele>223.25</ele>
        <time>2016-10-04T05:35:03.648Z</time>
        <extensions>
          <gpxtpx:TrackPointExtension>
            <gpxtpx:Extensions>
              <reversedirection>yes</reversedirection>
              <highway>tertiary</highway>
              <surface>asphalt</surface>
              <maxspeed>50</maxspeed>
            </gpxtpx:Extensions>
          </gpxtpx:TrackPointExtension>
        </extensions>
      </trkpt>
      <trkpt lat="45.002921" lon="7.674023">
        <ele>223.5</ele>
        <time>2016-10-04T05:35:06.532Z</time>
        <extensions>
          <gpxtpx:TrackPointExtension>
            <gpxtpx:Extensions>
              <reversedirection>yes</reversedirection>
              <highway>tertiary</highway>
              <surface>asphalt</surface>
              <maxspeed>50</maxspeed>
            </gpxtpx:Extensions>
          </gpxtpx:TrackPointExtension>
        </extensions>
      </trkpt>
      <trkpt lat="45.002967" lon="7.674249">
        <ele>223.5</ele>
        <time>2016-10-04T05:35:09.558Z</time>
        <extensions>
          <gpxtpx:TrackPointExtension>
            <gpxtpx:Extensions>
              <reversedirection>yes</reversedirection>
              <highway>tertiary</highway>
              <surface>asphalt</surface>
              <maxspeed>50</maxspeed>
            </gpxtpx:Extensions>
          </gpxtpx:TrackPointExtension>
        </extensions>
      </trkpt>
      <trkpt lat="45.002997" lon="7.674458">
        <ele>223.5</ele>
        <time>2016-10-04T05:35:12.302Z</time>
        <extensions>
          <gpxtpx:TrackPointExtension>
            <gpxtpx:Extensions>
              <reversedirection>yes</reversedirection>
              <highway>tertiary</highway>
              <surface>asphalt</surface>
              <maxspeed>50</maxspeed>
            </gpxtpx:Extensions>
          </gpxtpx:TrackPointExtension>
        </extensions>
      </trkpt>
      <trkpt lat="45.003034" lon="7.674712">
        <ele>223.5</ele>
        <time>2016-10-04T05:35:15.639Z</time>
        <extensions>
          <gpxtpx:TrackPointExtension>
            <gpxtpx:Extensions>
              <highway>tertiary</highway>
              <surface>asphalt</surface>
              <maxspeed>40</maxspeed>
              <oneway>yes</oneway>
            </gpxtpx:Extensions>
          </gpxtpx:TrackPointExtension>
        </extensions>
      </trkpt>
      <trkpt lat="45.00303" lon="7.675069">
        <ele>223.5</ele>
        <time>2016-10-04T05:35:20.233Z</time>
        <extensions>
          <gpxtpx:TrackPointExtension>
            <gpxtpx:Extensions>
              <highway>tertiary</highway>
              <surface>asphalt</surface>
              <maxspeed>40</maxspeed>
              <oneway>yes</oneway>
            </gpxtpx:Extensions>
          </gpxtpx:TrackPointExtension>
        </extensions>
      </trkpt>
      <trkpt lat="45.003027" lon="7.67511">
        <ele>223.75</ele>
        <time>2016-10-04T05:35:20.956Z</time>
        <extensions>
          <gpxtpx:TrackPointExtension>
            <gpxtpx:Extensions>
              <highway>tertiary</highway>
              <surface>asphalt</surface>
              <maxspeed>40</maxspeed>
              <oneway>yes</oneway>
            </gpxtpx:Extensions>
          </gpxtpx:TrackPointExtension>
        </extensions>
      </trkpt>
      <trkpt lat="45.003027" lon="7.67511">
        <ele>223.5</ele>
        <time>2016-10-04T05:35:20.956Z</time>
        <extensions>
          <gpxtpx:TrackPointExtension>
            <gpxtpx:Extensions>
              <highway>tertiary</highway>
              <surface>asphalt</surface>
              <maxspeed>40</maxspeed>
              <oneway>yes</oneway>
            </gpxtpx:Extensions>
          </gpxtpx:TrackPointExtension>
        </extensions>
      </trkpt>
      <trkpt lat="45.003021" lon="7.675234">
        <ele>223.75</ele>
        <time>2016-10-04T05:35:23.137Z</time>
        <extensions>
          <gpxtpx:TrackPointExtension>
            <gpxtpx:Extensions>
              <highway>tertiary</highway>
              <surface>asphalt</surface>
              <maxspeed>40</maxspeed>
              <oneway>yes</oneway>
            </gpxtpx:Extensions>
          </gpxtpx:TrackPointExtension>
        </extensions>
      </trkpt>
      <trkpt lat="45.002952" lon="7.675432">
        <ele>224.25</ele>
        <time>2016-10-04T05:35:27.010Z</time>
        <extensions>
          <gpxtpx:TrackPointExtension>
            <gpxtpx:Extensions>
              <highway>primary</highway>
              <surface>asphalt</surface>
              <maxspeed>40</maxspeed>
              <oneway>yes</oneway>
            </gpxtpx:Extensions>
          </gpxtpx:TrackPointExtension>
        </extensions>
      </trkpt>
      <trkpt lat="45.002876" lon="7.675504">
        <ele>224.25</ele>
        <time>2016-10-04T05:35:29.280Z</time>
        <extensions>
          <gpxtpx:TrackPointExtension>
            <gpxtpx:Extensions>
              <highway>primary</highway>
              <surface>asphalt</surface>
              <maxspeed>40</maxspeed>
              <oneway>yes</oneway>
            </gpxtpx:Extensions>
          </gpxtpx:TrackPointExtension>
        </extensions>
      </trkpt>
      <trkpt lat="45.002778" lon="7.675573">
        <ele>224.5</ele>
        <time>2016-10-04T05:35:31.997Z</time>
        <extensions>
          <gpxtpx:TrackPointExtension>
            <gpxtpx:Extensions>
              <highway>primary</highway>
              <surface>asphalt</surface>
              <maxspeed>40</maxspeed>
              <oneway>yes</oneway>
            </gpxtpx:Extensions>
          </gpxtpx:TrackPointExtension>
        </extensions>
      </trkpt>
      <trkpt lat="45.002655" lon="7.675627">
        <ele>225</ele>
        <time>2016-10-04T05:35:35.193Z</time>
        <extensions>
          <gpxtpx:TrackPointExtension>
            <gpxtpx:Extensions>
              <highway>primary</highway>
              <surface>asphalt</surface>
              <maxspeed>40</maxspeed>
              <oneway>yes</oneway>
            </gpxtpx:Extensions>
          </gpxtpx:TrackPointExtension>
        </extensions>
      </trkpt>
      <trkpt lat="45.002463" lon="7.675688">
        <ele>225.25</ele>
        <time>2016-10-04T05:35:40.077Z</time>
        <extensions>
          <gpxtpx:TrackPointExtension>
            <gpxtpx:Extensions>
              <highway>primary</highway>
              <surface>asphalt</surface>
              <maxspeed>40</maxspeed>
              <oneway>yes</oneway>
            </gpxtpx:Extensions>
          </gpxtpx:TrackPointExtension>
        </extensions>
      </trkpt>
      <trkpt lat="45.002279" lon="7.675703">
        <ele>225</ele>
        <time>2016-10-04T05:35:44.651Z</time>
        <extensions>
          <gpxtpx:TrackPointExtension>
            <gpxtpx:Extensions>
              <highway>primary</highway>
              <surface>asphalt</surface>
              <maxspeed>40</maxspeed>
              <oneway>yes</oneway>
            </gpxtpx:Extensions>
          </gpxtpx:TrackPointExtension>
        </extensions>
      </trkpt>
      <trkpt lat="45.002054" lon="7.675709">
        <ele>224.5</ele>
        <time>2016-10-04T05:35:50.236Z</time>
        <extensions>
          <gpxtpx:TrackPointExtension>
            <gpxtpx:Extensions>
              <highway>primary</highway>
              <surface>asphalt</surface>
              <maxspeed>40</maxspeed>
              <oneway>yes</oneway>
            </gpxtpx:Extensions>
          </gpxtpx:TrackPointExtension>
        </extensions>
      </trkpt>
      <trkpt lat="45.00162" lon="7.675609">
        <ele>223.5</ele>
        <time>2016-10-04T05:36:01.149Z</time>
        <extensions>
          <gpxtpx:TrackPointExtension>
            <gpxtpx:Extensions>
              <highway>primary</highway>
              <surface>asphalt</surface>
              <maxspeed>40</maxspeed>
              <oneway>yes</oneway>
            </gpxtpx:Extensions>
          </gpxtpx:TrackPointExtension>
        </extensions>
      </trkpt>
      <trkpt lat="45.001567" lon="7.675591">
        <ele>223.5</ele>
        <time>2016-10-04T05:36:02.501Z</time>
        <extensions>
          <gpxtpx:TrackPointExtension>
            <gpxtpx:Extensions>
              <highway>primary</highway>
              <surface>asphalt</surface>
              <maxspeed>40</maxspeed>
              <oneway>yes</oneway>
            </gpxtpx:Extensions>
          </gpxtpx:TrackPointExtension>
        </extensions>
      </trkpt>
      <trkpt lat="45.001535" lon="7.675569">
        <ele>223.5</ele>
        <time>2016-10-04T05:36:03.383Z</time>
        <extensions>
          <gpxtpx:TrackPointExtension>
            <gpxtpx:Extensions>
              <highway>primary</highway>
              <surface>asphalt</surface>
              <maxspeed>40</maxspeed>
              <junction>roundabout</junction>
            </gpxtpx:Extensions>
          </gpxtpx:TrackPointExtension>
        </extensions>
      </trkpt>
      <trkpt lat="45.001539" lon="7.675512">
        <ele>223.5</ele>
        <time>2016-10-04T05:36:04.388Z</time>
        <extensions>
          <gpxtpx:TrackPointExtension>
            <gpxtpx:Extensions>
              <highway>primary</highway>
              <surface>asphalt</surface>
              <maxspeed>40</maxspeed>
              <junction>roundabout</junction>
            </gpxtpx:Extensions>
          </gpxtpx:TrackPointExtension>
        </extensions>
      </trkpt>
      <trkpt lat="45.001531" lon="7.67545">
        <ele>223.5</ele>
        <time>2016-10-04T05:36:05.494Z</time>
        <extensions>
          <gpxtpx:TrackPointExtension>
            <gpxtpx:Extensions>
              <highway>primary</highway>
              <surface>asphalt</surface>
              <maxspeed>40</maxspeed>
              <junction>roundabout</junction>
            </gpxtpx:Extensions>
          </gpxtpx:TrackPointExtension>
        </extensions>
      </trkpt>
      <trkpt lat="45.001508" lon="7.6754">
        <ele>223.5</ele>
        <time>2016-10-04T05:36:06.540Z</time>
        <extensions>
          <gpxtpx:TrackPointExtension>
            <gpxtpx:Extensions>
              <highway>primary</highway>
              <surface>asphalt</surface>
              <maxspeed>40</maxspeed>
              <junction>roundabout</junction>
            </gpxtpx:Extensions>
          </gpxtpx:TrackPointExtension>
        </extensions>
      </trkpt>
      <trkpt lat="45.001473" lon="7.675359">
        <ele>223.5</ele>
        <time>2016-10-04T05:36:07.668Z</time>
        <extensions>
          <gpxtpx:TrackPointExtension>
            <gpxtpx:Extensions>
              <highway>primary</highway>
              <surface>asphalt</surface>
              <maxspeed>40</maxspeed>
              <junction>roundabout</junction>
            </gpxtpx:Extensions>
          </gpxtpx:TrackPointExtension>
        </extensions>
      </trkpt>
      <trkpt lat="45.001429" lon="7.675329">
        <ele>223.5</ele>
        <time>2016-10-04T05:36:08.880Z</time>
        <extensions>
          <gpxtpx:TrackPointExtension>
            <gpxtpx:Extensions>
              <highway>primary</highway>
              <surface>asphalt</surface>
              <maxspeed>40</maxspeed>
              <junction>roundabout</junction>
            </gpxtpx:Extensions>
          </gpxtpx:TrackPointExtension>
        </extensions>
      </trkpt>
      <trkpt lat="45.001374" lon="7.675311">
        <ele>223.5</ele>
        <time>2016-10-04T05:36:10.281Z</time>
        <extensions>
          <gpxtpx:TrackPointExtension>
            <gpxtpx:Extensions>
              <highway>primary</highway>
              <surface>asphalt</surface>
              <maxspeed>40</maxspeed>
              <junction>roundabout</junction>
            </gpxtpx:Extensions>
          </gpxtpx:TrackPointExtension>
        </extensions>
      </trkpt>
      <trkpt lat="45.001344" lon="7.675308">
        <ele>223.5</ele>
        <time>2016-10-04T05:36:10.882Z</time>
        <extensions>
          <gpxtpx:TrackPointExtension>
            <gpxtpx:Extensions>
              <highway>primary</highway>
              <surface>asphalt</surface>
              <maxspeed>40</maxspeed>
              <junction>roundabout</junction>
            </gpxtpx:Extensions>
          </gpxtpx:TrackPointExtension>
        </extensions>
      </trkpt>
      <trkpt lat="45.001342" lon="7.675308">
        <ele>223.5</ele>
        <time>2016-10-04T05:36:10.923Z</time>
        <extensions>
          <gpxtpx:TrackPointExtension>
            <gpxtpx:Extensions>
              <highway>primary</highway>
              <surface>asphalt</surface>
              <maxspeed>40</maxspeed>
              <junction>roundabout</junction>
            </gpxtpx:Extensions>
          </gpxtpx:TrackPointExtension>
        </extensions>
      </trkpt>
      <trkpt lat="45.001263" lon="7.675302">
        <ele>223.5</ele>
        <time>2016-10-04T05:36:12.503Z</time>
        <extensions>
          <gpxtpx:TrackPointExtension>
            <gpxtpx:Extensions>
              <highway>primary</highway>
              <surface>asphalt</surface>
              <maxspeed>40</maxspeed>
              <junction>roundabout</junction>
            </gpxtpx:Extensions>
          </gpxtpx:TrackPointExtension>
        </extensions>
      </trkpt>
      <trkpt lat="45.00121" lon="7.675321">
        <ele>223.5</ele>
        <time>2016-10-04T05:36:13.595Z</time>
        <extensions>
          <gpxtpx:TrackPointExtension>
            <gpxtpx:Extensions>
              <highway>primary</highway>
              <surface>asphalt</surface>
              <maxspeed>40</maxspeed>
              <junction>roundabout</junction>
            </gpxtpx:Extensions>
          </gpxtpx:TrackPointExtension>
        </extensions>
      </trkpt>
      <trkpt lat="45.001154" lon="7.675379">
        <ele>223.75</ele>
        <time>2016-10-04T05:36:14.981Z</time>
        <extensions>
          <gpxtpx:TrackPointExtension>
            <gpxtpx:Extensions>
              <highway>primary</highway>
              <surface>asphalt</surface>
              <maxspeed>40</maxspeed>
              <junction>roundabout</junction>
            </gpxtpx:Extensions>
          </gpxtpx:TrackPointExtension>
        </extensions>
      </trkpt>
      <trkpt lat="45.001127" lon="7.675492">
        <ele>223.75</ele>
        <time>2016-10-04T05:36:16.666Z</time>
        <extensions>
          <gpxtpx:TrackPointExtension>
            <gpxtpx:Extensions>
              <highway>primary</highway>
              <surface>asphalt</surface>
              <maxspeed>40</maxspeed>
              <junction>roundabout</junction>
            </gpxtpx:Extensions>
          </gpxtpx:TrackPointExtension>
        </extensions>
      </trkpt>
      <trkpt lat="45.001136" lon="7.675581">
        <ele>223.75</ele>
        <time>2016-10-04T05:36:17.936Z</time>
        <extensions>
          <gpxtpx:TrackPointExtension>
            <gpxtpx:Extensions>
              <highway>primary</highway>
              <surface>asphalt</surface>
              <maxspeed>40</maxspeed>
              <junction>roundabout</junction>
            </gpxtpx:Extensions>
          </gpxtpx:TrackPointExtension>
        </extensions>
      </trkpt>
      <trkpt lat="45.001165" lon="7.675649">
        <ele>223.75</ele>
        <time>2016-10-04T05:36:19.057Z</time>
        <extensions>
          <gpxtpx:TrackPointExtension>
            <gpxtpx:Extensions>
              <highway>primary</highway>
              <surface>asphalt</surface>
              <maxspeed>50</maxspeed>
              <oneway>yes</oneway>
            </gpxtpx:Extensions>
          </gpxtpx:TrackPointExtension>
        </extensions>
      </trkpt>
      <trkpt lat="45.00115" lon="7.675695">
        <ele>223.75</ele>
        <time>2016-10-04T05:36:19.772Z</time>
        <extensions>
          <gpxtpx:TrackPointExtension>
            <gpxtpx:Extensions>
              <highway>primary</highway>
              <surface>asphalt</surface>
              <maxspeed>50</maxspeed>
              <oneway>yes</oneway>
            </gpxtpx:Extensions>
          </gpxtpx:TrackPointExtension>
        </extensions>
      </trkpt>
      <trkpt lat="45.000971" lon="7.676023">
        <ele>223.75</ele>
        <time>2016-10-04T05:36:25.625Z</time>
        <extensions>
          <gpxtpx:TrackPointExtension>
            <gpxtpx:Extensions>
              <highway>primary</highway>
              <surface>asphalt</surface>
              <maxspeed>50</maxspeed>
              <oneway>no</oneway>
            </gpxtpx:Extensions>
          </gpxtpx:TrackPointExtension>
        </extensions>
      </trkpt>
      <trkpt lat="45.000754" lon="7.676307">
        <ele>223.5</ele>
        <time>2016-10-04T05:36:31.532Z</time>
        <extensions>
          <gpxtpx:TrackPointExtension>
            <gpxtpx:Extensions>
              <highway>primary</highway>
              <surface>asphalt</surface>
              <maxspeed>30</maxspeed>
              <oneway>yes</oneway>
            </gpxtpx:Extensions>
          </gpxtpx:TrackPointExtension>
        </extensions>
      </trkpt>
      <trkpt lat="45.000588" lon="7.676438">
        <ele>222.75</ele>
        <time>2016-10-04T05:36:35.330Z</time>
        <extensions>
          <gpxtpx:TrackPointExtension>
            <gpxtpx:Extensions>
              <highway>primary</highway>
              <surface>asphalt</surface>
              <maxspeed>30</maxspeed>
              <oneway>yes</oneway>
            </gpxtpx:Extensions>
          </gpxtpx:TrackPointExtension>
        </extensions>
      </trkpt>
      <trkpt lat="45.000542" lon="7.676493">
        <ele>222.75</ele>
        <time>2016-10-04T05:36:36.533Z</time>
        <extensions>
          <gpxtpx:TrackPointExtension>
            <gpxtpx:Extensions>
              <highway>primary</highway>
              <surface>asphalt</surface>
              <maxspeed>30</maxspeed>
              <oneway>yes</oneway>
            </gpxtpx:Extensions>
          </gpxtpx:TrackPointExtension>
        </extensions>
      </trkpt>
      <trkpt lat="45.000016" lon="7.677184">
        <ele>223.75</ele>
        <time>2016-10-04T05:36:50.877Z</time>
        <extensions>
          <gpxtpx:TrackPointExtension>
            <gpxtpx:Extensions>
              <highway>primary</highway>
              <surface>asphalt</surface>
              <maxspeed>30</maxspeed>
              <oneway>yes</oneway>
            </gpxtpx:Extensions>
          </gpxtpx:TrackPointExtension>
        </extensions>
      </trkpt>
      <trkpt lat="44.999767" lon="7.677497">
        <ele>224.25</ele>
        <time>2016-10-04T05:36:57.533Z</time>
        <extensions>
          <gpxtpx:TrackPointExtension>
            <gpxtpx:Extensions>
              <highway>primary</highway>
              <surface>asphalt</surface>
              <maxspeed>30</maxspeed>
              <oneway>yes</oneway>
            </gpxtpx:Extensions>
          </gpxtpx:TrackPointExtension>
        </extensions>
      </trkpt>
      <trkpt lat="44.999515" lon="7.677844">
        <ele>224.75</ele>
        <time>2016-10-04T05:37:04.560Z</time>
        <extensions>
          <gpxtpx:TrackPointExtension>
            <gpxtpx:Extensions>
              <highway>primary</highway>
              <surface>asphalt</surface>
              <maxspeed>30</maxspeed>
              <oneway>yes</oneway>
            </gpxtpx:Extensions>
          </gpxtpx:TrackPointExtension>
        </extensions>
      </trkpt>
      <trkpt lat="44.999494" lon="7.67787">
        <ele>224.75</ele>
        <time>2016-10-04T05:37:05.117Z</time>
        <extensions>
          <gpxtpx:TrackPointExtension>
            <gpxtpx:Extensions>
              <highway>primary</highway>
              <surface>asphalt</surface>
              <maxspeed>30</maxspeed>
              <oneway>yes</oneway>
            </gpxtpx:Extensions>
          </gpxtpx:TrackPointExtension>
        </extensions>
      </trkpt>
      <trkpt lat="44.999464" lon="7.677919">
        <ele>225</ele>
        <time>2016-10-04T05:37:06.032Z</time>
        <extensions>
          <gpxtpx:TrackPointExtension>
            <gpxtpx:Extensions>
              <highway>primary</highway>
              <surface>asphalt</surface>
              <junction>roundabout</junction>
            </gpxtpx:Extensions>
          </gpxtpx:TrackPointExtension>
        </extensions>
      </trkpt>
      <trkpt lat="44.999425" lon="7.677943">
        <ele>225.25</ele>
        <time>2016-10-04T05:37:06.881Z</time>
        <extensions>
          <gpxtpx:TrackPointExtension>
            <gpxtpx:Extensions>
              <highway>primary</highway>
              <surface>asphalt</surface>
              <junction>roundabout</junction>
            </gpxtpx:Extensions>
          </gpxtpx:TrackPointExtension>
        </extensions>
      </trkpt>
      <trkpt lat="44.999412" lon="7.677967">
        <ele>225.25</ele>
        <time>2016-10-04T05:37:07.307Z</time>
        <extensions>
          <gpxtpx:TrackPointExtension>
            <gpxtpx:Extensions>
              <highway>primary</highway>
              <surface>asphalt</surface>
              <junction>roundabout</junction>
            </gpxtpx:Extensions>
          </gpxtpx:TrackPointExtension>
        </extensions>
      </trkpt>
      <trkpt lat="44.999404" lon="7.678027">
        <ele>225.5</ele>
        <time>2016-10-04T05:37:08.169Z</time>
        <extensions>
          <gpxtpx:TrackPointExtension>
            <gpxtpx:Extensions>
              <highway>primary</highway>
              <surface>asphalt</surface>
              <maxspeed>50</maxspeed>
              <oneway>yes</oneway>
            </gpxtpx:Extensions>
          </gpxtpx:TrackPointExtension>
        </extensions>
      </trkpt>
      <trkpt lat="44.999299" lon="7.678138">
        <ele>226.25</ele>
        <time>2016-10-04T05:37:10.788Z</time>
        <extensions>
          <gpxtpx:TrackPointExtension>
            <gpxtpx:Extensions>
              <highway>primary</highway>
              <surface>asphalt</surface>
              <maxspeed>50</maxspeed>
              <oneway>yes</oneway>
            </gpxtpx:Extensions>
          </gpxtpx:TrackPointExtension>
        </extensions>
      </trkpt>
      <trkpt lat="44.998821" lon="7.678773">
        <ele>227.75</ele>
        <time>2016-10-04T05:37:23.891Z</time>
        <extensions>
          <gpxtpx:TrackPointExtension>
            <gpxtpx:Extensions>
              <highway>primary</highway>
              <surface>asphalt</surface>
              <maxspeed>50</maxspeed>
              <oneway>yes</oneway>
            </gpxtpx:Extensions>
          </gpxtpx:TrackPointExtension>
        </extensions>
      </trkpt>
      <trkpt lat="44.998769" lon="7.67885">
        <ele>227.75</ele>
        <time>2016-10-04T05:37:25.395Z</time>
        <extensions>
          <gpxtpx:TrackPointExtension>
            <gpxtpx:Extensions>
              <highway>primary</highway>
              <surface>asphalt</surface>
              <maxspeed>50</maxspeed>
              <oneway>yes</oneway>
            </gpxtpx:Extensions>
          </gpxtpx:TrackPointExtension>
        </extensions>
      </trkpt>
      <trkpt lat="44.998674" lon="7.678992">
        <ele>228</ele>
        <time>2016-10-04T05:37:28.156Z</time>
        <extensions>
          <gpxtpx:TrackPointExtension>
            <gpxtpx:Extensions>
              <highway>primary</highway>
              <surface>asphalt</surface>
              <maxspeed>50</maxspeed>
              <oneway>yes</oneway>
            </gpxtpx:Extensions>
          </gpxtpx:TrackPointExtension>
        </extensions>
      </trkpt>
      <trkpt lat="44.998602" lon="7.679086">
        <ele>228.25</ele>
        <time>2016-10-04T05:37:30.113Z</time>
        <extensions>
          <gpxtpx:TrackPointExtension>
            <gpxtpx:Extensions>
              <highway>primary</highway>
              <surface>asphalt</surface>
              <maxspeed>50</maxspeed>
              <oneway>yes</oneway>
            </gpxtpx:Extensions>
          </gpxtpx:TrackPointExtension>
        </extensions>
      </trkpt>
      <trkpt lat="44.998228" lon="7.679735">
        <ele>228.75</ele>
        <time>2016-10-04T05:37:41.941Z</time>
        <extensions>
          <gpxtpx:TrackPointExtension>
            <gpxtpx:Extensions>
              <highway>primary</highway>
              <surface>asphalt</surface>
              <maxspeed>50</maxspeed>
              <oneway>yes</oneway>
            </gpxtpx:Extensions>
          </gpxtpx:TrackPointExtension>
        </extensions>
      </trkpt>
      <trkpt lat="44.998195" lon="7.679822">
        <ele>228.75</ele>
        <time>2016-10-04T05:37:43.335Z</time>
        <extensions>
          <gpxtpx:TrackPointExtension>
            <gpxtpx:Extensions>
              <highway>primary</highway>
              <surface>asphalt</surface>
              <maxspeed>50</maxspeed>
              <oneway>yes</oneway>
            </gpxtpx:Extensions>
          </gpxtpx:TrackPointExtension>
        </extensions>
      </trkpt>
      <trkpt lat="44.998172" lon="7.679895">
        <ele>228.75</ele>
        <time>2016-10-04T05:37:44.464Z</time>
        <extensions>
          <gpxtpx:TrackPointExtension>
            <gpxtpx:Extensions>
              <highway>primary</highway>
              <surface>asphalt</surface>
              <maxspeed>50</maxspeed>
              <junction>roundabout</junction>
            </gpxtpx:Extensions>
          </gpxtpx:TrackPointExtension>
        </extensions>
      </trkpt>
      <trkpt lat="44.998123" lon="7.679915">
        <ele>228.5</ele>
        <time>2016-10-04T05:37:45.483Z</time>
        <extensions>
          <gpxtpx:TrackPointExtension>
            <gpxtpx:Extensions>
              <highway>primary</highway>
              <surface>asphalt</surface>
              <maxspeed>50</maxspeed>
              <junction>roundabout</junction>
            </gpxtpx:Extensions>
          </gpxtpx:TrackPointExtension>
        </extensions>
      </trkpt>
      <trkpt lat="44.99808" lon="7.679953">
        <ele>228.5</ele>
        <time>2016-10-04T05:37:46.496Z</time>
        <extensions>
          <gpxtpx:TrackPointExtension>
            <gpxtpx:Extensions>
              <highway>primary</highway>
              <surface>asphalt</surface>
              <maxspeed>50</maxspeed>
              <junction>roundabout</junction>
            </gpxtpx:Extensions>
          </gpxtpx:TrackPointExtension>
        </extensions>
      </trkpt>
      <trkpt lat="44.998047" lon="7.680007">
        <ele>228.5</ele>
        <time>2016-10-04T05:37:47.504Z</time>
        <extensions>
          <gpxtpx:TrackPointExtension>
            <gpxtpx:Extensions>
              <highway>primary</highway>
              <surface>asphalt</surface>
              <maxspeed>50</maxspeed>
              <junction>roundabout</junction>
            </gpxtpx:Extensions>
          </gpxtpx:TrackPointExtension>
        </extensions>
      </trkpt>
      <trkpt lat="44.998026" lon="7.680073">
        <ele>228.25</ele>
        <time>2016-10-04T05:37:48.225Z</time>
        <extensions>
          <gpxtpx:TrackPointExtension>
            <gpxtpx:Extensions>
              <highway>primary</highway>
              <surface>asphalt</surface>
              <maxspeed>50</maxspeed>
              <junction>roundabout</junction>
            </gpxtpx:Extensions>
          </gpxtpx:TrackPointExtension>
        </extensions>
      </trkpt>
      <trkpt lat="44.998026" lon="7.680073">
        <ele>228.25</ele>
        <time>2016-10-04T05:37:48.225Z</time>
        <extensions>
          <gpxtpx:TrackPointExtension>
            <gpxtpx:Extensions>
              <highway>primary</highway>
              <surface>asphalt</surface>
              <maxspeed>50</maxspeed>
              <junction>roundabout</junction>
            </gpxtpx:Extensions>
          </gpxtpx:TrackPointExtension>
        </extensions>
      </trkpt>
      <trkpt lat="44.998019" lon="7.680144">
        <ele>228</ele>
        <time>2016-10-04T05:37:48.939Z</time>
        <extensions>
          <gpxtpx:TrackPointExtension>
            <gpxtpx:Extensions>
              <highway>primary</highway>
              <surface>asphalt</surface>
              <maxspeed>50</maxspeed>
              <junction>roundabout</junction>
            </gpxtpx:Extensions>
          </gpxtpx:TrackPointExtension>
        </extensions>
      </trkpt>
      <trkpt lat="44.998027" lon="7.680215">
        <ele>227.75</ele>
        <time>2016-10-04T05:37:49.656Z</time>
        <extensions>
          <gpxtpx:TrackPointExtension>
            <gpxtpx:Extensions>
              <highway>primary</highway>
              <surface>asphalt</surface>
              <maxspeed>50</maxspeed>
              <junction>roundabout</junction>
            </gpxtpx:Extensions>
          </gpxtpx:TrackPointExtension>
        </extensions>
      </trkpt>
      <trkpt lat="44.998049" lon="7.68028">
        <ele>227.75</ele>
        <time>2016-10-04T05:37:50.374Z</time>
        <extensions>
          <gpxtpx:TrackPointExtension>
            <gpxtpx:Extensions>
              <highway>primary</highway>
              <surface>asphalt</surface>
              <maxspeed>50</maxspeed>
              <junction>roundabout</junction>
            </gpxtpx:Extensions>
          </gpxtpx:TrackPointExtension>
        </extensions>
      </trkpt>
      <trkpt lat="44.998082" lon="7.680333">
        <ele>227.5</ele>
        <time>2016-10-04T05:37:51.078Z</time>
        <extensions>
          <gpxtpx:TrackPointExtension>
            <gpxtpx:Extensions>
              <highway>primary</highway>
              <surface>asphalt</surface>
              <maxspeed>50</maxspeed>
              <junction>roundabout</junction>
            </gpxtpx:Extensions>
          </gpxtpx:TrackPointExtension>
        </extensions>
      </trkpt>
      <trkpt lat="44.998126" lon="7.68037">
        <ele>227.5</ele>
        <time>2016-10-04T05:37:51.799Z</time>
        <extensions>
          <gpxtpx:TrackPointExtension>
            <gpxtpx:Extensions>
              <highway>primary</highway>
              <surface>asphalt</surface>
              <maxspeed>50</maxspeed>
              <junction>roundabout</junction>
            </gpxtpx:Extensions>
          </gpxtpx:TrackPointExtension>
        </extensions>
      </trkpt>
      <trkpt lat="44.998179" lon="7.680389">
        <ele>227.5</ele>
        <time>2016-10-04T05:37:52.570Z</time>
        <extensions>
          <gpxtpx:TrackPointExtension>
            <gpxtpx:Extensions>
              <highway>primary</highway>
              <surface>asphalt</surface>
              <maxspeed>50</maxspeed>
              <oneway>yes</oneway>
            </gpxtpx:Extensions>
          </gpxtpx:TrackPointExtension>
        </extensions>
      </trkpt>
      <trkpt lat="44.998219" lon="7.68044">
        <ele>227.25</ele>
        <time>2016-10-04T05:37:53.329Z</time>
        <extensions>
          <gpxtpx:TrackPointExtension>
            <gpxtpx:Extensions>
              <highway>primary</highway>
              <surface>asphalt</surface>
              <maxspeed>50</maxspeed>
              <oneway>yes</oneway>
            </gpxtpx:Extensions>
          </gpxtpx:TrackPointExtension>
        </extensions>
      </trkpt>
      <trkpt lat="44.998236" lon="7.680486">
        <ele>227</ele>
        <time>2016-10-04T05:37:53.846Z</time>
        <extensions>
          <gpxtpx:TrackPointExtension>
            <gpxtpx:Extensions>
              <highway>primary</highway>
              <surface>asphalt</surface>
              <maxspeed>50</maxspeed>
              <oneway>yes</oneway>
            </gpxtpx:Extensions>
          </gpxtpx:TrackPointExtension>
        </extensions>
      </trkpt>
      <trkpt lat="44.998244" lon="7.680549">
        <ele>226.75</ele>
        <time>2016-10-04T05:37:54.484Z</time>
        <extensions>
          <gpxtpx:TrackPointExtension>
            <gpxtpx:Extensions>
              <highway>primary</highway>
              <surface>asphalt</surface>
              <maxspeed>50</maxspeed>
              <oneway>yes</oneway>
            </gpxtpx:Extensions>
          </gpxtpx:TrackPointExtension>
        </extensions>
      </trkpt>
      <trkpt lat="44.998231" lon="7.680704">
        <ele>226.25</ele>
        <time>2016-10-04T05:37:56.040Z</time>
        <extensions>
          <gpxtpx:TrackPointExtension>
            <gpxtpx:Extensions>
              <highway>primary</highway>
              <surface>asphalt</surface>
              <maxspeed>50</maxspeed>
              <oneway>yes</oneway>
            </gpxtpx:Extensions>
          </gpxtpx:TrackPointExtension>
        </extensions>
      </trkpt>
      <trkpt lat="44.99824" lon="7.680832">
        <ele>226</ele>
        <time>2016-10-04T05:37:57.322Z</time>
        <extensions>
          <gpxtpx:TrackPointExtension>
            <gpxtpx:Extensions>
              <highway>primary</highway>
              <surface>asphalt</surface>
              <maxspeed>50</maxspeed>
            </gpxtpx:Extensions>
          </gpxtpx:TrackPointExtension>
        </extensions>
      </trkpt>
      <trkpt lat="44.998225" lon="7.680981">
        <ele>225.75</ele>
        <time>2016-10-04T05:37:58.822Z</time>
        <extensions>
          <gpxtpx:TrackPointExtension>
            <gpxtpx:Extensions>
              <highway>primary</highway>
              <surface>asphalt</surface>
              <maxspeed>50</maxspeed>
            </gpxtpx:Extensions>
          </gpxtpx:TrackPointExtension>
        </extensions>
      </trkpt>
      <trkpt lat="44.998206" lon="7.681234">
        <ele>226</ele>
        <time>2016-10-04T05:38:01.359Z</time>
        <extensions>
          <gpxtpx:TrackPointExtension>
            <gpxtpx:Extensions>
              <highway>primary</highway>
              <surface>asphalt</surface>
              <maxspeed>50</maxspeed>
            </gpxtpx:Extensions>
          </gpxtpx:TrackPointExtension>
        </extensions>
      </trkpt>
      <trkpt lat="44.998179" lon="7.68154">
        <ele>226</ele>
        <time>2016-10-04T05:38:04.434Z</time>
        <extensions>
          <gpxtpx:TrackPointExtension>
            <gpxtpx:Extensions>
              <highway>primary</highway>
              <surface>asphalt</surface>
              <maxspeed>50</maxspeed>
            </gpxtpx:Extensions>
          </gpxtpx:TrackPointExtension>
        </extensions>
      </trkpt>
      <trkpt lat="44.998175" lon="7.681598">
        <ele>226</ele>
        <time>2016-10-04T05:38:05.015Z</time>
        <extensions>
          <gpxtpx:TrackPointExtension>
            <gpxtpx:Extensions>
              <highway>primary</highway>
              <surface>asphalt</surface>
              <maxspeed>50</maxspeed>
            </gpxtpx:Extensions>
          </gpxtpx:TrackPointExtension>
        </extensions>
      </trkpt>
      <trkpt lat="44.998168" lon="7.681698">
        <ele>226</ele>
        <time>2016-10-04T05:38:06.017Z</time>
        <extensions>
          <gpxtpx:TrackPointExtension>
            <gpxtpx:Extensions>
              <highway>primary</highway>
              <surface>asphalt</surface>
              <maxspeed>50</maxspeed>
            </gpxtpx:Extensions>
          </gpxtpx:TrackPointExtension>
        </extensions>
      </trkpt>
      <trkpt lat="44.99815" lon="7.681961">
        <ele>226</ele>
        <time>2016-10-04T05:38:08.652Z</time>
        <extensions>
          <gpxtpx:TrackPointExtension>
            <gpxtpx:Extensions>
              <highway>primary</highway>
              <surface>asphalt</surface>
              <maxspeed>50</maxspeed>
            </gpxtpx:Extensions>
          </gpxtpx:TrackPointExtension>
        </extensions>
      </trkpt>
      <trkpt lat="44.998114" lon="7.682439">
        <ele>226</ele>
        <time>2016-10-04T05:38:13.445Z</time>
        <extensions>
          <gpxtpx:TrackPointExtension>
            <gpxtpx:Extensions>
              <highway>primary</highway>
              <surface>asphalt</surface>
              <maxspeed>50</maxspeed>
            </gpxtpx:Extensions>
          </gpxtpx:TrackPointExtension>
        </extensions>
      </trkpt>
      <trkpt lat="44.998084" lon="7.68287">
        <ele>225.5</ele>
        <time>2016-10-04T05:38:17.764Z</time>
        <extensions>
          <gpxtpx:TrackPointExtension>
            <gpxtpx:Extensions>
              <highway>primary</highway>
              <surface>asphalt</surface>
              <maxspeed>50</maxspeed>
            </gpxtpx:Extensions>
          </gpxtpx:TrackPointExtension>
        </extensions>
      </trkpt>
      <trkpt lat="44.998066" lon="7.683228">
        <ele>225.25</ele>
        <time>2016-10-04T05:38:21.343Z</time>
        <extensions>
          <gpxtpx:TrackPointExtension>
            <gpxtpx:Extensions>
              <highway>primary</highway>
              <surface>asphalt</surface>
              <maxspeed>50</maxspeed>
            </gpxtpx:Extensions>
          </gpxtpx:TrackPointExtension>
        </extensions>
      </trkpt>
      <trkpt lat="44.998066" lon="7.68346">
        <ele>225.25</ele>
        <time>2016-10-04T05:38:23.656Z</time>
        <extensions>
          <gpxtpx:TrackPointExtension>
            <gpxtpx:Extensions>
              <highway>primary</highway>
              <surface>asphalt</surface>
              <maxspeed>50</maxspeed>
            </gpxtpx:Extensions>
          </gpxtpx:TrackPointExtension>
        </extensions>
      </trkpt>
      <trkpt lat="44.998072" lon="7.683576">
        <ele>225.25</ele>
        <time>2016-10-04T05:38:24.815Z</time>
        <extensions>
          <gpxtpx:TrackPointExtension>
            <gpxtpx:Extensions>
              <highway>primary</highway>
              <surface>asphalt</surface>
              <maxspeed>50</maxspeed>
            </gpxtpx:Extensions>
          </gpxtpx:TrackPointExtension>
        </extensions>
      </trkpt>
      <trkpt lat="44.998099" lon="7.683692">
        <ele>225.5</ele>
        <time>2016-10-04T05:38:26.032Z</time>
        <extensions>
          <gpxtpx:TrackPointExtension>
            <gpxtpx:Extensions>
              <highway>primary</highway>
              <surface>asphalt</surface>
              <maxspeed>50</maxspeed>
            </gpxtpx:Extensions>
          </gpxtpx:TrackPointExtension>
        </extensions>
      </trkpt>
      <trkpt lat="44.99816" lon="7.683894">
        <ele>225.75</ele>
        <time>2016-10-04T05:38:28.222Z</time>
        <extensions>
          <gpxtpx:TrackPointExtension>
            <gpxtpx:Extensions>
              <highway>primary</highway>
              <surface>asphalt</surface>
              <maxspeed>50</maxspeed>
            </gpxtpx:Extensions>
          </gpxtpx:TrackPointExtension>
        </extensions>
      </trkpt>
      <trkpt lat="44.998344" lon="7.684382">
        <ele>226.75</ele>
        <time>2016-10-04T05:38:33.737Z</time>
        <extensions>
          <gpxtpx:TrackPointExtension>
            <gpxtpx:Extensions>
              <highway>primary</highway>
              <surface>asphalt</surface>
              <maxspeed>50</maxspeed>
            </gpxtpx:Extensions>
          </gpxtpx:TrackPointExtension>
        </extensions>
      </trkpt>
      <trkpt lat="44.998662" lon="7.685164">
        <ele>226.5</ele>
        <time>2016-10-04T05:38:42.733Z</time>
        <extensions>
          <gpxtpx:TrackPointExtension>
            <gpxtpx:Extensions>
              <highway>primary</highway>
              <surface>asphalt</surface>
              <maxspeed>50</maxspeed>
            </gpxtpx:Extensions>
          </gpxtpx:TrackPointExtension>
        </extensions>
      </trkpt>
      <trkpt lat="44.998977" lon="7.685959">
        <ele>225.5</ele>
        <time>2016-10-04T05:38:51.821Z</time>
        <extensions>
          <gpxtpx:TrackPointExtension>
            <gpxtpx:Extensions>
              <highway>primary</highway>
              <surface>asphalt</surface>
              <maxspeed>50</maxspeed>
            </gpxtpx:Extensions>
          </gpxtpx:TrackPointExtension>
        </extensions>
      </trkpt>
      <trkpt lat="44.999093" lon="7.686257">
        <ele>225.75</ele>
        <time>2016-10-04T05:38:55.213Z</time>
        <extensions>
          <gpxtpx:TrackPointExtension>
            <gpxtpx:Extensions>
              <highway>primary</highway>
              <surface>asphalt</surface>
              <maxspeed>50</maxspeed>
            </gpxtpx:Extensions>
          </gpxtpx:TrackPointExtension>
        </extensions>
      </trkpt>
      <trkpt lat="44.999155" lon="7.686403">
        <ele>225.75</ele>
        <time>2016-10-04T05:38:56.911Z</time>
        <extensions>
          <gpxtpx:TrackPointExtension>
            <gpxtpx:Extensions>
              <highway>primary</highway>
              <surface>asphalt</surface>
              <maxspeed>50</maxspeed>
            </gpxtpx:Extensions>
          </gpxtpx:TrackPointExtension>
        </extensions>
      </trkpt>
      <trkpt lat="44.999203" lon="7.686517">
        <ele>226.25</ele>
        <time>2016-10-04T05:38:58.234Z</time>
        <extensions>
          <gpxtpx:TrackPointExtension>
            <gpxtpx:Extensions>
              <highway>primary</highway>
              <surface>asphalt</surface>
              <maxspeed>50</maxspeed>
            </gpxtpx:Extensions>
          </gpxtpx:TrackPointExtension>
        </extensions>
      </trkpt>
      <trkpt lat="44.999271" lon="7.686682">
        <ele>226.75</ele>
        <time>2016-10-04T05:39:00.138Z</time>
        <extensions>
          <gpxtpx:TrackPointExtension>
            <gpxtpx:Extensions>
              <highway>primary</highway>
              <surface>asphalt</surface>
              <maxspeed>50</maxspeed>
            </gpxtpx:Extensions>
          </gpxtpx:TrackPointExtension>
        </extensions>
      </trkpt>
      <trkpt lat="44.999296" lon="7.686745">
        <ele>226.75</ele>
        <time>2016-10-04T05:39:00.858Z</time>
        <extensions>
          <gpxtpx:TrackPointExtension>
            <gpxtpx:Extensions>
              <highway>primary</highway>
              <surface>asphalt</surface>
              <maxspeed>50</maxspeed>
            </gpxtpx:Extensions>
          </gpxtpx:TrackPointExtension>
        </extensions>
      </trkpt>
      <trkpt lat="44.999527" lon="7.687332">
        <ele>227</ele>
        <time>2016-10-04T05:39:07.557Z</time>
        <extensions>
          <gpxtpx:TrackPointExtension>
            <gpxtpx:Extensions>
              <highway>primary</highway>
              <surface>asphalt</surface>
              <maxspeed>50</maxspeed>
            </gpxtpx:Extensions>
          </gpxtpx:TrackPointExtension>
        </extensions>
      </trkpt>
      <trkpt lat="44.99955" lon="7.687391">
        <ele>227</ele>
        <time>2016-10-04T05:39:08.228Z</time>
        <extensions>
          <gpxtpx:TrackPointExtension>
            <gpxtpx:Extensions>
              <highway>primary</highway>
              <surface>asphalt</surface>
              <maxspeed>50</maxspeed>
            </gpxtpx:Extensions>
          </gpxtpx:TrackPointExtension>
        </extensions>
      </trkpt>
      <trkpt lat="44.999906" lon="7.688252">
        <ele>227.5</ele>
        <time>2016-10-04T05:39:18.174Z</time>
        <extensions>
          <gpxtpx:TrackPointExtension>
            <gpxtpx:Extensions>
              <highway>primary</highway>
              <surface>asphalt</surface>
              <maxspeed>50</maxspeed>
            </gpxtpx:Extensions>
          </gpxtpx:TrackPointExtension>
        </extensions>
      </trkpt>
      <trkpt lat="45.000056" lon="7.688628">
        <ele>228</ele>
        <time>2016-10-04T05:39:22.479Z</time>
        <extensions>
          <gpxtpx:TrackPointExtension>
            <gpxtpx:Extensions>
              <highway>primary</highway>
              <surface>asphalt</surface>
              <maxspeed>50</maxspeed>
            </gpxtpx:Extensions>
          </gpxtpx:TrackPointExtension>
        </extensions>
      </trkpt>
      <trkpt lat="45.000324" lon="7.689301">
        <ele>230</ele>
        <time>2016-10-04T05:39:30.181Z</time>
        <extensions>
          <gpxtpx:TrackPointExtension>
            <gpxtpx:Extensions>
              <highway>primary</highway>
              <surface>asphalt</surface>
              <maxspeed>50</maxspeed>
            </gpxtpx:Extensions>
          </gpxtpx:TrackPointExtension>
        </extensions>
      </trkpt>
      <trkpt lat="45.000514" lon="7.689783">
        <ele>230.75</ele>
        <time>2016-10-04T05:39:35.684Z</time>
        <extensions>
          <gpxtpx:TrackPointExtension>
            <gpxtpx:Extensions>
              <highway>primary</highway>
              <surface>asphalt</surface>
              <maxspeed>50</maxspeed>
            </gpxtpx:Extensions>
          </gpxtpx:TrackPointExtension>
        </extensions>
      </trkpt>
      <trkpt lat="45.000563" lon="7.68993">
        <ele>230.5</ele>
        <time>2016-10-04T05:39:37.304Z</time>
        <extensions>
          <gpxtpx:TrackPointExtension>
            <gpxtpx:Extensions>
              <highway>primary</highway>
              <surface>asphalt</surface>
              <maxspeed>50</maxspeed>
            </gpxtpx:Extensions>
          </gpxtpx:TrackPointExtension>
        </extensions>
      </trkpt>
      <trkpt lat="45.000616" lon="7.690151">
        <ele>230.5</ele>
        <time>2016-10-04T05:39:39.631Z</time>
        <extensions>
          <gpxtpx:TrackPointExtension>
            <gpxtpx:Extensions>
              <highway>primary</highway>
              <surface>asphalt</surface>
              <maxspeed>50</maxspeed>
            </gpxtpx:Extensions>
          </gpxtpx:TrackPointExtension>
        </extensions>
      </trkpt>
      <trkpt lat="45.000634" lon="7.690286">
        <ele>230.25</ele>
        <time>2016-10-04T05:39:41.000Z</time>
        <extensions>
          <gpxtpx:TrackPointExtension>
            <gpxtpx:Extensions>
              <highway>primary</highway>
              <surface>asphalt</surface>
              <maxspeed>50</maxspeed>
            </gpxtpx:Extensions>
          </gpxtpx:TrackPointExtension>
        </extensions>
      </trkpt>
      <trkpt lat="45.000641" lon="7.690406">
        <ele>230.25</ele>
        <time>2016-10-04T05:39:42.200Z</time>
        <extensions>
          <gpxtpx:TrackPointExtension>
            <gpxtpx:Extensions>
              <highway>primary</highway>
              <surface>asphalt</surface>
              <maxspeed>50</maxspeed>
            </gpxtpx:Extensions>
          </gpxtpx:TrackPointExtension>
        </extensions>
      </trkpt>
      <trkpt lat="45.000646" lon="7.691451">
        <ele>228.5</ele>
        <time>2016-10-04T05:39:52.621Z</time>
        <extensions>
          <gpxtpx:TrackPointExtension>
            <gpxtpx:Extensions>
              <highway>primary</highway>
              <surface>asphalt</surface>
              <maxspeed>50</maxspeed>
            </gpxtpx:Extensions>
          </gpxtpx:TrackPointExtension>
        </extensions>
      </trkpt>
      <trkpt lat="45.000651" lon="7.69196">
        <ele>228.5</ele>
        <time>2016-10-04T05:39:57.697Z</time>
        <extensions>
          <gpxtpx:TrackPointExtension>
            <gpxtpx:Extensions>
              <highway>primary</highway>
              <surface>asphalt</surface>
              <maxspeed>50</maxspeed>
            </gpxtpx:Extensions>
          </gpxtpx:TrackPointExtension>
        </extensions>
      </trkpt>
      <trkpt lat="45.00065" lon="7.692266">
        <ele>229</ele>
        <time>2016-10-04T05:40:00.748Z</time>
        <extensions>
          <gpxtpx:TrackPointExtension>
            <gpxtpx:Extensions>
              <highway>primary</highway>
              <surface>asphalt</surface>
              <maxspeed>50</maxspeed>
            </gpxtpx:Extensions>
          </gpxtpx:TrackPointExtension>
        </extensions>
      </trkpt>
      <trkpt lat="45.000645" lon="7.692389">
        <ele>229</ele>
        <time>2016-10-04T05:40:01.976Z</time>
        <extensions>
          <gpxtpx:TrackPointExtension>
            <gpxtpx:Extensions>
              <highway>primary</highway>
              <surface>asphalt</surface>
              <maxspeed>50</maxspeed>
            </gpxtpx:Extensions>
          </gpxtpx:TrackPointExtension>
        </extensions>
      </trkpt>
      <trkpt lat="45.000589" lon="7.692857">
        <ele>228.75</ele>
        <time>2016-10-04T05:40:06.709Z</time>
        <extensions>
          <gpxtpx:TrackPointExtension>
            <gpxtpx:Extensions>
              <highway>primary</highway>
              <surface>asphalt</surface>
              <maxspeed>50</maxspeed>
            </gpxtpx:Extensions>
          </gpxtpx:TrackPointExtension>
        </extensions>
      </trkpt>
      <trkpt lat="45.000535" lon="7.693208">
        <ele>228.5</ele>
        <time>2016-10-04T05:40:10.291Z</time>
        <extensions>
          <gpxtpx:TrackPointExtension>
            <gpxtpx:Extensions>
              <highway>primary</highway>
              <surface>asphalt</surface>
              <maxspeed>50</maxspeed>
            </gpxtpx:Extensions>
          </gpxtpx:TrackPointExtension>
        </extensions>
      </trkpt>
      <trkpt lat="45.000476" lon="7.693573">
        <ele>228.25</ele>
        <time>2016-10-04T05:40:14.024Z</time>
        <extensions>
          <gpxtpx:TrackPointExtension>
            <gpxtpx:Extensions>
              <highway>primary</highway>
              <surface>asphalt</surface>
              <maxspeed>50</maxspeed>
            </gpxtpx:Extensions>
          </gpxtpx:TrackPointExtension>
        </extensions>
      </trkpt>
      <trkpt lat="45.000421" lon="7.693943">
        <ele>228.25</ele>
        <time>2016-10-04T05:40:17.794Z</time>
        <extensions>
          <gpxtpx:TrackPointExtension>
            <gpxtpx:Extensions>
              <highway>primary</highway>
              <surface>asphalt</surface>
              <maxspeed>50</maxspeed>
            </gpxtpx:Extensions>
          </gpxtpx:TrackPointExtension>
        </extensions>
      </trkpt>
      <trkpt lat="45.000333" lon="7.694444">
        <ele>228.5</ele>
        <time>2016-10-04T05:40:22.941Z</time>
        <extensions>
          <gpxtpx:TrackPointExtension>
            <gpxtpx:Extensions>
              <highway>primary</highway>
              <surface>asphalt</surface>
              <maxspeed>50</maxspeed>
            </gpxtpx:Extensions>
          </gpxtpx:TrackPointExtension>
        </extensions>
      </trkpt>
      <trkpt lat="45.00026" lon="7.694853">
        <ele>229.25</ele>
        <time>2016-10-04T05:40:27.147Z</time>
        <extensions>
          <gpxtpx:TrackPointExtension>
            <gpxtpx:Extensions>
              <highway>primary</highway>
              <surface>asphalt</surface>
              <maxspeed>50</maxspeed>
            </gpxtpx:Extensions>
          </gpxtpx:TrackPointExtension>
        </extensions>
      </trkpt>
      <trkpt lat="45.000206" lon="7.695107">
        <ele>229.5</ele>
        <time>2016-10-04T05:40:29.792Z</time>
        <extensions>
          <gpxtpx:TrackPointExtension>
            <gpxtpx:Extensions>
              <highway>primary</highway>
              <surface>asphalt</surface>
              <maxspeed>50</maxspeed>
            </gpxtpx:Extensions>
          </gpxtpx:TrackPointExtension>
        </extensions>
      </trkpt>
      <trkpt lat="45.000047" lon="7.695666">
        <ele>229.75</ele>
        <time>2016-10-04T05:40:35.800Z</time>
        <extensions>
          <gpxtpx:TrackPointExtension>
            <gpxtpx:Extensions>
              <highway>primary</highway>
              <surface>asphalt</surface>
              <maxspeed>50</maxspeed>
            </gpxtpx:Extensions>
          </gpxtpx:TrackPointExtension>
        </extensions>
      </trkpt>
      <trkpt lat="45.00003" lon="7.695724">
        <ele>229.75</ele>
        <time>2016-10-04T05:40:36.426Z</time>
        <extensions>
          <gpxtpx:TrackPointExtension>
            <gpxtpx:Extensions>
              <highway>primary</highway>
              <surface>asphalt</surface>
              <maxspeed>50</maxspeed>
            </gpxtpx:Extensions>
          </gpxtpx:TrackPointExtension>
        </extensions>
      </trkpt>
      <trkpt lat="44.999991" lon="7.695858">
        <ele>229.75</ele>
        <time>2016-10-04T05:40:37.871Z</time>
        <extensions>
          <gpxtpx:TrackPointExtension>
            <gpxtpx:Extensions>
              <highway>primary</highway>
              <surface>asphalt</surface>
              <maxspeed>50</maxspeed>
            </gpxtpx:Extensions>
          </gpxtpx:TrackPointExtension>
        </extensions>
      </trkpt>
      <trkpt lat="44.999984" lon="7.695883">
        <ele>229.75</ele>
        <time>2016-10-04T05:40:38.139Z</time>
        <extensions>
          <gpxtpx:TrackPointExtension>
            <gpxtpx:Extensions>
              <highway>primary</highway>
              <surface>asphalt</surface>
              <maxspeed>50</maxspeed>
            </gpxtpx:Extensions>
          </gpxtpx:TrackPointExtension>
        </extensions>
      </trkpt>
      <trkpt lat="44.999975" lon="7.695916">
        <ele>229.75</ele>
        <time>2016-10-04T05:40:38.491Z</time>
        <extensions>
          <gpxtpx:TrackPointExtension>
            <gpxtpx:Extensions>
              <highway>primary</highway>
              <surface>asphalt</surface>
              <maxspeed>50</maxspeed>
            </gpxtpx:Extensions>
          </gpxtpx:TrackPointExtension>
        </extensions>
      </trkpt>
      <trkpt lat="44.999913" lon="7.696116">
        <ele>229.25</ele>
        <time>2016-10-04T05:40:40.668Z</time>
        <extensions>
          <gpxtpx:TrackPointExtension>
            <gpxtpx:Extensions>
              <highway>primary</highway>
              <surface>asphalt</surface>
              <maxspeed>50</maxspeed>
            </gpxtpx:Extensions>
          </gpxtpx:TrackPointExtension>
        </extensions>
      </trkpt>
      <trkpt lat="44.999509" lon="7.697411">
        <ele>228.5</ele>
        <time>2016-10-04T05:40:54.783Z</time>
        <extensions>
          <gpxtpx:TrackPointExtension>
            <gpxtpx:Extensions>
              <highway>primary</highway>
              <surface>asphalt</surface>
              <maxspeed>50</maxspeed>
            </gpxtpx:Extensions>
          </gpxtpx:TrackPointExtension>
        </extensions>
      </trkpt>
      <trkpt lat="44.999404" lon="7.697751">
        <ele>229.25</ele>
        <time>2016-10-04T05:40:58.482Z</time>
        <extensions>
          <gpxtpx:TrackPointExtension>
            <gpxtpx:Extensions>
              <highway>primary</highway>
              <surface>asphalt</surface>
              <maxspeed>50</maxspeed>
            </gpxtpx:Extensions>
          </gpxtpx:TrackPointExtension>
        </extensions>
      </trkpt>
      <trkpt lat="44.999309" lon="7.698064">
        <ele>229.75</ele>
        <time>2016-10-04T05:41:01.878Z</time>
        <extensions>
          <gpxtpx:TrackPointExtension>
            <gpxtpx:Extensions>
              <highway>primary</highway>
              <surface>asphalt</surface>
              <maxspeed>50</maxspeed>
            </gpxtpx:Extensions>
          </gpxtpx:TrackPointExtension>
        </extensions>
      </trkpt>
      <trkpt lat="44.999274" lon="7.698174">
        <ele>229.75</ele>
        <time>2016-10-04T05:41:03.081Z</time>
        <extensions>
          <gpxtpx:TrackPointExtension>
            <gpxtpx:Extensions>
              <highway>primary</highway>
              <surface>asphalt</surface>
              <maxspeed>50</maxspeed>
            </gpxtpx:Extensions>
          </gpxtpx:TrackPointExtension>
        </extensions>
      </trkpt>
      <trkpt lat="44.999247" lon="7.698258">
        <ele>230</ele>
        <time>2016-10-04T05:41:04.001Z</time>
        <extensions>
          <gpxtpx:TrackPointExtension>
            <gpxtpx:Extensions>
              <highway>primary</highway>
              <surface>asphalt</surface>
              <maxspeed>50</maxspeed>
            </gpxtpx:Extensions>
          </gpxtpx:TrackPointExtension>
        </extensions>
      </trkpt>
      <trkpt lat="44.999155" lon="7.698559">
        <ele>230</ele>
        <time>2016-10-04T05:41:07.271Z</time>
        <extensions>
          <gpxtpx:TrackPointExtension>
            <gpxtpx:Extensions>
              <highway>primary</highway>
              <surface>asphalt</surface>
              <maxspeed>50</maxspeed>
            </gpxtpx:Extensions>
          </gpxtpx:TrackPointExtension>
        </extensions>
      </trkpt>
      <trkpt lat="44.998851" lon="7.699525">
        <ele>230.75</ele>
        <time>2016-10-04T05:41:17.815Z</time>
        <extensions>
          <gpxtpx:TrackPointExtension>
            <gpxtpx:Extensions>
              <highway>primary</highway>
              <surface>asphalt</surface>
              <maxspeed>50</maxspeed>
            </gpxtpx:Extensions>
          </gpxtpx:TrackPointExtension>
        </extensions>
      </trkpt>
      <trkpt lat="44.998693" lon="7.70003">
        <ele>230.75</ele>
        <time>2016-10-04T05:41:23.322Z</time>
        <extensions>
          <gpxtpx:TrackPointExtension>
            <gpxtpx:Extensions>
              <highway>primary</highway>
              <surface>asphalt</surface>
              <maxspeed>50</maxspeed>
            </gpxtpx:Extensions>
          </gpxtpx:TrackPointExtension>
        </extensions>
      </trkpt>
      <trkpt lat="44.998597" lon="7.700334">
        <ele>231.25</ele>
        <time>2016-10-04T05:41:26.642Z</time>
        <extensions>
          <gpxtpx:TrackPointExtension>
            <gpxtpx:Extensions>
              <highway>primary</highway>
              <surface>asphalt</surface>
              <maxspeed>50</maxspeed>
            </gpxtpx:Extensions>
          </gpxtpx:TrackPointExtension>
        </extensions>
      </trkpt>
      <trkpt lat="44.998433" lon="7.70085">
        <ele>231.5</ele>
        <time>2016-10-04T05:41:32.283Z</time>
        <extensions>
          <gpxtpx:TrackPointExtension>
            <gpxtpx:Extensions>
              <highway>primary</highway>
              <surface>asphalt</surface>
              <maxspeed>50</maxspeed>
            </gpxtpx:Extensions>
          </gpxtpx:TrackPointExtension>
        </extensions>
      </trkpt>
      <trkpt lat="44.998401" lon="7.700949">
        <ele>231.5</ele>
        <time>2016-10-04T05:41:33.368Z</time>
        <extensions>
          <gpxtpx:TrackPointExtension>
            <gpxtpx:Extensions>
              <highway>primary</highway>
              <surface>asphalt</surface>
              <maxspeed>50</maxspeed>
            </gpxtpx:Extensions>
          </gpxtpx:TrackPointExtension>
        </extensions>
      </trkpt>
      <trkpt lat="44.998187" lon="7.701605">
        <ele>232</ele>
        <time>2016-10-04T05:41:40.572Z</time>
        <extensions>
          <gpxtpx:TrackPointExtension>
            <gpxtpx:Extensions>
              <highway>primary</highway>
              <surface>asphalt</surface>
              <maxspeed>50</maxspeed>
            </gpxtpx:Extensions>
          </gpxtpx:TrackPointExtension>
        </extensions>
      </trkpt>
      <trkpt lat="44.998076" lon="7.701943">
        <ele>232.5</ele>
        <time>2016-10-04T05:41:44.288Z</time>
        <extensions>
          <gpxtpx:TrackPointExtension>
            <gpxtpx:Extensions>
              <highway>primary</highway>
              <surface>asphalt</surface>
              <maxspeed>50</maxspeed>
            </gpxtpx:Extensions>
          </gpxtpx:TrackPointExtension>
        </extensions>
      </trkpt>
      <trkpt lat="44.997807" lon="7.702564">
        <ele>233</ele>
        <time>2016-10-04T05:41:51.550Z</time>
        <extensions>
          <gpxtpx:TrackPointExtension>
            <gpxtpx:Extensions>
              <highway>primary</highway>
              <surface>asphalt</surface>
              <maxspeed>50</maxspeed>
            </gpxtpx:Extensions>
          </gpxtpx:TrackPointExtension>
        </extensions>
      </trkpt>
      <trkpt lat="44.997744" lon="7.70272">
        <ele>233</ele>
        <time>2016-10-04T05:41:53.341Z</time>
        <extensions>
          <gpxtpx:TrackPointExtension>
            <gpxtpx:Extensions>
              <highway>unclassified</highway>
              <surface>asphalt</surface>
              <oneway>yes</oneway>
            </gpxtpx:Extensions>
          </gpxtpx:TrackPointExtension>
        </extensions>
      </trkpt>
      <trkpt lat="44.997718" lon="7.702714">
        <ele>231.5</ele>
        <time>2016-10-04T05:41:53.717Z</time>
        <extensions>
          <gpxtpx:TrackPointExtension>
            <gpxtpx:Extensions>
              <highway>unclassified</highway>
              <surface>asphalt</surface>
              <oneway>yes</oneway>
            </gpxtpx:Extensions>
          </gpxtpx:TrackPointExtension>
        </extensions>
      </trkpt>
      <trkpt lat="44.997716" lon="7.702714">
        <ele>232.75</ele>
        <time>2016-10-04T05:41:53.746Z</time>
        <extensions>
          <gpxtpx:TrackPointExtension>
            <gpxtpx:Extensions>
              <highway>unclassified</highway>
              <surface>asphalt</surface>
              <oneway>yes</oneway>
            </gpxtpx:Extensions>
          </gpxtpx:TrackPointExtension>
        </extensions>
      </trkpt>
      <trkpt lat="44.997279" lon="7.702623">
        <ele>231.5</ele>
        <time>2016-10-04T05:42:00.063Z</time>
        <extensions>
          <gpxtpx:TrackPointExtension>
            <gpxtpx:Extensions>
              <reversedirection>yes</reversedirection>
              <highway>unclassified</highway>
              <surface>asphalt</surface>
            </gpxtpx:Extensions>
          </gpxtpx:TrackPointExtension>
        </extensions>
      </trkpt>
      <trkpt lat="44.996951" lon="7.702587">
        <ele>230.75</ele>
        <time>2016-10-04T05:42:04.768Z</time>
        <extensions>
          <gpxtpx:TrackPointExtension>
            <gpxtpx:Extensions>
              <reversedirection>yes</reversedirection>
              <highway>unclassified</highway>
              <surface>asphalt</surface>
            </gpxtpx:Extensions>
          </gpxtpx:TrackPointExtension>
        </extensions>
      </trkpt>
      <trkpt lat="44.99677" lon="7.702548">
        <ele>230.25</ele>
        <time>2016-10-04T05:42:07.386Z</time>
        <extensions>
          <gpxtpx:TrackPointExtension>
            <gpxtpx:Extensions>
              <reversedirection>yes</reversedirection>
              <highway>unclassified</highway>
              <surface>asphalt</surface>
            </gpxtpx:Extensions>
          </gpxtpx:TrackPointExtension>
        </extensions>
      </trkpt>
      <trkpt lat="44.99557" lon="7.702445">
        <ele>227.5</ele>
        <time>2016-10-04T05:42:24.580Z</time>
      </trkpt>
    </trkseg>
  </trk>
</gpx>
