<?xml version='1.0' encoding='UTF-8'?>
<gpx xmlns="http://www.topografix.com/GPX/1/1" xmlns:ns2="http://www.topografix.com/GPX/gpx_style/0/2" xmlns:ns3="http://www.garmin.com/xmlschemas/TrackPointExtension/v1" xmlns:xsi="http://www.w3.org/2001/XMLSchema-instance" creator="https://gpx.studio" version="1.1" xsi:schemaLocation="http://www.topografix.com/GPX/1/1 http://www.topografix.com/GPX/1/1/gpx.xsd http://www.garmin.com/xmlschemas/GpxExtensions/v3 http://www.garmin.com/xmlschemas/GpxExtensionsv3.xsd http://www.garmin.com/xmlschemas/TrackPointExtension/v1 http://www.garmin.com/xmlschemas/TrackPointExtensionv1.xsd http://www.garmin.com/xmlschemas/PowerExtension/v1 http://www.garmin.com/xmlschemas/PowerExtensionv1.xsd http://www.topografix.com/GPX/gpx_style/0/2 http://www.topografix.com/GPX/gpx_style/0/2/gpx_style.xsd">
  <metadata>
    <name>268 Torino-Caselle Andata Stradale</name>
    <author>
      <name>gpx.studio</name>
      <link href="https://gpx.studio" />
    </author>
  </metadata>
  <wpt lat="45.102059" lon="7.666608"><name>TO - Via Stradella (Ferm."MAD.CAMPAGNA")</name><cmt>Fermata 000417</cmt><desc>stop_id 000417 - spostata di 7m sul tracciato</desc><sym>Bus Stop</sym></wpt><wpt lat="45.102059" lon="7.666608"><name>TO - Via Stradella (Ferm."MAD.CAMPAGNA")</name><cmt>Fermata 000418</cmt><desc>stop_id 000418 - spostata di 16m sul tracciato</desc><sym>Bus Stop</sym></wpt><wpt lat="45.063525" lon="7.680086"><name>To - piazza carlo felice</name><cmt>Fermata 000913</cmt><desc>stop_id 000913 - spostata di 4m sul tracciato</desc><sym>Bus Stop</sym></wpt><wpt lat="45.151614" lon="7.654806"><name>BORGARO T.SE - via Lanzo ang via Martiri</name><cmt>Fermata 002581</cmt><desc>stop_id 002581 - spostata di 16m sul tracciato</desc><sym>Bus Stop</sym></wpt><wpt lat="45.112277" lon="7.663316"><name>TO - Str Aeroporto (Ferm."VERONESE")</name><cmt>Fermata 002596</cmt><desc>stop_id 002596 - spostata di 23m sul tracciato</desc><sym>Bus Stop</sym></wpt><wpt lat="45.110169" lon="7.663455"><name>TO - Via Stampini (Ferm."VERONESE")</name><cmt>Fermata 002597</cmt><desc>stop_id 002597 - spostata di 19m sul tracciato</desc><sym>Bus Stop</sym></wpt><wpt lat="45.191783390415594" lon="7.642953799700564"><name>Caselle Aeroporto</name><cmt>Fermata 014416</cmt><desc>stop_id 014416 - spostata di 23m sul tracciato</desc><sym>Bus Stop</sym></wpt><wpt lat="45.173198" lon="7.649596"><name>Caselle T.Se - Via Torino 99</name><cmt>Fermata 014549</cmt><desc>stop_id 014549 - spostata di 7m sul tracciato</desc><sym>Bus Stop</sym></wpt><wpt lat="45.152609" lon="7.654701"><name>Borgaro T.Se - Via Lanzo 159</name><cmt>Fermata 024380</cmt><desc>stop_id 024380 - spostata di 25m sul tracciato</desc><sym>Bus Stop</sym></wpt><wpt lat="45.174414" lon="7.648874"><name>Caselle T.Se - Via Torino 99</name><cmt>Fermata 024549</cmt><desc>stop_id 024549 - spostata di 1m sul tracciato</desc><sym>Bus Stop</sym></wpt><wpt lat="45.175463" lon="7.650715"><name>Caselle T.Se- Str.Aeroporto 23</name><cmt>Fermata 031041</cmt><desc>stop_id 031041 - spostata di 6m sul tracciato</desc><sym>Bus Stop</sym></wpt><wpt lat="45.176845" lon="7.650258"><name>Caselle T.Se- Str.Aeroporto 44</name><cmt>Fermata 041041</cmt><desc>stop_id 041041 - spostata di 12m sul tracciato</desc><sym>Bus Stop</sym></wpt><wpt lat="45.072192" lon="7.667051"><name>TO c.so Bolzano - stallo 13 (Porta Susa)</name><cmt>Fermata 056602</cmt><desc>stop_id 056602 - spostata di 13m sul tracciato</desc><sym>Bus Stop</sym></wpt><wpt lat="45.07174910960755" lon="7.666739927157382"><name>To - C.So Bolzano 42 (P. Susa)</name><cmt>Fermata 056603</cmt><desc>stop_id 056603 - spostata di 32m sul tracciato</desc><sym>Bus Stop</sym></wpt><wpt lat="45.083976" lon="7.66865"><name>Torino - C.So Umbria/Livorno</name><cmt>Fermata 059775</cmt><desc>stop_id 059775 - spostata di 21m sul tracciato</desc><sym>Bus Stop</sym></wpt><wpt lat="45.083976" lon="7.66865"><name>Torino - C.So Umbria/Livorno</name><cmt>Fermata 059776</cmt><desc>stop_id 059776 - spostata di 21m sul tracciato</desc><sym>Bus Stop</sym></wpt><trk>
    <name>268 Torino-Caselle Andata Stradale</name>
    <extensions>
      <ns2:line>
        <ns2:color>0008ff</ns2:color>
      </ns2:line>
    </extensions>
    <trkseg>
      <trkpt lat="45.063509" lon="7.680074">
        <ele>250</ele>
        <extensions>
          <ns3:TrackPointExtension>
            <ns3:Extensions>
              <highway>residential</highway>
              <surface>paving_stones</surface>
              <maxspeed>50</maxspeed>
              <oneway>yes</oneway>
            </ns3:Extensions>
          </ns3:TrackPointExtension>
        </extensions>
      </trkpt>
      <trkpt lat="45.063525" lon="7.680086">
        <ele>250</ele>
        <extensions>
          <ns3:TrackPointExtension>
            <ns3:Extensions>
              <highway>residential</highway>
              <surface>paving_stones</surface>
              <maxspeed>50</maxspeed>
              <oneway>yes</oneway>
            </ns3:Extensions>
          </ns3:TrackPointExtension>
        </extensions>
      </trkpt>
      <trkpt lat="45.063617" lon="7.68015">
        <ele>249.75</ele>
        <extensions>
          <ns3:TrackPointExtension>
            <ns3:Extensions>
              <highway>residential</highway>
              <surface>paving_stones</surface>
              <maxspeed>50</maxspeed>
              <oneway>yes</oneway>
            </ns3:Extensions>
          </ns3:TrackPointExtension>
        </extensions>
      </trkpt>
      <trkpt lat="45.063658" lon="7.68018">
        <ele>249.5</ele>
        <extensions>
          <ns3:TrackPointExtension>
            <ns3:Extensions>
              <highway>residential</highway>
              <surface>paving_stones</surface>
              <maxspeed>50</maxspeed>
              <oneway>yes</oneway>
            </ns3:Extensions>
          </ns3:TrackPointExtension>
        </extensions>
      </trkpt>
      <trkpt lat="45.063705" lon="7.680216">
        <ele>249.5</ele>
        <extensions>
          <ns3:TrackPointExtension>
            <ns3:Extensions>
              <highway>residential</highway>
              <surface>paving_stones</surface>
              <maxspeed>50</maxspeed>
              <oneway>yes</oneway>
            </ns3:Extensions>
          </ns3:TrackPointExtension>
        </extensions>
      </trkpt>
      <trkpt lat="45.063803" lon="7.68028">
        <ele>249.25</ele>
        <extensions>
          <ns3:TrackPointExtension>
            <ns3:Extensions>
              <highway>residential</highway>
              <surface>paving_stones</surface>
              <maxspeed>50</maxspeed>
              <oneway>yes</oneway>
            </ns3:Extensions>
          </ns3:TrackPointExtension>
        </extensions>
      </trkpt>
      <trkpt lat="45.063885" lon="7.680303">
        <ele>249.25</ele>
        <extensions>
          <ns3:TrackPointExtension>
            <ns3:Extensions>
              <highway>residential</highway>
              <surface>paving_stones</surface>
              <maxspeed>50</maxspeed>
              <oneway>yes</oneway>
            </ns3:Extensions>
          </ns3:TrackPointExtension>
        </extensions>
      </trkpt>
      <trkpt lat="45.063923" lon="7.680304">
        <ele>249</ele>
        <extensions>
          <ns3:TrackPointExtension>
            <ns3:Extensions>
              <highway>residential</highway>
              <surface>paving_stones</surface>
              <maxspeed>50</maxspeed>
              <oneway>yes</oneway>
            </ns3:Extensions>
          </ns3:TrackPointExtension>
        </extensions>
      </trkpt>
      <trkpt lat="45.063996" lon="7.680291">
        <ele>249</ele>
        <extensions>
          <ns3:TrackPointExtension>
            <ns3:Extensions>
              <highway>residential</highway>
              <surface>paving_stones</surface>
              <maxspeed>50</maxspeed>
              <oneway>yes</oneway>
            </ns3:Extensions>
          </ns3:TrackPointExtension>
        </extensions>
      </trkpt>
      <trkpt lat="45.064098" lon="7.68023">
        <ele>248.5</ele>
        <extensions>
          <ns3:TrackPointExtension>
            <ns3:Extensions>
              <highway>residential</highway>
              <surface>paving_stones</surface>
              <maxspeed>50</maxspeed>
              <oneway>yes</oneway>
            </ns3:Extensions>
          </ns3:TrackPointExtension>
        </extensions>
      </trkpt>
      <trkpt lat="45.064169" lon="7.680142">
        <ele>248.25</ele>
        <extensions>
          <ns3:TrackPointExtension>
            <ns3:Extensions>
              <highway>residential</highway>
              <surface>paving_stones</surface>
              <maxspeed>50</maxspeed>
              <oneway>yes</oneway>
            </ns3:Extensions>
          </ns3:TrackPointExtension>
        </extensions>
      </trkpt>
      <trkpt lat="45.064216" lon="7.680036">
        <ele>248</ele>
        <extensions>
          <ns3:TrackPointExtension>
            <ns3:Extensions>
              <highway>residential</highway>
              <surface>paving_stones</surface>
              <maxspeed>50</maxspeed>
              <oneway>yes</oneway>
            </ns3:Extensions>
          </ns3:TrackPointExtension>
        </extensions>
      </trkpt>
      <trkpt lat="45.064237" lon="7.679949">
        <ele>248.25</ele>
        <extensions>
          <ns3:TrackPointExtension>
            <ns3:Extensions>
              <highway>residential</highway>
              <surface>paving_stones</surface>
              <maxspeed>50</maxspeed>
              <oneway>yes</oneway>
            </ns3:Extensions>
          </ns3:TrackPointExtension>
        </extensions>
      </trkpt>
      <trkpt lat="45.064251" lon="7.679864">
        <ele>248.5</ele>
        <extensions>
          <ns3:TrackPointExtension>
            <ns3:Extensions>
              <highway>residential</highway>
              <surface>paving_stones</surface>
              <maxspeed>50</maxspeed>
              <oneway>yes</oneway>
            </ns3:Extensions>
          </ns3:TrackPointExtension>
        </extensions>
      </trkpt>
      <trkpt lat="45.064254" lon="7.679788">
        <ele>248.75</ele>
        <extensions>
          <ns3:TrackPointExtension>
            <ns3:Extensions>
              <highway>residential</highway>
              <surface>paving_stones</surface>
              <maxspeed>50</maxspeed>
              <oneway>yes</oneway>
            </ns3:Extensions>
          </ns3:TrackPointExtension>
        </extensions>
      </trkpt>
      <trkpt lat="45.064246" lon="7.679698">
        <ele>249</ele>
        <extensions>
          <ns3:TrackPointExtension>
            <ns3:Extensions>
              <highway>residential</highway>
              <surface>paving_stones</surface>
              <maxspeed>50</maxspeed>
              <oneway>yes</oneway>
            </ns3:Extensions>
          </ns3:TrackPointExtension>
        </extensions>
      </trkpt>
      <trkpt lat="45.064226" lon="7.679607">
        <ele>249.25</ele>
        <extensions>
          <ns3:TrackPointExtension>
            <ns3:Extensions>
              <highway>residential</highway>
              <surface>paving_stones</surface>
              <maxspeed>50</maxspeed>
              <oneway>yes</oneway>
            </ns3:Extensions>
          </ns3:TrackPointExtension>
        </extensions>
      </trkpt>
      <trkpt lat="45.064199" lon="7.679527">
        <ele>249.5</ele>
        <extensions>
          <ns3:TrackPointExtension>
            <ns3:Extensions>
              <highway>residential</highway>
              <surface>paving_stones</surface>
              <maxspeed>50</maxspeed>
              <oneway>yes</oneway>
            </ns3:Extensions>
          </ns3:TrackPointExtension>
        </extensions>
      </trkpt>
      <trkpt lat="45.064167" lon="7.679466">
        <ele>249.75</ele>
        <extensions>
          <ns3:TrackPointExtension>
            <ns3:Extensions>
              <highway>residential</highway>
              <surface>paving_stones</surface>
              <maxspeed>50</maxspeed>
              <oneway>yes</oneway>
            </ns3:Extensions>
          </ns3:TrackPointExtension>
        </extensions>
      </trkpt>
      <trkpt lat="45.06413" lon="7.679415">
        <ele>250</ele>
        <extensions>
          <ns3:TrackPointExtension>
            <ns3:Extensions>
              <highway>residential</highway>
              <surface>paving_stones</surface>
              <maxspeed>50</maxspeed>
              <oneway>yes</oneway>
            </ns3:Extensions>
          </ns3:TrackPointExtension>
        </extensions>
      </trkpt>
      <trkpt lat="45.06407" lon="7.679358">
        <ele>250</ele>
        <extensions>
          <ns3:TrackPointExtension>
            <ns3:Extensions>
              <highway>residential</highway>
              <surface>paving_stones</surface>
              <maxspeed>50</maxspeed>
              <oneway>yes</oneway>
            </ns3:Extensions>
          </ns3:TrackPointExtension>
        </extensions>
      </trkpt>
      <trkpt lat="45.064022" lon="7.679319">
        <ele>250.25</ele>
        <extensions>
          <ns3:TrackPointExtension>
            <ns3:Extensions>
              <highway>residential</highway>
              <surface>paving_stones</surface>
              <maxspeed>50</maxspeed>
              <oneway>yes</oneway>
            </ns3:Extensions>
          </ns3:TrackPointExtension>
        </extensions>
      </trkpt>
      <trkpt lat="45.06393" lon="7.679251">
        <ele>250.25</ele>
        <extensions>
          <ns3:TrackPointExtension>
            <ns3:Extensions>
              <highway>residential</highway>
              <surface>paving_stones</surface>
              <maxspeed>50</maxspeed>
              <oneway>yes</oneway>
            </ns3:Extensions>
          </ns3:TrackPointExtension>
        </extensions>
      </trkpt>
      <trkpt lat="45.063734" lon="7.679115">
        <ele>250</ele>
        <extensions>
          <ns3:TrackPointExtension>
            <ns3:Extensions>
              <highway>residential</highway>
              <surface>paving_stones</surface>
              <maxspeed>50</maxspeed>
              <oneway>yes</oneway>
            </ns3:Extensions>
          </ns3:TrackPointExtension>
        </extensions>
      </trkpt>
      <trkpt lat="45.063618" lon="7.67904">
        <ele>249.75</ele>
        <extensions>
          <ns3:TrackPointExtension>
            <ns3:Extensions>
              <highway>residential</highway>
              <surface>paving_stones</surface>
              <maxspeed>50</maxspeed>
              <oneway>yes</oneway>
            </ns3:Extensions>
          </ns3:TrackPointExtension>
        </extensions>
      </trkpt>
      <trkpt lat="45.063306" lon="7.678837">
        <ele>249.75</ele>
        <extensions>
          <ns3:TrackPointExtension>
            <ns3:Extensions>
              <highway>residential</highway>
              <surface>asphalt</surface>
              <maxspeed>50</maxspeed>
              <oneway>yes</oneway>
            </ns3:Extensions>
          </ns3:TrackPointExtension>
        </extensions>
      </trkpt>
      <trkpt lat="45.063124" lon="7.678712">
        <ele>249.5</ele>
        <extensions>
          <ns3:TrackPointExtension>
            <ns3:Extensions>
              <highway>residential</highway>
              <surface>asphalt</surface>
              <maxspeed>50</maxspeed>
              <oneway>yes</oneway>
            </ns3:Extensions>
          </ns3:TrackPointExtension>
        </extensions>
      </trkpt>
      <trkpt lat="45.063069" lon="7.678645">
        <ele>249.5</ele>
        <extensions>
          <ns3:TrackPointExtension>
            <ns3:Extensions>
              <highway>residential</highway>
              <surface>asphalt</surface>
              <maxspeed>50</maxspeed>
              <oneway>yes</oneway>
            </ns3:Extensions>
          </ns3:TrackPointExtension>
        </extensions>
      </trkpt>
      <trkpt lat="45.063055" lon="7.678611">
        <ele>249.5</ele>
        <extensions>
          <ns3:TrackPointExtension>
            <ns3:Extensions>
              <highway>residential</highway>
              <surface>asphalt</surface>
              <maxspeed>50</maxspeed>
              <oneway>yes</oneway>
            </ns3:Extensions>
          </ns3:TrackPointExtension>
        </extensions>
      </trkpt>
      <trkpt lat="45.06305" lon="7.678568">
        <ele>249.5</ele>
        <extensions>
          <ns3:TrackPointExtension>
            <ns3:Extensions>
              <highway>residential</highway>
              <surface>asphalt</surface>
              <maxspeed>50</maxspeed>
              <oneway>yes</oneway>
            </ns3:Extensions>
          </ns3:TrackPointExtension>
        </extensions>
      </trkpt>
      <trkpt lat="45.063053" lon="7.678512">
        <ele>249.75</ele>
        <extensions>
          <ns3:TrackPointExtension>
            <ns3:Extensions>
              <highway>residential</highway>
              <surface>asphalt</surface>
              <maxspeed>50</maxspeed>
              <oneway>yes</oneway>
            </ns3:Extensions>
          </ns3:TrackPointExtension>
        </extensions>
      </trkpt>
      <trkpt lat="45.06306" lon="7.678445">
        <ele>249.75</ele>
        <extensions>
          <ns3:TrackPointExtension>
            <ns3:Extensions>
              <highway>residential</highway>
              <surface>asphalt</surface>
              <maxspeed>50</maxspeed>
              <oneway>yes</oneway>
            </ns3:Extensions>
          </ns3:TrackPointExtension>
        </extensions>
      </trkpt>
      <trkpt lat="45.063201" lon="7.678057">
        <ele>250</ele>
        <extensions>
          <ns3:TrackPointExtension>
            <ns3:Extensions>
              <highway>residential</highway>
              <surface>asphalt</surface>
              <maxspeed>50</maxspeed>
              <oneway>yes</oneway>
            </ns3:Extensions>
          </ns3:TrackPointExtension>
        </extensions>
      </trkpt>
      <trkpt lat="45.063254" lon="7.677912">
        <ele>250</ele>
        <extensions>
          <ns3:TrackPointExtension>
            <ns3:Extensions>
              <highway>residential</highway>
              <surface>asphalt</surface>
              <maxspeed>50</maxspeed>
              <oneway>yes</oneway>
            </ns3:Extensions>
          </ns3:TrackPointExtension>
        </extensions>
      </trkpt>
      <trkpt lat="45.063262" lon="7.677892">
        <ele>250</ele>
        <extensions>
          <ns3:TrackPointExtension>
            <ns3:Extensions>
              <highway>residential</highway>
              <surface>asphalt</surface>
              <maxspeed>50</maxspeed>
              <oneway>yes</oneway>
            </ns3:Extensions>
          </ns3:TrackPointExtension>
        </extensions>
      </trkpt>
      <trkpt lat="45.063263" lon="7.677891">
        <ele>250</ele>
        <extensions>
          <ns3:TrackPointExtension>
            <ns3:Extensions>
              <highway>residential</highway>
              <surface>asphalt</surface>
              <maxspeed>50</maxspeed>
              <oneway>yes</oneway>
            </ns3:Extensions>
          </ns3:TrackPointExtension>
        </extensions>
      </trkpt>
      <trkpt lat="45.063267" lon="7.677878">
        <ele>250</ele>
        <extensions>
          <ns3:TrackPointExtension>
            <ns3:Extensions>
              <highway>residential</highway>
              <surface>asphalt</surface>
              <maxspeed>50</maxspeed>
              <oneway>yes</oneway>
            </ns3:Extensions>
          </ns3:TrackPointExtension>
        </extensions>
      </trkpt>
      <trkpt lat="45.063284" lon="7.677832">
        <ele>250</ele>
        <extensions>
          <ns3:TrackPointExtension>
            <ns3:Extensions>
              <reversedirection>yes</reversedirection>
              <highway>tertiary</highway>
              <surface>asphalt</surface>
              <oneway>no</oneway>
            </ns3:Extensions>
          </ns3:TrackPointExtension>
        </extensions>
      </trkpt>
      <trkpt lat="45.063204" lon="7.677777">
        <ele>249.5</ele>
        <extensions>
          <ns3:TrackPointExtension>
            <ns3:Extensions>
              <reversedirection>yes</reversedirection>
              <highway>tertiary</highway>
              <surface>asphalt</surface>
              <oneway>no</oneway>
            </ns3:Extensions>
          </ns3:TrackPointExtension>
        </extensions>
      </trkpt>
      <trkpt lat="45.063198" lon="7.677773">
        <ele>249.5</ele>
        <extensions>
          <ns3:TrackPointExtension>
            <ns3:Extensions>
              <reversedirection>yes</reversedirection>
              <highway>tertiary</highway>
              <surface>asphalt</surface>
              <oneway>no</oneway>
            </ns3:Extensions>
          </ns3:TrackPointExtension>
        </extensions>
      </trkpt>
      <trkpt lat="45.06315" lon="7.67774">
        <ele>249.25</ele>
        <extensions>
          <ns3:TrackPointExtension>
            <ns3:Extensions>
              <reversedirection>yes</reversedirection>
              <highway>primary</highway>
              <surface>asphalt</surface>
              <maxspeed>50</maxspeed>
              <oneway>no</oneway>
            </ns3:Extensions>
          </ns3:TrackPointExtension>
        </extensions>
      </trkpt>
      <trkpt lat="45.06318" lon="7.677654">
        <ele>249.25</ele>
        <extensions>
          <ns3:TrackPointExtension>
            <ns3:Extensions>
              <reversedirection>yes</reversedirection>
              <highway>primary</highway>
              <surface>asphalt</surface>
              <maxspeed>50</maxspeed>
              <oneway>no</oneway>
            </ns3:Extensions>
          </ns3:TrackPointExtension>
        </extensions>
      </trkpt>
      <trkpt lat="45.063202" lon="7.677593">
        <ele>249.25</ele>
        <extensions>
          <ns3:TrackPointExtension>
            <ns3:Extensions>
              <reversedirection>yes</reversedirection>
              <highway>primary</highway>
              <surface>asphalt</surface>
              <maxspeed>50</maxspeed>
              <oneway>no</oneway>
            </ns3:Extensions>
          </ns3:TrackPointExtension>
        </extensions>
      </trkpt>
      <trkpt lat="45.06323" lon="7.677519">
        <ele>249.25</ele>
        <extensions>
          <ns3:TrackPointExtension>
            <ns3:Extensions>
              <reversedirection>yes</reversedirection>
              <highway>primary</highway>
              <surface>asphalt</surface>
              <maxspeed>50</maxspeed>
              <oneway>no</oneway>
            </ns3:Extensions>
          </ns3:TrackPointExtension>
        </extensions>
      </trkpt>
      <trkpt lat="45.063232" lon="7.677512">
        <ele>249.25</ele>
        <extensions>
          <ns3:TrackPointExtension>
            <ns3:Extensions>
              <reversedirection>yes</reversedirection>
              <highway>primary</highway>
              <surface>asphalt</surface>
              <maxspeed>50</maxspeed>
              <oneway>no</oneway>
            </ns3:Extensions>
          </ns3:TrackPointExtension>
        </extensions>
      </trkpt>
      <trkpt lat="45.063535" lon="7.676676">
        <ele>251</ele>
        <extensions>
          <ns3:TrackPointExtension>
            <ns3:Extensions>
              <reversedirection>yes</reversedirection>
              <highway>primary</highway>
              <surface>asphalt</surface>
              <maxspeed>50</maxspeed>
              <oneway>no</oneway>
            </ns3:Extensions>
          </ns3:TrackPointExtension>
        </extensions>
      </trkpt>
      <trkpt lat="45.063584" lon="7.67654">
        <ele>251.25</ele>
        <extensions>
          <ns3:TrackPointExtension>
            <ns3:Extensions>
              <reversedirection>yes</reversedirection>
              <highway>primary</highway>
              <surface>asphalt</surface>
              <maxspeed>50</maxspeed>
              <oneway>no</oneway>
            </ns3:Extensions>
          </ns3:TrackPointExtension>
        </extensions>
      </trkpt>
      <trkpt lat="45.063612" lon="7.676464">
        <ele>251.25</ele>
        <extensions>
          <ns3:TrackPointExtension>
            <ns3:Extensions>
              <reversedirection>yes</reversedirection>
              <highway>primary</highway>
              <surface>asphalt</surface>
              <maxspeed>50</maxspeed>
              <oneway>no</oneway>
            </ns3:Extensions>
          </ns3:TrackPointExtension>
        </extensions>
      </trkpt>
      <trkpt lat="45.063613" lon="7.67646">
        <ele>251.25</ele>
        <extensions>
          <ns3:TrackPointExtension>
            <ns3:Extensions>
              <reversedirection>yes</reversedirection>
              <highway>primary</highway>
              <surface>asphalt</surface>
              <maxspeed>50</maxspeed>
              <oneway>no</oneway>
            </ns3:Extensions>
          </ns3:TrackPointExtension>
        </extensions>
      </trkpt>
      <trkpt lat="45.063679" lon="7.676281">
        <ele>251.5</ele>
        <extensions>
          <ns3:TrackPointExtension>
            <ns3:Extensions>
              <reversedirection>yes</reversedirection>
              <highway>primary</highway>
              <surface>asphalt</surface>
              <maxspeed>50</maxspeed>
              <oneway>no</oneway>
            </ns3:Extensions>
          </ns3:TrackPointExtension>
        </extensions>
      </trkpt>
      <trkpt lat="45.063683" lon="7.676271">
        <ele>251.5</ele>
        <extensions>
          <ns3:TrackPointExtension>
            <ns3:Extensions>
              <reversedirection>yes</reversedirection>
              <highway>primary</highway>
              <surface>asphalt</surface>
              <maxspeed>50</maxspeed>
              <oneway>no</oneway>
            </ns3:Extensions>
          </ns3:TrackPointExtension>
        </extensions>
      </trkpt>
      <trkpt lat="45.064353" lon="7.674409">
        <ele>251.25</ele>
        <extensions>
          <ns3:TrackPointExtension>
            <ns3:Extensions>
              <reversedirection>yes</reversedirection>
              <highway>primary</highway>
              <surface>asphalt</surface>
              <maxspeed>50</maxspeed>
              <oneway>no</oneway>
            </ns3:Extensions>
          </ns3:TrackPointExtension>
        </extensions>
      </trkpt>
      <trkpt lat="45.064379" lon="7.674337">
        <ele>250.75</ele>
        <extensions>
          <ns3:TrackPointExtension>
            <ns3:Extensions>
              <reversedirection>yes</reversedirection>
              <highway>primary</highway>
              <surface>asphalt</surface>
              <maxspeed>50</maxspeed>
              <oneway>no</oneway>
            </ns3:Extensions>
          </ns3:TrackPointExtension>
        </extensions>
      </trkpt>
      <trkpt lat="45.064383" lon="7.674325">
        <ele>250.75</ele>
        <extensions>
          <ns3:TrackPointExtension>
            <ns3:Extensions>
              <reversedirection>yes</reversedirection>
              <highway>primary</highway>
              <surface>asphalt</surface>
              <maxspeed>50</maxspeed>
            </ns3:Extensions>
          </ns3:TrackPointExtension>
        </extensions>
      </trkpt>
      <trkpt lat="45.064426" lon="7.674202">
        <ele>250.25</ele>
        <extensions>
          <ns3:TrackPointExtension>
            <ns3:Extensions>
              <reversedirection>yes</reversedirection>
              <highway>primary</highway>
              <surface>asphalt</surface>
              <maxspeed>50</maxspeed>
            </ns3:Extensions>
          </ns3:TrackPointExtension>
        </extensions>
      </trkpt>
      <trkpt lat="45.064476" lon="7.674069">
        <ele>250.25</ele>
        <extensions>
          <ns3:TrackPointExtension>
            <ns3:Extensions>
              <reversedirection>yes</reversedirection>
              <highway>primary</highway>
              <surface>asphalt</surface>
              <maxspeed>50</maxspeed>
            </ns3:Extensions>
          </ns3:TrackPointExtension>
        </extensions>
      </trkpt>
      <trkpt lat="45.064502" lon="7.674">
        <ele>250.25</ele>
        <extensions>
          <ns3:TrackPointExtension>
            <ns3:Extensions>
              <reversedirection>yes</reversedirection>
              <highway>primary</highway>
              <surface>asphalt</surface>
              <maxspeed>50</maxspeed>
            </ns3:Extensions>
          </ns3:TrackPointExtension>
        </extensions>
      </trkpt>
      <trkpt lat="45.064526" lon="7.673935">
        <ele>250.25</ele>
        <extensions>
          <ns3:TrackPointExtension>
            <ns3:Extensions>
              <reversedirection>yes</reversedirection>
              <highway>primary</highway>
              <surface>asphalt</surface>
              <maxspeed>50</maxspeed>
            </ns3:Extensions>
          </ns3:TrackPointExtension>
        </extensions>
      </trkpt>
      <trkpt lat="45.064585" lon="7.673777">
        <ele>250.25</ele>
        <extensions>
          <ns3:TrackPointExtension>
            <ns3:Extensions>
              <reversedirection>yes</reversedirection>
              <highway>primary</highway>
              <surface>asphalt</surface>
              <maxspeed>50</maxspeed>
              <oneway>no</oneway>
            </ns3:Extensions>
          </ns3:TrackPointExtension>
        </extensions>
      </trkpt>
      <trkpt lat="45.06462" lon="7.673685">
        <ele>250.25</ele>
        <extensions>
          <ns3:TrackPointExtension>
            <ns3:Extensions>
              <reversedirection>yes</reversedirection>
              <highway>primary</highway>
              <surface>asphalt</surface>
              <maxspeed>50</maxspeed>
              <oneway>no</oneway>
            </ns3:Extensions>
          </ns3:TrackPointExtension>
        </extensions>
      </trkpt>
      <trkpt lat="45.064633" lon="7.67365">
        <ele>250.25</ele>
        <extensions>
          <ns3:TrackPointExtension>
            <ns3:Extensions>
              <reversedirection>yes</reversedirection>
              <highway>primary</highway>
              <surface>asphalt</surface>
              <maxspeed>50</maxspeed>
              <oneway>no</oneway>
            </ns3:Extensions>
          </ns3:TrackPointExtension>
        </extensions>
      </trkpt>
      <trkpt lat="45.065275" lon="7.671839">
        <ele>251.75</ele>
        <extensions>
          <ns3:TrackPointExtension>
            <ns3:Extensions>
              <highway>primary</highway>
              <surface>asphalt</surface>
              <maxspeed>50</maxspeed>
              <oneway>yes</oneway>
            </ns3:Extensions>
          </ns3:TrackPointExtension>
        </extensions>
      </trkpt>
      <trkpt lat="45.065277" lon="7.671835">
        <ele>251.00141353188084</ele>
      </trkpt>
      <trkpt lat="45.06533585503925" lon="7.67179170274261">
        <ele>251.19558330793004</ele>
      </trkpt>
      <trkpt lat="45.06541338120172" lon="7.671761648351605">
        <ele>251.70270329155056</ele>
      </trkpt>
      <trkpt lat="45.065483" lon="7.671744">
        <ele>252.5</ele>
        <extensions>
          <ns3:TrackPointExtension>
            <ns3:Extensions>
              <highway>residential</highway>
              <surface>asphalt</surface>
              <maxspeed>20</maxspeed>
              <oneway>yes</oneway>
            </ns3:Extensions>
          </ns3:TrackPointExtension>
        </extensions>
      </trkpt>
      <trkpt lat="45.065489" lon="7.671736">
        <ele>252.75</ele>
        <extensions>
          <ns3:TrackPointExtension>
            <ns3:Extensions>
              <highway>residential</highway>
              <surface>asphalt</surface>
              <maxspeed>20</maxspeed>
              <oneway>yes</oneway>
            </ns3:Extensions>
          </ns3:TrackPointExtension>
        </extensions>
      </trkpt>
      <trkpt lat="45.065551" lon="7.671669">
        <ele>252.75</ele>
        <extensions>
          <ns3:TrackPointExtension>
            <ns3:Extensions>
              <highway>residential</highway>
              <surface>asphalt</surface>
              <maxspeed>20</maxspeed>
              <oneway>yes</oneway>
            </ns3:Extensions>
          </ns3:TrackPointExtension>
        </extensions>
      </trkpt>
      <trkpt lat="45.065821" lon="7.671523">
        <ele>253.75</ele>
        <extensions>
          <ns3:TrackPointExtension>
            <ns3:Extensions>
              <highway>residential</highway>
              <surface>asphalt</surface>
              <maxspeed>20</maxspeed>
              <oneway>yes</oneway>
            </ns3:Extensions>
          </ns3:TrackPointExtension>
        </extensions>
      </trkpt>
      <trkpt lat="45.065886" lon="7.671481">
        <ele>253.75</ele>
        <extensions>
          <ns3:TrackPointExtension>
            <ns3:Extensions>
              <highway>residential</highway>
              <surface>asphalt</surface>
              <maxspeed>20</maxspeed>
              <oneway>yes</oneway>
            </ns3:Extensions>
          </ns3:TrackPointExtension>
        </extensions>
      </trkpt>
      <trkpt lat="45.06599" lon="7.671424">
        <ele>253.5</ele>
        <extensions>
          <ns3:TrackPointExtension>
            <ns3:Extensions>
              <highway>residential</highway>
              <surface>asphalt</surface>
              <maxspeed>20</maxspeed>
              <oneway>yes</oneway>
            </ns3:Extensions>
          </ns3:TrackPointExtension>
        </extensions>
      </trkpt>
      <trkpt lat="45.066055" lon="7.671243">
        <ele>253.5</ele>
        <extensions>
          <ns3:TrackPointExtension>
            <ns3:Extensions>
              <highway>residential</highway>
              <surface>asphalt</surface>
              <maxspeed>20</maxspeed>
              <oneway>yes</oneway>
            </ns3:Extensions>
          </ns3:TrackPointExtension>
        </extensions>
      </trkpt>
      <trkpt lat="45.066061" lon="7.671228">
        <ele>253.75</ele>
        <extensions>
          <ns3:TrackPointExtension>
            <ns3:Extensions>
              <reversedirection>yes</reversedirection>
              <highway>tertiary</highway>
              <surface>asphalt</surface>
              <maxspeed>50</maxspeed>
            </ns3:Extensions>
          </ns3:TrackPointExtension>
        </extensions>
      </trkpt>
      <trkpt lat="45.06611" lon="7.671258">
        <ele>253.5</ele>
        <extensions>
          <ns3:TrackPointExtension>
            <ns3:Extensions>
              <reversedirection>yes</reversedirection>
              <highway>tertiary</highway>
              <surface>asphalt</surface>
              <maxspeed>50</maxspeed>
            </ns3:Extensions>
          </ns3:TrackPointExtension>
        </extensions>
      </trkpt>
      <trkpt lat="45.066153" lon="7.671289">
        <ele>253.5</ele>
        <extensions>
          <ns3:TrackPointExtension>
            <ns3:Extensions>
              <reversedirection>yes</reversedirection>
              <highway>tertiary</highway>
              <surface>asphalt</surface>
              <maxspeed>50</maxspeed>
            </ns3:Extensions>
          </ns3:TrackPointExtension>
        </extensions>
      </trkpt>
      <trkpt lat="45.066267" lon="7.671366">
        <ele>253</ele>
        <extensions>
          <ns3:TrackPointExtension>
            <ns3:Extensions>
              <reversedirection>yes</reversedirection>
              <highway>tertiary</highway>
              <surface>asphalt</surface>
              <maxspeed>50</maxspeed>
            </ns3:Extensions>
          </ns3:TrackPointExtension>
        </extensions>
      </trkpt>
      <trkpt lat="45.066601" lon="7.671592">
        <ele>251.5</ele>
        <extensions>
          <ns3:TrackPointExtension>
            <ns3:Extensions>
              <reversedirection>yes</reversedirection>
              <highway>tertiary</highway>
              <surface>asphalt</surface>
              <maxspeed>50</maxspeed>
            </ns3:Extensions>
          </ns3:TrackPointExtension>
        </extensions>
      </trkpt>
      <trkpt lat="45.066922" lon="7.67181">
        <ele>251.5</ele>
        <extensions>
          <ns3:TrackPointExtension>
            <ns3:Extensions>
              <reversedirection>yes</reversedirection>
              <highway>tertiary</highway>
              <surface>asphalt</surface>
              <maxspeed>50</maxspeed>
            </ns3:Extensions>
          </ns3:TrackPointExtension>
        </extensions>
      </trkpt>
      <trkpt lat="45.067041" lon="7.671891">
        <ele>251.75</ele>
        <extensions>
          <ns3:TrackPointExtension>
            <ns3:Extensions>
              <reversedirection>yes</reversedirection>
              <highway>tertiary</highway>
              <surface>asphalt</surface>
              <maxspeed>50</maxspeed>
            </ns3:Extensions>
          </ns3:TrackPointExtension>
        </extensions>
      </trkpt>
      <trkpt lat="45.067069" lon="7.67191">
        <ele>251.75</ele>
        <extensions>
          <ns3:TrackPointExtension>
            <ns3:Extensions>
              <reversedirection>yes</reversedirection>
              <highway>tertiary</highway>
              <surface>asphalt</surface>
              <maxspeed>50</maxspeed>
            </ns3:Extensions>
          </ns3:TrackPointExtension>
        </extensions>
      </trkpt>
      <trkpt lat="45.067136" lon="7.671956">
        <ele>251.5</ele>
        <extensions>
          <ns3:TrackPointExtension>
            <ns3:Extensions>
              <reversedirection>yes</reversedirection>
              <highway>tertiary</highway>
              <surface>asphalt</surface>
              <maxspeed>50</maxspeed>
            </ns3:Extensions>
          </ns3:TrackPointExtension>
        </extensions>
      </trkpt>
      <trkpt lat="45.067232" lon="7.672027">
        <ele>251.25</ele>
        <extensions>
          <ns3:TrackPointExtension>
            <ns3:Extensions>
              <reversedirection>yes</reversedirection>
              <highway>tertiary</highway>
              <surface>asphalt</surface>
              <maxspeed>50</maxspeed>
            </ns3:Extensions>
          </ns3:TrackPointExtension>
        </extensions>
      </trkpt>
      <trkpt lat="45.067292" lon="7.67207">
        <ele>251</ele>
        <extensions>
          <ns3:TrackPointExtension>
            <ns3:Extensions>
              <reversedirection>yes</reversedirection>
              <highway>tertiary</highway>
              <surface>asphalt</surface>
              <maxspeed>50</maxspeed>
            </ns3:Extensions>
          </ns3:TrackPointExtension>
        </extensions>
      </trkpt>
      <trkpt lat="45.067351" lon="7.672113">
        <ele>250.75</ele>
        <extensions>
          <ns3:TrackPointExtension>
            <ns3:Extensions>
              <highway>tertiary</highway>
              <surface>asphalt</surface>
              <maxspeed>50</maxspeed>
              <oneway>yes</oneway>
            </ns3:Extensions>
          </ns3:TrackPointExtension>
        </extensions>
      </trkpt>
      <trkpt lat="45.067352" lon="7.672108">
        <ele>250.75</ele>
        <extensions>
          <ns3:TrackPointExtension>
            <ns3:Extensions>
              <highway>tertiary</highway>
              <surface>asphalt</surface>
              <maxspeed>50</maxspeed>
              <oneway>yes</oneway>
            </ns3:Extensions>
          </ns3:TrackPointExtension>
        </extensions>
      </trkpt>
      <trkpt lat="45.067352" lon="7.672108">
        <ele>247.53161107455892</ele>
      </trkpt>
      <trkpt lat="45.067552273176695" lon="7.671537958478037">
        <ele>254.98747324604352</ele>
      </trkpt>
      <trkpt lat="45.06775254635338" lon="7.670967916956075">
        <ele>252.48990267263076</ele>
      </trkpt>
      <trkpt lat="45.06795281953008" lon="7.670397875434112">
        <ele>251.56589294490493</ele>
      </trkpt>
      <trkpt lat="45.06815309270677" lon="7.66982783391215">
        <ele>254.85249930367272</ele>
      </trkpt>
      <trkpt lat="45.06835336588347" lon="7.669257792390186">
        <ele>255.8850697434978</ele>
      </trkpt>
      <trkpt lat="45.068553639060156" lon="7.668687750868224">
        <ele>257.7669768813475</ele>
      </trkpt>
      <trkpt lat="45.06875391223685" lon="7.668117709346261">
        <ele>254.92330664149628</ele>
      </trkpt>
      <trkpt lat="45.068954185413546" lon="7.667547667824299">
        <ele>255.59893188837117</ele>
      </trkpt>
      <trkpt lat="45.06915445859024" lon="7.666977626302336">
        <ele>261.57734517182433</ele>
      </trkpt>
      <trkpt lat="45.06935473176693" lon="7.666407584780374">
        <ele>262.6126103701617</ele>
      </trkpt>
      <trkpt lat="45.06955500494362" lon="7.665837543258411">
        <ele>255.42814184746328</ele>
      </trkpt>
      <trkpt lat="45.069734983764846" lon="7.665325265963645">
        <ele>249.02202203460104</ele>
      </trkpt>
      <trkpt lat="45.07013780893339" lon="7.665608198202392">
        <ele>246.9467395317746</ele>
      </trkpt>
      <trkpt lat="45.070540634101924" lon="7.66589113044114">
        <ele>247.19719864493263</ele>
      </trkpt>
      <trkpt lat="45.07094345927047" lon="7.666174062679887">
        <ele>249.2181440752469</ele>
      </trkpt>
      <trkpt lat="45.07134628443901" lon="7.666456994918635">
        <ele>251.49686587761445</ele>
      </trkpt>
      <trkpt lat="45.07174910960755" lon="7.666739927157382">
        <ele>249.39082938968303</ele>
      </trkpt>
      <trkpt lat="45.07215193477609" lon="7.667022859396129">
        <ele>247.20321246809368</ele>
      </trkpt>
      <trkpt lat="45.072192" lon="7.667051">
        <ele>247.18865232055467</ele>
      </trkpt>
      <trkpt lat="45.072192" lon="7.667051">
        <ele>248.25</ele>
        <extensions>
          <ns3:TrackPointExtension>
            <ns3:Extensions>
              <highway>tertiary</highway>
              <surface>asphalt</surface>
              <oneway>yes</oneway>
            </ns3:Extensions>
          </ns3:TrackPointExtension>
        </extensions>
      </trkpt>
      <trkpt lat="45.072809" lon="7.667478">
        <ele>247.5</ele>
        <extensions>
          <ns3:TrackPointExtension>
            <ns3:Extensions>
              <highway>tertiary</highway>
              <surface>asphalt</surface>
              <oneway>yes</oneway>
            </ns3:Extensions>
          </ns3:TrackPointExtension>
        </extensions>
      </trkpt>
      <trkpt lat="45.072857" lon="7.667514">
        <ele>247.5</ele>
        <extensions>
          <ns3:TrackPointExtension>
            <ns3:Extensions>
              <highway>tertiary</highway>
              <surface>asphalt</surface>
              <oneway>yes</oneway>
            </ns3:Extensions>
          </ns3:TrackPointExtension>
        </extensions>
      </trkpt>
      <trkpt lat="45.072885" lon="7.667535">
        <ele>247.5</ele>
        <extensions>
          <ns3:TrackPointExtension>
            <ns3:Extensions>
              <highway>tertiary</highway>
              <surface>asphalt</surface>
              <oneway>yes</oneway>
            </ns3:Extensions>
          </ns3:TrackPointExtension>
        </extensions>
      </trkpt>
      <trkpt lat="45.072937" lon="7.667572">
        <ele>247.5</ele>
        <extensions>
          <ns3:TrackPointExtension>
            <ns3:Extensions>
              <highway>tertiary</highway>
              <surface>asphalt</surface>
              <oneway>yes</oneway>
            </ns3:Extensions>
          </ns3:TrackPointExtension>
        </extensions>
      </trkpt>
      <trkpt lat="45.073035" lon="7.667637">
        <ele>247.5</ele>
        <extensions>
          <ns3:TrackPointExtension>
            <ns3:Extensions>
              <highway>tertiary</highway>
              <surface>asphalt</surface>
              <junction>roundabout</junction>
            </ns3:Extensions>
          </ns3:TrackPointExtension>
        </extensions>
      </trkpt>
      <trkpt lat="45.07307" lon="7.667675">
        <ele>247.5</ele>
        <extensions>
          <ns3:TrackPointExtension>
            <ns3:Extensions>
              <highway>tertiary</highway>
              <surface>asphalt</surface>
              <oneway>yes</oneway>
            </ns3:Extensions>
          </ns3:TrackPointExtension>
        </extensions>
      </trkpt>
      <trkpt lat="45.073361" lon="7.667883">
        <ele>247</ele>
        <extensions>
          <ns3:TrackPointExtension>
            <ns3:Extensions>
              <highway>tertiary</highway>
              <surface>asphalt</surface>
              <oneway>yes</oneway>
            </ns3:Extensions>
          </ns3:TrackPointExtension>
        </extensions>
      </trkpt>
      <trkpt lat="45.073436" lon="7.667937">
        <ele>247</ele>
        <extensions>
          <ns3:TrackPointExtension>
            <ns3:Extensions>
              <highway>tertiary</highway>
              <surface>asphalt</surface>
              <oneway>yes</oneway>
            </ns3:Extensions>
          </ns3:TrackPointExtension>
        </extensions>
      </trkpt>
      <trkpt lat="45.07346" lon="7.667954">
        <ele>247</ele>
        <extensions>
          <ns3:TrackPointExtension>
            <ns3:Extensions>
              <highway>tertiary</highway>
              <surface>asphalt</surface>
              <oneway>yes</oneway>
            </ns3:Extensions>
          </ns3:TrackPointExtension>
        </extensions>
      </trkpt>
      <trkpt lat="45.07348" lon="7.667969">
        <ele>247</ele>
        <extensions>
          <ns3:TrackPointExtension>
            <ns3:Extensions>
              <highway>tertiary</highway>
              <surface>asphalt</surface>
              <oneway>yes</oneway>
            </ns3:Extensions>
          </ns3:TrackPointExtension>
        </extensions>
      </trkpt>
      <trkpt lat="45.07351" lon="7.667998">
        <ele>247</ele>
        <extensions>
          <ns3:TrackPointExtension>
            <ns3:Extensions>
              <highway>tertiary</highway>
              <surface>asphalt</surface>
              <oneway>yes</oneway>
            </ns3:Extensions>
          </ns3:TrackPointExtension>
        </extensions>
      </trkpt>
      <trkpt lat="45.073527" lon="7.668034">
        <ele>247</ele>
        <extensions>
          <ns3:TrackPointExtension>
            <ns3:Extensions>
              <highway>tertiary</highway>
              <surface>asphalt</surface>
              <oneway>yes</oneway>
            </ns3:Extensions>
          </ns3:TrackPointExtension>
        </extensions>
      </trkpt>
      <trkpt lat="45.073546" lon="7.668127">
        <ele>247.25</ele>
        <extensions>
          <ns3:TrackPointExtension>
            <ns3:Extensions>
              <highway>secondary</highway>
              <surface>asphalt</surface>
              <junction>roundabout</junction>
            </ns3:Extensions>
          </ns3:TrackPointExtension>
        </extensions>
      </trkpt>
      <trkpt lat="45.073563" lon="7.668181">
        <ele>247.25</ele>
        <extensions>
          <ns3:TrackPointExtension>
            <ns3:Extensions>
              <highway>secondary</highway>
              <surface>asphalt</surface>
              <junction>roundabout</junction>
            </ns3:Extensions>
          </ns3:TrackPointExtension>
        </extensions>
      </trkpt>
      <trkpt lat="45.073595" lon="7.66824">
        <ele>247.25</ele>
        <extensions>
          <ns3:TrackPointExtension>
            <ns3:Extensions>
              <highway>secondary</highway>
              <surface>asphalt</surface>
              <junction>roundabout</junction>
            </ns3:Extensions>
          </ns3:TrackPointExtension>
        </extensions>
      </trkpt>
      <trkpt lat="45.073621" lon="7.668267">
        <ele>247.25</ele>
        <extensions>
          <ns3:TrackPointExtension>
            <ns3:Extensions>
              <highway>secondary</highway>
              <surface>asphalt</surface>
              <junction>roundabout</junction>
            </ns3:Extensions>
          </ns3:TrackPointExtension>
        </extensions>
      </trkpt>
      <trkpt lat="45.073645" lon="7.668284">
        <ele>247.25</ele>
        <extensions>
          <ns3:TrackPointExtension>
            <ns3:Extensions>
              <highway>secondary</highway>
              <surface>asphalt</surface>
              <junction>roundabout</junction>
            </ns3:Extensions>
          </ns3:TrackPointExtension>
        </extensions>
      </trkpt>
      <trkpt lat="45.073661" lon="7.668295">
        <ele>247.25</ele>
        <extensions>
          <ns3:TrackPointExtension>
            <ns3:Extensions>
              <highway>secondary</highway>
              <surface>asphalt</surface>
              <junction>roundabout</junction>
            </ns3:Extensions>
          </ns3:TrackPointExtension>
        </extensions>
      </trkpt>
      <trkpt lat="45.073738" lon="7.668307">
        <ele>247.25</ele>
        <extensions>
          <ns3:TrackPointExtension>
            <ns3:Extensions>
              <highway>secondary</highway>
              <surface>asphalt</surface>
              <junction>roundabout</junction>
            </ns3:Extensions>
          </ns3:TrackPointExtension>
        </extensions>
      </trkpt>
      <trkpt lat="45.073768" lon="7.668302">
        <ele>247.5</ele>
        <extensions>
          <ns3:TrackPointExtension>
            <ns3:Extensions>
              <highway>secondary</highway>
              <surface>asphalt</surface>
              <junction>roundabout</junction>
            </ns3:Extensions>
          </ns3:TrackPointExtension>
        </extensions>
      </trkpt>
      <trkpt lat="45.073824" lon="7.668266">
        <ele>246.42107530420236</ele>
      </trkpt>
      <trkpt lat="45.07387371889851" lon="7.6682004212972">
        <ele>246.0559171089442</ele>
      </trkpt>
      <trkpt lat="45.07396497840077" lon="7.6681872048729645">
        <ele>246.41315412619267</ele>
      </trkpt>
      <trkpt lat="45.07400023771501" lon="7.668196015822446">
        <ele>246.64926062426608</ele>
      </trkpt>
      <trkpt lat="45.07400023771501" lon="7.668196015822446">
        <ele>246.64926062426608</ele>
      </trkpt>
      <trkpt lat="45.07440253684872" lon="7.668480466708528">
        <ele>252.96586021835301</ele>
      </trkpt>
      <trkpt lat="45.07480483598244" lon="7.6687649175946095">
        <ele>257.981387133043</ele>
      </trkpt>
      <trkpt lat="45.07520713511615" lon="7.6690493684806915">
        <ele>259.5918543677328</ele>
      </trkpt>
      <trkpt lat="45.07560943424987" lon="7.6693338193667735">
        <ele>258.719176626986</ele>
      </trkpt>
      <trkpt lat="45.07601173338358" lon="7.6696182702528555">
        <ele>259.0859994026836</ele>
      </trkpt>
      <trkpt lat="45.0764140325173" lon="7.6699027211389375">
        <ele>256.83113294843895</ele>
      </trkpt>
      <trkpt lat="45.0767552412253" lon="7.670143977237188">
        <ele>259.2200111580145</ele>
      </trkpt>
      <trkpt lat="45.07681026169419" lon="7.67001328080903">
        <ele>258.00556370276485</ele>
      </trkpt>
      <trkpt lat="45.0768741563669" lon="7.66994206801084">
        <ele>257.34364452916054</ele>
      </trkpt>
      <trkpt lat="45.07705600025133" lon="7.669424250899226">
        <ele>253.6858248577229</ele>
      </trkpt>
      <trkpt lat="45.077128" lon="7.669362">
        <ele>255.5</ele>
        <extensions>
          <ns3:TrackPointExtension>
            <ns3:Extensions>
              <highway>primary</highway>
              <surface>asphalt</surface>
              <oneway>yes</oneway>
            </ns3:Extensions>
          </ns3:TrackPointExtension>
        </extensions>
      </trkpt>
      <trkpt lat="45.077281" lon="7.669426">
        <ele>256.75</ele>
        <extensions>
          <ns3:TrackPointExtension>
            <ns3:Extensions>
              <highway>primary</highway>
              <surface>asphalt</surface>
              <oneway>yes</oneway>
            </ns3:Extensions>
          </ns3:TrackPointExtension>
        </extensions>
      </trkpt>
      <trkpt lat="45.077408" lon="7.669459">
        <ele>258</ele>
        <extensions>
          <ns3:TrackPointExtension>
            <ns3:Extensions>
              <highway>primary</highway>
              <surface>asphalt</surface>
              <oneway>yes</oneway>
            </ns3:Extensions>
          </ns3:TrackPointExtension>
        </extensions>
      </trkpt>
      <trkpt lat="45.077455" lon="7.669473">
        <ele>258.25</ele>
        <extensions>
          <ns3:TrackPointExtension>
            <ns3:Extensions>
              <highway>primary</highway>
              <surface>asphalt</surface>
              <oneway>yes</oneway>
            </ns3:Extensions>
          </ns3:TrackPointExtension>
        </extensions>
      </trkpt>
      <trkpt lat="45.077565" lon="7.669498">
        <ele>258.5</ele>
        <extensions>
          <ns3:TrackPointExtension>
            <ns3:Extensions>
              <highway>tertiary</highway>
              <surface>asphalt</surface>
              <oneway>yes</oneway>
            </ns3:Extensions>
          </ns3:TrackPointExtension>
        </extensions>
      </trkpt>
      <trkpt lat="45.077646" lon="7.669517">
        <ele>258</ele>
        <extensions>
          <ns3:TrackPointExtension>
            <ns3:Extensions>
              <highway>tertiary</highway>
              <surface>asphalt</surface>
              <oneway>yes</oneway>
            </ns3:Extensions>
          </ns3:TrackPointExtension>
        </extensions>
      </trkpt>
      <trkpt lat="45.077731" lon="7.669538">
        <ele>257.75</ele>
        <extensions>
          <ns3:TrackPointExtension>
            <ns3:Extensions>
              <highway>tertiary</highway>
              <surface>asphalt</surface>
              <oneway>yes</oneway>
            </ns3:Extensions>
          </ns3:TrackPointExtension>
        </extensions>
      </trkpt>
      <trkpt lat="45.077849" lon="7.669566">
        <ele>257.5</ele>
        <extensions>
          <ns3:TrackPointExtension>
            <ns3:Extensions>
              <highway>tertiary</highway>
              <surface>asphalt</surface>
              <oneway>yes</oneway>
            </ns3:Extensions>
          </ns3:TrackPointExtension>
        </extensions>
      </trkpt>
      <trkpt lat="45.077873" lon="7.669578">
        <ele>257.25</ele>
        <extensions>
          <ns3:TrackPointExtension>
            <ns3:Extensions>
              <highway>tertiary</highway>
              <surface>asphalt</surface>
              <oneway>yes</oneway>
            </ns3:Extensions>
          </ns3:TrackPointExtension>
        </extensions>
      </trkpt>
      <trkpt lat="45.078351" lon="7.669894">
        <ele>255.75</ele>
        <extensions>
          <ns3:TrackPointExtension>
            <ns3:Extensions>
              <highway>tertiary</highway>
              <surface>asphalt</surface>
              <oneway>yes</oneway>
            </ns3:Extensions>
          </ns3:TrackPointExtension>
        </extensions>
      </trkpt>
      <trkpt lat="45.078936" lon="7.670294">
        <ele>252.5</ele>
        <extensions>
          <ns3:TrackPointExtension>
            <ns3:Extensions>
              <highway>tertiary</highway>
              <surface>asphalt</surface>
              <oneway>yes</oneway>
            </ns3:Extensions>
          </ns3:TrackPointExtension>
        </extensions>
      </trkpt>
      <trkpt lat="45.080325" lon="7.67128">
        <ele>246.25</ele>
        <extensions>
          <ns3:TrackPointExtension>
            <ns3:Extensions>
              <highway>tertiary</highway>
              <surface>asphalt</surface>
              <oneway>yes</oneway>
            </ns3:Extensions>
          </ns3:TrackPointExtension>
        </extensions>
      </trkpt>
      <trkpt lat="45.080355" lon="7.671299">
        <ele>246</ele>
        <extensions>
          <ns3:TrackPointExtension>
            <ns3:Extensions>
              <highway>tertiary</highway>
              <surface>asphalt</surface>
              <oneway>yes</oneway>
            </ns3:Extensions>
          </ns3:TrackPointExtension>
        </extensions>
      </trkpt>
      <trkpt lat="45.080452" lon="7.67136">
        <ele>246</ele>
        <extensions>
          <ns3:TrackPointExtension>
            <ns3:Extensions>
              <highway>primary</highway>
              <surface>asphalt</surface>
              <maxspeed>50</maxspeed>
              <junction>circular</junction>
            </ns3:Extensions>
          </ns3:TrackPointExtension>
        </extensions>
      </trkpt>
      <trkpt lat="45.080451" lon="7.671368">
        <ele>245.75</ele>
        <extensions>
          <ns3:TrackPointExtension>
            <ns3:Extensions>
              <highway>primary</highway>
              <surface>asphalt</surface>
              <maxspeed>50</maxspeed>
              <junction>circular</junction>
            </ns3:Extensions>
          </ns3:TrackPointExtension>
        </extensions>
      </trkpt>
      <trkpt lat="45.080451" lon="7.671422">
        <ele>245.75</ele>
        <extensions>
          <ns3:TrackPointExtension>
            <ns3:Extensions>
              <highway>primary</highway>
              <surface>asphalt</surface>
              <maxspeed>50</maxspeed>
              <junction>circular</junction>
            </ns3:Extensions>
          </ns3:TrackPointExtension>
        </extensions>
      </trkpt>
      <trkpt lat="45.080461" lon="7.671491">
        <ele>245.75</ele>
        <extensions>
          <ns3:TrackPointExtension>
            <ns3:Extensions>
              <highway>primary</highway>
              <surface>asphalt</surface>
              <maxspeed>50</maxspeed>
              <junction>circular</junction>
            </ns3:Extensions>
          </ns3:TrackPointExtension>
        </extensions>
      </trkpt>
      <trkpt lat="45.080485" lon="7.671544">
        <ele>245.5</ele>
        <extensions>
          <ns3:TrackPointExtension>
            <ns3:Extensions>
              <highway>primary</highway>
              <surface>asphalt</surface>
              <maxspeed>50</maxspeed>
              <junction>circular</junction>
            </ns3:Extensions>
          </ns3:TrackPointExtension>
        </extensions>
      </trkpt>
      <trkpt lat="45.080527" lon="7.671591">
        <ele>245.5</ele>
        <extensions>
          <ns3:TrackPointExtension>
            <ns3:Extensions>
              <highway>primary</highway>
              <surface>asphalt</surface>
              <maxspeed>50</maxspeed>
              <junction>circular</junction>
            </ns3:Extensions>
          </ns3:TrackPointExtension>
        </extensions>
      </trkpt>
      <trkpt lat="45.08082" lon="7.671775">
        <ele>245.25</ele>
        <extensions>
          <ns3:TrackPointExtension>
            <ns3:Extensions>
              <highway>primary</highway>
              <surface>asphalt</surface>
              <maxspeed>50</maxspeed>
              <junction>circular</junction>
            </ns3:Extensions>
          </ns3:TrackPointExtension>
        </extensions>
      </trkpt>
      <trkpt lat="45.080875" lon="7.671801">
        <ele>245</ele>
        <extensions>
          <ns3:TrackPointExtension>
            <ns3:Extensions>
              <highway>primary</highway>
              <surface>asphalt</surface>
              <maxspeed>50</maxspeed>
              <junction>circular</junction>
            </ns3:Extensions>
          </ns3:TrackPointExtension>
        </extensions>
      </trkpt>
      <trkpt lat="45.080913" lon="7.671801">
        <ele>245</ele>
        <extensions>
          <ns3:TrackPointExtension>
            <ns3:Extensions>
              <highway>primary</highway>
              <surface>asphalt</surface>
              <maxspeed>50</maxspeed>
              <junction>circular</junction>
            </ns3:Extensions>
          </ns3:TrackPointExtension>
        </extensions>
      </trkpt>
      <trkpt lat="45.080953" lon="7.671784">
        <ele>245</ele>
        <extensions>
          <ns3:TrackPointExtension>
            <ns3:Extensions>
              <highway>primary</highway>
              <surface>asphalt</surface>
              <maxspeed>50</maxspeed>
              <junction>circular</junction>
            </ns3:Extensions>
          </ns3:TrackPointExtension>
        </extensions>
      </trkpt>
      <trkpt lat="45.081002" lon="7.671749">
        <ele>244.75</ele>
        <extensions>
          <ns3:TrackPointExtension>
            <ns3:Extensions>
              <highway>primary</highway>
              <surface>asphalt</surface>
              <maxspeed>50</maxspeed>
              <junction>circular</junction>
            </ns3:Extensions>
          </ns3:TrackPointExtension>
        </extensions>
      </trkpt>
      <trkpt lat="45.081011" lon="7.671735">
        <ele>244.75</ele>
        <extensions>
          <ns3:TrackPointExtension>
            <ns3:Extensions>
              <highway>primary</highway>
              <surface>asphalt</surface>
              <maxspeed>50</maxspeed>
              <junction>circular</junction>
            </ns3:Extensions>
          </ns3:TrackPointExtension>
        </extensions>
      </trkpt>
      <trkpt lat="45.081031" lon="7.671704">
        <ele>244.75</ele>
        <extensions>
          <ns3:TrackPointExtension>
            <ns3:Extensions>
              <highway>primary</highway>
              <surface>asphalt</surface>
              <maxspeed>50</maxspeed>
              <junction>circular</junction>
            </ns3:Extensions>
          </ns3:TrackPointExtension>
        </extensions>
      </trkpt>
      <trkpt lat="45.081058" lon="7.671631">
        <ele>244.75</ele>
        <extensions>
          <ns3:TrackPointExtension>
            <ns3:Extensions>
              <highway>primary</highway>
              <surface>asphalt</surface>
              <maxspeed>50</maxspeed>
              <junction>circular</junction>
            </ns3:Extensions>
          </ns3:TrackPointExtension>
        </extensions>
      </trkpt>
      <trkpt lat="45.081103" lon="7.671499">
        <ele>245</ele>
        <extensions>
          <ns3:TrackPointExtension>
            <ns3:Extensions>
              <highway>primary</highway>
              <surface>asphalt</surface>
              <maxspeed>50</maxspeed>
              <junction>circular</junction>
            </ns3:Extensions>
          </ns3:TrackPointExtension>
        </extensions>
      </trkpt>
      <trkpt lat="45.081129" lon="7.671403">
        <ele>245.25</ele>
        <extensions>
          <ns3:TrackPointExtension>
            <ns3:Extensions>
              <highway>primary</highway>
              <surface>asphalt</surface>
              <maxspeed>50</maxspeed>
              <junction>circular</junction>
            </ns3:Extensions>
          </ns3:TrackPointExtension>
        </extensions>
      </trkpt>
      <trkpt lat="45.081141" lon="7.671325">
        <ele>245.25</ele>
        <extensions>
          <ns3:TrackPointExtension>
            <ns3:Extensions>
              <highway>primary</highway>
              <surface>asphalt</surface>
              <maxspeed>50</maxspeed>
              <junction>circular</junction>
            </ns3:Extensions>
          </ns3:TrackPointExtension>
        </extensions>
      </trkpt>
      <trkpt lat="45.081133" lon="7.671264">
        <ele>245.5</ele>
        <extensions>
          <ns3:TrackPointExtension>
            <ns3:Extensions>
              <highway>secondary</highway>
              <surface>asphalt</surface>
              <maxspeed>50</maxspeed>
              <oneway>yes</oneway>
            </ns3:Extensions>
          </ns3:TrackPointExtension>
        </extensions>
      </trkpt>
      <trkpt lat="45.081158" lon="7.671186">
        <ele>245.75</ele>
        <extensions>
          <ns3:TrackPointExtension>
            <ns3:Extensions>
              <highway>secondary</highway>
              <surface>asphalt</surface>
              <maxspeed>50</maxspeed>
              <oneway>yes</oneway>
            </ns3:Extensions>
          </ns3:TrackPointExtension>
        </extensions>
      </trkpt>
      <trkpt lat="45.08119" lon="7.671128">
        <ele>245.75</ele>
        <extensions>
          <ns3:TrackPointExtension>
            <ns3:Extensions>
              <highway>secondary</highway>
              <surface>asphalt</surface>
              <maxspeed>50</maxspeed>
              <oneway>yes</oneway>
            </ns3:Extensions>
          </ns3:TrackPointExtension>
        </extensions>
      </trkpt>
      <trkpt lat="45.081249" lon="7.671067">
        <ele>245.75</ele>
        <extensions>
          <ns3:TrackPointExtension>
            <ns3:Extensions>
              <highway>secondary</highway>
              <surface>asphalt</surface>
              <maxspeed>50</maxspeed>
              <oneway>yes</oneway>
            </ns3:Extensions>
          </ns3:TrackPointExtension>
        </extensions>
      </trkpt>
      <trkpt lat="45.081306" lon="7.670973">
        <ele>246</ele>
        <extensions>
          <ns3:TrackPointExtension>
            <ns3:Extensions>
              <highway>secondary</highway>
              <surface>asphalt</surface>
              <maxspeed>50</maxspeed>
            </ns3:Extensions>
          </ns3:TrackPointExtension>
        </extensions>
      </trkpt>
      <trkpt lat="45.081358" lon="7.670927">
        <ele>246</ele>
        <extensions>
          <ns3:TrackPointExtension>
            <ns3:Extensions>
              <highway>secondary</highway>
              <surface>asphalt</surface>
              <maxspeed>50</maxspeed>
            </ns3:Extensions>
          </ns3:TrackPointExtension>
        </extensions>
      </trkpt>
      <trkpt lat="45.081387" lon="7.670901">
        <ele>245.75</ele>
        <extensions>
          <ns3:TrackPointExtension>
            <ns3:Extensions>
              <highway>secondary</highway>
              <surface>asphalt</surface>
              <maxspeed>50</maxspeed>
            </ns3:Extensions>
          </ns3:TrackPointExtension>
        </extensions>
      </trkpt>
      <trkpt lat="45.08166" lon="7.670669">
        <ele>245.75</ele>
        <extensions>
          <ns3:TrackPointExtension>
            <ns3:Extensions>
              <highway>secondary</highway>
              <surface>asphalt</surface>
              <maxspeed>50</maxspeed>
            </ns3:Extensions>
          </ns3:TrackPointExtension>
        </extensions>
      </trkpt>
      <trkpt lat="45.081895" lon="7.670456">
        <ele>244.5</ele>
        <extensions>
          <ns3:TrackPointExtension>
            <ns3:Extensions>
              <highway>secondary</highway>
              <surface>asphalt</surface>
              <maxspeed>50</maxspeed>
            </ns3:Extensions>
          </ns3:TrackPointExtension>
        </extensions>
      </trkpt>
      <trkpt lat="45.081983" lon="7.670377">
        <ele>244</ele>
        <extensions>
          <ns3:TrackPointExtension>
            <ns3:Extensions>
              <highway>secondary</highway>
              <surface>asphalt</surface>
              <maxspeed>50</maxspeed>
            </ns3:Extensions>
          </ns3:TrackPointExtension>
        </extensions>
      </trkpt>
      <trkpt lat="45.082188" lon="7.670193">
        <ele>243.5</ele>
        <extensions>
          <ns3:TrackPointExtension>
            <ns3:Extensions>
              <highway>secondary</highway>
              <surface>asphalt</surface>
              <maxspeed>50</maxspeed>
            </ns3:Extensions>
          </ns3:TrackPointExtension>
        </extensions>
      </trkpt>
      <trkpt lat="45.082222" lon="7.670162">
        <ele>243.25</ele>
        <extensions>
          <ns3:TrackPointExtension>
            <ns3:Extensions>
              <highway>secondary</highway>
              <surface>asphalt</surface>
              <maxspeed>50</maxspeed>
            </ns3:Extensions>
          </ns3:TrackPointExtension>
        </extensions>
      </trkpt>
      <trkpt lat="45.082372" lon="7.670031">
        <ele>243.25</ele>
        <extensions>
          <ns3:TrackPointExtension>
            <ns3:Extensions>
              <highway>secondary</highway>
              <surface>asphalt</surface>
              <maxspeed>50</maxspeed>
            </ns3:Extensions>
          </ns3:TrackPointExtension>
        </extensions>
      </trkpt>
      <trkpt lat="45.082525" lon="7.669893">
        <ele>243.25</ele>
        <extensions>
          <ns3:TrackPointExtension>
            <ns3:Extensions>
              <highway>secondary</highway>
              <surface>asphalt</surface>
              <maxspeed>50</maxspeed>
            </ns3:Extensions>
          </ns3:TrackPointExtension>
        </extensions>
      </trkpt>
      <trkpt lat="45.082552" lon="7.669869">
        <ele>243</ele>
        <extensions>
          <ns3:TrackPointExtension>
            <ns3:Extensions>
              <highway>secondary</highway>
              <surface>asphalt</surface>
              <maxspeed>50</maxspeed>
            </ns3:Extensions>
          </ns3:TrackPointExtension>
        </extensions>
      </trkpt>
      <trkpt lat="45.082827" lon="7.669655">
        <ele>242.5</ele>
        <extensions>
          <ns3:TrackPointExtension>
            <ns3:Extensions>
              <highway>secondary</highway>
              <surface>asphalt</surface>
              <maxspeed>50</maxspeed>
            </ns3:Extensions>
          </ns3:TrackPointExtension>
        </extensions>
      </trkpt>
      <trkpt lat="45.082904" lon="7.669585">
        <ele>242.25</ele>
        <extensions>
          <ns3:TrackPointExtension>
            <ns3:Extensions>
              <highway>secondary</highway>
              <surface>asphalt</surface>
              <maxspeed>50</maxspeed>
            </ns3:Extensions>
          </ns3:TrackPointExtension>
        </extensions>
      </trkpt>
      <trkpt lat="45.083129" lon="7.669393">
        <ele>241.5</ele>
        <extensions>
          <ns3:TrackPointExtension>
            <ns3:Extensions>
              <highway>secondary</highway>
              <surface>asphalt</surface>
              <maxspeed>50</maxspeed>
            </ns3:Extensions>
          </ns3:TrackPointExtension>
        </extensions>
      </trkpt>
      <trkpt lat="45.083265" lon="7.669274">
        <ele>241</ele>
        <extensions>
          <ns3:TrackPointExtension>
            <ns3:Extensions>
              <highway>secondary</highway>
              <surface>asphalt</surface>
              <maxspeed>50</maxspeed>
            </ns3:Extensions>
          </ns3:TrackPointExtension>
        </extensions>
      </trkpt>
      <trkpt lat="45.083606" lon="7.668975">
        <ele>240</ele>
        <extensions>
          <ns3:TrackPointExtension>
            <ns3:Extensions>
              <highway>secondary</highway>
              <surface>asphalt</surface>
              <maxspeed>50</maxspeed>
            </ns3:Extensions>
          </ns3:TrackPointExtension>
        </extensions>
      </trkpt>
      <trkpt lat="45.083738" lon="7.66886">
        <ele>239.5</ele>
        <extensions>
          <ns3:TrackPointExtension>
            <ns3:Extensions>
              <highway>secondary</highway>
              <surface>asphalt</surface>
              <maxspeed>50</maxspeed>
            </ns3:Extensions>
          </ns3:TrackPointExtension>
        </extensions>
      </trkpt>
      <trkpt lat="45.083976" lon="7.66865">
        <ele>238.5</ele>
        <extensions>
          <ns3:TrackPointExtension>
            <ns3:Extensions>
              <highway>secondary</highway>
              <surface>asphalt</surface>
              <maxspeed>50</maxspeed>
            </ns3:Extensions>
          </ns3:TrackPointExtension>
        </extensions>
      </trkpt>
      <trkpt lat="45.084461" lon="7.668224">
        <ele>240</ele>
        <extensions>
          <ns3:TrackPointExtension>
            <ns3:Extensions>
              <highway>secondary</highway>
              <surface>asphalt</surface>
              <maxspeed>50</maxspeed>
            </ns3:Extensions>
          </ns3:TrackPointExtension>
        </extensions>
      </trkpt>
      <trkpt lat="45.084503" lon="7.668188">
        <ele>240.5</ele>
        <extensions>
          <ns3:TrackPointExtension>
            <ns3:Extensions>
              <highway>secondary</highway>
              <surface>asphalt</surface>
              <maxspeed>50</maxspeed>
            </ns3:Extensions>
          </ns3:TrackPointExtension>
        </extensions>
      </trkpt>
      <trkpt lat="45.084589" lon="7.668112">
        <ele>241</ele>
        <extensions>
          <ns3:TrackPointExtension>
            <ns3:Extensions>
              <reversedirection>yes</reversedirection>
              <highway>secondary</highway>
              <surface>asphalt</surface>
            </ns3:Extensions>
          </ns3:TrackPointExtension>
        </extensions>
      </trkpt>
      <trkpt lat="45.084596" lon="7.668117">
        <ele>241</ele>
        <extensions>
          <ns3:TrackPointExtension>
            <ns3:Extensions>
              <reversedirection>yes</reversedirection>
              <highway>secondary</highway>
              <surface>asphalt</surface>
            </ns3:Extensions>
          </ns3:TrackPointExtension>
        </extensions>
      </trkpt>
      <trkpt lat="45.084596" lon="7.668117">
        <ele>238.79566664621342</ele>
      </trkpt>
      <trkpt lat="45.08498416114008" lon="7.668438492158527">
        <ele>241.45035160407096</ele>
      </trkpt>
      <trkpt lat="45.085252279988936" lon="7.668660560002422">
        <ele>242.4569050285076</ele>
      </trkpt>
      <trkpt lat="45.085252279988936" lon="7.668660560002422">
        <ele>242.4569050285076</ele>
      </trkpt>
      <trkpt lat="45.0856562854611" lon="7.668940170346196">
        <ele>243.12959633887402</ele>
      </trkpt>
      <trkpt lat="45.086060290933254" lon="7.669219780689969">
        <ele>242.92787516140515</ele>
      </trkpt>
      <trkpt lat="45.0863799994581" lon="7.66944104950116">
        <ele>240.8410333301909</ele>
      </trkpt>
      <trkpt lat="45.08655840156814" lon="7.669546910531437">
        <ele>240.35487907249507</ele>
      </trkpt>
      <trkpt lat="45.086584" lon="7.669551">
        <ele>238.5</ele>
        <extensions>
          <ns3:TrackPointExtension>
            <ns3:Extensions>
              <highway>secondary</highway>
              <surface>asphalt</surface>
              <junction>roundabout</junction>
            </ns3:Extensions>
          </ns3:TrackPointExtension>
        </extensions>
      </trkpt>
      <trkpt lat="45.086584" lon="7.669564">
        <ele>238.75</ele>
        <extensions>
          <ns3:TrackPointExtension>
            <ns3:Extensions>
              <highway>secondary</highway>
              <surface>asphalt</surface>
              <junction>roundabout</junction>
            </ns3:Extensions>
          </ns3:TrackPointExtension>
        </extensions>
      </trkpt>
      <trkpt lat="45.086587" lon="7.669612">
        <ele>239</ele>
        <extensions>
          <ns3:TrackPointExtension>
            <ns3:Extensions>
              <highway>secondary</highway>
              <surface>asphalt</surface>
              <junction>roundabout</junction>
            </ns3:Extensions>
          </ns3:TrackPointExtension>
        </extensions>
      </trkpt>
      <trkpt lat="45.086616" lon="7.669706">
        <ele>239.25</ele>
        <extensions>
          <ns3:TrackPointExtension>
            <ns3:Extensions>
              <highway>secondary</highway>
              <surface>asphalt</surface>
              <junction>roundabout</junction>
            </ns3:Extensions>
          </ns3:TrackPointExtension>
        </extensions>
      </trkpt>
      <trkpt lat="45.086657" lon="7.669769">
        <ele>239.5</ele>
        <extensions>
          <ns3:TrackPointExtension>
            <ns3:Extensions>
              <highway>secondary</highway>
              <surface>asphalt</surface>
              <junction>roundabout</junction>
            </ns3:Extensions>
          </ns3:TrackPointExtension>
        </extensions>
      </trkpt>
      <trkpt lat="45.086696" lon="7.669801">
        <ele>239.5</ele>
        <extensions>
          <ns3:TrackPointExtension>
            <ns3:Extensions>
              <highway>secondary</highway>
              <surface>asphalt</surface>
              <junction>roundabout</junction>
            </ns3:Extensions>
          </ns3:TrackPointExtension>
        </extensions>
      </trkpt>
      <trkpt lat="45.086739" lon="7.669819">
        <ele>239.5</ele>
        <extensions>
          <ns3:TrackPointExtension>
            <ns3:Extensions>
              <highway>secondary</highway>
              <surface>asphalt</surface>
              <junction>roundabout</junction>
            </ns3:Extensions>
          </ns3:TrackPointExtension>
        </extensions>
      </trkpt>
      <trkpt lat="45.086785" lon="7.669823">
        <ele>239.25</ele>
        <extensions>
          <ns3:TrackPointExtension>
            <ns3:Extensions>
              <highway>secondary</highway>
              <surface>asphalt</surface>
              <junction>roundabout</junction>
            </ns3:Extensions>
          </ns3:TrackPointExtension>
        </extensions>
      </trkpt>
      <trkpt lat="45.086831" lon="7.669809">
        <ele>239</ele>
        <extensions>
          <ns3:TrackPointExtension>
            <ns3:Extensions>
              <highway>secondary</highway>
              <surface>asphalt</surface>
              <junction>roundabout</junction>
            </ns3:Extensions>
          </ns3:TrackPointExtension>
        </extensions>
      </trkpt>
      <trkpt lat="45.086874" lon="7.66978">
        <ele>238.5</ele>
        <extensions>
          <ns3:TrackPointExtension>
            <ns3:Extensions>
              <highway>secondary</highway>
              <surface>asphalt</surface>
              <junction>roundabout</junction>
            </ns3:Extensions>
          </ns3:TrackPointExtension>
        </extensions>
      </trkpt>
      <trkpt lat="45.08691" lon="7.669737">
        <ele>238</ele>
        <extensions>
          <ns3:TrackPointExtension>
            <ns3:Extensions>
              <highway>secondary</highway>
              <surface>asphalt</surface>
              <junction>roundabout</junction>
            </ns3:Extensions>
          </ns3:TrackPointExtension>
        </extensions>
      </trkpt>
      <trkpt lat="45.086934" lon="7.669689">
        <ele>237.75</ele>
        <extensions>
          <ns3:TrackPointExtension>
            <ns3:Extensions>
              <highway>secondary</highway>
              <surface>asphalt</surface>
              <junction>roundabout</junction>
            </ns3:Extensions>
          </ns3:TrackPointExtension>
        </extensions>
      </trkpt>
      <trkpt lat="45.086953" lon="7.669623">
        <ele>237.25</ele>
        <extensions>
          <ns3:TrackPointExtension>
            <ns3:Extensions>
              <highway>secondary</highway>
              <surface>asphalt</surface>
              <junction>roundabout</junction>
            </ns3:Extensions>
          </ns3:TrackPointExtension>
        </extensions>
      </trkpt>
      <trkpt lat="45.086959" lon="7.669553">
        <ele>237</ele>
        <extensions>
          <ns3:TrackPointExtension>
            <ns3:Extensions>
              <highway>secondary</highway>
              <surface>asphalt</surface>
              <junction>roundabout</junction>
            </ns3:Extensions>
          </ns3:TrackPointExtension>
        </extensions>
      </trkpt>
      <trkpt lat="45.086958" lon="7.66955">
        <ele>238.21487657402497</ele>
      </trkpt>
      <trkpt lat="45.08713892392268" lon="7.669548971794313">
        <ele>236.95558111220393</ele>
      </trkpt>
      <trkpt lat="45.08720899224187" lon="7.669553106905482">
        <ele>236.5770653849901</ele>
      </trkpt>
      <trkpt lat="45.08765334349581" lon="7.669650686405935">
        <ele>234.6889415208098</ele>
      </trkpt>
      <trkpt lat="45.08809769474975" lon="7.669748265906386">
        <ele>236.07028300939228</ele>
      </trkpt>
      <trkpt lat="45.08854204600368" lon="7.669845845406838">
        <ele>240.36075764862767</ele>
      </trkpt>
      <trkpt lat="45.08898639725762" lon="7.66994342490729">
        <ele>240.75048458743865</ele>
      </trkpt>
      <trkpt lat="45.08908196871636" lon="7.669964412392119">
        <ele>0</ele>
      </trkpt>
      <trkpt lat="45.089158" lon="7.669961">
        <ele>240.75</ele>
        <extensions>
          <ns3:TrackPointExtension>
            <ns3:Extensions>
              <highway>secondary</highway>
              <surface>asphalt</surface>
              <junction>roundabout</junction>
            </ns3:Extensions>
          </ns3:TrackPointExtension>
        </extensions>
      </trkpt>
      <trkpt lat="45.089158" lon="7.669964">
        <ele>240.75</ele>
        <extensions>
          <ns3:TrackPointExtension>
            <ns3:Extensions>
              <highway>secondary</highway>
              <surface>asphalt</surface>
              <junction>roundabout</junction>
            </ns3:Extensions>
          </ns3:TrackPointExtension>
        </extensions>
      </trkpt>
      <trkpt lat="45.089166" lon="7.670065">
        <ele>240.5</ele>
        <extensions>
          <ns3:TrackPointExtension>
            <ns3:Extensions>
              <highway>secondary</highway>
              <surface>asphalt</surface>
              <junction>roundabout</junction>
            </ns3:Extensions>
          </ns3:TrackPointExtension>
        </extensions>
      </trkpt>
      <trkpt lat="45.089178" lon="7.670098">
        <ele>240.25</ele>
        <extensions>
          <ns3:TrackPointExtension>
            <ns3:Extensions>
              <highway>secondary</highway>
              <surface>asphalt</surface>
              <junction>roundabout</junction>
            </ns3:Extensions>
          </ns3:TrackPointExtension>
        </extensions>
      </trkpt>
      <trkpt lat="45.08921" lon="7.670158">
        <ele>239.75</ele>
        <extensions>
          <ns3:TrackPointExtension>
            <ns3:Extensions>
              <highway>secondary</highway>
              <surface>asphalt</surface>
              <junction>roundabout</junction>
            </ns3:Extensions>
          </ns3:TrackPointExtension>
        </extensions>
      </trkpt>
      <trkpt lat="45.089248" lon="7.670197">
        <ele>239.25</ele>
        <extensions>
          <ns3:TrackPointExtension>
            <ns3:Extensions>
              <highway>secondary</highway>
              <surface>asphalt</surface>
              <junction>roundabout</junction>
            </ns3:Extensions>
          </ns3:TrackPointExtension>
        </extensions>
      </trkpt>
      <trkpt lat="45.089291" lon="7.670221">
        <ele>239</ele>
        <extensions>
          <ns3:TrackPointExtension>
            <ns3:Extensions>
              <highway>secondary</highway>
              <surface>asphalt</surface>
              <junction>roundabout</junction>
            </ns3:Extensions>
          </ns3:TrackPointExtension>
        </extensions>
      </trkpt>
      <trkpt lat="45.089338" lon="7.670228">
        <ele>238.75</ele>
        <extensions>
          <ns3:TrackPointExtension>
            <ns3:Extensions>
              <highway>secondary</highway>
              <surface>asphalt</surface>
              <junction>roundabout</junction>
            </ns3:Extensions>
          </ns3:TrackPointExtension>
        </extensions>
      </trkpt>
      <trkpt lat="45.089384" lon="7.670218">
        <ele>238.5</ele>
        <extensions>
          <ns3:TrackPointExtension>
            <ns3:Extensions>
              <highway>secondary</highway>
              <surface>asphalt</surface>
              <junction>roundabout</junction>
            </ns3:Extensions>
          </ns3:TrackPointExtension>
        </extensions>
      </trkpt>
      <trkpt lat="45.089427" lon="7.670191">
        <ele>238.5</ele>
        <extensions>
          <ns3:TrackPointExtension>
            <ns3:Extensions>
              <highway>secondary</highway>
              <surface>asphalt</surface>
              <junction>roundabout</junction>
            </ns3:Extensions>
          </ns3:TrackPointExtension>
        </extensions>
      </trkpt>
      <trkpt lat="45.089462" lon="7.670148">
        <ele>238.5</ele>
        <extensions>
          <ns3:TrackPointExtension>
            <ns3:Extensions>
              <highway>secondary</highway>
              <surface>asphalt</surface>
              <junction>roundabout</junction>
            </ns3:Extensions>
          </ns3:TrackPointExtension>
        </extensions>
      </trkpt>
      <trkpt lat="45.089498" lon="7.670068">
        <ele>238.5</ele>
        <extensions>
          <ns3:TrackPointExtension>
            <ns3:Extensions>
              <highway>secondary</highway>
              <surface>asphalt</surface>
              <junction>roundabout</junction>
            </ns3:Extensions>
          </ns3:TrackPointExtension>
        </extensions>
      </trkpt>
      <trkpt lat="45.089508" lon="7.670019">
        <ele>238.75</ele>
        <extensions>
          <ns3:TrackPointExtension>
            <ns3:Extensions>
              <highway>secondary</highway>
              <surface>asphalt</surface>
              <junction>roundabout</junction>
            </ns3:Extensions>
          </ns3:TrackPointExtension>
        </extensions>
      </trkpt>
      <trkpt lat="45.089509" lon="7.669966">
        <ele>238.75</ele>
        <extensions>
          <ns3:TrackPointExtension>
            <ns3:Extensions>
              <highway>secondary</highway>
              <surface>asphalt</surface>
              <junction>roundabout</junction>
            </ns3:Extensions>
          </ns3:TrackPointExtension>
        </extensions>
      </trkpt>
      <trkpt lat="45.089501" lon="7.669909">
        <ele>241.5914910763887</ele>
      </trkpt>
      <trkpt lat="45.089577917330985" lon="7.669883830204384">
        <ele>241.42293909411023</ele>
      </trkpt>
      <trkpt lat="45.089668418362464" lon="7.669865222203214">
        <ele>241.05924254663523</ele>
      </trkpt>
      <trkpt lat="45.089745945359056" lon="7.669871425353904">
        <ele>240.56287565156902</ele>
      </trkpt>
      <trkpt lat="45.09019041760211" lon="7.66996789144925">
        <ele>236.04669041566345</ele>
      </trkpt>
      <trkpt lat="45.09030347788277" lon="7.669992429503054">
        <ele>234.81244866922577</ele>
      </trkpt>
      <trkpt lat="45.090350187517515" lon="7.670013105060576">
        <ele>234.34940629351067</ele>
      </trkpt>
      <trkpt lat="45.09039397776462" lon="7.670039983285619">
        <ele>233.97189469952022</ele>
      </trkpt>
      <trkpt lat="45.09043192928536" lon="7.670068929067071">
        <ele>233.67830770290846</ele>
      </trkpt>
      <trkpt lat="45.09043192928536" lon="7.670068929067071">
        <ele>233.67830770290846</ele>
      </trkpt>
      <trkpt lat="45.09046696143619" lon="7.670108212627184">
        <ele>233.3715815053464</ele>
      </trkpt>
      <trkpt lat="45.090524" lon="7.670191">
        <ele>234.5</ele>
        <extensions>
          <ns3:TrackPointExtension>
            <ns3:Extensions>
              <highway>secondary</highway>
              <surface>asphalt</surface>
              <junction>roundabout</junction>
            </ns3:Extensions>
          </ns3:TrackPointExtension>
        </extensions>
      </trkpt>
      <trkpt lat="45.090524" lon="7.670191">
        <ele>234.5</ele>
        <extensions>
          <ns3:TrackPointExtension>
            <ns3:Extensions>
              <highway>secondary</highway>
              <surface>asphalt</surface>
              <junction>roundabout</junction>
            </ns3:Extensions>
          </ns3:TrackPointExtension>
        </extensions>
      </trkpt>
      <trkpt lat="45.090501" lon="7.670233">
        <ele>234.5</ele>
        <extensions>
          <ns3:TrackPointExtension>
            <ns3:Extensions>
              <highway>secondary</highway>
              <surface>asphalt</surface>
              <junction>roundabout</junction>
            </ns3:Extensions>
          </ns3:TrackPointExtension>
        </extensions>
      </trkpt>
      <trkpt lat="45.090479" lon="7.670305">
        <ele>234.5</ele>
        <extensions>
          <ns3:TrackPointExtension>
            <ns3:Extensions>
              <highway>secondary</highway>
              <surface>asphalt</surface>
              <junction>roundabout</junction>
            </ns3:Extensions>
          </ns3:TrackPointExtension>
        </extensions>
      </trkpt>
      <trkpt lat="45.090479" lon="7.670358">
        <ele>234.5</ele>
        <extensions>
          <ns3:TrackPointExtension>
            <ns3:Extensions>
              <highway>secondary</highway>
              <surface>asphalt</surface>
              <junction>roundabout</junction>
            </ns3:Extensions>
          </ns3:TrackPointExtension>
        </extensions>
      </trkpt>
      <trkpt lat="45.090493" lon="7.670454">
        <ele>234.5</ele>
        <extensions>
          <ns3:TrackPointExtension>
            <ns3:Extensions>
              <highway>secondary</highway>
              <surface>asphalt</surface>
              <junction>roundabout</junction>
            </ns3:Extensions>
          </ns3:TrackPointExtension>
        </extensions>
      </trkpt>
      <trkpt lat="45.090504" lon="7.670496">
        <ele>234.5</ele>
        <extensions>
          <ns3:TrackPointExtension>
            <ns3:Extensions>
              <highway>secondary</highway>
              <surface>asphalt</surface>
              <junction>roundabout</junction>
            </ns3:Extensions>
          </ns3:TrackPointExtension>
        </extensions>
      </trkpt>
      <trkpt lat="45.090532" lon="7.67055">
        <ele>234.5</ele>
        <extensions>
          <ns3:TrackPointExtension>
            <ns3:Extensions>
              <highway>secondary</highway>
              <surface>asphalt</surface>
              <junction>roundabout</junction>
            </ns3:Extensions>
          </ns3:TrackPointExtension>
        </extensions>
      </trkpt>
      <trkpt lat="45.090553" lon="7.670582">
        <ele>234.5</ele>
        <extensions>
          <ns3:TrackPointExtension>
            <ns3:Extensions>
              <highway>secondary</highway>
              <surface>asphalt</surface>
              <junction>roundabout</junction>
            </ns3:Extensions>
          </ns3:TrackPointExtension>
        </extensions>
      </trkpt>
      <trkpt lat="45.09059" lon="7.670615">
        <ele>234.5</ele>
        <extensions>
          <ns3:TrackPointExtension>
            <ns3:Extensions>
              <highway>secondary</highway>
              <surface>asphalt</surface>
              <junction>roundabout</junction>
            </ns3:Extensions>
          </ns3:TrackPointExtension>
        </extensions>
      </trkpt>
      <trkpt lat="45.090649" lon="7.670625">
        <ele>234.5</ele>
        <extensions>
          <ns3:TrackPointExtension>
            <ns3:Extensions>
              <highway>secondary</highway>
              <surface>asphalt</surface>
              <junction>roundabout</junction>
            </ns3:Extensions>
          </ns3:TrackPointExtension>
        </extensions>
      </trkpt>
      <trkpt lat="45.090701" lon="7.670619">
        <ele>234.5</ele>
        <extensions>
          <ns3:TrackPointExtension>
            <ns3:Extensions>
              <highway>secondary</highway>
              <surface>asphalt</surface>
              <junction>roundabout</junction>
            </ns3:Extensions>
          </ns3:TrackPointExtension>
        </extensions>
      </trkpt>
      <trkpt lat="45.090774" lon="7.670581">
        <ele>234.5</ele>
        <extensions>
          <ns3:TrackPointExtension>
            <ns3:Extensions>
              <highway>secondary</highway>
              <surface>asphalt</surface>
              <junction>roundabout</junction>
            </ns3:Extensions>
          </ns3:TrackPointExtension>
        </extensions>
      </trkpt>
      <trkpt lat="45.090806" lon="7.670548">
        <ele>234.5</ele>
        <extensions>
          <ns3:TrackPointExtension>
            <ns3:Extensions>
              <highway>secondary</highway>
              <surface>asphalt</surface>
              <junction>roundabout</junction>
            </ns3:Extensions>
          </ns3:TrackPointExtension>
        </extensions>
      </trkpt>
      <trkpt lat="45.090832" lon="7.670506">
        <ele>234.5</ele>
        <extensions>
          <ns3:TrackPointExtension>
            <ns3:Extensions>
              <highway>secondary</highway>
              <surface>asphalt</surface>
              <junction>roundabout</junction>
            </ns3:Extensions>
          </ns3:TrackPointExtension>
        </extensions>
      </trkpt>
      <trkpt lat="45.090853" lon="7.670455">
        <ele>234.5</ele>
        <extensions>
          <ns3:TrackPointExtension>
            <ns3:Extensions>
              <highway>secondary</highway>
              <surface>asphalt</surface>
              <junction>roundabout</junction>
            </ns3:Extensions>
          </ns3:TrackPointExtension>
        </extensions>
      </trkpt>
      <trkpt lat="45.090862" lon="7.670409">
        <ele>234.5</ele>
        <extensions>
          <ns3:TrackPointExtension>
            <ns3:Extensions>
              <highway>secondary</highway>
              <surface>asphalt</surface>
              <junction>roundabout</junction>
            </ns3:Extensions>
          </ns3:TrackPointExtension>
        </extensions>
      </trkpt>
      <trkpt lat="45.090861" lon="7.670406">
        <ele>234.3410381335265</ele>
      </trkpt>
      <trkpt lat="45.090861" lon="7.670406">
        <ele>234.3410381335265</ele>
      </trkpt>
      <trkpt lat="45.091305533834074" lon="7.670501904359167">
        <ele>235.35554189220426</ele>
      </trkpt>
      <trkpt lat="45.09175006766816" lon="7.670597808718333">
        <ele>237.22048003582273</ele>
      </trkpt>
      <trkpt lat="45.092194601502236" lon="7.6706937130775">
        <ele>240.66367528182502</ele>
      </trkpt>
      <trkpt lat="45.09263913533631" lon="7.670789617436666">
        <ele>243.71486857082837</ele>
      </trkpt>
      <trkpt lat="45.0930836691704" lon="7.670885521795833">
        <ele>244.76249497358447</ele>
      </trkpt>
      <trkpt lat="45.093528203004475" lon="7.670981426155">
        <ele>241.13793788459228</ele>
      </trkpt>
      <trkpt lat="45.09397273683855" lon="7.671077330514167">
        <ele>240.25363359935676</ele>
      </trkpt>
      <trkpt lat="45.094417270672636" lon="7.671173234873334">
        <ele>241.18728955071805</ele>
      </trkpt>
      <trkpt lat="45.09463172749139" lon="7.6712195020912475">
        <ele>242.1819502788355</ele>
      </trkpt>
      <trkpt lat="45.094989" lon="7.671289">
        <ele>245</ele>
        <extensions>
          <ns3:TrackPointExtension>
            <ns3:Extensions>
              <highway>tertiary</highway>
              <surface>asphalt</surface>
              <junction>roundabout</junction>
            </ns3:Extensions>
          </ns3:TrackPointExtension>
        </extensions>
      </trkpt>
      <trkpt lat="45.094999" lon="7.671337">
        <ele>245</ele>
        <extensions>
          <ns3:TrackPointExtension>
            <ns3:Extensions>
              <highway>tertiary</highway>
              <surface>asphalt</surface>
              <junction>roundabout</junction>
            </ns3:Extensions>
          </ns3:TrackPointExtension>
        </extensions>
      </trkpt>
      <trkpt lat="45.095027" lon="7.671397">
        <ele>245.25</ele>
        <extensions>
          <ns3:TrackPointExtension>
            <ns3:Extensions>
              <highway>tertiary</highway>
              <surface>asphalt</surface>
              <junction>roundabout</junction>
            </ns3:Extensions>
          </ns3:TrackPointExtension>
        </extensions>
      </trkpt>
      <trkpt lat="45.095062" lon="7.671437">
        <ele>245.25</ele>
        <extensions>
          <ns3:TrackPointExtension>
            <ns3:Extensions>
              <highway>tertiary</highway>
              <surface>asphalt</surface>
              <junction>roundabout</junction>
            </ns3:Extensions>
          </ns3:TrackPointExtension>
        </extensions>
      </trkpt>
      <trkpt lat="45.095103" lon="7.671461">
        <ele>245.25</ele>
        <extensions>
          <ns3:TrackPointExtension>
            <ns3:Extensions>
              <highway>tertiary</highway>
              <surface>asphalt</surface>
              <junction>roundabout</junction>
            </ns3:Extensions>
          </ns3:TrackPointExtension>
        </extensions>
      </trkpt>
      <trkpt lat="45.095147" lon="7.671468">
        <ele>245.25</ele>
        <extensions>
          <ns3:TrackPointExtension>
            <ns3:Extensions>
              <highway>tertiary</highway>
              <surface>asphalt</surface>
              <junction>roundabout</junction>
            </ns3:Extensions>
          </ns3:TrackPointExtension>
        </extensions>
      </trkpt>
      <trkpt lat="45.095189" lon="7.671458">
        <ele>245</ele>
        <extensions>
          <ns3:TrackPointExtension>
            <ns3:Extensions>
              <highway>tertiary</highway>
              <surface>asphalt</surface>
              <junction>roundabout</junction>
            </ns3:Extensions>
          </ns3:TrackPointExtension>
        </extensions>
      </trkpt>
      <trkpt lat="45.095228" lon="7.671432">
        <ele>245</ele>
        <extensions>
          <ns3:TrackPointExtension>
            <ns3:Extensions>
              <highway>tertiary</highway>
              <surface>asphalt</surface>
              <oneway>yes</oneway>
            </ns3:Extensions>
          </ns3:TrackPointExtension>
        </extensions>
      </trkpt>
      <trkpt lat="45.095311" lon="7.671528">
        <ele>245</ele>
        <extensions>
          <ns3:TrackPointExtension>
            <ns3:Extensions>
              <highway>tertiary</highway>
              <surface>asphalt</surface>
              <oneway>yes</oneway>
            </ns3:Extensions>
          </ns3:TrackPointExtension>
        </extensions>
      </trkpt>
      <trkpt lat="45.095397" lon="7.671545">
        <ele>244.75</ele>
        <extensions>
          <ns3:TrackPointExtension>
            <ns3:Extensions>
              <highway>tertiary</highway>
              <surface>asphalt</surface>
              <oneway>yes</oneway>
            </ns3:Extensions>
          </ns3:TrackPointExtension>
        </extensions>
      </trkpt>
      <trkpt lat="45.095519" lon="7.67157">
        <ele>244.5</ele>
        <extensions>
          <ns3:TrackPointExtension>
            <ns3:Extensions>
              <highway>tertiary</highway>
              <surface>asphalt</surface>
              <oneway>yes</oneway>
            </ns3:Extensions>
          </ns3:TrackPointExtension>
        </extensions>
      </trkpt>
      <trkpt lat="45.09569" lon="7.671561">
        <ele>244.25</ele>
        <extensions>
          <ns3:TrackPointExtension>
            <ns3:Extensions>
              <reversedirection>yes</reversedirection>
              <highway>tertiary</highway>
              <surface>asphalt</surface>
            </ns3:Extensions>
          </ns3:TrackPointExtension>
        </extensions>
      </trkpt>
      <trkpt lat="45.095879" lon="7.6716">
        <ele>244</ele>
        <extensions>
          <ns3:TrackPointExtension>
            <ns3:Extensions>
              <reversedirection>yes</reversedirection>
              <highway>tertiary</highway>
              <surface>asphalt</surface>
            </ns3:Extensions>
          </ns3:TrackPointExtension>
        </extensions>
      </trkpt>
      <trkpt lat="45.095948" lon="7.671614">
        <ele>244.25</ele>
        <extensions>
          <ns3:TrackPointExtension>
            <ns3:Extensions>
              <reversedirection>yes</reversedirection>
              <highway>tertiary</highway>
              <surface>asphalt</surface>
            </ns3:Extensions>
          </ns3:TrackPointExtension>
        </extensions>
      </trkpt>
      <trkpt lat="45.09601" lon="7.671627">
        <ele>244.5</ele>
        <extensions>
          <ns3:TrackPointExtension>
            <ns3:Extensions>
              <reversedirection>yes</reversedirection>
              <highway>tertiary</highway>
              <surface>asphalt</surface>
            </ns3:Extensions>
          </ns3:TrackPointExtension>
        </extensions>
      </trkpt>
      <trkpt lat="45.096256" lon="7.671684">
        <ele>245.5</ele>
        <extensions>
          <ns3:TrackPointExtension>
            <ns3:Extensions>
              <reversedirection>yes</reversedirection>
              <highway>tertiary</highway>
              <surface>asphalt</surface>
            </ns3:Extensions>
          </ns3:TrackPointExtension>
        </extensions>
      </trkpt>
      <trkpt lat="45.096488" lon="7.671723">
        <ele>246.25</ele>
        <extensions>
          <ns3:TrackPointExtension>
            <ns3:Extensions>
              <reversedirection>yes</reversedirection>
              <highway>tertiary</highway>
              <surface>asphalt</surface>
            </ns3:Extensions>
          </ns3:TrackPointExtension>
        </extensions>
      </trkpt>
      <trkpt lat="45.096605" lon="7.671747">
        <ele>246.75</ele>
        <extensions>
          <ns3:TrackPointExtension>
            <ns3:Extensions>
              <reversedirection>yes</reversedirection>
              <highway>tertiary</highway>
              <surface>asphalt</surface>
            </ns3:Extensions>
          </ns3:TrackPointExtension>
        </extensions>
      </trkpt>
      <trkpt lat="45.09662" lon="7.67175">
        <ele>246.75</ele>
        <extensions>
          <ns3:TrackPointExtension>
            <ns3:Extensions>
              <reversedirection>yes</reversedirection>
              <highway>tertiary</highway>
              <surface>asphalt</surface>
            </ns3:Extensions>
          </ns3:TrackPointExtension>
        </extensions>
      </trkpt>
      <trkpt lat="45.096648" lon="7.671755">
        <ele>247</ele>
        <extensions>
          <ns3:TrackPointExtension>
            <ns3:Extensions>
              <reversedirection>yes</reversedirection>
              <highway>tertiary</highway>
              <surface>asphalt</surface>
            </ns3:Extensions>
          </ns3:TrackPointExtension>
        </extensions>
      </trkpt>
      <trkpt lat="45.096699" lon="7.671764">
        <ele>247</ele>
        <extensions>
          <ns3:TrackPointExtension>
            <ns3:Extensions>
              <reversedirection>yes</reversedirection>
              <highway>tertiary</highway>
              <surface>asphalt</surface>
            </ns3:Extensions>
          </ns3:TrackPointExtension>
        </extensions>
      </trkpt>
      <trkpt lat="45.096773" lon="7.671771">
        <ele>247.25</ele>
        <extensions>
          <ns3:TrackPointExtension>
            <ns3:Extensions>
              <highway>tertiary</highway>
              <surface>asphalt</surface>
            </ns3:Extensions>
          </ns3:TrackPointExtension>
        </extensions>
      </trkpt>
      <trkpt lat="45.096774" lon="7.671771">
        <ele>247.25</ele>
        <extensions>
          <ns3:TrackPointExtension>
            <ns3:Extensions>
              <reversedirection>yes</reversedirection>
              <highway>tertiary</highway>
              <surface>asphalt</surface>
            </ns3:Extensions>
          </ns3:TrackPointExtension>
        </extensions>
      </trkpt>
      <trkpt lat="45.096773" lon="7.671771">
        <ele>247.25</ele>
        <extensions>
          <ns3:TrackPointExtension>
            <ns3:Extensions>
              <reversedirection>yes</reversedirection>
              <highway>tertiary</highway>
              <surface>asphalt</surface>
              <maxspeed>50</maxspeed>
              <oneway>no</oneway>
            </ns3:Extensions>
          </ns3:TrackPointExtension>
        </extensions>
      </trkpt>
      <trkpt lat="45.096947" lon="7.671567">
        <ele>247.5</ele>
        <extensions>
          <ns3:TrackPointExtension>
            <ns3:Extensions>
              <reversedirection>yes</reversedirection>
              <highway>tertiary</highway>
              <surface>asphalt</surface>
              <maxspeed>50</maxspeed>
              <oneway>no</oneway>
            </ns3:Extensions>
          </ns3:TrackPointExtension>
        </extensions>
      </trkpt>
      <trkpt lat="45.096963" lon="7.671548">
        <ele>247.5</ele>
        <extensions>
          <ns3:TrackPointExtension>
            <ns3:Extensions>
              <reversedirection>yes</reversedirection>
              <highway>tertiary</highway>
              <surface>asphalt</surface>
              <maxspeed>50</maxspeed>
              <oneway>no</oneway>
            </ns3:Extensions>
          </ns3:TrackPointExtension>
        </extensions>
      </trkpt>
      <trkpt lat="45.097005" lon="7.671497">
        <ele>247.75</ele>
        <extensions>
          <ns3:TrackPointExtension>
            <ns3:Extensions>
              <reversedirection>yes</reversedirection>
              <highway>tertiary</highway>
              <surface>asphalt</surface>
              <maxspeed>50</maxspeed>
              <oneway>no</oneway>
            </ns3:Extensions>
          </ns3:TrackPointExtension>
        </extensions>
      </trkpt>
      <trkpt lat="45.097065" lon="7.671427">
        <ele>247.75</ele>
        <extensions>
          <ns3:TrackPointExtension>
            <ns3:Extensions>
              <reversedirection>yes</reversedirection>
              <highway>tertiary</highway>
              <surface>asphalt</surface>
              <maxspeed>50</maxspeed>
              <oneway>no</oneway>
            </ns3:Extensions>
          </ns3:TrackPointExtension>
        </extensions>
      </trkpt>
      <trkpt lat="45.097118" lon="7.671368">
        <ele>247.75</ele>
        <extensions>
          <ns3:TrackPointExtension>
            <ns3:Extensions>
              <reversedirection>yes</reversedirection>
              <highway>tertiary</highway>
              <surface>asphalt</surface>
              <maxspeed>50</maxspeed>
              <oneway>no</oneway>
            </ns3:Extensions>
          </ns3:TrackPointExtension>
        </extensions>
      </trkpt>
      <trkpt lat="45.097718" lon="7.670683">
        <ele>247</ele>
        <extensions>
          <ns3:TrackPointExtension>
            <ns3:Extensions>
              <reversedirection>yes</reversedirection>
              <highway>tertiary</highway>
              <surface>asphalt</surface>
              <maxspeed>50</maxspeed>
              <oneway>no</oneway>
            </ns3:Extensions>
          </ns3:TrackPointExtension>
        </extensions>
      </trkpt>
      <trkpt lat="45.097932" lon="7.670441">
        <ele>246.75</ele>
        <extensions>
          <ns3:TrackPointExtension>
            <ns3:Extensions>
              <reversedirection>yes</reversedirection>
              <highway>tertiary</highway>
              <surface>asphalt</surface>
              <maxspeed>50</maxspeed>
              <oneway>no</oneway>
            </ns3:Extensions>
          </ns3:TrackPointExtension>
        </extensions>
      </trkpt>
      <trkpt lat="45.098395" lon="7.669887">
        <ele>246</ele>
        <extensions>
          <ns3:TrackPointExtension>
            <ns3:Extensions>
              <reversedirection>yes</reversedirection>
              <highway>tertiary</highway>
              <surface>asphalt</surface>
              <maxspeed>50</maxspeed>
              <oneway>no</oneway>
            </ns3:Extensions>
          </ns3:TrackPointExtension>
        </extensions>
      </trkpt>
      <trkpt lat="45.098746" lon="7.669516">
        <ele>246</ele>
        <extensions>
          <ns3:TrackPointExtension>
            <ns3:Extensions>
              <reversedirection>yes</reversedirection>
              <highway>tertiary</highway>
              <surface>asphalt</surface>
              <maxspeed>50</maxspeed>
              <oneway>no</oneway>
            </ns3:Extensions>
          </ns3:TrackPointExtension>
        </extensions>
      </trkpt>
      <trkpt lat="45.098836" lon="7.669428">
        <ele>246</ele>
        <extensions>
          <ns3:TrackPointExtension>
            <ns3:Extensions>
              <reversedirection>yes</reversedirection>
              <highway>tertiary</highway>
              <surface>asphalt</surface>
              <maxspeed>30</maxspeed>
              <oneway>no</oneway>
            </ns3:Extensions>
          </ns3:TrackPointExtension>
        </extensions>
      </trkpt>
      <trkpt lat="45.098939" lon="7.669327">
        <ele>246</ele>
        <extensions>
          <ns3:TrackPointExtension>
            <ns3:Extensions>
              <reversedirection>yes</reversedirection>
              <highway>tertiary</highway>
              <surface>asphalt</surface>
              <maxspeed>30</maxspeed>
              <oneway>no</oneway>
            </ns3:Extensions>
          </ns3:TrackPointExtension>
        </extensions>
      </trkpt>
      <trkpt lat="45.099138" lon="7.669132">
        <ele>246</ele>
        <extensions>
          <ns3:TrackPointExtension>
            <ns3:Extensions>
              <reversedirection>yes</reversedirection>
              <highway>tertiary</highway>
              <surface>asphalt</surface>
              <maxspeed>30</maxspeed>
              <oneway>no</oneway>
            </ns3:Extensions>
          </ns3:TrackPointExtension>
        </extensions>
      </trkpt>
      <trkpt lat="45.09973" lon="7.668632">
        <ele>247.5</ele>
        <extensions>
          <ns3:TrackPointExtension>
            <ns3:Extensions>
              <reversedirection>yes</reversedirection>
              <highway>tertiary</highway>
              <surface>asphalt</surface>
              <maxspeed>30</maxspeed>
              <oneway>no</oneway>
            </ns3:Extensions>
          </ns3:TrackPointExtension>
        </extensions>
      </trkpt>
      <trkpt lat="45.099759" lon="7.668609">
        <ele>247.5</ele>
        <extensions>
          <ns3:TrackPointExtension>
            <ns3:Extensions>
              <reversedirection>yes</reversedirection>
              <highway>tertiary</highway>
              <surface>asphalt</surface>
              <maxspeed>30</maxspeed>
              <oneway>no</oneway>
            </ns3:Extensions>
          </ns3:TrackPointExtension>
        </extensions>
      </trkpt>
      <trkpt lat="45.09996" lon="7.668437">
        <ele>247.75</ele>
        <extensions>
          <ns3:TrackPointExtension>
            <ns3:Extensions>
              <reversedirection>yes</reversedirection>
              <highway>tertiary</highway>
              <surface>asphalt</surface>
              <maxspeed>30</maxspeed>
              <oneway>no</oneway>
            </ns3:Extensions>
          </ns3:TrackPointExtension>
        </extensions>
      </trkpt>
      <trkpt lat="45.100073" lon="7.668341">
        <ele>247.75</ele>
        <extensions>
          <ns3:TrackPointExtension>
            <ns3:Extensions>
              <reversedirection>yes</reversedirection>
              <highway>tertiary</highway>
              <surface>asphalt</surface>
              <maxspeed>30</maxspeed>
              <oneway>no</oneway>
            </ns3:Extensions>
          </ns3:TrackPointExtension>
        </extensions>
      </trkpt>
      <trkpt lat="45.100201" lon="7.668232">
        <ele>247.5</ele>
        <extensions>
          <ns3:TrackPointExtension>
            <ns3:Extensions>
              <reversedirection>yes</reversedirection>
              <highway>tertiary</highway>
              <surface>asphalt</surface>
              <maxspeed>30</maxspeed>
              <oneway>no</oneway>
            </ns3:Extensions>
          </ns3:TrackPointExtension>
        </extensions>
      </trkpt>
      <trkpt lat="45.100649" lon="7.667839">
        <ele>246.75</ele>
        <extensions>
          <ns3:TrackPointExtension>
            <ns3:Extensions>
              <reversedirection>yes</reversedirection>
              <highway>tertiary</highway>
              <surface>asphalt</surface>
              <maxspeed>30</maxspeed>
              <oneway>no</oneway>
            </ns3:Extensions>
          </ns3:TrackPointExtension>
        </extensions>
      </trkpt>
      <trkpt lat="45.101208" lon="7.667349">
        <ele>247.5</ele>
        <extensions>
          <ns3:TrackPointExtension>
            <ns3:Extensions>
              <reversedirection>yes</reversedirection>
              <highway>tertiary</highway>
              <surface>asphalt</surface>
              <maxspeed>30</maxspeed>
              <oneway>no</oneway>
            </ns3:Extensions>
          </ns3:TrackPointExtension>
        </extensions>
      </trkpt>
      <trkpt lat="45.101468" lon="7.66712">
        <ele>248.25</ele>
        <extensions>
          <ns3:TrackPointExtension>
            <ns3:Extensions>
              <reversedirection>yes</reversedirection>
              <highway>tertiary</highway>
              <surface>asphalt</surface>
              <maxspeed>30</maxspeed>
              <oneway>no</oneway>
            </ns3:Extensions>
          </ns3:TrackPointExtension>
        </extensions>
      </trkpt>
      <trkpt lat="45.101562" lon="7.667038">
        <ele>248.5</ele>
        <extensions>
          <ns3:TrackPointExtension>
            <ns3:Extensions>
              <reversedirection>yes</reversedirection>
              <highway>tertiary</highway>
              <surface>asphalt</surface>
              <maxspeed>50</maxspeed>
              <oneway>no</oneway>
            </ns3:Extensions>
          </ns3:TrackPointExtension>
        </extensions>
      </trkpt>
      <trkpt lat="45.101697" lon="7.666923">
        <ele>248.5</ele>
        <extensions>
          <ns3:TrackPointExtension>
            <ns3:Extensions>
              <reversedirection>yes</reversedirection>
              <highway>tertiary</highway>
              <surface>asphalt</surface>
              <maxspeed>50</maxspeed>
              <oneway>no</oneway>
            </ns3:Extensions>
          </ns3:TrackPointExtension>
        </extensions>
      </trkpt>
      <trkpt lat="45.101764" lon="7.666862">
        <ele>248.5</ele>
        <extensions>
          <ns3:TrackPointExtension>
            <ns3:Extensions>
              <reversedirection>yes</reversedirection>
              <highway>tertiary</highway>
              <surface>asphalt</surface>
              <maxspeed>50</maxspeed>
              <oneway>no</oneway>
            </ns3:Extensions>
          </ns3:TrackPointExtension>
        </extensions>
      </trkpt>
      <trkpt lat="45.102059" lon="7.666608">
        <ele>248.25</ele>
        <extensions>
          <ns3:TrackPointExtension>
            <ns3:Extensions>
              <reversedirection>yes</reversedirection>
              <highway>tertiary</highway>
              <surface>asphalt</surface>
              <maxspeed>50</maxspeed>
              <oneway>no</oneway>
            </ns3:Extensions>
          </ns3:TrackPointExtension>
        </extensions>
      </trkpt>
      <trkpt lat="45.102221" lon="7.666467">
        <ele>248.25</ele>
        <extensions>
          <ns3:TrackPointExtension>
            <ns3:Extensions>
              <reversedirection>yes</reversedirection>
              <highway>tertiary</highway>
              <surface>asphalt</surface>
              <maxspeed>50</maxspeed>
              <oneway>no</oneway>
            </ns3:Extensions>
          </ns3:TrackPointExtension>
        </extensions>
      </trkpt>
      <trkpt lat="45.102538" lon="7.666189">
        <ele>248.5</ele>
        <extensions>
          <ns3:TrackPointExtension>
            <ns3:Extensions>
              <reversedirection>yes</reversedirection>
              <highway>tertiary</highway>
              <surface>asphalt</surface>
              <maxspeed>50</maxspeed>
              <oneway>no</oneway>
            </ns3:Extensions>
          </ns3:TrackPointExtension>
        </extensions>
      </trkpt>
      <trkpt lat="45.103078" lon="7.665712">
        <ele>250</ele>
        <extensions>
          <ns3:TrackPointExtension>
            <ns3:Extensions>
              <reversedirection>yes</reversedirection>
              <highway>tertiary</highway>
              <surface>asphalt</surface>
              <maxspeed>50</maxspeed>
              <oneway>no</oneway>
            </ns3:Extensions>
          </ns3:TrackPointExtension>
        </extensions>
      </trkpt>
      <trkpt lat="45.103173" lon="7.66563">
        <ele>250.5</ele>
        <extensions>
          <ns3:TrackPointExtension>
            <ns3:Extensions>
              <reversedirection>yes</reversedirection>
              <highway>tertiary</highway>
              <surface>asphalt</surface>
              <maxspeed>50</maxspeed>
              <oneway>no</oneway>
            </ns3:Extensions>
          </ns3:TrackPointExtension>
        </extensions>
      </trkpt>
      <trkpt lat="45.103379" lon="7.665454">
        <ele>251.25</ele>
        <extensions>
          <ns3:TrackPointExtension>
            <ns3:Extensions>
              <reversedirection>yes</reversedirection>
              <highway>residential</highway>
              <surface>asphalt</surface>
              <maxspeed>50</maxspeed>
              <oneway>no</oneway>
            </ns3:Extensions>
          </ns3:TrackPointExtension>
        </extensions>
      </trkpt>
      <trkpt lat="45.103564" lon="7.665271">
        <ele>251.75</ele>
        <extensions>
          <ns3:TrackPointExtension>
            <ns3:Extensions>
              <reversedirection>yes</reversedirection>
              <highway>residential</highway>
              <surface>asphalt</surface>
              <maxspeed>50</maxspeed>
              <oneway>no</oneway>
            </ns3:Extensions>
          </ns3:TrackPointExtension>
        </extensions>
      </trkpt>
      <trkpt lat="45.104246" lon="7.664629">
        <ele>251.5</ele>
        <extensions>
          <ns3:TrackPointExtension>
            <ns3:Extensions>
              <reversedirection>yes</reversedirection>
              <highway>residential</highway>
              <surface>asphalt</surface>
              <maxspeed>50</maxspeed>
              <oneway>no</oneway>
            </ns3:Extensions>
          </ns3:TrackPointExtension>
        </extensions>
      </trkpt>
      <trkpt lat="45.104507" lon="7.66438">
        <ele>250.25</ele>
        <extensions>
          <ns3:TrackPointExtension>
            <ns3:Extensions>
              <reversedirection>yes</reversedirection>
              <highway>residential</highway>
              <surface>asphalt</surface>
              <maxspeed>50</maxspeed>
              <oneway>no</oneway>
            </ns3:Extensions>
          </ns3:TrackPointExtension>
        </extensions>
      </trkpt>
      <trkpt lat="45.104565" lon="7.664324">
        <ele>250.25</ele>
        <extensions>
          <ns3:TrackPointExtension>
            <ns3:Extensions>
              <reversedirection>yes</reversedirection>
              <highway>residential</highway>
              <surface>asphalt</surface>
              <maxspeed>50</maxspeed>
              <oneway>no</oneway>
            </ns3:Extensions>
          </ns3:TrackPointExtension>
        </extensions>
      </trkpt>
      <trkpt lat="45.104879" lon="7.664007">
        <ele>250</ele>
        <extensions>
          <ns3:TrackPointExtension>
            <ns3:Extensions>
              <reversedirection>yes</reversedirection>
              <highway>residential</highway>
              <surface>asphalt</surface>
              <maxspeed>50</maxspeed>
              <oneway>no</oneway>
            </ns3:Extensions>
          </ns3:TrackPointExtension>
        </extensions>
      </trkpt>
      <trkpt lat="45.104895" lon="7.663991">
        <ele>250</ele>
        <extensions>
          <ns3:TrackPointExtension>
            <ns3:Extensions>
              <highway>residential</highway>
              <surface>asphalt</surface>
              <oneway>yes</oneway>
            </ns3:Extensions>
          </ns3:TrackPointExtension>
        </extensions>
      </trkpt>
      <trkpt lat="45.104902" lon="7.663991">
        <ele>249.2004249279025</ele>
      </trkpt>
      <trkpt lat="45.10501817901084" lon="7.6638860895599805">
        <ele>249.12553305951926</ele>
      </trkpt>
      <trkpt lat="45.10512474968286" lon="7.663835759281227">
        <ele>249.29285077208647</ele>
      </trkpt>
      <trkpt lat="45.105231320155895" lon="7.663774643942276">
        <ele>249.46149720316868</ele>
      </trkpt>
      <trkpt lat="45.105378488577685" lon="7.66370274354307">
        <ele>250.12104511871095</ele>
      </trkpt>
      <trkpt lat="45.105498" lon="7.663618">
        <ele>250.5</ele>
        <extensions>
          <ns3:TrackPointExtension>
            <ns3:Extensions>
              <highway>residential</highway>
              <surface>asphalt</surface>
              <oneway>yes</oneway>
            </ns3:Extensions>
          </ns3:TrackPointExtension>
        </extensions>
      </trkpt>
      <trkpt lat="45.105498" lon="7.663618">
        <ele>250.5</ele>
        <extensions>
          <ns3:TrackPointExtension>
            <ns3:Extensions>
              <highway>residential</highway>
              <surface>asphalt</surface>
              <oneway>yes</oneway>
            </ns3:Extensions>
          </ns3:TrackPointExtension>
        </extensions>
      </trkpt>
      <trkpt lat="45.105504" lon="7.663575">
        <ele>250.5</ele>
        <extensions>
          <ns3:TrackPointExtension>
            <ns3:Extensions>
              <highway>residential</highway>
              <oneway>yes</oneway>
            </ns3:Extensions>
          </ns3:TrackPointExtension>
        </extensions>
      </trkpt>
      <trkpt lat="45.105551" lon="7.663491">
        <ele>250.5</ele>
        <extensions>
          <ns3:TrackPointExtension>
            <ns3:Extensions>
              <highway>residential</highway>
              <oneway>yes</oneway>
            </ns3:Extensions>
          </ns3:TrackPointExtension>
        </extensions>
      </trkpt>
      <trkpt lat="45.105611" lon="7.663412">
        <ele>250.5</ele>
        <extensions>
          <ns3:TrackPointExtension>
            <ns3:Extensions>
              <highway>residential</highway>
              <oneway>yes</oneway>
            </ns3:Extensions>
          </ns3:TrackPointExtension>
        </extensions>
      </trkpt>
      <trkpt lat="45.105682" lon="7.663346">
        <ele>250.75</ele>
        <extensions>
          <ns3:TrackPointExtension>
            <ns3:Extensions>
              <highway>residential</highway>
              <oneway>yes</oneway>
            </ns3:Extensions>
          </ns3:TrackPointExtension>
        </extensions>
      </trkpt>
      <trkpt lat="45.105695" lon="7.663339">
        <ele>251.8000000000011</ele>
      </trkpt>
      <trkpt lat="45.10576097437743" lon="7.663291486857844">
        <ele>251.61323577961923</ele>
      </trkpt>
      <trkpt lat="45.10595635124858" lon="7.663208801399804">
        <ele>251.39765326037542</ele>
      </trkpt>
      <trkpt lat="45.10605023340298" lon="7.663183636261067">
        <ele>251.2614016281916</ele>
      </trkpt>
      <trkpt lat="45.10619486236638" lon="7.663176446220518">
        <ele>251.15232747541796</ele>
      </trkpt>
      <trkpt lat="45.10634964032485" lon="7.663212396419425">
        <ele>251.18723451292675</ele>
      </trkpt>
      <trkpt lat="45.10648158185933" lon="7.66328070179901">
        <ele>251.16005354951346</ele>
      </trkpt>
      <trkpt lat="45.10654755232551" lon="7.66328789350581">
        <ele>251.16744593088578</ele>
      </trkpt>
      <trkpt lat="45.10661606023055" lon="7.663277108445584">
        <ele>251.20514244851728</ele>
      </trkpt>
      <trkpt lat="45.106685" lon="7.66323">
        <ele>251</ele>
        <extensions>
          <ns3:TrackPointExtension>
            <ns3:Extensions>
              <highway>secondary</highway>
              <surface>asphalt</surface>
              <maxspeed>50</maxspeed>
              <oneway>yes</oneway>
            </ns3:Extensions>
          </ns3:TrackPointExtension>
        </extensions>
      </trkpt>
      <trkpt lat="45.106688" lon="7.663231">
        <ele>251</ele>
        <extensions>
          <ns3:TrackPointExtension>
            <ns3:Extensions>
              <highway>secondary</highway>
              <surface>asphalt</surface>
              <maxspeed>50</maxspeed>
              <oneway>yes</oneway>
            </ns3:Extensions>
          </ns3:TrackPointExtension>
        </extensions>
      </trkpt>
      <trkpt lat="45.106803" lon="7.66331">
        <ele>250.75</ele>
        <extensions>
          <ns3:TrackPointExtension>
            <ns3:Extensions>
              <highway>secondary</highway>
              <surface>asphalt</surface>
              <maxspeed>50</maxspeed>
              <oneway>yes</oneway>
            </ns3:Extensions>
          </ns3:TrackPointExtension>
        </extensions>
      </trkpt>
      <trkpt lat="45.106856" lon="7.663325">
        <ele>250.75</ele>
        <extensions>
          <ns3:TrackPointExtension>
            <ns3:Extensions>
              <highway>secondary</highway>
              <surface>asphalt</surface>
              <maxspeed>50</maxspeed>
              <oneway>yes</oneway>
            </ns3:Extensions>
          </ns3:TrackPointExtension>
        </extensions>
      </trkpt>
      <trkpt lat="45.10692" lon="7.663329">
        <ele>250.5</ele>
        <extensions>
          <ns3:TrackPointExtension>
            <ns3:Extensions>
              <highway>secondary</highway>
              <surface>asphalt</surface>
              <maxspeed>50</maxspeed>
              <oneway>yes</oneway>
            </ns3:Extensions>
          </ns3:TrackPointExtension>
        </extensions>
      </trkpt>
      <trkpt lat="45.106971" lon="7.663331">
        <ele>250.25</ele>
        <extensions>
          <ns3:TrackPointExtension>
            <ns3:Extensions>
              <highway>secondary</highway>
              <surface>asphalt</surface>
              <maxspeed>50</maxspeed>
              <oneway>yes</oneway>
            </ns3:Extensions>
          </ns3:TrackPointExtension>
        </extensions>
      </trkpt>
      <trkpt lat="45.107637" lon="7.663364">
        <ele>249.75</ele>
        <extensions>
          <ns3:TrackPointExtension>
            <ns3:Extensions>
              <highway>secondary</highway>
              <surface>asphalt</surface>
              <maxspeed>50</maxspeed>
              <oneway>yes</oneway>
            </ns3:Extensions>
          </ns3:TrackPointExtension>
        </extensions>
      </trkpt>
      <trkpt lat="45.108072" lon="7.663385">
        <ele>249</ele>
        <extensions>
          <ns3:TrackPointExtension>
            <ns3:Extensions>
              <highway>secondary</highway>
              <surface>asphalt</surface>
              <maxspeed>50</maxspeed>
              <oneway>yes</oneway>
            </ns3:Extensions>
          </ns3:TrackPointExtension>
        </extensions>
      </trkpt>
      <trkpt lat="45.108265" lon="7.663394">
        <ele>249</ele>
        <extensions>
          <ns3:TrackPointExtension>
            <ns3:Extensions>
              <highway>secondary</highway>
              <surface>asphalt</surface>
              <maxspeed>50</maxspeed>
              <oneway>yes</oneway>
            </ns3:Extensions>
          </ns3:TrackPointExtension>
        </extensions>
      </trkpt>
      <trkpt lat="45.108371" lon="7.6634">
        <ele>248.75</ele>
        <extensions>
          <ns3:TrackPointExtension>
            <ns3:Extensions>
              <highway>secondary</highway>
              <surface>asphalt</surface>
              <maxspeed>50</maxspeed>
              <oneway>yes</oneway>
            </ns3:Extensions>
          </ns3:TrackPointExtension>
        </extensions>
      </trkpt>
      <trkpt lat="45.110169" lon="7.663455">
        <ele>247.5</ele>
        <extensions>
          <ns3:TrackPointExtension>
            <ns3:Extensions>
              <highway>secondary</highway>
              <surface>asphalt</surface>
              <maxspeed>50</maxspeed>
              <oneway>yes</oneway>
            </ns3:Extensions>
          </ns3:TrackPointExtension>
        </extensions>
      </trkpt>
      <trkpt lat="45.110729" lon="7.663471">
        <ele>247.5</ele>
        <extensions>
          <ns3:TrackPointExtension>
            <ns3:Extensions>
              <highway>secondary</highway>
              <surface>asphalt</surface>
              <maxspeed>50</maxspeed>
              <oneway>yes</oneway>
            </ns3:Extensions>
          </ns3:TrackPointExtension>
        </extensions>
      </trkpt>
      <trkpt lat="45.111018" lon="7.663478">
        <ele>247.25</ele>
        <extensions>
          <ns3:TrackPointExtension>
            <ns3:Extensions>
              <highway>secondary</highway>
              <surface>asphalt</surface>
              <maxspeed>50</maxspeed>
              <oneway>yes</oneway>
            </ns3:Extensions>
          </ns3:TrackPointExtension>
        </extensions>
      </trkpt>
      <trkpt lat="45.111064" lon="7.663481">
        <ele>247.25</ele>
        <extensions>
          <ns3:TrackPointExtension>
            <ns3:Extensions>
              <highway>secondary</highway>
              <surface>asphalt</surface>
              <maxspeed>50</maxspeed>
              <oneway>yes</oneway>
            </ns3:Extensions>
          </ns3:TrackPointExtension>
        </extensions>
      </trkpt>
      <trkpt lat="45.111128" lon="7.66349">
        <ele>247.25</ele>
        <extensions>
          <ns3:TrackPointExtension>
            <ns3:Extensions>
              <highway>secondary</highway>
              <surface>asphalt</surface>
              <maxspeed>50</maxspeed>
              <oneway>yes</oneway>
            </ns3:Extensions>
          </ns3:TrackPointExtension>
        </extensions>
      </trkpt>
      <trkpt lat="45.111301" lon="7.663501">
        <ele>247</ele>
        <extensions>
          <ns3:TrackPointExtension>
            <ns3:Extensions>
              <highway>secondary</highway>
              <surface>asphalt</surface>
              <maxspeed>50</maxspeed>
              <oneway>yes</oneway>
            </ns3:Extensions>
          </ns3:TrackPointExtension>
        </extensions>
      </trkpt>
      <trkpt lat="45.111531" lon="7.663497">
        <ele>246.75</ele>
        <extensions>
          <ns3:TrackPointExtension>
            <ns3:Extensions>
              <highway>secondary</highway>
              <surface>asphalt</surface>
              <maxspeed>50</maxspeed>
              <oneway>yes</oneway>
            </ns3:Extensions>
          </ns3:TrackPointExtension>
        </extensions>
      </trkpt>
      <trkpt lat="45.111625" lon="7.663488">
        <ele>246.75</ele>
        <extensions>
          <ns3:TrackPointExtension>
            <ns3:Extensions>
              <highway>secondary</highway>
              <surface>asphalt</surface>
              <maxspeed>40</maxspeed>
              <oneway>yes</oneway>
            </ns3:Extensions>
          </ns3:TrackPointExtension>
        </extensions>
      </trkpt>
      <trkpt lat="45.111884" lon="7.663408">
        <ele>246</ele>
        <extensions>
          <ns3:TrackPointExtension>
            <ns3:Extensions>
              <highway>secondary</highway>
              <surface>asphalt</surface>
              <maxspeed>40</maxspeed>
              <oneway>yes</oneway>
            </ns3:Extensions>
          </ns3:TrackPointExtension>
        </extensions>
      </trkpt>
      <trkpt lat="45.111887" lon="7.663408">
        <ele>246</ele>
        <extensions>
          <ns3:TrackPointExtension>
            <ns3:Extensions>
              <highway>secondary</highway>
              <surface>asphalt</surface>
              <maxspeed>40</maxspeed>
              <oneway>yes</oneway>
            </ns3:Extensions>
          </ns3:TrackPointExtension>
        </extensions>
      </trkpt>
      <trkpt lat="45.112277" lon="7.663316">
        <ele>244.75</ele>
        <extensions>
          <ns3:TrackPointExtension>
            <ns3:Extensions>
              <highway>secondary</highway>
              <surface>asphalt</surface>
              <maxspeed>40</maxspeed>
              <oneway>yes</oneway>
            </ns3:Extensions>
          </ns3:TrackPointExtension>
        </extensions>
      </trkpt>
      <trkpt lat="45.112931" lon="7.66314">
        <ele>242.75</ele>
        <extensions>
          <ns3:TrackPointExtension>
            <ns3:Extensions>
              <highway>secondary</highway>
              <surface>asphalt</surface>
              <maxspeed>40</maxspeed>
              <oneway>yes</oneway>
            </ns3:Extensions>
          </ns3:TrackPointExtension>
        </extensions>
      </trkpt>
      <trkpt lat="45.113418" lon="7.662969">
        <ele>242.75</ele>
        <extensions>
          <ns3:TrackPointExtension>
            <ns3:Extensions>
              <highway>secondary</highway>
              <surface>asphalt</surface>
              <maxspeed>40</maxspeed>
              <oneway>yes</oneway>
            </ns3:Extensions>
          </ns3:TrackPointExtension>
        </extensions>
      </trkpt>
      <trkpt lat="45.115875" lon="7.662061">
        <ele>240.75</ele>
        <extensions>
          <ns3:TrackPointExtension>
            <ns3:Extensions>
              <highway>secondary</highway>
              <surface>asphalt</surface>
              <maxspeed>40</maxspeed>
              <oneway>yes</oneway>
            </ns3:Extensions>
          </ns3:TrackPointExtension>
        </extensions>
      </trkpt>
      <trkpt lat="45.1162" lon="7.661925">
        <ele>240.25</ele>
        <extensions>
          <ns3:TrackPointExtension>
            <ns3:Extensions>
              <highway>secondary</highway>
              <surface>asphalt</surface>
              <maxspeed>40</maxspeed>
              <oneway>yes</oneway>
            </ns3:Extensions>
          </ns3:TrackPointExtension>
        </extensions>
      </trkpt>
      <trkpt lat="45.11649" lon="7.661781">
        <ele>239.5</ele>
        <extensions>
          <ns3:TrackPointExtension>
            <ns3:Extensions>
              <highway>secondary</highway>
              <surface>asphalt</surface>
              <maxspeed>40</maxspeed>
              <oneway>yes</oneway>
            </ns3:Extensions>
          </ns3:TrackPointExtension>
        </extensions>
      </trkpt>
      <trkpt lat="45.117694" lon="7.661009">
        <ele>238.75</ele>
        <extensions>
          <ns3:TrackPointExtension>
            <ns3:Extensions>
              <highway>secondary</highway>
              <surface>asphalt</surface>
              <maxspeed>40</maxspeed>
              <oneway>yes</oneway>
            </ns3:Extensions>
          </ns3:TrackPointExtension>
        </extensions>
      </trkpt>
      <trkpt lat="45.117994" lon="7.660867">
        <ele>238.5</ele>
        <extensions>
          <ns3:TrackPointExtension>
            <ns3:Extensions>
              <highway>secondary</highway>
              <surface>asphalt</surface>
              <maxspeed>40</maxspeed>
              <oneway>yes</oneway>
            </ns3:Extensions>
          </ns3:TrackPointExtension>
        </extensions>
      </trkpt>
      <trkpt lat="45.11841" lon="7.660785">
        <ele>238</ele>
        <extensions>
          <ns3:TrackPointExtension>
            <ns3:Extensions>
              <highway>secondary</highway>
              <surface>asphalt</surface>
              <maxspeed>40</maxspeed>
              <oneway>yes</oneway>
            </ns3:Extensions>
          </ns3:TrackPointExtension>
        </extensions>
      </trkpt>
      <trkpt lat="45.118798" lon="7.660809">
        <ele>236.75</ele>
        <extensions>
          <ns3:TrackPointExtension>
            <ns3:Extensions>
              <highway>secondary</highway>
              <surface>asphalt</surface>
              <maxspeed>40</maxspeed>
              <oneway>yes</oneway>
            </ns3:Extensions>
          </ns3:TrackPointExtension>
        </extensions>
      </trkpt>
      <trkpt lat="45.119175" lon="7.66091">
        <ele>236.75</ele>
        <extensions>
          <ns3:TrackPointExtension>
            <ns3:Extensions>
              <highway>secondary</highway>
              <surface>asphalt</surface>
              <maxspeed>40</maxspeed>
              <oneway>yes</oneway>
            </ns3:Extensions>
          </ns3:TrackPointExtension>
        </extensions>
      </trkpt>
      <trkpt lat="45.120501" lon="7.661264">
        <ele>237</ele>
        <extensions>
          <ns3:TrackPointExtension>
            <ns3:Extensions>
              <highway>secondary</highway>
              <surface>asphalt</surface>
              <maxspeed>40</maxspeed>
              <oneway>yes</oneway>
            </ns3:Extensions>
          </ns3:TrackPointExtension>
        </extensions>
      </trkpt>
      <trkpt lat="45.120719" lon="7.661306">
        <ele>237</ele>
        <extensions>
          <ns3:TrackPointExtension>
            <ns3:Extensions>
              <highway>secondary</highway>
              <surface>asphalt</surface>
              <maxspeed>40</maxspeed>
              <oneway>yes</oneway>
            </ns3:Extensions>
          </ns3:TrackPointExtension>
        </extensions>
      </trkpt>
      <trkpt lat="45.120935" lon="7.661335">
        <ele>237</ele>
        <extensions>
          <ns3:TrackPointExtension>
            <ns3:Extensions>
              <highway>secondary</highway>
              <surface>asphalt</surface>
              <maxspeed>40</maxspeed>
              <oneway>yes</oneway>
            </ns3:Extensions>
          </ns3:TrackPointExtension>
        </extensions>
      </trkpt>
      <trkpt lat="45.121097" lon="7.661338">
        <ele>237</ele>
        <extensions>
          <ns3:TrackPointExtension>
            <ns3:Extensions>
              <highway>secondary</highway>
              <surface>asphalt</surface>
              <maxspeed>40</maxspeed>
              <oneway>yes</oneway>
            </ns3:Extensions>
          </ns3:TrackPointExtension>
        </extensions>
      </trkpt>
      <trkpt lat="45.121419" lon="7.661312">
        <ele>237</ele>
        <extensions>
          <ns3:TrackPointExtension>
            <ns3:Extensions>
              <highway>secondary</highway>
              <surface>asphalt</surface>
              <maxspeed>40</maxspeed>
              <oneway>yes</oneway>
            </ns3:Extensions>
          </ns3:TrackPointExtension>
        </extensions>
      </trkpt>
      <trkpt lat="45.121598" lon="7.661271">
        <ele>237</ele>
        <extensions>
          <ns3:TrackPointExtension>
            <ns3:Extensions>
              <highway>secondary</highway>
              <surface>asphalt</surface>
              <maxspeed>40</maxspeed>
              <oneway>yes</oneway>
            </ns3:Extensions>
          </ns3:TrackPointExtension>
        </extensions>
      </trkpt>
      <trkpt lat="45.121921" lon="7.661152">
        <ele>237.25</ele>
        <extensions>
          <ns3:TrackPointExtension>
            <ns3:Extensions>
              <highway>secondary</highway>
              <surface>asphalt</surface>
              <maxspeed>40</maxspeed>
              <oneway>yes</oneway>
            </ns3:Extensions>
          </ns3:TrackPointExtension>
        </extensions>
      </trkpt>
      <trkpt lat="45.122899" lon="7.660762">
        <ele>237.25</ele>
        <extensions>
          <ns3:TrackPointExtension>
            <ns3:Extensions>
              <highway>secondary</highway>
              <surface>asphalt</surface>
              <maxspeed>40</maxspeed>
              <oneway>yes</oneway>
            </ns3:Extensions>
          </ns3:TrackPointExtension>
        </extensions>
      </trkpt>
      <trkpt lat="45.123082" lon="7.660688">
        <ele>238</ele>
        <extensions>
          <ns3:TrackPointExtension>
            <ns3:Extensions>
              <highway>secondary</highway>
              <surface>asphalt</surface>
              <maxspeed>40</maxspeed>
              <oneway>yes</oneway>
            </ns3:Extensions>
          </ns3:TrackPointExtension>
        </extensions>
      </trkpt>
      <trkpt lat="45.123842" lon="7.660383">
        <ele>237.75</ele>
        <extensions>
          <ns3:TrackPointExtension>
            <ns3:Extensions>
              <highway>secondary</highway>
              <surface>asphalt</surface>
              <maxspeed>40</maxspeed>
              <oneway>yes</oneway>
            </ns3:Extensions>
          </ns3:TrackPointExtension>
        </extensions>
      </trkpt>
      <trkpt lat="45.125989" lon="7.659523">
        <ele>240.75</ele>
        <extensions>
          <ns3:TrackPointExtension>
            <ns3:Extensions>
              <highway>secondary</highway>
              <surface>asphalt</surface>
              <maxspeed>40</maxspeed>
              <oneway>yes</oneway>
            </ns3:Extensions>
          </ns3:TrackPointExtension>
        </extensions>
      </trkpt>
      <trkpt lat="45.12682" lon="7.659194">
        <ele>241.75</ele>
        <extensions>
          <ns3:TrackPointExtension>
            <ns3:Extensions>
              <highway>secondary</highway>
              <surface>asphalt</surface>
              <maxspeed>40</maxspeed>
              <oneway>yes</oneway>
            </ns3:Extensions>
          </ns3:TrackPointExtension>
        </extensions>
      </trkpt>
      <trkpt lat="45.128595" lon="7.65848">
        <ele>241.5</ele>
        <extensions>
          <ns3:TrackPointExtension>
            <ns3:Extensions>
              <highway>secondary</highway>
              <surface>asphalt</surface>
              <maxspeed>40</maxspeed>
              <oneway>yes</oneway>
            </ns3:Extensions>
          </ns3:TrackPointExtension>
        </extensions>
      </trkpt>
      <trkpt lat="45.128874" lon="7.65832">
        <ele>241.75</ele>
        <extensions>
          <ns3:TrackPointExtension>
            <ns3:Extensions>
              <highway>secondary</highway>
              <surface>asphalt</surface>
              <maxspeed>40</maxspeed>
              <oneway>yes</oneway>
            </ns3:Extensions>
          </ns3:TrackPointExtension>
        </extensions>
      </trkpt>
      <trkpt lat="45.129095" lon="7.658151">
        <ele>241.75</ele>
        <extensions>
          <ns3:TrackPointExtension>
            <ns3:Extensions>
              <highway>secondary</highway>
              <surface>asphalt</surface>
              <maxspeed>40</maxspeed>
              <oneway>yes</oneway>
            </ns3:Extensions>
          </ns3:TrackPointExtension>
        </extensions>
      </trkpt>
      <trkpt lat="45.129389" lon="7.657891">
        <ele>241</ele>
        <extensions>
          <ns3:TrackPointExtension>
            <ns3:Extensions>
              <highway>secondary</highway>
              <surface>asphalt</surface>
              <maxspeed>40</maxspeed>
              <oneway>yes</oneway>
            </ns3:Extensions>
          </ns3:TrackPointExtension>
        </extensions>
      </trkpt>
      <trkpt lat="45.129775" lon="7.657551">
        <ele>240.25</ele>
        <extensions>
          <ns3:TrackPointExtension>
            <ns3:Extensions>
              <highway>secondary</highway>
              <surface>asphalt</surface>
              <maxspeed>40</maxspeed>
              <oneway>yes</oneway>
            </ns3:Extensions>
          </ns3:TrackPointExtension>
        </extensions>
      </trkpt>
      <trkpt lat="45.12986" lon="7.657518">
        <ele>240</ele>
        <extensions>
          <ns3:TrackPointExtension>
            <ns3:Extensions>
              <highway>secondary</highway>
              <surface>asphalt</surface>
              <maxspeed>40</maxspeed>
              <oneway>yes</oneway>
            </ns3:Extensions>
          </ns3:TrackPointExtension>
        </extensions>
      </trkpt>
      <trkpt lat="45.129896" lon="7.657515">
        <ele>240</ele>
        <extensions>
          <ns3:TrackPointExtension>
            <ns3:Extensions>
              <highway>secondary</highway>
              <surface>asphalt</surface>
              <maxspeed>40</maxspeed>
              <oneway>yes</oneway>
            </ns3:Extensions>
          </ns3:TrackPointExtension>
        </extensions>
      </trkpt>
      <trkpt lat="45.12994" lon="7.657523">
        <ele>240</ele>
        <extensions>
          <ns3:TrackPointExtension>
            <ns3:Extensions>
              <highway>secondary</highway>
              <surface>asphalt</surface>
              <maxspeed>40</maxspeed>
              <oneway>yes</oneway>
            </ns3:Extensions>
          </ns3:TrackPointExtension>
        </extensions>
      </trkpt>
      <trkpt lat="45.129994" lon="7.657545">
        <ele>240</ele>
        <extensions>
          <ns3:TrackPointExtension>
            <ns3:Extensions>
              <highway>secondary</highway>
              <surface>asphalt</surface>
              <maxspeed>40</maxspeed>
              <oneway>yes</oneway>
            </ns3:Extensions>
          </ns3:TrackPointExtension>
        </extensions>
      </trkpt>
      <trkpt lat="45.130034" lon="7.657572">
        <ele>240</ele>
        <extensions>
          <ns3:TrackPointExtension>
            <ns3:Extensions>
              <highway>secondary</highway>
              <surface>asphalt</surface>
              <maxspeed>40</maxspeed>
              <oneway>yes</oneway>
            </ns3:Extensions>
          </ns3:TrackPointExtension>
        </extensions>
      </trkpt>
      <trkpt lat="45.130052" lon="7.657599">
        <ele>240</ele>
        <extensions>
          <ns3:TrackPointExtension>
            <ns3:Extensions>
              <highway>secondary</highway>
              <surface>asphalt</surface>
              <maxspeed>40</maxspeed>
              <oneway>yes</oneway>
            </ns3:Extensions>
          </ns3:TrackPointExtension>
        </extensions>
      </trkpt>
      <trkpt lat="45.130067" lon="7.657619">
        <ele>240.25</ele>
        <extensions>
          <ns3:TrackPointExtension>
            <ns3:Extensions>
              <highway>secondary</highway>
              <surface>asphalt</surface>
              <maxspeed>40</maxspeed>
              <oneway>yes</oneway>
            </ns3:Extensions>
          </ns3:TrackPointExtension>
        </extensions>
      </trkpt>
      <trkpt lat="45.130096" lon="7.65769">
        <ele>240.25</ele>
        <extensions>
          <ns3:TrackPointExtension>
            <ns3:Extensions>
              <highway>secondary</highway>
              <surface>asphalt</surface>
              <maxspeed>40</maxspeed>
              <oneway>yes</oneway>
            </ns3:Extensions>
          </ns3:TrackPointExtension>
        </extensions>
      </trkpt>
      <trkpt lat="45.130117" lon="7.657784">
        <ele>240.5</ele>
        <extensions>
          <ns3:TrackPointExtension>
            <ns3:Extensions>
              <highway>secondary</highway>
              <surface>asphalt</surface>
              <maxspeed>40</maxspeed>
              <junction>roundabout</junction>
            </ns3:Extensions>
          </ns3:TrackPointExtension>
        </extensions>
      </trkpt>
      <trkpt lat="45.130133" lon="7.657985">
        <ele>240.5</ele>
        <extensions>
          <ns3:TrackPointExtension>
            <ns3:Extensions>
              <highway>secondary</highway>
              <surface>asphalt</surface>
              <maxspeed>40</maxspeed>
              <junction>roundabout</junction>
            </ns3:Extensions>
          </ns3:TrackPointExtension>
        </extensions>
      </trkpt>
      <trkpt lat="45.130171" lon="7.658117">
        <ele>240.75</ele>
        <extensions>
          <ns3:TrackPointExtension>
            <ns3:Extensions>
              <highway>secondary</highway>
              <surface>asphalt</surface>
              <maxspeed>40</maxspeed>
              <junction>roundabout</junction>
            </ns3:Extensions>
          </ns3:TrackPointExtension>
        </extensions>
      </trkpt>
      <trkpt lat="45.130229" lon="7.658235">
        <ele>240.75</ele>
        <extensions>
          <ns3:TrackPointExtension>
            <ns3:Extensions>
              <highway>secondary</highway>
              <surface>asphalt</surface>
              <maxspeed>40</maxspeed>
              <junction>roundabout</junction>
            </ns3:Extensions>
          </ns3:TrackPointExtension>
        </extensions>
      </trkpt>
      <trkpt lat="45.130304" lon="7.65833">
        <ele>240.75</ele>
        <extensions>
          <ns3:TrackPointExtension>
            <ns3:Extensions>
              <highway>secondary</highway>
              <surface>asphalt</surface>
              <maxspeed>40</maxspeed>
              <junction>roundabout</junction>
            </ns3:Extensions>
          </ns3:TrackPointExtension>
        </extensions>
      </trkpt>
      <trkpt lat="45.130392" lon="7.6584">
        <ele>240.75</ele>
        <extensions>
          <ns3:TrackPointExtension>
            <ns3:Extensions>
              <highway>secondary</highway>
              <surface>asphalt</surface>
              <maxspeed>40</maxspeed>
              <junction>roundabout</junction>
            </ns3:Extensions>
          </ns3:TrackPointExtension>
        </extensions>
      </trkpt>
      <trkpt lat="45.130489" lon="7.658439">
        <ele>240.75</ele>
        <extensions>
          <ns3:TrackPointExtension>
            <ns3:Extensions>
              <highway>secondary</highway>
              <surface>asphalt</surface>
              <maxspeed>40</maxspeed>
              <junction>roundabout</junction>
            </ns3:Extensions>
          </ns3:TrackPointExtension>
        </extensions>
      </trkpt>
      <trkpt lat="45.13059" lon="7.658447">
        <ele>240.75</ele>
        <extensions>
          <ns3:TrackPointExtension>
            <ns3:Extensions>
              <highway>secondary</highway>
              <surface>asphalt</surface>
              <maxspeed>40</maxspeed>
              <junction>roundabout</junction>
            </ns3:Extensions>
          </ns3:TrackPointExtension>
        </extensions>
      </trkpt>
      <trkpt lat="45.130707" lon="7.658415">
        <ele>240.75</ele>
        <extensions>
          <ns3:TrackPointExtension>
            <ns3:Extensions>
              <highway>tertiary</highway>
              <surface>asphalt</surface>
              <maxspeed>40</maxspeed>
              <oneway>yes</oneway>
            </ns3:Extensions>
          </ns3:TrackPointExtension>
        </extensions>
      </trkpt>
      <trkpt lat="45.130791" lon="7.658412">
        <ele>240.75</ele>
        <extensions>
          <ns3:TrackPointExtension>
            <ns3:Extensions>
              <highway>tertiary</highway>
              <surface>asphalt</surface>
              <maxspeed>40</maxspeed>
              <oneway>yes</oneway>
            </ns3:Extensions>
          </ns3:TrackPointExtension>
        </extensions>
      </trkpt>
      <trkpt lat="45.130857" lon="7.658422">
        <ele>240.75</ele>
        <extensions>
          <ns3:TrackPointExtension>
            <ns3:Extensions>
              <highway>tertiary</highway>
              <surface>asphalt</surface>
              <maxspeed>40</maxspeed>
              <oneway>yes</oneway>
            </ns3:Extensions>
          </ns3:TrackPointExtension>
        </extensions>
      </trkpt>
      <trkpt lat="45.130968" lon="7.658472">
        <ele>241</ele>
        <extensions>
          <ns3:TrackPointExtension>
            <ns3:Extensions>
              <highway>tertiary</highway>
              <surface>asphalt</surface>
              <maxspeed>40</maxspeed>
              <oneway>yes</oneway>
            </ns3:Extensions>
          </ns3:TrackPointExtension>
        </extensions>
      </trkpt>
      <trkpt lat="45.131113" lon="7.658506">
        <ele>241</ele>
        <extensions>
          <ns3:TrackPointExtension>
            <ns3:Extensions>
              <highway>tertiary</highway>
              <surface>asphalt</surface>
              <maxspeed>40</maxspeed>
              <oneway>yes</oneway>
            </ns3:Extensions>
          </ns3:TrackPointExtension>
        </extensions>
      </trkpt>
      <trkpt lat="45.131116" lon="7.658507">
        <ele>241.25</ele>
        <extensions>
          <ns3:TrackPointExtension>
            <ns3:Extensions>
              <highway>tertiary</highway>
              <surface>asphalt</surface>
              <maxspeed>40</maxspeed>
              <oneway>yes</oneway>
            </ns3:Extensions>
          </ns3:TrackPointExtension>
        </extensions>
      </trkpt>
      <trkpt lat="45.131175" lon="7.658504">
        <ele>241.25</ele>
        <extensions>
          <ns3:TrackPointExtension>
            <ns3:Extensions>
              <highway>tertiary</highway>
              <surface>asphalt</surface>
              <maxspeed>40</maxspeed>
              <oneway>yes</oneway>
            </ns3:Extensions>
          </ns3:TrackPointExtension>
        </extensions>
      </trkpt>
      <trkpt lat="45.131223" lon="7.658489">
        <ele>241.25</ele>
        <extensions>
          <ns3:TrackPointExtension>
            <ns3:Extensions>
              <highway>tertiary</highway>
              <surface>asphalt</surface>
              <maxspeed>40</maxspeed>
            </ns3:Extensions>
          </ns3:TrackPointExtension>
        </extensions>
      </trkpt>
      <trkpt lat="45.131266" lon="7.658488">
        <ele>241.5</ele>
        <extensions>
          <ns3:TrackPointExtension>
            <ns3:Extensions>
              <highway>tertiary</highway>
              <surface>asphalt</surface>
              <maxspeed>40</maxspeed>
            </ns3:Extensions>
          </ns3:TrackPointExtension>
        </extensions>
      </trkpt>
      <trkpt lat="45.131354" lon="7.658445">
        <ele>241.5</ele>
        <extensions>
          <ns3:TrackPointExtension>
            <ns3:Extensions>
              <highway>tertiary</highway>
              <surface>asphalt</surface>
              <maxspeed>40</maxspeed>
            </ns3:Extensions>
          </ns3:TrackPointExtension>
        </extensions>
      </trkpt>
      <trkpt lat="45.131441" lon="7.658333">
        <ele>241.5</ele>
        <extensions>
          <ns3:TrackPointExtension>
            <ns3:Extensions>
              <highway>tertiary</highway>
              <surface>asphalt</surface>
              <maxspeed>40</maxspeed>
            </ns3:Extensions>
          </ns3:TrackPointExtension>
        </extensions>
      </trkpt>
      <trkpt lat="45.131473" lon="7.658252">
        <ele>241.5</ele>
        <extensions>
          <ns3:TrackPointExtension>
            <ns3:Extensions>
              <highway>tertiary</highway>
              <surface>asphalt</surface>
              <maxspeed>40</maxspeed>
            </ns3:Extensions>
          </ns3:TrackPointExtension>
        </extensions>
      </trkpt>
      <trkpt lat="45.131511" lon="7.658093">
        <ele>241.25</ele>
        <extensions>
          <ns3:TrackPointExtension>
            <ns3:Extensions>
              <highway>tertiary</highway>
              <surface>asphalt</surface>
              <maxspeed>40</maxspeed>
            </ns3:Extensions>
          </ns3:TrackPointExtension>
        </extensions>
      </trkpt>
      <trkpt lat="45.131591" lon="7.657616">
        <ele>240.25</ele>
        <extensions>
          <ns3:TrackPointExtension>
            <ns3:Extensions>
              <highway>tertiary</highway>
              <surface>asphalt</surface>
              <maxspeed>40</maxspeed>
            </ns3:Extensions>
          </ns3:TrackPointExtension>
        </extensions>
      </trkpt>
      <trkpt lat="45.131616" lon="7.657529">
        <ele>240</ele>
        <extensions>
          <ns3:TrackPointExtension>
            <ns3:Extensions>
              <highway>tertiary</highway>
              <surface>asphalt</surface>
              <maxspeed>40</maxspeed>
            </ns3:Extensions>
          </ns3:TrackPointExtension>
        </extensions>
      </trkpt>
      <trkpt lat="45.131642" lon="7.65746">
        <ele>240</ele>
        <extensions>
          <ns3:TrackPointExtension>
            <ns3:Extensions>
              <highway>tertiary</highway>
              <surface>asphalt</surface>
              <maxspeed>40</maxspeed>
            </ns3:Extensions>
          </ns3:TrackPointExtension>
        </extensions>
      </trkpt>
      <trkpt lat="45.13168" lon="7.657382">
        <ele>240.25</ele>
        <extensions>
          <ns3:TrackPointExtension>
            <ns3:Extensions>
              <highway>tertiary</highway>
              <surface>asphalt</surface>
              <maxspeed>40</maxspeed>
            </ns3:Extensions>
          </ns3:TrackPointExtension>
        </extensions>
      </trkpt>
      <trkpt lat="45.131764" lon="7.657275">
        <ele>240.5</ele>
        <extensions>
          <ns3:TrackPointExtension>
            <ns3:Extensions>
              <highway>tertiary</highway>
              <surface>asphalt</surface>
              <maxspeed>40</maxspeed>
            </ns3:Extensions>
          </ns3:TrackPointExtension>
        </extensions>
      </trkpt>
      <trkpt lat="45.131896" lon="7.657155">
        <ele>240.75</ele>
        <extensions>
          <ns3:TrackPointExtension>
            <ns3:Extensions>
              <highway>tertiary</highway>
              <surface>asphalt</surface>
              <maxspeed>40</maxspeed>
            </ns3:Extensions>
          </ns3:TrackPointExtension>
        </extensions>
      </trkpt>
      <trkpt lat="45.131991" lon="7.657092">
        <ele>240.75</ele>
        <extensions>
          <ns3:TrackPointExtension>
            <ns3:Extensions>
              <highway>tertiary</highway>
              <surface>asphalt</surface>
              <maxspeed>40</maxspeed>
            </ns3:Extensions>
          </ns3:TrackPointExtension>
        </extensions>
      </trkpt>
      <trkpt lat="45.132725" lon="7.656798">
        <ele>240.5</ele>
        <extensions>
          <ns3:TrackPointExtension>
            <ns3:Extensions>
              <highway>tertiary</highway>
              <surface>asphalt</surface>
              <maxspeed>40</maxspeed>
            </ns3:Extensions>
          </ns3:TrackPointExtension>
        </extensions>
      </trkpt>
      <trkpt lat="45.132944" lon="7.656705">
        <ele>241</ele>
        <extensions>
          <ns3:TrackPointExtension>
            <ns3:Extensions>
              <highway>tertiary</highway>
              <surface>asphalt</surface>
              <maxspeed>40</maxspeed>
            </ns3:Extensions>
          </ns3:TrackPointExtension>
        </extensions>
      </trkpt>
      <trkpt lat="45.133086" lon="7.656645">
        <ele>241.25</ele>
        <extensions>
          <ns3:TrackPointExtension>
            <ns3:Extensions>
              <highway>tertiary</highway>
              <surface>asphalt</surface>
              <maxspeed>40</maxspeed>
            </ns3:Extensions>
          </ns3:TrackPointExtension>
        </extensions>
      </trkpt>
      <trkpt lat="45.133295" lon="7.656565">
        <ele>242.25</ele>
        <extensions>
          <ns3:TrackPointExtension>
            <ns3:Extensions>
              <highway>tertiary</highway>
              <surface>asphalt</surface>
              <maxspeed>40</maxspeed>
            </ns3:Extensions>
          </ns3:TrackPointExtension>
        </extensions>
      </trkpt>
      <trkpt lat="45.133557" lon="7.656478">
        <ele>243.25</ele>
        <extensions>
          <ns3:TrackPointExtension>
            <ns3:Extensions>
              <highway>tertiary</highway>
              <surface>asphalt</surface>
              <maxspeed>40</maxspeed>
            </ns3:Extensions>
          </ns3:TrackPointExtension>
        </extensions>
      </trkpt>
      <trkpt lat="45.133658" lon="7.656453">
        <ele>243.75</ele>
        <extensions>
          <ns3:TrackPointExtension>
            <ns3:Extensions>
              <highway>tertiary</highway>
              <surface>asphalt</surface>
              <maxspeed>40</maxspeed>
            </ns3:Extensions>
          </ns3:TrackPointExtension>
        </extensions>
      </trkpt>
      <trkpt lat="45.133702" lon="7.656441">
        <ele>243.75</ele>
        <extensions>
          <ns3:TrackPointExtension>
            <ns3:Extensions>
              <highway>tertiary</highway>
              <surface>asphalt</surface>
              <maxspeed>40</maxspeed>
            </ns3:Extensions>
          </ns3:TrackPointExtension>
        </extensions>
      </trkpt>
      <trkpt lat="45.133834" lon="7.656408">
        <ele>244.25</ele>
        <extensions>
          <ns3:TrackPointExtension>
            <ns3:Extensions>
              <highway>tertiary</highway>
              <surface>asphalt</surface>
              <maxspeed>40</maxspeed>
            </ns3:Extensions>
          </ns3:TrackPointExtension>
        </extensions>
      </trkpt>
      <trkpt lat="45.133973" lon="7.656367">
        <ele>244.5</ele>
        <extensions>
          <ns3:TrackPointExtension>
            <ns3:Extensions>
              <highway>tertiary</highway>
              <surface>asphalt</surface>
              <maxspeed>40</maxspeed>
            </ns3:Extensions>
          </ns3:TrackPointExtension>
        </extensions>
      </trkpt>
      <trkpt lat="45.134116" lon="7.65633">
        <ele>244.75</ele>
        <extensions>
          <ns3:TrackPointExtension>
            <ns3:Extensions>
              <highway>tertiary</highway>
              <surface>asphalt</surface>
              <maxspeed>40</maxspeed>
            </ns3:Extensions>
          </ns3:TrackPointExtension>
        </extensions>
      </trkpt>
      <trkpt lat="45.134262" lon="7.656302">
        <ele>245</ele>
        <extensions>
          <ns3:TrackPointExtension>
            <ns3:Extensions>
              <highway>tertiary</highway>
              <surface>asphalt</surface>
              <maxspeed>40</maxspeed>
            </ns3:Extensions>
          </ns3:TrackPointExtension>
        </extensions>
      </trkpt>
      <trkpt lat="45.134419" lon="7.656273">
        <ele>245</ele>
        <extensions>
          <ns3:TrackPointExtension>
            <ns3:Extensions>
              <highway>tertiary</highway>
              <surface>asphalt</surface>
              <maxspeed>40</maxspeed>
            </ns3:Extensions>
          </ns3:TrackPointExtension>
        </extensions>
      </trkpt>
      <trkpt lat="45.134623" lon="7.656243">
        <ele>244.75</ele>
        <extensions>
          <ns3:TrackPointExtension>
            <ns3:Extensions>
              <highway>tertiary</highway>
              <surface>asphalt</surface>
              <maxspeed>40</maxspeed>
            </ns3:Extensions>
          </ns3:TrackPointExtension>
        </extensions>
      </trkpt>
      <trkpt lat="45.134736" lon="7.656231">
        <ele>244.75</ele>
        <extensions>
          <ns3:TrackPointExtension>
            <ns3:Extensions>
              <highway>tertiary</highway>
              <surface>asphalt</surface>
              <maxspeed>50</maxspeed>
            </ns3:Extensions>
          </ns3:TrackPointExtension>
        </extensions>
      </trkpt>
      <trkpt lat="45.134817" lon="7.656224">
        <ele>244.75</ele>
        <extensions>
          <ns3:TrackPointExtension>
            <ns3:Extensions>
              <highway>tertiary</highway>
              <surface>asphalt</surface>
              <maxspeed>50</maxspeed>
            </ns3:Extensions>
          </ns3:TrackPointExtension>
        </extensions>
      </trkpt>
      <trkpt lat="45.134915" lon="7.656219">
        <ele>244.75</ele>
        <extensions>
          <ns3:TrackPointExtension>
            <ns3:Extensions>
              <highway>tertiary</highway>
              <surface>asphalt</surface>
              <maxspeed>50</maxspeed>
            </ns3:Extensions>
          </ns3:TrackPointExtension>
        </extensions>
      </trkpt>
      <trkpt lat="45.138141" lon="7.655943">
        <ele>248</ele>
        <extensions>
          <ns3:TrackPointExtension>
            <ns3:Extensions>
              <highway>tertiary</highway>
              <surface>asphalt</surface>
              <maxspeed>50</maxspeed>
            </ns3:Extensions>
          </ns3:TrackPointExtension>
        </extensions>
      </trkpt>
      <trkpt lat="45.139232" lon="7.655848">
        <ele>248</ele>
        <extensions>
          <ns3:TrackPointExtension>
            <ns3:Extensions>
              <highway>tertiary</highway>
              <surface>asphalt</surface>
              <maxspeed>50</maxspeed>
            </ns3:Extensions>
          </ns3:TrackPointExtension>
        </extensions>
      </trkpt>
      <trkpt lat="45.140207" lon="7.655775">
        <ele>248.25</ele>
        <extensions>
          <ns3:TrackPointExtension>
            <ns3:Extensions>
              <highway>tertiary</highway>
              <surface>asphalt</surface>
              <maxspeed>40</maxspeed>
              <oneway>yes</oneway>
            </ns3:Extensions>
          </ns3:TrackPointExtension>
        </extensions>
      </trkpt>
      <trkpt lat="45.140339" lon="7.655816">
        <ele>248.25</ele>
        <extensions>
          <ns3:TrackPointExtension>
            <ns3:Extensions>
              <highway>tertiary</highway>
              <surface>asphalt</surface>
              <maxspeed>40</maxspeed>
              <oneway>yes</oneway>
            </ns3:Extensions>
          </ns3:TrackPointExtension>
        </extensions>
      </trkpt>
      <trkpt lat="45.140387" lon="7.655846">
        <ele>248.25</ele>
        <extensions>
          <ns3:TrackPointExtension>
            <ns3:Extensions>
              <highway>tertiary</highway>
              <surface>asphalt</surface>
              <maxspeed>40</maxspeed>
              <junction>roundabout</junction>
            </ns3:Extensions>
          </ns3:TrackPointExtension>
        </extensions>
      </trkpt>
      <trkpt lat="45.140421" lon="7.655884">
        <ele>248.5</ele>
        <extensions>
          <ns3:TrackPointExtension>
            <ns3:Extensions>
              <highway>tertiary</highway>
              <surface>asphalt</surface>
              <maxspeed>40</maxspeed>
              <junction>roundabout</junction>
            </ns3:Extensions>
          </ns3:TrackPointExtension>
        </extensions>
      </trkpt>
      <trkpt lat="45.140452" lon="7.655899">
        <ele>248.5</ele>
        <extensions>
          <ns3:TrackPointExtension>
            <ns3:Extensions>
              <highway>tertiary</highway>
              <surface>asphalt</surface>
              <maxspeed>40</maxspeed>
              <junction>roundabout</junction>
            </ns3:Extensions>
          </ns3:TrackPointExtension>
        </extensions>
      </trkpt>
      <trkpt lat="45.140485" lon="7.655901">
        <ele>248.5</ele>
        <extensions>
          <ns3:TrackPointExtension>
            <ns3:Extensions>
              <highway>tertiary</highway>
              <surface>asphalt</surface>
              <maxspeed>40</maxspeed>
              <junction>roundabout</junction>
            </ns3:Extensions>
          </ns3:TrackPointExtension>
        </extensions>
      </trkpt>
      <trkpt lat="45.140517" lon="7.655888">
        <ele>248.5</ele>
        <extensions>
          <ns3:TrackPointExtension>
            <ns3:Extensions>
              <highway>tertiary</highway>
              <surface>asphalt</surface>
              <maxspeed>40</maxspeed>
              <junction>roundabout</junction>
            </ns3:Extensions>
          </ns3:TrackPointExtension>
        </extensions>
      </trkpt>
      <trkpt lat="45.140545" lon="7.655863">
        <ele>248.5</ele>
        <extensions>
          <ns3:TrackPointExtension>
            <ns3:Extensions>
              <highway>tertiary</highway>
              <surface>asphalt</surface>
              <maxspeed>40</maxspeed>
              <junction>roundabout</junction>
            </ns3:Extensions>
          </ns3:TrackPointExtension>
        </extensions>
      </trkpt>
      <trkpt lat="45.140566" lon="7.65583">
        <ele>248.5</ele>
        <extensions>
          <ns3:TrackPointExtension>
            <ns3:Extensions>
              <highway>tertiary</highway>
              <surface>asphalt</surface>
              <maxspeed>40</maxspeed>
              <junction>roundabout</junction>
            </ns3:Extensions>
          </ns3:TrackPointExtension>
        </extensions>
      </trkpt>
      <trkpt lat="45.140579" lon="7.65579">
        <ele>248.5</ele>
        <extensions>
          <ns3:TrackPointExtension>
            <ns3:Extensions>
              <highway>tertiary</highway>
              <surface>asphalt</surface>
              <maxspeed>40</maxspeed>
              <oneway>yes</oneway>
            </ns3:Extensions>
          </ns3:TrackPointExtension>
        </extensions>
      </trkpt>
      <trkpt lat="45.140747" lon="7.655719">
        <ele>248.75</ele>
        <extensions>
          <ns3:TrackPointExtension>
            <ns3:Extensions>
              <reversedirection>yes</reversedirection>
              <highway>tertiary</highway>
              <surface>asphalt</surface>
              <maxspeed>40</maxspeed>
            </ns3:Extensions>
          </ns3:TrackPointExtension>
        </extensions>
      </trkpt>
      <trkpt lat="45.141896" lon="7.655618">
        <ele>251.5</ele>
        <extensions>
          <ns3:TrackPointExtension>
            <ns3:Extensions>
              <reversedirection>yes</reversedirection>
              <highway>tertiary</highway>
              <surface>asphalt</surface>
              <maxspeed>40</maxspeed>
            </ns3:Extensions>
          </ns3:TrackPointExtension>
        </extensions>
      </trkpt>
      <trkpt lat="45.142018" lon="7.655608">
        <ele>251.5</ele>
        <extensions>
          <ns3:TrackPointExtension>
            <ns3:Extensions>
              <reversedirection>yes</reversedirection>
              <highway>tertiary</highway>
              <surface>asphalt</surface>
              <maxspeed>40</maxspeed>
            </ns3:Extensions>
          </ns3:TrackPointExtension>
        </extensions>
      </trkpt>
      <trkpt lat="45.142501" lon="7.655566">
        <ele>252.25</ele>
        <extensions>
          <ns3:TrackPointExtension>
            <ns3:Extensions>
              <reversedirection>yes</reversedirection>
              <highway>tertiary</highway>
              <surface>asphalt</surface>
              <maxspeed>40</maxspeed>
            </ns3:Extensions>
          </ns3:TrackPointExtension>
        </extensions>
      </trkpt>
      <trkpt lat="45.142999" lon="7.655523">
        <ele>251.75</ele>
        <extensions>
          <ns3:TrackPointExtension>
            <ns3:Extensions>
              <reversedirection>yes</reversedirection>
              <highway>tertiary</highway>
              <surface>asphalt</surface>
              <maxspeed>50</maxspeed>
            </ns3:Extensions>
          </ns3:TrackPointExtension>
        </extensions>
      </trkpt>
      <trkpt lat="45.143343" lon="7.655495">
        <ele>251.5</ele>
        <extensions>
          <ns3:TrackPointExtension>
            <ns3:Extensions>
              <reversedirection>yes</reversedirection>
              <highway>tertiary</highway>
              <surface>asphalt</surface>
              <maxspeed>50</maxspeed>
            </ns3:Extensions>
          </ns3:TrackPointExtension>
        </extensions>
      </trkpt>
      <trkpt lat="45.14351" lon="7.655483">
        <ele>251.5</ele>
        <extensions>
          <ns3:TrackPointExtension>
            <ns3:Extensions>
              <reversedirection>yes</reversedirection>
              <highway>tertiary</highway>
              <surface>asphalt</surface>
              <maxspeed>50</maxspeed>
            </ns3:Extensions>
          </ns3:TrackPointExtension>
        </extensions>
      </trkpt>
      <trkpt lat="45.143999" lon="7.65545">
        <ele>251.5</ele>
        <extensions>
          <ns3:TrackPointExtension>
            <ns3:Extensions>
              <reversedirection>yes</reversedirection>
              <highway>tertiary</highway>
              <surface>asphalt</surface>
              <maxspeed>50</maxspeed>
            </ns3:Extensions>
          </ns3:TrackPointExtension>
        </extensions>
      </trkpt>
      <trkpt lat="45.14462" lon="7.655365">
        <ele>251.75</ele>
        <extensions>
          <ns3:TrackPointExtension>
            <ns3:Extensions>
              <reversedirection>yes</reversedirection>
              <highway>tertiary</highway>
              <surface>asphalt</surface>
              <maxspeed>50</maxspeed>
            </ns3:Extensions>
          </ns3:TrackPointExtension>
        </extensions>
      </trkpt>
      <trkpt lat="45.144743" lon="7.655378">
        <ele>252</ele>
        <extensions>
          <ns3:TrackPointExtension>
            <ns3:Extensions>
              <highway>tertiary</highway>
              <surface>asphalt</surface>
              <junction>roundabout</junction>
            </ns3:Extensions>
          </ns3:TrackPointExtension>
        </extensions>
      </trkpt>
      <trkpt lat="45.144759" lon="7.655441">
        <ele>252.25</ele>
        <extensions>
          <ns3:TrackPointExtension>
            <ns3:Extensions>
              <highway>tertiary</highway>
              <surface>asphalt</surface>
              <junction>roundabout</junction>
            </ns3:Extensions>
          </ns3:TrackPointExtension>
        </extensions>
      </trkpt>
      <trkpt lat="45.144792" lon="7.65549">
        <ele>252.25</ele>
        <extensions>
          <ns3:TrackPointExtension>
            <ns3:Extensions>
              <highway>tertiary</highway>
              <surface>asphalt</surface>
              <junction>roundabout</junction>
            </ns3:Extensions>
          </ns3:TrackPointExtension>
        </extensions>
      </trkpt>
      <trkpt lat="45.144835" lon="7.655517">
        <ele>252.25</ele>
        <extensions>
          <ns3:TrackPointExtension>
            <ns3:Extensions>
              <highway>tertiary</highway>
              <surface>asphalt</surface>
              <junction>roundabout</junction>
            </ns3:Extensions>
          </ns3:TrackPointExtension>
        </extensions>
      </trkpt>
      <trkpt lat="45.144883" lon="7.655517">
        <ele>252.5</ele>
        <extensions>
          <ns3:TrackPointExtension>
            <ns3:Extensions>
              <highway>tertiary</highway>
              <surface>asphalt</surface>
              <junction>roundabout</junction>
            </ns3:Extensions>
          </ns3:TrackPointExtension>
        </extensions>
      </trkpt>
      <trkpt lat="45.144912" lon="7.655503">
        <ele>252.5</ele>
        <extensions>
          <ns3:TrackPointExtension>
            <ns3:Extensions>
              <highway>tertiary</highway>
              <surface>asphalt</surface>
              <junction>roundabout</junction>
            </ns3:Extensions>
          </ns3:TrackPointExtension>
        </extensions>
      </trkpt>
      <trkpt lat="45.144938" lon="7.655479">
        <ele>252.5</ele>
        <extensions>
          <ns3:TrackPointExtension>
            <ns3:Extensions>
              <highway>tertiary</highway>
              <surface>asphalt</surface>
              <junction>roundabout</junction>
            </ns3:Extensions>
          </ns3:TrackPointExtension>
        </extensions>
      </trkpt>
      <trkpt lat="45.144958" lon="7.655445">
        <ele>252.25</ele>
        <extensions>
          <ns3:TrackPointExtension>
            <ns3:Extensions>
              <highway>tertiary</highway>
              <surface>asphalt</surface>
              <junction>roundabout</junction>
            </ns3:Extensions>
          </ns3:TrackPointExtension>
        </extensions>
      </trkpt>
      <trkpt lat="45.144971" lon="7.655406">
        <ele>252.25</ele>
        <extensions>
          <ns3:TrackPointExtension>
            <ns3:Extensions>
              <highway>tertiary</highway>
              <surface>asphalt</surface>
              <junction>roundabout</junction>
            </ns3:Extensions>
          </ns3:TrackPointExtension>
        </extensions>
      </trkpt>
      <trkpt lat="45.144977" lon="7.655363">
        <ele>252.25</ele>
        <extensions>
          <ns3:TrackPointExtension>
            <ns3:Extensions>
              <reversedirection>yes</reversedirection>
              <highway>tertiary</highway>
              <surface>asphalt</surface>
              <maxspeed>50</maxspeed>
            </ns3:Extensions>
          </ns3:TrackPointExtension>
        </extensions>
      </trkpt>
      <trkpt lat="45.145093" lon="7.655356">
        <ele>252.25</ele>
        <extensions>
          <ns3:TrackPointExtension>
            <ns3:Extensions>
              <reversedirection>yes</reversedirection>
              <highway>tertiary</highway>
              <surface>asphalt</surface>
              <maxspeed>50</maxspeed>
            </ns3:Extensions>
          </ns3:TrackPointExtension>
        </extensions>
      </trkpt>
      <trkpt lat="45.145455" lon="7.655326">
        <ele>252.5</ele>
        <extensions>
          <ns3:TrackPointExtension>
            <ns3:Extensions>
              <reversedirection>yes</reversedirection>
              <highway>tertiary</highway>
              <surface>asphalt</surface>
              <maxspeed>50</maxspeed>
            </ns3:Extensions>
          </ns3:TrackPointExtension>
        </extensions>
      </trkpt>
      <trkpt lat="45.145979" lon="7.655268">
        <ele>253</ele>
        <extensions>
          <ns3:TrackPointExtension>
            <ns3:Extensions>
              <reversedirection>yes</reversedirection>
              <highway>tertiary</highway>
              <surface>asphalt</surface>
              <maxspeed>50</maxspeed>
            </ns3:Extensions>
          </ns3:TrackPointExtension>
        </extensions>
      </trkpt>
      <trkpt lat="45.146182" lon="7.655253">
        <ele>253.5</ele>
        <extensions>
          <ns3:TrackPointExtension>
            <ns3:Extensions>
              <highway>tertiary</highway>
              <surface>asphalt</surface>
              <maxspeed>40</maxspeed>
              <oneway>yes</oneway>
            </ns3:Extensions>
          </ns3:TrackPointExtension>
        </extensions>
      </trkpt>
      <trkpt lat="45.146385" lon="7.655339">
        <ele>253.75</ele>
        <extensions>
          <ns3:TrackPointExtension>
            <ns3:Extensions>
              <highway>tertiary</highway>
              <surface>asphalt</surface>
              <maxspeed>40</maxspeed>
              <junction>roundabout</junction>
            </ns3:Extensions>
          </ns3:TrackPointExtension>
        </extensions>
      </trkpt>
      <trkpt lat="45.146418" lon="7.65538">
        <ele>253.75</ele>
        <extensions>
          <ns3:TrackPointExtension>
            <ns3:Extensions>
              <highway>tertiary</highway>
              <surface>asphalt</surface>
              <maxspeed>40</maxspeed>
              <junction>roundabout</junction>
            </ns3:Extensions>
          </ns3:TrackPointExtension>
        </extensions>
      </trkpt>
      <trkpt lat="45.146441" lon="7.655391">
        <ele>253.75</ele>
        <extensions>
          <ns3:TrackPointExtension>
            <ns3:Extensions>
              <highway>tertiary</highway>
              <surface>asphalt</surface>
              <maxspeed>40</maxspeed>
              <junction>roundabout</junction>
            </ns3:Extensions>
          </ns3:TrackPointExtension>
        </extensions>
      </trkpt>
      <trkpt lat="45.146463" lon="7.65539">
        <ele>253.75</ele>
        <extensions>
          <ns3:TrackPointExtension>
            <ns3:Extensions>
              <highway>tertiary</highway>
              <surface>asphalt</surface>
              <maxspeed>40</maxspeed>
              <junction>roundabout</junction>
            </ns3:Extensions>
          </ns3:TrackPointExtension>
        </extensions>
      </trkpt>
      <trkpt lat="45.146505" lon="7.655357">
        <ele>253.75</ele>
        <extensions>
          <ns3:TrackPointExtension>
            <ns3:Extensions>
              <highway>tertiary</highway>
              <surface>asphalt</surface>
              <maxspeed>40</maxspeed>
              <junction>roundabout</junction>
            </ns3:Extensions>
          </ns3:TrackPointExtension>
        </extensions>
      </trkpt>
      <trkpt lat="45.146519" lon="7.655328">
        <ele>253.75</ele>
        <extensions>
          <ns3:TrackPointExtension>
            <ns3:Extensions>
              <highway>tertiary</highway>
              <surface>asphalt</surface>
              <maxspeed>40</maxspeed>
              <oneway>yes</oneway>
            </ns3:Extensions>
          </ns3:TrackPointExtension>
        </extensions>
      </trkpt>
      <trkpt lat="45.146657" lon="7.65522">
        <ele>254.25</ele>
        <extensions>
          <ns3:TrackPointExtension>
            <ns3:Extensions>
              <reversedirection>yes</reversedirection>
              <highway>tertiary</highway>
              <surface>asphalt</surface>
              <maxspeed>50</maxspeed>
            </ns3:Extensions>
          </ns3:TrackPointExtension>
        </extensions>
      </trkpt>
      <trkpt lat="45.14688" lon="7.655189">
        <ele>254.75</ele>
        <extensions>
          <ns3:TrackPointExtension>
            <ns3:Extensions>
              <reversedirection>yes</reversedirection>
              <highway>tertiary</highway>
              <surface>asphalt</surface>
              <maxspeed>50</maxspeed>
            </ns3:Extensions>
          </ns3:TrackPointExtension>
        </extensions>
      </trkpt>
      <trkpt lat="45.147334" lon="7.655151">
        <ele>255.5</ele>
        <extensions>
          <ns3:TrackPointExtension>
            <ns3:Extensions>
              <reversedirection>yes</reversedirection>
              <highway>tertiary</highway>
              <surface>asphalt</surface>
              <maxspeed>50</maxspeed>
            </ns3:Extensions>
          </ns3:TrackPointExtension>
        </extensions>
      </trkpt>
      <trkpt lat="45.148052" lon="7.655106">
        <ele>255.5</ele>
        <extensions>
          <ns3:TrackPointExtension>
            <ns3:Extensions>
              <highway>tertiary</highway>
              <surface>asphalt</surface>
              <maxspeed>50</maxspeed>
              <oneway>yes</oneway>
            </ns3:Extensions>
          </ns3:TrackPointExtension>
        </extensions>
      </trkpt>
      <trkpt lat="45.148213" lon="7.655132">
        <ele>255.25</ele>
        <extensions>
          <ns3:TrackPointExtension>
            <ns3:Extensions>
              <highway>tertiary</highway>
              <surface>asphalt</surface>
              <maxspeed>50</maxspeed>
              <oneway>yes</oneway>
            </ns3:Extensions>
          </ns3:TrackPointExtension>
        </extensions>
      </trkpt>
      <trkpt lat="45.148317" lon="7.655168">
        <ele>255.25</ele>
        <extensions>
          <ns3:TrackPointExtension>
            <ns3:Extensions>
              <highway>tertiary</highway>
              <surface>asphalt</surface>
              <maxspeed>40</maxspeed>
              <junction>roundabout</junction>
            </ns3:Extensions>
          </ns3:TrackPointExtension>
        </extensions>
      </trkpt>
      <trkpt lat="45.148351" lon="7.655207">
        <ele>255.5</ele>
        <extensions>
          <ns3:TrackPointExtension>
            <ns3:Extensions>
              <highway>tertiary</highway>
              <surface>asphalt</surface>
              <maxspeed>40</maxspeed>
              <junction>roundabout</junction>
            </ns3:Extensions>
          </ns3:TrackPointExtension>
        </extensions>
      </trkpt>
      <trkpt lat="45.148393" lon="7.65522">
        <ele>255.5</ele>
        <extensions>
          <ns3:TrackPointExtension>
            <ns3:Extensions>
              <highway>tertiary</highway>
              <surface>asphalt</surface>
              <maxspeed>40</maxspeed>
              <junction>roundabout</junction>
            </ns3:Extensions>
          </ns3:TrackPointExtension>
        </extensions>
      </trkpt>
      <trkpt lat="45.148434" lon="7.655206">
        <ele>255.5</ele>
        <extensions>
          <ns3:TrackPointExtension>
            <ns3:Extensions>
              <highway>tertiary</highway>
              <surface>asphalt</surface>
              <maxspeed>40</maxspeed>
              <junction>roundabout</junction>
            </ns3:Extensions>
          </ns3:TrackPointExtension>
        </extensions>
      </trkpt>
      <trkpt lat="45.148467" lon="7.655168">
        <ele>255.25</ele>
        <extensions>
          <ns3:TrackPointExtension>
            <ns3:Extensions>
              <highway>tertiary</highway>
              <surface>asphalt</surface>
              <maxspeed>40</maxspeed>
              <junction>roundabout</junction>
            </ns3:Extensions>
          </ns3:TrackPointExtension>
        </extensions>
      </trkpt>
      <trkpt lat="45.148484" lon="7.655119">
        <ele>255.25</ele>
        <extensions>
          <ns3:TrackPointExtension>
            <ns3:Extensions>
              <highway>tertiary</highway>
              <surface>asphalt</surface>
              <maxspeed>40</maxspeed>
              <junction>roundabout</junction>
            </ns3:Extensions>
          </ns3:TrackPointExtension>
        </extensions>
      </trkpt>
      <trkpt lat="45.148486" lon="7.655064">
        <ele>255.25</ele>
        <extensions>
          <ns3:TrackPointExtension>
            <ns3:Extensions>
              <reversedirection>yes</reversedirection>
              <highway>tertiary</highway>
              <surface>asphalt</surface>
              <maxspeed>50</maxspeed>
            </ns3:Extensions>
          </ns3:TrackPointExtension>
        </extensions>
      </trkpt>
      <trkpt lat="45.148702" lon="7.65503">
        <ele>255.25</ele>
        <extensions>
          <ns3:TrackPointExtension>
            <ns3:Extensions>
              <reversedirection>yes</reversedirection>
              <highway>tertiary</highway>
              <surface>asphalt</surface>
              <maxspeed>50</maxspeed>
            </ns3:Extensions>
          </ns3:TrackPointExtension>
        </extensions>
      </trkpt>
      <trkpt lat="45.150141" lon="7.654924">
        <ele>257.25</ele>
        <extensions>
          <ns3:TrackPointExtension>
            <ns3:Extensions>
              <reversedirection>yes</reversedirection>
              <highway>tertiary</highway>
              <surface>asphalt</surface>
              <maxspeed>50</maxspeed>
            </ns3:Extensions>
          </ns3:TrackPointExtension>
        </extensions>
      </trkpt>
      <trkpt lat="45.150306" lon="7.654911">
        <ele>257.25</ele>
        <extensions>
          <ns3:TrackPointExtension>
            <ns3:Extensions>
              <reversedirection>yes</reversedirection>
              <highway>tertiary</highway>
              <surface>asphalt</surface>
              <maxspeed>50</maxspeed>
            </ns3:Extensions>
          </ns3:TrackPointExtension>
        </extensions>
      </trkpt>
      <trkpt lat="45.150378" lon="7.654905">
        <ele>257.5</ele>
        <extensions>
          <ns3:TrackPointExtension>
            <ns3:Extensions>
              <reversedirection>yes</reversedirection>
              <highway>tertiary</highway>
              <surface>asphalt</surface>
              <maxspeed>50</maxspeed>
            </ns3:Extensions>
          </ns3:TrackPointExtension>
        </extensions>
      </trkpt>
      <trkpt lat="45.151232" lon="7.654833">
        <ele>258.5</ele>
        <extensions>
          <ns3:TrackPointExtension>
            <ns3:Extensions>
              <reversedirection>yes</reversedirection>
              <highway>tertiary</highway>
              <surface>asphalt</surface>
              <maxspeed>50</maxspeed>
            </ns3:Extensions>
          </ns3:TrackPointExtension>
        </extensions>
      </trkpt>
      <trkpt lat="45.151614" lon="7.654806">
        <ele>259</ele>
        <extensions>
          <ns3:TrackPointExtension>
            <ns3:Extensions>
              <reversedirection>yes</reversedirection>
              <highway>tertiary</highway>
              <surface>asphalt</surface>
              <maxspeed>50</maxspeed>
            </ns3:Extensions>
          </ns3:TrackPointExtension>
        </extensions>
      </trkpt>
      <trkpt lat="45.151621" lon="7.654805">
        <ele>259</ele>
        <extensions>
          <ns3:TrackPointExtension>
            <ns3:Extensions>
              <reversedirection>yes</reversedirection>
              <highway>tertiary</highway>
              <surface>asphalt</surface>
              <maxspeed>50</maxspeed>
            </ns3:Extensions>
          </ns3:TrackPointExtension>
        </extensions>
      </trkpt>
      <trkpt lat="45.151657" lon="7.654802">
        <ele>259</ele>
        <extensions>
          <ns3:TrackPointExtension>
            <ns3:Extensions>
              <highway>tertiary</highway>
              <surface>asphalt</surface>
              <maxspeed>40</maxspeed>
              <junction>roundabout</junction>
            </ns3:Extensions>
          </ns3:TrackPointExtension>
        </extensions>
      </trkpt>
      <trkpt lat="45.151665" lon="7.654852">
        <ele>259</ele>
        <extensions>
          <ns3:TrackPointExtension>
            <ns3:Extensions>
              <highway>tertiary</highway>
              <surface>asphalt</surface>
              <maxspeed>40</maxspeed>
              <junction>roundabout</junction>
            </ns3:Extensions>
          </ns3:TrackPointExtension>
        </extensions>
      </trkpt>
      <trkpt lat="45.151684" lon="7.654894">
        <ele>259</ele>
        <extensions>
          <ns3:TrackPointExtension>
            <ns3:Extensions>
              <highway>tertiary</highway>
              <surface>asphalt</surface>
              <maxspeed>40</maxspeed>
              <junction>roundabout</junction>
            </ns3:Extensions>
          </ns3:TrackPointExtension>
        </extensions>
      </trkpt>
      <trkpt lat="45.151712" lon="7.654925">
        <ele>259</ele>
        <extensions>
          <ns3:TrackPointExtension>
            <ns3:Extensions>
              <highway>tertiary</highway>
              <surface>asphalt</surface>
              <maxspeed>40</maxspeed>
              <junction>roundabout</junction>
            </ns3:Extensions>
          </ns3:TrackPointExtension>
        </extensions>
      </trkpt>
      <trkpt lat="45.151746" lon="7.654939">
        <ele>259</ele>
        <extensions>
          <ns3:TrackPointExtension>
            <ns3:Extensions>
              <highway>tertiary</highway>
              <surface>asphalt</surface>
              <maxspeed>40</maxspeed>
              <junction>roundabout</junction>
            </ns3:Extensions>
          </ns3:TrackPointExtension>
        </extensions>
      </trkpt>
      <trkpt lat="45.151777" lon="7.654938">
        <ele>259</ele>
        <extensions>
          <ns3:TrackPointExtension>
            <ns3:Extensions>
              <highway>tertiary</highway>
              <surface>asphalt</surface>
              <maxspeed>40</maxspeed>
              <junction>roundabout</junction>
            </ns3:Extensions>
          </ns3:TrackPointExtension>
        </extensions>
      </trkpt>
      <trkpt lat="45.151805" lon="7.654923">
        <ele>259</ele>
        <extensions>
          <ns3:TrackPointExtension>
            <ns3:Extensions>
              <highway>tertiary</highway>
              <surface>asphalt</surface>
              <maxspeed>40</maxspeed>
              <junction>roundabout</junction>
            </ns3:Extensions>
          </ns3:TrackPointExtension>
        </extensions>
      </trkpt>
      <trkpt lat="45.15183" lon="7.654897">
        <ele>259</ele>
        <extensions>
          <ns3:TrackPointExtension>
            <ns3:Extensions>
              <highway>tertiary</highway>
              <surface>asphalt</surface>
              <maxspeed>40</maxspeed>
              <junction>roundabout</junction>
            </ns3:Extensions>
          </ns3:TrackPointExtension>
        </extensions>
      </trkpt>
      <trkpt lat="45.151847" lon="7.654862">
        <ele>259</ele>
        <extensions>
          <ns3:TrackPointExtension>
            <ns3:Extensions>
              <highway>tertiary</highway>
              <surface>asphalt</surface>
              <maxspeed>40</maxspeed>
              <junction>roundabout</junction>
            </ns3:Extensions>
          </ns3:TrackPointExtension>
        </extensions>
      </trkpt>
      <trkpt lat="45.151857" lon="7.654821">
        <ele>259.25</ele>
        <extensions>
          <ns3:TrackPointExtension>
            <ns3:Extensions>
              <highway>tertiary</highway>
              <surface>asphalt</surface>
              <maxspeed>40</maxspeed>
              <junction>roundabout</junction>
            </ns3:Extensions>
          </ns3:TrackPointExtension>
        </extensions>
      </trkpt>
      <trkpt lat="45.151857" lon="7.654778">
        <ele>259.25</ele>
        <extensions>
          <ns3:TrackPointExtension>
            <ns3:Extensions>
              <highway>tertiary</highway>
              <surface>asphalt</surface>
              <maxspeed>50</maxspeed>
            </ns3:Extensions>
          </ns3:TrackPointExtension>
        </extensions>
      </trkpt>
      <trkpt lat="45.15188" lon="7.654775">
        <ele>259.25</ele>
        <extensions>
          <ns3:TrackPointExtension>
            <ns3:Extensions>
              <highway>tertiary</highway>
              <surface>asphalt</surface>
              <maxspeed>50</maxspeed>
            </ns3:Extensions>
          </ns3:TrackPointExtension>
        </extensions>
      </trkpt>
      <trkpt lat="45.152609" lon="7.654701">
        <ele>259.75</ele>
        <extensions>
          <ns3:TrackPointExtension>
            <ns3:Extensions>
              <highway>tertiary</highway>
              <surface>asphalt</surface>
              <maxspeed>50</maxspeed>
            </ns3:Extensions>
          </ns3:TrackPointExtension>
        </extensions>
      </trkpt>
      <trkpt lat="45.153382" lon="7.65467">
        <ele>260</ele>
        <extensions>
          <ns3:TrackPointExtension>
            <ns3:Extensions>
              <highway>tertiary</highway>
              <surface>asphalt</surface>
              <maxspeed>50</maxspeed>
            </ns3:Extensions>
          </ns3:TrackPointExtension>
        </extensions>
      </trkpt>
      <trkpt lat="45.153435" lon="7.654672">
        <ele>260</ele>
        <extensions>
          <ns3:TrackPointExtension>
            <ns3:Extensions>
              <highway>tertiary</highway>
              <surface>asphalt</surface>
              <maxspeed>50</maxspeed>
            </ns3:Extensions>
          </ns3:TrackPointExtension>
        </extensions>
      </trkpt>
      <trkpt lat="45.15361" lon="7.654679">
        <ele>260.25</ele>
        <extensions>
          <ns3:TrackPointExtension>
            <ns3:Extensions>
              <highway>tertiary</highway>
              <surface>asphalt</surface>
              <maxspeed>50</maxspeed>
            </ns3:Extensions>
          </ns3:TrackPointExtension>
        </extensions>
      </trkpt>
      <trkpt lat="45.153788" lon="7.654687">
        <ele>260.5</ele>
        <extensions>
          <ns3:TrackPointExtension>
            <ns3:Extensions>
              <highway>tertiary</highway>
              <surface>asphalt</surface>
              <maxspeed>50</maxspeed>
              <oneway>yes</oneway>
            </ns3:Extensions>
          </ns3:TrackPointExtension>
        </extensions>
      </trkpt>
      <trkpt lat="45.153865" lon="7.654743">
        <ele>260.5</ele>
        <extensions>
          <ns3:TrackPointExtension>
            <ns3:Extensions>
              <highway>tertiary</highway>
              <surface>asphalt</surface>
              <maxspeed>50</maxspeed>
              <oneway>yes</oneway>
            </ns3:Extensions>
          </ns3:TrackPointExtension>
        </extensions>
      </trkpt>
      <trkpt lat="45.153923" lon="7.654805">
        <ele>260.5</ele>
        <extensions>
          <ns3:TrackPointExtension>
            <ns3:Extensions>
              <highway>tertiary_link</highway>
              <surface>asphalt</surface>
              <maxspeed>50</maxspeed>
              <oneway>yes</oneway>
            </ns3:Extensions>
          </ns3:TrackPointExtension>
        </extensions>
      </trkpt>
      <trkpt lat="45.153959" lon="7.654904">
        <ele>260.75</ele>
        <extensions>
          <ns3:TrackPointExtension>
            <ns3:Extensions>
              <highway>tertiary_link</highway>
              <surface>asphalt</surface>
              <maxspeed>50</maxspeed>
              <oneway>yes</oneway>
            </ns3:Extensions>
          </ns3:TrackPointExtension>
        </extensions>
      </trkpt>
      <trkpt lat="45.154041" lon="7.654984">
        <ele>260.75</ele>
        <extensions>
          <ns3:TrackPointExtension>
            <ns3:Extensions>
              <highway>tertiary</highway>
              <surface>asphalt</surface>
              <oneway>yes</oneway>
            </ns3:Extensions>
          </ns3:TrackPointExtension>
        </extensions>
      </trkpt>
      <trkpt lat="45.154266" lon="7.654975">
        <ele>261</ele>
        <extensions>
          <ns3:TrackPointExtension>
            <ns3:Extensions>
              <highway>tertiary</highway>
              <surface>asphalt</surface>
              <oneway>yes</oneway>
            </ns3:Extensions>
          </ns3:TrackPointExtension>
        </extensions>
      </trkpt>
      <trkpt lat="45.154302" lon="7.654975">
        <ele>261</ele>
        <extensions>
          <ns3:TrackPointExtension>
            <ns3:Extensions>
              <highway>tertiary</highway>
              <surface>asphalt</surface>
              <oneway>yes</oneway>
            </ns3:Extensions>
          </ns3:TrackPointExtension>
        </extensions>
      </trkpt>
      <trkpt lat="45.15461" lon="7.654979">
        <ele>261</ele>
        <extensions>
          <ns3:TrackPointExtension>
            <ns3:Extensions>
              <highway>tertiary</highway>
              <surface>asphalt</surface>
              <oneway>yes</oneway>
            </ns3:Extensions>
          </ns3:TrackPointExtension>
        </extensions>
      </trkpt>
      <trkpt lat="45.154741" lon="7.654976">
        <ele>261</ele>
        <extensions>
          <ns3:TrackPointExtension>
            <ns3:Extensions>
              <highway>tertiary</highway>
              <surface>asphalt</surface>
              <oneway>yes</oneway>
            </ns3:Extensions>
          </ns3:TrackPointExtension>
        </extensions>
      </trkpt>
      <trkpt lat="45.155427" lon="7.655001">
        <ele>261.5</ele>
        <extensions>
          <ns3:TrackPointExtension>
            <ns3:Extensions>
              <highway>tertiary</highway>
              <surface>asphalt</surface>
              <oneway>yes</oneway>
            </ns3:Extensions>
          </ns3:TrackPointExtension>
        </extensions>
      </trkpt>
      <trkpt lat="45.155547" lon="7.655003">
        <ele>261.5</ele>
        <extensions>
          <ns3:TrackPointExtension>
            <ns3:Extensions>
              <highway>tertiary</highway>
              <surface>asphalt</surface>
              <oneway>yes</oneway>
            </ns3:Extensions>
          </ns3:TrackPointExtension>
        </extensions>
      </trkpt>
      <trkpt lat="45.155911" lon="7.655019">
        <ele>262</ele>
        <extensions>
          <ns3:TrackPointExtension>
            <ns3:Extensions>
              <highway>tertiary</highway>
              <oneway>yes</oneway>
            </ns3:Extensions>
          </ns3:TrackPointExtension>
        </extensions>
      </trkpt>
      <trkpt lat="45.155956" lon="7.655004">
        <ele>262</ele>
        <extensions>
          <ns3:TrackPointExtension>
            <ns3:Extensions>
              <highway>tertiary</highway>
              <oneway>yes</oneway>
            </ns3:Extensions>
          </ns3:TrackPointExtension>
        </extensions>
      </trkpt>
      <trkpt lat="45.156199" lon="7.654819">
        <ele>262</ele>
        <extensions>
          <ns3:TrackPointExtension>
            <ns3:Extensions>
              <highway>tertiary</highway>
              <oneway>yes</oneway>
            </ns3:Extensions>
          </ns3:TrackPointExtension>
        </extensions>
      </trkpt>
      <trkpt lat="45.156243" lon="7.654798">
        <ele>262</ele>
        <extensions>
          <ns3:TrackPointExtension>
            <ns3:Extensions>
              <highway>tertiary</highway>
              <oneway>yes</oneway>
            </ns3:Extensions>
          </ns3:TrackPointExtension>
        </extensions>
      </trkpt>
      <trkpt lat="45.156336" lon="7.654755">
        <ele>262</ele>
        <extensions>
          <ns3:TrackPointExtension>
            <ns3:Extensions>
              <reversedirection>yes</reversedirection>
              <highway>tertiary</highway>
              <surface>asphalt</surface>
              <maxspeed>50</maxspeed>
              <oneway>no</oneway>
            </ns3:Extensions>
          </ns3:TrackPointExtension>
        </extensions>
      </trkpt>
      <trkpt lat="45.156455" lon="7.654764">
        <ele>262</ele>
        <extensions>
          <ns3:TrackPointExtension>
            <ns3:Extensions>
              <reversedirection>yes</reversedirection>
              <highway>tertiary</highway>
              <surface>asphalt</surface>
              <maxspeed>50</maxspeed>
              <oneway>no</oneway>
            </ns3:Extensions>
          </ns3:TrackPointExtension>
        </extensions>
      </trkpt>
      <trkpt lat="45.156756" lon="7.654772">
        <ele>262</ele>
        <extensions>
          <ns3:TrackPointExtension>
            <ns3:Extensions>
              <reversedirection>yes</reversedirection>
              <highway>tertiary</highway>
              <surface>asphalt</surface>
              <maxspeed>50</maxspeed>
              <oneway>no</oneway>
            </ns3:Extensions>
          </ns3:TrackPointExtension>
        </extensions>
      </trkpt>
      <trkpt lat="45.156941" lon="7.654775">
        <ele>262</ele>
        <extensions>
          <ns3:TrackPointExtension>
            <ns3:Extensions>
              <reversedirection>yes</reversedirection>
              <highway>tertiary</highway>
              <surface>asphalt</surface>
              <maxspeed>50</maxspeed>
              <oneway>no</oneway>
            </ns3:Extensions>
          </ns3:TrackPointExtension>
        </extensions>
      </trkpt>
      <trkpt lat="45.157101" lon="7.654778">
        <ele>262</ele>
        <extensions>
          <ns3:TrackPointExtension>
            <ns3:Extensions>
              <reversedirection>yes</reversedirection>
              <highway>tertiary</highway>
              <surface>asphalt</surface>
              <maxspeed>50</maxspeed>
              <oneway>no</oneway>
            </ns3:Extensions>
          </ns3:TrackPointExtension>
        </extensions>
      </trkpt>
      <trkpt lat="45.157271" lon="7.654783">
        <ele>262</ele>
        <extensions>
          <ns3:TrackPointExtension>
            <ns3:Extensions>
              <reversedirection>yes</reversedirection>
              <highway>tertiary</highway>
              <surface>asphalt</surface>
              <maxspeed>50</maxspeed>
              <oneway>no</oneway>
            </ns3:Extensions>
          </ns3:TrackPointExtension>
        </extensions>
      </trkpt>
      <trkpt lat="45.157332" lon="7.654785">
        <ele>262</ele>
        <extensions>
          <ns3:TrackPointExtension>
            <ns3:Extensions>
              <reversedirection>yes</reversedirection>
              <highway>tertiary</highway>
              <surface>asphalt</surface>
              <maxspeed>50</maxspeed>
              <oneway>no</oneway>
            </ns3:Extensions>
          </ns3:TrackPointExtension>
        </extensions>
      </trkpt>
      <trkpt lat="45.15791" lon="7.654801">
        <ele>261.5</ele>
        <extensions>
          <ns3:TrackPointExtension>
            <ns3:Extensions>
              <reversedirection>yes</reversedirection>
              <highway>tertiary</highway>
              <surface>asphalt</surface>
              <maxspeed>50</maxspeed>
              <oneway>no</oneway>
            </ns3:Extensions>
          </ns3:TrackPointExtension>
        </extensions>
      </trkpt>
      <trkpt lat="45.158085" lon="7.654806">
        <ele>261.25</ele>
        <extensions>
          <ns3:TrackPointExtension>
            <ns3:Extensions>
              <reversedirection>yes</reversedirection>
              <highway>tertiary</highway>
              <surface>asphalt</surface>
              <maxspeed>50</maxspeed>
              <oneway>no</oneway>
            </ns3:Extensions>
          </ns3:TrackPointExtension>
        </extensions>
      </trkpt>
      <trkpt lat="45.158533" lon="7.654822">
        <ele>260.5</ele>
        <extensions>
          <ns3:TrackPointExtension>
            <ns3:Extensions>
              <highway>tertiary</highway>
              <surface>asphalt</surface>
              <maxspeed>40</maxspeed>
              <oneway>yes</oneway>
            </ns3:Extensions>
          </ns3:TrackPointExtension>
        </extensions>
      </trkpt>
      <trkpt lat="45.1589" lon="7.654871">
        <ele>259.5</ele>
        <extensions>
          <ns3:TrackPointExtension>
            <ns3:Extensions>
              <highway>tertiary</highway>
              <surface>asphalt</surface>
              <maxspeed>40</maxspeed>
              <oneway>yes</oneway>
            </ns3:Extensions>
          </ns3:TrackPointExtension>
        </extensions>
      </trkpt>
      <trkpt lat="45.159033" lon="7.654915">
        <ele>259.25</ele>
        <extensions>
          <ns3:TrackPointExtension>
            <ns3:Extensions>
              <highway>tertiary</highway>
              <surface>asphalt</surface>
              <maxspeed>40</maxspeed>
              <oneway>yes</oneway>
            </ns3:Extensions>
          </ns3:TrackPointExtension>
        </extensions>
      </trkpt>
      <trkpt lat="45.159112" lon="7.655005">
        <ele>259</ele>
        <extensions>
          <ns3:TrackPointExtension>
            <ns3:Extensions>
              <highway>secondary</highway>
              <surface>asphalt</surface>
              <junction>roundabout</junction>
            </ns3:Extensions>
          </ns3:TrackPointExtension>
        </extensions>
      </trkpt>
      <trkpt lat="45.159145" lon="7.655078">
        <ele>259</ele>
        <extensions>
          <ns3:TrackPointExtension>
            <ns3:Extensions>
              <highway>secondary</highway>
              <surface>asphalt</surface>
              <junction>roundabout</junction>
            </ns3:Extensions>
          </ns3:TrackPointExtension>
        </extensions>
      </trkpt>
      <trkpt lat="45.159187" lon="7.65514">
        <ele>259</ele>
        <extensions>
          <ns3:TrackPointExtension>
            <ns3:Extensions>
              <highway>secondary</highway>
              <surface>asphalt</surface>
              <junction>roundabout</junction>
            </ns3:Extensions>
          </ns3:TrackPointExtension>
        </extensions>
      </trkpt>
      <trkpt lat="45.159242" lon="7.655192">
        <ele>259.25</ele>
        <extensions>
          <ns3:TrackPointExtension>
            <ns3:Extensions>
              <highway>secondary</highway>
              <surface>asphalt</surface>
              <junction>roundabout</junction>
            </ns3:Extensions>
          </ns3:TrackPointExtension>
        </extensions>
      </trkpt>
      <trkpt lat="45.159304" lon="7.655225">
        <ele>259.5</ele>
        <extensions>
          <ns3:TrackPointExtension>
            <ns3:Extensions>
              <highway>secondary</highway>
              <surface>asphalt</surface>
              <junction>roundabout</junction>
            </ns3:Extensions>
          </ns3:TrackPointExtension>
        </extensions>
      </trkpt>
      <trkpt lat="45.159369" lon="7.655238">
        <ele>259.75</ele>
        <extensions>
          <ns3:TrackPointExtension>
            <ns3:Extensions>
              <highway>secondary</highway>
              <surface>asphalt</surface>
              <junction>roundabout</junction>
            </ns3:Extensions>
          </ns3:TrackPointExtension>
        </extensions>
      </trkpt>
      <trkpt lat="45.159435" lon="7.655229">
        <ele>259.75</ele>
        <extensions>
          <ns3:TrackPointExtension>
            <ns3:Extensions>
              <highway>secondary</highway>
              <surface>asphalt</surface>
              <junction>roundabout</junction>
            </ns3:Extensions>
          </ns3:TrackPointExtension>
        </extensions>
      </trkpt>
      <trkpt lat="45.159494" lon="7.655203">
        <ele>260</ele>
        <extensions>
          <ns3:TrackPointExtension>
            <ns3:Extensions>
              <highway>secondary</highway>
              <surface>asphalt</surface>
              <junction>roundabout</junction>
            </ns3:Extensions>
          </ns3:TrackPointExtension>
        </extensions>
      </trkpt>
      <trkpt lat="45.159547" lon="7.65516">
        <ele>260</ele>
        <extensions>
          <ns3:TrackPointExtension>
            <ns3:Extensions>
              <highway>secondary</highway>
              <surface>asphalt</surface>
              <junction>roundabout</junction>
            </ns3:Extensions>
          </ns3:TrackPointExtension>
        </extensions>
      </trkpt>
      <trkpt lat="45.159593" lon="7.655102">
        <ele>260</ele>
        <extensions>
          <ns3:TrackPointExtension>
            <ns3:Extensions>
              <highway>secondary</highway>
              <surface>asphalt</surface>
              <junction>roundabout</junction>
            </ns3:Extensions>
          </ns3:TrackPointExtension>
        </extensions>
      </trkpt>
      <trkpt lat="45.159629" lon="7.655032">
        <ele>260</ele>
        <extensions>
          <ns3:TrackPointExtension>
            <ns3:Extensions>
              <highway>secondary</highway>
              <surface>asphalt</surface>
              <junction>roundabout</junction>
            </ns3:Extensions>
          </ns3:TrackPointExtension>
        </extensions>
      </trkpt>
      <trkpt lat="45.159655" lon="7.654953">
        <ele>260</ele>
        <extensions>
          <ns3:TrackPointExtension>
            <ns3:Extensions>
              <highway>secondary</highway>
              <surface>asphalt</surface>
              <maxspeed>40</maxspeed>
              <oneway>yes</oneway>
            </ns3:Extensions>
          </ns3:TrackPointExtension>
        </extensions>
      </trkpt>
      <trkpt lat="45.159753" lon="7.654894">
        <ele>260.25</ele>
        <extensions>
          <ns3:TrackPointExtension>
            <ns3:Extensions>
              <highway>secondary</highway>
              <surface>asphalt</surface>
              <maxspeed>40</maxspeed>
              <oneway>yes</oneway>
            </ns3:Extensions>
          </ns3:TrackPointExtension>
        </extensions>
      </trkpt>
      <trkpt lat="45.16033" lon="7.654811">
        <ele>260.75</ele>
        <extensions>
          <ns3:TrackPointExtension>
            <ns3:Extensions>
              <highway>secondary</highway>
              <surface>asphalt</surface>
              <maxspeed>50</maxspeed>
            </ns3:Extensions>
          </ns3:TrackPointExtension>
        </extensions>
      </trkpt>
      <trkpt lat="45.160382" lon="7.654811">
        <ele>260.75</ele>
        <extensions>
          <ns3:TrackPointExtension>
            <ns3:Extensions>
              <highway>secondary</highway>
              <surface>asphalt</surface>
              <maxspeed>50</maxspeed>
            </ns3:Extensions>
          </ns3:TrackPointExtension>
        </extensions>
      </trkpt>
      <trkpt lat="45.1608" lon="7.654808">
        <ele>260.75</ele>
        <extensions>
          <ns3:TrackPointExtension>
            <ns3:Extensions>
              <highway>secondary</highway>
              <surface>asphalt</surface>
              <maxspeed>50</maxspeed>
            </ns3:Extensions>
          </ns3:TrackPointExtension>
        </extensions>
      </trkpt>
      <trkpt lat="45.161723" lon="7.654803">
        <ele>263</ele>
        <extensions>
          <ns3:TrackPointExtension>
            <ns3:Extensions>
              <highway>secondary</highway>
              <surface>asphalt</surface>
              <maxspeed>50</maxspeed>
            </ns3:Extensions>
          </ns3:TrackPointExtension>
        </extensions>
      </trkpt>
      <trkpt lat="45.161759" lon="7.654804">
        <ele>263</ele>
        <extensions>
          <ns3:TrackPointExtension>
            <ns3:Extensions>
              <highway>secondary</highway>
              <surface>asphalt</surface>
              <maxspeed>50</maxspeed>
            </ns3:Extensions>
          </ns3:TrackPointExtension>
        </extensions>
      </trkpt>
      <trkpt lat="45.162241" lon="7.654816">
        <ele>263.5</ele>
        <extensions>
          <ns3:TrackPointExtension>
            <ns3:Extensions>
              <highway>secondary</highway>
              <surface>asphalt</surface>
              <maxspeed>50</maxspeed>
            </ns3:Extensions>
          </ns3:TrackPointExtension>
        </extensions>
      </trkpt>
      <trkpt lat="45.162665" lon="7.654826">
        <ele>263.25</ele>
        <extensions>
          <ns3:TrackPointExtension>
            <ns3:Extensions>
              <highway>secondary</highway>
              <surface>asphalt</surface>
              <maxspeed>50</maxspeed>
            </ns3:Extensions>
          </ns3:TrackPointExtension>
        </extensions>
      </trkpt>
      <trkpt lat="45.16413" lon="7.654862">
        <ele>264</ele>
        <extensions>
          <ns3:TrackPointExtension>
            <ns3:Extensions>
              <highway>secondary</highway>
              <surface>asphalt</surface>
              <maxspeed>50</maxspeed>
            </ns3:Extensions>
          </ns3:TrackPointExtension>
        </extensions>
      </trkpt>
      <trkpt lat="45.164307" lon="7.654853">
        <ele>264</ele>
        <extensions>
          <ns3:TrackPointExtension>
            <ns3:Extensions>
              <highway>secondary</highway>
              <surface>asphalt</surface>
              <maxspeed>50</maxspeed>
            </ns3:Extensions>
          </ns3:TrackPointExtension>
        </extensions>
      </trkpt>
      <trkpt lat="45.164521" lon="7.654789">
        <ele>263.75</ele>
        <extensions>
          <ns3:TrackPointExtension>
            <ns3:Extensions>
              <highway>secondary</highway>
              <surface>asphalt</surface>
              <maxspeed>50</maxspeed>
            </ns3:Extensions>
          </ns3:TrackPointExtension>
        </extensions>
      </trkpt>
      <trkpt lat="45.165189" lon="7.654391">
        <ele>264.5</ele>
        <extensions>
          <ns3:TrackPointExtension>
            <ns3:Extensions>
              <highway>secondary</highway>
              <surface>asphalt</surface>
              <maxspeed>50</maxspeed>
            </ns3:Extensions>
          </ns3:TrackPointExtension>
        </extensions>
      </trkpt>
      <trkpt lat="45.165329" lon="7.654306">
        <ele>264.75</ele>
        <extensions>
          <ns3:TrackPointExtension>
            <ns3:Extensions>
              <highway>secondary</highway>
              <surface>asphalt</surface>
              <maxspeed>50</maxspeed>
            </ns3:Extensions>
          </ns3:TrackPointExtension>
        </extensions>
      </trkpt>
      <trkpt lat="45.166445" lon="7.653633">
        <ele>265.75</ele>
        <extensions>
          <ns3:TrackPointExtension>
            <ns3:Extensions>
              <highway>secondary</highway>
              <surface>asphalt</surface>
              <maxspeed>50</maxspeed>
            </ns3:Extensions>
          </ns3:TrackPointExtension>
        </extensions>
      </trkpt>
      <trkpt lat="45.167035" lon="7.653276">
        <ele>266.5</ele>
        <extensions>
          <ns3:TrackPointExtension>
            <ns3:Extensions>
              <highway>secondary</highway>
              <surface>asphalt</surface>
              <maxspeed>50</maxspeed>
            </ns3:Extensions>
          </ns3:TrackPointExtension>
        </extensions>
      </trkpt>
      <trkpt lat="45.167203" lon="7.653186">
        <ele>266.75</ele>
        <extensions>
          <ns3:TrackPointExtension>
            <ns3:Extensions>
              <highway>secondary</highway>
              <surface>asphalt</surface>
              <maxspeed>50</maxspeed>
            </ns3:Extensions>
          </ns3:TrackPointExtension>
        </extensions>
      </trkpt>
      <trkpt lat="45.167357" lon="7.653102">
        <ele>267</ele>
        <extensions>
          <ns3:TrackPointExtension>
            <ns3:Extensions>
              <highway>secondary</highway>
              <surface>asphalt</surface>
              <maxspeed>40</maxspeed>
              <oneway>yes</oneway>
            </ns3:Extensions>
          </ns3:TrackPointExtension>
        </extensions>
      </trkpt>
      <trkpt lat="45.167776" lon="7.652918">
        <ele>267.75</ele>
        <extensions>
          <ns3:TrackPointExtension>
            <ns3:Extensions>
              <highway>secondary</highway>
              <surface>asphalt</surface>
              <maxspeed>40</maxspeed>
              <oneway>yes</oneway>
            </ns3:Extensions>
          </ns3:TrackPointExtension>
        </extensions>
      </trkpt>
      <trkpt lat="45.168141" lon="7.652707">
        <ele>268.5</ele>
        <extensions>
          <ns3:TrackPointExtension>
            <ns3:Extensions>
              <highway>secondary</highway>
              <surface>asphalt</surface>
              <maxspeed>40</maxspeed>
              <oneway>yes</oneway>
            </ns3:Extensions>
          </ns3:TrackPointExtension>
        </extensions>
      </trkpt>
      <trkpt lat="45.168202" lon="7.652671">
        <ele>268.5</ele>
        <extensions>
          <ns3:TrackPointExtension>
            <ns3:Extensions>
              <highway>secondary</highway>
              <surface>asphalt</surface>
              <maxspeed>40</maxspeed>
              <oneway>yes</oneway>
            </ns3:Extensions>
          </ns3:TrackPointExtension>
        </extensions>
      </trkpt>
      <trkpt lat="45.168452" lon="7.652521">
        <ele>269.25</ele>
        <extensions>
          <ns3:TrackPointExtension>
            <ns3:Extensions>
              <highway>secondary</highway>
              <surface>asphalt</surface>
              <maxspeed>40</maxspeed>
              <oneway>yes</oneway>
            </ns3:Extensions>
          </ns3:TrackPointExtension>
        </extensions>
      </trkpt>
      <trkpt lat="45.168543" lon="7.652467">
        <ele>269.5</ele>
        <extensions>
          <ns3:TrackPointExtension>
            <ns3:Extensions>
              <highway>secondary</highway>
              <surface>asphalt</surface>
              <maxspeed>40</maxspeed>
              <junction>roundabout</junction>
            </ns3:Extensions>
          </ns3:TrackPointExtension>
        </extensions>
      </trkpt>
      <trkpt lat="45.168585" lon="7.652515">
        <ele>269.5</ele>
        <extensions>
          <ns3:TrackPointExtension>
            <ns3:Extensions>
              <highway>secondary</highway>
              <surface>asphalt</surface>
              <maxspeed>40</maxspeed>
              <junction>roundabout</junction>
            </ns3:Extensions>
          </ns3:TrackPointExtension>
        </extensions>
      </trkpt>
      <trkpt lat="45.168636" lon="7.65254">
        <ele>269.5</ele>
        <extensions>
          <ns3:TrackPointExtension>
            <ns3:Extensions>
              <highway>secondary</highway>
              <surface>asphalt</surface>
              <maxspeed>40</maxspeed>
              <junction>roundabout</junction>
            </ns3:Extensions>
          </ns3:TrackPointExtension>
        </extensions>
      </trkpt>
      <trkpt lat="45.16869" lon="7.652539">
        <ele>269.75</ele>
        <extensions>
          <ns3:TrackPointExtension>
            <ns3:Extensions>
              <highway>secondary</highway>
              <surface>asphalt</surface>
              <maxspeed>40</maxspeed>
              <junction>roundabout</junction>
            </ns3:Extensions>
          </ns3:TrackPointExtension>
        </extensions>
      </trkpt>
      <trkpt lat="45.168735" lon="7.652517">
        <ele>269.75</ele>
        <extensions>
          <ns3:TrackPointExtension>
            <ns3:Extensions>
              <highway>secondary</highway>
              <surface>asphalt</surface>
              <maxspeed>40</maxspeed>
              <junction>roundabout</junction>
            </ns3:Extensions>
          </ns3:TrackPointExtension>
        </extensions>
      </trkpt>
      <trkpt lat="45.168774" lon="7.652477">
        <ele>270</ele>
        <extensions>
          <ns3:TrackPointExtension>
            <ns3:Extensions>
              <highway>secondary</highway>
              <surface>asphalt</surface>
              <maxspeed>40</maxspeed>
              <junction>roundabout</junction>
            </ns3:Extensions>
          </ns3:TrackPointExtension>
        </extensions>
      </trkpt>
      <trkpt lat="45.168803" lon="7.652423">
        <ele>270</ele>
        <extensions>
          <ns3:TrackPointExtension>
            <ns3:Extensions>
              <highway>secondary</highway>
              <surface>asphalt</surface>
              <maxspeed>40</maxspeed>
              <junction>roundabout</junction>
            </ns3:Extensions>
          </ns3:TrackPointExtension>
        </extensions>
      </trkpt>
      <trkpt lat="45.168819" lon="7.652359">
        <ele>270</ele>
        <extensions>
          <ns3:TrackPointExtension>
            <ns3:Extensions>
              <highway>secondary</highway>
              <surface>asphalt</surface>
              <maxspeed>40</maxspeed>
              <junction>roundabout</junction>
            </ns3:Extensions>
          </ns3:TrackPointExtension>
        </extensions>
      </trkpt>
      <trkpt lat="45.16882" lon="7.65229">
        <ele>270</ele>
        <extensions>
          <ns3:TrackPointExtension>
            <ns3:Extensions>
              <highway>secondary</highway>
              <surface>asphalt</surface>
              <maxspeed>40</maxspeed>
              <oneway>yes</oneway>
            </ns3:Extensions>
          </ns3:TrackPointExtension>
        </extensions>
      </trkpt>
      <trkpt lat="45.168942" lon="7.652183">
        <ele>270.25</ele>
        <extensions>
          <ns3:TrackPointExtension>
            <ns3:Extensions>
              <highway>secondary</highway>
              <surface>asphalt</surface>
              <maxspeed>40</maxspeed>
              <oneway>yes</oneway>
            </ns3:Extensions>
          </ns3:TrackPointExtension>
        </extensions>
      </trkpt>
      <trkpt lat="45.169249" lon="7.652021">
        <ele>271</ele>
        <extensions>
          <ns3:TrackPointExtension>
            <ns3:Extensions>
              <highway>secondary</highway>
              <surface>asphalt</surface>
              <maxspeed>40</maxspeed>
              <oneway>yes</oneway>
            </ns3:Extensions>
          </ns3:TrackPointExtension>
        </extensions>
      </trkpt>
      <trkpt lat="45.169299" lon="7.651991">
        <ele>271</ele>
        <extensions>
          <ns3:TrackPointExtension>
            <ns3:Extensions>
              <highway>secondary</highway>
              <surface>asphalt</surface>
              <maxspeed>50</maxspeed>
              <oneway>yes</oneway>
            </ns3:Extensions>
          </ns3:TrackPointExtension>
        </extensions>
      </trkpt>
      <trkpt lat="45.169832" lon="7.651665">
        <ele>272.5</ele>
        <extensions>
          <ns3:TrackPointExtension>
            <ns3:Extensions>
              <highway>secondary</highway>
              <surface>asphalt</surface>
              <maxspeed>50</maxspeed>
              <oneway>yes</oneway>
            </ns3:Extensions>
          </ns3:TrackPointExtension>
        </extensions>
      </trkpt>
      <trkpt lat="45.170425" lon="7.651302">
        <ele>272.25</ele>
        <extensions>
          <ns3:TrackPointExtension>
            <ns3:Extensions>
              <highway>secondary</highway>
              <surface>asphalt</surface>
              <maxspeed>50</maxspeed>
              <oneway>yes</oneway>
            </ns3:Extensions>
          </ns3:TrackPointExtension>
        </extensions>
      </trkpt>
      <trkpt lat="45.170603" lon="7.651206">
        <ele>272.5</ele>
        <extensions>
          <ns3:TrackPointExtension>
            <ns3:Extensions>
              <highway>secondary</highway>
              <surface>asphalt</surface>
              <maxspeed>50</maxspeed>
              <oneway>yes</oneway>
            </ns3:Extensions>
          </ns3:TrackPointExtension>
        </extensions>
      </trkpt>
      <trkpt lat="45.170755" lon="7.651144">
        <ele>272.5</ele>
        <extensions>
          <ns3:TrackPointExtension>
            <ns3:Extensions>
              <highway>secondary</highway>
              <surface>asphalt</surface>
              <maxspeed>50</maxspeed>
              <oneway>yes</oneway>
            </ns3:Extensions>
          </ns3:TrackPointExtension>
        </extensions>
      </trkpt>
      <trkpt lat="45.170924" lon="7.651097">
        <ele>272.5</ele>
        <extensions>
          <ns3:TrackPointExtension>
            <ns3:Extensions>
              <highway>secondary</highway>
              <surface>asphalt</surface>
              <maxspeed>50</maxspeed>
              <oneway>yes</oneway>
            </ns3:Extensions>
          </ns3:TrackPointExtension>
        </extensions>
      </trkpt>
      <trkpt lat="45.171195" lon="7.651037">
        <ele>272.5</ele>
        <extensions>
          <ns3:TrackPointExtension>
            <ns3:Extensions>
              <highway>secondary</highway>
              <surface>asphalt</surface>
              <maxspeed>50</maxspeed>
              <oneway>yes</oneway>
            </ns3:Extensions>
          </ns3:TrackPointExtension>
        </extensions>
      </trkpt>
      <trkpt lat="45.171314" lon="7.651022">
        <ele>272.5</ele>
        <extensions>
          <ns3:TrackPointExtension>
            <ns3:Extensions>
              <highway>secondary</highway>
              <surface>asphalt</surface>
              <maxspeed>50</maxspeed>
              <oneway>yes</oneway>
            </ns3:Extensions>
          </ns3:TrackPointExtension>
        </extensions>
      </trkpt>
      <trkpt lat="45.171393" lon="7.651013">
        <ele>272.5</ele>
        <extensions>
          <ns3:TrackPointExtension>
            <ns3:Extensions>
              <highway>secondary</highway>
              <surface>asphalt</surface>
              <maxspeed>40</maxspeed>
              <junction>roundabout</junction>
            </ns3:Extensions>
          </ns3:TrackPointExtension>
        </extensions>
      </trkpt>
      <trkpt lat="45.17142" lon="7.651052">
        <ele>272.5</ele>
        <extensions>
          <ns3:TrackPointExtension>
            <ns3:Extensions>
              <highway>secondary</highway>
              <surface>asphalt</surface>
              <maxspeed>40</maxspeed>
              <junction>roundabout</junction>
            </ns3:Extensions>
          </ns3:TrackPointExtension>
        </extensions>
      </trkpt>
      <trkpt lat="45.171454" lon="7.65108">
        <ele>272.25</ele>
        <extensions>
          <ns3:TrackPointExtension>
            <ns3:Extensions>
              <highway>secondary</highway>
              <surface>asphalt</surface>
              <maxspeed>40</maxspeed>
              <junction>roundabout</junction>
            </ns3:Extensions>
          </ns3:TrackPointExtension>
        </extensions>
      </trkpt>
      <trkpt lat="45.171492" lon="7.651094">
        <ele>272.25</ele>
        <extensions>
          <ns3:TrackPointExtension>
            <ns3:Extensions>
              <highway>secondary</highway>
              <surface>asphalt</surface>
              <maxspeed>40</maxspeed>
              <junction>roundabout</junction>
            </ns3:Extensions>
          </ns3:TrackPointExtension>
        </extensions>
      </trkpt>
      <trkpt lat="45.171531" lon="7.651094">
        <ele>272.25</ele>
        <extensions>
          <ns3:TrackPointExtension>
            <ns3:Extensions>
              <highway>secondary</highway>
              <surface>asphalt</surface>
              <maxspeed>40</maxspeed>
              <junction>roundabout</junction>
            </ns3:Extensions>
          </ns3:TrackPointExtension>
        </extensions>
      </trkpt>
      <trkpt lat="45.171573" lon="7.651077">
        <ele>272.25</ele>
        <extensions>
          <ns3:TrackPointExtension>
            <ns3:Extensions>
              <highway>secondary</highway>
              <surface>asphalt</surface>
              <maxspeed>40</maxspeed>
              <junction>roundabout</junction>
            </ns3:Extensions>
          </ns3:TrackPointExtension>
        </extensions>
      </trkpt>
      <trkpt lat="45.171611" lon="7.651044">
        <ele>272.5</ele>
        <extensions>
          <ns3:TrackPointExtension>
            <ns3:Extensions>
              <highway>secondary</highway>
              <surface>asphalt</surface>
              <maxspeed>40</maxspeed>
              <junction>roundabout</junction>
            </ns3:Extensions>
          </ns3:TrackPointExtension>
        </extensions>
      </trkpt>
      <trkpt lat="45.171639" lon="7.650996">
        <ele>272.5</ele>
        <extensions>
          <ns3:TrackPointExtension>
            <ns3:Extensions>
              <highway>secondary</highway>
              <surface>asphalt</surface>
              <maxspeed>40</maxspeed>
              <junction>roundabout</junction>
            </ns3:Extensions>
          </ns3:TrackPointExtension>
        </extensions>
      </trkpt>
      <trkpt lat="45.171657" lon="7.650939">
        <ele>272.5</ele>
        <extensions>
          <ns3:TrackPointExtension>
            <ns3:Extensions>
              <highway>secondary</highway>
              <surface>asphalt</surface>
              <maxspeed>40</maxspeed>
              <junction>roundabout</junction>
            </ns3:Extensions>
          </ns3:TrackPointExtension>
        </extensions>
      </trkpt>
      <trkpt lat="45.171662" lon="7.650875">
        <ele>272.75</ele>
        <extensions>
          <ns3:TrackPointExtension>
            <ns3:Extensions>
              <highway>secondary</highway>
              <surface>asphalt</surface>
              <maxspeed>40</maxspeed>
              <junction>roundabout</junction>
            </ns3:Extensions>
          </ns3:TrackPointExtension>
        </extensions>
      </trkpt>
      <trkpt lat="45.171653" lon="7.650812">
        <ele>272.75</ele>
        <extensions>
          <ns3:TrackPointExtension>
            <ns3:Extensions>
              <highway>secondary</highway>
              <surface>asphalt</surface>
              <maxspeed>40</maxspeed>
              <junction>roundabout</junction>
            </ns3:Extensions>
          </ns3:TrackPointExtension>
        </extensions>
      </trkpt>
      <trkpt lat="45.171632" lon="7.650756">
        <ele>272.75</ele>
        <extensions>
          <ns3:TrackPointExtension>
            <ns3:Extensions>
              <highway>secondary</highway>
              <surface>asphalt</surface>
              <maxspeed>40</maxspeed>
              <junction>roundabout</junction>
            </ns3:Extensions>
          </ns3:TrackPointExtension>
        </extensions>
      </trkpt>
      <trkpt lat="45.1716" lon="7.650711">
        <ele>272.75</ele>
        <extensions>
          <ns3:TrackPointExtension>
            <ns3:Extensions>
              <highway>secondary</highway>
              <surface>asphalt</surface>
              <maxspeed>40</maxspeed>
              <junction>roundabout</junction>
            </ns3:Extensions>
          </ns3:TrackPointExtension>
        </extensions>
      </trkpt>
      <trkpt lat="45.17156" lon="7.650681">
        <ele>272.75</ele>
        <extensions>
          <ns3:TrackPointExtension>
            <ns3:Extensions>
              <reversedirection>yes</reversedirection>
              <highway>tertiary</highway>
              <surface>asphalt</surface>
            </ns3:Extensions>
          </ns3:TrackPointExtension>
        </extensions>
      </trkpt>
      <trkpt lat="45.171594" lon="7.650575">
        <ele>272.75</ele>
        <extensions>
          <ns3:TrackPointExtension>
            <ns3:Extensions>
              <reversedirection>yes</reversedirection>
              <highway>tertiary</highway>
              <surface>asphalt</surface>
            </ns3:Extensions>
          </ns3:TrackPointExtension>
        </extensions>
      </trkpt>
      <trkpt lat="45.171643" lon="7.650496">
        <ele>272.75</ele>
        <extensions>
          <ns3:TrackPointExtension>
            <ns3:Extensions>
              <reversedirection>yes</reversedirection>
              <highway>tertiary</highway>
              <surface>asphalt</surface>
            </ns3:Extensions>
          </ns3:TrackPointExtension>
        </extensions>
      </trkpt>
      <trkpt lat="45.171719" lon="7.650432">
        <ele>273</ele>
        <extensions>
          <ns3:TrackPointExtension>
            <ns3:Extensions>
              <reversedirection>yes</reversedirection>
              <highway>tertiary</highway>
              <surface>asphalt</surface>
            </ns3:Extensions>
          </ns3:TrackPointExtension>
        </extensions>
      </trkpt>
      <trkpt lat="45.171911" lon="7.650327">
        <ele>273.5</ele>
        <extensions>
          <ns3:TrackPointExtension>
            <ns3:Extensions>
              <reversedirection>yes</reversedirection>
              <highway>tertiary</highway>
              <surface>asphalt</surface>
            </ns3:Extensions>
          </ns3:TrackPointExtension>
        </extensions>
      </trkpt>
      <trkpt lat="45.171916" lon="7.650324">
        <ele>273.5</ele>
        <extensions>
          <ns3:TrackPointExtension>
            <ns3:Extensions>
              <reversedirection>yes</reversedirection>
              <highway>tertiary</highway>
              <surface>asphalt</surface>
            </ns3:Extensions>
          </ns3:TrackPointExtension>
        </extensions>
      </trkpt>
      <trkpt lat="45.171916" lon="7.650324">
        <ele>273.5</ele>
        <extensions>
          <ns3:TrackPointExtension>
            <ns3:Extensions>
              <reversedirection>yes</reversedirection>
              <highway>tertiary</highway>
              <surface>asphalt</surface>
            </ns3:Extensions>
          </ns3:TrackPointExtension>
        </extensions>
      </trkpt>
      <trkpt lat="45.172573" lon="7.649971">
        <ele>276</ele>
        <extensions>
          <ns3:TrackPointExtension>
            <ns3:Extensions>
              <reversedirection>yes</reversedirection>
              <highway>tertiary</highway>
              <surface>asphalt</surface>
            </ns3:Extensions>
          </ns3:TrackPointExtension>
        </extensions>
      </trkpt>
      <trkpt lat="45.172968" lon="7.649734">
        <ele>276</ele>
        <extensions>
          <ns3:TrackPointExtension>
            <ns3:Extensions>
              <reversedirection>yes</reversedirection>
              <highway>tertiary</highway>
              <surface>asphalt</surface>
            </ns3:Extensions>
          </ns3:TrackPointExtension>
        </extensions>
      </trkpt>
      <trkpt lat="45.173198" lon="7.649596">
        <ele>276</ele>
        <extensions>
          <ns3:TrackPointExtension>
            <ns3:Extensions>
              <reversedirection>yes</reversedirection>
              <highway>tertiary</highway>
              <surface>asphalt</surface>
            </ns3:Extensions>
          </ns3:TrackPointExtension>
        </extensions>
      </trkpt>
      <trkpt lat="45.173587" lon="7.649362">
        <ele>275.75</ele>
        <extensions>
          <ns3:TrackPointExtension>
            <ns3:Extensions>
              <reversedirection>yes</reversedirection>
              <highway>tertiary</highway>
              <surface>asphalt</surface>
            </ns3:Extensions>
          </ns3:TrackPointExtension>
        </extensions>
      </trkpt>
      <trkpt lat="45.173658" lon="7.64932">
        <ele>275.75</ele>
        <extensions>
          <ns3:TrackPointExtension>
            <ns3:Extensions>
              <reversedirection>yes</reversedirection>
              <highway>tertiary</highway>
              <surface>asphalt</surface>
            </ns3:Extensions>
          </ns3:TrackPointExtension>
        </extensions>
      </trkpt>
      <trkpt lat="45.174073" lon="7.649076">
        <ele>276</ele>
        <extensions>
          <ns3:TrackPointExtension>
            <ns3:Extensions>
              <reversedirection>yes</reversedirection>
              <highway>tertiary</highway>
              <surface>asphalt</surface>
            </ns3:Extensions>
          </ns3:TrackPointExtension>
        </extensions>
      </trkpt>
      <trkpt lat="45.174414" lon="7.648874">
        <ele>277</ele>
        <extensions>
          <ns3:TrackPointExtension>
            <ns3:Extensions>
              <reversedirection>yes</reversedirection>
              <highway>tertiary</highway>
              <surface>asphalt</surface>
            </ns3:Extensions>
          </ns3:TrackPointExtension>
        </extensions>
      </trkpt>
      <trkpt lat="45.174501" lon="7.648851">
        <ele>277.25</ele>
        <extensions>
          <ns3:TrackPointExtension>
            <ns3:Extensions>
              <highway>tertiary</highway>
              <surface>asphalt</surface>
              <junction>roundabout</junction>
            </ns3:Extensions>
          </ns3:TrackPointExtension>
        </extensions>
      </trkpt>
      <trkpt lat="45.174509" lon="7.648884">
        <ele>277.25</ele>
        <extensions>
          <ns3:TrackPointExtension>
            <ns3:Extensions>
              <highway>tertiary</highway>
              <surface>asphalt</surface>
              <junction>roundabout</junction>
            </ns3:Extensions>
          </ns3:TrackPointExtension>
        </extensions>
      </trkpt>
      <trkpt lat="45.174524" lon="7.648911">
        <ele>277.25</ele>
        <extensions>
          <ns3:TrackPointExtension>
            <ns3:Extensions>
              <highway>tertiary</highway>
              <surface>asphalt</surface>
              <junction>roundabout</junction>
            </ns3:Extensions>
          </ns3:TrackPointExtension>
        </extensions>
      </trkpt>
      <trkpt lat="45.174544" lon="7.64893">
        <ele>277.25</ele>
        <extensions>
          <ns3:TrackPointExtension>
            <ns3:Extensions>
              <highway>tertiary</highway>
              <surface>asphalt</surface>
              <junction>roundabout</junction>
            </ns3:Extensions>
          </ns3:TrackPointExtension>
        </extensions>
      </trkpt>
      <trkpt lat="45.174568" lon="7.64894">
        <ele>277.25</ele>
        <extensions>
          <ns3:TrackPointExtension>
            <ns3:Extensions>
              <highway>tertiary</highway>
              <surface>asphalt</surface>
              <junction>roundabout</junction>
            </ns3:Extensions>
          </ns3:TrackPointExtension>
        </extensions>
      </trkpt>
      <trkpt lat="45.174592" lon="7.648938">
        <ele>277.25</ele>
        <extensions>
          <ns3:TrackPointExtension>
            <ns3:Extensions>
              <reversedirection>yes</reversedirection>
              <highway>tertiary</highway>
              <surface>asphalt</surface>
            </ns3:Extensions>
          </ns3:TrackPointExtension>
        </extensions>
      </trkpt>
      <trkpt lat="45.174612" lon="7.649027">
        <ele>277.25</ele>
        <extensions>
          <ns3:TrackPointExtension>
            <ns3:Extensions>
              <reversedirection>yes</reversedirection>
              <highway>tertiary</highway>
              <surface>asphalt</surface>
            </ns3:Extensions>
          </ns3:TrackPointExtension>
        </extensions>
      </trkpt>
      <trkpt lat="45.17463" lon="7.649068">
        <ele>277.25</ele>
        <extensions>
          <ns3:TrackPointExtension>
            <ns3:Extensions>
              <reversedirection>yes</reversedirection>
              <highway>tertiary</highway>
              <surface>asphalt</surface>
            </ns3:Extensions>
          </ns3:TrackPointExtension>
        </extensions>
      </trkpt>
      <trkpt lat="45.174695" lon="7.649171">
        <ele>277.25</ele>
        <extensions>
          <ns3:TrackPointExtension>
            <ns3:Extensions>
              <reversedirection>yes</reversedirection>
              <highway>tertiary</highway>
              <surface>asphalt</surface>
            </ns3:Extensions>
          </ns3:TrackPointExtension>
        </extensions>
      </trkpt>
      <trkpt lat="45.174758" lon="7.649249">
        <ele>277.25</ele>
        <extensions>
          <ns3:TrackPointExtension>
            <ns3:Extensions>
              <reversedirection>yes</reversedirection>
              <highway>tertiary</highway>
              <surface>asphalt</surface>
            </ns3:Extensions>
          </ns3:TrackPointExtension>
        </extensions>
      </trkpt>
      <trkpt lat="45.174828" lon="7.649327">
        <ele>277.25</ele>
        <extensions>
          <ns3:TrackPointExtension>
            <ns3:Extensions>
              <reversedirection>yes</reversedirection>
              <highway>tertiary</highway>
              <surface>asphalt</surface>
            </ns3:Extensions>
          </ns3:TrackPointExtension>
        </extensions>
      </trkpt>
      <trkpt lat="45.174893" lon="7.649464">
        <ele>277.25</ele>
        <extensions>
          <ns3:TrackPointExtension>
            <ns3:Extensions>
              <reversedirection>yes</reversedirection>
              <highway>tertiary</highway>
              <surface>asphalt</surface>
            </ns3:Extensions>
          </ns3:TrackPointExtension>
        </extensions>
      </trkpt>
      <trkpt lat="45.174961" lon="7.649646">
        <ele>277.25</ele>
        <extensions>
          <ns3:TrackPointExtension>
            <ns3:Extensions>
              <reversedirection>yes</reversedirection>
              <highway>tertiary</highway>
              <surface>asphalt</surface>
            </ns3:Extensions>
          </ns3:TrackPointExtension>
        </extensions>
      </trkpt>
      <trkpt lat="45.174987" lon="7.649742">
        <ele>277.25</ele>
        <extensions>
          <ns3:TrackPointExtension>
            <ns3:Extensions>
              <reversedirection>yes</reversedirection>
              <highway>tertiary</highway>
              <surface>asphalt</surface>
            </ns3:Extensions>
          </ns3:TrackPointExtension>
        </extensions>
      </trkpt>
      <trkpt lat="45.175014" lon="7.649854">
        <ele>277</ele>
        <extensions>
          <ns3:TrackPointExtension>
            <ns3:Extensions>
              <reversedirection>yes</reversedirection>
              <highway>tertiary</highway>
              <surface>asphalt</surface>
            </ns3:Extensions>
          </ns3:TrackPointExtension>
        </extensions>
      </trkpt>
      <trkpt lat="45.175029" lon="7.649945">
        <ele>277</ele>
        <extensions>
          <ns3:TrackPointExtension>
            <ns3:Extensions>
              <reversedirection>yes</reversedirection>
              <highway>tertiary</highway>
              <surface>asphalt</surface>
            </ns3:Extensions>
          </ns3:TrackPointExtension>
        </extensions>
      </trkpt>
      <trkpt lat="45.175088" lon="7.650403">
        <ele>276.5</ele>
        <extensions>
          <ns3:TrackPointExtension>
            <ns3:Extensions>
              <reversedirection>yes</reversedirection>
              <highway>tertiary</highway>
              <surface>asphalt</surface>
            </ns3:Extensions>
          </ns3:TrackPointExtension>
        </extensions>
      </trkpt>
      <trkpt lat="45.17513" lon="7.650552">
        <ele>276.5</ele>
        <extensions>
          <ns3:TrackPointExtension>
            <ns3:Extensions>
              <reversedirection>yes</reversedirection>
              <highway>tertiary</highway>
              <surface>asphalt</surface>
            </ns3:Extensions>
          </ns3:TrackPointExtension>
        </extensions>
      </trkpt>
      <trkpt lat="45.175163" lon="7.650611">
        <ele>276.5</ele>
        <extensions>
          <ns3:TrackPointExtension>
            <ns3:Extensions>
              <reversedirection>yes</reversedirection>
              <highway>tertiary</highway>
              <surface>asphalt</surface>
            </ns3:Extensions>
          </ns3:TrackPointExtension>
        </extensions>
      </trkpt>
      <trkpt lat="45.17522" lon="7.650691">
        <ele>276.5</ele>
        <extensions>
          <ns3:TrackPointExtension>
            <ns3:Extensions>
              <reversedirection>yes</reversedirection>
              <highway>tertiary</highway>
              <surface>asphalt</surface>
            </ns3:Extensions>
          </ns3:TrackPointExtension>
        </extensions>
      </trkpt>
      <trkpt lat="45.175303" lon="7.650769">
        <ele>276.75</ele>
        <extensions>
          <ns3:TrackPointExtension>
            <ns3:Extensions>
              <highway>secondary</highway>
              <surface>asphalt</surface>
              <maxspeed>50</maxspeed>
            </ns3:Extensions>
          </ns3:TrackPointExtension>
        </extensions>
      </trkpt>
      <trkpt lat="45.175463" lon="7.650715">
        <ele>277</ele>
        <extensions>
          <ns3:TrackPointExtension>
            <ns3:Extensions>
              <highway>secondary</highway>
              <surface>asphalt</surface>
              <maxspeed>50</maxspeed>
            </ns3:Extensions>
          </ns3:TrackPointExtension>
        </extensions>
      </trkpt>
      <trkpt lat="45.176054" lon="7.65052">
        <ele>277.5</ele>
        <extensions>
          <ns3:TrackPointExtension>
            <ns3:Extensions>
              <highway>secondary</highway>
              <surface>asphalt</surface>
              <maxspeed>50</maxspeed>
            </ns3:Extensions>
          </ns3:TrackPointExtension>
        </extensions>
      </trkpt>
      <trkpt lat="45.176152" lon="7.650482">
        <ele>277.5</ele>
        <extensions>
          <ns3:TrackPointExtension>
            <ns3:Extensions>
              <highway>secondary</highway>
              <surface>asphalt</surface>
              <maxspeed>50</maxspeed>
            </ns3:Extensions>
          </ns3:TrackPointExtension>
        </extensions>
      </trkpt>
      <trkpt lat="45.176209" lon="7.650468">
        <ele>277.5</ele>
        <extensions>
          <ns3:TrackPointExtension>
            <ns3:Extensions>
              <highway>secondary</highway>
              <surface>asphalt</surface>
              <maxspeed>50</maxspeed>
            </ns3:Extensions>
          </ns3:TrackPointExtension>
        </extensions>
      </trkpt>
      <trkpt lat="45.176845" lon="7.650258">
        <ele>277</ele>
        <extensions>
          <ns3:TrackPointExtension>
            <ns3:Extensions>
              <highway>secondary</highway>
              <surface>asphalt</surface>
              <maxspeed>50</maxspeed>
            </ns3:Extensions>
          </ns3:TrackPointExtension>
        </extensions>
      </trkpt>
      <trkpt lat="45.177809" lon="7.649936">
        <ele>277.75</ele>
        <extensions>
          <ns3:TrackPointExtension>
            <ns3:Extensions>
              <highway>secondary</highway>
              <surface>asphalt</surface>
              <maxspeed>50</maxspeed>
            </ns3:Extensions>
          </ns3:TrackPointExtension>
        </extensions>
      </trkpt>
      <trkpt lat="45.177971" lon="7.649885">
        <ele>277.5</ele>
        <extensions>
          <ns3:TrackPointExtension>
            <ns3:Extensions>
              <highway>secondary</highway>
              <surface>asphalt</surface>
              <maxspeed>50</maxspeed>
            </ns3:Extensions>
          </ns3:TrackPointExtension>
        </extensions>
      </trkpt>
      <trkpt lat="45.17818" lon="7.649857">
        <ele>277.25</ele>
        <extensions>
          <ns3:TrackPointExtension>
            <ns3:Extensions>
              <highway>secondary</highway>
              <surface>asphalt</surface>
              <maxspeed>40</maxspeed>
              <junction>roundabout</junction>
            </ns3:Extensions>
          </ns3:TrackPointExtension>
        </extensions>
      </trkpt>
      <trkpt lat="45.178187" lon="7.649898">
        <ele>277.25</ele>
        <extensions>
          <ns3:TrackPointExtension>
            <ns3:Extensions>
              <highway>secondary</highway>
              <surface>asphalt</surface>
              <maxspeed>40</maxspeed>
              <junction>roundabout</junction>
            </ns3:Extensions>
          </ns3:TrackPointExtension>
        </extensions>
      </trkpt>
      <trkpt lat="45.178203" lon="7.649935">
        <ele>277</ele>
        <extensions>
          <ns3:TrackPointExtension>
            <ns3:Extensions>
              <highway>secondary</highway>
              <surface>asphalt</surface>
              <maxspeed>40</maxspeed>
              <junction>roundabout</junction>
            </ns3:Extensions>
          </ns3:TrackPointExtension>
        </extensions>
      </trkpt>
      <trkpt lat="45.178225" lon="7.649964">
        <ele>277</ele>
        <extensions>
          <ns3:TrackPointExtension>
            <ns3:Extensions>
              <highway>secondary</highway>
              <surface>asphalt</surface>
              <maxspeed>40</maxspeed>
              <junction>roundabout</junction>
            </ns3:Extensions>
          </ns3:TrackPointExtension>
        </extensions>
      </trkpt>
      <trkpt lat="45.178252" lon="7.649983">
        <ele>277</ele>
        <extensions>
          <ns3:TrackPointExtension>
            <ns3:Extensions>
              <highway>secondary</highway>
              <surface>asphalt</surface>
              <maxspeed>40</maxspeed>
              <junction>roundabout</junction>
            </ns3:Extensions>
          </ns3:TrackPointExtension>
        </extensions>
      </trkpt>
      <trkpt lat="45.178282" lon="7.64999">
        <ele>277</ele>
        <extensions>
          <ns3:TrackPointExtension>
            <ns3:Extensions>
              <highway>secondary</highway>
              <surface>asphalt</surface>
              <maxspeed>40</maxspeed>
              <junction>roundabout</junction>
            </ns3:Extensions>
          </ns3:TrackPointExtension>
        </extensions>
      </trkpt>
      <trkpt lat="45.178312" lon="7.649984">
        <ele>277</ele>
        <extensions>
          <ns3:TrackPointExtension>
            <ns3:Extensions>
              <highway>secondary</highway>
              <surface>asphalt</surface>
              <maxspeed>40</maxspeed>
              <junction>roundabout</junction>
            </ns3:Extensions>
          </ns3:TrackPointExtension>
        </extensions>
      </trkpt>
      <trkpt lat="45.178341" lon="7.649964">
        <ele>277</ele>
        <extensions>
          <ns3:TrackPointExtension>
            <ns3:Extensions>
              <highway>secondary</highway>
              <surface>asphalt</surface>
              <maxspeed>40</maxspeed>
              <junction>roundabout</junction>
            </ns3:Extensions>
          </ns3:TrackPointExtension>
        </extensions>
      </trkpt>
      <trkpt lat="45.178365" lon="7.649933">
        <ele>277</ele>
        <extensions>
          <ns3:TrackPointExtension>
            <ns3:Extensions>
              <highway>secondary</highway>
              <surface>asphalt</surface>
              <maxspeed>40</maxspeed>
              <junction>roundabout</junction>
            </ns3:Extensions>
          </ns3:TrackPointExtension>
        </extensions>
      </trkpt>
      <trkpt lat="45.17838" lon="7.649893">
        <ele>277</ele>
        <extensions>
          <ns3:TrackPointExtension>
            <ns3:Extensions>
              <highway>secondary</highway>
              <surface>asphalt</surface>
              <maxspeed>40</maxspeed>
              <junction>roundabout</junction>
            </ns3:Extensions>
          </ns3:TrackPointExtension>
        </extensions>
      </trkpt>
      <trkpt lat="45.178386" lon="7.649848">
        <ele>277</ele>
        <extensions>
          <ns3:TrackPointExtension>
            <ns3:Extensions>
              <highway>secondary</highway>
              <surface>asphalt</surface>
              <maxspeed>40</maxspeed>
              <junction>roundabout</junction>
            </ns3:Extensions>
          </ns3:TrackPointExtension>
        </extensions>
      </trkpt>
      <trkpt lat="45.178382" lon="7.649803">
        <ele>277</ele>
        <extensions>
          <ns3:TrackPointExtension>
            <ns3:Extensions>
              <highway>secondary</highway>
              <surface>asphalt</surface>
              <maxspeed>40</maxspeed>
              <junction>roundabout</junction>
            </ns3:Extensions>
          </ns3:TrackPointExtension>
        </extensions>
      </trkpt>
      <trkpt lat="45.178368" lon="7.649761">
        <ele>277.25</ele>
        <extensions>
          <ns3:TrackPointExtension>
            <ns3:Extensions>
              <highway>secondary</highway>
              <surface>asphalt</surface>
              <maxspeed>50</maxspeed>
            </ns3:Extensions>
          </ns3:TrackPointExtension>
        </extensions>
      </trkpt>
      <trkpt lat="45.178437" lon="7.64971">
        <ele>277.25</ele>
        <extensions>
          <ns3:TrackPointExtension>
            <ns3:Extensions>
              <highway>secondary</highway>
              <surface>asphalt</surface>
              <maxspeed>50</maxspeed>
            </ns3:Extensions>
          </ns3:TrackPointExtension>
        </extensions>
      </trkpt>
      <trkpt lat="45.178521" lon="7.649658">
        <ele>277.25</ele>
        <extensions>
          <ns3:TrackPointExtension>
            <ns3:Extensions>
              <highway>secondary</highway>
              <surface>asphalt</surface>
              <maxspeed>50</maxspeed>
            </ns3:Extensions>
          </ns3:TrackPointExtension>
        </extensions>
      </trkpt>
      <trkpt lat="45.178763" lon="7.649575">
        <ele>277.5</ele>
        <extensions>
          <ns3:TrackPointExtension>
            <ns3:Extensions>
              <highway>secondary</highway>
              <surface>asphalt</surface>
              <maxspeed>50</maxspeed>
            </ns3:Extensions>
          </ns3:TrackPointExtension>
        </extensions>
      </trkpt>
      <trkpt lat="45.178997" lon="7.649505">
        <ele>277.5</ele>
        <extensions>
          <ns3:TrackPointExtension>
            <ns3:Extensions>
              <highway>secondary_link</highway>
              <surface>asphalt</surface>
              <maxspeed>40</maxspeed>
              <oneway>yes</oneway>
            </ns3:Extensions>
          </ns3:TrackPointExtension>
        </extensions>
      </trkpt>
      <trkpt lat="45.179222" lon="7.649539">
        <ele>277.5</ele>
        <extensions>
          <ns3:TrackPointExtension>
            <ns3:Extensions>
              <highway>secondary_link</highway>
              <surface>asphalt</surface>
              <maxspeed>40</maxspeed>
              <oneway>yes</oneway>
            </ns3:Extensions>
          </ns3:TrackPointExtension>
        </extensions>
      </trkpt>
      <trkpt lat="45.17933" lon="7.649575">
        <ele>277.5</ele>
        <extensions>
          <ns3:TrackPointExtension>
            <ns3:Extensions>
              <highway>secondary_link</highway>
              <surface>asphalt</surface>
              <maxspeed>40</maxspeed>
              <oneway>yes</oneway>
            </ns3:Extensions>
          </ns3:TrackPointExtension>
        </extensions>
      </trkpt>
      <trkpt lat="45.179426" lon="7.649621">
        <ele>277.75</ele>
        <extensions>
          <ns3:TrackPointExtension>
            <ns3:Extensions>
              <highway>secondary_link</highway>
              <surface>asphalt</surface>
              <maxspeed>40</maxspeed>
              <oneway>yes</oneway>
            </ns3:Extensions>
          </ns3:TrackPointExtension>
        </extensions>
      </trkpt>
      <trkpt lat="45.179521" lon="7.649685">
        <ele>277.75</ele>
        <extensions>
          <ns3:TrackPointExtension>
            <ns3:Extensions>
              <highway>secondary_link</highway>
              <surface>asphalt</surface>
              <maxspeed>40</maxspeed>
              <oneway>yes</oneway>
            </ns3:Extensions>
          </ns3:TrackPointExtension>
        </extensions>
      </trkpt>
      <trkpt lat="45.179682" lon="7.649817">
        <ele>277.75</ele>
        <extensions>
          <ns3:TrackPointExtension>
            <ns3:Extensions>
              <highway>secondary_link</highway>
              <surface>asphalt</surface>
              <maxspeed>40</maxspeed>
              <oneway>yes</oneway>
            </ns3:Extensions>
          </ns3:TrackPointExtension>
        </extensions>
      </trkpt>
      <trkpt lat="45.179846" lon="7.649966">
        <ele>277.5</ele>
        <extensions>
          <ns3:TrackPointExtension>
            <ns3:Extensions>
              <highway>secondary_link</highway>
              <surface>asphalt</surface>
              <maxspeed>40</maxspeed>
              <oneway>yes</oneway>
            </ns3:Extensions>
          </ns3:TrackPointExtension>
        </extensions>
      </trkpt>
      <trkpt lat="45.180133" lon="7.650225">
        <ele>277.5</ele>
        <extensions>
          <ns3:TrackPointExtension>
            <ns3:Extensions>
              <highway>secondary_link</highway>
              <surface>asphalt</surface>
              <maxspeed>40</maxspeed>
              <oneway>yes</oneway>
            </ns3:Extensions>
          </ns3:TrackPointExtension>
        </extensions>
      </trkpt>
      <trkpt lat="45.180212" lon="7.650275">
        <ele>277.25</ele>
        <extensions>
          <ns3:TrackPointExtension>
            <ns3:Extensions>
              <highway>secondary_link</highway>
              <surface>asphalt</surface>
              <maxspeed>40</maxspeed>
              <oneway>yes</oneway>
            </ns3:Extensions>
          </ns3:TrackPointExtension>
        </extensions>
      </trkpt>
      <trkpt lat="45.180268" lon="7.650296">
        <ele>277.25</ele>
        <extensions>
          <ns3:TrackPointExtension>
            <ns3:Extensions>
              <highway>secondary_link</highway>
              <surface>asphalt</surface>
              <maxspeed>40</maxspeed>
              <oneway>yes</oneway>
            </ns3:Extensions>
          </ns3:TrackPointExtension>
        </extensions>
      </trkpt>
      <trkpt lat="45.180328" lon="7.650306">
        <ele>277</ele>
        <extensions>
          <ns3:TrackPointExtension>
            <ns3:Extensions>
              <highway>secondary_link</highway>
              <surface>asphalt</surface>
              <maxspeed>40</maxspeed>
              <oneway>yes</oneway>
            </ns3:Extensions>
          </ns3:TrackPointExtension>
        </extensions>
      </trkpt>
      <trkpt lat="45.180398" lon="7.650297">
        <ele>277</ele>
        <extensions>
          <ns3:TrackPointExtension>
            <ns3:Extensions>
              <highway>secondary_link</highway>
              <surface>asphalt</surface>
              <maxspeed>40</maxspeed>
              <oneway>yes</oneway>
            </ns3:Extensions>
          </ns3:TrackPointExtension>
        </extensions>
      </trkpt>
      <trkpt lat="45.180459" lon="7.650268">
        <ele>277</ele>
        <extensions>
          <ns3:TrackPointExtension>
            <ns3:Extensions>
              <highway>secondary_link</highway>
              <surface>asphalt</surface>
              <maxspeed>40</maxspeed>
              <oneway>yes</oneway>
            </ns3:Extensions>
          </ns3:TrackPointExtension>
        </extensions>
      </trkpt>
      <trkpt lat="45.180516" lon="7.650224">
        <ele>277</ele>
        <extensions>
          <ns3:TrackPointExtension>
            <ns3:Extensions>
              <highway>secondary_link</highway>
              <surface>asphalt</surface>
              <maxspeed>40</maxspeed>
              <oneway>yes</oneway>
            </ns3:Extensions>
          </ns3:TrackPointExtension>
        </extensions>
      </trkpt>
      <trkpt lat="45.180587" lon="7.650147">
        <ele>277</ele>
        <extensions>
          <ns3:TrackPointExtension>
            <ns3:Extensions>
              <highway>secondary_link</highway>
              <surface>asphalt</surface>
              <maxspeed>40</maxspeed>
              <oneway>yes</oneway>
            </ns3:Extensions>
          </ns3:TrackPointExtension>
        </extensions>
      </trkpt>
      <trkpt lat="45.180637" lon="7.650066">
        <ele>277</ele>
        <extensions>
          <ns3:TrackPointExtension>
            <ns3:Extensions>
              <highway>secondary_link</highway>
              <surface>asphalt</surface>
              <maxspeed>40</maxspeed>
              <oneway>yes</oneway>
            </ns3:Extensions>
          </ns3:TrackPointExtension>
        </extensions>
      </trkpt>
      <trkpt lat="45.180677" lon="7.649961">
        <ele>277</ele>
        <extensions>
          <ns3:TrackPointExtension>
            <ns3:Extensions>
              <highway>secondary_link</highway>
              <surface>asphalt</surface>
              <maxspeed>40</maxspeed>
              <oneway>yes</oneway>
            </ns3:Extensions>
          </ns3:TrackPointExtension>
        </extensions>
      </trkpt>
      <trkpt lat="45.180695" lon="7.649865">
        <ele>277</ele>
        <extensions>
          <ns3:TrackPointExtension>
            <ns3:Extensions>
              <highway>secondary_link</highway>
              <surface>asphalt</surface>
              <maxspeed>40</maxspeed>
              <oneway>yes</oneway>
            </ns3:Extensions>
          </ns3:TrackPointExtension>
        </extensions>
      </trkpt>
      <trkpt lat="45.1807" lon="7.649753">
        <ele>277</ele>
        <extensions>
          <ns3:TrackPointExtension>
            <ns3:Extensions>
              <highway>secondary_link</highway>
              <surface>asphalt</surface>
              <maxspeed>40</maxspeed>
              <oneway>yes</oneway>
            </ns3:Extensions>
          </ns3:TrackPointExtension>
        </extensions>
      </trkpt>
      <trkpt lat="45.180684" lon="7.649455">
        <ele>277.25</ele>
        <extensions>
          <ns3:TrackPointExtension>
            <ns3:Extensions>
              <highway>secondary_link</highway>
              <surface>asphalt</surface>
              <maxspeed>40</maxspeed>
              <oneway>yes</oneway>
            </ns3:Extensions>
          </ns3:TrackPointExtension>
        </extensions>
      </trkpt>
      <trkpt lat="45.180689" lon="7.649315">
        <ele>277.25</ele>
        <extensions>
          <ns3:TrackPointExtension>
            <ns3:Extensions>
              <highway>secondary_link</highway>
              <surface>asphalt</surface>
              <maxspeed>40</maxspeed>
              <oneway>yes</oneway>
            </ns3:Extensions>
          </ns3:TrackPointExtension>
        </extensions>
      </trkpt>
      <trkpt lat="45.180704" lon="7.649181">
        <ele>277.25</ele>
        <extensions>
          <ns3:TrackPointExtension>
            <ns3:Extensions>
              <highway>secondary_link</highway>
              <surface>asphalt</surface>
              <maxspeed>40</maxspeed>
              <oneway>yes</oneway>
            </ns3:Extensions>
          </ns3:TrackPointExtension>
        </extensions>
      </trkpt>
      <trkpt lat="45.180732" lon="7.649058">
        <ele>277.25</ele>
        <extensions>
          <ns3:TrackPointExtension>
            <ns3:Extensions>
              <highway>secondary_link</highway>
              <surface>asphalt</surface>
              <maxspeed>40</maxspeed>
              <oneway>yes</oneway>
            </ns3:Extensions>
          </ns3:TrackPointExtension>
        </extensions>
      </trkpt>
      <trkpt lat="45.180782" lon="7.64889">
        <ele>277.25</ele>
        <extensions>
          <ns3:TrackPointExtension>
            <ns3:Extensions>
              <highway>secondary_link</highway>
              <surface>asphalt</surface>
              <maxspeed>40</maxspeed>
              <oneway>yes</oneway>
            </ns3:Extensions>
          </ns3:TrackPointExtension>
        </extensions>
      </trkpt>
      <trkpt lat="45.180844" lon="7.648731">
        <ele>277.5</ele>
        <extensions>
          <ns3:TrackPointExtension>
            <ns3:Extensions>
              <highway>secondary_link</highway>
              <surface>asphalt</surface>
              <maxspeed>40</maxspeed>
              <oneway>yes</oneway>
            </ns3:Extensions>
          </ns3:TrackPointExtension>
        </extensions>
      </trkpt>
      <trkpt lat="45.181009" lon="7.648357">
        <ele>277.75</ele>
        <extensions>
          <ns3:TrackPointExtension>
            <ns3:Extensions>
              <highway>secondary_link</highway>
              <surface>asphalt</surface>
              <maxspeed>40</maxspeed>
              <oneway>yes</oneway>
            </ns3:Extensions>
          </ns3:TrackPointExtension>
        </extensions>
      </trkpt>
      <trkpt lat="45.181103" lon="7.648056">
        <ele>277.5</ele>
        <extensions>
          <ns3:TrackPointExtension>
            <ns3:Extensions>
              <highway>primary</highway>
              <surface>asphalt</surface>
              <maxspeed>70</maxspeed>
              <oneway>yes</oneway>
            </ns3:Extensions>
          </ns3:TrackPointExtension>
        </extensions>
      </trkpt>
      <trkpt lat="45.18178" lon="7.646738">
        <ele>280.25</ele>
        <extensions>
          <ns3:TrackPointExtension>
            <ns3:Extensions>
              <highway>primary</highway>
              <surface>asphalt</surface>
              <maxspeed>70</maxspeed>
              <oneway>yes</oneway>
            </ns3:Extensions>
          </ns3:TrackPointExtension>
        </extensions>
      </trkpt>
      <trkpt lat="45.182012" lon="7.646399">
        <ele>280.75</ele>
        <extensions>
          <ns3:TrackPointExtension>
            <ns3:Extensions>
              <highway>primary</highway>
              <surface>asphalt</surface>
              <maxspeed>70</maxspeed>
              <oneway>yes</oneway>
            </ns3:Extensions>
          </ns3:TrackPointExtension>
        </extensions>
      </trkpt>
      <trkpt lat="45.182286" lon="7.646094">
        <ele>281</ele>
        <extensions>
          <ns3:TrackPointExtension>
            <ns3:Extensions>
              <highway>primary</highway>
              <surface>asphalt</surface>
              <maxspeed>70</maxspeed>
              <oneway>yes</oneway>
            </ns3:Extensions>
          </ns3:TrackPointExtension>
        </extensions>
      </trkpt>
      <trkpt lat="45.182586" lon="7.645834">
        <ele>281.75</ele>
        <extensions>
          <ns3:TrackPointExtension>
            <ns3:Extensions>
              <highway>primary</highway>
              <surface>asphalt</surface>
              <maxspeed>70</maxspeed>
              <oneway>yes</oneway>
            </ns3:Extensions>
          </ns3:TrackPointExtension>
        </extensions>
      </trkpt>
      <trkpt lat="45.182828" lon="7.645671">
        <ele>282</ele>
        <extensions>
          <ns3:TrackPointExtension>
            <ns3:Extensions>
              <highway>primary</highway>
              <surface>asphalt</surface>
              <maxspeed>70</maxspeed>
              <oneway>yes</oneway>
            </ns3:Extensions>
          </ns3:TrackPointExtension>
        </extensions>
      </trkpt>
      <trkpt lat="45.183209" lon="7.645522">
        <ele>282</ele>
        <extensions>
          <ns3:TrackPointExtension>
            <ns3:Extensions>
              <highway>primary</highway>
              <surface>asphalt</surface>
              <maxspeed>70</maxspeed>
              <oneway>yes</oneway>
            </ns3:Extensions>
          </ns3:TrackPointExtension>
        </extensions>
      </trkpt>
      <trkpt lat="45.184162" lon="7.645353">
        <ele>281.5</ele>
        <extensions>
          <ns3:TrackPointExtension>
            <ns3:Extensions>
              <highway>unclassified</highway>
              <surface>asphalt</surface>
              <maxspeed>30</maxspeed>
              <oneway>yes</oneway>
            </ns3:Extensions>
          </ns3:TrackPointExtension>
        </extensions>
      </trkpt>
      <trkpt lat="45.184378" lon="7.645375">
        <ele>282</ele>
        <extensions>
          <ns3:TrackPointExtension>
            <ns3:Extensions>
              <highway>unclassified</highway>
              <surface>asphalt</surface>
              <maxspeed>30</maxspeed>
              <oneway>yes</oneway>
            </ns3:Extensions>
          </ns3:TrackPointExtension>
        </extensions>
      </trkpt>
      <trkpt lat="45.184814" lon="7.64534">
        <ele>283.5</ele>
        <extensions>
          <ns3:TrackPointExtension>
            <ns3:Extensions>
              <highway>unclassified</highway>
              <surface>asphalt</surface>
              <maxspeed>30</maxspeed>
              <oneway>yes</oneway>
            </ns3:Extensions>
          </ns3:TrackPointExtension>
        </extensions>
      </trkpt>
      <trkpt lat="45.185226" lon="7.645258">
        <ele>284.25</ele>
        <extensions>
          <ns3:TrackPointExtension>
            <ns3:Extensions>
              <highway>unclassified</highway>
              <surface>asphalt</surface>
              <maxspeed>30</maxspeed>
              <oneway>yes</oneway>
            </ns3:Extensions>
          </ns3:TrackPointExtension>
        </extensions>
      </trkpt>
      <trkpt lat="45.185395" lon="7.645187">
        <ele>284</ele>
        <extensions>
          <ns3:TrackPointExtension>
            <ns3:Extensions>
              <highway>unclassified</highway>
              <surface>asphalt</surface>
              <maxspeed>30</maxspeed>
              <oneway>yes</oneway>
            </ns3:Extensions>
          </ns3:TrackPointExtension>
        </extensions>
      </trkpt>
      <trkpt lat="45.185712" lon="7.645055">
        <ele>284</ele>
        <extensions>
          <ns3:TrackPointExtension>
            <ns3:Extensions>
              <highway>unclassified</highway>
              <surface>asphalt</surface>
              <maxspeed>30</maxspeed>
              <oneway>yes</oneway>
            </ns3:Extensions>
          </ns3:TrackPointExtension>
        </extensions>
      </trkpt>
      <trkpt lat="45.186178" lon="7.644801">
        <ele>284.25</ele>
        <extensions>
          <ns3:TrackPointExtension>
            <ns3:Extensions>
              <highway>unclassified</highway>
              <surface>asphalt</surface>
              <maxspeed>30</maxspeed>
              <oneway>yes</oneway>
            </ns3:Extensions>
          </ns3:TrackPointExtension>
        </extensions>
      </trkpt>
      <trkpt lat="45.186792" lon="7.644452">
        <ele>285</ele>
        <extensions>
          <ns3:TrackPointExtension>
            <ns3:Extensions>
              <highway>unclassified</highway>
              <surface>asphalt</surface>
              <maxspeed>30</maxspeed>
              <oneway>yes</oneway>
            </ns3:Extensions>
          </ns3:TrackPointExtension>
        </extensions>
      </trkpt>
      <trkpt lat="45.186828" lon="7.644431">
        <ele>285</ele>
        <extensions>
          <ns3:TrackPointExtension>
            <ns3:Extensions>
              <highway>unclassified</highway>
              <surface>asphalt</surface>
              <maxspeed>30</maxspeed>
              <oneway>yes</oneway>
            </ns3:Extensions>
          </ns3:TrackPointExtension>
        </extensions>
      </trkpt>
      <trkpt lat="45.187575" lon="7.644096">
        <ele>286</ele>
        <extensions>
          <ns3:TrackPointExtension>
            <ns3:Extensions>
              <highway>unclassified</highway>
              <surface>asphalt</surface>
              <maxspeed>30</maxspeed>
              <oneway>yes</oneway>
            </ns3:Extensions>
          </ns3:TrackPointExtension>
        </extensions>
      </trkpt>
      <trkpt lat="45.188794" lon="7.643534">
        <ele>287.5</ele>
        <extensions>
          <ns3:TrackPointExtension>
            <ns3:Extensions>
              <highway>unclassified</highway>
              <surface>asphalt</surface>
              <maxspeed>30</maxspeed>
              <oneway>yes</oneway>
            </ns3:Extensions>
          </ns3:TrackPointExtension>
        </extensions>
      </trkpt>
      <trkpt lat="45.188985" lon="7.64344">
        <ele>288.25</ele>
        <extensions>
          <ns3:TrackPointExtension>
            <ns3:Extensions>
              <highway>unclassified</highway>
              <surface>asphalt</surface>
              <maxspeed>30</maxspeed>
              <oneway>yes</oneway>
            </ns3:Extensions>
          </ns3:TrackPointExtension>
        </extensions>
      </trkpt>
      <trkpt lat="45.18921" lon="7.643382">
        <ele>288.5</ele>
        <extensions>
          <ns3:TrackPointExtension>
            <ns3:Extensions>
              <highway>unclassified</highway>
              <surface>asphalt</surface>
              <maxspeed>30</maxspeed>
              <oneway>yes</oneway>
            </ns3:Extensions>
          </ns3:TrackPointExtension>
        </extensions>
      </trkpt>
      <trkpt lat="45.18921" lon="7.643382">
        <ele>288.5</ele>
        <extensions>
          <ns3:TrackPointExtension>
            <ns3:Extensions>
              <highway>unclassified</highway>
              <surface>asphalt</surface>
              <maxspeed>30</maxspeed>
              <oneway>yes</oneway>
            </ns3:Extensions>
          </ns3:TrackPointExtension>
        </extensions>
      </trkpt>
      <trkpt lat="45.189283" lon="7.643364">
        <ele>288.75</ele>
        <extensions>
          <ns3:TrackPointExtension>
            <ns3:Extensions>
              <highway>unclassified</highway>
              <surface>asphalt</surface>
              <maxspeed>30</maxspeed>
              <oneway>yes</oneway>
            </ns3:Extensions>
          </ns3:TrackPointExtension>
        </extensions>
      </trkpt>
      <trkpt lat="45.189308" lon="7.643358">
        <ele>288.75</ele>
        <extensions>
          <ns3:TrackPointExtension>
            <ns3:Extensions>
              <highway>unclassified</highway>
              <surface>asphalt</surface>
              <maxspeed>30</maxspeed>
              <oneway>yes</oneway>
            </ns3:Extensions>
          </ns3:TrackPointExtension>
        </extensions>
      </trkpt>
      <trkpt lat="45.189576" lon="7.643282">
        <ele>289</ele>
        <extensions>
          <ns3:TrackPointExtension>
            <ns3:Extensions>
              <highway>unclassified</highway>
              <surface>asphalt</surface>
              <maxspeed>30</maxspeed>
              <oneway>yes</oneway>
            </ns3:Extensions>
          </ns3:TrackPointExtension>
        </extensions>
      </trkpt>
      <trkpt lat="45.190308" lon="7.642915">
        <ele>291.25</ele>
        <extensions>
          <ns3:TrackPointExtension>
            <ns3:Extensions>
              <highway>service</highway>
              <surface>asphalt</surface>
              <maxspeed>30</maxspeed>
              <oneway>yes</oneway>
            </ns3:Extensions>
          </ns3:TrackPointExtension>
        </extensions>
      </trkpt>
      <trkpt lat="45.190311" lon="7.642912">
        <ele>290.56921637005706</ele>
      </trkpt>
      <trkpt lat="45.19063385351268" lon="7.642939585665857">
        <ele>292.4085011434753</ele>
      </trkpt>
      <trkpt lat="45.19108311414558" lon="7.642966493382787">
        <ele>297.31712875891316</ele>
      </trkpt>
      <trkpt lat="45.191145847310764" lon="7.642970250681174">
        <ele>297.3843288974843</ele>
      </trkpt>
      <trkpt lat="45.19121711910017" lon="7.642914453966824">
        <ele>297.1935124170214</ele>
      </trkpt>
      <trkpt lat="45.1916662414648" lon="7.642945659942642">
        <ele>293.71812100926</ele>
      </trkpt>
      <trkpt lat="45.191783390415594" lon="7.642953799700564">
        <ele>292.723660482754</ele>
      </trkpt>
    </trkseg>
  </trk>
</gpx>