Corsa,Codice corsa,Codice linea,Partenza,Ora partenza,Arrivo,Ora arrivo,Flag spezzata,Turno
28998,5,280,BARGE-Viale Mazzini/Cavallotta,4:45:00,OSASCO - Ponte Chisone,5:15:00,FALSE,Ba3510
28187,12,275,OSASCO - Ponte Chisone,5:15:00,Villar Perosa Stabilimento SKF,5:27:00,FALSE,Ba3510
29775,027A,275,Villar Perosa Stabilimento SKF,6:05:00,Pinerolo Bivio Sede SAPAV,6:34:00,FALSE,Ba3510
29678,2220,281,PINEROLO - stazione FS,6:40:00,CAS - Via Torino  fr 16,7:10:00,FALSE,Ba3510
29109,08B,278,PANCALIERI - via P. Amedeo 62,7:23:00,PINEROLO - Piazza Cavour,8:05:00,FALSE,Ba3510
28103,22017,280,PINEROLO - Fronte Stazione FS,8:45:00,BARGE-Viale Mazzini/Cavallotta,9:15:00,FALSE,Ba3510
29002,155,280,BARGE-Viale Mazzini/Cavallotta,21:00:00,AIRASCA - stabilimento SKF,22:00:00,FALSE,Ba3510
29802,174,280,AIRASCA - stabilimento SKF,22:30:00,BARGE-Viale Mazzini/Cavallotta,23:17:00,FALSE,Ba3510
28999,29,280,BARGE-Viale Mazzini/Cavallotta,6:40:00,OSASCO - Ponte Chisone,7:10:00,FALSE,Ba3520
28188,034C,275,OSASCO - Ponte Chisone,7:10:00,Villar Perosa Stabilimento SKF,7:24:00,FALSE,Ba3520
29267,109B,281,Villar Perosa-Via Nazionale-SP Sestriere,7:45:00,Pinerolo Centro Studi (C.Torino/Rochis),8:10:00,FALSE,Ba3520
29800,81,280,BARGE-Viale Mazzini/Cavallotta,12:55:00,AIRASCA - stabilimento SKF,13:55:00,FALSE,Ba3520
29805,22111,284,AIRASCA - stabilimento SKF,14:30:00,PEROSA ARG.-Pzza Terzo Alpini,15:13:00,FALSE,Ba3520
28065,22037,284,PEROSA ARG.-Pzza Terzo Alpini,15:22:00,PINEROLO - Piazza Cavour,15:47:00,FALSE,Ba3520
28427,196A,275,PINEROLO - Piazza Cavour,16:20:00,VILLAR PEROSA - via Nazionale,16:40:00,FALSE,Ba3520
28107,239G,275,Villar Perosa Stabilimento SKF,17:00:00,OSASCO - Ponte Chisone,17:14:00,FALSE,Ba3520
29006,124,280,OSASCO - Ponte Chisone,17:14:00,BARGE-Viale Mazzini/Cavallotta,17:48:00,FALSE,Ba3520
29799,17,280,BARGE-Viale Mazzini/Cavallotta,5:00:00,AIRASCA - stabilimento SKF,5:55:00,FALSE,Ba3530
28457,2,278,CERCENASCO - v. Reg.Margherita,6:25:00,PINEROLO - Piazza Cavour,7:00:00,FALSE,Ba3530
28088,30001,283,PINEROLO - Piazza Cavour,7:15:00,CANTALUPA,7:45:00,FALSE,Ba3530
28078,30032,283,CANTALUPA,7:50:00,PINEROLO - Piazza Cavour,8:09:00,FALSE,Ba3530
28535,N2,275,PINEROLO - Piazza Cavour,8:10:00,PEROSA ARG.-Pzza Terzo Alpini,8:40:00,FALSE,Ba3530
28505,131FA,275,PEROSA ARG.-Pzza Terzo Alpini,9:40:00,PINEROLO - movicentro,10:12:00,FALSE,Ba3530
28637,131FB,275,PINEROLO - movicentro,10:16:00,Pinerolo Bivio Sede SAPAV,10:23:00,TRUE,Ba3530
29695,134A,281,PINEROLO - Stazione Olimpica,13:30:00,VILLAR PEROSA - via Nazionale,13:50:00,FALSE,Ba3530
28106,185F,275,Villar Perosa Stabilimento SKF,14:15:00,OSASCO - Ponte Chisone,14:26:00,FALSE,Ba3530
29005,86,280,OSASCO - Ponte Chisone,14:26:00,BARGE-Viale Mazzini/Cavallotta,14:56:00,FALSE,Ba3530
29003,51,280,BARGE-Viale Mazzini/Cavallotta,7:10:00,AIRASCA - stabilimento SKF,8:10:00,FALSE,Ba3560
28282,22015,280,AIRASCA - stabilimento SKF,8:15:00,BARGE-Viale Mazzini/Cavallotta,9:00:00,FALSE,Ba3560
29676,21040B,279,PINEROLO Centro Studi,14:20:00,TORRE PELLICE,14:45:00,FALSE,Ba3560
28918,21C,278,PINEROLO - Stazione FS (Via Brignone),15:15:00,VIRLE PIEMONTE - via Carignano,16:05:00,FALSE,Ba3560
29009,144,280,AIRASCA - stabilimento SKF,17:30:00,BARGE-Viale Mazzini/Cavallotta,18:30:00,FALSE,Ba3560
29782,22001A,284,BOBBIO PELLICE,4:05:00,PINEROLO - stazione FS,4:46:00,FALSE,Bo3010
29781,22001B,284,PINEROLO - stazione FS,4:48:00,TO - Mirafiori c.so Tazzoli,5:32:00,FALSE,Bo3010
29603,22076A,284,TO - Mirafiori c.so Tazzoli,6:10:00,PINEROLO - Fronte Stazione FS,7:00:00,FALSE,Bo3010
29602,22076B,284,PINEROLO - Fronte Stazione FS,7:02:00,BOBBIO PELLICE,7:35:00,FALSE,Bo3010
28404,21009,279,BOBBIO PELLICE,7:35:00,Luserna S.Giovanni (Airali),8:00:00,FALSE,Bo3010
28387,21030B,279,TORRE PELLICE,8:05:00,BOBBIO PELLICE,8:19:00,FALSE,Bo3010
28867,22002A,284,BOBBIO PELLICE,12:05:00,PINEROLO - stazione FS,12:49:00,FALSE,Bo3010
28869,22002B,284,PINEROLO - stazione FS,12:51:00,TO - Mirafiori c.so Tazzoli,13:38:00,FALSE,Bo3010
29219,22077A,284,TO - Mirafiori c.so Tazzoli,14:15:00,PINEROLO - Fronte Stazione FS,15:11:00,FALSE,Bo3010
28873,22077B,284,PINEROLO - Fronte Stazione FS,15:13:00,BOBBIO PELLICE,15:49:00,FALSE,Bo3010
28386,21028,279,TORRE PELLICE,6:35:00,BOBBIO PELLICE,6:53:00,FALSE,Bo3020
29110,21005,279,BOBBIO PELLICE,7:00:00,Pinerolo Centro Studi (C.Torino/Rochis),7:51:00,FALSE,Bo3020
29117,22090A,284,PINEROLO - Fronte Stazione FS,8:15:00,TORRE PELLICE,8:46:00,FALSE,Bo3020
28379,21031,279,TORRE PELLICE,8:46:00,BOBBIO PELLICE,9:00:00,FALSE,Bo3020
28868,22003A,284,BOBBIO PELLICE,20:05:00,PINEROLO - stazione FS,20:48:00,FALSE,Bo3020
28870,22003B,284,PINEROLO - stazione FS,20:50:00,TO - Mirafiori c.so Tazzoli,21:40:00,FALSE,Bo3020
29220,22078A,284,TO - Mirafiori c.so Tazzoli,22:15:00,PINEROLO - Fronte Stazione FS,23:05:00,FALSE,Bo3020
28874,22078B,284,PINEROLO - Fronte Stazione FS,23:07:00,BOBBIO PELLICE,23:40:00,FALSE,Bo3020
28371,21002,279,BOBBIO PELLICE,5:40:00,TORRE PELLICE,6:00:00,FALSE,Bo3030
28871,22010A,284,TORRE PELLICE,6:10:00,PINEROLO - movicentro,6:41:00,FALSE,Bo3030
28872,22010B,284,PINEROLO - movicentro,6:43:00,TORINO - Autostazione c.so Bolzano,7:50:00,FALSE,Bo3030
28714,096B,282,TORINO - Autostazione c.so Bolzano,9:33:00,PINEROLO - movicentro,10:44:00,FALSE,Bo3030
29672,21039,279,PINEROLO Centro Studi,13:30:00,BOBBIO PELLICE,14:20:00,FALSE,Bo3030
28372,21020S,279,BOBBIO PELLICE,14:20:00,TORRE PELLICE,14:38:00,FALSE,Bo3030
29185,21043,279,TORRE PELLICE,15:10:00,BOBBIO PELLICE,15:26:00,FALSE,Bo3030
29291,A50,268,CASELLE Aeroporto,14:00:00,TO - piazza Carlo Felice,14:45:00,FALSE,Ca0020
28897,D35,268,TO - piazza Carlo Felice,15:00:00,CASELLE Aeroporto,15:37:00,FALSE,Ca0020
29289,A58,268,CASELLE Aeroporto,16:00:00,TO - piazza Carlo Felice,16:45:00,FALSE,Ca0020
28884,D43,268,TO - piazza Carlo Felice,17:00:00,CASELLE Aeroporto,17:37:00,FALSE,Ca0020
29293,A66,268,CASELLE Aeroporto,18:00:00,TO - piazza Carlo Felice,18:45:00,FALSE,Ca0020
29346,A133,268,TO - piazza Carlo Felice,19:00:00,CASELLE Aeroporto,19:45:00,FALSE,Ca0020
29316,A120,268,CASELLE Aeroporto,6:45:00,TO - piazza Carlo Felice,7:30:00,FALSE,Ca0030
29376,A19,268,TO - piazza Carlo Felice,7:45:00,CASELLE Aeroporto,8:30:00,FALSE,Ca0030
28991,D8,268,CASELLE Aeroporto,8:45:00,TO - piazza Carlo Felice,9:24:00,FALSE,Ca0030
29361,A35,268,TO - piazza Carlo Felice,11:45:00,CASELLE Aeroporto,12:30:00,FALSE,Ca0030
28989,D24,268,CASELLE Aeroporto,12:45:00,TO - piazza Carlo Felice,13:24:00,FALSE,Ca0030
29355,A43,268,TO - piazza Carlo Felice,13:45:00,CASELLE Aeroporto,14:30:00,FALSE,Ca0030
28980,D32,268,CASELLE Aeroporto,14:45:00,TO - piazza Carlo Felice,15:24:00,FALSE,Ca0040
29350,A51,268,TO - piazza Carlo Felice,15:45:00,CASELLE Aeroporto,16:30:00,FALSE,Ca0040
28981,D40,268,CASELLE Aeroporto,16:45:00,TO - piazza Carlo Felice,17:24:00,FALSE,Ca0040
29345,A59,268,TO - piazza Carlo Felice,17:45:00,CASELLE Aeroporto,18:30:00,FALSE,Ca0040
29481,A132,268,CASELLE Aeroporto,19:00:00,TO - piazza Carlo Felice,19:45:00,FALSE,Ca0040
28893,D55,268,TO - piazza Carlo Felice,20:00:00,CASELLE Aeroporto,20:37:00,FALSE,Ca0040
29391,A150,268,CASELLE Aeroporto,7:05:00,TO - piazza Carlo Felice,7:50:00,FALSE,Ca0060
29371,A21,268,TO - piazza Carlo Felice,8:15:00,CASELLE Aeroporto,9:00:00,FALSE,Ca0060
28992,D10,268,CASELLE Aeroporto,9:15:00,TO - piazza Carlo Felice,9:54:00,FALSE,Ca0060
29369,A29,268,TO - piazza Carlo Felice,10:15:00,CASELLE Aeroporto,11:00:00,FALSE,Ca0060
28987,D18,268,CASELLE Aeroporto,11:15:00,TO - piazza Carlo Felice,11:54:00,FALSE,Ca0060
29359,A45,268,TO - piazza Carlo Felice,14:15:00,CASELLE Aeroporto,15:00:00,FALSE,Ca0060
28984,D42,268,CASELLE Aeroporto,17:15:00,TO - piazza Carlo Felice,17:54:00,FALSE,Ca0070
29348,A61,268,TO - piazza Carlo Felice,18:15:00,CASELLE Aeroporto,19:00:00,FALSE,Ca0070
29497,D50,268,CASELLE Aeroporto,19:20:00,TO - piazza Carlo Felice,19:59:00,FALSE,Ca0070
29502,A83,268,TO - piazza Carlo Felice,20:30:00,CASELLE Aeroporto,21:15:00,FALSE,Ca0070
29484,A138,268,CASELLE Aeroporto,22:30:00,TO - piazza Carlo Felice,23:15:00,FALSE,Ca0070
29373,A137,268,TO - piazza Carlo Felice,23:30:00,CASELLE Aeroporto,31/12/1899 00.15.00,FALSE,Ca0070
29324,P1,268,CASELLE T.SE- str.Aeroporto 23,7:38:00,TO - piazza Carlo Felice,8:20:00,FALSE,Ca0080
29372,A23,268,TO - piazza Carlo Felice,8:45:00,CASELLE Aeroporto,9:30:00,FALSE,Ca0080
28995,D12,268,CASELLE Aeroporto,9:45:00,TO - piazza Carlo Felice,10:24:00,FALSE,Ca0080
29362,A31,268,TO - piazza Carlo Felice,10:45:00,CASELLE Aeroporto,11:30:00,FALSE,Ca0080
28985,D20,268,CASELLE Aeroporto,11:45:00,TO - piazza Carlo Felice,12:24:00,FALSE,Ca0080
29356,A39,268,TO - piazza Carlo Felice,12:45:00,CASELLE Aeroporto,13:30:00,FALSE,Ca0080
28990,D34,268,CASELLE Aeroporto,15:15:00,TO - piazza Carlo Felice,15:54:00,FALSE,Ca0090
28894,D41,268,TO - piazza Carlo Felice,16:30:00,CASELLE Aeroporto,17:07:00,FALSE,Ca0090
28978,D48,268,CASELLE Aeroporto,18:45:00,TO - piazza Carlo Felice,19:24:00,FALSE,Ca0090
29478,A145,268,TO - piazza Carlo Felice,19:40:00,CASELLE Aeroporto,20:25:00,FALSE,Ca0090
29495,D58,268,CASELLE Aeroporto,21:00:00,TO - piazza Carlo Felice,21:39:00,FALSE,Ca0090
28914,D63,268,TO - piazza Carlo Felice,22:00:00,CASELLE Aeroporto,22:37:00,FALSE,Ca0090
28466,2735,267,CANDIOLO - Via Pinerolo 61/B,7:18:00,CARIGNANO-P.zza Donatori Avis,7:55:00,FALSE,FT010S
29077,2659,267,PIOBESI T.SE-v.Torino 41-Capol,6:59:00,TO - Via De Cristoforis (Capolinea),7:54:00,FALSE,FT100S
28154,22085,284,PINEROLO - stazione FS,7:05:00,Luserna Bivio Pralafera,7:30:00,FALSE,FT2820
29264,21007B,279,Luserna S.Giovanni (Airali),7:40:00,Pinerolo Centro Studi (C.Torino/Rochis),8:08:00,FALSE,FT2820
29657,RP002,904,IVREA - Stazione FS est,4:40:00,CHIVASSO - Staz. FS Movicentro,5:35:00,FALSE,Iv0010
29658,RP002R,904,CHIVASSO - Staz. FS Movicentro,5:40:00,IVREA - Stazione FS int,6:34:00,FALSE,Iv0010
29276,1,2,IVREA - Stazione FS int,6:45:00,STRAMBINO - c.so Torino 44,8:00:00,FALSE,Iv0010
29770,2201A,265,IVREA - Porta Vercelli,4:05:00,CHIVASSO - p.le Alfa-Lancia,4:49:00,FALSE,Iv0020
29769,2201B,265,CHIVASSO - p.le Alfa-Lancia,4:51:00,TO-Settembrini-Mirafiori FCA,5:35:00,FALSE,Iv0020
29771,2254A,265,TO-p.za Cattaneo-Mirafiori FCA,6:10:00,CHIVASSO - p.le Alfa-Lancia,6:59:00,FALSE,Iv0020
29768,2254B,265,CHIVASSO - p.le Alfa-Lancia,7:01:00,IVREA - Porta Aosta,7:52:00,FALSE,Iv0020
29612,2208,265,IVREA - Stazione FS est,9:30:00,CHIVASSO - Staz. FS Movicentro,10:30:00,FALSE,Iv0020
29611,2256,265,CHIVASSO - Staz. FS Movicentro,10:45:00,IVREA - Stazione FS int,11:45:00,FALSE,Iv0020
29649,2222A,265,IVREA - Porta Vercelli,12:00:00,CHIVASSO - p.le Alfa-Lancia,12:44:00,FALSE,Iv0030
29061,2222B,265,CHIVASSO - p.le Alfa-Lancia,12:46:00,TO-Settembrini-Mirafiori FCA,13:34:00,FALSE,Iv0030
29058,2272A,265,TO-p.za Cattaneo-Mirafiori FCA,14:10:00,CHIVASSO - p.le Alfa-Lancia,15:04:00,FALSE,Iv0030
29653,2272B,265,CHIVASSO - p.le Alfa-Lancia,15:06:00,IVREA - Porta Aosta,15:55:00,FALSE,Iv0030
29615,4415,265,IVREA - Porta Vercelli,17:20:00,CHIVASSO - Staz. FS Movicentro,18:18:00,FALSE,Iv0030
29277,2,2,STRAMBINO - c.so Torino 45,19:00:00,IVREA - Stazione FS est,20:18:00,FALSE,Iv0030
29620,2275,265,CHIVASSO - Staz. FS Movicentro,14:43:00,IVREA - Porta Vercelli,15:37:00,FALSE,Iv0040
28844,2236A,265,IVREA - Porta Vercelli,16:39:00,STRAMBINO - c.so Torino 45,16:59:00,FALSE,Iv0040
29166,2236B,265,STRAMBINO - c.so Torino 45,17:01:00,TORINO - Autostazione c.so Bolzano,17:56:00,FALSE,Iv0040
29050,N25A,265,TORINO - Autostazione c.so Bolzano,18:06:00,IVREA - loc Banchette,19:07:00,FALSE,Iv0040
28847,N25B,265,IVREA - loc Banchette,19:09:00,IVREA - Porta Vercelli,19:14:00,FALSE,Iv0040
29647,2239A,265,IVREA - Porta Vercelli,20:15:00,CHIVASSO - p.le Alfa-Lancia,20:54:00,FALSE,Iv0040
29044,2239B,265,CHIVASSO - p.le Alfa-Lancia,20:56:00,TO-Settembrini-Mirafiori FCA,21:45:00,FALSE,Iv0040
29059,2287A,265,TO-p.za Cattaneo-Mirafiori FCA,22:10:00,CHIVASSO - p.le Alfa-Lancia,22:59:00,FALSE,Iv0040
29652,2287B,265,CHIVASSO - p.le Alfa-Lancia,23:01:00,IVREA - Porta Aosta,23:44:00,FALSE,Iv0040
28800,22007,284,TORRE P. - Lombardini/Volta,4:35:00,None Via Pinerolo,5:35:00,FALSE,Lu0010
28801,22082,284,None Via Pinerolo,5:55:00,PINEROLO - Piazza Cavour,6:24:00,FALSE,Lu0010
29662,10,278,OSASIO - piazza Castello,7:30:00,PINEROLO - Piazza Cavour,8:15:00,FALSE,Lu0010
28153,22090,284,PINEROLO - Piazza Cavour,8:15:00,TORRE PELLICE,8:40:00,FALSE,Lu0010
28806,22017,901,TORRE P. - Lombardini/Volta,12:25:00,None Via Pinerolo,13:30:00,FALSE,Lu0010
28803,22093,284,None Via Pinerolo,14:25:00,SEGGIOVIA VANDALINO,15:35:00,FALSE,Lu0010
28738,22005,284,TORRE PELLICE,4:55:00,Bivio Bima,5:15:00,FALSE,Lu0020
28755,006B,275,Bivio Bima,5:15:00,Villar Perosa - Stabilimento TEKFOR A,5:35:00,FALSE,Lu0020
29778,018A,275,Villar Perosa - Stabilimento TEKFOR B,6:00:00,FENESTRELLE - Via Nazionale,6:40:00,FALSE,Lu0020
29779,065A,275,FENESTRELLE - Via Nazionale,6:40:00,PEROSA ARG.-Pzza Terzo Alpini,7:10:00,FALSE,Lu0020
28225,069A,275,PEROSA ARG.-Pzza Terzo Alpini,7:10:00,Villar Perosa Stabilimento SKF,7:25:00,FALSE,Lu0020
28487,073C,275,Villar Perosa-Via Nazionale-SP Sestriere,7:30:00,PINEROLO - Piazza Cavour,7:50:00,FALSE,Lu0020
28089,30002,283,PINEROLO - Piazza Cavour,8:00:00,CANTALUPA,8:30:00,FALSE,Lu0020
28160,30021,283,CANTALUPA,8:30:00,PINEROLO - Piazza Cavour,9:00:00,FALSE,Lu0020
28120,RPN23,901,PINEROLO - movicentro,9:50:00,TORRE PELLICE,10:25:00,FALSE,Lu0020
29671,21041,279,Luserna S.Giovanni (Airali),12:50:00,BOBBIO PELLICE,13:15:00,FALSE,Lu0020
28373,21019,279,BOBBIO PELLICE,13:15:00,TORRE PELLICE,13:35:00,FALSE,Lu0020
28396,21042B,279,TORRE PELLICE,13:35:00,BOBBIO PELLICE,13:55:00,FALSE,Lu0020
28403,21021,279,BOBBIO PELLICE,14:00:00,Luserna S.Giovanni (Airali),14:22:00,FALSE,Lu0020
28743,22008,284,SEGGIOVIA VANDALINO,5:10:00,AIRASCA - stabilimento SKF,5:55:00,FALSE,Lu0030
29783,22083,284,AIRASCA - stabilimento SKF,6:30:00,SEGGIOVIA VANDALINO,7:09:00,FALSE,Lu0030
28064,22014,284,SEGGIOVIA VANDALINO,7:25:00,AIRASCA - stabilimento SKF,8:04:00,FALSE,Lu0030
28067,22110,284,AIRASCA - stabilimento SKF,8:15:00,PINEROLO - Piazza Cavour,8:40:00,FALSE,Lu0030
28127,22089D,901,PINEROLO - movicentro,8:50:00,TORRE PELLICE,9:25:00,FALSE,Lu0030
28740,22018,284,TORRE PELLICE,13:05:00,Bivio Bima,13:25:00,FALSE,Lu0030
28180,146A,275,Bivio Bima,13:25:00,Villar Perosa Stabilimento SKF,13:45:00,FALSE,Lu0030
28184,183A,275,Villar Perosa Stabilimento SKF,14:15:00,SAN SECONDO bivio BIMA,14:35:00,FALSE,Lu0030
28152,22092,284,SAN SECONDO bivio BIMA,14:35:00,TORRE PELLICE,14:54:00,FALSE,Lu0030
28136,RPN10,901,TORRE PELLICE,13:05:00,PINEROLO - movicentro,13:40:00,FALSE,Lu0050
28552,122AS,275,PINEROLO - movicentro,13:48:00,PEROSA ARG.-Pzza Terzo Alpini,14:20:00,FALSE,Lu0050
28504,195A,275,PEROSA ARG.-Pzza Terzo Alpini,14:40:00,PINEROLO - movicentro,15:12:00,FALSE,Lu0050
28647,195B,275,PINEROLO - movicentro,15:16:00,TORINO - Autostazione c.so Bolzano,16:19:00,FALSE,Lu0050
28707,244B,282,TORINO - Autostazione c.so Bolzano,17:33:00,PINEROLO - movicentro,18:44:00,FALSE,Lu0050
28123,RPN34,901,PINEROLO - movicentro,18:50:00,TORRE PELLICE,19:25:00,FALSE,Lu0050
28741,22031,284,SEGGIOVIA VANDALINO,21:20:00,AIRASCA - stabilimento SKF,22:00:00,FALSE,Lu0050
28147,22106,284,AIRASCA - stabilimento SKF,22:30:00,SEGGIOVIA VANDALINO,23:08:00,FALSE,Lu0050
28145,RP314,901,TORRE PELLICE,7:35:00,PINEROLO - movicentro,8:10:00,FALSE,Lu0060
28119,RPN22,901,PINEROLO - movicentro,9:20:00,TORRE PELLICE,9:55:00,FALSE,Lu0060
28388,21032,279,TORRE PELLICE,9:55:00,BOBBIO PELLICE,10:13:00,FALSE,Lu0060
28363,21015,279,BOBBIO PELLICE,10:13:00,TORRE PELLICE,10:30:00,FALSE,Lu0060
28742,22020,284,SEGGIOVIA VANDALINO,13:10:00,AIRASCA - stabilimento SKF,13:55:00,FALSE,Lu0060
29801,108,280,AIRASCA - stabilimento SKF,14:30:00,BARGE-Viale Mazzini/Cavallotta,15:24:00,FALSE,Lu0060
29018,22013,280,BARGE-Viale Mazzini/Cavallotta,15:30:00,PINEROLO - stazione FS,16:00:00,FALSE,Lu0060
28312,188A,281,PINEROLO - Ist. Immacolata,16:05:00,PEROSA ARG.-Pzza Terzo Alpini,16:35:00,FALSE,Lu0060
28080,221A,281,PEROSA ARG.-Pzza Terzo Alpini,16:35:00,Villar Perosa-Via Nazionale-SP Sestriere,16:45:00,FALSE,Lu0060
28183,237A,275,Villar Perosa Stabilimento SKF,17:00:00,SAN SECONDO bivio BIMA,17:20:00,FALSE,Lu0060
28150,22099,284,SAN SECONDO bivio BIMA,17:25:00,TORRE PELLICE,17:45:00,FALSE,Lu0060
28802,22011,284,TORRE P. - Lombardini/Volta,6:40:00,Volvera - FCA-MOPAR (Via Aldo Moro),7:35:00,FALSE,Lu0080
28618,64,281,Volvera-str Piossasco,7:45:00,PINEROLO - stazione FS,8:10:00,FALSE,Lu0080
28121,RPN21,901,PINEROLO - movicentro,8:20:00,TORRE PELLICE,8:55:00,FALSE,Lu0080
28132,RPN08,901,TORRE PELLICE,11:35:00,PINEROLO - movicentro,12:10:00,FALSE,Lu0080
29047,167D,282,PINEROLO - movicentro,13:26:00,TORINO - Autostazione c.so Bolzano,14:37:00,FALSE,Lu0080
28875,22098A,284,TORINO - Autostazione c.so Bolzano,16:15:00,PINEROLO - Fronte Stazione FS,17:21:00,FALSE,Lu0080
28876,22098B,284,PINEROLO - Fronte Stazione FS,17:23:00,TORRE PELLICE,17:53:00,FALSE,Lu0080
29178,2653,267,PIOBESI T.SE-v.Torino 41-Capol,4:49:00,TO - Via De Cristoforis (Capolinea),5:45:00,FALSE,Pb0020
29035,2603,267,TO - Via De Cristoforis (Capolinea),6:10:00,PIOBESI T.SE-v.Torino 41-Capol,6:56:00,FALSE,Pb0020
29179,2785,267,PIOBESI T.SE-v.Torino 41-Capol,7:19:00,TO - Via De Cristoforis (Capolinea),8:20:00,FALSE,Pb0020
29034,2610,267,TO - Via De Cristoforis (Capolinea),8:30:00,PIOBESI T.SE-v.Torino 41-Capol,9:21:00,FALSE,Pb0020
29175,2684,267,CARIGNANO-P.zza Donatori Avis,14:10:00,TO - Via De Cristoforis (Capolinea),15:16:00,FALSE,Pb0020
29098,2632,267,TO - Via De Cristoforis (Capolinea),15:30:00,PIOBESI T.SE-v.Torino 41-Capol,16:21:00,FALSE,Pb0020
29071,2655,267,PIOBESI T.SE-v.Torino 41-Capol,5:39:00,TO - Via De Cristoforis (Capolinea),6:25:00,FALSE,Pb0030
29091,2604A,267,TO - Via De Cristoforis (Capolinea),6:30:00,PIOBESI T.SE-v.Torino 41-Capol,7:21:00,FALSE,Pb0030
28612,2665,267,PIOBESI T.SE-v.Torino 41-Capol,7:38:00,TORINO - Cso Unione Sovietica 409,8:08:00,FALSE,Pb0030
29028,2612,267,TO - Via De Cristoforis (Capolinea),9:30:00,PIOBESI T.SE-v.Torino 41-Capol,10:21:00,FALSE,Pb0030
29069,2671,267,PIOBESI T.SE-v.Torino 41-Capol,10:29:00,TO - Via De Cristoforis (Capolinea),11:20:00,FALSE,Pb0030
28615,2625,267,TO - Pzza Bengasi-Scuola Re Umberto,14:15:00,PIOBESI T.SE-v.Torino 41-Capol,14:50:00,FALSE,Pb0030
28481,2787,267,PIOBESI T.SE-v.Torino 41-Capol,15:40:00,NICHELINO-v.XXV Aprile -Scuole,16:01:00,FALSE,Pb0030
28480,2788,267,NICHELINO-v.XXV Aprile -Scuole,16:08:00,PIOBESI T.SE-v.Torino 41-Capol,16:33:00,FALSE,Pb0030
29072,2657,267,PIOBESI T.SE-v.Torino 41-Capol,6:34:00,TO - Via De Cristoforis (Capolinea),7:25:00,FALSE,Pb0040
29027,2608,267,TO - Via De Cristoforis (Capolinea),7:30:00,PIOBESI T.SE-v.Torino 41-Capol,8:21:00,FALSE,Pb0040
28613,2669,267,CARIGNANO-P.zza Donatori Avis,8:50:00,TORINO - Cso Unione Sovietica 409,9:32:00,FALSE,Pb0040
29033,2615,267,TO - Via De Cristoforis (Capolinea),11:00:00,PIOBESI T.SE-v.Torino 41-Capol,11:51:00,FALSE,Pb0040
29073,2678,267,PIOBESI T.SE-v.Torino 41-Capol,12:24:00,TO - Via De Cristoforis (Capolinea),13:15:00,FALSE,Pb0040
29043,2626,267,TO - Via De Cristoforis (Capolinea),14:05:00,PIOBESI T.SE-v.Torino 41-Capol,14:56:00,FALSE,Pb0040
28469,2902,431,PIOBESI T.SE-v.Torino 41-Capol,7:00:00,MONCALIERI - Via A. Negri,7:45:00,FALSE,Pb0050
28473,2901,431,MONCALIERI - Via A. Negri,7:50:00,PIOBESI T.SE-v.Torino 41-Capol,8:26:00,FALSE,Pb0050
29090,2670,267,PIOBESI T.SE-v.Torino 41-Capol,10:04:00,TO - Via De Cristoforis (Capolinea),10:55:00,FALSE,Pb0050
28606,2621,267,TORINO - Cso Unione Sovietica fr 409,13:23:00,CARIGNANO-P.zza Donatori Avis,14:00:00,FALSE,Pb0050
28465,2685,267,CARIGNANO-P.zza Donatori Avis,14:10:00,VINOVO - Ippodromo -Mondo Juve A,14:48:00,FALSE,Pb0050
29082,2686,267,PIOBESI T.SE-v.Torino 41-Capol,15:09:00,TO - Via De Cristoforis (Capolinea),16:00:00,FALSE,Pb0050
29037,2634,267,TO - Via De Cristoforis (Capolinea),16:30:00,PIOBESI T.SE-v.Torino 41-Capol,17:30:00,FALSE,Pb0050
29097,2658,267,PIOBESI T.SE-v.Torino 41-Capol,6:49:00,TO - Via De Cristoforis (Capolinea),7:30:00,FALSE,Pb0060
29040,2609,267,TO - Via De Cristoforis (Capolinea),8:00:00,PIOBESI T.SE-v.Torino 41-Capol,8:51:00,FALSE,Pb0060
28470,2908,431,PIOBESI T.SE-v.Torino 41-Capol,12:24:00,MONCALIERI - Via A. Negri,13:00:00,FALSE,Pb0060
28474,2907,431,MONCALIERI - Via A. Negri,13:10:00,PIOBESI T.SE-v.Torino 41-Capol,13:46:00,FALSE,Pb0060
28609,2624,267,TORINO - Cso Unione Sovietica fr 409,14:13:00,PIOBESI T.SE-v.Torino 41-Capol,14:41:00,FALSE,Pb0060
28467,2632B,267,PIOBESI T.SE-v.Torino 41-Capol,16:21:00,CARIGNANO-P.zza Donatori Avis,16:37:00,FALSE,Pb0060
29168,2689b,267,CARIGNANO-P.zza Donatori Avis,16:50:00,TO - Via De Cristoforis (Capolinea),17:55:00,FALSE,Pb0060
29029,2640B,267,TO - Via De Cristoforis (Capolinea),18:00:00,PIOBESI T.SE-v.Torino 41-Capol,18:56:00,FALSE,Pb0060
29084,2664,267,PIOBESI T.SE-v.Torino 41-Capol,7:29:00,TO - Via De Cristoforis (Capolinea),8:25:00,FALSE,Pb0070
29031,2614,267,TO - Via De Cristoforis (Capolinea),10:25:00,PIOBESI T.SE-v.Torino 41-Capol,11:16:00,FALSE,Pb0070
29085,2674,267,PIOBESI T.SE-v.Torino 41-Capol,11:29:00,TO - Via De Cristoforis (Capolinea),12:20:00,FALSE,Pb0070
29041,2620,267,TO - Via De Cristoforis (Capolinea),13:20:00,PIOBESI T.SE-v.Torino 41-Capol,14:10:00,FALSE,Pb0070
29083,2692,267,PIOBESI T.SE-v.Torino 41-Capol,17:29:00,TO - Via De Cristoforis (Capolinea),18:25:00,FALSE,Pb0070
29038,2641,267,TO - Via De Cristoforis (Capolinea),18:30:00,PIOBESI T.SE-v.Torino 41-Capol,19:25:00,FALSE,Pb0070
28471,2906,431,PIOBESI T.SE-v.Torino 41-Capol,13:34:00,MONCALIERI - Via A. Negri,14:10:00,FALSE,Pb0080
28472,2905,431,MONCALIERI - Via A. Negri,14:20:00,PIOBESI T.SE-v.Torino 41-Capol,14:56:00,FALSE,Pb0080
29079,2693,267,PIOBESI T.SE-v.Torino 41-Capol,18:19:00,TO - Via De Cristoforis (Capolinea),19:10:00,FALSE,Pb0080
29105,2642,267,TO - Via De Cristoforis (Capolinea),19:15:00,PIOBESI T.SE-v.Torino 41-Capol,20:10:00,FALSE,Pb0080
29087,2697,267,PIOBESI T.SE-v.Torino 41-Capol,20:20:00,TO - Via De Cristoforis (Capolinea),21:05:00,FALSE,Pb0080
29039,2646,267,TO - Via De Cristoforis (Capolinea),21:10:00,PIOBESI T.SE-v.Torino 41-Capol,21:56:00,FALSE,Pb0080
29088,2793,267,PIOBESI T.SE-v.Torino 41-Capol,22:09:00,TO - Via De Cristoforis (Capolinea),22:55:00,FALSE,Pb0080
29030,2743,267,TO - Via De Cristoforis (Capolinea),23:05:00,PIOBESI T.SE-v.Torino 41-Capol,23:51:00,FALSE,Pb0080
28468,2628B,267,PIOBESI T.SE-v.Torino 41-Capol,15:26:00,CARIGNANO-P.zza Donatori Avis,15:41:00,FALSE,Pb0090
29176,2687,267,CARIGNANO-P.zza Donatori Avis,15:50:00,TO - Via De Cristoforis (Capolinea),16:55:00,FALSE,Pb0090
29157,2638,267,TO - Via De Cristoforis (Capolinea),17:55:00,PIOBESI T.SE-v.Torino 41-Capol,18:36:00,FALSE,Pb0090
29070,2694,267,PIOBESI T.SE-v.Torino 41-Capol,18:59:00,TO - Via De Cristoforis (Capolinea),19:50:00,FALSE,Pb0090
29106,2645,267,TO - Via De Cristoforis (Capolinea),20:00:00,PIOBESI T.SE-v.Torino 41-Capol,20:50:00,FALSE,Pb0090
28614,2698,267,PIOBESI T.SE-v.Torino 41-Capol,20:59:00,TORINO - Cso Unione Sovietica 409,21:32:00,FALSE,Pb0090
28611,2649,267,TORINO - Cso Unione Sovietica fr 409,22:31:00,PIOBESI T.SE-v.Torino 41-Capol,23:06:00,FALSE,Pb0090
29451,2660,267,PIOBESI T.SE-v.Torino 41-Capol,7:09:00,TO - Via De Cristoforis (Capolinea),8:05:00,FALSE,Pb0110
29036,2611,267,TO - Via De Cristoforis (Capolinea),9:00:00,PIOBESI T.SE-v.Torino 41-Capol,9:51:00,FALSE,Pb0110
29167,2683A,267,CARIGNANO-P.zza Donatori Avis,13:20:00,TO - Via De Cristoforis (Capolinea),14:25:00,FALSE,Pb0110
29104,2628,267,TO - Via De Cristoforis (Capolinea),14:30:00,PIOBESI T.SE-v.Torino 41-Capol,15:26:00,FALSE,Pb0110
29086,2688,267,PIOBESI T.SE-v.Torino 41-Capol,16:20:00,TO - Via De Cristoforis (Capolinea),17:11:00,FALSE,Pb0110
29032,2636,267,TO - Via De Cristoforis (Capolinea),17:15:00,PIOBESI T.SE-v.Torino 41-Capol,18:16:00,FALSE,Pb0110
29081,2656,267,PIOBESI T.SE-v.Torino 41-Capol,5:59:00,TO - Via De Cristoforis (Capolinea),6:45:00,FALSE,Pb0120
29093,2606,267,TO - Via De Cristoforis (Capolinea),6:50:00,CARIGNANO-P.zza Donatori Avis,7:50:00,FALSE,Pb0120
29169,2666B,267,CARIGNANO-P.zza Donatori Avis,8:00:00,TO - Via De Cristoforis (Capolinea),9:15:00,FALSE,Pb0120
29092,2617,267,TO - Via De Cristoforis (Capolinea),12:10:00,CARIGNANO-P.zza Donatori Avis,13:15:00,FALSE,Pb0120
28479,2797,267,CARIGNANO-P.zza Donatori Avis,13:20:00,NICHELINO-v.XXV Aprile -Scuole,14:05:00,FALSE,Pb0120
28483,2623,267,NICHELINO-v.XXV Aprile -Scuole,14:10:00,PIOBESI T.SE-v.Torino 41-Capol,14:41:00,FALSE,Pb0120
28562,033CA,282,PEROSA ARG.-Pzza Terzo Alpini,6:00:00,PINEROLO - movicentro,6:32:00,FALSE,Pe0010
29787,002B,275,PINEROLO - movicentro,7:18:00,PEROSA ARG.-Pzza Terzo Alpini,7:50:00,FALSE,Pe0010
28544,052B,275,PER - V. Nazionale 6 (Deposito Ex Sapav),8:19:00,PEROSA ARG.-Pzza Terzo Alpini,8:20:00,TRUE,Pe0010
28438,052C,275,PEROSA ARG.-Pzza Terzo Alpini,8:20:00,SESTRIERE - parcheggio,9:30:00,FALSE,Pe0010
29145,0011BS,285,SESTRIERE - parcheggio,9:30:00,OULX - Stazione FS,10:15:00,FALSE,Pe0010
28460,0002BS,285,OULX - Stazione FS,11:45:00,SESTRIERE - parcheggio,12:30:00,FALSE,Pe0010
28417,159A,275,SESTRIERE - parcheggio,12:30:00,PEROSA ARG.-Pzza Terzo Alpini,13:40:00,FALSE,Pe0010
28518,177B,275,PEROSA ARG.-Pzza Terzo Alpini,13:40:00,PER - V. Nazionale 6 (Deposito Ex Sapav),13:42:00,TRUE,Pe0010
28211,20031,303,PERRERO,5:10:00,PEROSA ARG.-Pzza Terzo Alpini,5:25:00,FALSE,Pe0020
29773,011B,275,PEROSA ARG.-Pzza Terzo Alpini,5:25:00,VIL - Boge,5:40:00,FALSE,Pe0020
29774,020A,275,VIL - Boge,6:00:00,PEROSA ARG.-Pzza Terzo Alpini,6:15:00,FALSE,Pe0020
29786,20003,303,PEROSA ARG.-Pzza Terzo Alpini,6:15:00,PERRERO,6:30:00,FALSE,Pe0020
28212,20035,303,PERRERO,6:55:00,PEROSA ARG.-Pzza Terzo Alpini,7:10:00,FALSE,Pe0020
29016,067A,275,PEROSA ARG.-Pzza Terzo Alpini,7:10:00,VIL - Boge,7:20:00,FALSE,Pe0020
28062,044A,281,VILLAR PEROSA - via Nazionale,7:38:00,PEROSA ARG.-Pzza Terzo Alpini,7:55:00,FALSE,Pe0020
28561,129A,282,PEROSA ARG.-Pzza Terzo Alpini,9:10:00,PINEROLO - movicentro,9:42:00,FALSE,Pe0020
28696,129B,282,PINEROLO - movicentro,9:46:00,TORINO - Autostazione c.so Bolzano,10:57:00,FALSE,Pe0020
28669,144A,275,TORINO - Autostazione c.so Bolzano,12:41:00,PINEROLO - movicentro,13:44:00,FALSE,Pe0020
28548,144B,275,PINEROLO - movicentro,13:48:00,PER - V. Nazionale 6 (Deposito Ex Sapav),14:19:00,TRUE,Pe0020
29803,22034,284,PEROSA ARG.-Pzza Terzo Alpini,5:20:00,AIRASCA - stabilimento SKF,5:55:00,FALSE,Pe0030
29784,22109,284,AIRASCA - stabilimento SKF,6:30:00,PEROSA ARG.-Pzza Terzo Alpini,7:20:00,FALSE,Pe0030
28024,22035,284,PEROSA ARG.-Pzza Terzo Alpini,7:20:00,AIRASCA - stabilimento SKF,8:05:00,FALSE,Pe0030
28066,22087,284,AIRASCA - stabilimento SKF,8:25:00,PINEROLO - Piazza Cavour,8:50:00,FALSE,Pe0030
29538,30013,283,PINEROLO - Piazza Cavour,9:00:00,FRO - Via Principe Amedeo 1,9:20:00,FALSE,Pe0030
28167,30026,283,Frossasco Via Principe Amedeo,9:20:00,PINEROLO - Piazza Cavour,9:50:00,FALSE,Pe0030
29539,30014,283,PINEROLO - Piazza Cavour,10:00:00,FRO - Via Principe Amedeo 1,10:20:00,FALSE,Pe0030
28166,30027A,283,Frossasco Via Principe Amedeo,10:20:00,PINEROLO - Piazza Cavour,10:51:00,FALSE,Pe0030
29464,126E,281,PINEROLO Centro Studi,13:30:00,PEROSA ARG.-Pzza Terzo Alpini,14:05:00,FALSE,Pe0030
28227,20002B,303,PEROSA ARG.-Pzza Terzo Alpini,5:20:00,POMEYFRE,5:39:00,FALSE,Pe0040
28202,20004B,303,PERRERO,6:20:00,PRALI GHIGO,6:50:00,FALSE,Pe0040
28218,20036B,303,PRALI GHIGO,6:50:00,PEROSA ARG.-Pzza Terzo Alpini,7:35:00,FALSE,Pe0040
29690,101C,281,PEROSA ARG.-Pzza Terzo Alpini,7:35:00,Pinerolo Centro Studi (C.Torino/Rochis),8:10:00,FALSE,Pe0040
28459,068A,281,PINEROLO - Fronte Stazione FS,8:30:00,PEROSA ARG.-Pzza Terzo Alpini,9:00:00,FALSE,Pe0040
28508,161DA,275,PEROSA ARG.-Pzza Terzo Alpini,12:40:00,PINEROLO - movicentro,13:12:00,FALSE,Pe0040
28644,161DB,275,PINEROLO - movicentro,13:16:00,TORINO - Autostazione c.so Bolzano,14:19:00,FALSE,Pe0040
28654,190B,275,TORINO - Autostazione c.so Bolzano,15:11:00,PINEROLO - Piazza Cavour,16:20:00,FALSE,Pe0040
28532,190D,275,PINEROLO - Piazza Cavour,16:20:00,PER - V. Nazionale 6 (Deposito Ex Sapav),16:49:00,TRUE,Pe0040
28223,015B,275,PEROSA ARG.-Pzza Terzo Alpini,5:20:00,Villar Perosa Stabilimento SKF,5:35:00,FALSE,Pe0050
28173,049C,275,FENESTRELLE - Via Nazionale,6:10:00,PEROSA ARG.-Pzza Terzo Alpini,6:40:00,FALSE,Pe0050
28860,035A,275,PEROSA ARG.-Pzza Terzo Alpini,6:40:00,PIN - Via Giustetto-Via Polliotti,7:03:00,FALSE,Pe0050
28862,035B,275,PIN - Via Giustetto-Via Polliotti,7:05:00,TORINO - Autostazione c.so Bolzano,8:08:00,FALSE,Pe0050
28719,092A,282,TORINO - Autostazione c.so Bolzano,9:03:00,PINEROLO - movicentro,10:14:00,FALSE,Pe0050
28579,092B,282,PINEROLO - movicentro,10:18:00,PEROSA ARG.-Pzza Terzo Alpini,10:50:00,FALSE,Pe0050
28231,20017B,303,PEROSA ARG.-Pzza Terzo Alpini,12:35:00,PRALI GHIGO,13:14:00,FALSE,Pe0050
28219,20047C,303,PRALI GHIGO,13:45:00,PEROSA ARG.-Pzza Terzo Alpini,14:27:00,FALSE,Pe0050
29777,013B,275,PEROSA ARG.-Pzza Terzo Alpini,5:20:00,Villar Perosa Stabilimento SKF,5:30:00,FALSE,Pe0070
28752,014A,275,Villar Perosa Stabilimento SKF,5:35:00,PEROSA ARG.-Pzza Terzo Alpini,5:50:00,FALSE,Pe0070
28566,021CA,282,PEROSA ARG.-Pzza Terzo Alpini,5:50:00,PINEROLO - movicentro,6:22:00,FALSE,Pe0070
28692,021CB,282,PINEROLO - movicentro,6:26:00,TORINO - Autostazione c.so Bolzano,7:37:00,FALSE,Pe0070
28665,072A,275,TORINO - Autostazione c.so Bolzano,7:41:00,PINEROLO - movicentro,8:44:00,FALSE,Pe0070
28543,072B,275,PINEROLO - movicentro,8:48:00,PER - V. Nazionale 6 (Deposito Ex Sapav),9:19:00,TRUE,Pe0070
28213,20045,303,PERRERO,13:20:00,PEROSA ARG.-Pzza Terzo Alpini,13:35:00,FALSE,Pe0070
28185,171A,275,PEROSA ARG.-Pzza Terzo Alpini,13:35:00,VIL - Boge,13:45:00,FALSE,Pe0070
28287,164A,275,VIL - Boge,14:10:00,PEROSA ARG.-Pzza Terzo Alpini,14:25:00,FALSE,Pe0070
29583,20022,303,PEROSA ARG.-Pzza Terzo Alpini,14:30:00,PERRERO,14:45:00,FALSE,Pe0070
28203,20024B,303,PERRERO,16:05:00,PRALI GHIGO,16:30:00,FALSE,Pe0070
28221,20050,303,PRALI GHIGO,16:30:00,PEROSA ARG.-Pzza Terzo Alpini,17:15:00,FALSE,Pe0070
29688,107A,281,SAN SEBASTIANO,7:30:00,VILLAR PEROSA - Municipio,7:45:00,FALSE,Pe0080
29691,109A,281,VILLAR PEROSA - Municipio,7:45:00,Pinerolo Centro Studi (C.Torino/Rochis),8:10:00,FALSE,Pe0080
28554,106B,275,PER - V. Nazionale 6 (Deposito Ex Sapav),12:19:00,FENESTRELLE - Via Nazionale,12:50:00,TRUE,Pe0080
28753,169A,275,FENESTRELLE - Via Nazionale,13:00:00,Villar Perosa Stabilimento SKF,13:37:00,FALSE,Pe0080
28754,162A,275,Villar Perosa Stabilimento SKF,14:15:00,FENESTRELLE - Via Nazionale,14:48:00,FALSE,Pe0080
29582,20023,303,PEROSA ARG.-Pzza Terzo Alpini,15:40:00,PERRERO,15:55:00,FALSE,Pe0080
28288,200A,275,VIL - Boge,17:00:00,PEROSA ARG.-Pzza Terzo Alpini,17:15:00,FALSE,Pe0080
29548,20026C,303,PEROSA ARG.-Pzza Terzo Alpini,17:15:00,PERRERO,17:30:00,FALSE,Pe0080
28232,20026B,303,PEROSA ARG.-Pzza Terzo Alpini,18:00:00,PRALI GHIGO,18:34:00,FALSE,Pe0080
28222,20052B,303,PRALI GHIGO,18:40:00,PEROSA ARG.-Pzza Terzo Alpini,19:25:00,FALSE,Pe0080
28439,016A,275,PEROSA ARG.-Pzza Terzo Alpini,5:50:00,SESTRIERE - parcheggio,7:00:00,FALSE,Pe0090
29256,0009S,285,SESTRIERE - parcheggio,7:00:00,OULX - Stazione FS,7:45:00,FALSE,Pe0090
29269,0001BS,285,OULX - Stazione FS,8:45:00,SESTRIERE - parcheggio,9:30:00,FALSE,Pe0090
28418,133A,275,SESTRIERE - parcheggio,9:30:00,PEROSA ARG.-Pzza Terzo Alpini,10:40:00,FALSE,Pe0090
28500,135DA,275,PEROSA ARG.-Pzza Terzo Alpini,10:40:00,PER - V. Nazionale 6 (Deposito Ex Sapav),10:42:00,TRUE,Pe0090
28524,143DA,275,PER - V. Nazionale 6 (Deposito Ex Sapav),11:42:00,PINEROLO - movicentro,12:12:00,TRUE,Pe0090
28529,116BS,275,PINEROLO - Piazza Cavour,12:50:00,PEROSA ARG.-Pzza Terzo Alpini,13:20:00,FALSE,Pe0090
28226,173A,275,PEROSA ARG.-Pzza Terzo Alpini,13:20:00,Villar Perosa Stabilimento SKF,13:39:00,FALSE,Pe0090
28216,160A,275,Villar Perosa Stabilimento SKF,14:15:00,PEROSA ARG.-Pzza Terzo Alpini,14:30:00,FALSE,Pe0090
28191,028A,275,PEROSA ARG.-Pzza Terzo Alpini,6:50:00,FENESTRELLE - Via Nazionale,7:20:00,FALSE,Pe0110
28593,117DA,282,FENESTRELLE - Via Nazionale,7:40:00,PINEROLO - movicentro,8:42:00,FALSE,Pe0110
28651,N10,275,Pinerolo Bivio Sede SAPAV,10:38:00,PINEROLO - Piazza Cavour,10:50:00,TRUE,Pe0110
28530,094F,275,PINEROLO - Piazza Cavour,10:50:00,PEROSA ARG.-Pzza Terzo Alpini,11:20:00,FALSE,Pe0110
28204,20014,303,PEROSA ARG.-Pzza Terzo Alpini,11:25:00,PERRERO,11:39:00,FALSE,Pe0110
28210,20043,303,PERRERO,12:20:00,PEROSA ARG.-Pzza Terzo Alpini,12:35:00,FALSE,Pe0110
28548,144B,275,PER - V. Nazionale 6 (Deposito Ex Sapav),14:19:00,PEROSA ARG.-Pzza Terzo Alpini,14:20:00,TRUE,Pe0110
28440,144C,275,PEROSA ARG.-Pzza Terzo Alpini,14:20:00,SESTRIERE - parcheggio,15:30:00,FALSE,Pe0110
28423,245B,275,SESTRIERE - parcheggio,16:30:00,PEROSA ARG.-Pzza Terzo Alpini,17:40:00,FALSE,Pe0110
28503,245BA,275,PEROSA ARG.-Pzza Terzo Alpini,17:40:00,PER - V. Nazionale 6 (Deposito Ex Sapav),17:42:00,TRUE,Pe0110
28569,053A,282,PEROSA ARG.-Pzza Terzo Alpini,7:10:00,PINEROLO - movicentro,7:42:00,FALSE,Pe0120
28686,053B,282,PINEROLO - movicentro,7:46:00,Pinerolo Centro Studi (C.Torino/Rochis),7:50:00,TRUE,Pe0120
28678,093B,282,PINEROLO - Piazza Cavour,8:10:00,TORINO - Autostazione c.so Bolzano,9:27:00,FALSE,Pe0120
28717,098D,282,TORINO - Autostazione c.so Bolzano,10:03:00,PINEROLO - movicentro,11:14:00,FALSE,Pe0120
28576,100A,282,PINEROLO - movicentro,11:18:00,PEROSA ARG.-Pzza Terzo Alpini,11:50:00,FALSE,Pe0120
29703,20020S,303,PEROSA ARG.-Pzza Terzo Alpini,14:05:00,PRALI GHIGO,14:39:00,FALSE,Pe0120
29704,20048S,303,PRALI GHIGO,14:50:00,PEROSA ARG.-Pzza Terzo Alpini,15:35:00,FALSE,Pe0120
28503,245BA,275,PER - V. Nazionale 6 (Deposito Ex Sapav),17:42:00,PINEROLO - movicentro,18:12:00,TRUE,Pe0120
28580,236B,282,PINEROLO - movicentro,18:18:00,PEROSA ARG.-Pzza Terzo Alpini,18:50:00,FALSE,Pe0120
29108,071A,275,PEROSA ARG.-Pzza Terzo Alpini,7:10:00,PINEROLO - movicentro,7:40:00,FALSE,Pe0130
28585,4003B,282,PEROSA ARG.-Pzza Terzo Alpini,12:10:00,PINEROLO - Piazza Cavour,12:40:00,FALSE,Pe0130
28677,145C,282,PINEROLO - Piazza Cavour,12:40:00,TORINO - Autostazione c.so Bolzano,13:57:00,FALSE,Pe0130
28649,184DS,275,TORINO - Autostazione c.so Bolzano,14:41:00,PINEROLO - Piazza Cavour,15:50:00,FALSE,Pe0130
28170,30008,283,PINEROLO - Via Saluzzo (ENEL),16:05:00,CANTALUPA,16:39:00,FALSE,Pe0130
28083,30030A,283,CANTALUPA,16:40:00,PINEROLO - Piazza Cavour,17:00:00,FALSE,Pe0130
29012,22038B,284,Pinerolo Bivio Sede SAPAV,17:05:00,AIRASCA - stabilimento SKF,17:15:00,FALSE,Pe0130
29011,22112,284,AIRASCA - stabilimento SKF,17:30:00,PEROSA ARG.-Pzza Terzo Alpini,18:15:00,FALSE,Pe0130
28542,168B,275,PER - V. Nazionale 6 (Deposito Ex Sapav),15:19:00,PEROSA ARG.-Pzza Terzo Alpini,15:20:00,TRUE,Pe0140
28434,168C,275,PEROSA ARG.-Pzza Terzo Alpini,15:20:00,SESTRIERE - parcheggio,16:30:00,FALSE,Pe0140
29577,0017BS,285,SESTRIERE - parcheggio,17:30:00,OULX - Stazione FS,18:20:00,FALSE,Pe0140
29135,0008E,285,OULX - Stazione FS,18:45:00,SESTRIERE - parcheggio,19:30:00,FALSE,Pe0140
28426,267A,275,SESTRIERE - parcheggio,19:30:00,FENESTRELLE - Via Nazionale,20:10:00,FALSE,Pe0140
28172,267AS,275,FENESTRELLE - Via Nazionale,20:10:00,PEROSA ARG.-Pzza Terzo Alpini,20:40:00,FALSE,Pe0140
28205,20053,303,PERRERO,21:20:00,PEROSA ARG.-Pzza Terzo Alpini,21:35:00,FALSE,Pe0140
28224,279A,275,PEROSA ARG.-Pzza Terzo Alpini,21:35:00,Villar Perosa Stabilimento SKF,21:55:00,FALSE,Pe0140
28214,274A,275,Villar Perosa Stabilimento SKF,22:25:00,PEROSA ARG.-Pzza Terzo Alpini,22:40:00,FALSE,Pe0140
29542,20030,303,PEROSA ARG.-Pzza Terzo Alpini,22:45:00,PERRERO,23:00:00,FALSE,Pe0140
29683,063A,281,PEROSA ARG.-Pzza Terzo Alpini,7:10:00,PINEROLO - Ist. Immacolata,7:40:00,FALSE,Pe0150
29700,30033A,283,FROSSASCO,7:55:00,PINEROLO - Piazza Cavour,8:14:00,FALSE,Pe0150
29243,22110A,284,PINEROLO - Piazza Cavour,8:30:00,PEROSA ARG.-Pzza Terzo Alpini,8:55:00,FALSE,Pe0150
28436,086DS,275,PEROSA ARG.-Pzza Terzo Alpini,11:20:00,SESTRIERE - parcheggio,12:30:00,FALSE,Pe0150
29124,0013B,285,SESTRIERE - parcheggio,12:30:00,OULX - Stazione FS,13:15:00,FALSE,Pe0150
29137,0005E,285,OULX - Stazione FS,14:45:00,SESTRIERE - parcheggio,15:30:00,FALSE,Pe0150
28416,205AA,275,SESTRIERE - parcheggio,15:30:00,PEROSA ARG.-Pzza Terzo Alpini,16:40:00,FALSE,Pe0150
28506,205AB,275,PEROSA ARG.-Pzza Terzo Alpini,16:40:00,PER - V. Nazionale 6 (Deposito Ex Sapav),16:42:00,TRUE,Pe0150
28518,177B,275,PER - V. Nazionale 6 (Deposito Ex Sapav),13:42:00,PINEROLO - Piazza Cavour,14:10:00,TRUE,Pe0160
28622,177BS,275,PINEROLO - Piazza Cavour,14:10:00,TORINO - Autostazione c.so Bolzano,15:19:00,FALSE,Pe0160
28725,210BS,282,TORINO - Autostazione c.so Bolzano,16:03:00,PINEROLO - Piazza Cavour,17:20:00,FALSE,Pe0160
28534,210B,275,PINEROLO - Piazza Cavour,17:20:00,PEROSA ARG.-Pzza Terzo Alpini,17:50:00,FALSE,Pe0160
28517,255A,275,PER - V. Nazionale 6 (Deposito Ex Sapav),18:42:00,PINEROLO - Piazza Cavour,19:10:00,TRUE,Pe0160
28621,257B,275,PINEROLO - Piazza Cavour,19:10:00,TORINO - Autostazione c.so Bolzano,20:19:00,FALSE,Pe0160
28673,266B,275,TORINO - Autostazione c.so Bolzano,21:03:00,PINEROLO - movicentro,22:06:00,FALSE,Pe0160
28546,276A,275,PINEROLO - movicentro,22:10:00,PEROSA ARG.-Pzza Terzo Alpini,22:42:00,FALSE,Pe0160
29686,101B,281,PEROSA ARG.-Pzza Terzo Alpini,7:25:00,Pinerolo Centro Studi (C.Torino/Rochis),7:55:00,FALSE,Pe0170
28435,120A,275,PEROSA ARG.-Pzza Terzo Alpini,13:20:00,SESTRIERE - parcheggio,14:30:00,FALSE,Pe0170
29604,N26,285,SESTRIERE - parcheggio,15:30:00,OULX - Stazione FS,16:15:00,FALSE,Pe0170
29140,0008D,285,OULX - Stazione FS,16:45:00,SESTRIERE - parcheggio,17:30:00,FALSE,Pe0170
28415,251DA,275,SESTRIERE - parcheggio,17:30:00,PEROSA ARG.-Pzza Terzo Alpini,18:40:00,FALSE,Pe0170
28517,255A,275,PEROSA ARG.-Pzza Terzo Alpini,18:40:00,PER - V. Nazionale 6 (Deposito Ex Sapav),18:42:00,TRUE,Pe0170
28520,215B,275,PEROSA ARG.-Pzza Terzo Alpini,16:10:00,PINEROLO - Piazza Cavour,16:40:00,FALSE,Pe0190
28926,211B,282,PINEROLO - Piazza Cavour,16:40:00,TORINO - Autostazione c.so Bolzano,18:15:00,FALSE,Pe0190
28671,248DA,275,TORINO - Autostazione c.so Bolzano,18:41:00,PINEROLO - movicentro,19:44:00,FALSE,Pe0190
28117,RP329,901,PINEROLO - movicentro,19:50:00,TORRE PELLICE,20:25:00,FALSE,Pe0190
28737,22030,284,TORRE PELLICE,21:10:00,Bivio Bima,21:30:00,FALSE,Pe0190
28756,266A,275,Bivio Bima,21:30:00,Villar Perosa - Stabilimento TEKFOR A,21:50:00,FALSE,Pe0190
28759,272A,275,VIL - Boge,22:25:00,FENESTRELLE - Via Nazionale,23:05:00,FALSE,Pe0190
28507,201B,275,PEROSA ARG.-Pzza Terzo Alpini,15:40:00,PINEROLO - movicentro,16:12:00,FALSE,Pe0200
28643,201C,275,PINEROLO - movicentro,16:16:00,TORINO - Autostazione c.so Bolzano,17:19:00,FALSE,Pe0200
28864,242A,275,TORINO - Autostazione c.so Bolzano,17:30:00,PIN - Via Giustetto-Via Polliotti,18:34:00,FALSE,Pe0200
28865,242B,275,PIN - Via Giustetto-Via Polliotti,18:36:00,PEROSA ARG.-Pzza Terzo Alpini,18:56:00,FALSE,Pe0200
28584,1,282,PEROSA ARG.-Pzza Terzo Alpini,20:10:00,PINEROLO - Piazza Cavour,20:40:00,FALSE,Pe0200
28684,265C,282,PINEROLO - Piazza Cavour,20:40:00,TORINO - Autostazione c.so Bolzano,21:57:00,FALSE,Pe0200
28732,280C,282,TORINO - Autostazione c.so Bolzano,22:03:00,PINEROLO - Piazza Cavour,23:20:00,FALSE,Pe0200
28589,4011B,282,PINEROLO - Piazza Cavour,23:20:00,PEROSA ARG.-Pzza Terzo Alpini,23:50:00,FALSE,Pe0200
28509,005B,275,PEROSA ARG.-Pzza Terzo Alpini,5:40:00,PINEROLO - movicentro,6:12:00,FALSE,Pe0210
28629,019D,275,PINEROLO - movicentro,6:16:00,TORINO - Autostazione c.so Bolzano,7:19:00,FALSE,Pe0210
28730,074A,282,TORINO - Autostazione c.so Bolzano,8:03:00,PINEROLO - Piazza Cavour,9:20:00,FALSE,Pe0210
28588,074B,282,PINEROLO - Piazza Cavour,9:20:00,PEROSA ARG.-Pzza Terzo Alpini,9:50:00,FALSE,Pe0210
28500,135DA,275,PER - V. Nazionale 6 (Deposito Ex Sapav),10:42:00,PINEROLO - movicentro,11:12:00,TRUE,Pe0210
28640,135DB,275,PINEROLO - movicentro,11:16:00,TORINO - Autostazione c.so Bolzano,12:19:00,FALSE,Pe0210
28663,168A,275,TORINO - Autostazione c.so Bolzano,13:41:00,PINEROLO - movicentro,14:44:00,FALSE,Pe0210
28542,168B,275,PINEROLO - movicentro,14:48:00,PER - V. Nazionale 6 (Deposito Ex Sapav),15:19:00,TRUE,Pe0210
28190,112B,275,PEROSA ARG.-Pzza Terzo Alpini,12:50:00,FENESTRELLE - Via Nazionale,13:20:00,FALSE,Pe0220
28408,179A,282,FENESTRELLE - Via Nazionale,13:40:00,PEROSA ARG.-Pzza Terzo Alpini,14:10:00,FALSE,Pe0220
28177,223B,275,PEROSA ARG.-Pzza Terzo Alpini,16:30:00,Villar Perosa-Via Nazionale-SP Sestriere,16:40:00,FALSE,Pe0220
28735,31,278,PINEROLO - Stazione FS (Via Brignone),17:00:00,OSASIO - piazza Castello,17:55:00,FALSE,Pe0220
29181,171,281,OSASIO - piazza Castello,17:55:00,PINEROLO - Fronte Stazione FS,18:40:00,FALSE,Pe0220
28540,248DB,275,PINEROLO - movicentro,19:48:00,PEROSA ARG.-Pzza Terzo Alpini,20:20:00,FALSE,Pe0220
29601,22039,284,PEROSA ARG.-Pzza Terzo Alpini,21:10:00,AIRASCA - stabilimento SKF,21:55:00,FALSE,Pe0220
29806,22113,284,AIRASCA - stabilimento SKF,22:30:00,PEROSA ARG.-Pzza Terzo Alpini,23:06:00,FALSE,Pe0220
28572,284B,282,PINEROLO - movicentro,0:18:00,PEROSA ARG.-Pzza Terzo Alpini,0:50:00,FALSE,Pe0240
28532,190D,275,PER - V. Nazionale 6 (Deposito Ex Sapav),16:49:00,PEROSA ARG.-Pzza Terzo Alpini,16:50:00,TRUE,Pe0240
28215,202B,275,Villar Perosa Stabilimento SKF,17:00:00,PEROSA ARG.-Pzza Terzo Alpini,17:15:00,FALSE,Pe0240
28192,202A,275,PEROSA ARG.-Pzza Terzo Alpini,17:20:00,FENESTRELLE - Via Nazionale,17:44:00,FALSE,Pe0240
28176,249A,275,FENESTRELLE - Via Nazionale,17:45:00,PEROSA ARG.-Pzza Terzo Alpini,18:15:00,FALSE,Pe0240
28519,263A,275,PEROSA ARG.-Pzza Terzo Alpini,19:40:00,PINEROLO - Piazza Cavour,20:10:00,FALSE,Pe0240
28578,N18B,282,PINEROLO - movicentro,20:33:00,PEROSA ARG.-Pzza Terzo Alpini,21:05:00,FALSE,Pe0240
28570,N28A,282,PEROSA ARG.-Pzza Terzo Alpini,21:10:00,PINEROLO - movicentro,21:42:00,FALSE,Pe0240
28687,N28B,282,PINEROLO - movicentro,21:46:00,TORINO - Autostazione c.so Bolzano,22:57:00,FALSE,Pe0240
28700,284A,282,TORINO - Autostazione c.so Bolzano,23:03:00,PINEROLO - movicentro,31/12/1899 00.14.00,FALSE,Pe0240
28174,003B,275,FENESTRELLE - Via Nazionale,4:50:00,PEROSA ARG.-Pzza Terzo Alpini,5:20:00,FALSE,Pe0250
28522,051DA,275,PEROSA ARG.-Pzza Terzo Alpini,6:50:00,PINEROLO - Piazza Cavour,7:20:00,FALSE,Pe0250
28625,057BIS,275,PINEROLO - Piazza Cavour,7:20:00,TORINO - Autostazione c.so Bolzano,8:29:00,FALSE,Pe0250
28670,086DA,275,TORINO - Autostazione c.so Bolzano,8:41:00,PINEROLO - movicentro,9:44:00,FALSE,Pe0250
28555,086DB,275,PINEROLO - movicentro,9:48:00,FENESTRELLE - Via Nazionale,10:50:00,FALSE,Pe0250
28524,143DA,275,FENESTRELLE - Via Nazionale,11:10:00,PER - V. Nazionale 6 (Deposito Ex Sapav),11:42:00,TRUE,Pe0250
28586,4001B,282,PEROSA ARG.-Pzza Terzo Alpini,4:20:00,PINEROLO - Piazza Cavour,4:45:00,FALSE,Pe0260
28698,001A,282,PINEROLO - Piazza Cavour,4:45:00,TORINO - Autostazione c.so Bolzano,5:51:00,FALSE,Pe0260
28831,056B,282,TORINO - Autostazione c.so Bolzano,6:53:00,PINEROLO - Piazza Cavour,8:10:00,FALSE,Pe0260
28591,050C,282,PINEROLO - Piazza Cavour,8:10:00,PEROSA ARG.-Pzza Terzo Alpini,8:40:00,FALSE,Pe0260
28501,125DB,275,PEROSA ARG.-Pzza Terzo Alpini,8:40:00,PINEROLO - movicentro,9:12:00,FALSE,Pe0260
28641,125DC,275,PINEROLO - movicentro,9:16:00,TORINO - Autostazione c.so Bolzano,10:19:00,FALSE,Pe0260
28713,118A,282,TORINO - Autostazione c.so Bolzano,12:03:00,PINEROLO - movicentro,13:14:00,FALSE,Pe0260
28583,118B,282,PINEROLO - movicentro,13:18:00,PEROSA ARG.-Pzza Terzo Alpini,13:50:00,FALSE,Pe0260
29392,20007B,303,PERRERO,6:55:00,SEGGIOVIE 13 LAGHI,7:20:00,FALSE,Pe0270
29270,20037,303,SEGGIOVIE 13 LAGHI,7:20:00,PERRERO,7:35:00,FALSE,Pe0270
28559,N15A,282,PEROSA ARG.-Pzza Terzo Alpini,11:10:00,PINEROLO - movicentro,11:42:00,FALSE,Pe0270
28695,N15B,282,PINEROLO - movicentro,11:46:00,TORINO - Autostazione c.so Bolzano,12:57:00,FALSE,Pe0270
28733,186A,282,TORINO - Autostazione c.so Bolzano,14:03:00,PINEROLO - movicentro,15:18:00,TRUE,Pe0270
28655,192B,275,PINEROLO - movicentro,16:48:00,PINEROLO - Piazza Cavour,16:50:00,TRUE,Pe0270
28533,212A,275,PINEROLO - Piazza Cavour,16:50:00,PEROSA ARG.-Pzza Terzo Alpini,17:20:00,FALSE,Pe0270
28565,007DA,282,PEROSA ARG.-Pzza Terzo Alpini,4:50:00,PINEROLO - movicentro,5:22:00,FALSE,Pe0280
28685,007DB,282,PINEROLO - movicentro,5:26:00,TORINO - Autostazione c.so Bolzano,6:37:00,FALSE,Pe0280
29809,052A,275,TORINO - Autostazione c.so Bolzano,6:41:00,PINEROLO - movicentro,7:44:00,FALSE,Pe0280
28544,052B,275,PINEROLO - movicentro,7:48:00,PER - V. Nazionale 6 (Deposito Ex Sapav),8:19:00,TRUE,Pe0280
28560,N2A,282,PEROSA ARG.-Pzza Terzo Alpini,10:10:00,PINEROLO - movicentro,10:42:00,FALSE,Pe0280
28697,N2B,282,PINEROLO - movicentro,10:46:00,TORINO - Autostazione c.so Bolzano,11:57:00,FALSE,Pe0280
28711,170A,282,TORINO - Autostazione c.so Bolzano,13:03:00,PINEROLO - movicentro,14:14:00,FALSE,Pe0280
28582,170B,282,PINEROLO - movicentro,14:18:00,PEROSA ARG.-Pzza Terzo Alpini,14:50:00,FALSE,Pe0280
28129,RPN18,901,PINEROLO - movicentro,6:35:00,TORRE PELLICE,7:05:00,FALSE,Pi0010
28144,RPN04,901,TORRE PELLICE,7:05:00,PINEROLO - movicentro,7:40:00,FALSE,Pi0010
28340,1,703,Frazione Pascaretto,7:50:00,PIN - Fiugera,8:25:00,FALSE,Pi0010
29694,132C,281,PINEROLO - Ist. Immacolata,13:30:00,PEROSA ARG.-Pzza Terzo Alpini,14:05:00,FALSE,Pi0010
28564,191DA,282,PEROSA ARG.-Pzza Terzo Alpini,14:10:00,PINEROLO - movicentro,14:42:00,FALSE,Pi0010
28694,191DB,282,PINEROLO - movicentro,14:46:00,TORINO - Autostazione c.so Bolzano,15:57:00,FALSE,Pi0010
28709,234B,282,TORINO - Autostazione c.so Bolzano,16:33:00,PINEROLO - movicentro,17:44:00,FALSE,Pi0010
29780,22079,284,PINEROLO-stabilimento TN ITALY,6:00:00,SEGGIOVIA VANDALINO,6:35:00,FALSE,Pi0020
29668,21004,279,TORRE PELLICE,6:50:00,PINEROLO - Ist. Immacolata,7:25:00,FALSE,Pi0020
29699,30020B,283,CANTALUPA,7:50:00,PINEROLO - Piazza Cavour,8:13:00,FALSE,Pi0020
28297,102,701,MACELLO - Municipio,10:50:00,S.Pietro Val Lemina - via Europa fr 61,11:20:00,FALSE,Pi0020
29562,111,701,S.Pietro Val Lemina - via Europa 61,11:30:00,MACELLO - Municipio,12:10:00,FALSE,Pi0020
28305,110,701,MACELLO - Municipio,12:10:00,PINEROLO - movicentro,12:30:00,FALSE,Pi0020
29706,05S,701,PINEROLO Centro Studi,13:30:00,S.Pietro Val Lemina - via Europa fr 61,13:55:00,FALSE,Pi0020
29705,14S,701,S.Pietro Val Lemina - via Europa 61,13:55:00,PINEROLO - movicentro,14:17:00,FALSE,Pi0020
29669,21006A,279,TORRE P. - Santa Margherita,7:33:00,Pinerolo Centro Studi (C.Torino/Rochis),8:09:00,FALSE,Pi0030
28094,30003,283,PINEROLO - Piazza Cavour,11:10:00,CANTALUPA,11:40:00,FALSE,Pi0030
28162,30022,283,CANTALUPA,11:40:00,PINEROLO - Piazza Cavour,12:10:00,FALSE,Pi0030
28648,143DB,275,PINEROLO - movicentro,12:16:00,Pinerolo Bivio Sede SAPAV,12:23:00,TRUE,Pi0030
29675,21038S,279,PINEROLO Centro Studi,13:50:00,BOBBIO PELLICE,14:45:00,FALSE,Pi0030
29265,21022,279,BOBBIO PELLICE,15:50:00,TORRE PELLICE,16:10:00,FALSE,Pi0030
28380,21044,279,TORRE PELLICE,16:25:00,BOBBIO PELLICE,16:42:00,FALSE,Pi0030
28355,21023,279,BOBBIO PELLICE,16:47:00,TORRE PELLICE,17:04:00,FALSE,Pi0030
28139,RPN13,901,TORRE PELLICE,17:05:00,PINEROLO - movicentro,17:40:00,FALSE,Pi0030
28556,004A,275,PINEROLO - movicentro,4:28:00,FENESTRELLE - Via Nazionale,5:30:00,FALSE,Pi0040
28486,002A,275,FENESTRELLE - Via Nazionale,5:30:00,SESTRIERE - parcheggio,6:10:00,FALSE,Pi0040
28424,087A,275,SESTRIERE - parcheggio,6:10:00,PEROSA ARG.-Pzza Terzo Alpini,7:20:00,FALSE,Pi0040
28723,091S,275,PEROSA ARG.-Pzza Terzo Alpini,7:24:00,Pinerolo Centro Studi (C.Torino/Rochis),8:00:00,FALSE,Pi0040
28808,070A,275,Volvera-str Piossasco,8:12:00,PINEROLO - movicentro,8:42:00,FALSE,Pi0040
29463,149,281,PINEROLO - Stazione FS (Via Brignone),14:15:00,GERBOLE DI VOLVERA,14:45:00,FALSE,Pi0040
29489,156B,281,GERBOLE DI VOLVERA,14:50:00,PINEROLO - stazione FS,15:15:00,FALSE,Pi0040
28627,N19,275,PINEROLO - Piazza Cavour,5:10:00,TORINO - Autostazione c.so Bolzano,6:19:00,FALSE,Pi0050
28830,054C,282,TORINO - Autostazione c.so Bolzano,6:43:00,PINEROLO - Piazza Cavour,8:00:00,FALSE,Pi0050
29665,11S,278,PINEROLO - Piazza Cavour,13:30:00,Buriasco Piazza Roma,13:55:00,FALSE,Pi0050
29667,05S,278,Buriasco Piazza Roma,13:55:00,PINEROLO - Fronte Stazione FS,14:10:00,FALSE,Pi0050
28600,2,700,PINEROLO Centro Studi,14:20:00,Pinerolo - Via Novarea,14:29:00,FALSE,Pi0050
28766,2211A,281,PINEROLO - Via Saluzzo (ENEL),14:30:00,SCALENGHE - via Cavour,15:05:00,FALSE,Pi0050
28767,2213A,281,SCALENGHE - via Cavour,15:10:00,PINEROLO - Fronte Stazione FS,15:30:00,FALSE,Pi0050
29687,60,281,GERBOLE DI VOLVERA,7:25:00,PINEROLO - stazione FS,8:00:00,FALSE,Pi0060
28648,143DB,275,Pinerolo Bivio Sede SAPAV,12:23:00,TORINO - Autostazione c.so Bolzano,13:19:00,TRUE,Pi0060
28712,172C,282,TORINO - Autostazione c.so Bolzano,13:33:00,PINEROLO - movicentro,14:44:00,FALSE,Pi0060
29241,215,281,PINEROLO - Stazione FS (Via Brignone),15:00:00,GERBOLE DI VOLVERA,15:40:00,FALSE,Pi0060
29240,215R,281,GERBOLE DI VOLVERA,15:40:00,PINEROLO - stazione FS,16:15:00,FALSE,Pi0060
29186,194A,281,PINEROLO - Fronte Stazione FS,16:15:00,VILLAR PEROSA - via Nazionale,16:35:00,FALSE,Pi0060
28092,30009B,283,PINEROLO - Piazza Cavour,17:00:00,CANTALUPA,17:30:00,FALSE,Pi0060
28084,30025B,283,CANTALUPA,17:30:00,PINEROLO - Piazza Cavour,17:55:00,FALSE,Pi0060
29504,3,278,PINEROLO - c.so Torino-MACUMBA,7:15:00,CERCENASCO - Via Umberto I,7:35:00,FALSE,Pi0080
29488,8,278,VIGONE,7:40:00,PINEROLO - Piazza Cavour,8:05:00,FALSE,Pi0080
28128,RPN26,901,PINEROLO - movicentro,12:50:00,TORRE PELLICE,13:25:00,FALSE,Pi0080
28133,RP306,901,TORRE PELLICE,13:35:00,PINEROLO - movicentro,14:10:00,FALSE,Pi0080
28917,RPN32,901,PINEROLO - movicentro,14:20:00,TORRE PELLICE,14:55:00,FALSE,Pi0080
28137,22022B,901,TORRE PELLICE,15:35:00,PINEROLO - movicentro,16:10:00,FALSE,Pi0080
28736,23,278,PINEROLO - Via Saluzzo (ENEL),16:30:00,MACELLO - Municipio,16:50:00,FALSE,Pi0080
28322,24,278,MACELLO - Municipio,16:50:00,PINEROLO - Piazza Cavour,17:17:00,FALSE,Pi0080
28317,27,278,PINEROLO - Piazza Cavour,17:40:00,CERCENASCO - v. Reg.Margherita,18:20:00,FALSE,Pi0080
28316,28,278,CERCENASCO - v. Reg.Margherita,18:25:00,PINEROLO - Piazza Cavour,19:10:00,FALSE,Pi0080
29664,15,278,PINEROLO - Stazione FS (Via Brignone),13:25:00,VIGONE - Piazza Corte,13:50:00,FALSE,Pi0090
29462,19S,278,PINEROLO - Piazza Cavour,14:10:00,OSASIO - piazza Castello,14:55:00,FALSE,Pi0090
29503,22B,278,OSASIO - piazza Castello,15:00:00,PINEROLO - Piazza Cavour,15:50:00,FALSE,Pi0090
28401,21045,279,PINEROLO - Ist. Immacolata,16:12:00,TORRE PELLICE,16:58:00,FALSE,Pi0090
28378,21048,279,TORRE PELLICE,17:05:00,BOBBIO PELLICE,17:21:00,FALSE,Pi0090
28362,21025,279,BOBBIO PELLICE,18:16:00,TORRE PELLICE,18:32:00,FALSE,Pi0090
28734,29,278,PINEROLO - Piazza Cavour,19:10:00,CERCENASCO - v. Reg.Margherita,19:40:00,FALSE,Pi0090
28321,30,278,CERCENASCO - v. Reg.Margherita,19:40:00,PINEROLO - Piazza Cavour,20:10:00,FALSE,Pi0090
29659,04B,278,CER - SP 138-Via XX Settembre,6:45:00,PINEROLO - Ist. Immacolata,7:20:00,FALSE,Pi0120
28318,05D,278,PINEROLO - stazione FS,7:30:00,MACELLO - Municipio,7:55:00,FALSE,Pi0120
28324,16,278,MACELLO - Municipio,7:55:00,PINEROLO - stazione FS,8:15:00,FALSE,Pi0120
28331,9,703,Pinerolo Frazione Riva (Domarossa),11:30:00,PIN - Fiugera,11:57:00,FALSE,Pi0120
28339,8,703,PIN - Fiugera,12:10:00,RIVA DI PINEROLO -Via Maestra/Aurora,12:35:00,FALSE,Pi0120
28794,30015S,283,PINEROLO - Piazza Cavour,13:20:00,CANTALUPA,13:47:00,FALSE,Pi0120
29702,30028B,283,CANTALUPA,13:50:00,PINEROLO - Piazza Cavour,14:07:00,FALSE,Pi0120
28919,21,278,PINEROLO - Stazione FS (Via Brignone),14:30:00,VIRLE PIEMONTE - via Carignano,15:20:00,FALSE,Pi0120
29268,RP314R,901,PINEROLO - movicentro,6:50:00,TORRE PELLICE,7:20:00,FALSE,Pi0130
29111,21006,279,TORRE PELLICE,7:25:00,Pinerolo Centro Studi (C.Torino/Rochis),8:00:00,FALSE,Pi0130
29585,112,701,PINEROLO - movicentro,13:45:00,MACELLO - Municipio,14:03:00,FALSE,Pi0130
28294,103,701,MACELLO - Municipio,14:05:00,S.Pietro Val Lemina - via Europa fr 61,14:35:00,FALSE,Pi0130
29584,114,701,S.Pietro Val Lemina - via Europa 61,14:40:00,MACELLO - Municipio,15:20:00,FALSE,Pi0130
28308,16,703,PIN - Fiugera,16:00:00,Frazione Pascaretto,16:35:00,FALSE,Pi0130
28326,17,703,Pinerolo Frazione Riva (Domarossa),16:40:00,PIN - Fiugera,17:07:00,FALSE,Pi0130
29152,18,703,PIN - Fiugera,17:10:00,Pinerolo Frazione Riva (Domarossa),17:40:00,FALSE,Pi0130
28330,19,703,Pinerolo Frazione Riva (Domarossa),17:40:00,PIN - Fiugera,18:08:00,FALSE,Pi0130
28337,20,703,PIN - Fiugera,18:20:00,Pinerolo Frazione Riva (Domarossa),18:50:00,FALSE,Pi0130
29772,024A,275,PINEROLO-stabilimento TN ITALY,6:00:00,PEROSA ARG.-Pzza Terzo Alpini,6:30:00,FALSE,Pi0140
29684,083A,281,FENESTRELLE - Via Nazionale,7:10:00,PEROSA ARG.-Pzza Terzo Alpini,7:40:00,FALSE,Pi0140
28521,081C,275,PEROSA ARG.-Pzza Terzo Alpini,7:40:00,PINEROLO - Piazza Cavour,8:10:00,FALSE,Pi0140
28626,089D,275,PINEROLO - Piazza Cavour,8:10:00,TORINO - Autostazione c.so Bolzano,9:19:00,FALSE,Pi0140
28650,N12,275,TORINO - Autostazione c.so Bolzano,11:41:00,PINEROLO - Piazza Cavour,12:50:00,FALSE,Pi0140
29701,30011B,283,PINEROLO - Ist. Immacolata,13:30:00,CANTALUPA,14:00:00,FALSE,Pi0140
29272,30024S,283,CANTALUPA,14:20:00,PINEROLO - Piazza Cavour,14:50:00,FALSE,Pi0140
28475,30017,283,PINEROLO - Piazza Cavour,17:35:00,CANTALUPA,17:55:00,FALSE,Pi0190
28159,30026B,283,CANTALUPA,17:55:00,PINEROLO - Piazza Cavour,18:25:00,FALSE,Pi0190
28688,247B,282,PINEROLO - movicentro,18:46:00,TORINO - Autostazione c.so Bolzano,19:57:00,FALSE,Pi0190
28704,262A,282,TORINO - Autostazione c.so Bolzano,20:03:00,PINEROLO - movicentro,21:14:00,FALSE,Pi0190
28574,262B,282,PINEROLO - movicentro,21:18:00,PEROSA ARG.-Pzza Terzo Alpini,21:50:00,FALSE,Pi0190
28493,281A,275,PEROSA ARG.-Pzza Terzo Alpini,22:15:00,Pinerolo Bivio Sede SAPAV,22:50:00,FALSE,Pi0190
29182,2224,281,PINEROLO - Ist. Immacolata,16:05:00,NONE - Via Roma 18,16:58:00,FALSE,Pi0200
28675,233F,282,None - Stab. Streglio,17:22:00,TORINO - Autostazione c.so Bolzano,18:15:00,FALSE,Pi0200
28705,252D,282,TORINO - Autostazione c.so Bolzano,18:33:00,PINEROLO - movicentro,19:44:00,FALSE,Pi0200
28575,260B,282,PINEROLO - movicentro,20:18:00,PEROSA ARG.-Pzza Terzo Alpini,20:50:00,FALSE,Pi0200
29595,271A,275,PEROSA ARG.-Pzza Terzo Alpini,21:00:00,PINEROLO-stabilimento TN ITALY,21:30:00,FALSE,Pi0200
28490,268C,275,Pinerolo Bivio Sede SAPAV,21:31:00,Villar Perosa Stabilimento SKF,21:55:00,FALSE,Pi0200
28182,283A,275,Villar Perosa Stabilimento SKF,22:25:00,SAN SECONDO bivio BIMA,22:45:00,FALSE,Pi0200
28151,22105,284,SAN SECONDO bivio BIMA,22:45:00,TORRE PELLICE,23:02:00,FALSE,Pi0200
29663,6,278,Virle P. - SP Di Virle - Montegrappa,7:35:00,PINEROLO - Piazza Cavour,8:15:00,FALSE,Pi0210
28617,11B,278,PINEROLO - Stazione FS (Via Brignone),13:30:00,PANCALIERI - scuole medie,14:05:00,FALSE,Pi0210
29183,2229,281,PANCALIERI - scuole medie,14:05:00,PINEROLO - Fronte Stazione FS,14:55:00,FALSE,Pi0210
28095,30016B,283,PINEROLO - Piazza Cavour,15:05:00,CANTALUPA,15:30:00,FALSE,Pi0210
28082,30029,283,CANTALUPA,15:30:00,PINEROLO - Piazza Cavour,15:49:00,FALSE,Pi0210
28528,184D,275,PINEROLO - Piazza Cavour,15:50:00,PEROSA ARG.-Pzza Terzo Alpini,16:20:00,FALSE,Pi0210
28311,182C,281,PEROSA ARG.-Pzza Terzo Alpini,16:35:00,VILLARETTO,16:48:00,FALSE,Pi0210
28310,229F,281,VILLARETTO,16:55:00,PEROSA ARG.-Pzza Terzo Alpini,17:07:00,FALSE,Pi0210
28563,231DA,282,PEROSA ARG.-Pzza Terzo Alpini,17:10:00,PINEROLO - movicentro,17:42:00,FALSE,Pi0210
28124,RPN31,901,PINEROLO - movicentro,17:50:00,TORRE PELLICE,18:25:00,FALSE,Pi0210
28141,RPN16,901,TORRE PELLICE,18:35:00,PINEROLO - movicentro,19:10:00,FALSE,Pi0210
28295,105,701,MACELLO - Municipio,15:20:00,S.Pietro Val Lemina - via Europa fr 61,15:50:00,FALSE,Pi0230
29560,116,701,S.Pietro Val Lemina - via Europa 61,15:50:00,MACELLO - Municipio,16:30:00,FALSE,Pi0230
28351,107S,701,MACELLO - Municipio,16:40:00,S.Pietro Val Lemina - via Europa fr 61,17:18:00,FALSE,Pi0230
29561,118,701,S.Pietro Val Lemina - via Europa 61,17:18:00,MACELLO - Municipio,17:58:00,FALSE,Pi0230
28293,3,701,MACELLO - Municipio,18:00:00,S.Pietro Val Lemina - via Europa fr 61,18:30:00,FALSE,Pi0230
29558,12,701,S.Pietro Val Lemina - via Europa 61,18:30:00,MACELLO - Municipio,19:10:00,FALSE,Pi0230
28304,6,701,MACELLO - Municipio,19:20:00,PINEROLO - movicentro,19:40:00,FALSE,Pi0230
29707,RP333,901,PINEROLO - movicentro,21:50:00,TORRE PELLICE,22:20:00,FALSE,Pi0230
29708,RP333R,901,TORRE PELLICE,22:20:00,PINEROLO - movicentro,22:50:00,FALSE,Pi0230
29693,124B,281,PINEROLO Centro Studi,13:30:00,PEROSA ARG.-Pzza Terzo Alpini,14:00:00,FALSE,Pi0250
28616,193B,281,PEROSA ARG.-Pzza Terzo Alpini,14:20:00,PINEROLO - stazione FS,14:50:00,FALSE,Pi0250
28126,RPN29,901,PINEROLO - movicentro,14:50:00,TORRE PELLICE,15:25:00,FALSE,Pi0250
28142,22027,901,TORRE PELLICE,17:35:00,PINEROLO - movicentro,18:10:00,FALSE,Pi0250
28125,RP307,901,PINEROLO - movicentro,18:20:00,TORRE PELLICE,18:55:00,FALSE,Pi0250
28385,21051,279,TORRE PELLICE,19:05:00,BOBBIO PELLICE,19:19:00,FALSE,Pi0250
28140,RP331,901,TORRE PELLICE,19:35:00,PINEROLO - movicentro,20:10:00,FALSE,Pi0250
28807,22029,284,PINEROLO - Piazza Cavour,21:25:00,None Via Pinerolo,21:58:00,FALSE,Pi0250
28805,22104,284,None Via Pinerolo,22:25:00,SEGGIOVIA VANDALINO,23:22:00,FALSE,Pi0250
28760,034D,275,Pinerolo Bivio Sede SAPAV,7:00:00,Villar Perosa - Stabilimento TEKFOR A,7:24:00,FALSE,Pi0260
29689,099A,281,PEROSA ARG.-Pzza Terzo Alpini,7:35:00,Pinerolo Centro Studi (C.Torino/Rochis),8:10:00,FALSE,Pi0260
28768,1317A,278,PINEROLO - Via Saluzzo (ENEL),13:25:00,SCA - FR Pieve Via Savigliani,14:08:00,FALSE,Pi0260
28148,22094,284,AIRASCA - stabilimento SKF,14:30:00,SEGGIOVIA VANDALINO,15:15:00,FALSE,Pi0260
28155,22024B,284,TORRE PELLICE,16:10:00,PINEROLO - movicentro,16:40:00,FALSE,Pi0260
28458,213,281,PINEROLO - Stazione FS (Via Brignone),16:45:00,Volvera-str Piossasco,17:15:00,FALSE,Pi0260
28068,22101,284,AIRASCA - stabilimento SKF,17:30:00,SEGGIOVIA VANDALINO,18:16:00,FALSE,Pi0260
29681,2226,281,VIRLE PIEMONTE - via Carignano,6:55:00,PINEROLO - Ist. Immacolata,7:40:00,FALSE,Pi0280
28405,5,278,PINEROLO - Ist. Immacolata,7:40:00,PINEROLO - Fronte Stazione FS,7:45:00,FALSE,Pi0280
29150,1,700,Pinerolo - Via Novarea,7:55:00,Pinerolo Centro Studi (C.Torino/Rochis),8:10:00,FALSE,Pi0280
28329,11,703,Pinerolo Frazione Riva (Domarossa),13:20:00,PIN - Fiugera,13:50:00,FALSE,Pi0280
28336,12,703,PIN - Fiugera,14:00:00,Pinerolo Frazione Riva (Domarossa),14:30:00,FALSE,Pi0280
28332,13,703,Pinerolo Frazione Riva (Domarossa),14:30:00,PIN - Fiugera,14:57:00,FALSE,Pi0280
29155,14,703,PIN - Fiugera,15:00:00,Pinerolo Frazione Riva (Domarossa),15:30:00,FALSE,Pi0280
28333,15,703,Pinerolo Frazione Riva (Domarossa),15:30:00,PIN - Fiugera,15:57:00,FALSE,Pi0280
28551,022A,275,PINEROLO - movicentro,5:48:00,PEROSA ARG.-Pzza Terzo Alpini,6:20:00,FALSE,Pi0290
28859,37A,275,PEROSA ARG.-Pzza Terzo Alpini,6:20:00,PIN - Via Giustetto-Via Polliotti,6:43:00,FALSE,Pi0290
28863,37B,275,PIN - Via Giustetto-Via Polliotti,6:45:00,TORINO - Autostazione c.so Bolzano,7:48:00,FALSE,Pi0290
28668,106A,275,TORINO - Autostazione c.so Bolzano,10:41:00,PINEROLO - movicentro,11:44:00,FALSE,Pi0290
28554,106B,275,PINEROLO - movicentro,11:48:00,PER - V. Nazionale 6 (Deposito Ex Sapav),12:19:00,TRUE,Pi0290
29804,22036,284,PEROSA ARG.-Pzza Terzo Alpini,13:15:00,AIRASCA - stabilimento SKF,13:55:00,FALSE,Pi0290
29677,31,281,PINEROLO - stazione FS,6:20:00,GERBOLE DI VOLVERA,6:50:00,FALSE,Pi0300
29682,48,281,GERBOLE DI VOLVERA,6:55:00,PINEROLO - Ist. Immacolata,7:35:00,FALSE,Pi0300
28795,046A,281,PINEROLO - Ist. Immacolata,7:35:00,PONTE SAN MARTINO,7:50:00,FALSE,Pi0300
29112,115A,281,PONTE SAN MARTINO,7:55:00,Pinerolo Centro Studi (C.Torino/Rochis),8:10:00,FALSE,Pi0300
28637,131FB,275,Pinerolo Bivio Sede SAPAV,10:23:00,TORINO - Autostazione c.so Bolzano,11:19:00,TRUE,Pi0300
28823,22134N,119,TO - Corso Vercelli-Via Cuorgnè,12:15:00,TO - Corso Belgio,12:37:00,FALSE,Pi0300
28824,22134N,277,TO - Corso Belgio,12:37:00,AIRASCA - stabilimento SKF,13:55:00,FALSE,Pi0300
29045,2225B,281,PINEROLO - Ist. Immacolata,16:05:00,VIRLE PIEMONTE - via Carignano,16:50:00,FALSE,Pi0300
29679,2210,281,PINEROLO - stazione FS,6:50:00,SCALENGHE - via Cavour,7:10:00,FALSE,Pi0370
29685,2212,281,SCALENGHE - via Cavour,7:15:00,Pinerolo Via Saluzzo ENEL,7:45:00,FALSE,Pi0370
28334,3,703,Pinerolo Frazione Riva (Domarossa),8:20:00,PIN - Fiugera,8:47:00,FALSE,Pi0370
28338,2,703,PIN - Fiugera,9:00:00,Pinerolo Frazione Riva (Domarossa),9:30:00,FALSE,Pi0370
28335,5,703,Pinerolo Frazione Riva (Domarossa),9:30:00,PIN - Fiugera,9:57:00,FALSE,Pi0370
29156,4,703,PIN - Fiugera,10:00:00,Pinerolo Frazione Riva (Domarossa),10:30:00,FALSE,Pi0370
28328,7,703,Pinerolo Frazione Riva (Domarossa),10:30:00,PIN - Fiugera,10:57:00,FALSE,Pi0370
29154,6,703,PIN - Fiugera,11:00:00,Pinerolo Frazione Riva (Domarossa),11:30:00,FALSE,Pi0370
28489,008A,275,Pinerolo Bivio Sede SAPAV,5:11:00,Villar Perosa Stabilimento SKF,5:35:00,FALSE,Pi0470
29776,029A,275,Villar Perosa Stabilimento SKF,6:05:00,SAN SECONDO bivio BIMA,6:25:00,FALSE,Pi0470
29785,22081,284,SAN SECONDO bivio BIMA,6:25:00,TORRE PELLICE,6:45:00,FALSE,Pi0470
28739,22012,284,TORRE PELLICE,6:50:00,Bivio Bima,7:10:00,FALSE,Pi0470
28179,032A,275,Bivio Bima,7:10:00,Villar Perosa Stabilimento SKF,7:30:00,FALSE,Pi0470
28313,042A,281,VILLAR PEROSA - via Nazionale,7:30:00,PEROSA ARG.-Pzza Terzo Alpini,7:40:00,FALSE,Pi0470
28525,097A,275,PEROSA ARG.-Pzza Terzo Alpini,7:40:00,PINEROLO Centro Studi,8:10:00,FALSE,Pi0470
28296,101,701,MACELLO - Municipio,9:25:00,S.Pietro Val Lemina - via Europa fr 61,10:03:00,FALSE,Pi0470
29557,110A,701,S.Pietro Val Lemina - via Europa 61,10:10:00,MACELLO - Municipio,10:50:00,FALSE,Pi0470
29696,2223,281,PINEROLO - Ist. Immacolata,13:30:00,OSASIO - piazza Castello,14:17:00,FALSE,Pi0500
28108,2230,281,OSASIO - piazza Castello,14:20:00,PINEROLO - Fronte Stazione FS,15:01:00,FALSE,Pi0500
28118,RP323,901,PINEROLO - movicentro,15:50:00,TORRE PELLICE,16:25:00,FALSE,Pi0500
28138,RPN14,901,TORRE PELLICE,16:35:00,PINEROLO - movicentro,17:10:00,FALSE,Pi0500
28327,21,703,Pinerolo Frazione Riva (Domarossa),18:50:00,PIN - Fiugera,19:17:00,FALSE,Pi0500
29153,22,703,PIN - Fiugera,19:20:00,Pinerolo Frazione Riva (Domarossa),19:50:00,FALSE,Pi0500
28624,263B,275,PINEROLO - Piazza Cavour,20:10:00,TORINO - Autostazione c.so Bolzano,21:19:00,FALSE,Pi0500
28703,276B,282,TORINO - Autostazione c.so Bolzano,21:41:00,PINEROLO - movicentro,22:52:00,FALSE,Pi0500
28161,30019,283,CANTALUPA,6:15:00,PINEROLO - Piazza Cavour,6:40:00,FALSE,Pi0540
28477,30012,283,PINEROLO - Piazza Cavour,6:45:00,CANTALUPA,7:05:00,FALSE,Pi0540
29698,30020,283,CANTALUPA,7:10:00,PINEROLO - Piazza Cavour,7:45:00,FALSE,Pi0540
28686,053B,282,Pinerolo Centro Studi (C.Torino/Rochis),7:50:00,TORINO - Autostazione c.so Bolzano,8:57:00,TRUE,Pi0540
28651,N10,275,TORINO - Autostazione c.so Bolzano,9:41:00,Pinerolo Bivio Sede SAPAV,10:38:00,TRUE,Pi0540
29674,21054,279,PINEROLO Centro Studi,13:30:00,BIBIANA Centro,13:57:00,FALSE,Pi0540
29116,30005B,283,PINEROLO - Piazza Cavour,14:15:00,CANTALUPA,14:45:00,FALSE,Pi0540
28079,30034S,283,CANTALUPA,14:45:00,PINEROLO - Piazza Cavour,15:03:00,FALSE,Pi0540
28135,RPN01,901,TORRE PELLICE,6:05:00,PINEROLO - movicentro,6:35:00,FALSE,Pi0560
29466,033CB,282,PINEROLO - movicentro,6:36:00,TORINO - Autostazione c.so Bolzano,7:47:00,FALSE,Pi0560
28656,N14,275,TORINO - Autostazione c.so Bolzano,8:11:00,PINEROLO - Piazza Cavour,9:20:00,FALSE,Pi0560
29673,21040,279,PINEROLO - Ist. Immacolata,13:30:00,TORRE PELLICE,14:07:00,FALSE,Pi0560
28134,RPN11,901,TORRE PELLICE,14:10:00,PINEROLO - movicentro,14:45:00,FALSE,Pi0560
28733,186A,282,PINEROLO - movicentro,15:18:00,PINEROLO - Piazza Cavour,15:20:00,TRUE,Pi0560
28590,186B,282,PINEROLO - Piazza Cavour,15:20:00,PEROSA ARG.-Pzza Terzo Alpini,15:50:00,FALSE,Pi0560
28178,223A,275,PEROSA ARG.-Pzza Terzo Alpini,16:30:00,Villar Perosa-Via Nazionale-SP Sestriere,16:40:00,FALSE,Pi0560
29459,239D,275,Villar Perosa - Stabilimento TEKFOR A,17:00:00,Pinerolo Bivio Sede SAPAV,17:27:00,FALSE,Pi0560
29660,1,278,PINEROLO - Piazza Cavour,7:00:00,VIGONE - Piazza Corte,7:20:00,FALSE,Pi0580
29661,14,278,VIGONE - Via Torino/Via Verdi,7:25:00,PINEROLO - movicentro,8:10:00,FALSE,Pi0580
28491,148F,275,Pinerolo Bivio Sede SAPAV,13:10:00,Villar Perosa Stabilimento SKF,13:35:00,FALSE,Pi0580
28122,RPN28,901,PINEROLO - movicentro,13:50:00,TORRE PELLICE,14:25:00,FALSE,Pi0580
28143,RP308,901,TORRE PELLICE,15:05:00,PINEROLO - movicentro,15:40:00,FALSE,Pi0580
29238,207,281,PINEROLO - Ist. Immacolata,16:05:00,GERBOLE DI VOLVERA,16:45:00,FALSE,Pi0580
28804,22100B,284,None Via Pinerolo,17:20:00,SEGGIOVIA VANDALINO,18:35:00,FALSE,Pi0580
29680,031B,281,PINEROLO - Stazione FS (Via Brignone),6:55:00,Volvera-str Piossasco,7:20:00,FALSE,Pi0610
29266,064B,281,Volvera-str Piossasco,7:30:00,PINEROLO - stazione FS,7:55:00,FALSE,Pi0610
28638,091B,275,PINEROLO - movicentro,7:56:00,TORINO - Autostazione c.so Bolzano,8:59:00,FALSE,Pi0610
28718,110DA,282,TORINO - Autostazione c.so Bolzano,11:03:00,PINEROLO - movicentro,12:14:00,FALSE,Pi0610
28577,110DB,282,PINEROLO - movicentro,12:18:00,PEROSA ARG.-Pzza Terzo Alpini,12:50:00,FALSE,Pi0610
28558,165A,282,PEROSA ARG.-Pzza Terzo Alpini,12:50:00,PINEROLO - movicentro,13:22:00,FALSE,Pi0610
29523,19SB,278,PINEROLO - Stazione FS (Via Brignone),14:15:00,VIGONE,14:40:00,FALSE,Pi0610
29524,19BS,278,VIGONE,14:40:00,PINEROLO - movicentro,15:10:00,FALSE,Pi0610
28309,10S,703,PIN - Fiugera,13:30:00,Frazione Pascaretto,14:05:00,FALSE,Pi0620
28406,126C,281,PINEROLO Centro Studi,14:30:00,PEROSA ARG.-Pzza Terzo Alpini,15:00:00,FALSE,Pi0620
28506,205AB,275,PER - V. Nazionale 6 (Deposito Ex Sapav),16:42:00,PINEROLO - movicentro,17:12:00,TRUE,Pi0620
28927,N13,282,PINEROLO - movicentro,17:16:00,TORINO - Autostazione c.so Bolzano,18:40:00,FALSE,Pi0620
28706,260A,282,TORINO - Autostazione c.so Bolzano,19:03:00,PINEROLO - movicentro,20:14:00,FALSE,Pi0620
29239,138A,281,PINEROLO Centro Studi,13:30:00,PORTE,13:42:00,FALSE,Pi0720
28407,126D,281,PINEROLO Centro Studi,14:30:00,PEROSA ARG.-Pzza Terzo Alpini,15:00:00,FALSE,Pi0720
28557,199A,282,PEROSA ARG.-Pzza Terzo Alpini,15:10:00,PINEROLO - movicentro,15:42:00,FALSE,Pi0720
28690,199B,282,PINEROLO - movicentro,15:46:00,TORINO - Autostazione c.so Bolzano,17:10:00,FALSE,Pi0720
28653,238B,275,TORINO - Autostazione c.so Bolzano,17:15:00,PINEROLO - Piazza Cavour,18:24:00,FALSE,Pi0720
28087,30010,283,PINEROLO - Piazza Cavour,18:30:00,CANTALUPA,19:00:00,FALSE,Pi0720
28077,30035,283,CANTALUPA,19:00:00,PINEROLO - Piazza Cavour,19:20:00,FALSE,Pi0720
28476,30018,283,PINEROLO - Piazza Cavour,19:35:00,CANTALUPA,19:55:00,FALSE,Pi0720
28081,30031,283,CANTALUPA,19:55:00,PINEROLO - Piazza Cavour,20:13:00,FALSE,Pi0720
29563,8,701,PINEROLO - movicentro,5:30:00,MACELLO - Municipio,5:48:00,FALSE,Pi0930
28291,1,701,MACELLO - Municipio,5:50:00,S.Pietro Val Lemina - via Europa fr 61,6:20:00,FALSE,Pi0930
29559,9,701,S.Pietro Val Lemina - via Europa 61,6:20:00,MACELLO - Municipio,7:00:00,FALSE,Pi0930
28292,2,701,MACELLO - Municipio,7:05:00,S.Pietro Val Lemina - via Europa fr 61,7:35:00,FALSE,Pi0930
29151,10,701,S.Pietro Val Lemina - via Europa 61,7:35:00,Pinerolo Centro Studi (C.Torino/Rochis),8:00:00,FALSE,Pi0930
28722,109,701,PIN - Str. Vecchia di Buriasco-Via Seves,8:19:00,S.Pietro Val Lemina - via Europa fr 61,8:36:00,FALSE,Pi0930
29556,109A,701,S.Pietro Val Lemina - via Europa 61,8:40:00,MACELLO - Municipio,9:20:00,FALSE,Pi0930
29692,136A,281,PINEROLO - Fronte Stazione FS,13:15:00,SAN GERMANO CHISONE,13:45:00,FALSE,Pi0930
28492,185E,275,Villar Perosa Stabilimento SKF,14:15:00,Pinerolo Bivio Sede SAPAV,14:40:00,FALSE,Pi0930
29013,22080,284,Pinerolo Bivio Sede SAPAV,6:00:00,AIRASCA - stabilimento SKF,6:15:00,FALSE,Pi0950
29007,175,280,AIRASCA - stabilimento SKF,6:30:00,BARGE-Viale Mazzini/Cavallotta,7:22:00,FALSE,Pi0950
29670,21053,279,BIBIANA CENTRO,7:45:00,Pinerolo Centro Studi (C.Torino/Rochis),8:15:00,FALSE,Pi0950
28091,30004,283,PINEROLO - Piazza Cavour,12:20:00,CANTALUPA,12:50:00,FALSE,Pi0950
28164,30023,283,CANTALUPA,12:50:00,PINEROLO - Piazza Cavour,13:15:00,FALSE,Pi0950
29242,147A,281,PINEROLO - Via Saluzzo (ENEL),13:25:00,GERBOLE DI VOLVERA,14:08:00,FALSE,Pi0950
29697,156A,281,GERBOLE DI VOLVERA,14:08:00,PINEROLO - stazione FS,14:38:00,FALSE,Pi0950
29418,N16,265,PONT S.MARTIN-pzza IV Novembre,6:22:00,IVREA - Porta Vercelli,6:50:00,FALSE,Pt0010
28841,2209A,265,IVREA - Porta Vercelli,6:50:00,IVREA - loc Banchette,6:59:00,FALSE,Pt0010
29161,2209B,265,IVREA - loc Banchette,7:01:00,TORINO - Autostazione c.so Bolzano,7:56:00,FALSE,Pt0010
29599,4436A,265,TORINO - Autostazione c.so Bolzano,8:15:00,STRAMBINO - c.so Torino 44,9:25:00,FALSE,Pt0010
29402,4436B,265,STRAMBINO - c.so Torino 44,9:27:00,PONT S.MARTIN-pzza IV Novembre,10:11:00,FALSE,Pt0010
29443,2221A,265,PONT S.MARTIN-pzza IV Novembre,10:52:00,IVREA - Stazione FS est,11:26:00,FALSE,Pt0010
29640,2221B,265,IVREA - Stazione FS est,11:28:00,CHIVASSO - Staz. FS Movicentro,12:18:00,FALSE,Pt0010
29630,2280A,265,CHIVASSO - Staz. FS Movicentro,12:43:00,IVREA - Stazione FS int,13:33:00,FALSE,Pt0010
29430,2280B,265,IVREA - Stazione FS int,13:35:00,PONT S.MARTIN-pzza IV Novembre,14:05:00,FALSE,Pt0010
29414,4406A,265,PONT S.MARTIN-pzza IV Novembre,12:22:00,IVREA - loc Banchette,12:59:00,FALSE,Pt0011
29165,4406B,265,IVREA - loc Banchette,13:01:00,TORINO - Autostazione c.so Bolzano,13:56:00,FALSE,Pt0011
29053,N5A,265,TORINO - Autostazione c.so Bolzano,14:06:00,IVREA - loc Banchette,15:07:00,FALSE,Pt0011
29404,N5B,265,IVREA - loc Banchette,15:09:00,PONT S.MARTIN-pzza IV Novembre,15:42:00,FALSE,Pt0011
29441,N31A,265,PONT S.MARTIN-pzza IV Novembre,17:52:00,IVREA - Stazione FS est,18:26:00,FALSE,Pt0011
29636,N31B,265,IVREA - Stazione FS est,18:28:00,CHIVASSO - Staz. FS Movicentro,19:18:00,FALSE,Pt0011
29624,2194A,265,CHIVASSO - Staz. FS Movicentro,19:43:00,IVREA - Stazione FS int,20:33:00,FALSE,Pt0011
29424,2194B,265,IVREA - Stazione FS int,20:35:00,PONT S.MARTIN-pzza IV Novembre,21:05:00,FALSE,Pt0011
29410,4437A,265,PONT S.MARTIN-pzza IV Novembre,6:47:00,STRAMBINO - c.so Torino 45,7:30:00,FALSE,Pt0020
29654,4437B,265,STRAMBINO - c.so Torino 45,7:32:00,TORINO - Autostazione c.so Bolzano,8:48:00,FALSE,Pt0020
29054,4401A,265,TORINO - Autostazione c.so Bolzano,12:06:00,IVREA - loc Banchette,13:07:00,FALSE,Pt0020
29406,4401B,265,IVREA - loc Banchette,13:09:00,PONT S.MARTIN-pzza IV Novembre,13:42:00,FALSE,Pt0020
29416,4435,265,PONT S.MARTIN-pzza IV Novembre,13:47:00,CALUSO - Liceo,14:52:00,FALSE,Pt0020
29438,4414,265,CALUSO - Liceo,14:58:00,PONT S.MARTIN-pzza IV Novembre,15:58:00,FALSE,Pt0020
29415,2214B,265,PONT S.MARTIN-pzza IV Novembre,6:43:00,STRAMBINO - c.so Torino 45,7:27:00,FALSE,Pt0030
29408,2295B,265,STRAMBINO - c.so Torino 44,7:30:00,PONT S.MARTIN-pzza IV Novembre,8:14:00,FALSE,Pt0030
29411,2227A,265,PONT S.MARTIN-pzza IV Novembre,12:52:00,STRAMBINO - c.so Torino 45,13:35:00,FALSE,Pt0030
29655,2227B,265,STRAMBINO - c.so Torino 45,13:37:00,TORINO - Autostazione c.so Bolzano,14:58:00,FALSE,Pt0030
29057,2282A,265,TO-p.za Cattaneo-Mirafiori FCA,16:10:00,CHIVASSO - p.le Alfa-Lancia,17:06:00,FALSE,Pt0030
29614,2282B,265,CHIVASSO - p.le Alfa-Lancia,17:08:00,IVREA - Stazione FS int,17:46:00,FALSE,Pt0030
29409,2282C,265,IVREA - Stazione FS int,17:48:00,PONT S.MARTIN-pzza IV Novembre,18:18:00,FALSE,Pt0030
29419,N17,265,PONT S.MARTIN-pzza IV Novembre,6:40:00,IVREA - Porta Vercelli,7:08:00,FALSE,Pt0040
28478,2211,265,IVREA - Porta Vercelli,7:08:00,CALUSO - Liceo,7:45:00,FALSE,Pt0040
29437,2291,265,CALUSO - Liceo,7:45:00,PONT S.MARTIN-pzza IV Novembre,8:45:00,FALSE,Pt0040
29435,2235A,265,PONT S.MARTIN-pzza IV Novembre,16:02:00,IVREA - Stazione FS est,16:36:00,FALSE,Pt0040
29645,2235B,265,IVREA - Stazione FS est,16:38:00,CHIVASSO - Staz. FS Movicentro,17:33:00,FALSE,Pt0040
29625,N41A,265,CHIVASSO - Staz. FS Movicentro,17:43:00,IVREA - Stazione FS int,18:33:00,FALSE,Pt0040
29425,N41B,265,IVREA - Stazione FS int,18:35:00,PONT S.MARTIN-pzza IV Novembre,19:05:00,FALSE,Pt0040
29420,N35,265,IVREA - Stazione FS int,6:34:00,PONT S.MARTIN-pzza IV Novembre,7:00:00,FALSE,Pt0050
29445,N37A,265,PONT S.MARTIN-pzza IV Novembre,7:52:00,IVREA - Stazione FS est,8:26:00,FALSE,Pt0050
29641,N37B,265,IVREA - Stazione FS est,8:28:00,CHIVASSO - Staz. FS Movicentro,9:18:00,FALSE,Pt0050
29623,N3A,265,CHIVASSO - Staz. FS Movicentro,9:43:00,IVREA - Stazione FS int,10:33:00,FALSE,Pt0050
29432,N3B,265,IVREA - Stazione FS int,10:35:00,PONT S.MARTIN-pzza IV Novembre,11:05:00,FALSE,Pt0050
29436,4410A,265,PONT S.MARTIN-pzza IV Novembre,13:52:00,IVREA - Stazione FS est,14:26:00,FALSE,Pt0050
29646,4410B,265,IVREA - Stazione FS est,14:28:00,CHIVASSO - Staz. FS Movicentro,15:23:00,FALSE,Pt0050
29626,2298A,265,CHIVASSO - Staz. FS Movicentro,15:43:00,IVREA - Stazione FS int,16:33:00,FALSE,Pt0050
29426,2298B,265,IVREA - Stazione FS int,16:35:00,PONT S.MARTIN-pzza IV Novembre,17:05:00,FALSE,Pt0050
28765,2259,265,CALUSO - via De Brissac 23,7:00:00,IVREA - Porta Aosta,7:38:00,FALSE,Pt0060
29444,4408A,265,PONT S.MARTIN-pzza IV Novembre,11:52:00,IVREA - Stazione FS est,12:26:00,FALSE,Pt0060
29638,4408B,265,IVREA - Stazione FS est,12:28:00,CHIVASSO - Staz. FS Movicentro,13:18:00,FALSE,Pt0060
29631,4404A,265,CHIVASSO - Staz. FS Movicentro,13:43:00,IVREA - Stazione FS int,14:33:00,FALSE,Pt0060
29431,4404B,265,IVREA - Stazione FS int,14:35:00,PONT S.MARTIN-pzza IV Novembre,15:05:00,FALSE,Pt0060
29417,N15,265,PONT S.MARTIN-pzza IV Novembre,5:57:00,IVREA - Porta Vercelli,6:25:00,FALSE,Pt0070
28839,2207A,265,IVREA - Porta Vercelli,6:25:00,IVREA - loc Banchette,6:34:00,FALSE,Pt0070
29160,2207B,265,IVREA - loc Banchette,6:36:00,TORINO - Autostazione c.so Bolzano,7:31:00,FALSE,Pt0070
29055,2252A,265,TORINO - Autostazione c.so Bolzano,7:50:00,IVREA - loc Banchette,8:51:00,FALSE,Pt0070
29405,2252B,265,IVREA - loc Banchette,8:53:00,PONT S.MARTIN-pzza IV Novembre,9:26:00,FALSE,Pt0070
29442,N22A,265,PONT S.MARTIN-pzza IV Novembre,14:52:00,IVREA - Stazione FS est,15:26:00,FALSE,Pt0070
29637,N22B,265,IVREA - Stazione FS est,15:28:00,CHIVASSO - Staz. FS Movicentro,16:18:00,FALSE,Pt0070
29633,2276A,265,CHIVASSO - Staz. FS Movicentro,16:43:00,IVREA - Stazione FS int,17:33:00,FALSE,Pt0070
29433,2276B,265,IVREA - Stazione FS int,17:35:00,PONT S.MARTIN-pzza IV Novembre,18:05:00,FALSE,Pt0070
29597,2206A,265,PONT S.MARTIN-pzza IV Novembre,5:25:00,IVREA - Stazione FS est,5:59:00,FALSE,Pt0080
29613,2206B,265,IVREA - Stazione FS est,6:01:00,CHIVASSO - p.le Alfa-Lancia,6:38:00,FALSE,Pt0080
28837,2206C,265,CHIVASSO - p.le Alfa-Lancia,6:40:00,TO-Settembrini-Mirafiori FCA,7:45:00,FALSE,Pt0080
29056,4402A,265,TORINO - Autostazione c.so Bolzano,12:50:00,STRAMBINO - c.so Torino 44,14:00:00,FALSE,Pt0080
29407,4402B,265,STRAMBINO - c.so Torino 44,14:02:00,PONT S.MARTIN-pzza IV Novembre,14:46:00,FALSE,Pt0080
29448,2205A,265,PONT S.MARTIN-pzza IV Novembre,5:05:00,IVREA - Stazione FS est,5:39:00,FALSE,Pt0090
29635,2205B,265,IVREA - Stazione FS est,5:41:00,CHIVASSO - Staz. FS Movicentro,6:31:00,FALSE,Pt0090
29651,2260A,265,CHIVASSO - Staz. FS Movicentro,6:35:00,IVREA - Stazione FS int,7:33:00,FALSE,Pt0090
29421,2260B,265,IVREA - Stazione FS int,7:35:00,PONT S.MARTIN-pzza IV Novembre,8:05:00,FALSE,Pt0090
29449,2219A,265,PONT S.MARTIN-pzza IV Novembre,9:52:00,IVREA - Stazione FS est,10:26:00,FALSE,Pt0090
29639,2219B,265,IVREA - Stazione FS est,10:28:00,CHIVASSO - Staz. FS Movicentro,11:18:00,FALSE,Pt0090
29632,N23A,265,CHIVASSO - Staz. FS Movicentro,12:23:00,IVREA - Stazione FS int,13:13:00,FALSE,Pt0090
29427,N23B,265,IVREA - Stazione FS int,13:15:00,PONT S.MARTIN-pzza IV Novembre,13:45:00,FALSE,Pt0090
29413,2212A,265,PONT S.MARTIN-pzza IV Novembre,14:22:00,IVREA - loc Banchette,14:59:00,FALSE,Pt0100
29164,2212B,265,IVREA - loc Banchette,15:01:00,TORINO - Autostazione c.so Bolzano,15:56:00,FALSE,Pt0100
29598,4413A,265,TORINO - Autostazione c.so Bolzano,18:15:00,STRAMBINO - c.so Torino 44,19:25:00,FALSE,Pt0100
29401,4413B,265,STRAMBINO - c.so Torino 44,19:27:00,PONT S.MARTIN-pzza IV Novembre,20:11:00,FALSE,Pt0100
29447,4416A,265,PONT S.MARTIN-pzza IV Novembre,20:22:00,IVREA - Stazione FS est,20:56:00,FALSE,Pt0100
29634,4416B,265,IVREA - Stazione FS est,20:58:00,CHIVASSO - Staz. FS Movicentro,21:48:00,FALSE,Pt0100
29622,N12A,265,CHIVASSO - Staz. FS Movicentro,22:12:00,IVREA - Stazione FS int,23:02:00,FALSE,Pt0100
29423,N12B,265,IVREA - Stazione FS int,23:04:00,PONT S.MARTIN-pzza IV Novembre,23:34:00,FALSE,Pt0100
29213,11016,TO-110,Pont-Saint-Martin - stazione fs,6:50:00,Aosta Autostazione,8:10:00,FALSE,Pt0611
29209,11021,TO-110,Aosta Autostazione,8:45:00,Pont-Saint-Martin - stazione fs,10:05:00,FALSE,Pt0611
29214,11032,TO-110,Pont-Saint-Martin - stazione fs,10:45:00,Aosta Autostazione,12:05:00,FALSE,Pt0611
29210,11035,TO-110,Aosta Autostazione,13:35:00,Pont-Saint-Martin - stazione fs,14:55:00,FALSE,Pt0611
29215,11042,TO-110,Pont-Saint-Martin - stazione fs,15:15:00,Aosta Autostazione,16:35:00,FALSE,Pt0612
29211,11049,TO-110,Aosta Autostazione,17:15:00,Pont-Saint-Martin - stazione fs,18:35:00,FALSE,Pt0612
29216,11056,TO-110,Pont-Saint-Martin - stazione fs,19:45:00,Aosta Autostazione,21:05:00,FALSE,Pt0612
29212,11061,TO-110,Aosta Autostazione,21:15:00,Pont-Saint-Martin - stazione fs,22:35:00,FALSE,Pt0612
28277,504,286,OULX - Stazione FS,6:50:00,SUSA - stazione FS,7:30:00,FALSE,Sa0010
28269,201,286,SUSA - stazione FS,7:30:00,GIAGLIONE,7:40:00,FALSE,Sa0010
28281,302,286,GIAGLIONE,7:40:00,SUSA - piazza IV Novembre,7:50:00,FALSE,Sa0010
28456,609,286,SUSA - stazione FS,7:55:00,OULX - Stazione FS,8:35:00,FALSE,Sa0010
29552,0002DB,285,OULX - Stazione FS,11:20:00,CLAVIERE,11:55:00,FALSE,Sa0010
29555,0003EB,285,CLAVIERE,11:55:00,OULX - Stazione FS,12:30:00,FALSE,Sa0010
29259,518,286,OULX - Stazione FS,13:10:00,SUSA - stazione FS,13:55:00,FALSE,Sa0010
29570,523,286,SUSA - stazione FS,14:15:00,OULX - Stazione FS,14:55:00,FALSE,Sa0010
29526,0010S,285,OULX - Stazione FS,15:05:00,SAUZE D'OULX,15:20:00,FALSE,Sa0010
29527,0025S,285,SAUZE D'OULX,15:20:00,OULX - Stazione FS,15:35:00,FALSE,Sa0010
28036,0011D,285,OULX - Stazione FS,15:45:00,SAUZE D'OULX,16:00:00,FALSE,Sa0010
28247,0026A,285,SAUZE D'OULX,16:00:00,OULX - Stazione FS,16:15:00,FALSE,Sa0010
28049,0002A,285,OULX - Stazione FS,6:45:00,SAUZE D'OULX,7:00:00,FALSE,Sa0020
29250,0017A,285,SAUZE D'OULX,7:25:00,OULX - piazza Garambois,7:40:00,FALSE,Sa0020
28817,0003B,285,OULX - piazza Garambois,7:45:00,Bardonecchia Capolinea,8:10:00,FALSE,Sa0020
29255,0008A,285,Bardonecchia Capolinea,8:15:00,OULX - piazza Garambois,8:35:00,FALSE,Sa0020
28041,0005A,285,OULX - Stazione FS,9:45:00,SAUZE D'OULX,10:00:00,FALSE,Sa0020
28253,0020A,285,SAUZE D'OULX,10:00:00,OULX - Stazione FS,10:15:00,FALSE,Sa0020
29549,0002D,285,OULX - Stazione FS,10:40:00,CLAVIERE,11:15:00,FALSE,Sa0020
29554,0001G,285,CLAVIERE,11:15:00,OULX - Stazione FS,11:50:00,FALSE,Sa0020
29251,0003D,285,OULX - piazza Garambois,12:15:00,Bardonecchia Capolinea,12:40:00,FALSE,Sa0020
28814,0009C,285,Bardonecchia Capolinea,12:40:00,OULX - piazza Garambois,13:05:00,FALSE,Sa0020
29253,0004D,285,OULX - piazza Garambois,13:05:00,Bardonecchia Capolinea,13:30:00,FALSE,Sa0020
28815,0011C,285,Bardonecchia Capolinea,13:30:00,OULX - Stazione FS,13:55:00,FALSE,Sa0020
28816,0001D,285,OULX - Stazione FS,6:50:00,Bardonecchia Capolinea,7:15:00,FALSE,Sa0030
29254,0006A,285,Bardonecchia Capolinea,7:15:00,OULX - piazza Garambois,7:40:00,FALSE,Sa0030
29574,0004B,285,OULX - Stazione FS,13:05:00,Cesana fr Municipio,13:25:00,FALSE,Sa0030
29571,0031A,285,Cesana fr Municipio,13:25:00,SAUZE DI CESANA,13:35:00,FALSE,Sa0030
29189,0041A,285,SAUZE DI CESANA,13:40:00,Cesana Municipio,13:50:00,FALSE,Sa0030
28262,0006E,285,Cesana Municipio,15:10:00,CLAVIERE,15:25:00,FALSE,Sa0030
28060,0007B,285,CLAVIERE,15:25:00,Cesana Municipio,15:35:00,FALSE,Sa0030
28263,0008C,285,Cesana Municipio,15:35:00,CLAVIERE,15:50:00,FALSE,Sa0030
29553,0003E,285,CLAVIERE,15:50:00,OULX - Stazione FS,16:25:00,FALSE,Sa0030
28037,0012D,285,OULX - Stazione FS,16:45:00,SAUZE D'OULX,17:00:00,FALSE,Sa0030
28248,0027B,285,SAUZE D'OULX,17:00:00,OULX - Stazione FS,17:15:00,FALSE,Sa0030
28257,0005G,285,OULX - Stazione FS,17:45:00,SESTRIERE - parcheggio,18:30:00,FALSE,Sa0030
28048,0001A,285,OULX - Stazione FS,5:45:00,SAUZE D'OULX,6:00:00,FALSE,Sa0040
28256,0016A,285,SAUZE D'OULX,6:00:00,OULX - Stazione FS,6:15:00,FALSE,Sa0040
29136,0001C,285,OULX - Stazione FS,6:45:00,SESTRIERE - parcheggio,7:30:00,FALSE,Sa0040
28422,125DA,275,SESTRIERE - parcheggio,7:30:00,PEROSA ARG.-Pzza Terzo Alpini,8:40:00,FALSE,Sa0040
28543,072B,275,PER - V. Nazionale 6 (Deposito Ex Sapav),9:19:00,PEROSA ARG.-Pzza Terzo Alpini,9:20:00,TRUE,Sa0040
28437,072BS,275,PEROSA ARG.-Pzza Terzo Alpini,9:20:00,SESTRIERE - parcheggio,10:30:00,FALSE,Sa0040
29127,0012A,285,SESTRIERE - parcheggio,10:30:00,OULX - Stazione FS,11:15:00,FALSE,Sa0040
29260,616,286,OULX - Stazione FS,13:10:00,SUSA - stazione FS,14:00:00,FALSE,Sa0050
28258,0007C,285,OULX - Stazione FS,15:45:00,SESTRIERE - parcheggio,16:30:00,FALSE,Sa0050
29129,0016BB,285,SESTRIERE - parcheggio,16:30:00,OULX - Stazione FS,17:15:00,FALSE,Sa0050
28045,0013A,285,OULX - Stazione FS,17:45:00,SAUZE D'OULX,18:00:00,FALSE,Sa0050
28245,0028A,285,SAUZE D'OULX,18:00:00,OULX - Stazione FS,18:15:00,FALSE,Sa0050
28035,0014D,285,OULX - Stazione FS,18:45:00,SAUZE D'OULX,19:00:00,FALSE,Sa0050
28239,0029B,285,SAUZE D'OULX,19:00:00,OULX - Stazione FS,19:15:00,FALSE,Sa0050
28044,0015C,285,OULX - Stazione FS,19:45:00,SAUZE D'OULX,20:00:00,FALSE,Sa0050
28244,0030B,285,SAUZE D'OULX,20:00:00,OULX - Stazione FS,20:15:00,FALSE,Sa0050
28052,0009A,285,Cesana Municipio,6:00:00,OULX - Stazione FS,6:20:00,FALSE,Sa0060
29551,0002F,285,OULX - Stazione FS,6:30:00,CLAVIERE,7:05:00,FALSE,Sa0060
29248,0001E,285,CLAVIERE,7:10:00,OULX - Stazione FS,7:45:00,FALSE,Sa0060
28259,0001F,285,OULX - Stazione FS,7:50:00,SESTRIERE - parcheggio,8:35:00,FALSE,Sa0060
28264,N27,285,SESTRIERE - parcheggio,8:35:00,OULX - Stazione FS,9:20:00,FALSE,Sa0060
28051,0005C,285,OULX - Stazione FS,11:45:00,SAUZE D'OULX,12:00:00,FALSE,Sa0060
28250,0021D,285,SAUZE D'OULX,12:00:00,OULX - Stazione FS,12:15:00,FALSE,Sa0060
28040,0007A,285,OULX - Stazione FS,12:30:00,SAUZE D'OULX,12:45:00,FALSE,Sa0060
28240,0022A,285,SAUZE D'OULX,12:45:00,OULX - Stazione FS,13:00:00,FALSE,Sa0060
29572,0002E,285,OULX - Stazione FS,13:05:00,CLAVIERE,13:40:00,FALSE,Sa0060
28061,0005D,285,CLAVIERE,13:50:00,Cesana Municipio,14:05:00,FALSE,Sa0060
29532,0014B,285,Cesana Municipio,14:05:00,OULX - Stazione FS,14:25:00,FALSE,Sa0060
29188,0021A,285,SAUZE DI CESANA,7:15:00,Cesana Municipio,7:25:00,FALSE,Sa0070
29249,0010A,285,Cesana Municipio,7:25:00,OULX - Stazione FS,7:45:00,FALSE,Sa0070
28043,0003A,285,OULX - Stazione FS,7:50:00,SAUZE D'OULX,8:05:00,FALSE,Sa0070
28255,0018A,285,SAUZE D'OULX,8:05:00,OULX - Stazione FS,8:20:00,FALSE,Sa0070
28047,0004A,285,OULX - Stazione FS,8:45:00,SAUZE D'OULX,9:00:00,FALSE,Sa0070
28252,0019A,285,SAUZE D'OULX,9:00:00,OULX - Stazione FS,9:15:00,FALSE,Sa0070
28261,0003C,285,Cesana Municipio,11:00:00,SESTRIERE - parcheggio,11:25:00,FALSE,Sa0070
29128,0014A,285,SESTRIERE - parcheggio,12:04:00,OULX - Stazione FS,12:49:00,FALSE,Sa0070
29252,0008B,285,OULX - piazza Garambois,13:05:00,SAUZE D'OULX,13:20:00,FALSE,Sa0070
28246,0023A,285,SAUZE D'OULX,13:20:00,OULX - Stazione FS,13:35:00,FALSE,Sa0070
29141,N25,285,OULX - Stazione FS,13:45:00,SESTRIERE - parcheggio,14:30:00,FALSE,Sa0070
29130,0014C,285,SESTRIERE - parcheggio,14:30:00,OULX - Stazione FS,15:15:00,FALSE,Sa0070
29573,0004C,285,OULX - Stazione FS,13:05:00,SESTRIERE - parcheggio,13:50:00,FALSE,Sa0080
28421,201AS,275,SESTRIERE - parcheggio,13:50:00,PEROSA ARG.-Pzza Terzo Alpini,15:00:00,FALSE,Sa0080
28541,218DB,275,PINEROLO - movicentro,17:48:00,PEROSA ARG.-Pzza Terzo Alpini,18:20:00,FALSE,Sa0080
28443,218DS,275,PEROSA ARG.-Pzza Terzo Alpini,18:20:00,SESTRIERE - parcheggio,19:30:00,FALSE,Sa0080
29123,0015B,285,SESTRIERE - parcheggio,19:30:00,OULX - Stazione FS,20:15:00,FALSE,Sa0080
29576,015S,286,SUSA - stazione FS,16:05:00,Novalesa,16:20:00,FALSE,Su0010
29263,018S,286,Novalesa,16:20:00,SUSA - stazione FS,16:35:00,FALSE,Su0010
28724,046B,274,SUSA - stazione FS,16:35:00,FERRIERA - TEKFOR,17:20:00,FALSE,Su0010
29512,43,274,FERRIERA - TEKFOR,17:20:00,SUSA - stazione FS,18:05:00,FALSE,Su0010
29564,25,286,SUSA - stazione FS,18:05:00,Novalesa,18:20:00,FALSE,Su0010
28344,28,286,Novalesa,18:20:00,SUSA - stazione FS,18:35:00,FALSE,Su0010
29395,R758R1,905,SUSA - stazione FS,18:55:00,BUSSOLENO - stazione FS,19:05:00,FALSE,Su0010
28100,R758,905,BUSSOLENO - stazione FS,19:10:00,Susa Stazions F.S.,19:20:00,FALSE,Su0010
29509,48B,274,SUSA - stazione FS,21:00:00,LUTHER KING - TEKFOR,21:45:00,FALSE,Su0010
28019,5,123,LUTHER KING - TEKFOR,21:45:00,FERRIERA - TEKFOR,21:50:00,FALSE,Su0010
28022,6,123,FERRIERA - TEKFOR,22:10:00,LUTHER KING - TEKFOR,22:15:00,FALSE,Su0010
29517,47B,274,LUTHER KING - TEKFOR,22:15:00,SUSA - stazione FS,22:55:00,FALSE,Su0010
28748,31,274,SUSA - stazione FS,23:00:00,Novalesa,23:10:00,FALSE,Su0010
29257,603,286,SUSA - stazione FS,7:00:00,OULX - Stazione FS,7:40:00,FALSE,Su0020
29522,1301B,286,BUSSOLENO - stazione FS,9:50:00,OULX - Stazione FS,10:40:00,FALSE,Su0020
28042,0006C,285,OULX - Stazione FS,10:45:00,SAUZE D'OULX,11:00:00,FALSE,Su0020
28254,0021C,285,SAUZE D'OULX,11:00:00,OULX - Stazione FS,11:15:00,FALSE,Su0020
28275,514,286,OULX - Stazione FS,12:05:00,SUSA - stazione FS,12:40:00,FALSE,Su0020
29535,705S,286,SUSA - stazione FS,12:50:00,MEANA,13:00:00,FALSE,Su0020
28056,706S,286,MEANA,13:00:00,SUSA - stazione FS,13:10:00,FALSE,Su0020
29568,33,286,SUSA - stazione FS,13:15:00,Novalesa,13:30:00,FALSE,Su0020
28345,36,286,Novalesa,13:30:00,SUSA - stazione FS,13:45:00,FALSE,Su0020
29537,709,286,SUSA - stazione FS,13:50:00,MEANA,14:00:00,FALSE,Su0020
28059,710,286,MEANA,14:00:00,SUSA - stazione FS,14:10:00,FALSE,Su0020
29536,037BIS,286,SUSA - stazione FS,14:10:00,MEANA,14:20:00,FALSE,Su0020
28057,038BIS,286,MEANA,14:20:00,SUSA - stazione FS,14:30:00,FALSE,Su0020
29765,004B,274,SUSA - stazione FS,5:00:00,LUTHER KING - TEKFOR,5:45:00,FALSE,Su0040
29759,1,123,LUTHER KING - TEKFOR,5:45:00,FERRIERA - TEKFOR,5:50:00,FALSE,Su0040
29760,2,123,FERRIERA - TEKFOR,6:10:00,LUTHER KING - TEKFOR,6:15:00,FALSE,Su0040
29763,3,274,LUTHER KING - TEKFOR,6:15:00,SUSA - stazione FS,7:00:00,FALSE,Su0040
28749,22,274,SUSA - stazione FS,7:05:00,AVIGLIANA - Centro Studi,7:50:00,FALSE,Su0040
29587,17,286,SUSA - stazione FS,12:30:00,Novalesa,12:45:00,FALSE,Su0040
28744,0030B,274,Novalesa,12:45:00,SUSA - stazione FS,13:00:00,FALSE,Su0040
29246,032B,274,SUSA - stazione FS,13:05:00,LUTHER KING - TEKFOR,13:45:00,FALSE,Su0040
28018,3,123,LUTHER KING - TEKFOR,13:45:00,FERRIERA - TEKFOR,13:50:00,FALSE,Su0040
28021,4,123,FERRIERA - TEKFOR,14:10:00,LUTHER KING - TEKFOR,14:15:00,FALSE,Su0040
29516,027B,274,LUTHER KING - TEKFOR,14:15:00,SUSA - stazione FS,15:00:00,FALSE,Su0040
28268,207,286,SUSA - stazione FS,13:15:00,GIAGLIONE,13:25:00,FALSE,Su0060
28273,208,286,GIAGLIONE,13:25:00,SUSA - stazione FS,13:35:00,FALSE,Su0060
28283,028B,274,SUSA - stazione FS,14:10:00,VAIE - via I Maggio,14:42:00,FALSE,Su0060
29225,0039A,274,CASCINE VICA,16:30:00,AVIGLIANA - stazione FS,16:54:00,FALSE,Su0060
29513,0039B,274,AVIGLIANA - stazione FS,16:56:00,SUSA - stazione FS,17:35:00,FALSE,Su0060
28448,529,286,SUSA - stazione FS,18:05:00,EXILLES,18:25:00,FALSE,Su0060
28454,028A,286,EXILLES,18:25:00,SUSA - stazione FS,18:45:00,FALSE,Su0060
29565,27,286,SUSA - stazione FS,19:00:00,Novalesa,19:15:00,FALSE,Su0060
28342,30,286,Novalesa,19:20:00,SUSA - stazione FS,19:35:00,FALSE,Su0060
29592,3,286,SUSA - stazione FS,6:15:00,Novalesa,6:30:00,FALSE,Su0070
29261,4,286,Novalesa,6:30:00,SUSA - stazione FS,6:45:00,FALSE,Su0070
29258,605,286,SUSA - stazione FS,7:00:00,OULX - Stazione FS,7:40:00,FALSE,Su0070
28278,508,286,OULX - Stazione FS,7:50:00,SUSA - stazione FS,8:30:00,FALSE,Su0070
29508,49,274,SUSA - stazione FS,13:00:00,LUTHER KING - TEKFOR,13:45:00,FALSE,Su0070
28286,031B,274,LUTHER KING - TEKFOR,14:15:00,SUSA - stazione FS,15:00:00,FALSE,Su0070
28747,0028B,274,SUSA - stazione FS,15:05:00,Novalesa,15:20:00,FALSE,Su0070
28343,24,286,Novalesa,15:20:00,SUSA - stazione FS,15:35:00,FALSE,Su0070
29450,1D,103,S.Antonino-via Moncenisio 72 (Scuole M),16:40:00,Villarfocchiardo - Bivio Giaconera,17:00:00,FALSE,Su0070
29586,1,286,SUSA - stazione FS,5:35:00,Novalesa,5:50:00,FALSE,Su0080
28341,2,286,Novalesa,5:50:00,SUSA - stazione FS,6:05:00,FALSE,Su0080
29510,0012A,274,SUSA - stazione FS,6:05:00,AVIGLIANA - stazione FS,6:46:00,FALSE,Su0080
29224,0012B,274,AVIGLIANA - stazione FS,6:48:00,CASCINE VICA,7:10:00,FALSE,Su0080
28793,0026B,274,SUSA - stazione FS,12:20:00,Bivio VAIE,12:55:00,FALSE,Su0080
29491,96,286,S.Antonino-via Moncenisio 87 (Scuole M),13:50:00,Villarfocchiardo - Bivio Giaconera,14:00:00,FALSE,Su0080
29514,019D,274,AVIGLIANA - Centro Studi,14:40:00,SUSA - stazione FS,15:25:00,FALSE,Su0080
28745,0029B,274,Novalesa,4:45:00,SUSA - stazione FS,5:00:00,FALSE,Su0090
29762,2,274,SUSA - stazione FS,5:00:00,LUTHER KING - TEKFOR,5:45:00,FALSE,Su0090
29764,1,274,LUTHER KING - TEKFOR,6:15:00,SUSA - stazione FS,7:00:00,FALSE,Su0090
28746,33,274,SUSA - stazione FS,7:00:00,Novalesa,7:15:00,FALSE,Su0090
28348,006A,286,Novalesa,7:15:00,SUSA - stazione FS,7:30:00,FALSE,Su0090
29580,001A,286,SUSA - stazione FS,7:30:00,MEANA,7:40:00,FALSE,Su0090
28054,002B,286,MEANA,7:40:00,SUSA - stazione FS,7:50:00,FALSE,Su0090
29581,707,286,SUSA - stazione FS,7:50:00,MEANA,8:00:00,FALSE,Su0090
28058,708,286,MEANA,8:05:00,SUSA - stazione FS,8:15:00,FALSE,Su0090
29393,R750R,905,SUSA - stazione FS,13:40:00,BUSSOLENO - stazione FS,13:50:00,FALSE,Su0090
28099,R750,905,BUSSOLENO - Scuole,14:05:00,Susa Stazions F.S.,14:15:00,FALSE,Su0090
29588,19,286,SUSA - stazione FS,14:15:00,Novalesa,14:30:00,FALSE,Su0090
28347,20,286,Novalesa,14:30:00,SUSA - stazione FS,14:45:00,FALSE,Su0090
29507,020B,274,SUSA - stazione FS,7:05:00,AVIGLIANA - Centro Studi,7:50:00,FALSE,Su0100
29493,88,286,S.Antonino-via Moncenisio 72 (Scuole M),13:50:00,Bivio VAIE,14:00:00,FALSE,Su0100
28812,0021D,274,AVIGLIANA - Centro Studi,14:40:00,SUSA - stazione FS,15:25:00,FALSE,Su0100
29591,527S,286,SUSA - stazione FS,16:00:00,OULX - Stazione FS,16:40:00,FALSE,Su0100
29520,1302,286,OULX - Stazione FS,16:45:00,BUSSOLENO - stazione FS,17:35:00,FALSE,Su0100
29394,R756R1,905,SUSA - stazione FS,17:55:00,BUSSOLENO - stazione FS,18:05:00,FALSE,Su0100
28101,R756,905,BUSSOLENO - stazione FS,18:10:00,Susa Stazions F.S.,18:20:00,FALSE,Su0100
29506,14,274,SUSA - stazione FS,6:30:00,FERRIERA - TEKFOR,7:15:00,FALSE,Su0110
29456,11,274,FERRIERA - TEKFOR,7:15:00,S.Antonino-via Moncenisio 87 (Scuole M),7:40:00,FALSE,Su0110
29457,0007A,274,S.Antonino-via Moncenisio 87 (Scuole M),7:40:00,SUSA - stazione FS,8:10:00,FALSE,Su0110
29589,7,286,SUSA - stazione FS,8:15:00,Novalesa,8:30:00,FALSE,Su0110
28346,10,286,Novalesa,8:30:00,SUSA - stazione FS,8:45:00,FALSE,Su0110
29590,519,286,SUSA - stazione FS,13:10:00,OULX - Stazione FS,13:45:00,FALSE,Su0110
28050,0009D,285,OULX - Stazione FS,13:45:00,SAUZE D'OULX,14:00:00,FALSE,Su0110
28249,0024A,285,SAUZE D'OULX,14:00:00,OULX - Stazione FS,14:15:00,FALSE,Su0110
28276,022A,286,OULX - Stazione FS,14:25:00,SUSA - stazione FS,15:05:00,FALSE,Su0110
29492,85,286,Villarfocchiardo - Bivio Giaconera,7:30:00,S.Antonino-via Moncenisio 72 (Scuole M),7:40:00,FALSE,Su5010
29458,0007S,274,S.Antonino-via Moncenisio 87 (Scuole M),7:40:00,SUSA - stazione FS,8:10:00,FALSE,Su5010
28270,211,286,SUSA - stazione FS,14:15:00,GIAGLIONE,14:25:00,FALSE,Su5010
28274,212,286,GIAGLIONE,14:25:00,SUSA - stazione FS,14:35:00,FALSE,Su5010
28655,192B,275,TORINO - Autostazione c.so Bolzano,15:41:00,PINEROLO - movicentro,16:48:00,TRUE,To0090
28820,22050N,277,AIRASCA - stabilimento SKF,17:30:00,TO - Cso Ferrucci-Via Cavalli,18:41:00,FALSE,To0090
28821,22050N,119,TO - Cso Ferrucci-Via Cavalli,18:41:00,TO - Via Cravero,19:05:00,FALSE,To0090
29049,2277A,265,TORINO - Autostazione c.so Bolzano,15:36:00,IVREA - loc Banchette,16:37:00,FALSE,To0100
28845,2277B,265,IVREA - loc Banchette,16:39:00,IVREA - Porta Vercelli,16:44:00,FALSE,To0100
29453,2233A,265,IVREA - Porta Vercelli,16:55:00,TORINO - Autostazione c.so Bolzano,18:06:00,FALSE,To0100
28652,258BS,275,TORINO - Autostazione c.so Bolzano,19:41:00,PINEROLO - Piazza Cavour,20:50:00,FALSE,To0100
28531,258B,275,PINEROLO - Piazza Cavour,20:50:00,PEROSA ARG.-Pzza Terzo Alpini,21:20:00,FALSE,To0100
29234,22059,277,AIRASCA - stabilimento SKF,22:30:00,TO - c.so Francia/via Pasteur,23:15:00,FALSE,To0100
28072,22059,119,TO - c.so Francia/via Pasteur,23:15:00,CollegnoCorso Francia ang XXIV Maggio,23:31:00,FALSE,To0100
28899,D33,268,TO - piazza Carlo Felice,14:30:00,CASELLE Aeroporto,15:07:00,FALSE,To0130
29300,A56,268,CASELLE Aeroporto,15:30:00,TO - piazza Carlo Felice,16:15:00,FALSE,To0130
29048,2281A,265,TORINO - Autostazione c.so Bolzano,17:16:00,IVREA - loc Banchette,18:17:00,FALSE,To0130
28846,2281B,265,IVREA - loc Banchette,18:19:00,IVREA - Porta Vercelli,18:24:00,FALSE,To0130
28838,4412A,265,IVREA - Porta Vercelli,18:30:00,IVREA - loc Banchette,18:39:00,FALSE,To0130
29158,4412B,265,IVREA - loc Banchette,18:41:00,TORINO - Autostazione c.so Bolzano,19:36:00,FALSE,To0130
28892,D59,268,TO - piazza Carlo Felice,21:00:00,CASELLE Aeroporto,21:37:00,FALSE,To0130
29496,D62,268,CASELLE Aeroporto,22:00:00,TO - piazza Carlo Felice,22:39:00,FALSE,To0130
29452,2258A,265,TORINO - Autostazione c.so Bolzano,6:23:00,IVREA - c.so Vercelli 21,7:32:00,FALSE,To0240
28840,2215A,265,IVREA - Porta Vercelli,7:40:00,IVREA - loc Banchette,7:51:00,FALSE,To0240
29159,2215B,265,IVREA - loc Banchette,7:53:00,TORINO - Autostazione c.so Bolzano,8:56:00,FALSE,To0240
28901,D25,268,TO - piazza Carlo Felice,12:30:00,CASELLE Aeroporto,13:07:00,FALSE,To0240
29290,A48,268,CASELLE Aeroporto,13:30:00,TO - piazza Carlo Felice,14:15:00,FALSE,To0240
29377,A1,268,TO - piazza Carlo Felice,4:45:00,CASELLE Aeroporto,5:30:00,FALSE,To0260
29308,A2,268,CASELLE Aeroporto,6:10:00,TO - piazza Carlo Felice,6:55:00,FALSE,To0260
29375,A17,268,TO - piazza Carlo Felice,7:15:00,CASELLE Aeroporto,8:00:00,FALSE,To0260
29311,A28,268,CASELLE Aeroporto,8:15:00,TO - piazza Carlo Felice,9:00:00,FALSE,To0260
29370,A25,268,TO - piazza Carlo Felice,9:15:00,CASELLE Aeroporto,10:00:00,FALSE,To0260
28993,D14,268,CASELLE Aeroporto,10:15:00,TO - piazza Carlo Felice,10:54:00,FALSE,To0260
29367,A3,268,TO - piazza Carlo Felice,5:15:00,CASELLE Aeroporto,6:00:00,FALSE,To0270
29315,A124,268,CASELLE Aeroporto,6:30:00,TO - piazza Carlo Felice,7:15:00,FALSE,To0270
28911,D5,268,TO - piazza Carlo Felice,7:30:00,CASELLE Aeroporto,8:07:00,FALSE,To0270
29302,A128,268,CASELLE Aeroporto,8:30:00,TO - piazza Carlo Felice,9:15:00,FALSE,To0270
28906,D13,268,TO - piazza Carlo Felice,9:30:00,CASELLE Aeroporto,10:07:00,FALSE,To0270
29296,A36,268,CASELLE Aeroporto,10:30:00,TO - piazza Carlo Felice,11:15:00,FALSE,To0270
29368,A5,268,TO - piazza Carlo Felice,5:45:00,CASELLE Aeroporto,6:30:00,FALSE,To0280
29319,A122,268,CASELLE Aeroporto,7:00:00,TO - piazza Carlo Felice,7:45:00,FALSE,To0280
28909,D7,268,TO - piazza Carlo Felice,8:00:00,CASELLE Aeroporto,8:37:00,FALSE,To0280
29309,A30,268,CASELLE Aeroporto,9:00:00,TO - piazza Carlo Felice,9:45:00,FALSE,To0280
28895,D15,268,TO - piazza Carlo Felice,10:00:00,CASELLE Aeroporto,10:37:00,FALSE,To0280
29297,A38,268,CASELLE Aeroporto,11:00:00,TO - piazza Carlo Felice,11:45:00,FALSE,To0280
29378,A7,268,TO - piazza Carlo Felice,6:15:00,CASELLE Aeroporto,7:00:00,FALSE,To0290
29320,A22,268,CASELLE Aeroporto,7:10:00,TO - piazza Carlo Felice,7:55:00,FALSE,To0290
28910,D9,268,TO - piazza Carlo Felice,8:30:00,CASELLE Aeroporto,9:07:00,FALSE,To0290
29310,A32,268,CASELLE Aeroporto,9:30:00,TO - piazza Carlo Felice,10:15:00,FALSE,To0290
28905,D17,268,TO - piazza Carlo Felice,10:30:00,CASELLE Aeroporto,11:07:00,FALSE,To0290
29307,A40,268,CASELLE Aeroporto,11:30:00,TO - piazza Carlo Felice,12:15:00,FALSE,To0290
29475,A141,268,TO - piazza Carlo Felice,6:30:00,CASELLE Aeroporto,7:15:00,FALSE,To0295
29303,A126,268,CASELLE Aeroporto,7:25:00,TO - piazza Carlo Felice,8:10:00,FALSE,To0295
28908,D11,268,TO - piazza Carlo Felice,9:00:00,CASELLE Aeroporto,9:37:00,FALSE,To0295
29298,A34,268,CASELLE Aeroporto,10:00:00,TO - piazza Carlo Felice,10:45:00,FALSE,To0295
28904,D21,268,TO - piazza Carlo Felice,11:30:00,CASELLE Aeroporto,12:07:00,FALSE,To0295
29306,A44,268,CASELLE Aeroporto,12:30:00,TO - piazza Carlo Felice,13:15:00,FALSE,To0295
29379,A15,268,TO - piazza Carlo Felice,6:45:00,CASELLE Aeroporto,7:30:00,FALSE,To0300
29304,A24,268,CASELLE Aeroporto,7:45:00,TO - piazza Carlo Felice,8:30:00,FALSE,To0300
29363,A27,268,TO - piazza Carlo Felice,9:45:00,CASELLE Aeroporto,10:30:00,FALSE,To0300
28994,D16,268,CASELLE Aeroporto,10:45:00,TO - piazza Carlo Felice,11:24:00,FALSE,To0300
29364,A37,268,TO - piazza Carlo Felice,12:15:00,CASELLE Aeroporto,13:00:00,FALSE,To0300
28996,D26,268,CASELLE Aeroporto,13:15:00,TO - piazza Carlo Felice,13:54:00,FALSE,To0300
28912,D3,268,TO - piazza Carlo Felice,7:00:00,CASELLE Aeroporto,7:37:00,FALSE,To0305
29322,A26,268,CASELLE Aeroporto,8:00:00,TO - piazza Carlo Felice,8:45:00,FALSE,To0305
28903,D19,268,TO - piazza Carlo Felice,11:00:00,CASELLE Aeroporto,11:37:00,FALSE,To0305
29305,A42,268,CASELLE Aeroporto,12:00:00,TO - piazza Carlo Felice,12:45:00,FALSE,To0305
28890,D27,268,TO - piazza Carlo Felice,13:00:00,CASELLE Aeroporto,13:37:00,FALSE,To0305
28988,D28,268,CASELLE Aeroporto,13:45:00,TO - piazza Carlo Felice,14:24:00,FALSE,To0305
28902,D23,268,TO - piazza Carlo Felice,12:00:00,CASELLE Aeroporto,12:37:00,FALSE,To0310
29292,A46,268,CASELLE Aeroporto,13:00:00,TO - piazza Carlo Felice,13:45:00,FALSE,To0310
28900,D31,268,TO - piazza Carlo Felice,14:00:00,CASELLE Aeroporto,14:37:00,FALSE,To0310
29299,A54,268,CASELLE Aeroporto,15:00:00,TO - piazza Carlo Felice,15:45:00,FALSE,To0310
28896,D39,268,TO - piazza Carlo Felice,16:00:00,CASELLE Aeroporto,16:37:00,FALSE,To0310
29288,A62,268,CASELLE Aeroporto,17:00:00,TO - piazza Carlo Felice,17:45:00,FALSE,To0310
29357,A41,268,TO - piazza Carlo Felice,13:15:00,CASELLE Aeroporto,14:00:00,FALSE,To0320
28979,D30,268,CASELLE Aeroporto,14:15:00,TO - piazza Carlo Felice,14:54:00,FALSE,To0320
29358,A49,268,TO - piazza Carlo Felice,15:15:00,CASELLE Aeroporto,16:00:00,FALSE,To0320
28983,D38,268,CASELLE Aeroporto,16:15:00,TO - piazza Carlo Felice,16:54:00,FALSE,To0320
29347,A129,268,TO - piazza Carlo Felice,18:00:00,CASELLE Aeroporto,18:45:00,FALSE,To0320
29499,A72,268,CASELLE Aeroporto,19:40:00,TO - piazza Carlo Felice,20:25:00,FALSE,To0320
29366,A135,268,TO - piazza Carlo Felice,13:30:00,CASELLE Aeroporto,14:15:00,FALSE,To0330
29301,A52,268,CASELLE Aeroporto,14:30:00,TO - piazza Carlo Felice,15:15:00,FALSE,To0330
28898,D37,268,TO - piazza Carlo Felice,15:30:00,CASELLE Aeroporto,16:07:00,FALSE,To0330
29287,A60,268,CASELLE Aeroporto,16:30:00,TO - piazza Carlo Felice,17:15:00,FALSE,To0330
29354,A127,268,TO - piazza Carlo Felice,17:30:00,CASELLE Aeroporto,18:15:00,FALSE,To0330
29294,A68,268,CASELLE Aeroporto,18:30:00,TO - piazza Carlo Felice,19:15:00,FALSE,To0330
29351,A53,268,TO - piazza Carlo Felice,16:15:00,CASELLE Aeroporto,17:00:00,FALSE,To0340
29295,A64,268,CASELLE Aeroporto,17:30:00,TO - piazza Carlo Felice,18:15:00,FALSE,To0340
29352,A131,268,TO - piazza Carlo Felice,18:30:00,CASELLE Aeroporto,19:15:00,FALSE,To0340
29482,A134,268,CASELLE Aeroporto,20:30:00,TO - piazza Carlo Felice,21:15:00,FALSE,To0340
29479,A147,268,TO - piazza Carlo Felice,21:30:00,CASELLE Aeroporto,22:15:00,FALSE,To0340
29480,D102,268,CASELLE Aeroporto,23:00:00,TO - piazza Carlo Felice,23:39:00,FALSE,To0340
29349,A55,268,TO - piazza Carlo Felice,16:45:00,CASELLE Aeroporto,17:30:00,FALSE,To0350
28976,D44,268,CASELLE Aeroporto,17:45:00,TO - piazza Carlo Felice,18:24:00,FALSE,To0350
29501,A79,268,TO - piazza Carlo Felice,18:45:00,CASELLE Aeroporto,19:30:00,FALSE,To0350
29498,D52,268,CASELLE Aeroporto,20:00:00,TO - piazza Carlo Felice,20:39:00,FALSE,To0350
29476,A149,268,TO - piazza Carlo Felice,22:30:00,CASELLE Aeroporto,23:15:00,FALSE,To0350
29321,A88,268,CASELLE Aeroporto,23:30:00,TO - piazza Carlo Felice,31/12/1899 00.15.00,FALSE,To0350
29500,A18,268,CASELLE Aeroporto,0:00:00,TO - piazza Carlo Felice,0:45:00,FALSE,To0360
29353,A57,268,TO - piazza Carlo Felice,17:15:00,CASELLE Aeroporto,18:00:00,FALSE,To0360
28977,D46,268,CASELLE Aeroporto,18:15:00,TO - piazza Carlo Felice,18:54:00,FALSE,To0360
29477,A143,268,TO - piazza Carlo Felice,19:20:00,CASELLE Aeroporto,20:05:00,FALSE,To0360
29483,A136,268,CASELLE Aeroporto,21:30:00,TO - piazza Carlo Felice,22:15:00,FALSE,To0360
28915,D95,268,TO - piazza Carlo Felice,23:00:00,CASELLE Aeroporto,23:37:00,FALSE,To0360
28025,22119,119,TO - Viale dei Mughetti,4:40:00,TO - Cso Vittorio 169-Via Cesana,5:09:00,FALSE,To0600
28028,22119,277,TO - Cso Vittorio 169-Via Cesana,5:09:00,AIRASCA - stabilimento SKF,5:50:00,FALSE,To0600
29766,22060,277,AIRASCA - stabilimento SKF,6:30:00,TO - Via Napione - Corso Regina Margheri,7:19:00,FALSE,To0600
29758,22060,119,TO - Via Napione - Corso Regina Margheri,7:19:00,TO - Via Botticelli-Piazza Rebaudengo,7:24:00,FALSE,To0600
28763,22129N,119,Via Oxilia-Cso Giulio Cesare,6:47:00,TO - Via De Sanctis-Via Chambery,7:10:00,FALSE,To0610
29233,22129,277,TO - Via De Sanctis-Via Chambery,7:10:00,AIRASCA - stabilimento SKF,8:10:00,FALSE,To0610
28762,22130,119,COL - Cso Francia - Via Costa,12:45:00,TO - cso Francia/via Rieti,13:01:00,FALSE,To0610
29237,22130,277,TO - cso Francia/via Rieti,13:01:00,AIRASCA - stabilimento SKF,13:55:00,FALSE,To0610
28071,22049,277,AIRASCA - stabilimento SKF,14:30:00,TO - Cso Vittorio 168-Via Saffi,15:20:00,FALSE,To0610
28075,22049,119,TO - Cso Vittorio 168-Via Saffi,15:20:00,TO - Viale dei Mughetti,15:50:00,FALSE,To0610
28851,01A,266,TORINO - c.so Maroncelli 34,6:55:00,RONDISSONE - p.za Roma,7:59:00,FALSE,To0620
28852,01B,266,RONDISSONE - p.za Roma,8:01:00,SALUGGIA - LivaNova,8:20:00,FALSE,To0620
29360,A47,268,TO - piazza Carlo Felice,14:45:00,CASELLE Aeroporto,15:30:00,FALSE,To0620
28982,D36,268,CASELLE Aeroporto,15:45:00,TO - piazza Carlo Felice,16:24:00,FALSE,To0620
28667,240DA,275,TORINO - Autostazione c.so Bolzano,17:41:00,PINEROLO - movicentro,18:44:00,FALSE,To0640
28547,240DB,275,PINEROLO - movicentro,18:48:00,PEROSA ARG.-Pzza Terzo Alpini,19:20:00,FALSE,To0640
28189,250C,275,PEROSA ARG.-Pzza Terzo Alpini,19:20:00,FENESTRELLE - Via Nazionale,19:50:00,FALSE,To0640
28758,277A,275,FENESTRELLE - Via Nazionale,21:10:00,VIL - Boge,21:50:00,FALSE,To0640
28070,22051,277,AIRASCA - stabilimento SKF,22:30:00,TO - Cso Vittorio 168-Via Saffi,23:14:00,FALSE,To0640
28074,22051,119,TO - Cso Vittorio 168-Via Saffi,23:14:00,TO - Viale dei Mughetti,23:44:00,FALSE,To0640
28731,N9,282,TORINO - Autostazione c.so Bolzano,15:03:00,PINEROLO - Piazza Cavour,16:20:00,FALSE,To0650
29228,22058,277,AIRASCA - stabilimento SKF,17:30:00,TO - Via De Sanctis-Via Chambery,18:21:00,FALSE,To0650
28484,22058N,119,TO - Via De Sanctis-Via Chambery,18:21:00,Via Oxilia-Cso Giulio Cesare,18:45:00,FALSE,To0650
29014,22131,119,TO - Via Botticelli-Piazza Rebaudengo,20:45:00,TO - Corso Belgio,21:00:00,FALSE,To0650
29460,22131,277,TO - Corso Belgio,21:00:00,AIRASCA - stabilimento SKF,22:00:00,FALSE,To0650
29227,22130B,277,AIRASCA - stabilimento SKF,22:30:00,Beinasco (Banca SanPaolo),23:08:00,FALSE,To0650
28672,218DA,275,TORINO - Autostazione c.so Bolzano,16:31:00,PINEROLO - movicentro,17:44:00,FALSE,To0660
28689,231DB,282,PINEROLO - movicentro,17:46:00,TORINO - Autostazione c.so Bolzano,18:57:00,FALSE,To0660
28721,N18A,282,TORINO - Autostazione c.so Bolzano,19:18:00,PINEROLO - movicentro,20:29:00,FALSE,To0660
28925,NAV6,121,MOPAR FCA - RIVALTA Via Primo Maggio C11,22:15:00,FCA-MOPAR (L.go Sen. Agnelli),22:35:00,FALSE,To0660
28799,22075,277,FCA-MOPAR (L.go Sen. Agnelli),22:35:00,TO - Via Accademia Albertina 35,23:25:00,FALSE,To0660
28834,22075,121,TO - Via Accademia Albertina 35,23:25:00,TO - Lungo Dora Firenze,23:38:00,FALSE,To0660
28827,22061N,277,AIRASCA - stabilimento SKF,14:30:00,TO - Via Napione - Corso Regina Margheri,15:48:00,FALSE,To0670
28829,22061N,119,TO - Via Napione - Corso Regina Margheri,15:48:00,TO - Corso Vercelli,16:10:00,FALSE,To0670
28708,252B,282,TORINO - Autostazione c.so Bolzano,18:03:00,PINEROLO - movicentro,19:14:00,FALSE,To0670
28581,246A,282,PINEROLO - movicentro,19:18:00,PEROSA ARG.-Pzza Terzo Alpini,19:50:00,FALSE,To0670
28499,275A,275,PEROSA ARG.-Pzza Terzo Alpini,20:40:00,PINEROLO - movicentro,21:12:00,FALSE,To0670
28633,275B,275,PINEROLO - movicentro,21:16:00,TORINO - Autostazione c.so Bolzano,22:19:00,FALSE,To0670
28710,236A,282,TORINO - Autostazione c.so Bolzano,17:03:00,PINEROLO - movicentro,18:14:00,FALSE,To0680
28646,245BB,275,PINEROLO - movicentro,18:16:00,TORINO - Autostazione c.so Bolzano,19:19:00,FALSE,To0680
28832,22123,119,TO - Corso Toscana-Via Borgaro,20:38:00,TO - Corso Francia-Via Pozzo Strada,20:50:00,FALSE,To0680
29232,22123,277,TO - Corso Francia-Via Pozzo Strada,20:50:00,AIRASCA - stabilimento SKF,22:00:00,FALSE,To0680
28826,22063N,277,AIRASCA - stabilimento SKF,22:30:00,TO - Via Napione - Corso Regina Margheri,23:33:00,FALSE,To0680
28828,22063N,119,TO - Via Napione - Corso Regina Margheri,23:33:00,TO - Corso Vercelli,23:55:00,FALSE,To0680
28819,22120N,119,TO - Via Cravero,6:35:00,TO - Cso Ferrucci-Via Cialdini,6:59:00,FALSE,To0700
28818,22120N,277,TO - Cso Ferrucci-Via Cialdini,6:59:00,AIRASCA - stabilimento SKF,8:10:00,FALSE,To0700
29017,22089A,284,AIRASCA - stabilimento SKF,8:15:00,Pinerolo Bivio Sede SAPAV,8:30:00,FALSE,To0700
28691,117DB,282,PINEROLO - movicentro,8:46:00,TORINO - Autostazione c.so Bolzano,9:57:00,FALSE,To0700
29230,22130A,277,Beinasco (Banca SanPaolo),13:05:00,AIRASCA - stabilimento SKF,13:55:00,FALSE,To0700
29226,22128B,277,AIRASCA - stabilimento SKF,14:30:00,Beinasco (Banca SanPaolo),15:13:00,FALSE,To0700
29231,22128,277,Beinasco (Banca SanPaolo),5:10:00,AIRASCA - stabilimento SKF,5:55:00,FALSE,To0710
28639,N35,275,PINEROLO - movicentro,7:06:00,TORINO - Autostazione c.so Bolzano,8:09:00,FALSE,To0710
28026,22121,119,TO - Viale dei Mughetti,12:30:00,TO - Cso Vittorio 169-Via Cesana,12:59:00,FALSE,To0710
28027,22121,277,TO - Cso Vittorio 169-Via Cesana,12:59:00,AIRASCA - stabilimento SKF,13:55:00,FALSE,To0710
29235,22057,277,AIRASCA - stabilimento SKF,14:30:00,TO - c.so Francia/via Pasteur,15:24:00,FALSE,To0710
28073,22057,119,TO - c.so Francia/via Pasteur,15:24:00,CollegnoCorso Francia ang XXIV Maggio,15:40:00,FALSE,To0710
28822,22132N,119,TO - Corso Vercelli-Via Cuorgnè,4:30:00,TO - Corso Belgio,4:52:00,FALSE,To0720
28825,22132N,277,TO - Corso Belgio,4:52:00,AIRASCA - stabilimento SKF,5:55:00,FALSE,To0720
28550,026A,275,PINEROLO - movicentro,6:18:00,PEROSA ARG.-Pzza Terzo Alpini,6:50:00,FALSE,To0720
28858,55A,275,PEROSA ARG.-Pzza Terzo Alpini,7:00:00,PIN - Via Giustetto-Via Polliotti,7:23:00,FALSE,To0720
28861,55B,275,PIN - Via Giustetto-Via Polliotti,7:25:00,TORINO - Autostazione c.so Bolzano,8:28:00,FALSE,To0720
28836,22147B,121,TO - Lungo Dora Firenze,12:11:00,TO - via Accademia Albertina 42,12:25:00,FALSE,To0740
28796,22147B,277,TO - via Accademia Albertina 42,12:25:00,FCA-MOPAR (L.go Sen. Agnelli),13:25:00,FALSE,To0740
28923,NAV3,121,FCA-MOPAR (L.go Sen. Agnelli),13:25:00,MOPAR FCA - RIVALTA Via Primo Maggio C8,13:45:00,FALSE,To0740
28924,NAV4,121,MOPAR FCA - RIVALTA Via Primo Maggio C11,14:15:00,FCA-MOPAR (L.go Sen. Agnelli),14:35:00,FALSE,To0740
28798,22073,277,FCA-MOPAR (L.go Sen. Agnelli),14:35:00,TO - Via Accademia Albertina 35,15:35:00,FALSE,To0740
28833,22073,121,TO - Via Accademia Albertina 35,15:35:00,TO - Lungo Dora Firenze,15:48:00,FALSE,To0740
28853,02A,266,SALUGGIA - LivaNova,17:05:00,RONDISSONE - p.zza Roma,17:19:00,FALSE,To0740
29247,02B,266,RONDISSONE - p.zza Roma,17:21:00,TO - Pzza Bengasi-Scuola Re Umberto,18:25:00,FALSE,To0740
28761,22127,119,COL - Cso Francia - Via Costa,4:50:00,TO - cso Francia/via Rieti,5:00:00,FALSE,To0760
29236,22127,277,TO - cso Francia/via Rieti,5:00:00,AIRASCA - stabilimento SKF,5:55:00,FALSE,To0760
29767,22056,277,AIRASCA - stabilimento SKF,6:30:00,TO - Corso Francia-Via Pozzo Strada,7:31:00,FALSE,To0760
29761,22056,119,TO - Corso Francia-Via Pozzo Strada,7:31:00,TO - Corso Toscana-Via Borgaro,7:46:00,FALSE,To0760
29365,A33,268,TO - piazza Carlo Felice,11:15:00,CASELLE Aeroporto,12:00:00,FALSE,To0760
28986,D22,268,CASELLE Aeroporto,12:15:00,TO - piazza Carlo Felice,12:54:00,FALSE,To0760
29196,12,60,TO-c.so V.Eman. II - Porta Nuova,14:55:00,AOSTA - Autostazione,17:00:00,FALSE,To1040
29494,11,60,AOSTA - Autostazione,18:30:00,TO-c.so V.Eman. II-Porta Nuova,20:35:00,FALSE,To1040
28938,2073,20,TORINO - Autostazione c.so Bolzano,5:30:00,MALPENSA NORD (Terminal 2),7:30:00,FALSE,To2010
28946,2105,20,MALPENSA OVEST (Terminal 1),10:00:00,TORINO - Autostazione c.so Bolzano,12:00:00,FALSE,To2010
28939,2069,20,TORINO - Autostazione c.so Bolzano,7:00:00,MALPENSA NORD (Terminal 2),9:00:00,FALSE,To2020
28947,2206,20,MALPENSA OVEST (Terminal 1),11:00:00,TORINO - Autostazione c.so Bolzano,13:00:00,FALSE,To2020
28940,2200,20,TORINO - Autostazione c.so Bolzano,8:00:00,MALPENSA NORD (Terminal 2),10:00:00,FALSE,To2030
28951,2207,20,MALPENSA OVEST (Terminal 1),12:00:00,TORINO - Autostazione c.so Bolzano,14:00:00,FALSE,To2030
28942,2002,20,TORINO - Autostazione c.so Bolzano,9:00:00,MALPENSA NORD (Terminal 2),11:00:00,FALSE,To2040
28944,2208,20,MALPENSA OVEST (Terminal 1),13:00:00,TORINO - Autostazione c.so Bolzano,15:00:00,FALSE,To2040
28921,2661A,267,PIOBESI T.SE-v.Torino 41-Capol,7:14:00,TORINO - Cso Unione Sovietica 409,7:55:00,FALSE,To2050
28931,2201,20,TORINO - Autostazione c.so Bolzano,10:00:00,MALPENSA NORD (Terminal 2),12:00:00,FALSE,To2050
28948,2209,20,MALPENSA OVEST (Terminal 1),15:15:00,TORINO - Autostazione c.so Bolzano,17:15:00,FALSE,To2050
28929,2101,20,TORINO - Autostazione c.so Bolzano,13:00:00,MALPENSA NORD (Terminal 2),15:00:00,FALSE,To2060
28950,2210,20,MALPENSA OVEST (Terminal 1),17:30:00,TORINO - Autostazione c.so Bolzano,19:30:00,FALSE,To2060
28930,2203,20,TORINO - Autostazione c.so Bolzano,14:00:00,MALPENSA NORD (Terminal 2),16:00:00,FALSE,To2070
28952,2211,20,MALPENSA OVEST (Terminal 1),18:30:00,TORINO - Autostazione c.so Bolzano,20:30:00,FALSE,To2070
28933,2007,20,TORINO - Autostazione c.so Bolzano,15:00:00,MALPENSA NORD (Terminal 2),17:00:00,FALSE,To2080
28953,2053,20,MALPENSA OVEST (Terminal 1),19:30:00,TORINO - Autostazione c.so Bolzano,21:30:00,FALSE,To2080
28934,2204,20,TORINO - Autostazione c.so Bolzano,16:00:00,MALPENSA NORD (Terminal 2),18:00:00,FALSE,To2090
28954,2212,20,MALPENSA OVEST (Terminal 1),20:40:00,TORINO - Autostazione c.so Bolzano,22:40:00,FALSE,To2090
28835,22145,121,TO - Lungo Dora Firenze,4:21:00,TO - via Accademia Albertina 42,4:35:00,FALSE,Tocomm
28797,22145,277,TO - via Accademia Albertina 42,4:35:00,FCA-MOPAR (L.go Sen. Agnelli),5:25:00,FALSE,Tocomm
28922,NAV1,121,FCA-MOPAR (L.go Sen. Agnelli),5:25:00,MOPAR FCA - RIVALTA Via Primo Maggio C8,5:45:00,FALSE,Tocomm
28645,057B,275,PINEROLO - movicentro,7:16:00,TORINO - Autostazione c.so Bolzano,8:19:00,FALSE,Tocomm