Codice_Turno,Nome_Turno,Deposito,Giorno,Turno_Ora_Inizio,Turno_Ora_Fine,Corsa_Linea,Corsa_Da,Corsa_A,Corsa_Ora_Partenza,Corsa_Ora_Arrivo
Bo3050,TURNO 305 DI BOBBIO,Bobbio,Domenica,05:10,15:50,000279,BOBBIO PELLICE - TORRE PELLICE,,05:20,05:34
Bo3050,TURNO 305 DI BOBBIO,Bobbio,Domenica,05:10,15:50,000279,TORRE PELLICE - BOBBIO PELLICE,,05:40,06:00
Bo3050,TURNO 305 DI BOBBIO,Bobbio,Domenica,05:10,15:50,000279,BOBBIO PELLICE - TORRE PELLICE,,06:20,06:34
Bo3050,TURNO 305 DI BOBBIO,Bobbio,Domenica,05:10,15:50,000279,TORRE PELLICE - BOBBIO PELLICE,,07:25,07:42
Bo3050,TURNO 305 DI BOBBIO,Bobbio,Domenica,05:10,15:50,000279,BOBBIO PELLICE - TORRE PELLICE,,08:15,08:30
Bo3050,TURNO 305 DI BOBBIO,Bobbio,Domenica,05:10,15:50,000279,TORRE PELLICE - BOBBIO PELLICE,,09:55,10:13
Bo3050,TURNO 305 DI BOBBIO,Bobbio,Domenica,05:10,15:50,000279,BOBBIO PELLICE - TORRE PELLICE,,10:13,10:30
Bo3050,TURNO 305 DI BOBBIO,Bobbio,Domenica,05:10,15:50,000279,TORRE PELLICE - BOBBIO PELLICE,,10:30,10:50
Bo3050,TURNO 305 DI BOBBIO,Bobbio,Domenica,05:10,15:50,000279,BOBBIO PELLICE - TORRE PELLICE,,12:15,12:30
Bo3050,TURNO 305 DI BOBBIO,Bobbio,Domenica,05:10,15:50,000279,TORRE PELLICE - BOBBIO PELLICE,,12:30,12:50
Bo3050,TURNO 305 DI BOBBIO,Bobbio,Domenica,05:10,15:50,000279,BOBBIO PELLICE - TORRE PELLICE,,13:15,13:30
Bo3050,TURNO 305 DI BOBBIO,Bobbio,Domenica,05:10,15:50,000279,TORRE PELLICE - BOBBIO PELLICE,,13:30,13:49
Bo3050,TURNO 305 DI BOBBIO,Bobbio,Domenica,05:10,15:50,000279,BOBBIO PELLICE - TORRE PELLICE,,15:05,15:25
Ca0017,CASELLE-TORINO-CASELLE,Caselle,Domenica,06:49,16:00,000268,CASELLE Aeroporto - TO - piazza Carlo Felice,,07:00,07:45
Ca0017,CASELLE-TORINO-CASELLE,Caselle,Domenica,06:49,16:00,000268,TO - piazza Carlo Felice - CASELLE Aeroporto,,08:00,08:45
Ca0017,CASELLE-TORINO-CASELLE,Caselle,Domenica,06:49,16:00,000268,CASELLE Aeroporto - TO - piazza Carlo Felice,,09:00,09:45
Ca0017,CASELLE-TORINO-CASELLE,Caselle,Domenica,06:49,16:00,000268,TO - piazza Carlo Felice - CASELLE Aeroporto,,10:00,10:45
Ca0017,CASELLE-TORINO-CASELLE,Caselle,Domenica,06:49,16:00,000268,CASELLE Aeroporto - TO - piazza Carlo Felice,,11:00,11:45
Ca0017,CASELLE-TORINO-CASELLE,Caselle,Domenica,06:49,16:00,000268,TO - piazza Carlo Felice - CASELLE Aeroporto,,13:00,13:45
Ca0017,CASELLE-TORINO-CASELLE,Caselle,Domenica,06:49,16:00,000268,CASELLE Aeroporto - TO - piazza Carlo Felice,,14:00,14:45
Ca0017,CASELLE-TORINO-CASELLE,Caselle,Domenica,06:49,16:00,000268,TO - piazza Carlo Felice - CASELLE Aeroporto,,15:00,15:45
Ca0037,CASELLE-TORINO-CASELLE,Caselle,Domenica,15:45,23:57,000268,CASELLE Aeroporto - TO - piazza Carlo Felice,,16:00,16:45
Ca0037,CASELLE-TORINO-CASELLE,Caselle,Domenica,15:45,23:57,000268,TO - piazza Carlo Felice - CASELLE Aeroporto,,19:00,19:45
Ca0037,CASELLE-TORINO-CASELLE,Caselle,Domenica,15:45,23:57,000268,CASELLE Aeroporto - TO - piazza Carlo Felice,,20:00,20:45
Ca0037,CASELLE-TORINO-CASELLE,Caselle,Domenica,15:45,23:57,000268,TO - piazza Carlo Felice - CASELLE Aeroporto,,21:00,21:45
Ca0037,CASELLE-TORINO-CASELLE,Caselle,Domenica,15:45,23:57,000268,CASELLE Aeroporto - TO - piazza Carlo Felice,,22:00,22:45
Ca0037,CASELLE-TORINO-CASELLE,Caselle,Domenica,15:45,23:57,000268,TO - piazza Carlo Felice - CASELLE Aeroporto,,23:00,23:45
FS100,CORSE F.S. DI PINEROLO,Pinerolo,Domenica,08:04,17:25,000701,PIN - Str. Vecchia di Buriasco-Via Seves - S.Pietro Val Lemina - via Europa fr,,08:19,08:36
FS100,CORSE F.S. DI PINEROLO,Pinerolo,Domenica,08:04,17:25,000701,S.Pietro Val Lemina - via Europa 61 - MACELLO - Municipio,,08:40,09:20
FS100,CORSE F.S. DI PINEROLO,Pinerolo,Domenica,08:04,17:25,000701,MACELLO - Municipio - S.Pietro Val Lemina - via Europa fr,,09:25,10:03
FS100,CORSE F.S. DI PINEROLO,Pinerolo,Domenica,08:04,17:25,000701,S.Pietro Val Lemina - via Europa 61 - MACELLO - Municipio,,10:10,10:50
FS100,CORSE F.S. DI PINEROLO,Pinerolo,Domenica,08:04,17:25,000701,MACELLO - Municipio - S.Pietro Val Lemina - via Europa fr,,10:50,11:20
FS100,CORSE F.S. DI PINEROLO,Pinerolo,Domenica,08:04,17:25,000701,S.Pietro Val Lemina - via Europa 61 - MACELLO - Municipio,,11:30,12:10
FS100,CORSE F.S. DI PINEROLO,Pinerolo,Domenica,08:04,17:25,000701,MACELLO - Municipio - PINEROLO - movicentro,,12:10,12:30
FS100,CORSE F.S. DI PINEROLO,Pinerolo,Domenica,08:04,17:25,000901,PINEROLO - movicentro - TORRE PELLICE,,14:50,15:25
FS100,CORSE F.S. DI PINEROLO,Pinerolo,Domenica,08:04,17:25,000901,TORRE PELLICE - PINEROLO - movicentro,,16:35,17:10
FT200,FUORI TURNO SUSA,Fuori Turno Susa,Domenica,10:20,12:00,000285,OULX - Stazione FS - CLAVIERE,,10:40,11:15
FT2710,TORINO-CASELLE-TORINO,Torino,Domenica,03:35,06:35,000268,TO - piazza Carlo Felice - CASELLE Aeroporto,,04:15,05:00
FT2710,TORINO-CASELLE-TORINO,Torino,Domenica,03:35,06:35,000268,CASELLE Aeroporto - TO - piazza Carlo Felice,,05:10,05:55
Lu0050,TURNO 50 DI LUSERNA S.G.,Turno 50 Di Luserna S.G.,Domenica,15:15,21:21,000279,TORRE PELLICE - BOBBIO PELLICE,,15:30,15:48
Lu0050,TURNO 50 DI LUSERNA S.G.,Turno 50 Di Luserna S.G.,Domenica,15:15,21:21,000279,BOBBIO PELLICE - TORRE PELLICE,,16:10,16:26
Lu0050,TURNO 50 DI LUSERNA S.G.,Turno 50 Di Luserna S.G.,Domenica,15:15,21:21,000279,TORRE PELLICE - BOBBIO PELLICE,,16:30,16:46
Lu0050,TURNO 50 DI LUSERNA S.G.,Turno 50 Di Luserna S.G.,Domenica,15:15,21:21,000279,BOBBIO PELLICE - TORRE PELLICE,,17:21,17:35
Lu0050,TURNO 50 DI LUSERNA S.G.,Turno 50 Di Luserna S.G.,Domenica,15:15,21:21,000279,TORRE PELLICE - BOBBIO PELLICE,,18:00,18:16
Lu0050,TURNO 50 DI LUSERNA S.G.,Turno 50 Di Luserna S.G.,Domenica,15:15,21:21,000279,BOBBIO PELLICE - TORRE PELLICE,,18:16,18:32
Lu0050,TURNO 50 DI LUSERNA S.G.,Turno 50 Di Luserna S.G.,Domenica,15:15,21:21,000279,BOBBIO PELLICE - TORRE PELLICE,,19:11,19:30
Lu0050,TURNO 50 DI LUSERNA S.G.,Turno 50 Di Luserna S.G.,Domenica,15:15,21:21,000279,TORRE PELLICE - BOBBIO PELLICE,,20:30,20:46
Lu0090,TURNO 90 DI LUSERNA S.G.,Turno 90 Di Luserna S.G.,Domenica,08:20,19:40,000901,TORRE PELLICE - PINEROLO - movicentro,,08:35,09:10
Lu0090,TURNO 90 DI LUSERNA S.G.,Turno 90 Di Luserna S.G.,Domenica,08:20,19:40,000901,PINEROLO - movicentro - TORRE PELLICE,,10:50,11:25
Lu0090,TURNO 90 DI LUSERNA S.G.,Turno 90 Di Luserna S.G.,Domenica,08:20,19:40,000901,TORRE PELLICE - PINEROLO - movicentro,,12:35,13:10
Lu0090,TURNO 90 DI LUSERNA S.G.,Turno 90 Di Luserna S.G.,Domenica,08:20,19:40,000703,Pinerolo Frazione Riva (Domarossa) - PIN - Fiugera,,14:30,14:57
Lu0090,TURNO 90 DI LUSERNA S.G.,Turno 90 Di Luserna S.G.,Domenica,08:20,19:40,000703,PIN - Fiugera - Pinerolo Frazione Riva (Domarossa),,15:00,15:30
Lu0090,TURNO 90 DI LUSERNA S.G.,Turno 90 Di Luserna S.G.,Domenica,08:20,19:40,000703,Pinerolo Frazione Riva (Domarossa) - PIN - Fiugera,,15:30,15:57
Lu0090,TURNO 90 DI LUSERNA S.G.,Turno 90 Di Luserna S.G.,Domenica,08:20,19:40,000703,PIN - Fiugera - Frazione Pascaretto,,16:00,16:35
Lu0090,TURNO 90 DI LUSERNA S.G.,Turno 90 Di Luserna S.G.,Domenica,08:20,19:40,000901,PINEROLO - movicentro - TORRE PELLICE,,18:50,19:25
Pb0137,PIOBESI-TORINO-PIOBESI,Piobesi,Domenica,07:59,16:28,000267,PIOBESI T.SE-v.Torino 41-Capol - TO - Via De Cristoforis (Capolinea),,08:09,08:55
Pb0137,PIOBESI-TORINO-PIOBESI,Piobesi,Domenica,07:59,16:28,000267,TO - Via De Cristoforis (Capolinea) - PIOBESI T.SE-v.Torino 41-Capol,,10:25,11:16
Pb0137,PIOBESI-TORINO-PIOBESI,Piobesi,Domenica,07:59,16:28,000267,PIOBESI T.SE-v.Torino 41-Capol - TO - Via De Cristoforis (Capolinea),,11:29,12:15
Pb0137,PIOBESI-TORINO-PIOBESI,Piobesi,Domenica,07:59,16:28,000267,TO - Via De Cristoforis (Capolinea) - PIOBESI T.SE-v.Torino 41-Capol,,12:20,13:11
Pb0137,PIOBESI-TORINO-PIOBESI,Piobesi,Domenica,07:59,16:28,000267,PIOBESI T.SE-v.Torino 41-Capol - TO - Via De Cristoforis (Capolinea),,13:59,14:50
Pb0137,PIOBESI-TORINO-PIOBESI,Piobesi,Domenica,07:59,16:28,000267,TO - Via De Cristoforis (Capolinea) - PIOBESI T.SE-v.Torino 41-Capol,,15:25,16:18
Pb0147,PIOBESI-TORINO-PIOBESI,Piobesi,Domenica,16:49,23:22,000267,PIOBESI T.SE-v.Torino 41-Capol - TO - Via De Cristoforis (Capolinea),,16:59,17:50
Pb0147,PIOBESI-TORINO-PIOBESI,Piobesi,Domenica,16:49,23:22,000267,TO - Via De Cristoforis (Capolinea) - PIOBESI T.SE-v.Torino 41-Capol,,18:00,18:51
Pb0147,PIOBESI-TORINO-PIOBESI,Piobesi,Domenica,16:49,23:22,000267,PIOBESI T.SE-v.Torino 41-Capol - TO - Via De Cristoforis (Capolinea),,18:59,19:50
Pb0147,PIOBESI-TORINO-PIOBESI,Piobesi,Domenica,16:49,23:22,000267,TO - Via De Cristoforis (Capolinea) - PIOBESI T.SE-v.Torino 41-Capol,,20:00,20:50
Pb0147,PIOBESI-TORINO-PIOBESI,Piobesi,Domenica,16:49,23:22,000267,PIOBESI T.SE-v.Torino 41-Capol - TO - Via De Cristoforis (Capolinea),,21:29,22:15
Pb0147,PIOBESI-TORINO-PIOBESI,Piobesi,Domenica,16:49,23:22,000267,TO - Via De Cristoforis (Capolinea) - PIOBESI T.SE-v.Torino 41-Capol,,22:30,23:12
Pe0010,TURNO 201 DI PEROSA,Perosa,Domenica,07:40,13:25,000303,PERRERO - PEROSA ARG.-Pzza Terzo Alpini,,08:10,08:25
Pe0010,TURNO 201 DI PEROSA,Perosa,Domenica,07:40,13:25,000275,PER - V. Nazionale 6 (Deposito Ex Sapav) - PEROSA ARG.-Pzza Terzo Alpini,,08:53,08:54
Pe0010,TURNO 201 DI PEROSA,Perosa,Domenica,07:40,13:25,000275,PEROSA ARG.-Pzza Terzo Alpini - SESTRIERE - parcheggio,,08:54,10:04
Pe0010,TURNO 201 DI PEROSA,Perosa,Domenica,07:40,13:25,000285,SESTRIERE - parcheggio - OULX - Stazione FS,,10:04,10:49
Pe0010,TURNO 201 DI PEROSA,Perosa,Domenica,07:40,13:25,000285,OULX - Stazione FS - SESTRIERE - parcheggio,,11:15,12:00
Pe0010,TURNO 201 DI PEROSA,Perosa,Domenica,07:40,13:25,000275,SESTRIERE - parcheggio - PEROSA ARG.-Pzza Terzo Alpini,,12:00,13:10
Pe0030,TURNO 203 DI PEROSA,Perosa,Domenica,09:05,17:23,000303,PEROSA ARG.-Pzza Terzo Alpini - SEGGIOVIE 13 LAGHI,,09:20,09:55
Pe0030,TURNO 203 DI PEROSA,Perosa,Domenica,09:05,17:23,000303,SEGGIOVIE 13 LAGHI - PEROSA ARG.-Pzza Terzo Alpini,,10:10,10:55
Pe0030,TURNO 203 DI PEROSA,Perosa,Domenica,09:05,17:23,000303,PEROSA ARG.-Pzza Terzo Alpini - PERRERO,,11:00,11:15
Pe0030,TURNO 203 DI PEROSA,Perosa,Domenica,09:05,17:23,000275,PER - V. Nazionale 6 (Deposito Ex Sapav) - PEROSA ARG.-Pzza Terzo Alpini,,12:53,12:54
Pe0030,TURNO 203 DI PEROSA,Perosa,Domenica,09:05,17:23,000275,PEROSA ARG.-Pzza Terzo Alpini - SESTRIERE - parcheggio,,12:54,14:04
Pe0030,TURNO 203 DI PEROSA,Perosa,Domenica,09:05,17:23,000285,SESTRIERE - parcheggio - OULX - Stazione FS,,14:04,14:49
Pe0030,TURNO 203 DI PEROSA,Perosa,Domenica,09:05,17:23,000285,OULX - Stazione FS - SESTRIERE - parcheggio,,15:15,16:00
Pe0030,TURNO 203 DI PEROSA,Perosa,Domenica,09:05,17:23,000275,SESTRIERE - parcheggio - PEROSA ARG.-Pzza Terzo Alpini,,16:00,17:10
Pe0030,TURNO 203 DI PEROSA,Perosa,Domenica,09:05,17:23,000275,PEROSA ARG.-Pzza Terzo Alpini - PER - V. Nazionale 6 (Deposito Ex Sapav),,17:12,00:02
Pe0040,TURNO 204 DI PEROSA,Perosa,Domenica,06:39,11:40,000275,PEROSA ARG.-Pzza Terzo Alpini - SESTRIERE - parcheggio,,06:54,08:04
Pe0040,TURNO 204 DI PEROSA,Perosa,Domenica,06:39,11:40,000285,SESTRIERE - parcheggio - OULX - Stazione FS,,08:04,08:49
Pe0040,TURNO 204 DI PEROSA,Perosa,Domenica,06:39,11:40,000285,OULX - Stazione FS - SESTRIERE - parcheggio,,09:15,10:00
Pe0040,TURNO 204 DI PEROSA,Perosa,Domenica,06:39,11:40,000275,SESTRIERE - parcheggio - PEROSA ARG.-Pzza Terzo Alpini,,10:00,11:10
Pe0040,TURNO 204 DI PEROSA,Perosa,Domenica,06:39,11:40,000275,PEROSA ARG.-Pzza Terzo Alpini - PER - V. Nazionale 6 (Deposito Ex Sapav),,11:12,00:02
Pe0080,TURNO 208 DI PEROSA,Perosa,Domenica,11:55,21:05,000282,PEROSA ARG.-Pzza Terzo Alpini - PINEROLO - movicentro,,12:10,12:42
Pe0080,TURNO 208 DI PEROSA,Perosa,Domenica,11:55,21:05,000282,PINEROLO - movicentro - TORINO - Autostazione c.so Bolzano,,12:46,13:57
Pe0080,TURNO 208 DI PEROSA,Perosa,Domenica,11:55,21:05,000282,TORINO - Autostazione c.so Bolzano - PINEROLO - Piazza Cavour,,14:03,15:20
Pe0080,TURNO 208 DI PEROSA,Perosa,Domenica,11:55,21:05,000282,PINEROLO - Piazza Cavour - PEROSA ARG.-Pzza Terzo Alpini,,15:20,15:50
Pe0080,TURNO 208 DI PEROSA,Perosa,Domenica,11:55,21:05,000275,PER - V. Nazionale 6 (Deposito Ex Sapav) - PINEROLO - movicentro,,17:12,17:42
Pe0080,TURNO 208 DI PEROSA,Perosa,Domenica,11:55,21:05,000275,PINEROLO - movicentro - TORINO - Autostazione c.so Bolzano,,17:46,18:49
Pe0080,TURNO 208 DI PEROSA,Perosa,Domenica,11:55,21:05,000282,TORINO - Autostazione c.so Bolzano - PINEROLO - movicentro,,19:03,20:14
Pe0080,TURNO 208 DI PEROSA,Perosa,Domenica,11:55,21:05,000282,PINEROLO - movicentro - PEROSA ARG.-Pzza Terzo Alpini,,20:18,20:50
Pe0100,TURNO 210 DI PEROSA,Perosa,Domenica,15:30,01:05,000282,PINEROLO - movicentro - PEROSA ARG.-Pzza Terzo Alpini,,00:18,00:50
Pe0100,TURNO 210 DI PEROSA,Perosa,Domenica,15:30,01:05,000303,PERRERO - PEROSA ARG.-Pzza Terzo Alpini,,16:00,16:15
Pe0100,TURNO 210 DI PEROSA,Perosa,Domenica,15:30,01:05,000303,PEROSA ARG.-Pzza Terzo Alpini - SEGGIOVIE 13 LAGHI,,16:20,17:10
Pe0100,TURNO 210 DI PEROSA,Perosa,Domenica,15:30,01:05,000303,SEGGIOVIE 13 LAGHI - PEROSA ARG.-Pzza Terzo Alpini,,17:40,18:30
Pe0100,TURNO 210 DI PEROSA,Perosa,Domenica,15:30,01:05,000303,PEROSA ARG.-Pzza Terzo Alpini - PERRERO,,18:30,18:45
Pe0100,TURNO 210 DI PEROSA,Perosa,Domenica,15:30,01:05,000275,PER - V. Nazionale 6 (Deposito Ex Sapav) - PINEROLO - movicentro,,21:12,21:42
Pe0100,TURNO 210 DI PEROSA,Perosa,Domenica,15:30,01:05,000275,PINEROLO - movicentro - TORINO - Autostazione c.so Bolzano,,21:46,22:49
Pe0100,TURNO 210 DI PEROSA,Perosa,Domenica,15:30,01:05,000282,TORINO - Autostazione c.so Bolzano - PINEROLO - movicentro,,23:03,00:14
Pi0020,TURNO 2 PINEROLO,Turno 2 Pinerolo,Domenica,14:04,20:00,000275,PINEROLO - Piazza Cavour - PEROSA ARG.-Pzza Terzo Alpini,,14:24,14:54
Pi0020,TURNO 2 PINEROLO,Turno 2 Pinerolo,Domenica,14:04,20:00,000275,PEROSA ARG.-Pzza Terzo Alpini - SESTRIERE - parcheggio,,14:54,16:04
Pi0020,TURNO 2 PINEROLO,Turno 2 Pinerolo,Domenica,14:04,20:00,000285,SESTRIERE - parcheggio - OULX - Stazione FS,,16:04,16:49
Pi0020,TURNO 2 PINEROLO,Turno 2 Pinerolo,Domenica,14:04,20:00,000285,OULX - Stazione FS - SESTRIERE - parcheggio,,17:15,18:00
Pi0020,TURNO 2 PINEROLO,Turno 2 Pinerolo,Domenica,14:04,20:00,000275,SESTRIERE - parcheggio - PEROSA ARG.-Pzza Terzo Alpini,,18:00,19:10
Pi0020,TURNO 2 PINEROLO,Turno 2 Pinerolo,Domenica,14:04,20:00,000275,PEROSA ARG.-Pzza Terzo Alpini - PINEROLO - Piazza Cavour,,19:10,19:40
Pi0030,TURNO 3 PINEROLO,Turno 3 Pinerolo,Domenica,07:50,18:33,000282,PINEROLO - Piazza Cavour - TORINO - Autostazione c.so Bolzano,,08:10,09:27
Pi0030,TURNO 3 PINEROLO,Turno 3 Pinerolo,Domenica,07:50,18:33,000282,TORINO - Autostazione c.so Bolzano - PINEROLO - Piazza Cavour,,10:41,11:58
Pi0030,TURNO 3 PINEROLO,Turno 3 Pinerolo,Domenica,07:50,18:33,000275,PINEROLO - movicentro - TORINO - Autostazione c.so Bolzano,,15:46,16:49
Pi0030,TURNO 3 PINEROLO,Turno 3 Pinerolo,Domenica,07:50,18:33,000275,TORINO - Autostazione c.so Bolzano - PINEROLO - movicentro,,17:15,18:18
Pi0120,TURNO 12 DI PINEROLO,Pinerolo,Domenica,08:05,18:40,000703,Pinerolo Frazione Riva (Domarossa) - PIN - Fiugera,,08:20,08:47
Pi0120,TURNO 12 DI PINEROLO,Pinerolo,Domenica,08:05,18:40,000703,PIN - Fiugera - Pinerolo Frazione Riva (Domarossa),,09:00,09:30
Pi0120,TURNO 12 DI PINEROLO,Pinerolo,Domenica,08:05,18:40,000703,Pinerolo Frazione Riva (Domarossa) - PIN - Fiugera,,09:30,09:57
Pi0120,TURNO 12 DI PINEROLO,Pinerolo,Domenica,08:05,18:40,000703,PIN - Fiugera - Pinerolo Frazione Riva (Domarossa),,10:00,10:30
Pi0120,TURNO 12 DI PINEROLO,Pinerolo,Domenica,08:05,18:40,000701,PINEROLO - movicentro - MACELLO - Municipio,,13:45,14:03
Pi0120,TURNO 12 DI PINEROLO,Pinerolo,Domenica,08:05,18:40,000701,MACELLO - Municipio - S.Pietro Val Lemina - via Europa fr,,14:05,14:35
Pi0120,TURNO 12 DI PINEROLO,Pinerolo,Domenica,08:05,18:40,000701,S.Pietro Val Lemina - via Europa 61 - MACELLO - Municipio,,14:40,15:20
Pi0120,TURNO 12 DI PINEROLO,Pinerolo,Domenica,08:05,18:40,000701,MACELLO - Municipio - S.Pietro Val Lemina - via Europa fr,,15:20,15:50
Pi0120,TURNO 12 DI PINEROLO,Pinerolo,Domenica,08:05,18:40,000701,S.Pietro Val Lemina - via Europa 61 - MACELLO - Municipio,,15:50,16:30
Pi0120,TURNO 12 DI PINEROLO,Pinerolo,Domenica,08:05,18:40,000701,MACELLO - Municipio - S.Pietro Val Lemina - via Europa fr,,16:40,17:10
Pi0120,TURNO 12 DI PINEROLO,Pinerolo,Domenica,08:05,18:40,000701,S.Pietro Val Lemina - via Europa 61 - MACELLO - Municipio,,17:18,17:58
Pi0120,TURNO 12 DI PINEROLO,Pinerolo,Domenica,08:05,18:40,000701,MACELLO - Municipio - PINEROLO - movicentro,,18:05,18:25
Pi0140,TURNO 14 PINEROLO,Turno 14 Pinerolo,Domenica,08:55,19:05,000283,PINEROLO - Piazza Cavour - CANTALUPA,,09:15,09:45
Pi0140,TURNO 14 PINEROLO,Turno 14 Pinerolo,Domenica,08:55,19:05,000283,CANTALUPA - PINEROLO - Piazza Cavour,,09:45,10:15
Pi0140,TURNO 14 PINEROLO,Turno 14 Pinerolo,Domenica,08:55,19:05,000703,Pinerolo Frazione Riva (Domarossa) - PIN - Fiugera,,11:30,11:57
Pi0140,TURNO 14 PINEROLO,Turno 14 Pinerolo,Domenica,08:55,19:05,000703,PIN - Fiugera - RIVA DI PINEROLO -Via Maestra/Aurora,,12:10,12:35
Pi0140,TURNO 14 PINEROLO,Turno 14 Pinerolo,Domenica,08:55,19:05,000283,PINEROLO - Piazza Cavour - CANTALUPA,,16:00,16:30
Pi0140,TURNO 14 PINEROLO,Turno 14 Pinerolo,Domenica,08:55,19:05,000283,CANTALUPA - PINEROLO - Piazza Cavour,,16:30,17:00
Pi0140,TURNO 14 PINEROLO,Turno 14 Pinerolo,Domenica,08:55,19:05,000703,Pinerolo Frazione Riva (Domarossa) - PIN - Fiugera,,17:40,18:08
Pi0140,TURNO 14 PINEROLO,Turno 14 Pinerolo,Domenica,08:55,19:05,000703,PIN - Fiugera - Pinerolo Frazione Riva (Domarossa),,18:20,18:50
Pi0280,TURNO 28 PINEROLO,Turno 28 Pinerolo,Domenica,16:07,21:47,000275,PINEROLO - movicentro - PEROSA ARG.-Pzza Terzo Alpini,,16:22,16:54
Pi0280,TURNO 28 PINEROLO,Turno 28 Pinerolo,Domenica,16:07,21:47,000275,PEROSA ARG.-Pzza Terzo Alpini - SESTRIERE - parcheggio,,16:54,18:04
Pi0280,TURNO 28 PINEROLO,Turno 28 Pinerolo,Domenica,16:07,21:47,000285,SESTRIERE - parcheggio - OULX - Stazione FS,,18:04,18:49
Pi0280,TURNO 28 PINEROLO,Turno 28 Pinerolo,Domenica,16:07,21:47,000285,OULX - Stazione FS - SESTRIERE - parcheggio,,19:15,20:00
Pi0280,TURNO 28 PINEROLO,Turno 28 Pinerolo,Domenica,16:07,21:47,000275,SESTRIERE - parcheggio - FENESTRELLE - Via Nazionale,,20:00,20:40
Pi0280,TURNO 28 PINEROLO,Turno 28 Pinerolo,Domenica,16:07,21:47,000275,FENESTRELLE - Via Nazionale - PEROSA ARG.-Pzza Terzo Alpini,,20:40,21:10
Pi0280,TURNO 28 PINEROLO,Turno 28 Pinerolo,Domenica,16:07,21:47,000275,PEROSA ARG.-Pzza Terzo Alpini - PER - V. Nazionale 6 (Deposito Ex Sapav),,21:12,00:02
Pt0087,CAREMA-TORINO-CAREMA,Carema,Domenica,07:37,18:20,000265,PONT S.MARTIN-pzza IV Novembre - IVREA - Stazione FS est,,07:52,08:26
Pt0087,CAREMA-TORINO-CAREMA,Carema,Domenica,07:37,18:20,000265,IVREA - Stazione FS est - CHIVASSO - Staz. FS Movicentro,,08:28,09:18
Pt0087,CAREMA-TORINO-CAREMA,Carema,Domenica,07:37,18:20,000265,CHIVASSO - Staz. FS Movicentro - IVREA - Stazione FS int,,10:43,11:33
Pt0087,CAREMA-TORINO-CAREMA,Carema,Domenica,07:37,18:20,000265,IVREA - Stazione FS int - PONT S.MARTIN-pzza IV Novembre,,11:35,12:05
Pt0087,CAREMA-TORINO-CAREMA,Carema,Domenica,07:37,18:20,000265,PONT S.MARTIN-pzza IV Novembre - IVREA - Stazione FS est,,13:52,14:26
Pt0087,CAREMA-TORINO-CAREMA,Carema,Domenica,07:37,18:20,000265,IVREA - Stazione FS est - CHIVASSO - Staz. FS Movicentro,,14:28,15:23
Pt0087,CAREMA-TORINO-CAREMA,Carema,Domenica,07:37,18:20,000265,CHIVASSO - Staz. FS Movicentro - IVREA - Stazione FS int,,16:43,17:33
Pt0087,CAREMA-TORINO-CAREMA,Carema,Domenica,07:37,18:20,000265,IVREA - Stazione FS int - PONT S.MARTIN-pzza IV Novembre,,17:35,18:05
Sa0070,TURNO 618 DI SALBERTRAND,Salbertrand,Domenica,06:55,16:45,000285,OULX - Stazione FS - SESTRIERE - parcheggio,,07:15,08:00
Sa0070,TURNO 618 DI SALBERTRAND,Salbertrand,Domenica,06:55,16:45,000275,SESTRIERE - parcheggio - PEROSA ARG.-Pzza Terzo Alpini,,08:00,09:10
Sa0070,TURNO 618 DI SALBERTRAND,Salbertrand,Domenica,06:55,16:45,000275,PEROSA ARG.-Pzza Terzo Alpini - PER - V. Nazionale 6 (Deposito Ex Sapav),,09:12,00:02
Sa0070,TURNO 618 DI SALBERTRAND,Salbertrand,Domenica,06:55,16:45,000275,PER - V. Nazionale 6 (Deposito Ex Sapav) - PEROSA ARG.-Pzza Terzo Alpini,,10:53,10:54
Sa0070,TURNO 618 DI SALBERTRAND,Salbertrand,Domenica,06:55,16:45,000275,PEROSA ARG.-Pzza Terzo Alpini - SESTRIERE - parcheggio,,10:54,12:04
Sa0070,TURNO 618 DI SALBERTRAND,Salbertrand,Domenica,06:55,16:45,000285,SESTRIERE - parcheggio - Cesana fr Municipio,,15:00,15:25
Sa0070,TURNO 618 DI SALBERTRAND,Salbertrand,Domenica,06:55,16:45,000285,Cesana Municipio - CLAVIERE,,15:35,15:50
Sa0070,TURNO 618 DI SALBERTRAND,Salbertrand,Domenica,06:55,16:45,000285,CLAVIERE - OULX - Stazione FS,,15:50,16:25
Sa0080,TURNO 619 DI SALBERTRAND,Salbertrand,Domenica,10:30,20:05,000285,Cesana Municipio - SESTRIERE - parcheggio,,11:00,11:25
Sa0080,TURNO 619 DI SALBERTRAND,Salbertrand,Domenica,10:30,20:05,000285,SESTRIERE - parcheggio - OULX - Stazione FS,,12:04,12:49
Sa0080,TURNO 619 DI SALBERTRAND,Salbertrand,Domenica,10:30,20:05,000285,OULX - Stazione FS - SAUZE D'OULX,,14:15,14:30
Sa0080,TURNO 619 DI SALBERTRAND,Salbertrand,Domenica,10:30,20:05,000285,SAUZE D'OULX - OULX - Stazione FS,,14:30,14:45
Sa0080,TURNO 619 DI SALBERTRAND,Salbertrand,Domenica,10:30,20:05,000285,OULX - Stazione FS - SAUZE D'OULX,,15:15,15:30
Sa0080,TURNO 619 DI SALBERTRAND,Salbertrand,Domenica,10:30,20:05,000285,SAUZE D'OULX - OULX - Stazione FS,,16:30,16:45
Sa0080,TURNO 619 DI SALBERTRAND,Salbertrand,Domenica,10:30,20:05,000285,OULX - Stazione FS - SAUZE D'OULX,,17:15,17:30
Sa0080,TURNO 619 DI SALBERTRAND,Salbertrand,Domenica,10:30,20:05,000285,SAUZE D'OULX - OULX - Stazione FS,,17:30,17:45
Sa0080,TURNO 619 DI SALBERTRAND,Salbertrand,Domenica,10:30,20:05,000285,OULX - Stazione FS - SAUZE D'OULX,,18:15,18:30
Sa0080,TURNO 619 DI SALBERTRAND,Salbertrand,Domenica,10:30,20:05,000285,SAUZE D'OULX - OULX - Stazione FS,,18:30,18:45
Sa0080,TURNO 619 DI SALBERTRAND,Salbertrand,Domenica,10:30,20:05,000285,OULX - Stazione FS - SAUZE D'OULX,,19:15,19:30
Sa0080,TURNO 619 DI SALBERTRAND,Salbertrand,Domenica,10:30,20:05,000285,SAUZE D'OULX - OULX - Stazione FS,,19:30,19:45
Sa0090,TURNO 620 DI SALBERTRAND,Salbertrand,Domenica,12:55,21:09,000285,OULX - Stazione FS - SESTRIERE - parcheggio,,13:15,14:00
Sa0090,TURNO 620 DI SALBERTRAND,Salbertrand,Domenica,12:55,21:09,000275,SESTRIERE - parcheggio - PEROSA ARG.-Pzza Terzo Alpini,,14:00,15:10
Sa0090,TURNO 620 DI SALBERTRAND,Salbertrand,Domenica,12:55,21:09,000275,PEROSA ARG.-Pzza Terzo Alpini - PINEROLO - movicentro,,15:10,15:42
Sa0090,TURNO 620 DI SALBERTRAND,Salbertrand,Domenica,12:55,21:09,000275,PINEROLO - movicentro - PEROSA ARG.-Pzza Terzo Alpini,,18:22,18:54
Sa0090,TURNO 620 DI SALBERTRAND,Salbertrand,Domenica,12:55,21:09,000275,PEROSA ARG.-Pzza Terzo Alpini - SESTRIERE - parcheggio,,18:54,20:04
Sa0090,TURNO 620 DI SALBERTRAND,Salbertrand,Domenica,12:55,21:09,000285,SESTRIERE - parcheggio - OULX - Stazione FS,,20:04,20:49
Su0020,TURNO 502 DI SUSA,Susa,Domenica,07:25,12:35,000285,OULX - Stazione FS - SAUZE D'OULX,,08:15,08:30
Su0020,TURNO 502 DI SUSA,Susa,Domenica,07:25,12:35,000285,SAUZE D'OULX - OULX - Stazione FS,,08:30,08:45
Su0020,TURNO 502 DI SUSA,Susa,Domenica,07:25,12:35,000285,OULX - Stazione FS - SAUZE D'OULX,,09:15,09:30
Su0020,TURNO 502 DI SUSA,Susa,Domenica,07:25,12:35,000285,SAUZE D'OULX - OULX - Stazione FS,,09:30,09:45
Su0020,TURNO 502 DI SUSA,Susa,Domenica,07:25,12:35,000285,OULX - Stazione FS - SAUZE D'OULX,,10:15,10:30
Su0020,TURNO 502 DI SUSA,Susa,Domenica,07:25,12:35,000285,SAUZE D'OULX - OULX - Stazione FS,,10:30,10:45
Su0020,TURNO 502 DI SUSA,Susa,Domenica,07:25,12:35,000285,OULX - Stazione FS - SAUZE D'OULX,,11:15,11:30
Su0020,TURNO 502 DI SUSA,Susa,Domenica,07:25,12:35,000285,SAUZE D'OULX - OULX - Stazione FS,,11:30,11:45
To0277,TORINO-CASELLE / TORINO-IVREA,Torino,Domenica,04:50,11:55,000268,TO - piazza Carlo Felice - CASELLE Aeroporto,,05:30,06:15
To0277,TORINO-CASELLE / TORINO-IVREA,Torino,Domenica,04:50,11:55,000268,CASELLE Aeroporto - TO - piazza Carlo Felice,,06:35,07:20
To0277,TORINO-CASELLE / TORINO-IVREA,Torino,Domenica,04:50,11:55,000268,TO - piazza Carlo Felice - CASELLE Aeroporto,,07:30,08:07
To0277,TORINO-CASELLE / TORINO-IVREA,Torino,Domenica,04:50,11:55,000268,CASELLE Aeroporto - TO - piazza Carlo Felice,,08:30,09:09
To0277,TORINO-CASELLE / TORINO-IVREA,Torino,Domenica,04:50,11:55,000268,TO - piazza Carlo Felice - CASELLE Aeroporto,,09:30,10:07
To0277,TORINO-CASELLE / TORINO-IVREA,Torino,Domenica,04:50,11:55,000268,CASELLE Aeroporto - TO - piazza Carlo Felice,,10:30,11:09
To0287,TORINO-CASELLE-TORINO,Torino,Domenica,05:35,12:55,000268,TO - piazza Carlo Felice - CASELLE Aeroporto,,06:15,07:00
To0287,TORINO-CASELLE-TORINO,Torino,Domenica,05:35,12:55,000268,CASELLE Aeroporto - TO - piazza Carlo Felice,,07:30,08:09
To0287,TORINO-CASELLE-TORINO,Torino,Domenica,05:35,12:55,000268,TO - piazza Carlo Felice - CASELLE Aeroporto,,08:30,09:07
To0287,TORINO-CASELLE-TORINO,Torino,Domenica,05:35,12:55,000268,CASELLE Aeroporto - TO - piazza Carlo Felice,,09:30,10:09
To0287,TORINO-CASELLE-TORINO,Torino,Domenica,05:35,12:55,000268,TO - piazza Carlo Felice - CASELLE Aeroporto,,10:30,11:07
To0287,TORINO-CASELLE-TORINO,Torino,Domenica,05:35,12:55,000268,CASELLE Aeroporto - TO - piazza Carlo Felice,,11:30,12:09
To0297,TORINO-CASELLE-TORINO,Torino,Domenica,06:20,13:25,000268,TO - piazza Carlo Felice - CASELLE Aeroporto,,07:00,07:45
To0297,TORINO-CASELLE-TORINO,Torino,Domenica,06:20,13:25,000268,CASELLE Aeroporto - TO - piazza Carlo Felice,,08:00,08:45
To0297,TORINO-CASELLE-TORINO,Torino,Domenica,06:20,13:25,000268,TO - piazza Carlo Felice - CASELLE Aeroporto,,09:00,09:45
To0297,TORINO-CASELLE-TORINO,Torino,Domenica,06:20,13:25,000268,CASELLE Aeroporto - TO - piazza Carlo Felice,,10:00,10:45
To0297,TORINO-CASELLE-TORINO,Torino,Domenica,06:20,13:25,000268,TO - piazza Carlo Felice - CASELLE Aeroporto,,11:00,11:45
To0297,TORINO-CASELLE-TORINO,Torino,Domenica,06:20,13:25,000268,CASELLE Aeroporto - TO - piazza Carlo Felice,,12:00,12:45
To0307,TORINO-CASELLE-TORINO,Torino,Domenica,10:35,17:55,000268,TO - piazza Carlo Felice - CASELLE Aeroporto,,11:30,12:07
To0307,TORINO-CASELLE-TORINO,Torino,Domenica,10:35,17:55,000268,CASELLE Aeroporto - TO - piazza Carlo Felice,,12:30,13:09
To0307,TORINO-CASELLE-TORINO,Torino,Domenica,10:35,17:55,000268,TO - piazza Carlo Felice - CASELLE Aeroporto,,13:30,14:07
To0307,TORINO-CASELLE-TORINO,Torino,Domenica,10:35,17:55,000268,CASELLE Aeroporto - TO - piazza Carlo Felice,,14:30,15:09
To0307,TORINO-CASELLE-TORINO,Torino,Domenica,10:35,17:55,000268,TO - piazza Carlo Felice - CASELLE Aeroporto,,15:30,16:07
To0307,TORINO-CASELLE-TORINO,Torino,Domenica,10:35,17:55,000268,CASELLE Aeroporto - TO - piazza Carlo Felice,,16:30,17:09
To0317,TORINO-CASELLE-TORINO,Torino,Domenica,11:20,19:25,000268,TO - piazza Carlo Felice - CASELLE Aeroporto,,12:00,12:45
To0317,TORINO-CASELLE-TORINO,Torino,Domenica,11:20,19:25,000268,CASELLE Aeroporto - TO - piazza Carlo Felice,,13:00,13:45
To0317,TORINO-CASELLE-TORINO,Torino,Domenica,11:20,19:25,000268,TO - piazza Carlo Felice - CASELLE Aeroporto,,14:00,14:45
To0317,TORINO-CASELLE-TORINO,Torino,Domenica,11:20,19:25,000268,CASELLE Aeroporto - TO - piazza Carlo Felice,,15:00,15:45
To0317,TORINO-CASELLE-TORINO,Torino,Domenica,11:20,19:25,000268,TO - piazza Carlo Felice - CASELLE Aeroporto,,17:00,17:45
To0317,TORINO-CASELLE-TORINO,Torino,Domenica,11:20,19:25,000268,CASELLE Aeroporto - TO - piazza Carlo Felice,,18:00,18:45
To0327,TORINO-CASELLE-TORINO,Torino,Domenica,11:35,18:55,000268,TO - piazza Carlo Felice - CASELLE Aeroporto,,12:30,13:07
To0327,TORINO-CASELLE-TORINO,Torino,Domenica,11:35,18:55,000268,CASELLE Aeroporto - TO - piazza Carlo Felice,,13:30,14:09
To0327,TORINO-CASELLE-TORINO,Torino,Domenica,11:35,18:55,000268,TO - piazza Carlo Felice - CASELLE Aeroporto,,14:30,15:07
To0327,TORINO-CASELLE-TORINO,Torino,Domenica,11:35,18:55,000268,CASELLE Aeroporto - TO - piazza Carlo Felice,,15:30,16:09
To0327,TORINO-CASELLE-TORINO,Torino,Domenica,11:35,18:55,000268,TO - piazza Carlo Felice - CASELLE Aeroporto,,16:30,17:07
To0327,TORINO-CASELLE-TORINO,Torino,Domenica,11:35,18:55,000268,CASELLE Aeroporto - TO - piazza Carlo Felice,,17:30,18:09
To0337,TORINO-CASELLE-TORINO,Torino,Domenica,16:35,23:55,000268,TO - piazza Carlo Felice - CASELLE Aeroporto,,17:30,18:07
To0337,TORINO-CASELLE-TORINO,Torino,Domenica,16:35,23:55,000268,CASELLE Aeroporto - TO - piazza Carlo Felice,,18:30,19:09
To0337,TORINO-CASELLE-TORINO,Torino,Domenica,16:35,23:55,000268,TO - piazza Carlo Felice - CASELLE Aeroporto,,19:30,20:07
To0337,TORINO-CASELLE-TORINO,Torino,Domenica,16:35,23:55,000268,CASELLE Aeroporto - TO - piazza Carlo Felice,,20:30,21:09
To0337,TORINO-CASELLE-TORINO,Torino,Domenica,16:35,23:55,000268,TO - piazza Carlo Felice - CASELLE Aeroporto,,21:30,22:07
To0337,TORINO-CASELLE-TORINO,Torino,Domenica,16:35,23:55,000268,CASELLE Aeroporto - TO - piazza Carlo Felice,,22:30,23:09
To0347,TORINO-CASELLE-TORINO,Torino,Domenica,17:35,01:10,000268,TO - piazza Carlo Felice - CASELLE Aeroporto,,18:30,19:07
To0347,TORINO-CASELLE-TORINO,Torino,Domenica,17:35,01:10,000268,CASELLE Aeroporto - TO - piazza Carlo Felice,,19:30,20:09
To0347,TORINO-CASELLE-TORINO,Torino,Domenica,17:35,01:10,000268,TO - piazza Carlo Felice - CASELLE Aeroporto,,20:30,21:07
To0347,TORINO-CASELLE-TORINO,Torino,Domenica,17:35,01:10,000268,CASELLE Aeroporto - TO - piazza Carlo Felice,,21:30,22:09
To0347,TORINO-CASELLE-TORINO,Torino,Domenica,17:35,01:10,000268,TO - piazza Carlo Felice - CASELLE Aeroporto,,22:30,23:07
To0347,TORINO-CASELLE-TORINO,Torino,Domenica,17:35,01:10,000268,CASELLE Aeroporto - TO - piazza Carlo Felice,,23:45,00:30
To0357,TORINO-CASELLE-TORINO,Torino,Domenica,15:20,22:25,000268,TO - piazza Carlo Felice - CASELLE Aeroporto,,16:00,16:45
To0357,TORINO-CASELLE-TORINO,Torino,Domenica,15:20,22:25,000268,CASELLE Aeroporto - TO - piazza Carlo Felice,,17:00,17:45
To0357,TORINO-CASELLE-TORINO,Torino,Domenica,15:20,22:25,000268,TO - piazza Carlo Felice - CASELLE Aeroporto,,18:00,18:45
To0357,TORINO-CASELLE-TORINO,Torino,Domenica,15:20,22:25,000268,CASELLE Aeroporto - TO - piazza Carlo Felice,,19:00,19:45
To0357,TORINO-CASELLE-TORINO,Torino,Domenica,15:20,22:25,000268,TO - piazza Carlo Felice - CASELLE Aeroporto,,20:00,20:45
To0357,TORINO-CASELLE-TORINO,Torino,Domenica,15:20,22:25,000268,CASELLE Aeroporto - TO - piazza Carlo Felice,,21:00,21:45
To0600,TURNO 600 DI TORINO,Torino,Domenica,06:35,15:29,000275,TORINO - Autostazione c.so Bolzano - PINEROLO - movicentro,,07:15,08:18
To0600,TURNO 600 DI TORINO,Torino,Domenica,06:35,15:29,000275,PINEROLO - movicentro - PER - V. Nazionale 6 (Deposito Ex Sapav),,08:22,08:53
To0600,TURNO 600 DI TORINO,Torino,Domenica,06:35,15:29,000275,PER - V. Nazionale 6 (Deposito Ex Sapav) - PINEROLO - movicentro,,09:12,09:42
To0600,TURNO 600 DI TORINO,Torino,Domenica,06:35,15:29,000275,PINEROLO - Piazza Cavour - TORINO - Autostazione c.so Bolzano,,13:40,14:49
To0610,TURNO 610 DI TORINO,Torino,Domenica,08:35,18:55,000275,TORINO - Autostazione c.so Bolzano - PINEROLO - movicentro,,09:15,10:18
To0610,TURNO 610 DI TORINO,Torino,Domenica,08:35,18:55,000275,PINEROLO - movicentro - PER - V. Nazionale 6 (Deposito Ex Sapav),,10:22,10:53
To0610,TURNO 610 DI TORINO,Torino,Domenica,08:35,18:55,000275,PER - V. Nazionale 6 (Deposito Ex Sapav) - PINEROLO - movicentro,,11:12,11:42
To0610,TURNO 610 DI TORINO,Torino,Domenica,08:35,18:55,000275,PINEROLO - Piazza Cavour - PER - V. Nazionale 6 (Deposito Ex Sapav),,12:24,12:53
To0610,TURNO 610 DI TORINO,Torino,Domenica,08:35,18:55,000275,PEROSA ARG.-Pzza Terzo Alpini - PINEROLO - Piazza Cavour,,13:10,13:40
To0610,TURNO 610 DI TORINO,Torino,Domenica,08:35,18:55,000282,PINEROLO - Piazza Cavour - TORINO - Autostazione c.so Bolzano,,16:40,18:15
To0990,TURNO 990 DI TORINO,Torino,Domenica,14:35,00:40,000275,TORINO - Autostazione c.so Bolzano - PINEROLO - movicentro,,15:15,16:18
To0990,TURNO 990 DI TORINO,Torino,Domenica,14:35,00:40,000275,PINEROLO - Piazza Cavour - TORINO - Autostazione c.so Bolzano,,19:40,20:49
To0990,TURNO 990 DI TORINO,Torino,Domenica,14:35,00:40,000268,TO - piazza Carlo Felice - CASELLE Aeroporto,,22:00,22:45
To0990,TURNO 990 DI TORINO,Torino,Domenica,14:35,00:40,000268,CASELLE Aeroporto - TO - piazza Carlo Felice,,23:15,00:00
To1040,TURNO 40 TORINO - AOSTA,Turno 40 Torino,Domenica,14:15,21:15,000060,TO-c.so V.Eman. II - Porta Nuova - AOSTA - Autostazione,,14:55,17:00
To1040,TURNO 40 TORINO - AOSTA,Turno 40 Torino,Domenica,14:15,21:15,000060,AOSTA - Autostazione - TO-c.so V.Eman. II-Porta Nuova,,18:30,20:35
To2010,TORINO-MALPENSA,Torino,Domenica,04:35,13:00,000020,TORINO - Autostazione c.so Bolzano - MALPENSA NORD (Terminal 2),,05:30,07:30
To2010,TORINO-MALPENSA,Torino,Domenica,04:35,13:00,000020,MALPENSA OVEST (Terminal 1) - TORINO - Autostazione c.so Bolzano,,10:00,12:00
To2020,TORINO-MALPENSA,Torino,Domenica,06:05,14:02,000020,TORINO - Autostazione c.so Bolzano - MALPENSA NORD (Terminal 2),,07:00,09:00
To2020,TORINO-MALPENSA,Torino,Domenica,06:05,14:02,000020,MALPENSA OVEST (Terminal 1) - TORINO - Autostazione c.so Bolzano,,11:00,13:00
To2030,TORINO-MALPENSA,Torino,Domenica,07:05,15:02,000020,TORINO - Autostazione c.so Bolzano - MALPENSA NORD (Terminal 2),,08:00,10:00
To2030,TORINO-MALPENSA,Torino,Domenica,07:05,15:02,000020,MALPENSA OVEST (Terminal 1) - TORINO - Autostazione c.so Bolzano,,12:00,14:00
To2040,TORINO-MALPENSA,Torino,Domenica,08:05,16:00,000020,TORINO - Autostazione c.so Bolzano - MALPENSA NORD (Terminal 2),,09:00,11:00
To2040,TORINO-MALPENSA,Torino,Domenica,08:05,16:00,000020,MALPENSA OVEST (Terminal 1) - TORINO - Autostazione c.so Bolzano,,13:00,15:00
To2050,TORINO-MALPENSA,Torino,Domenica,09:05,17:55,000020,TORINO - Autostazione c.so Bolzano - MALPENSA NORD (Terminal 2),,10:00,12:00
To2050,TORINO-MALPENSA,Torino,Domenica,09:05,17:55,000020,MALPENSA OVEST (Terminal 1) - TORINO - Autostazione c.so Bolzano,,15:15,17:15
To2060,TORINO-MALPENSA,Torino,Domenica,11:40,20:10,000020,TORINO - Autostazione c.so Bolzano - MALPENSA NORD (Terminal 2),,13:00,15:00
To2060,TORINO-MALPENSA,Torino,Domenica,11:40,20:10,000020,MALPENSA OVEST (Terminal 1) - TORINO - Autostazione c.so Bolzano,,17:30,19:30
To2070,TORINO-MALPENSA,Torino,Domenica,12:42,21:10,000020,TORINO - Autostazione c.so Bolzano - MALPENSA NORD (Terminal 2),,14:00,16:00
To2070,TORINO-MALPENSA,Torino,Domenica,12:42,21:10,000020,MALPENSA OVEST (Terminal 1) - TORINO - Autostazione c.so Bolzano,,18:30,20:30
To2080,TORINO-MALPENSA,Torino,Domenica,13:42,22:10,000020,TORINO - Autostazione c.so Bolzano - MALPENSA NORD (Terminal 2),,15:00,17:00
To2080,TORINO-MALPENSA,Torino,Domenica,13:42,22:10,000020,MALPENSA OVEST (Terminal 1) - TORINO - Autostazione c.so Bolzano,,19:30,21:30
To2090,TORINO-MALPENSA,Torino,Domenica,14:40,23:20,000020,TORINO - Autostazione c.so Bolzano - MALPENSA NORD (Terminal 2),,16:00,18:00
To2090,TORINO-MALPENSA,Torino,Domenica,14:40,23:20,000020,MALPENSA OVEST (Terminal 1) - TORINO - Autostazione c.so Bolzano,,20:40,22:40
Ba3510,TURNO 351 DI BARGE SETTIMANA,Barge,Giovedì,20:45,07:37,000280,BARGE-Viale Mazzini/Cavallotta - OSASCO - Ponte Chisone,,04:45,05:15
Ba3510,TURNO 351 DI BARGE SETTIMANA,Barge,Giovedì,20:45,07:37,000275,OSASCO - Ponte Chisone - Villar Perosa Stabilimento SKF,,05:15,05:27
Ba3510,TURNO 351 DI BARGE SETTIMANA,Barge,Giovedì,20:45,07:37,000284,Pinerolo Bivio Sede SAPAV - AIRASCA - stabilimento SKF,,06:00,06:15
Ba3510,TURNO 351 DI BARGE SETTIMANA,Barge,Giovedì,20:45,07:37,000280,AIRASCA - stabilimento SKF - BARGE-Viale Mazzini/Cavallotta,,06:30,07:22
Ba3510,TURNO 351 DI BARGE SETTIMANA,Barge,Giovedì,20:45,07:37,000280,BARGE-Viale Mazzini/Cavallotta - AIRASCA - stabilimento SKF,,21:00,22:00
Ba3510,TURNO 351 DI BARGE SETTIMANA,Barge,Giovedì,20:45,07:37,000280,AIRASCA - stabilimento SKF - BARGE-Viale Mazzini/Cavallotta,,22:30,23:22
Ba3520,TURNO 352 DI BARGE,Barge,Giovedì,06:55,18:03,000280,BARGE-Viale Mazzini/Cavallotta - AIRASCA - stabilimento SKF,,07:10,08:10
Ba3520,TURNO 352 DI BARGE,Barge,Giovedì,06:55,18:03,000280,AIRASCA - stabilimento SKF - BARGE-Viale Mazzini/Cavallotta,,08:15,09:00
Ba3520,TURNO 352 DI BARGE,Barge,Giovedì,06:55,18:03,000280,BARGE-Viale Mazzini/Cavallotta - AIRASCA - stabilimento SKF,,12:45,13:55
Ba3520,TURNO 352 DI BARGE,Barge,Giovedì,06:55,18:03,000280,AIRASCA - stabilimento SKF - BARGE-Viale Mazzini/Cavallotta,,14:30,15:29
Ba3520,TURNO 352 DI BARGE,Barge,Giovedì,06:55,18:03,000275,PINEROLO - Piazza Cavour - VILLAR PEROSA - via Nazionale,,16:20,16:40
Ba3520,TURNO 352 DI BARGE,Barge,Giovedì,06:55,18:03,000275,Villar Perosa Stabilimento SKF - OSASCO - Ponte Chisone,,17:00,17:14
Ba3520,TURNO 352 DI BARGE,Barge,Giovedì,06:55,18:03,000280,OSASCO - Ponte Chisone - BARGE-Viale Mazzini/Cavallotta,,17:14,17:48
Ba3530,TURNO 353 DI BARGE,Barge,Giovedì,04:35,15:11,000280,BARGE-Viale Mazzini/Cavallotta - AIRASCA - stabilimento SKF,,04:50,05:55
Ba3530,TURNO 353 DI BARGE,Barge,Giovedì,04:35,15:11,000278,CERCENASCO - v. Reg.Margherita - PINEROLO - Piazza Cavour,,06:25,07:00
Ba3530,TURNO 353 DI BARGE,Barge,Giovedì,04:35,15:11,000283,PINEROLO - Piazza Cavour - CANTALUPA,,07:15,07:45
Ba3530,TURNO 353 DI BARGE,Barge,Giovedì,04:35,15:11,000283,CANTALUPA - PINEROLO - Piazza Cavour,,07:50,08:09
Ba3530,TURNO 353 DI BARGE,Barge,Giovedì,04:35,15:11,000282,PINEROLO - Piazza Cavour - PEROSA ARG.-Pzza Terzo Alpini,,08:10,08:40
Ba3530,TURNO 353 DI BARGE,Barge,Giovedì,04:35,15:11,000275,PEROSA ARG.-Pzza Terzo Alpini - PINEROLO - movicentro,,09:40,10:12
Ba3530,TURNO 353 DI BARGE,Barge,Giovedì,04:35,15:11,000275,Pinerolo Bivio Sede SAPAV - Villar Perosa Stabilimento SKF,,13:10,13:35
Ba3530,TURNO 353 DI BARGE,Barge,Giovedì,04:35,15:11,000275,Villar Perosa Stabilimento SKF - OSASCO - Ponte Chisone,,14:15,14:26
Ba3530,TURNO 353 DI BARGE,Barge,Giovedì,04:35,15:11,000280,OSASCO - Ponte Chisone - BARGE-Viale Mazzini/Cavallotta,,14:26,14:56
Ba3560,TURNO 356 DI BARGE,Barge,Giovedì,06:25,18:45,000280,BARGE-Viale Mazzini/Cavallotta - OSASCO - Ponte Chisone,,06:40,07:10
Ba3560,TURNO 356 DI BARGE,Barge,Giovedì,06:25,18:45,000275,OSASCO - Ponte Chisone - Villar Perosa Stabilimento SKF,,07:10,07:24
Ba3560,TURNO 356 DI BARGE,Barge,Giovedì,06:25,18:45,000275,PEROSA ARG.-Pzza Terzo Alpini - PINEROLO Centro Studi,,07:40,08:10
Ba3560,TURNO 356 DI BARGE,Barge,Giovedì,06:25,18:45,000280,PINEROLO - Fronte Stazione FS - BARGE-Viale Mazzini/Cavallotta,,08:45,09:15
Ba3560,TURNO 356 DI BARGE,Barge,Giovedì,06:25,18:45,000901,PINEROLO - movicentro - TORRE PELLICE,,13:50,14:25
Ba3560,TURNO 356 DI BARGE,Barge,Giovedì,06:25,18:45,000901,TORRE PELLICE - PINEROLO - movicentro,,15:05,15:40
Ba3560,TURNO 356 DI BARGE,Barge,Giovedì,06:25,18:45,000280,AIRASCA - stabilimento SKF - BARGE-Viale Mazzini/Cavallotta,,17:30,18:30
Bo3010,TURNO 301 DI Bobbio,Bobbio,Giovedì,03:55,15:59,000284,BOBBIO PELLICE - PINEROLO - stazione FS,,04:05,04:46
Bo3010,TURNO 301 DI Bobbio,Bobbio,Giovedì,03:55,15:59,000284,PINEROLO - stazione FS - TO - Mirafiori c.so Tazzoli,,04:48,05:32
Bo3010,TURNO 301 DI Bobbio,Bobbio,Giovedì,03:55,15:59,000284,TO - Mirafiori c.so Tazzoli - PINEROLO - Fronte Stazione FS,,06:10,07:00
Bo3010,TURNO 301 DI Bobbio,Bobbio,Giovedì,03:55,15:59,000284,PINEROLO - Fronte Stazione FS - BOBBIO PELLICE,,07:02,07:35
Bo3010,TURNO 301 DI Bobbio,Bobbio,Giovedì,03:55,15:59,000284,BOBBIO PELLICE - PINEROLO - stazione FS,,12:05,12:49
Bo3010,TURNO 301 DI Bobbio,Bobbio,Giovedì,03:55,15:59,000284,PINEROLO - stazione FS - TO - Mirafiori c.so Tazzoli,,12:51,13:38
Bo3010,TURNO 301 DI Bobbio,Bobbio,Giovedì,03:55,15:59,000284,TO - Mirafiori c.so Tazzoli - PINEROLO - Fronte Stazione FS,,14:15,15:11
Bo3010,TURNO 301 DI Bobbio,Bobbio,Giovedì,03:55,15:59,000284,PINEROLO - Fronte Stazione FS - BOBBIO PELLICE,,15:13,15:49
Bo3020,TURNO 302 DI BOBBIO,Bobbio,Giovedì,16:10,23:50,000901,TORRE PELLICE - PINEROLO - movicentro,,16:35,17:10
Bo3020,TURNO 302 DI BOBBIO,Bobbio,Giovedì,16:10,23:50,000283,PINEROLO - Piazza Cavour - CANTALUPA,,17:35,17:55
Bo3020,TURNO 302 DI BOBBIO,Bobbio,Giovedì,16:10,23:50,000283,CANTALUPA - PINEROLO - Piazza Cavour,,17:55,18:25
Bo3020,TURNO 302 DI BOBBIO,Bobbio,Giovedì,16:10,23:50,000284,BOBBIO PELLICE - PINEROLO - stazione FS,,20:05,20:48
Bo3020,TURNO 302 DI BOBBIO,Bobbio,Giovedì,16:10,23:50,000284,PINEROLO - stazione FS - TO - Mirafiori c.so Tazzoli,,20:50,21:40
Bo3020,TURNO 302 DI BOBBIO,Bobbio,Giovedì,16:10,23:50,000284,TO - Mirafiori c.so Tazzoli - PINEROLO - Fronte Stazione FS,,22:15,23:05
Bo3020,TURNO 302 DI BOBBIO,Bobbio,Giovedì,16:10,23:50,000284,PINEROLO - Fronte Stazione FS - BOBBIO PELLICE,,23:07,23:40
Bo3030,TURNO 303 DI BOBBIO,Bobbio,Giovedì,05:30,17:31,000279,BOBBIO PELLICE - TORRE PELLICE,,05:40,06:00
Bo3030,TURNO 303 DI BOBBIO,Bobbio,Giovedì,05:30,17:31,000279,TORRE PELLICE - BOBBIO PELLICE,,06:35,06:53
Bo3030,TURNO 303 DI BOBBIO,Bobbio,Giovedì,05:30,17:31,000279,BOBBIO PELLICE - Pinerolo Centro Studi (C.Torino/Rochis),,07:00,07:51
Bo3030,TURNO 303 DI BOBBIO,Bobbio,Giovedì,05:30,17:31,000284,PINEROLO - Fronte Stazione FS - TORRE PELLICE,,08:15,08:46
Bo3030,TURNO 303 DI BOBBIO,Bobbio,Giovedì,05:30,17:31,000279,TORRE PELLICE - BOBBIO PELLICE,,08:46,09:00
Bo3030,TURNO 303 DI BOBBIO,Bobbio,Giovedì,05:30,17:31,000279,BOBBIO PELLICE - TORRE PELLICE,,13:15,13:30
Bo3030,TURNO 303 DI BOBBIO,Bobbio,Giovedì,05:30,17:31,000901,TORRE PELLICE - PINEROLO - movicentro,,14:10,14:45
Bo3030,TURNO 303 DI BOBBIO,Bobbio,Giovedì,05:30,17:31,000901,PINEROLO - movicentro - TORRE PELLICE,,14:50,15:25
Bo3030,TURNO 303 DI BOBBIO,Bobbio,Giovedì,05:30,17:31,000901,TORRE PELLICE - PINEROLO - movicentro,,15:35,16:10
Bo3030,TURNO 303 DI BOBBIO,Bobbio,Giovedì,05:30,17:31,000279,TORRE PELLICE - BOBBIO PELLICE,,16:25,16:42
Bo3030,TURNO 303 DI BOBBIO,Bobbio,Giovedì,05:30,17:31,000279,BOBBIO PELLICE - TORRE PELLICE,,16:47,17:04
Bo3030,TURNO 303 DI BOBBIO,Bobbio,Giovedì,05:30,17:31,000279,TORRE PELLICE - BOBBIO PELLICE,,17:05,17:21
Ca0020,CASELLE-TORINO-CASELLE,Caselle,Giovedì,13:45,19:57,000268,CASELLE Aeroporto - TO - piazza Carlo Felice,,14:00,14:45
Ca0020,CASELLE-TORINO-CASELLE,Caselle,Giovedì,13:45,19:57,000268,TO - piazza Carlo Felice - CASELLE Aeroporto,,15:00,15:37
Ca0020,CASELLE-TORINO-CASELLE,Caselle,Giovedì,13:45,19:57,000268,CASELLE Aeroporto - TO - piazza Carlo Felice,,16:00,16:45
Ca0020,CASELLE-TORINO-CASELLE,Caselle,Giovedì,13:45,19:57,000268,TO - piazza Carlo Felice - CASELLE Aeroporto,,17:00,17:37
Ca0020,CASELLE-TORINO-CASELLE,Caselle,Giovedì,13:45,19:57,000268,CASELLE Aeroporto - TO - piazza Carlo Felice,,18:00,18:45
Ca0020,CASELLE-TORINO-CASELLE,Caselle,Giovedì,13:45,19:57,000268,TO - piazza Carlo Felice - CASELLE Aeroporto,,19:00,19:45
Ca0030,CASELLE-TORINO-CASELLE,Caselle,Giovedì,06:34,14:45,000268,CASELLE Aeroporto - TO - piazza Carlo Felice,,06:45,07:30
Ca0030,CASELLE-TORINO-CASELLE,Caselle,Giovedì,06:34,14:45,000268,TO - piazza Carlo Felice - CASELLE Aeroporto,,07:45,08:30
Ca0030,CASELLE-TORINO-CASELLE,Caselle,Giovedì,06:34,14:45,000268,CASELLE Aeroporto - TO - piazza Carlo Felice,,08:45,09:24
Ca0030,CASELLE-TORINO-CASELLE,Caselle,Giovedì,06:34,14:45,000268,TO - piazza Carlo Felice - CASELLE Aeroporto,,11:45,12:30
Ca0030,CASELLE-TORINO-CASELLE,Caselle,Giovedì,06:34,14:45,000268,CASELLE Aeroporto - TO - piazza Carlo Felice,,12:45,13:24
Ca0030,CASELLE-TORINO-CASELLE,Caselle,Giovedì,06:34,14:45,000268,TO - piazza Carlo Felice - CASELLE Aeroporto,,13:45,14:30
Ca0040,CASELLE-TORINO-CASELLE,Caselle,Giovedì,14:30,20:49,000268,CASELLE Aeroporto - TO - piazza Carlo Felice,,14:45,15:24
Ca0040,CASELLE-TORINO-CASELLE,Caselle,Giovedì,14:30,20:49,000268,TO - piazza Carlo Felice - CASELLE Aeroporto,,15:45,16:30
Ca0040,CASELLE-TORINO-CASELLE,Caselle,Giovedì,14:30,20:49,000268,CASELLE Aeroporto - TO - piazza Carlo Felice,,16:45,17:24
Ca0040,CASELLE-TORINO-CASELLE,Caselle,Giovedì,14:30,20:49,000268,TO - piazza Carlo Felice - CASELLE Aeroporto,,17:45,18:30
Ca0040,CASELLE-TORINO-CASELLE,Caselle,Giovedì,14:30,20:49,000268,CASELLE Aeroporto - TO - piazza Carlo Felice,,19:00,19:45
Ca0040,CASELLE-TORINO-CASELLE,Caselle,Giovedì,14:30,20:49,000268,TO - piazza Carlo Felice - CASELLE Aeroporto,,20:00,20:37
Ca0060,CASELLE-TORINO-CASELLE,Caselle,Giovedì,06:54,15:15,000268,CASELLE Aeroporto - TO - piazza Carlo Felice,,07:05,07:50
Ca0060,CASELLE-TORINO-CASELLE,Caselle,Giovedì,06:54,15:15,000268,TO - piazza Carlo Felice - CASELLE Aeroporto,,08:15,09:00
Ca0060,CASELLE-TORINO-CASELLE,Caselle,Giovedì,06:54,15:15,000268,CASELLE Aeroporto - TO - piazza Carlo Felice,,09:15,09:54
Ca0060,CASELLE-TORINO-CASELLE,Caselle,Giovedì,06:54,15:15,000268,TO - piazza Carlo Felice - CASELLE Aeroporto,,10:15,11:00
Ca0060,CASELLE-TORINO-CASELLE,Caselle,Giovedì,06:54,15:15,000268,CASELLE Aeroporto - TO - piazza Carlo Felice,,11:15,11:54
Ca0060,CASELLE-TORINO-CASELLE,Caselle,Giovedì,06:54,15:15,000268,TO - piazza Carlo Felice - CASELLE Aeroporto,,14:15,15:00
Ca0070,CASELLE-TORINO-CASELLE,Caselle,Giovedì,17:04,00:27,000268,CASELLE Aeroporto - TO - piazza Carlo Felice,,17:15,17:54
Ca0070,CASELLE-TORINO-CASELLE,Caselle,Giovedì,17:04,00:27,000268,TO - piazza Carlo Felice - CASELLE Aeroporto,,18:15,19:00
Ca0070,CASELLE-TORINO-CASELLE,Caselle,Giovedì,17:04,00:27,000268,CASELLE Aeroporto - TO - piazza Carlo Felice,,19:20,19:59
Ca0070,CASELLE-TORINO-CASELLE,Caselle,Giovedì,17:04,00:27,000268,TO - piazza Carlo Felice - CASELLE Aeroporto,,20:30,21:15
Ca0070,CASELLE-TORINO-CASELLE,Caselle,Giovedì,17:04,00:27,000268,CASELLE Aeroporto - TO - piazza Carlo Felice,,22:30,23:15
Ca0070,CASELLE-TORINO-CASELLE,Caselle,Giovedì,17:04,00:27,000268,TO - piazza Carlo Felice - CASELLE Aeroporto,,23:30,00:15
Ca0080,CASELLE-TORINO-CASELLE,Caselle,Giovedì,07:24,13:42,000268,CASELLE T.SE- str.Aeroporto 23 - TO - piazza Carlo Felice,,07:38,08:20
Ca0080,CASELLE-TORINO-CASELLE,Caselle,Giovedì,07:24,13:42,000268,TO - piazza Carlo Felice - CASELLE Aeroporto,,08:45,09:30
Ca0080,CASELLE-TORINO-CASELLE,Caselle,Giovedì,07:24,13:42,000268,CASELLE Aeroporto - TO - piazza Carlo Felice,,09:45,10:24
Ca0080,CASELLE-TORINO-CASELLE,Caselle,Giovedì,07:24,13:42,000268,TO - piazza Carlo Felice - CASELLE Aeroporto,,10:45,11:30
Ca0080,CASELLE-TORINO-CASELLE,Caselle,Giovedì,07:24,13:42,000268,CASELLE Aeroporto - TO - piazza Carlo Felice,,11:45,12:24
Ca0080,CASELLE-TORINO-CASELLE,Caselle,Giovedì,07:24,13:42,000268,TO - piazza Carlo Felice - CASELLE Aeroporto,,12:45,13:30
Ca0090,CASELLE-TORINO-CASELLE,Caselle,Giovedì,15:04,22:49,000268,CASELLE Aeroporto - TO - piazza Carlo Felice,,15:15,15:54
Ca0090,CASELLE-TORINO-CASELLE,Caselle,Giovedì,15:04,22:49,000268,TO - piazza Carlo Felice - CASELLE Aeroporto,,16:30,17:07
Ca0090,CASELLE-TORINO-CASELLE,Caselle,Giovedì,15:04,22:49,000268,CASELLE Aeroporto - TO - piazza Carlo Felice,,18:45,19:24
Ca0090,CASELLE-TORINO-CASELLE,Caselle,Giovedì,15:04,22:49,000268,TO - piazza Carlo Felice - CASELLE Aeroporto,,19:40,20:25
Ca0090,CASELLE-TORINO-CASELLE,Caselle,Giovedì,15:04,22:49,000268,CASELLE Aeroporto - TO - piazza Carlo Felice,,21:00,21:39
Ca0090,CASELLE-TORINO-CASELLE,Caselle,Giovedì,15:04,22:49,000268,TO - piazza Carlo Felice - CASELLE Aeroporto,,22:00,22:37
FT2710,TORINO-CASELLE-TORINO,Torino,Giovedì,14:05,17:04,000268,TO - piazza Carlo Felice - CASELLE Aeroporto,,14:45,15:30
FT2710,TORINO-CASELLE-TORINO,Torino,Giovedì,14:05,17:04,000268,CASELLE Aeroporto - TO - piazza Carlo Felice,,15:45,16:24
Iv0010,CAREMA-TORINO,Carema,Giovedì,04:20,09:22,000904,IVREA - Stazione FS est - CHIVASSO - Staz. FS Movicentro,,04:40,05:35
Iv0010,CAREMA-TORINO,Carema,Giovedì,04:20,09:22,000904,CHIVASSO - Staz. FS Movicentro - IVREA - Stazione FS int,,05:40,06:34
Iv0010,CAREMA-TORINO,Carema,Giovedì,04:20,09:22,000002,IVREA - Stazione FS int - STRAMBINO - c.so Torino,,06:45,08:00
Iv0020,IVREA-TORINO,Ivrea,Giovedì,03:45,12:05,000265,IVREA - Porta Vercelli - CHIVASSO - p.le Alfa-Lancia,,04:05,04:49
Iv0020,IVREA-TORINO,Ivrea,Giovedì,03:45,12:05,000265,CHIVASSO - p.le Alfa-Lancia - TO-Settembrini-Mirafiori FCA,,04:51,05:35
Iv0020,IVREA-TORINO,Ivrea,Giovedì,03:45,12:05,000265,TO-p.za Cattaneo-Mirafiori FCA - CHIVASSO - p.le Alfa-Lancia,,06:10,06:59
Iv0020,IVREA-TORINO,Ivrea,Giovedì,03:45,12:05,000265,CHIVASSO - p.le Alfa-Lancia - IVREA - Porta Aosta,,07:01,07:52
Iv0020,IVREA-TORINO,Ivrea,Giovedì,03:45,12:05,000265,IVREA - Stazione FS est - CHIVASSO - Staz. FS Movicentro,,09:30,10:30
Iv0020,IVREA-TORINO,Ivrea,Giovedì,03:45,12:05,000265,CHIVASSO - Staz. FS Movicentro - IVREA - Stazione FS int,,10:45,11:45
Iv0030,IVREA-TORINO,Ivrea,Giovedì,11:40,20:38,000265,IVREA - Porta Vercelli - CHIVASSO - p.le Alfa-Lancia,,12:00,12:44
Iv0030,IVREA-TORINO,Ivrea,Giovedì,11:40,20:38,000265,CHIVASSO - p.le Alfa-Lancia - TO-Settembrini-Mirafiori FCA,,12:46,13:34
Iv0030,IVREA-TORINO,Ivrea,Giovedì,11:40,20:38,000265,TO-p.za Cattaneo-Mirafiori FCA - CHIVASSO - p.le Alfa-Lancia,,14:10,15:04
Iv0030,IVREA-TORINO,Ivrea,Giovedì,11:40,20:38,000265,CHIVASSO - p.le Alfa-Lancia - IVREA - Porta Aosta,,15:06,15:55
Iv0030,IVREA-TORINO,Ivrea,Giovedì,11:40,20:38,000265,IVREA - Porta Vercelli - CHIVASSO - Staz. FS Movicentro,,17:20,18:18
Iv0030,IVREA-TORINO,Ivrea,Giovedì,11:40,20:38,000002,STRAMBINO - c.so Torino 45 - IVREA - Stazione FS est,,19:00,20:18
Iv0040,Farmitalia/IVREA-AOSTA,Farmitalia/Ivrea,Giovedì,13:51,00:06,000265,CHIVASSO - Staz. FS Movicentro - IVREA - Porta Vercelli,,14:43,15:37
Iv0040,Farmitalia/IVREA-AOSTA,Farmitalia/Ivrea,Giovedì,13:51,00:06,000265,IVREA - Porta Vercelli - STRAMBINO - c.so Torino,,16:39,16:59
Iv0040,Farmitalia/IVREA-AOSTA,Farmitalia/Ivrea,Giovedì,13:51,00:06,000265,STRAMBINO - c.so Torino 45 - TORINO - Autostazione c.so Bolzano,,17:01,17:56
Iv0040,Farmitalia/IVREA-AOSTA,Farmitalia/Ivrea,Giovedì,13:51,00:06,000265,TORINO - Autostazione c.so Bolzano - IVREA - loc Banchette,,18:06,19:07
Iv0040,Farmitalia/IVREA-AOSTA,Farmitalia/Ivrea,Giovedì,13:51,00:06,000265,IVREA - loc Banchette - IVREA - Porta Vercelli,,19:09,19:14
Iv0040,Farmitalia/IVREA-AOSTA,Farmitalia/Ivrea,Giovedì,13:51,00:06,000265,IVREA - Porta Vercelli - CHIVASSO - p.le Alfa-Lancia,,20:15,20:54
Iv0040,Farmitalia/IVREA-AOSTA,Farmitalia/Ivrea,Giovedì,13:51,00:06,000265,CHIVASSO - p.le Alfa-Lancia - TO-Settembrini-Mirafiori FCA,,20:56,21:45
Iv0040,Farmitalia/IVREA-AOSTA,Farmitalia/Ivrea,Giovedì,13:51,00:06,000265,TO-p.za Cattaneo-Mirafiori FCA - CHIVASSO - p.le Alfa-Lancia,,22:10,22:59
Iv0040,Farmitalia/IVREA-AOSTA,Farmitalia/Ivrea,Giovedì,13:51,00:06,000265,CHIVASSO - p.le Alfa-Lancia - IVREA - Porta Aosta,,23:01,23:44
Lu0010,TURNO 10 DI LUSERNA S.G.,Turno 10 Di Luserna S.G.,Giovedì,07:20,18:40,000901,TORRE PELLICE - PINEROLO - movicentro,,07:35,08:10
Lu0010,TURNO 10 DI LUSERNA S.G.,Turno 10 Di Luserna S.G.,Giovedì,07:20,18:40,000284,PINEROLO - Piazza Cavour - TORRE PELLICE,,08:15,08:40
Lu0010,TURNO 10 DI LUSERNA S.G.,Turno 10 Di Luserna S.G.,Giovedì,07:20,18:40,000901,TORRE PELLICE - PINEROLO - movicentro,,13:35,14:10
Lu0010,TURNO 10 DI LUSERNA S.G.,Turno 10 Di Luserna S.G.,Giovedì,07:20,18:40,000277,AIRASCA - stabilimento SKF - TO - Via Napione - Corso Regina Margheri,,14:30,15:48
Lu0010,TURNO 10 DI LUSERNA S.G.,Turno 10 Di Luserna S.G.,Giovedì,07:20,18:40,000119,TO - Via Napione - Corso Regina Margheri - TO - Corso Vercelli,,15:48,16:10
Lu0010,TURNO 10 DI LUSERNA S.G.,Turno 10 Di Luserna S.G.,Giovedì,07:20,18:40,000282,TORINO - Autostazione c.so Bolzano - PINEROLO - movicentro,,16:33,17:44
Lu0010,TURNO 10 DI LUSERNA S.G.,Turno 10 Di Luserna S.G.,Giovedì,07:20,18:40,000901,PINEROLO - movicentro - TORRE PELLICE,,17:50,18:25
Lu0020,TURNO 20 DI LUSERNA S.G.,Turno 20 Di Luserna S.G.,Giovedì,04:40,15:09,000284,TORRE PELLICE - Bivio Bima,,04:55,05:15
Lu0020,TURNO 20 DI LUSERNA S.G.,Turno 20 Di Luserna S.G.,Giovedì,04:40,15:09,000275,Bivio Bima - Villar Perosa - Stabilimento TEKFOR A,,05:15,05:35
Lu0020,TURNO 20 DI LUSERNA S.G.,Turno 20 Di Luserna S.G.,Giovedì,04:40,15:09,000275,Villar Perosa Stabilimento SKF - Pinerolo Bivio Sede SAPAV,,06:05,06:34
Lu0020,TURNO 20 DI LUSERNA S.G.,Turno 20 Di Luserna S.G.,Giovedì,04:40,15:09,000284,PINEROLO - stazione FS - Luserna Bivio Pralafera,,07:05,07:30
Lu0020,TURNO 20 DI LUSERNA S.G.,Turno 20 Di Luserna S.G.,Giovedì,04:40,15:09,000279,TORRE PELLICE - BOBBIO PELLICE,,08:05,08:19
Lu0020,TURNO 20 DI LUSERNA S.G.,Turno 20 Di Luserna S.G.,Giovedì,04:40,15:09,000279,TORRE PELLICE - BOBBIO PELLICE,,12:30,12:50
Lu0020,TURNO 20 DI LUSERNA S.G.,Turno 20 Di Luserna S.G.,Giovedì,04:40,15:09,000284,TORRE PELLICE - Bivio Bima,,13:05,13:25
Lu0020,TURNO 20 DI LUSERNA S.G.,Turno 20 Di Luserna S.G.,Giovedì,04:40,15:09,000275,Bivio Bima - Villar Perosa Stabilimento SKF,,13:25,13:45
Lu0020,TURNO 20 DI LUSERNA S.G.,Turno 20 Di Luserna S.G.,Giovedì,04:40,15:09,000275,Villar Perosa Stabilimento SKF - SAN SECONDO bivio BIMA,,14:15,14:35
Lu0020,TURNO 20 DI LUSERNA S.G.,Turno 20 Di Luserna S.G.,Giovedì,04:40,15:09,000284,SAN SECONDO bivio BIMA - TORRE PELLICE,,14:35,14:54
Lu0030,TURNO 30 DI LUSERNA S.G.,Turno 30 Di Luserna S.G.,Giovedì,04:55,15:30,000284,SEGGIOVIA VANDALINO - AIRASCA - stabilimento SKF,,05:10,05:55
Lu0030,TURNO 30 DI LUSERNA S.G.,Turno 30 Di Luserna S.G.,Giovedì,04:55,15:30,000284,AIRASCA - stabilimento SKF - SEGGIOVIA VANDALINO,,06:30,07:09
Lu0030,TURNO 30 DI LUSERNA S.G.,Turno 30 Di Luserna S.G.,Giovedì,04:55,15:30,000279,BOBBIO PELLICE - TORRE PELLICE,,07:40,08:00
Lu0030,TURNO 30 DI LUSERNA S.G.,Turno 30 Di Luserna S.G.,Giovedì,04:55,15:30,000279,BOBBIO PELLICE - TORRE PELLICE,,08:15,08:30
Lu0030,TURNO 30 DI LUSERNA S.G.,Turno 30 Di Luserna S.G.,Giovedì,04:55,15:30,000284,SEGGIOVIA VANDALINO - AIRASCA - stabilimento SKF,,13:10,13:55
Lu0030,TURNO 30 DI LUSERNA S.G.,Turno 30 Di Luserna S.G.,Giovedì,04:55,15:30,000284,AIRASCA - stabilimento SKF - SEGGIOVIA VANDALINO,,14:30,15:15
Lu0040,TURNO 40 DI LUSERNA S.G.,Turno 40 Di Luserna S.G.,Giovedì,04:45,15:50,000279,BOBBIO PELLICE - TORRE PELLICE,,05:20,05:34
Lu0040,TURNO 40 DI LUSERNA S.G.,Turno 40 Di Luserna S.G.,Giovedì,04:45,15:50,000279,TORRE PELLICE - BOBBIO PELLICE,,05:40,06:00
Lu0040,TURNO 40 DI LUSERNA S.G.,Turno 40 Di Luserna S.G.,Giovedì,04:45,15:50,000279,BOBBIO PELLICE - TORRE PELLICE,,06:20,06:34
Lu0040,TURNO 40 DI LUSERNA S.G.,Turno 40 Di Luserna S.G.,Giovedì,04:45,15:50,000284,TORRE P. - Lombardini/Volta - Volvera - FCA-MOPAR (Via Aldo Moro),,06:40,07:35
Lu0040,TURNO 40 DI LUSERNA S.G.,Turno 40 Di Luserna S.G.,Giovedì,04:45,15:50,000275,Volvera-str Piossasco - PINEROLO - movicentro,,08:12,08:42
Lu0040,TURNO 40 DI LUSERNA S.G.,Turno 40 Di Luserna S.G.,Giovedì,04:45,15:50,000901,PINEROLO - movicentro - TORRE PELLICE,,08:50,09:25
Lu0040,TURNO 40 DI LUSERNA S.G.,Turno 40 Di Luserna S.G.,Giovedì,04:45,15:50,000901,TORRE P. - Lombardini/Volta - None Via Pinerolo,,12:25,13:30
Lu0040,TURNO 40 DI LUSERNA S.G.,Turno 40 Di Luserna S.G.,Giovedì,04:45,15:50,000284,None Via Pinerolo - SEGGIOVIA VANDALINO,,14:25,15:35
Lu0050,TURNO 50 DI LUSERNA S.G.,Turno 50 Di Luserna S.G.,Giovedì,12:36,23:57,000282,PINEROLO-stabilimento TN ITALY - TORINO - Autostazione c.so Bolzano,,13:31,14:37
Lu0050,TURNO 50 DI LUSERNA S.G.,Turno 50 Di Luserna S.G.,Giovedì,12:36,23:57,000284,TORINO - Autostazione c.so Bolzano - PINEROLO - Fronte Stazione FS,,16:15,17:21
Lu0050,TURNO 50 DI LUSERNA S.G.,Turno 50 Di Luserna S.G.,Giovedì,12:36,23:57,000284,PINEROLO - Fronte Stazione FS - TORRE PELLICE,,17:23,17:53
Lu0050,TURNO 50 DI LUSERNA S.G.,Turno 50 Di Luserna S.G.,Giovedì,12:36,23:57,000279,TORRE PELLICE - BOBBIO PELLICE,,18:00,18:16
Lu0050,TURNO 50 DI LUSERNA S.G.,Turno 50 Di Luserna S.G.,Giovedì,12:36,23:57,000279,BOBBIO PELLICE - TORRE PELLICE,,19:11,19:30
Lu0050,TURNO 50 DI LUSERNA S.G.,Turno 50 Di Luserna S.G.,Giovedì,12:36,23:57,000284,PINEROLO - Piazza Cavour - None Via Pinerolo,,21:25,21:58
Lu0050,TURNO 50 DI LUSERNA S.G.,Turno 50 Di Luserna S.G.,Giovedì,12:36,23:57,000284,None Via Pinerolo - SEGGIOVIA VANDALINO,,22:25,23:22
Lu0080,TURNO 80 DI LUSERNA S.G.,Turno 80 Di Luserna S.G.,Giovedì,05:55,14:15,000284,TORRE PELLICE - PINEROLO - movicentro,,06:10,06:41
Lu0080,TURNO 80 DI LUSERNA S.G.,Turno 80 Di Luserna S.G.,Giovedì,05:55,14:15,000284,PINEROLO - movicentro - TORINO - Autostazione c.so Bolzano,,06:43,07:50
Lu0080,TURNO 80 DI LUSERNA S.G.,Turno 80 Di Luserna S.G.,Giovedì,05:55,14:15,000275,TORINO - Autostazione c.so Bolzano - PINEROLO - movicentro,,08:41,09:44
Lu0080,TURNO 80 DI LUSERNA S.G.,Turno 80 Di Luserna S.G.,Giovedì,05:55,14:15,000901,PINEROLO - movicentro - TORRE PELLICE,,09:50,10:25
Lu0080,TURNO 80 DI LUSERNA S.G.,Turno 80 Di Luserna S.G.,Giovedì,05:55,14:15,000279,PINEROLO Centro Studi - BOBBIO PELLICE,,12:50,13:40
Pb0020,PIOBESI-TORINO,Piobesi,Giovedì,04:39,13:06,000267,PIOBESI T.SE-v.Torino 41-Capol - TO - Via De Cristoforis (Capolinea),,04:49,05:45
Pb0020,PIOBESI-TORINO,Piobesi,Giovedì,04:39,13:06,000267,TO - Via De Cristoforis (Capolinea) - PIOBESI T.SE-v.Torino 41-Capol,,06:10,06:56
Pb0020,PIOBESI-TORINO,Piobesi,Giovedì,04:39,13:06,000267,PIOBESI T.SE-v.Torino 41-Capol - TO - Via De Cristoforis (Capolinea),,07:09,08:05
Pb0020,PIOBESI-TORINO,Piobesi,Giovedì,04:39,13:06,000267,TO - Via De Cristoforis (Capolinea) - PIOBESI T.SE-v.Torino 41-Capol,,09:00,09:51
Pb0020,PIOBESI-TORINO,Piobesi,Giovedì,04:39,13:06,000267,PIOBESI T.SE-v.Torino 41-Capol - TO - Via De Cristoforis (Capolinea),,10:29,11:20
Pb0020,PIOBESI-TORINO,Piobesi,Giovedì,04:39,13:06,000267,TO - Via De Cristoforis (Capolinea) - PIOBESI T.SE-v.Torino 41-Capol,,12:05,12:56
Pb0030,PIOBESI-TORINO,Piobesi,Giovedì,05:29,14:20,000267,PIOBESI T.SE-v.Torino 41-Capol - TO - Via De Cristoforis (Capolinea),,05:39,06:25
Pb0030,PIOBESI-TORINO,Piobesi,Giovedì,05:29,14:20,000267,TO - Via De Cristoforis (Capolinea) - PIOBESI T.SE-v.Torino 41-Capol,,06:30,07:21
Pb0030,PIOBESI-TORINO,Piobesi,Giovedì,05:29,14:20,000267,PIOBESI T.SE-v.Torino 41-Capol - TO - Via De Cristoforis (Capolinea),,07:29,08:25
Pb0030,PIOBESI-TORINO,Piobesi,Giovedì,05:29,14:20,000267,TO - Via De Cristoforis (Capolinea) - PIOBESI T.SE-v.Torino 41-Capol,,09:30,10:21
Pb0030,PIOBESI-TORINO,Piobesi,Giovedì,05:29,14:20,000267,PIOBESI T.SE-v.Torino 41-Capol - TO - Via De Cristoforis (Capolinea),,11:29,12:20
Pb0030,PIOBESI-TORINO,Piobesi,Giovedì,05:29,14:20,000267,TO - Via De Cristoforis (Capolinea) - PIOBESI T.SE-v.Torino 41-Capol,,13:20,14:10
Pb0040,PIOBESI-TORINO,Piobesi,Giovedì,06:24,15:36,000267,PIOBESI T.SE-v.Torino 41-Capol - TO - Via De Cristoforis (Capolinea),,06:34,07:25
Pb0040,PIOBESI-TORINO,Piobesi,Giovedì,06:24,15:36,000267,TO - Via De Cristoforis (Capolinea) - PIOBESI T.SE-v.Torino 41-Capol,,07:30,08:21
Pb0040,PIOBESI-TORINO,Piobesi,Giovedì,06:24,15:36,000267,PIOBESI T.SE-v.Torino 41-Capol - TORINO - Cso Unione Sovietica,,09:04,09:32
Pb0040,PIOBESI-TORINO,Piobesi,Giovedì,06:24,15:36,000267,TO - Via De Cristoforis (Capolinea) - PIOBESI T.SE-v.Torino 41-Capol,,11:00,11:51
Pb0040,PIOBESI-TORINO,Piobesi,Giovedì,06:24,15:36,000267,PIOBESI T.SE-v.Torino 41-Capol - TO - Via De Cristoforis (Capolinea),,13:34,14:25
Pb0040,PIOBESI-TORINO,Piobesi,Giovedì,06:24,15:36,000267,TO - Via De Cristoforis (Capolinea) - PIOBESI T.SE-v.Torino 41-Capol,,14:30,15:26
Pb0050,PIOBESI-TORINO,Piobesi,Giovedì,06:39,17:40,000267,PIOBESI T.SE-v.Torino 41-Capol - TO - Via De Cristoforis (Capolinea),,06:49,07:30
Pb0050,PIOBESI-TORINO,Piobesi,Giovedì,06:39,17:40,000267,TO - Via De Cristoforis (Capolinea) - PIOBESI T.SE-v.Torino 41-Capol,,08:00,08:51
Pb0050,PIOBESI-TORINO,Piobesi,Giovedì,06:39,17:40,000267,PIOBESI T.SE-v.Torino 41-Capol - TO - Via De Cristoforis (Capolinea),,10:04,10:55
Pb0050,PIOBESI-TORINO,Piobesi,Giovedì,06:39,17:40,000267,TORINO - Cso Unione Sovietica fr 409 - PIOBESI T.SE-v.Torino 41-Capol,,13:23,13:51
Pb0050,PIOBESI-TORINO,Piobesi,Giovedì,06:39,17:40,000267,PIOBESI T.SE-v.Torino 41-Capol - TO - Via De Cristoforis (Capolinea),,15:09,16:00
Pb0050,PIOBESI-TORINO,Piobesi,Giovedì,06:39,17:40,000267,TO - Via De Cristoforis (Capolinea) - PIOBESI T.SE-v.Torino 41-Capol,,16:30,17:30
Pb0060,PIOBESI-TORINO,Piobesi,Giovedì,06:49,18:46,000267,PIOBESI T.SE-v.Torino 41-Capol - TO - Via De Cristoforis (Capolinea),,06:59,07:54
Pb0060,PIOBESI-TORINO,Piobesi,Giovedì,06:49,18:46,000267,TO - Via De Cristoforis (Capolinea) - PIOBESI T.SE-v.Torino 41-Capol,,08:30,09:21
Pb0060,PIOBESI-TORINO,Piobesi,Giovedì,06:49,18:46,000267,TORINO - Cso Unione Sovietica fr 409 - PIOBESI T.SE-v.Torino 41-Capol,,14:13,14:41
Pb0060,PIOBESI-TORINO,Piobesi,Giovedì,06:49,18:46,000267,PIOBESI T.SE-v.Torino 41-Capol - TO - Via De Cristoforis (Capolinea),,16:20,17:11
Pb0060,PIOBESI-TORINO,Piobesi,Giovedì,06:49,18:46,000267,TO - Via De Cristoforis (Capolinea) - PIOBESI T.SE-v.Torino 41-Capol,,17:55,18:36
Pb0070,PIOBESI-TORINO,Piobesi,Giovedì,14:19,21:00,000267,PIOBESI T.SE-v.Torino 41-Capol - TO - Via De Cristoforis (Capolinea),,14:29,15:20
Pb0070,PIOBESI-TORINO,Piobesi,Giovedì,14:19,21:00,000267,TO - Via De Cristoforis (Capolinea) - PIOBESI T.SE-v.Torino 41-Capol,,15:30,16:21
Pb0070,PIOBESI-TORINO,Piobesi,Giovedì,14:19,21:00,000267,PIOBESI T.SE-v.Torino 41-Capol - TO - Via De Cristoforis (Capolinea),,16:59,17:50
Pb0070,PIOBESI-TORINO,Piobesi,Giovedì,14:19,21:00,000267,TO - Via De Cristoforis (Capolinea) - PIOBESI T.SE-v.Torino 41-Capol,,18:00,18:56
Pb0070,PIOBESI-TORINO,Piobesi,Giovedì,14:19,21:00,000267,PIOBESI T.SE-v.Torino 41-Capol - TO - Via De Cristoforis (Capolinea),,18:59,19:50
Pb0070,PIOBESI-TORINO,Piobesi,Giovedì,14:19,21:00,000267,TO - Via De Cristoforis (Capolinea) - PIOBESI T.SE-v.Torino 41-Capol,,20:00,20:50
Pb0090,PIOBESI-TORINO,Piobesi,Giovedì,17:19,00:01,000267,PIOBESI T.SE-v.Torino 41-Capol - TO - Via De Cristoforis (Capolinea),,17:29,18:25
Pb0090,PIOBESI-TORINO,Piobesi,Giovedì,17:19,00:01,000267,TO - Via De Cristoforis (Capolinea) - PIOBESI T.SE-v.Torino 41-Capol,,18:30,19:25
Pb0090,PIOBESI-TORINO,Piobesi,Giovedì,17:19,00:01,000267,PIOBESI T.SE-v.Torino 41-Capol - TO - Via De Cristoforis (Capolinea),,20:20,21:05
Pb0090,PIOBESI-TORINO,Piobesi,Giovedì,17:19,00:01,000267,TO - Via De Cristoforis (Capolinea) - PIOBESI T.SE-v.Torino 41-Capol,,21:10,21:56
Pb0090,PIOBESI-TORINO,Piobesi,Giovedì,17:19,00:01,000267,PIOBESI T.SE-v.Torino 41-Capol - TO - Via De Cristoforis (Capolinea),,22:09,22:55
Pb0090,PIOBESI-TORINO,Piobesi,Giovedì,17:19,00:01,000267,TO - Via De Cristoforis (Capolinea) - PIOBESI T.SE-v.Torino 41-Capol,,23:05,23:51
Pb0110,PIOBESI-TORINO,Piobesi,Giovedì,15:34,23:16,000267,PIOBESI T.SE-v.Torino 41-Capol - TO - Via De Cristoforis (Capolinea),,15:44,16:35
Pb0110,PIOBESI-TORINO,Piobesi,Giovedì,15:34,23:16,000267,TO - Via De Cristoforis (Capolinea) - PIOBESI T.SE-v.Torino 41-Capol,,17:15,18:16
Pb0110,PIOBESI-TORINO,Piobesi,Giovedì,15:34,23:16,000267,PIOBESI T.SE-v.Torino 41-Capol - TO - Via De Cristoforis (Capolinea),,18:19,19:10
Pb0110,PIOBESI-TORINO,Piobesi,Giovedì,15:34,23:16,000267,TO - Via De Cristoforis (Capolinea) - PIOBESI T.SE-v.Torino 41-Capol,,19:15,20:10
Pb0110,PIOBESI-TORINO,Piobesi,Giovedì,15:34,23:16,000267,PIOBESI T.SE-v.Torino 41-Capol - TORINO - Cso Unione Sovietica,,20:59,21:32
Pb0110,PIOBESI-TORINO,Piobesi,Giovedì,15:34,23:16,000267,TORINO - Cso Unione Sovietica fr 409 - PIOBESI T.SE-v.Torino 41-Capol,,22:31,23:06
Pb0120,VINOVO-CARIGNANO,Vinovo,Giovedì,05:49,14:41,000267,PIOBESI T.SE-v.Torino 41-Capol - TO - Via De Cristoforis (Capolinea),,05:59,06:45
Pb0120,VINOVO-CARIGNANO,Vinovo,Giovedì,05:49,14:41,000267,TO - Via De Cristoforis (Capolinea) - PIOBESI T.SE-v.Torino 41-Capol,,06:50,07:38
Pb0120,VINOVO-CARIGNANO,Vinovo,Giovedì,05:49,14:41,000267,PIOBESI T.SE-v.Torino 41-Capol - TO - Via De Cristoforis (Capolinea),,07:59,08:45
Pb0120,VINOVO-CARIGNANO,Vinovo,Giovedì,05:49,14:41,000267,TO - Via De Cristoforis (Capolinea) - PIOBESI T.SE-v.Torino 41-Capol,,10:25,11:16
Pb0120,VINOVO-CARIGNANO,Vinovo,Giovedì,05:49,14:41,000267,PIOBESI T.SE-v.Torino 41-Capol - TO - Via De Cristoforis (Capolinea),,12:24,13:15
Pb0120,VINOVO-CARIGNANO,Vinovo,Giovedì,05:49,14:41,000267,TO - Via De Cristoforis (Capolinea) - PIOBESI T.SE-v.Torino 41-Capol,,13:40,14:31
Pe0010,TURNO 201 DI PEROSA,Perosa,Giovedì,13:55,23:30,000282,PEROSA ARG.-Pzza Terzo Alpini - PINEROLO - movicentro,,14:10,14:42
Pe0010,TURNO 201 DI PEROSA,Perosa,Giovedì,13:55,23:30,000282,PINEROLO - movicentro - TORINO - Autostazione c.so Bolzano,,14:46,15:57
Pe0010,TURNO 201 DI PEROSA,Perosa,Giovedì,13:55,23:30,000282,TORINO - Autostazione c.so Bolzano - PINEROLO - movicentro,,18:03,19:14
Pe0010,TURNO 201 DI PEROSA,Perosa,Giovedì,13:55,23:30,000282,PINEROLO - movicentro - PEROSA ARG.-Pzza Terzo Alpini,,20:33,21:05
Pe0010,TURNO 201 DI PEROSA,Perosa,Giovedì,13:55,23:30,000303,PERRERO - PEROSA ARG.-Pzza Terzo Alpini,,21:20,21:35
Pe0010,TURNO 201 DI PEROSA,Perosa,Giovedì,13:55,23:30,000275,PEROSA ARG.-Pzza Terzo Alpini - Villar Perosa Stabilimento SKF,,21:35,21:55
Pe0010,TURNO 201 DI PEROSA,Perosa,Giovedì,13:55,23:30,000275,Villar Perosa Stabilimento SKF - PEROSA ARG.-Pzza Terzo Alpini,,22:25,22:40
Pe0010,TURNO 201 DI PEROSA,Perosa,Giovedì,13:55,23:30,000303,PEROSA ARG.-Pzza Terzo Alpini - PERRERO,,22:45,23:00
Pe0020,TURNO 2O2 DI PEROSA,Perosa,Giovedì,04:05,14:25,000275,FENESTRELLE - Via Nazionale - PEROSA ARG.-Pzza Terzo Alpini,,04:50,05:20
Pe0020,TURNO 2O2 DI PEROSA,Perosa,Giovedì,04:05,14:25,000275,PEROSA ARG.-Pzza Terzo Alpini - Villar Perosa Stabilimento SKF,,05:30,00:10
Pe0020,TURNO 2O2 DI PEROSA,Perosa,Giovedì,04:05,14:25,000275,Villar Perosa Stabilimento SKF - PEROSA ARG.-Pzza Terzo Alpini,,05:35,05:50
Pe0020,TURNO 2O2 DI PEROSA,Perosa,Giovedì,04:05,14:25,000282,PEROSA ARG.-Pzza Terzo Alpini - PINEROLO - movicentro,,05:50,06:22
Pe0020,TURNO 2O2 DI PEROSA,Perosa,Giovedì,04:05,14:25,000282,PINEROLO - movicentro - TORINO - Autostazione c.so Bolzano,,06:26,07:37
Pe0020,TURNO 2O2 DI PEROSA,Perosa,Giovedì,04:05,14:25,000282,TORINO - Autostazione c.so Bolzano - PINEROLO - Piazza Cavour,,08:03,09:20
Pe0020,TURNO 2O2 DI PEROSA,Perosa,Giovedì,04:05,14:25,000282,PINEROLO - Piazza Cavour - PEROSA ARG.-Pzza Terzo Alpini,,09:20,09:50
Pe0020,TURNO 2O2 DI PEROSA,Perosa,Giovedì,04:05,14:25,000275,PEROSA ARG.-Pzza Terzo Alpini - FENESTRELLE - Via Nazionale,,12:50,13:20
Pe0020,TURNO 2O2 DI PEROSA,Perosa,Giovedì,04:05,14:25,000282,FENESTRELLE - Via Nazionale - PEROSA ARG.-Pzza Terzo Alpini,,13:40,14:10
Pe0030,TURNO 203 DI PEROSA,Perosa,Giovedì,06:55,18:30,000275,PEROSA ARG.-Pzza Terzo Alpini - PINEROLO - movicentro,,07:10,07:40
Pe0030,TURNO 203 DI PEROSA,Perosa,Giovedì,06:55,18:30,000275,PINEROLO - movicentro - PEROSA ARG.-Pzza Terzo Alpini,,07:48,08:20
Pe0030,TURNO 203 DI PEROSA,Perosa,Giovedì,06:55,18:30,000275,PEROSA ARG.-Pzza Terzo Alpini - SESTRIERE - parcheggio,,08:20,09:30
Pe0030,TURNO 203 DI PEROSA,Perosa,Giovedì,06:55,18:30,000285,SESTRIERE - parcheggio - OULX - Stazione FS,,09:30,10:15
Pe0030,TURNO 203 DI PEROSA,Perosa,Giovedì,06:55,18:30,000285,OULX - Stazione FS - SESTRIERE - parcheggio,,11:45,12:30
Pe0030,TURNO 203 DI PEROSA,Perosa,Giovedì,06:55,18:30,000275,SESTRIERE - parcheggio - PEROSA ARG.-Pzza Terzo Alpini,,12:30,13:40
Pe0030,TURNO 203 DI PEROSA,Perosa,Giovedì,06:55,18:30,000500,PEROSA ARG.-Pzza Terzo Alpini - DUBBIONE - via Nazionale fr,,14:10,
Pe0030,TURNO 203 DI PEROSA,Perosa,Giovedì,06:55,18:30,000500,DUBBIONE - via Nazionale fr 21 - PEROSA ARG.-Pzza Terzo Alpini,,14:25,
Pe0030,TURNO 203 DI PEROSA,Perosa,Giovedì,06:55,18:30,000275,Villar Perosa Stabilimento SKF - PEROSA ARG.-Pzza Terzo Alpini,,17:00,17:15
Pe0030,TURNO 203 DI PEROSA,Perosa,Giovedì,06:55,18:30,000275,PEROSA ARG.-Pzza Terzo Alpini - FENESTRELLE - Via Nazionale,,17:20,17:44
Pe0030,TURNO 203 DI PEROSA,Perosa,Giovedì,06:55,18:30,000275,FENESTRELLE - Via Nazionale - PEROSA ARG.-Pzza Terzo Alpini,,17:45,18:15
Pe0040,TURNO 204 DI PEROSA,Perosa,Giovedì,04:35,15:15,000282,PEROSA ARG.-Pzza Terzo Alpini - PINEROLO - movicentro,,04:50,05:22
Pe0040,TURNO 204 DI PEROSA,Perosa,Giovedì,04:35,15:15,000282,PINEROLO - movicentro - TORINO - Autostazione c.so Bolzano,,05:26,06:37
Pe0040,TURNO 204 DI PEROSA,Perosa,Giovedì,04:35,15:15,000282,TORINO - Autostazione c.so Bolzano - PINEROLO - Piazza Cavour,,06:53,08:10
Pe0040,TURNO 204 DI PEROSA,Perosa,Giovedì,04:35,15:15,000275,PINEROLO - Piazza Cavour - PEROSA ARG.-Pzza Terzo Alpini,,08:10,08:40
Pe0040,TURNO 204 DI PEROSA,Perosa,Giovedì,04:35,15:15,000500,PEROSA ARG.-Pzza Terzo Alpini - Villar Perosa - p.zza Mercato,,11:40,12:00
Pe0040,TURNO 204 DI PEROSA,Perosa,Giovedì,04:35,15:15,000500,Villar Perosa - p.zza Mercato - PEROSA ARG.-Pzza Terzo Alpini,,12:00,12:20
Pe0040,TURNO 204 DI PEROSA,Perosa,Giovedì,04:35,15:15,000303,PERRERO - PEROSA ARG.-Pzza Terzo Alpini,,13:20,13:35
Pe0040,TURNO 204 DI PEROSA,Perosa,Giovedì,04:35,15:15,000275,PEROSA ARG.-Pzza Terzo Alpini - VIL - Boge,,13:45,00:10
Pe0040,TURNO 204 DI PEROSA,Perosa,Giovedì,04:35,15:15,000275,VIL - Boge - PEROSA ARG.-Pzza Terzo Alpini,,14:10,14:25
Pe0040,TURNO 204 DI PEROSA,Perosa,Giovedì,04:35,15:15,000303,PEROSA ARG.-Pzza Terzo Alpini - PERRERO,,14:30,14:45
Pe0050,TURNO 205 DI PEROSA,Perosa,Giovedì,05:50,17:35,000303,PERRERO - PRALI GHIGO,,06:20,06:50
Pe0050,TURNO 205 DI PEROSA,Perosa,Giovedì,05:50,17:35,000303,PRALI GHIGO - PEROSA ARG.-Pzza Terzo Alpini,,06:50,07:35
Pe0050,TURNO 205 DI PEROSA,Perosa,Giovedì,05:50,17:35,000303,PEROSA ARG.-Pzza Terzo Alpini - PERRERO,,11:25,11:39
Pe0050,TURNO 205 DI PEROSA,Perosa,Giovedì,05:50,17:35,000303,PERRERO - PEROSA ARG.-Pzza Terzo Alpini,,12:20,12:35
Pe0050,TURNO 205 DI PEROSA,Perosa,Giovedì,05:50,17:35,000275,PEROSA ARG.-Pzza Terzo Alpini - PINEROLO - movicentro,,12:40,13:12
Pe0050,TURNO 205 DI PEROSA,Perosa,Giovedì,05:50,17:35,000275,PINEROLO - movicentro - TORINO - Autostazione c.so Bolzano,,13:16,14:19
Pe0050,TURNO 205 DI PEROSA,Perosa,Giovedì,05:50,17:35,000275,TORINO - Autostazione c.so Bolzano - PINEROLO - Piazza Cavour,,15:11,16:20
Pe0050,TURNO 205 DI PEROSA,Perosa,Giovedì,05:50,17:35,000275,PINEROLO - movicentro - PINEROLO - Piazza Cavour,,16:48,16:50
Pe0050,TURNO 205 DI PEROSA,Perosa,Giovedì,05:50,17:35,000275,PINEROLO - Piazza Cavour - PEROSA ARG.-Pzza Terzo Alpini,,16:50,17:20
Pe0070,TURNO 207 DI PEROSA,Perosa,Giovedì,05:25,14:35,000275,PEROSA ARG.-Pzza Terzo Alpini - PINEROLO - movicentro,,05:40,06:12
Pe0070,TURNO 207 DI PEROSA,Perosa,Giovedì,05:25,14:35,000275,PINEROLO - movicentro - TORINO - Autostazione c.so Bolzano,,06:16,07:19
Pe0070,TURNO 207 DI PEROSA,Perosa,Giovedì,05:25,14:35,000275,TORINO - Autostazione c.so Bolzano - PINEROLO - movicentro,,07:41,08:44
Pe0070,TURNO 207 DI PEROSA,Perosa,Giovedì,05:25,14:35,000282,PINEROLO - movicentro - TORINO - Autostazione c.so Bolzano,,09:46,10:57
Pe0070,TURNO 207 DI PEROSA,Perosa,Giovedì,05:25,14:35,000275,TORINO - Autostazione c.so Bolzano - PINEROLO - movicentro,,12:41,13:44
Pe0070,TURNO 207 DI PEROSA,Perosa,Giovedì,05:25,14:35,000275,PINEROLO - movicentro - PEROSA ARG.-Pzza Terzo Alpini,,13:48,14:20
Pe0080,TURNO 208 DI PEROSA,Perosa,Giovedì,16:15,01:05,000282,PINEROLO - movicentro - PEROSA ARG.-Pzza Terzo Alpini,,00:18,00:50
Pe0080,TURNO 208 DI PEROSA,Perosa,Giovedì,16:15,01:05,000275,PEROSA ARG.-Pzza Terzo Alpini - Villar Perosa-Via Nazionale-SP Sestriere,,16:40,00:10
Pe0080,TURNO 208 DI PEROSA,Perosa,Giovedì,16:15,01:05,000275,Villar Perosa - Stabilimento TEKFOR A - Pinerolo Bivio Sede SAPAV,,17:00,17:27
Pe0080,TURNO 208 DI PEROSA,Perosa,Giovedì,16:15,01:05,000278,PINEROLO - Piazza Cavour - CERCENASCO - v. Reg.Margherita,,17:40,18:20
Pe0080,TURNO 208 DI PEROSA,Perosa,Giovedì,16:15,01:05,000278,CERCENASCO - v. Reg.Margherita - PINEROLO - Piazza Cavour,,18:25,19:10
Pe0080,TURNO 208 DI PEROSA,Perosa,Giovedì,16:15,01:05,000282,PINEROLO - movicentro - PEROSA ARG.-Pzza Terzo Alpini,,19:18,19:50
Pe0080,TURNO 208 DI PEROSA,Perosa,Giovedì,16:15,01:05,000282,PEROSA ARG.-Pzza Terzo Alpini - PINEROLO - movicentro,,21:10,21:42
Pe0080,TURNO 208 DI PEROSA,Perosa,Giovedì,16:15,01:05,000282,PINEROLO - movicentro - TORINO - Autostazione c.so Bolzano,,21:46,22:57
Pe0080,TURNO 208 DI PEROSA,Perosa,Giovedì,16:15,01:05,000282,TORINO - Autostazione c.so Bolzano - PINEROLO - movicentro,,23:03,00:14
Pe0090,TURNO 209 DI PEROSA,Perosa,Giovedì,11:55,20:35,000282,PEROSA ARG.-Pzza Terzo Alpini - PINEROLO - Piazza Cavour,,12:10,12:40
Pe0090,TURNO 209 DI PEROSA,Perosa,Giovedì,11:55,20:35,000282,PINEROLO - Piazza Cavour - TORINO - Autostazione c.so Bolzano,,12:40,13:57
Pe0090,TURNO 209 DI PEROSA,Perosa,Giovedì,11:55,20:35,000275,TORINO - Autostazione c.so Bolzano - PINEROLO - Piazza Cavour,,14:41,15:50
Pe0090,TURNO 209 DI PEROSA,Perosa,Giovedì,11:55,20:35,000282,PINEROLO - movicentro - TORINO - Autostazione c.so Bolzano,,17:16,18:40
Pe0090,TURNO 209 DI PEROSA,Perosa,Giovedì,11:55,20:35,000275,TORINO - Autostazione c.so Bolzano - PINEROLO - movicentro,,18:41,19:44
Pe0090,TURNO 209 DI PEROSA,Perosa,Giovedì,11:55,20:35,000275,PINEROLO - movicentro - PEROSA ARG.-Pzza Terzo Alpini,,19:48,20:20
Pe0110,TURNO 211 DI PEROSA,Perosa,Giovedì,14:08,22:05,000275,PINEROLO - movicentro - PER - V. Nazionale 6 (Deposito Ex Sapav),,14:48,15:19
Pe0110,TURNO 211 DI PEROSA,Perosa,Giovedì,14:08,22:05,000275,PER - V. Nazionale 6 (Deposito Ex Sapav) - PEROSA ARG.-Pzza Terzo Alpini,,15:20,00:01
Pe0110,TURNO 211 DI PEROSA,Perosa,Giovedì,14:08,22:05,000275,PEROSA ARG.-Pzza Terzo Alpini - SESTRIERE - parcheggio,,15:20,16:30
Pe0110,TURNO 211 DI PEROSA,Perosa,Giovedì,14:08,22:05,000285,SESTRIERE - parcheggio - OULX - Stazione FS,,17:30,18:20
Pe0110,TURNO 211 DI PEROSA,Perosa,Giovedì,14:08,22:05,000285,OULX - Stazione FS - SESTRIERE - parcheggio,,18:45,19:30
Pe0110,TURNO 211 DI PEROSA,Perosa,Giovedì,14:08,22:05,000275,SESTRIERE - parcheggio - FENESTRELLE - Via Nazionale,,19:30,20:10
Pe0110,TURNO 211 DI PEROSA,Perosa,Giovedì,14:08,22:05,000275,FENESTRELLE - Via Nazionale - PEROSA ARG.-Pzza Terzo Alpini,,20:10,20:40
Pe0110,TURNO 211 DI PEROSA,Perosa,Giovedì,14:08,22:05,000275,PEROSA ARG.-Pzza Terzo Alpini - PINEROLO - movicentro,,20:40,21:12
Pe0110,TURNO 211 DI PEROSA,Perosa,Giovedì,14:08,22:05,000282,PINEROLO - movicentro - PEROSA ARG.-Pzza Terzo Alpini,,21:18,21:50
Pe0120,TURNO 212 DI PEROSA,Perosa,Giovedì,05:05,16:25,000275,PEROSA ARG.-Pzza Terzo Alpini - Villar Perosa Stabilimento SKF,,05:20,05:35
Pe0120,TURNO 212 DI PEROSA,Perosa,Giovedì,05:05,16:25,000275,FENESTRELLE - Via Nazionale - PEROSA ARG.-Pzza Terzo Alpini,,06:10,06:40
Pe0120,TURNO 212 DI PEROSA,Perosa,Giovedì,05:05,16:25,000275,PEROSA ARG.-Pzza Terzo Alpini - PIN - Via Giustetto-Via Polliotti,,06:40,07:03
Pe0120,TURNO 212 DI PEROSA,Perosa,Giovedì,05:05,16:25,000275,PIN - Via Giustetto-Via Polliotti - TORINO - Autostazione c.so Bolzano,,07:05,08:08
Pe0120,TURNO 212 DI PEROSA,Perosa,Giovedì,05:05,16:25,000282,TORINO - Autostazione c.so Bolzano - PINEROLO - movicentro,,09:03,10:14
Pe0120,TURNO 212 DI PEROSA,Perosa,Giovedì,05:05,16:25,000282,PINEROLO - movicentro - PEROSA ARG.-Pzza Terzo Alpini,,10:18,10:50
Pe0120,TURNO 212 DI PEROSA,Perosa,Giovedì,05:05,16:25,000303,PEROSA ARG.-Pzza Terzo Alpini - PRALI GHIGO,,13:25,14:03
Pe0120,TURNO 212 DI PEROSA,Perosa,Giovedì,05:05,16:25,000303,PRALI GHIGO - PEROSA ARG.-Pzza Terzo Alpini,,14:10,14:55
Pe0120,TURNO 212 DI PEROSA,Perosa,Giovedì,05:05,16:25,000303,PEROSA ARG.-Pzza Terzo Alpini - PERRERO,,15:40,15:55
Pe0130,TURNO 213 DI PEROSA,Perosa,Giovedì,15:25,00:05,000275,PEROSA ARG.-Pzza Terzo Alpini - PINEROLO - movicentro,,15:40,16:12
Pe0130,TURNO 213 DI PEROSA,Perosa,Giovedì,15:25,00:05,000275,PINEROLO - movicentro - TORINO - Autostazione c.so Bolzano,,16:16,17:19
Pe0130,TURNO 213 DI PEROSA,Perosa,Giovedì,15:25,00:05,000275,TORINO - Autostazione c.so Bolzano - PIN - Via Giustetto-Via Polliotti,,17:30,18:34
Pe0130,TURNO 213 DI PEROSA,Perosa,Giovedì,15:25,00:05,000275,PIN - Via Giustetto-Via Polliotti - PEROSA ARG.-Pzza Terzo Alpini,,18:36,18:56
Pe0130,TURNO 213 DI PEROSA,Perosa,Giovedì,15:25,00:05,000282,PEROSA ARG.-Pzza Terzo Alpini - PINEROLO - Piazza Cavour,,20:10,20:40
Pe0130,TURNO 213 DI PEROSA,Perosa,Giovedì,15:25,00:05,000282,PINEROLO - Piazza Cavour - TORINO - Autostazione c.so Bolzano,,20:40,21:57
Pe0130,TURNO 213 DI PEROSA,Perosa,Giovedì,15:25,00:05,000282,TORINO - Autostazione c.so Bolzano - PINEROLO - Piazza Cavour,,22:03,23:20
Pe0130,TURNO 213 DI PEROSA,Perosa,Giovedì,15:25,00:05,000282,PINEROLO - Piazza Cavour - PEROSA ARG.-Pzza Terzo Alpini,,23:20,23:50
Pe0140,TURNO 214 DI PEROSA,Perosa,Giovedì,06:35,18:05,000275,PEROSA ARG.-Pzza Terzo Alpini - FENESTRELLE - Via Nazionale,,06:50,07:20
Pe0140,TURNO 214 DI PEROSA,Perosa,Giovedì,06:35,18:05,000282,FENESTRELLE - Via Nazionale - PINEROLO - movicentro,,07:40,08:42
Pe0140,TURNO 214 DI PEROSA,Perosa,Giovedì,06:35,18:05,000275,PINEROLO - movicentro - PEROSA ARG.-Pzza Terzo Alpini,,08:48,09:20
Pe0140,TURNO 214 DI PEROSA,Perosa,Giovedì,06:35,18:05,000275,PEROSA ARG.-Pzza Terzo Alpini - PINEROLO - Piazza Cavour,,13:40,14:10
Pe0140,TURNO 214 DI PEROSA,Perosa,Giovedì,06:35,18:05,000275,PINEROLO - Piazza Cavour - TORINO - Autostazione c.so Bolzano,,14:10,15:19
Pe0140,TURNO 214 DI PEROSA,Perosa,Giovedì,06:35,18:05,000282,TORINO - Autostazione c.so Bolzano - PINEROLO - Piazza Cavour,,16:03,17:20
Pe0140,TURNO 214 DI PEROSA,Perosa,Giovedì,06:35,18:05,000275,PINEROLO - Piazza Cavour - PEROSA ARG.-Pzza Terzo Alpini,,17:20,17:50
Pe0150,TURNO 215 DI PEROSA,Perosa,Giovedì,04:40,15:05,000303,PERRERO - PEROSA ARG.-Pzza Terzo Alpini,,05:10,05:25
Pe0150,TURNO 215 DI PEROSA,Perosa,Giovedì,04:40,15:05,000275,PEROSA ARG.-Pzza Terzo Alpini - VIL - Boge,,05:25,05:40
Pe0150,TURNO 215 DI PEROSA,Perosa,Giovedì,04:40,15:05,000275,Villar Perosa Stabilimento SKF - SAN SECONDO bivio BIMA,,06:05,06:25
Pe0150,TURNO 215 DI PEROSA,Perosa,Giovedì,04:40,15:05,000284,SAN SECONDO bivio BIMA - TORRE PELLICE,,06:25,06:45
Pe0150,TURNO 215 DI PEROSA,Perosa,Giovedì,04:40,15:05,000284,TORRE PELLICE - Bivio Bima,,06:50,07:10
Pe0150,TURNO 215 DI PEROSA,Perosa,Giovedì,04:40,15:05,000275,Bivio Bima - Villar Perosa Stabilimento SKF,,07:10,07:30
Pe0150,TURNO 215 DI PEROSA,Perosa,Giovedì,04:40,15:05,000282,PEROSA ARG.-Pzza Terzo Alpini - PINEROLO - movicentro,,10:10,10:42
Pe0150,TURNO 215 DI PEROSA,Perosa,Giovedì,04:40,15:05,000282,PINEROLO - movicentro - TORINO - Autostazione c.so Bolzano,,10:46,11:57
Pe0150,TURNO 215 DI PEROSA,Perosa,Giovedì,04:40,15:05,000282,TORINO - Autostazione c.so Bolzano - PINEROLO - movicentro,,13:03,14:14
Pe0150,TURNO 215 DI PEROSA,Perosa,Giovedì,04:40,15:05,000282,PINEROLO - movicentro - PEROSA ARG.-Pzza Terzo Alpini,,14:18,14:50
Pe0160,TURNO 216 DI PEROSA,Perosa,Giovedì,13:05,23:30,000275,PEROSA ARG.-Pzza Terzo Alpini - SESTRIERE - parcheggio,,13:20,14:30
Pe0160,TURNO 216 DI PEROSA,Perosa,Giovedì,13:05,23:30,000285,SESTRIERE - parcheggio - OULX - Stazione FS,,14:30,15:15
Pe0160,TURNO 216 DI PEROSA,Perosa,Giovedì,13:05,23:30,000285,OULX - Stazione FS - SESTRIERE - parcheggio,,16:45,17:30
Pe0160,TURNO 216 DI PEROSA,Perosa,Giovedì,13:05,23:30,000275,SESTRIERE - parcheggio - PEROSA ARG.-Pzza Terzo Alpini,,17:30,18:40
Pe0160,TURNO 216 DI PEROSA,Perosa,Giovedì,13:05,23:30,000284,PEROSA ARG.-Pzza Terzo Alpini - AIRASCA - stabilimento SKF,,21:10,21:55
Pe0160,TURNO 216 DI PEROSA,Perosa,Giovedì,13:05,23:30,000284,AIRASCA - stabilimento SKF - PEROSA ARG.-Pzza Terzo Alpini,,22:30,23:15
Pe0170,TURNO 217 DI PEROSA,Perosa,Giovedì,04:05,11:35,000282,PEROSA ARG.-Pzza Terzo Alpini - PINEROLO - Piazza Cavour,,04:20,04:45
Pe0170,TURNO 217 DI PEROSA,Perosa,Giovedì,04:05,11:35,000282,PINEROLO - Piazza Cavour - TORINO - Autostazione c.so Bolzano,,04:45,05:51
Pe0170,TURNO 217 DI PEROSA,Perosa,Giovedì,04:05,11:35,000275,TORINO - Autostazione c.so Bolzano - PINEROLO - movicentro,,06:41,07:44
Pe0170,TURNO 217 DI PEROSA,Perosa,Giovedì,04:05,11:35,000282,PINEROLO - Piazza Cavour - TORINO - Autostazione c.so Bolzano,,08:10,09:27
Pe0170,TURNO 217 DI PEROSA,Perosa,Giovedì,04:05,11:35,000275,TORINO - Autostazione c.so Bolzano - PINEROLO - Piazza Cavour,,09:41,10:50
Pe0170,TURNO 217 DI PEROSA,Perosa,Giovedì,04:05,11:35,000275,PINEROLO - Piazza Cavour - PEROSA ARG.-Pzza Terzo Alpini,,10:50,11:20
Pe0190,TURNO 219 DI PEROSA,Perosa,Giovedì,05:35,14:42,000275,PEROSA ARG.-Pzza Terzo Alpini - SESTRIERE - parcheggio,,05:50,07:00
Pe0190,TURNO 219 DI PEROSA,Perosa,Giovedì,05:35,14:42,000285,SESTRIERE - parcheggio - OULX - Stazione FS,,07:00,07:45
Pe0190,TURNO 219 DI PEROSA,Perosa,Giovedì,05:35,14:42,000285,OULX - Stazione FS - SESTRIERE - parcheggio,,08:45,09:30
Pe0190,TURNO 219 DI PEROSA,Perosa,Giovedì,05:35,14:42,000275,SESTRIERE - parcheggio - PEROSA ARG.-Pzza Terzo Alpini,,09:30,10:40
Pe0190,TURNO 219 DI PEROSA,Perosa,Giovedì,05:35,14:42,000275,PEROSA ARG.-Pzza Terzo Alpini - PINEROLO - movicentro,,10:40,11:12
Pe0190,TURNO 219 DI PEROSA,Perosa,Giovedì,05:35,14:42,000282,PINEROLO - movicentro - PEROSA ARG.-Pzza Terzo Alpini,,11:18,11:50
Pe0190,TURNO 219 DI PEROSA,Perosa,Giovedì,05:35,14:42,000303,PEROSA ARG.-Pzza Terzo Alpini - PRALI GHIGO,,12:35,13:14
Pe0190,TURNO 219 DI PEROSA,Perosa,Giovedì,05:35,14:42,000303,PRALI GHIGO - PEROSA ARG.-Pzza Terzo Alpini,,13:45,14:27
Pe0210,TURNO 221 DI PEROSA,Perosa,Giovedì,15:55,23:50,000275,PEROSA ARG.-Pzza Terzo Alpini - PINEROLO - Piazza Cavour,,16:10,16:40
Pe0210,TURNO 221 DI PEROSA,Perosa,Giovedì,15:55,23:50,000282,PINEROLO - Piazza Cavour - TORINO - Autostazione c.so Bolzano,,16:40,18:15
Pe0210,TURNO 221 DI PEROSA,Perosa,Giovedì,15:55,23:50,000282,TORINO - Autostazione c.so Bolzano - PINEROLO - movicentro,,18:33,19:44
Pe0210,TURNO 221 DI PEROSA,Perosa,Giovedì,15:55,23:50,000901,PINEROLO - movicentro - TORRE PELLICE,,19:50,20:25
Pe0210,TURNO 221 DI PEROSA,Perosa,Giovedì,15:55,23:50,000284,TORRE PELLICE - Bivio Bima,,21:10,21:30
Pe0210,TURNO 221 DI PEROSA,Perosa,Giovedì,15:55,23:50,000275,Bivio Bima - Villar Perosa - Stabilimento TEKFOR A,,21:30,21:50
Pe0210,TURNO 221 DI PEROSA,Perosa,Giovedì,15:55,23:50,000275,VIL - Boge - FENESTRELLE - Via Nazionale,,22:25,23:05
Pe0220,TURNO 222 DI PEROSA,Perosa,Giovedì,05:40,15:33,000275,Villar Perosa - Stabilimento TEKFOR B - FENESTRELLE - Via Nazionale,,06:00,06:40
Pe0220,TURNO 222 DI PEROSA,Perosa,Giovedì,05:40,15:33,000275,FENESTRELLE - Via Nazionale - PEROSA ARG.-Pzza Terzo Alpini,,06:40,07:10
Pe0220,TURNO 222 DI PEROSA,Perosa,Giovedì,05:40,15:33,000275,PEROSA ARG.-Pzza Terzo Alpini - Villar Perosa Stabilimento SKF,,07:10,07:25
Pe0220,TURNO 222 DI PEROSA,Perosa,Giovedì,05:40,15:33,000500,PEROSA ARG.-Pzza Terzo Alpini - Villar Perosa - p.zza Mercato,,09:00,09:20
Pe0220,TURNO 222 DI PEROSA,Perosa,Giovedì,05:40,15:33,000500,Villar Perosa - p.zza Mercato - PEROSA ARG.-Pzza Terzo Alpini,,09:20,09:42
Pe0220,TURNO 222 DI PEROSA,Perosa,Giovedì,05:40,15:33,000282,PEROSA ARG.-Pzza Terzo Alpini - PINEROLO - movicentro,,11:10,11:42
Pe0220,TURNO 222 DI PEROSA,Perosa,Giovedì,05:40,15:33,000275,PINEROLO - movicentro - FENESTRELLE - Via Nazionale,,11:48,12:50
Pe0220,TURNO 222 DI PEROSA,Perosa,Giovedì,05:40,15:33,000275,FENESTRELLE - Via Nazionale - Villar Perosa Stabilimento SKF,,13:00,13:37
Pe0220,TURNO 222 DI PEROSA,Perosa,Giovedì,05:40,15:33,000275,Villar Perosa Stabilimento SKF - FENESTRELLE - Via Nazionale,,14:15,14:48
Pe0250,TURNO 225 DI PEROSA,Perosa,Giovedì,13:55,22:57,000275,Villar Perosa Stabilimento SKF - PEROSA ARG.-Pzza Terzo Alpini,,14:15,14:30
Pe0250,TURNO 225 DI PEROSA,Perosa,Giovedì,13:55,22:57,000282,PEROSA ARG.-Pzza Terzo Alpini - PINEROLO - movicentro,,15:10,15:42
Pe0250,TURNO 225 DI PEROSA,Perosa,Giovedì,13:55,22:57,000283,PINEROLO - Piazza Cavour - CANTALUPA,,16:05,16:30
Pe0250,TURNO 225 DI PEROSA,Perosa,Giovedì,13:55,22:57,000283,CANTALUPA - PINEROLO - Piazza Cavour,,16:40,17:00
Pe0250,TURNO 225 DI PEROSA,Perosa,Giovedì,13:55,22:57,000280,PINEROLO - stazione FS - AIRASCA - stabilimento SKF,,17:05,17:20
Pe0250,TURNO 225 DI PEROSA,Perosa,Giovedì,13:55,22:57,000284,AIRASCA - stabilimento SKF - SEGGIOVIA VANDALINO,,17:30,18:16
Pe0250,TURNO 225 DI PEROSA,Perosa,Giovedì,13:55,22:57,000275,PINEROLO - Piazza Cavour - TORINO - Autostazione c.so Bolzano,,19:10,20:19
Pe0250,TURNO 225 DI PEROSA,Perosa,Giovedì,13:55,22:57,000275,TORINO - Autostazione c.so Bolzano - PINEROLO - movicentro,,21:03,22:06
Pe0250,TURNO 225 DI PEROSA,Perosa,Giovedì,13:55,22:57,000275,PINEROLO - movicentro - PEROSA ARG.-Pzza Terzo Alpini,,22:10,22:42
Pe0280,TURNO 228 DI PEROSA,Perosa,Giovedì,06:55,18:30,000282,PEROSA ARG.-Pzza Terzo Alpini - PINEROLO - movicentro,,07:10,07:42
Pe0280,TURNO 228 DI PEROSA,Perosa,Giovedì,06:55,18:30,000275,PEROSA ARG.-Pzza Terzo Alpini - SESTRIERE - parcheggio,,11:20,12:30
Pe0280,TURNO 228 DI PEROSA,Perosa,Giovedì,06:55,18:30,000285,SESTRIERE - parcheggio - OULX - Stazione FS,,12:30,13:15
Pe0280,TURNO 228 DI PEROSA,Perosa,Giovedì,06:55,18:30,000285,OULX - Stazione FS - SESTRIERE - parcheggio,,14:45,15:30
Pe0280,TURNO 228 DI PEROSA,Perosa,Giovedì,06:55,18:30,000275,SESTRIERE - parcheggio - PEROSA ARG.-Pzza Terzo Alpini,,15:30,16:40
Pe0280,TURNO 228 DI PEROSA,Perosa,Giovedì,06:55,18:30,000275,PEROSA ARG.-Pzza Terzo Alpini - PINEROLO - movicentro,,16:40,17:12
Pe0280,TURNO 228 DI PEROSA,Perosa,Giovedì,06:55,18:30,000284,AIRASCA - stabilimento SKF - PEROSA ARG.-Pzza Terzo Alpini,,17:30,18:15
Pe0300,TURNO 230 DI PEROSA,Perosa,Giovedì,04:55,14:05,000284,PEROSA ARG.-Pzza Terzo Alpini - AIRASCA - stabilimento SKF,,05:10,05:55
Pe0300,TURNO 230 DI PEROSA,Perosa,Giovedì,04:55,14:05,000284,AIRASCA - stabilimento SKF - PEROSA ARG.-Pzza Terzo Alpini,,06:30,07:20
Pe0300,TURNO 230 DI PEROSA,Perosa,Giovedì,04:55,14:05,000284,PEROSA ARG.-Pzza Terzo Alpini - AIRASCA - stabilimento SKF,,07:20,08:05
Pe0300,TURNO 230 DI PEROSA,Perosa,Giovedì,04:55,14:05,000284,AIRASCA - stabilimento SKF - Pinerolo Bivio Sede SAPAV,,08:15,08:30
Pe0300,TURNO 230 DI PEROSA,Perosa,Giovedì,04:55,14:05,000275,PINEROLO - movicentro - TORINO - Autostazione c.so Bolzano,,09:16,10:19
Pe0300,TURNO 230 DI PEROSA,Perosa,Giovedì,04:55,14:05,000282,TORINO - Autostazione c.so Bolzano - PINEROLO - movicentro,,12:03,13:14
Pe0300,TURNO 230 DI PEROSA,Perosa,Giovedì,04:55,14:05,000282,PINEROLO - movicentro - PEROSA ARG.-Pzza Terzo Alpini,,13:18,13:50
Pi0010,TURNO 1 DI PINEROLO,Pinerolo,Giovedì,05:30,14:51,000901,TORRE PELLICE - PINEROLO - movicentro,,06:05,06:35
Pi0010,TURNO 1 DI PINEROLO,Pinerolo,Giovedì,05:30,14:51,000901,PINEROLO - movicentro - TORRE PELLICE,,06:35,07:05
Pi0010,TURNO 1 DI PINEROLO,Pinerolo,Giovedì,05:30,14:51,000901,TORRE PELLICE - PINEROLO - movicentro,,07:05,07:40
Pi0010,TURNO 1 DI PINEROLO,Pinerolo,Giovedì,05:30,14:51,000282,PINEROLO - movicentro - TORINO - Autostazione c.so Bolzano,,07:46,08:57
Pi0010,TURNO 1 DI PINEROLO,Pinerolo,Giovedì,05:30,14:51,000275,TORINO - Autostazione c.so Bolzano - PINEROLO - Piazza Cavour,,11:41,12:50
Pi0010,TURNO 1 DI PINEROLO,Pinerolo,Giovedì,05:30,14:51,000275,PINEROLO - Piazza Cavour - PEROSA ARG.-Pzza Terzo Alpini,,12:50,13:20
Pi0010,TURNO 1 DI PINEROLO,Pinerolo,Giovedì,05:30,14:51,000275,PEROSA ARG.-Pzza Terzo Alpini - Villar Perosa Stabilimento SKF,,13:20,13:39
Pi0010,TURNO 1 DI PINEROLO,Pinerolo,Giovedì,05:30,14:51,000275,Villar Perosa Stabilimento SKF - Pinerolo Bivio Sede SAPAV,,14:15,14:40
Pi0020,TURNO 2 PINEROLO,Turno 2 Pinerolo,Giovedì,05:45,12:50,000283,CANTALUPA - PINEROLO - Piazza Cavour,,06:15,06:40
Pi0020,TURNO 2 PINEROLO,Turno 2 Pinerolo,Giovedì,05:45,12:50,000275,Pinerolo Bivio Sede SAPAV - Villar Perosa - Stabilimento TEKFOR A,,07:00,07:24
Pi0020,TURNO 2 PINEROLO,Turno 2 Pinerolo,Giovedì,05:45,12:50,000275,Villar Perosa-Via Nazionale-SP Sestriere - PINEROLO - Piazza Cavour,,07:30,07:50
Pi0020,TURNO 2 PINEROLO,Turno 2 Pinerolo,Giovedì,05:45,12:50,000283,PINEROLO - Piazza Cavour - CANTALUPA,,08:00,08:30
Pi0020,TURNO 2 PINEROLO,Turno 2 Pinerolo,Giovedì,05:45,12:50,000283,CANTALUPA - PINEROLO - Piazza Cavour,,08:30,09:00
Pi0020,TURNO 2 PINEROLO,Turno 2 Pinerolo,Giovedì,05:45,12:50,000703,Pinerolo Frazione Riva (Domarossa) - PIN - Fiugera,,10:30,10:57
Pi0020,TURNO 2 PINEROLO,Turno 2 Pinerolo,Giovedì,05:45,12:50,000703,PIN - Fiugera - Pinerolo Frazione Riva (Domarossa),,11:00,11:30
Pi0020,TURNO 2 PINEROLO,Turno 2 Pinerolo,Giovedì,05:45,12:50,000703,Pinerolo Frazione Riva (Domarossa) - PIN - Fiugera,,11:30,11:57
Pi0020,TURNO 2 PINEROLO,Turno 2 Pinerolo,Giovedì,05:45,12:50,000703,PIN - Fiugera - RIVA DI PINEROLO -Via Maestra/Aurora,,12:10,12:35
Pi0030,TURNO 3 PINEROLO,Turno 3 Pinerolo,Giovedì,05:45,13:57,000284,PINEROLO-stabilimento TN ITALY - SEGGIOVIA VANDALINO,,06:00,06:35
Pi0030,TURNO 3 PINEROLO,Turno 3 Pinerolo,Giovedì,05:45,13:57,000284,SEGGIOVIA VANDALINO - AIRASCA - stabilimento SKF,,07:25,08:04
Pi0030,TURNO 3 PINEROLO,Turno 3 Pinerolo,Giovedì,05:45,13:57,000284,AIRASCA - stabilimento SKF - PINEROLO - Piazza Cavour,,08:25,08:50
Pi0030,TURNO 3 PINEROLO,Turno 3 Pinerolo,Giovedì,05:45,13:57,000283,PINEROLO - Piazza Cavour - FRO - Via Principe Amedeo,,09:00,09:20
Pi0030,TURNO 3 PINEROLO,Turno 3 Pinerolo,Giovedì,05:45,13:57,000283,Frossasco Via Principe Amedeo - PINEROLO - Piazza Cavour,,09:20,09:50
Pi0030,TURNO 3 PINEROLO,Turno 3 Pinerolo,Giovedì,05:45,13:57,000283,PINEROLO - Piazza Cavour - FRO - Via Principe Amedeo,,10:00,10:20
Pi0030,TURNO 3 PINEROLO,Turno 3 Pinerolo,Giovedì,05:45,13:57,000283,Frossasco Via Principe Amedeo - PINEROLO - Piazza Cavour,,10:20,10:51
Pi0030,TURNO 3 PINEROLO,Turno 3 Pinerolo,Giovedì,05:45,13:57,000701,PINEROLO Centro Studi - S.Pietro Val Lemina - via Europa fr,,12:50,13:15
Pi0030,TURNO 3 PINEROLO,Turno 3 Pinerolo,Giovedì,05:45,13:57,000701,S.Pietro Val Lemina - via Europa 61 - PINEROLO - movicentro,,13:20,13:42
Pi0040,TURNO 4 PINEROLO,Turno 4 Pinerolo,Giovedì,04:13,11:29,000275,PINEROLO - movicentro - FENESTRELLE - Via Nazionale,,04:28,05:30
Pi0040,TURNO 4 PINEROLO,Turno 4 Pinerolo,Giovedì,04:13,11:29,000275,FENESTRELLE - Via Nazionale - SESTRIERE - parcheggio,,05:30,06:10
Pi0040,TURNO 4 PINEROLO,Turno 4 Pinerolo,Giovedì,04:13,11:29,000275,SESTRIERE - parcheggio - PEROSA ARG.-Pzza Terzo Alpini,,06:10,07:20
Pi0040,TURNO 4 PINEROLO,Turno 4 Pinerolo,Giovedì,04:13,11:29,000275,PEROSA ARG.-Pzza Terzo Alpini - PINEROLO - movicentro,,07:24,07:56
Pi0040,TURNO 4 PINEROLO,Turno 4 Pinerolo,Giovedì,04:13,11:29,000275,PINEROLO - movicentro - TORINO - Autostazione c.so Bolzano,,07:56,08:59
Pi0040,TURNO 4 PINEROLO,Turno 4 Pinerolo,Giovedì,04:13,11:29,000282,TORINO - Autostazione c.so Bolzano - PINEROLO - movicentro,,10:03,11:14
Pi0050,TURNO 5 DI PINEROLO,Pinerolo,Giovedì,04:50,12:27,000275,PINEROLO - Piazza Cavour - TORINO - Autostazione c.so Bolzano,,05:10,06:19
Pi0050,TURNO 5 DI PINEROLO,Pinerolo,Giovedì,04:50,12:27,000282,TORINO - Autostazione c.so Bolzano - PINEROLO - Piazza Cavour,,06:43,08:00
Pi0050,TURNO 5 DI PINEROLO,Pinerolo,Giovedì,04:50,12:27,000284,PINEROLO - Piazza Cavour - PEROSA ARG.-Pzza Terzo Alpini,,08:30,08:55
Pi0050,TURNO 5 DI PINEROLO,Pinerolo,Giovedì,04:50,12:27,000282,PEROSA ARG.-Pzza Terzo Alpini - PINEROLO - movicentro,,09:10,09:42
Pi0050,TURNO 5 DI PINEROLO,Pinerolo,Giovedì,04:50,12:27,000275,PINEROLO - movicentro - FENESTRELLE - Via Nazionale,,09:48,10:50
Pi0050,TURNO 5 DI PINEROLO,Pinerolo,Giovedì,04:50,12:27,000275,FENESTRELLE - Via Nazionale - PINEROLO - movicentro,,11:10,12:12
Pi0100,TURNO 10 PINEROLO,Turno 10 Pinerolo,Giovedì,14:31,23:07,000275,TORINO - Autostazione c.so Bolzano - PINEROLO - movicentro,,15:41,16:48
Pi0100,TURNO 10 PINEROLO,Turno 10 Pinerolo,Giovedì,14:31,23:07,000282,PINEROLO - movicentro - PEROSA ARG.-Pzza Terzo Alpini,,18:18,18:50
Pi0100,TURNO 10 PINEROLO,Turno 10 Pinerolo,Giovedì,14:31,23:07,000275,PEROSA ARG.-Pzza Terzo Alpini - PINEROLO - Piazza Cavour,,19:40,20:10
Pi0100,TURNO 10 PINEROLO,Turno 10 Pinerolo,Giovedì,14:31,23:07,000275,PINEROLO - Piazza Cavour - TORINO - Autostazione c.so Bolzano,,20:10,21:19
Pi0100,TURNO 10 PINEROLO,Turno 10 Pinerolo,Giovedì,14:31,23:07,000282,TORINO - Autostazione c.so Bolzano - PINEROLO - movicentro,,21:41,22:52
Pi0110,TURNO 11 PINEROLO,Turno 11 Pinerolo,Giovedì,05:45,13:55,000275,PINEROLO-stabilimento TN ITALY - PEROSA ARG.-Pzza Terzo Alpini,,06:00,06:30
Pi0110,TURNO 11 PINEROLO,Turno 11 Pinerolo,Giovedì,05:45,13:55,000275,PEROSA ARG.-Pzza Terzo Alpini - PINEROLO - Piazza Cavour,,06:50,07:20
Pi0110,TURNO 11 PINEROLO,Turno 11 Pinerolo,Giovedì,05:45,13:55,000275,PINEROLO - Piazza Cavour - TORINO - Autostazione c.so Bolzano,,07:20,08:29
Pi0110,TURNO 11 PINEROLO,Turno 11 Pinerolo,Giovedì,05:45,13:55,000282,TORINO - Autostazione c.so Bolzano - PINEROLO - movicentro,,09:33,10:44
Pi0110,TURNO 11 PINEROLO,Turno 11 Pinerolo,Giovedì,05:45,13:55,000901,TORRE PELLICE - PINEROLO - movicentro,,13:05,13:40
Pi0120,TURNO 12 DI PINEROLO,Pinerolo,Giovedì,06:25,16:07,000283,PINEROLO - Piazza Cavour - CANTALUPA,,06:45,07:05
Pi0120,TURNO 12 DI PINEROLO,Pinerolo,Giovedì,06:25,16:07,000283,CANTALUPA - PINEROLO - Piazza Cavour,,07:10,07:35
Pi0120,TURNO 12 DI PINEROLO,Pinerolo,Giovedì,06:25,16:07,000703,Frazione Pascaretto - PIN - Fiugera,,07:50,08:25
Pi0120,TURNO 12 DI PINEROLO,Pinerolo,Giovedì,06:25,16:07,000275,PINEROLO - movicentro - TORINO - Autostazione c.so Bolzano,,10:16,11:19
Pi0120,TURNO 12 DI PINEROLO,Pinerolo,Giovedì,06:25,16:07,000119,TO - Corso Vercelli-Via Cuorgnè - TO - Corso Belgio,,12:15,12:37
Pi0120,TURNO 12 DI PINEROLO,Pinerolo,Giovedì,06:25,16:07,000277,TO - Corso Belgio - AIRASCA - stabilimento SKF,,12:37,13:55
Pi0120,TURNO 12 DI PINEROLO,Pinerolo,Giovedì,06:25,16:07,000284,AIRASCA - stabilimento SKF - PEROSA ARG.-Pzza Terzo Alpini,,14:30,15:22
Pi0120,TURNO 12 DI PINEROLO,Pinerolo,Giovedì,06:25,16:07,000284,PEROSA ARG.-Pzza Terzo Alpini - PINEROLO - Piazza Cavour,,15:22,15:47
Pi0130,TURNO 13 PINEROLO,Turno 13 Pinerolo,Giovedì,06:20,14:59,000278,CERCENASCO - v. Reg.Margherita - PINEROLO - stazione FS,,06:55,07:20
Pi0130,TURNO 13 PINEROLO,Turno 13 Pinerolo,Giovedì,06:20,14:59,000278,PINEROLO - stazione FS - MACELLO - Municipio,,07:30,07:55
Pi0130,TURNO 13 PINEROLO,Turno 13 Pinerolo,Giovedì,06:20,14:59,000278,MACELLO - Municipio - PINEROLO - stazione FS,,07:55,08:15
Pi0130,TURNO 13 PINEROLO,Turno 13 Pinerolo,Giovedì,06:20,14:59,000901,PINEROLO - movicentro - TORRE PELLICE,,08:20,08:55
Pi0130,TURNO 13 PINEROLO,Turno 13 Pinerolo,Giovedì,06:20,14:59,000283,PINEROLO - Piazza Cavour - CANTALUPA,,11:10,11:40
Pi0130,TURNO 13 PINEROLO,Turno 13 Pinerolo,Giovedì,06:20,14:59,000283,CANTALUPA - PINEROLO - Piazza Cavour,,11:40,12:10
Pi0130,TURNO 13 PINEROLO,Turno 13 Pinerolo,Giovedì,06:20,14:59,000275,PINEROLO - movicentro - TORINO - Autostazione c.so Bolzano,,12:16,13:19
Pi0130,TURNO 13 PINEROLO,Turno 13 Pinerolo,Giovedì,06:20,14:59,000282,TORINO - Autostazione c.so Bolzano - PINEROLO - movicentro,,13:33,14:44
Pi0140,TURNO 14 PINEROLO,Turno 14 Pinerolo,Giovedì,05:00,13:46,000275,Pinerolo Bivio Sede SAPAV - Villar Perosa Stabilimento SKF,,05:11,05:35
Pi0140,TURNO 14 PINEROLO,Turno 14 Pinerolo,Giovedì,05:00,13:46,000275,VIL - Boge - PEROSA ARG.-Pzza Terzo Alpini,,06:00,06:15
Pi0140,TURNO 14 PINEROLO,Turno 14 Pinerolo,Giovedì,05:00,13:46,000303,PEROSA ARG.-Pzza Terzo Alpini - PERRERO,,06:15,06:30
Pi0140,TURNO 14 PINEROLO,Turno 14 Pinerolo,Giovedì,05:00,13:46,000303,PERRERO - PEROSA ARG.-Pzza Terzo Alpini,,06:55,07:10
Pi0140,TURNO 14 PINEROLO,Turno 14 Pinerolo,Giovedì,05:00,13:46,000275,PEROSA ARG.-Pzza Terzo Alpini - VIL - Boge,,07:20,00:10
Pi0140,TURNO 14 PINEROLO,Turno 14 Pinerolo,Giovedì,05:00,13:46,000275,PEROSA ARG.-Pzza Terzo Alpini - PINEROLO - Piazza Cavour,,07:40,08:10
Pi0140,TURNO 14 PINEROLO,Turno 14 Pinerolo,Giovedì,05:00,13:46,000275,PINEROLO - Piazza Cavour - TORINO - Autostazione c.so Bolzano,,08:10,09:19
Pi0140,TURNO 14 PINEROLO,Turno 14 Pinerolo,Giovedì,05:00,13:46,000282,TORINO - Autostazione c.so Bolzano - PINEROLO - movicentro,,11:03,12:14
Pi0140,TURNO 14 PINEROLO,Turno 14 Pinerolo,Giovedì,05:00,13:46,000282,PINEROLO - movicentro - PEROSA ARG.-Pzza Terzo Alpini,,12:18,12:50
Pi0140,TURNO 14 PINEROLO,Turno 14 Pinerolo,Giovedì,05:00,13:46,000282,PEROSA ARG.-Pzza Terzo Alpini - PINEROLO - movicentro,,12:50,13:22
Pi0140,TURNO 14 PINEROLO,Turno 14 Pinerolo,Giovedì,05:00,13:46,000282,PINEROLO - movicentro - PINEROLO-stabilimento TN ITALY,,13:26,13:31
Pi0150,TURNO 15 DI PINEROLO,Pinerolo,Giovedì,15:00,20:30,000282,PINEROLO - Piazza Cavour - PEROSA ARG.-Pzza Terzo Alpini,,15:20,15:50
Pi0150,TURNO 15 DI PINEROLO,Pinerolo,Giovedì,15:00,20:30,000275,PINEROLO - Piazza Cavour - PEROSA ARG.-Pzza Terzo Alpini,,16:20,16:50
Pi0150,TURNO 15 DI PINEROLO,Pinerolo,Giovedì,15:00,20:30,000275,VIL - Boge - PEROSA ARG.-Pzza Terzo Alpini,,17:00,17:15
Pi0150,TURNO 15 DI PINEROLO,Pinerolo,Giovedì,15:00,20:30,000303,PEROSA ARG.-Pzza Terzo Alpini - PERRERO,,17:15,17:30
Pi0150,TURNO 15 DI PINEROLO,Pinerolo,Giovedì,15:00,20:30,000303,PERRERO - SEGGIOVIE 13 LAGHI,,17:30,17:51
Pi0150,TURNO 15 DI PINEROLO,Pinerolo,Giovedì,15:00,20:30,000303,SEGGIOVIE 13 LAGHI - PEROSA ARG.-Pzza Terzo Alpini,,18:00,18:38
Pi0150,TURNO 15 DI PINEROLO,Pinerolo,Giovedì,15:00,20:30,000275,PEROSA ARG.-Pzza Terzo Alpini - PINEROLO - Piazza Cavour,,18:40,19:10
Pi0150,TURNO 15 DI PINEROLO,Pinerolo,Giovedì,15:00,20:30,000278,PINEROLO - Piazza Cavour - CERCENASCO - v. Reg.Margherita,,19:10,19:40
Pi0150,TURNO 15 DI PINEROLO,Pinerolo,Giovedì,15:00,20:30,000278,CERCENASCO - v. Reg.Margherita - PINEROLO - Piazza Cavour,,19:40,20:10
Pi0160,TURNO 16 DI PINEROLO,Pinerolo,Giovedì,14:00,23:43,000275,PEROSA ARG.-Pzza Terzo Alpini - PINEROLO - movicentro,,14:40,15:12
Pi0160,TURNO 16 DI PINEROLO,Pinerolo,Giovedì,14:00,23:43,000275,PINEROLO - movicentro - TORINO - Autostazione c.so Bolzano,,15:16,16:19
Pi0160,TURNO 16 DI PINEROLO,Pinerolo,Giovedì,14:00,23:43,000282,TORINO - Autostazione c.so Bolzano - PINEROLO - movicentro,,17:33,18:44
Pi0160,TURNO 16 DI PINEROLO,Pinerolo,Giovedì,14:00,23:43,000901,PINEROLO - movicentro - TORRE PELLICE,,18:50,19:25
Pi0160,TURNO 16 DI PINEROLO,Pinerolo,Giovedì,14:00,23:43,000279,TORRE PELLICE - BOBBIO PELLICE,,20:05,20:21
Pi0160,TURNO 16 DI PINEROLO,Pinerolo,Giovedì,14:00,23:43,000284,SEGGIOVIA VANDALINO - AIRASCA - stabilimento SKF,,21:20,22:00
Pi0160,TURNO 16 DI PINEROLO,Pinerolo,Giovedì,14:00,23:43,000284,AIRASCA - stabilimento SKF - SEGGIOVIA VANDALINO,,22:30,23:08
Pi0180,TURNO 18 PINEROLO,Turno 18 Pinerolo,Giovedì,12:35,21:29,000901,PINEROLO - movicentro - TORRE PELLICE,,12:50,13:25
Pi0180,TURNO 18 PINEROLO,Turno 18 Pinerolo,Giovedì,12:35,21:29,000279,TORRE PELLICE - BOBBIO PELLICE,,13:30,13:49
Pi0180,TURNO 18 PINEROLO,Turno 18 Pinerolo,Giovedì,12:35,21:29,000279,BOBBIO PELLICE - TORRE PELLICE,,14:15,14:32
Pi0180,TURNO 18 PINEROLO,Turno 18 Pinerolo,Giovedì,12:35,21:29,000279,BOBBIO PELLICE - TORRE PELLICE,,17:21,17:35
Pi0180,TURNO 18 PINEROLO,Turno 18 Pinerolo,Giovedì,12:35,21:29,000901,TORRE PELLICE - PINEROLO - movicentro,,17:35,18:10
Pi0180,TURNO 18 PINEROLO,Turno 18 Pinerolo,Giovedì,12:35,21:29,000282,PINEROLO - movicentro - TORINO - Autostazione c.so Bolzano,,18:46,19:57
Pi0180,TURNO 18 PINEROLO,Turno 18 Pinerolo,Giovedì,12:35,21:29,000282,TORINO - Autostazione c.so Bolzano - PINEROLO - movicentro,,20:03,21:14
Pi0190,TURNO 19 PINEROLO,Turno 19 Pinerolo,Giovedì,16:10,23:01,000278,PINEROLO - Piazza Cavour - MACELLO - Municipio,,16:30,16:50
Pi0190,TURNO 19 PINEROLO,Turno 19 Pinerolo,Giovedì,16:10,23:01,000278,MACELLO - Municipio - PINEROLO - Piazza Cavour,,16:50,17:17
Pi0190,TURNO 19 PINEROLO,Turno 19 Pinerolo,Giovedì,16:10,23:01,000277,AIRASCA - stabilimento SKF - TO - Cso Ferrucci-Via Cavalli,,17:30,18:41
Pi0190,TURNO 19 PINEROLO,Turno 19 Pinerolo,Giovedì,16:10,23:01,000119,TO - Cso Ferrucci-Via Cavalli - TO - Via Cravero,,18:41,19:05
Pi0190,TURNO 19 PINEROLO,Turno 19 Pinerolo,Giovedì,16:10,23:01,000275,TORINO - Autostazione c.so Bolzano - PINEROLO - Piazza Cavour,,19:41,20:50
Pi0190,TURNO 19 PINEROLO,Turno 19 Pinerolo,Giovedì,16:10,23:01,000275,PINEROLO - Piazza Cavour - PEROSA ARG.-Pzza Terzo Alpini,,20:50,21:20
Pi0190,TURNO 19 PINEROLO,Turno 19 Pinerolo,Giovedì,16:10,23:01,000275,PEROSA ARG.-Pzza Terzo Alpini - Pinerolo Bivio Sede SAPAV,,22:15,22:50
Pi0210,TURNO 21 PINEROLO,Turno 21 Pinerolo,Giovedì,07:03,14:45,000275,PINEROLO - movicentro - PEROSA ARG.-Pzza Terzo Alpini,,07:18,07:50
Pi0210,TURNO 21 PINEROLO,Turno 21 Pinerolo,Giovedì,07:03,14:45,000275,PEROSA ARG.-Pzza Terzo Alpini - PINEROLO - movicentro,,08:40,09:12
Pi0210,TURNO 21 PINEROLO,Turno 21 Pinerolo,Giovedì,07:03,14:45,000901,PINEROLO - movicentro - TORRE PELLICE,,09:20,09:55
Pi0210,TURNO 21 PINEROLO,Turno 21 Pinerolo,Giovedì,07:03,14:45,000279,TORRE PELLICE - BOBBIO PELLICE,,09:55,10:13
Pi0210,TURNO 21 PINEROLO,Turno 21 Pinerolo,Giovedì,07:03,14:45,000279,BOBBIO PELLICE - TORRE PELLICE,,10:13,10:30
Pi0210,TURNO 21 PINEROLO,Turno 21 Pinerolo,Giovedì,07:03,14:45,000279,TORRE PELLICE - BOBBIO PELLICE,,10:30,10:50
Pi0210,TURNO 21 PINEROLO,Turno 21 Pinerolo,Giovedì,07:03,14:45,000279,BOBBIO PELLICE - TORRE PELLICE,,11:15,11:30
Pi0210,TURNO 21 PINEROLO,Turno 21 Pinerolo,Giovedì,07:03,14:45,000901,TORRE PELLICE - PINEROLO - movicentro,,11:35,12:10
Pi0210,TURNO 21 PINEROLO,Turno 21 Pinerolo,Giovedì,07:03,14:45,000703,PIN - Fiugera - Frazione Pascaretto,,12:35,13:04
Pi0210,TURNO 21 PINEROLO,Turno 21 Pinerolo,Giovedì,07:03,14:45,000703,Pinerolo Frazione Riva (Domarossa) - PIN - Fiugera,,13:20,13:50
Pi0210,TURNO 21 PINEROLO,Turno 21 Pinerolo,Giovedì,07:03,14:45,000703,PIN - Fiugera - Pinerolo Frazione Riva (Domarossa),,14:00,14:30
Pi0230,TURNO 23 PINEROLO,Turno 23 Pinerolo,Giovedì,13:33,20:25,000275,PINEROLO - movicentro - PEROSA ARG.-Pzza Terzo Alpini,,13:48,14:20
Pi0230,TURNO 23 PINEROLO,Turno 23 Pinerolo,Giovedì,13:33,20:25,000275,PEROSA ARG.-Pzza Terzo Alpini - SESTRIERE - parcheggio,,14:20,15:30
Pi0230,TURNO 23 PINEROLO,Turno 23 Pinerolo,Giovedì,13:33,20:25,000275,SESTRIERE - parcheggio - PEROSA ARG.-Pzza Terzo Alpini,,16:30,17:40
Pi0230,TURNO 23 PINEROLO,Turno 23 Pinerolo,Giovedì,13:33,20:25,000275,PEROSA ARG.-Pzza Terzo Alpini - PINEROLO - movicentro,,17:40,18:12
Pi0230,TURNO 23 PINEROLO,Turno 23 Pinerolo,Giovedì,13:33,20:25,000901,PINEROLO - movicentro - TORRE PELLICE,,18:20,18:55
Pi0230,TURNO 23 PINEROLO,Turno 23 Pinerolo,Giovedì,13:33,20:25,000279,TORRE PELLICE - BOBBIO PELLICE,,19:05,19:19
Pi0230,TURNO 23 PINEROLO,Turno 23 Pinerolo,Giovedì,13:33,20:25,000901,TORRE PELLICE - PINEROLO - movicentro,,19:35,20:10
Pi0250,TURNO 25 PINEROLO,Turno 25 Pinerolo,Giovedì,14:15,23:42,000703,Pinerolo Frazione Riva (Domarossa) - PIN - Fiugera,,14:30,14:57
Pi0250,TURNO 25 PINEROLO,Turno 25 Pinerolo,Giovedì,14:15,23:42,000703,PIN - Fiugera - Pinerolo Frazione Riva (Domarossa),,15:00,15:30
Pi0250,TURNO 25 PINEROLO,Turno 25 Pinerolo,Giovedì,14:15,23:42,000703,Pinerolo Frazione Riva (Domarossa) - PIN - Fiugera,,16:40,17:07
Pi0250,TURNO 25 PINEROLO,Turno 25 Pinerolo,Giovedì,14:15,23:42,000703,PIN - Fiugera - Pinerolo Frazione Riva (Domarossa),,17:10,17:40
Pi0250,TURNO 25 PINEROLO,Turno 25 Pinerolo,Giovedì,14:15,23:42,000703,Pinerolo Frazione Riva (Domarossa) - PIN - Fiugera,,17:40,18:08
Pi0250,TURNO 25 PINEROLO,Turno 25 Pinerolo,Giovedì,14:15,23:42,000703,PIN - Fiugera - Pinerolo Frazione Riva (Domarossa),,18:20,18:50
Pi0250,TURNO 25 PINEROLO,Turno 25 Pinerolo,Giovedì,14:15,23:42,000703,Pinerolo Frazione Riva (Domarossa) - PIN - Fiugera,,18:50,19:17
Pi0250,TURNO 25 PINEROLO,Turno 25 Pinerolo,Giovedì,14:15,23:42,000703,PIN - Fiugera - Pinerolo Frazione Riva (Domarossa),,19:20,19:50
Pi0250,TURNO 25 PINEROLO,Turno 25 Pinerolo,Giovedì,14:15,23:42,000275,Pinerolo Bivio Sede SAPAV - Villar Perosa Stabilimento SKF,,21:31,21:55
Pi0250,TURNO 25 PINEROLO,Turno 25 Pinerolo,Giovedì,14:15,23:42,000275,Villar Perosa Stabilimento SKF - SAN SECONDO bivio BIMA,,22:25,22:45
Pi0250,TURNO 25 PINEROLO,Turno 25 Pinerolo,Giovedì,14:15,23:42,000284,SAN SECONDO bivio BIMA - TORRE PELLICE,,22:45,23:02
Pi0260,TURNO 26 DI PINEROLO,Pinerolo,Giovedì,04:00,11:40,000284,TORRE P. - Lombardini/Volta - None Via Pinerolo,,04:35,05:35
Pi0260,TURNO 26 DI PINEROLO,Pinerolo,Giovedì,04:00,11:40,000284,None Via Pinerolo - PINEROLO - Piazza Cavour,,05:55,06:24
Pi0260,TURNO 26 DI PINEROLO,Pinerolo,Giovedì,04:00,11:40,000901,PINEROLO - movicentro - TORRE PELLICE,,06:50,07:20
Pi0260,TURNO 26 DI PINEROLO,Pinerolo,Giovedì,04:00,11:40,000279,TORRE PELLICE - BOBBIO PELLICE,,07:25,07:42
Pi0260,TURNO 26 DI PINEROLO,Pinerolo,Giovedì,04:00,11:40,000279,BOBBIO PELLICE - TORRE PELLICE,,08:00,08:13
Pi0280,TURNO 28 PINEROLO,Turno 28 Pinerolo,Giovedì,11:31,18:44,000282,PINEROLO - movicentro - TORINO - Autostazione c.so Bolzano,,11:46,12:57
Pi0280,TURNO 28 PINEROLO,Turno 28 Pinerolo,Giovedì,11:31,18:44,000282,TORINO - Autostazione c.so Bolzano - PINEROLO - Piazza Cavour,,14:03,15:20
Pi0280,TURNO 28 PINEROLO,Turno 28 Pinerolo,Giovedì,11:31,18:44,000282,PINEROLO - movicentro - TORINO - Autostazione c.so Bolzano,,15:46,17:10
Pi0280,TURNO 28 PINEROLO,Turno 28 Pinerolo,Giovedì,11:31,18:44,000275,TORINO - Autostazione c.so Bolzano - PINEROLO - Piazza Cavour,,17:15,18:24
Pi0290,TURNO 29 PINEROLO,Turno 29 Pinerolo,Giovedì,05:33,14:59,000275,PINEROLO - movicentro - PEROSA ARG.-Pzza Terzo Alpini,,05:48,06:20
Pi0290,TURNO 29 PINEROLO,Turno 29 Pinerolo,Giovedì,05:33,14:59,000275,PEROSA ARG.-Pzza Terzo Alpini - PIN - Via Giustetto-Via Polliotti,,06:20,06:43
Pi0290,TURNO 29 PINEROLO,Turno 29 Pinerolo,Giovedì,05:33,14:59,000275,PIN - Via Giustetto-Via Polliotti - TORINO - Autostazione c.so Bolzano,,06:45,07:48
Pi0290,TURNO 29 PINEROLO,Turno 29 Pinerolo,Giovedì,05:33,14:59,000275,TORINO - Autostazione c.so Bolzano - PINEROLO - Piazza Cavour,,08:11,09:20
Pi0290,TURNO 29 PINEROLO,Turno 29 Pinerolo,Giovedì,05:33,14:59,000275,PINEROLO - movicentro - TORINO - Autostazione c.so Bolzano,,11:16,12:19
Pi0290,TURNO 29 PINEROLO,Turno 29 Pinerolo,Giovedì,05:33,14:59,000275,TORINO - Autostazione c.so Bolzano - PINEROLO - movicentro,,13:41,14:44
Pi0370,TURNO 37 PINEROLO,Turno 37 Pinerolo,Giovedì,12:25,20:33,000278,PINEROLO - Piazza Cavour - Buriasco Piazza Roma,,12:45,13:10
Pi0370,TURNO 37 PINEROLO,Turno 37 Pinerolo,Giovedì,12:25,20:33,000278,Buriasco Piazza Roma - PINEROLO - Fronte Stazione FS,,13:10,13:25
Pi0370,TURNO 37 PINEROLO,Turno 37 Pinerolo,Giovedì,12:25,20:33,000901,PINEROLO - movicentro - TORRE PELLICE,,14:20,14:55
Pi0370,TURNO 37 PINEROLO,Turno 37 Pinerolo,Giovedì,12:25,20:33,000279,TORRE PELLICE - BOBBIO PELLICE,,15:10,15:26
Pi0370,TURNO 37 PINEROLO,Turno 37 Pinerolo,Giovedì,12:25,20:33,000279,BOBBIO PELLICE - TORRE PELLICE,,15:50,16:10
Pi0370,TURNO 37 PINEROLO,Turno 37 Pinerolo,Giovedì,12:25,20:33,000284,TORRE PELLICE - PINEROLO - movicentro,,16:10,16:40
Pi0370,TURNO 37 PINEROLO,Turno 37 Pinerolo,Giovedì,12:25,20:33,000283,PINEROLO - Piazza Cavour - ROLETTO,,17:00,17:20
Pi0370,TURNO 37 PINEROLO,Turno 37 Pinerolo,Giovedì,12:25,20:33,000283,ROLETTO - PINEROLO - Piazza Cavour,,17:20,17:35
Pi0370,TURNO 37 PINEROLO,Turno 37 Pinerolo,Giovedì,12:25,20:33,000283,PINEROLO - Piazza Cavour - CANTALUPA,,18:30,19:00
Pi0370,TURNO 37 PINEROLO,Turno 37 Pinerolo,Giovedì,12:25,20:33,000283,CANTALUPA - PINEROLO - Piazza Cavour,,19:00,19:20
Pi0370,TURNO 37 PINEROLO,Turno 37 Pinerolo,Giovedì,12:25,20:33,000283,PINEROLO - Piazza Cavour - CANTALUPA,,19:35,19:55
Pi0370,TURNO 37 PINEROLO,Turno 37 Pinerolo,Giovedì,12:25,20:33,000283,CANTALUPA - PINEROLO - Piazza Cavour,,19:55,20:13
Pi0500,TURNO 50 PINEROLO,Turno 50 Pinerolo,Giovedì,12:25,19:25,000278,PINEROLO - Osp. Cottolengo - CERCENASCO - v. Reg.Margherita,,12:45,13:23
Pi0500,TURNO 50 PINEROLO,Turno 50 Pinerolo,Giovedì,12:25,19:25,000278,CERCENASCO - v. Reg.Margherita - PINEROLO - Piazza Cavour,,13:45,14:20
Pi0500,TURNO 50 PINEROLO,Turno 50 Pinerolo,Giovedì,12:25,19:25,000283,PINEROLO - Piazza Cavour - CANTALUPA,,15:05,15:30
Pi0500,TURNO 50 PINEROLO,Turno 50 Pinerolo,Giovedì,12:25,19:25,000283,CANTALUPA - PINEROLO - Piazza Cavour,,15:30,15:49
Pi0500,TURNO 50 PINEROLO,Turno 50 Pinerolo,Giovedì,12:25,19:25,000275,PINEROLO - Piazza Cavour - PEROSA ARG.-Pzza Terzo Alpini,,15:50,16:20
Pi0500,TURNO 50 PINEROLO,Turno 50 Pinerolo,Giovedì,12:25,19:25,000275,PEROSA ARG.-Pzza Terzo Alpini - Villar Perosa-Via Nazionale-SP Sestriere,,16:30,16:40
Pi0500,TURNO 50 PINEROLO,Turno 50 Pinerolo,Giovedì,12:25,19:25,000275,Villar Perosa Stabilimento SKF - SAN SECONDO bivio BIMA,,17:00,17:20
Pi0500,TURNO 50 PINEROLO,Turno 50 Pinerolo,Giovedì,12:25,19:25,000284,SAN SECONDO bivio BIMA - TORRE PELLICE,,17:25,17:45
Pi0500,TURNO 50 PINEROLO,Turno 50 Pinerolo,Giovedì,12:25,19:25,000279,BOBBIO PELLICE - TORRE PELLICE,,18:16,18:32
Pi0500,TURNO 50 PINEROLO,Turno 50 Pinerolo,Giovedì,12:25,19:25,000901,TORRE PELLICE - PINEROLO - movicentro,,18:35,19:10
Pi0560,TURNO 56 PINEROLO,Turno 56 Pinerolo,Giovedì,04:40,12:45,000303,PEROSA ARG.-Pzza Terzo Alpini - POMEYFRE,,05:20,05:39
Pi0560,TURNO 56 PINEROLO,Turno 56 Pinerolo,Giovedì,04:40,12:45,000282,PEROSA ARG.-Pzza Terzo Alpini - PINEROLO - movicentro,,06:00,06:32
Pi0560,TURNO 56 PINEROLO,Turno 56 Pinerolo,Giovedì,04:40,12:45,000282,PINEROLO - movicentro - TORINO - Autostazione c.so Bolzano,,06:36,07:47
Pi0560,TURNO 56 PINEROLO,Turno 56 Pinerolo,Giovedì,04:40,12:45,000701,MACELLO - Municipio - S.Pietro Val Lemina - via Europa fr,,10:50,11:20
Pi0560,TURNO 56 PINEROLO,Turno 56 Pinerolo,Giovedì,04:40,12:45,000701,S.Pietro Val Lemina - via Europa 61 - MACELLO - Municipio,,11:30,12:10
Pi0560,TURNO 56 PINEROLO,Turno 56 Pinerolo,Giovedì,04:40,12:45,000701,MACELLO - Municipio - PINEROLO - movicentro,,12:10,12:30
Pi0580,TURNO 58 PINEROLO,Turno 58 Pinerolo,Giovedì,16:54,23:48,000284,Pinerolo Bivio Sede SAPAV - AIRASCA - stabilimento SKF,,17:15,00:10
Pi0580,TURNO 58 PINEROLO,Turno 58 Pinerolo,Giovedì,16:54,23:48,000277,AIRASCA - stabilimento SKF - TO - Via De Sanctis-Via Chambery,,17:30,18:21
Pi0580,TURNO 58 PINEROLO,Turno 58 Pinerolo,Giovedì,16:54,23:48,000119,TO - Via De Sanctis-Via Chambery - Via Oxilia-Cso Giulio Cesare,,18:21,18:45
Pi0580,TURNO 58 PINEROLO,Turno 58 Pinerolo,Giovedì,16:54,23:48,000282,TORINO - Autostazione c.so Bolzano - PINEROLO - movicentro,,19:18,20:29
Pi0580,TURNO 58 PINEROLO,Turno 58 Pinerolo,Giovedì,16:54,23:48,000277,AIRASCA - stabilimento SKF - Beinasco (Banca SanPaolo),,22:30,23:08
Pi0620,TURNO 62 PINEROLO,Turno 62 Pinerolo,Giovedì,12:00,19:55,000283,PINEROLO - Piazza Cavour - CANTALUPA,,12:20,12:50
Pi0620,TURNO 62 PINEROLO,Turno 62 Pinerolo,Giovedì,12:00,19:55,000283,CANTALUPA - PINEROLO - Piazza Cavour,,14:00,14:30
Pi0620,TURNO 62 PINEROLO,Turno 62 Pinerolo,Giovedì,12:00,19:55,000701,MACELLO - Municipio - S.Pietro Val Lemina - via Europa fr,,15:20,15:50
Pi0620,TURNO 62 PINEROLO,Turno 62 Pinerolo,Giovedì,12:00,19:55,000701,S.Pietro Val Lemina - via Europa 61 - MACELLO - Municipio,,15:50,16:30
Pi0620,TURNO 62 PINEROLO,Turno 62 Pinerolo,Giovedì,12:00,19:55,000701,MACELLO - Municipio - S.Pietro Val Lemina - via Europa fr,,16:40,17:10
Pi0620,TURNO 62 PINEROLO,Turno 62 Pinerolo,Giovedì,12:00,19:55,000701,S.Pietro Val Lemina - via Europa 61 - MACELLO - Municipio,,17:18,17:58
Pi0620,TURNO 62 PINEROLO,Turno 62 Pinerolo,Giovedì,12:00,19:55,000701,MACELLO - Municipio - S.Pietro Val Lemina - via Europa fr,,18:00,18:30
Pi0620,TURNO 62 PINEROLO,Turno 62 Pinerolo,Giovedì,12:00,19:55,000701,S.Pietro Val Lemina - via Europa 61 - MACELLO - Municipio,,18:30,19:10
Pi0620,TURNO 62 PINEROLO,Turno 62 Pinerolo,Giovedì,12:00,19:55,000701,MACELLO - Municipio - PINEROLO - movicentro,,19:20,19:40
Pi0720,TURNO 72 PINEROLO,Turno 72 Pinerolo,Giovedì,15:15,21:45,000703,Pinerolo Frazione Riva (Domarossa) - PIN - Fiugera,,15:30,15:57
Pi0720,TURNO 72 PINEROLO,Turno 72 Pinerolo,Giovedì,15:15,21:45,000703,PIN - Fiugera - Frazione Pascaretto,,16:00,16:35
Pi0720,TURNO 72 PINEROLO,Turno 72 Pinerolo,Giovedì,15:15,21:45,000284,None Via Pinerolo - SEGGIOVIA VANDALINO,,17:20,18:35
Pi0720,TURNO 72 PINEROLO,Turno 72 Pinerolo,Giovedì,15:15,21:45,000282,PINEROLO - movicentro - PEROSA ARG.-Pzza Terzo Alpini,,20:18,20:50
Pi0720,TURNO 72 PINEROLO,Turno 72 Pinerolo,Giovedì,15:15,21:45,000275,PEROSA ARG.-Pzza Terzo Alpini - PINEROLO-stabilimento TN ITALY,,21:00,21:30
Pi0930,TURNO 93 DI PINEROLO,Pinerolo,Giovedì,05:15,11:20,000701,PINEROLO - movicentro - MACELLO - Municipio,,05:30,05:48
Pi0930,TURNO 93 DI PINEROLO,Pinerolo,Giovedì,05:15,11:20,000701,MACELLO - Municipio - S.Pietro Val Lemina - via Europa fr,,05:50,06:20
Pi0930,TURNO 93 DI PINEROLO,Pinerolo,Giovedì,05:15,11:20,000701,S.Pietro Val Lemina - via Europa 61 - MACELLO - Municipio,,06:20,07:00
Pi0930,TURNO 93 DI PINEROLO,Pinerolo,Giovedì,05:15,11:20,000701,MACELLO - Municipio - S.Pietro Val Lemina - via Europa fr,,07:05,07:35
Pi0930,TURNO 93 DI PINEROLO,Pinerolo,Giovedì,05:15,11:20,000701,S.Pietro Val Lemina - via Europa 61 - Pinerolo Centro Studi (C.Torino/Rochis),,07:35,08:00
Pi0930,TURNO 93 DI PINEROLO,Pinerolo,Giovedì,05:15,11:20,000701,PIN - Str. Vecchia di Buriasco-Via Seves - S.Pietro Val Lemina - via Europa fr,,08:19,08:36
Pi0930,TURNO 93 DI PINEROLO,Pinerolo,Giovedì,05:15,11:20,000701,S.Pietro Val Lemina - via Europa 61 - MACELLO - Municipio,,08:40,09:20
Pi0930,TURNO 93 DI PINEROLO,Pinerolo,Giovedì,05:15,11:20,000701,MACELLO - Municipio - S.Pietro Val Lemina - via Europa fr,,09:25,10:03
Pi0930,TURNO 93 DI PINEROLO,Pinerolo,Giovedì,05:15,11:20,000701,S.Pietro Val Lemina - via Europa 61 - MACELLO - Municipio,,10:10,10:50
Pi0950,TURNO 95 DI PINEROLO,Pinerolo,Giovedì,08:05,17:55,000703,Pinerolo Frazione Riva (Domarossa) - PIN - Fiugera,,08:20,08:47
Pi0950,TURNO 95 DI PINEROLO,Pinerolo,Giovedì,08:05,17:55,000703,PIN - Fiugera - Pinerolo Frazione Riva (Domarossa),,09:00,09:30
Pi0950,TURNO 95 DI PINEROLO,Pinerolo,Giovedì,08:05,17:55,000703,Pinerolo Frazione Riva (Domarossa) - PIN - Fiugera,,09:30,09:57
Pi0950,TURNO 95 DI PINEROLO,Pinerolo,Giovedì,08:05,17:55,000703,PIN - Fiugera - Pinerolo Frazione Riva (Domarossa),,10:00,10:30
Pi0950,TURNO 95 DI PINEROLO,Pinerolo,Giovedì,08:05,17:55,000701,PINEROLO - movicentro - MACELLO - Municipio,,13:45,14:03
Pi0950,TURNO 95 DI PINEROLO,Pinerolo,Giovedì,08:05,17:55,000701,MACELLO - Municipio - S.Pietro Val Lemina - via Europa fr,,14:05,14:35
Pi0950,TURNO 95 DI PINEROLO,Pinerolo,Giovedì,08:05,17:55,000701,S.Pietro Val Lemina - via Europa 61 - MACELLO - Municipio,,14:40,15:20
Pi0950,TURNO 95 DI PINEROLO,Pinerolo,Giovedì,08:05,17:55,000901,PINEROLO - movicentro - TORRE PELLICE,,15:50,16:25
Pi0950,TURNO 95 DI PINEROLO,Pinerolo,Giovedì,08:05,17:55,000901,TORRE PELLICE - PINEROLO - movicentro,,17:05,17:40
Pt0010,CAREMA-TORINO-CAREMA,Carema,Giovedì,04:50,14:00,000265,PONT S.MARTIN-pzza IV Novembre - IVREA - Stazione FS est,,05:05,05:39
Pt0010,CAREMA-TORINO-CAREMA,Carema,Giovedì,04:50,14:00,000265,IVREA - Stazione FS est - CHIVASSO - Staz. FS Movicentro,,05:41,06:31
Pt0010,CAREMA-TORINO-CAREMA,Carema,Giovedì,04:50,14:00,000265,CHIVASSO - Staz. FS Movicentro - IVREA - Stazione FS int,,06:35,07:33
Pt0010,CAREMA-TORINO-CAREMA,Carema,Giovedì,04:50,14:00,000265,IVREA - Stazione FS int - PONT S.MARTIN-pzza IV Novembre,,07:35,08:05
Pt0010,CAREMA-TORINO-CAREMA,Carema,Giovedì,04:50,14:00,000265,PONT S.MARTIN-pzza IV Novembre - IVREA - Stazione FS est,,09:52,10:26
Pt0010,CAREMA-TORINO-CAREMA,Carema,Giovedì,04:50,14:00,000265,IVREA - Stazione FS est - CHIVASSO - Staz. FS Movicentro,,10:28,11:18
Pt0010,CAREMA-TORINO-CAREMA,Carema,Giovedì,04:50,14:00,000265,CHIVASSO - Staz. FS Movicentro - IVREA - Stazione FS int,,12:23,13:13
Pt0010,CAREMA-TORINO-CAREMA,Carema,Giovedì,04:50,14:00,000265,IVREA - Stazione FS int - PONT S.MARTIN-pzza IV Novembre,,13:15,13:45
Pt0020,CAREMA-TORINO-CAREMA,Carema,Giovedì,05:10,15:01,000265,PONT S.MARTIN-pzza IV Novembre - IVREA - Stazione FS est,,05:25,05:59
Pt0020,CAREMA-TORINO-CAREMA,Carema,Giovedì,05:10,15:01,000265,IVREA - Stazione FS est - CHIVASSO - p.le Alfa-Lancia,,06:01,06:38
Pt0020,CAREMA-TORINO-CAREMA,Carema,Giovedì,05:10,15:01,000265,CHIVASSO - p.le Alfa-Lancia - TO-Settembrini-Mirafiori FCA,,06:40,07:45
Pt0020,CAREMA-TORINO-CAREMA,Carema,Giovedì,05:10,15:01,000265,TORINO - Autostazione c.so Bolzano - STRAMBINO - c.so Torino,,12:50,14:00
Pt0020,CAREMA-TORINO-CAREMA,Carema,Giovedì,05:10,15:01,000265,STRAMBINO - c.so Torino 44 - PONT S.MARTIN-pzza IV Novembre,,14:02,14:46
Pt0030,CAREMA-TORINO-CAREMA,Carema,Giovedì,05:42,14:20,000265,PONT S.MARTIN-pzza IV Novembre - IVREA - Porta Vercelli,,05:57,06:25
Pt0030,CAREMA-TORINO-CAREMA,Carema,Giovedì,05:42,14:20,000265,IVREA - Porta Vercelli - IVREA - loc Banchette,,06:34,00:09
Pt0030,CAREMA-TORINO-CAREMA,Carema,Giovedì,05:42,14:20,000265,IVREA - loc Banchette - TORINO - Autostazione c.so Bolzano,,06:36,07:31
Pt0030,CAREMA-TORINO-CAREMA,Carema,Giovedì,05:42,14:20,000265,TORINO - Autostazione c.so Bolzano - IVREA - loc Banchette,,07:50,08:51
Pt0030,CAREMA-TORINO-CAREMA,Carema,Giovedì,05:42,14:20,000265,IVREA - loc Banchette - PONT S.MARTIN-pzza IV Novembre,,08:53,09:26
Pt0030,CAREMA-TORINO-CAREMA,Carema,Giovedì,05:42,14:20,000265,PONT S.MARTIN-pzza IV Novembre - IVREA - Stazione FS est,,10:52,11:26
Pt0030,CAREMA-TORINO-CAREMA,Carema,Giovedì,05:42,14:20,000265,IVREA - Stazione FS est - CHIVASSO - Staz. FS Movicentro,,11:28,12:18
Pt0030,CAREMA-TORINO-CAREMA,Carema,Giovedì,05:42,14:20,000265,CHIVASSO - Staz. FS Movicentro - IVREA - Stazione FS int,,12:43,13:33
Pt0030,CAREMA-TORINO-CAREMA,Carema,Giovedì,05:42,14:20,000265,IVREA - Stazione FS int - PONT S.MARTIN-pzza IV Novembre,,13:35,14:05
Pt0040,CAREMA-TORINO-CAREMA,Carema,Giovedì,06:32,18:20,000265,PONT S.MARTIN-pzza IV Novembre - STRAMBINO - c.so Torino,,06:47,07:30
Pt0040,CAREMA-TORINO-CAREMA,Carema,Giovedì,06:32,18:20,000265,STRAMBINO - c.so Torino 45 - TORINO - Autostazione c.so Bolzano,,07:32,08:48
Pt0040,CAREMA-TORINO-CAREMA,Carema,Giovedì,06:32,18:20,000265,TORINO - Autostazione c.so Bolzano - IVREA - loc Banchette,,12:06,13:07
Pt0040,CAREMA-TORINO-CAREMA,Carema,Giovedì,06:32,18:20,000265,IVREA - loc Banchette - PONT S.MARTIN-pzza IV Novembre,,13:09,13:42
Pt0040,CAREMA-TORINO-CAREMA,Carema,Giovedì,06:32,18:20,000265,PONT S.MARTIN-pzza IV Novembre - IVREA - Stazione FS est,,14:52,15:26
Pt0040,CAREMA-TORINO-CAREMA,Carema,Giovedì,06:32,18:20,000265,IVREA - Stazione FS est - CHIVASSO - Staz. FS Movicentro,,15:28,16:18
Pt0040,CAREMA-TORINO-CAREMA,Carema,Giovedì,06:32,18:20,000265,CHIVASSO - Staz. FS Movicentro - IVREA - Stazione FS int,,16:43,17:33
Pt0040,CAREMA-TORINO-CAREMA,Carema,Giovedì,06:32,18:20,000265,IVREA - Stazione FS int - PONT S.MARTIN-pzza IV Novembre,,17:35,18:05
Pt0050,CAREMA-TORINO-CAREMA,Carema,Giovedì,06:07,15:20,000265,PONT S.MARTIN-pzza IV Novembre - IVREA - Porta Vercelli,,06:22,06:50
Pt0050,CAREMA-TORINO-CAREMA,Carema,Giovedì,06:07,15:20,000265,IVREA - Porta Vercelli - IVREA - loc Banchette,,06:59,00:09
Pt0050,CAREMA-TORINO-CAREMA,Carema,Giovedì,06:07,15:20,000265,IVREA - loc Banchette - TORINO - Autostazione c.so Bolzano,,07:01,07:56
Pt0050,CAREMA-TORINO-CAREMA,Carema,Giovedì,06:07,15:20,000265,TORINO - Autostazione c.so Bolzano - STRAMBINO - c.so Torino,,08:15,09:25
Pt0050,CAREMA-TORINO-CAREMA,Carema,Giovedì,06:07,15:20,000265,STRAMBINO - c.so Torino 44 - PONT S.MARTIN-pzza IV Novembre,,09:27,10:11
Pt0050,CAREMA-TORINO-CAREMA,Carema,Giovedì,06:07,15:20,000265,PONT S.MARTIN-pzza IV Novembre - IVREA - Stazione FS est,,11:52,12:26
Pt0050,CAREMA-TORINO-CAREMA,Carema,Giovedì,06:07,15:20,000265,IVREA - Stazione FS est - CHIVASSO - Staz. FS Movicentro,,12:28,13:18
Pt0050,CAREMA-TORINO-CAREMA,Carema,Giovedì,06:07,15:20,000265,CHIVASSO - Staz. FS Movicentro - IVREA - Stazione FS int,,13:43,14:33
Pt0050,CAREMA-TORINO-CAREMA,Carema,Giovedì,06:07,15:20,000265,IVREA - Stazione FS int - PONT S.MARTIN-pzza IV Novembre,,14:35,15:05
Pt0060,CAREMA-TORINO-CAREMA,Carema,Giovedì,05:59,15:57,000265,IVREA - Stazione FS int - PONT S.MARTIN-pzza IV Novembre,,06:34,07:00
Pt0060,CAREMA-TORINO-CAREMA,Carema,Giovedì,05:59,15:57,000265,PONT S.MARTIN-pzza IV Novembre - IVREA - Stazione FS est,,07:52,08:26
Pt0060,CAREMA-TORINO-CAREMA,Carema,Giovedì,05:59,15:57,000265,IVREA - Stazione FS est - CHIVASSO - Staz. FS Movicentro,,08:28,09:18
Pt0060,CAREMA-TORINO-CAREMA,Carema,Giovedì,05:59,15:57,000265,CHIVASSO - Staz. FS Movicentro - IVREA - Stazione FS int,,09:43,10:33
Pt0060,CAREMA-TORINO-CAREMA,Carema,Giovedì,05:59,15:57,000265,IVREA - Stazione FS int - PONT S.MARTIN-pzza IV Novembre,,10:35,11:05
Pt0060,CAREMA-TORINO-CAREMA,Carema,Giovedì,05:59,15:57,000265,PONT S.MARTIN-pzza IV Novembre - IVREA - loc Banchette,,12:22,12:59
Pt0060,CAREMA-TORINO-CAREMA,Carema,Giovedì,05:59,15:57,000265,IVREA - loc Banchette - TORINO - Autostazione c.so Bolzano,,13:01,13:56
Pt0060,CAREMA-TORINO-CAREMA,Carema,Giovedì,05:59,15:57,000265,TORINO - Autostazione c.so Bolzano - IVREA - loc Banchette,,14:06,15:07
Pt0060,CAREMA-TORINO-CAREMA,Carema,Giovedì,05:59,15:57,000265,IVREA - loc Banchette - PONT S.MARTIN-pzza IV Novembre,,15:09,15:42
Pt0080,CAREMA-TORINO-CAREMA,Carema,Giovedì,12:37,18:33,000265,PONT S.MARTIN-pzza IV Novembre - STRAMBINO - c.so Torino,,12:52,13:35
Pt0080,CAREMA-TORINO-CAREMA,Carema,Giovedì,12:37,18:33,000265,STRAMBINO - c.so Torino 45 - TORINO - Autostazione c.so Bolzano,,13:37,14:58
Pt0080,CAREMA-TORINO-CAREMA,Carema,Giovedì,12:37,18:33,000265,TO-p.za Cattaneo-Mirafiori FCA - CHIVASSO - p.le Alfa-Lancia,,16:10,17:06
Pt0080,CAREMA-TORINO-CAREMA,Carema,Giovedì,12:37,18:33,000265,CHIVASSO - p.le Alfa-Lancia - IVREA - Stazione FS int,,17:08,17:46
Pt0080,CAREMA-TORINO-CAREMA,Carema,Giovedì,12:37,18:33,000265,IVREA - Stazione FS int - PONT S.MARTIN-pzza IV Novembre,,17:48,18:18
Pt0090,CAREMA-TORINO-CAREMA,Carema,Giovedì,14:07,20:26,000265,PONT S.MARTIN-pzza IV Novembre - IVREA - loc Banchette,,14:22,14:59
Pt0090,CAREMA-TORINO-CAREMA,Carema,Giovedì,14:07,20:26,000265,IVREA - loc Banchette - TORINO - Autostazione c.so Bolzano,,15:01,15:56
Pt0090,CAREMA-TORINO-CAREMA,Carema,Giovedì,14:07,20:26,000265,TORINO - Autostazione c.so Bolzano - STRAMBINO - c.so Torino,,18:15,19:25
Pt0090,CAREMA-TORINO-CAREMA,Carema,Giovedì,14:07,20:26,000265,STRAMBINO - c.so Torino 44 - PONT S.MARTIN-pzza IV Novembre,,19:27,20:11
Pt0100,CAREMA-TORINO-CAREMA,Carema,Giovedì,13:37,21:20,000265,PONT S.MARTIN-pzza IV Novembre - IVREA - Stazione FS est,,13:52,14:26
Pt0100,CAREMA-TORINO-CAREMA,Carema,Giovedì,13:37,21:20,000265,IVREA - Stazione FS est - CHIVASSO - Staz. FS Movicentro,,14:28,15:23
Pt0100,CAREMA-TORINO-CAREMA,Carema,Giovedì,13:37,21:20,000265,CHIVASSO - Staz. FS Movicentro - IVREA - Stazione FS int,,15:43,16:33
Pt0100,CAREMA-TORINO-CAREMA,Carema,Giovedì,13:37,21:20,000265,IVREA - Stazione FS int - PONT S.MARTIN-pzza IV Novembre,,16:35,17:05
Pt0100,CAREMA-TORINO-CAREMA,Carema,Giovedì,13:37,21:20,000265,PONT S.MARTIN-pzza IV Novembre - IVREA - Stazione FS est,,17:52,18:26
Pt0100,CAREMA-TORINO-CAREMA,Carema,Giovedì,13:37,21:20,000265,IVREA - Stazione FS est - CHIVASSO - Staz. FS Movicentro,,18:28,19:18
Pt0100,CAREMA-TORINO-CAREMA,Carema,Giovedì,13:37,21:20,000265,CHIVASSO - Staz. FS Movicentro - IVREA - Stazione FS int,,19:43,20:33
Pt0100,CAREMA-TORINO-CAREMA,Carema,Giovedì,13:37,21:20,000265,IVREA - Stazione FS int - PONT S.MARTIN-pzza IV Novembre,,20:35,21:05
Pt0110,CAREMA-TORINO-CAREMA,Carema,Giovedì,15:47,23:49,000265,PONT S.MARTIN-pzza IV Novembre - IVREA - Stazione FS est,,16:02,16:36
Pt0110,CAREMA-TORINO-CAREMA,Carema,Giovedì,15:47,23:49,000265,IVREA - Stazione FS est - CHIVASSO - Staz. FS Movicentro,,16:38,17:33
Pt0110,CAREMA-TORINO-CAREMA,Carema,Giovedì,15:47,23:49,000265,CHIVASSO - Staz. FS Movicentro - IVREA - Stazione FS int,,17:43,18:33
Pt0110,CAREMA-TORINO-CAREMA,Carema,Giovedì,15:47,23:49,000265,IVREA - Stazione FS int - PONT S.MARTIN-pzza IV Novembre,,18:35,19:05
Pt0110,CAREMA-TORINO-CAREMA,Carema,Giovedì,15:47,23:49,000265,PONT S.MARTIN-pzza IV Novembre - IVREA - Stazione FS est,,20:22,20:56
Pt0110,CAREMA-TORINO-CAREMA,Carema,Giovedì,15:47,23:49,000265,IVREA - Stazione FS est - CHIVASSO - Staz. FS Movicentro,,20:58,21:48
Pt0110,CAREMA-TORINO-CAREMA,Carema,Giovedì,15:47,23:49,000265,CHIVASSO - Staz. FS Movicentro - IVREA - Stazione FS int,,22:12,23:02
Pt0110,CAREMA-TORINO-CAREMA,Carema,Giovedì,15:47,23:49,000265,IVREA - Stazione FS int - PONT S.MARTIN-pzza IV Novembre,,23:04,23:34
Sa0020,TURNO 602 DI SALBERTRAND,Salbertrand,Giovedì,05:25,12:35,000285,OULX - Stazione FS - SAUZE D'OULX,,05:45,06:00
Sa0020,TURNO 602 DI SALBERTRAND,Salbertrand,Giovedì,05:25,12:35,000285,SAUZE D'OULX - OULX - Stazione FS,,06:00,06:15
Sa0020,TURNO 602 DI SALBERTRAND,Salbertrand,Giovedì,05:25,12:35,000285,SAUZE DI CESANA - Cesana Municipio,,07:15,07:25
Sa0020,TURNO 602 DI SALBERTRAND,Salbertrand,Giovedì,05:25,12:35,000285,Cesana Municipio - OULX - Stazione FS,,07:25,07:45
Sa0020,TURNO 602 DI SALBERTRAND,Salbertrand,Giovedì,05:25,12:35,000285,OULX - Stazione FS - SESTRIERE - parcheggio,,07:50,08:35
Sa0020,TURNO 602 DI SALBERTRAND,Salbertrand,Giovedì,05:25,12:35,000285,SESTRIERE - parcheggio - OULX - Stazione FS,,08:35,09:20
Sa0020,TURNO 602 DI SALBERTRAND,Salbertrand,Giovedì,05:25,12:35,000285,OULX - Stazione FS - SAUZE D'OULX,,09:45,10:00
Sa0020,TURNO 602 DI SALBERTRAND,Salbertrand,Giovedì,05:25,12:35,000285,SAUZE D'OULX - OULX - Stazione FS,,10:00,10:15
Sa0020,TURNO 602 DI SALBERTRAND,Salbertrand,Giovedì,05:25,12:35,000285,OULX - Stazione FS - SAUZE D'OULX,,10:45,11:00
Sa0020,TURNO 602 DI SALBERTRAND,Salbertrand,Giovedì,05:25,12:35,000285,SAUZE D'OULX - OULX - Stazione FS,,11:00,11:15
Sa0020,TURNO 602 DI SALBERTRAND,Salbertrand,Giovedì,05:25,12:35,000285,OULX - Stazione FS - SAUZE D'OULX,,11:45,12:00
Sa0020,TURNO 602 DI SALBERTRAND,Salbertrand,Giovedì,05:25,12:35,000285,SAUZE D'OULX - OULX - Stazione FS,,12:00,12:15
Sa0030,TURNO 603 DI SALBERTRAND,Salbertrand,Giovedì,10:30,19:25,000285,Cesana Municipio - SESTRIERE - parcheggio,,11:00,11:25
Sa0030,TURNO 603 DI SALBERTRAND,Salbertrand,Giovedì,10:30,19:25,000285,SESTRIERE - parcheggio - OULX - Stazione FS,,12:04,12:49
Sa0030,TURNO 603 DI SALBERTRAND,Salbertrand,Giovedì,10:30,19:25,000285,OULX - Stazione FS - SESTRIERE - parcheggio,,13:05,13:50
Sa0030,TURNO 603 DI SALBERTRAND,Salbertrand,Giovedì,10:30,19:25,000285,SESTRIERE - parcheggio - OULX - Stazione FS,,15:30,16:15
Sa0030,TURNO 603 DI SALBERTRAND,Salbertrand,Giovedì,10:30,19:25,000285,OULX - Stazione FS - SESTRIERE - parcheggio,,17:45,18:30
Sa0040,TURNO 604 DI SALBERTRAND,Salbertrand,Giovedì,05:30,11:35,000285,Cesana Municipio - OULX - Stazione FS,,06:00,06:20
Sa0040,TURNO 604 DI SALBERTRAND,Salbertrand,Giovedì,05:30,11:35,000285,OULX - Stazione FS - SESTRIERE - parcheggio,,06:45,07:30
Sa0040,TURNO 604 DI SALBERTRAND,Salbertrand,Giovedì,05:30,11:35,000275,SESTRIERE - parcheggio - PEROSA ARG.-Pzza Terzo Alpini,,07:30,08:40
Sa0040,TURNO 604 DI SALBERTRAND,Salbertrand,Giovedì,05:30,11:35,000275,PEROSA ARG.-Pzza Terzo Alpini - SESTRIERE - parcheggio,,09:20,10:30
Sa0040,TURNO 604 DI SALBERTRAND,Salbertrand,Giovedì,05:30,11:35,000285,SESTRIERE - parcheggio - OULX - Stazione FS,,10:30,11:15
Sa0050,TURNO 605 DI SALBERTRAND,Salbertrand,Giovedì,12:10,20:35,000285,OULX - Stazione FS - SAUZE D'OULX,,12:30,12:45
Sa0050,TURNO 605 DI SALBERTRAND,Salbertrand,Giovedì,12:10,20:35,000285,SAUZE D'OULX - OULX - Stazione FS,,12:45,13:00
Sa0050,TURNO 605 DI SALBERTRAND,Salbertrand,Giovedì,12:10,20:35,000285,OULX - Stazione FS - SAUZE D'OULX,,13:45,14:00
Sa0050,TURNO 605 DI SALBERTRAND,Salbertrand,Giovedì,12:10,20:35,000285,SAUZE D'OULX - OULX - Stazione FS,,14:00,14:15
Sa0050,TURNO 605 DI SALBERTRAND,Salbertrand,Giovedì,12:10,20:35,000285,OULX - Stazione FS - SAUZE D'OULX,,15:45,16:00
Sa0050,TURNO 605 DI SALBERTRAND,Salbertrand,Giovedì,12:10,20:35,000285,SAUZE D'OULX - OULX - Stazione FS,,16:00,16:15
Sa0050,TURNO 605 DI SALBERTRAND,Salbertrand,Giovedì,12:10,20:35,000285,OULX - Stazione FS - SAUZE D'OULX,,16:45,17:00
Sa0050,TURNO 605 DI SALBERTRAND,Salbertrand,Giovedì,12:10,20:35,000285,SAUZE D'OULX - OULX - Stazione FS,,17:00,17:15
Sa0050,TURNO 605 DI SALBERTRAND,Salbertrand,Giovedì,12:10,20:35,000285,OULX - Stazione FS - SAUZE D'OULX,,17:45,18:00
Sa0050,TURNO 605 DI SALBERTRAND,Salbertrand,Giovedì,12:10,20:35,000285,SAUZE D'OULX - OULX - Stazione FS,,18:00,18:15
Sa0050,TURNO 605 DI SALBERTRAND,Salbertrand,Giovedì,12:10,20:35,000285,OULX - Stazione FS - SAUZE D'OULX,,18:45,19:00
Sa0050,TURNO 605 DI SALBERTRAND,Salbertrand,Giovedì,12:10,20:35,000285,SAUZE D'OULX - OULX - Stazione FS,,19:00,19:15
Sa0050,TURNO 605 DI SALBERTRAND,Salbertrand,Giovedì,12:10,20:35,000285,OULX - Stazione FS - SAUZE D'OULX,,19:45,20:00
Sa0050,TURNO 605 DI SALBERTRAND,Salbertrand,Giovedì,12:10,20:35,000285,SAUZE D'OULX - OULX - Stazione FS,,20:00,20:15
Sa0060,TURNO 608 DI SALBERTRAND,Salbertrand,Giovedì,07:30,17:35,000285,OULX - Stazione FS - SAUZE D'OULX,,07:50,08:05
Sa0060,TURNO 608 DI SALBERTRAND,Salbertrand,Giovedì,07:30,17:35,000285,SAUZE D'OULX - OULX - Stazione FS,,08:05,08:20
Sa0060,TURNO 608 DI SALBERTRAND,Salbertrand,Giovedì,07:30,17:35,000285,OULX - Stazione FS - SAUZE D'OULX,,08:45,09:00
Sa0060,TURNO 608 DI SALBERTRAND,Salbertrand,Giovedì,07:30,17:35,000285,SAUZE D'OULX - OULX - Stazione FS,,09:00,09:15
Sa0060,TURNO 608 DI SALBERTRAND,Salbertrand,Giovedì,07:30,17:35,000285,OULX - Stazione FS - Cesana fr Municipio,,13:05,13:25
Sa0060,TURNO 608 DI SALBERTRAND,Salbertrand,Giovedì,07:30,17:35,000285,Cesana fr Municipio - SAUZE DI CESANA,,13:35,00:10
Sa0060,TURNO 608 DI SALBERTRAND,Salbertrand,Giovedì,07:30,17:35,000285,SAUZE DI CESANA - Cesana Municipio,,13:40,13:50
Sa0060,TURNO 608 DI SALBERTRAND,Salbertrand,Giovedì,07:30,17:35,000285,Cesana Municipio - OULX - Stazione FS,,14:05,14:25
Sa0060,TURNO 608 DI SALBERTRAND,Salbertrand,Giovedì,07:30,17:35,000285,OULX - Stazione FS - SAUZE D'OULX,,14:55,15:10
Sa0060,TURNO 608 DI SALBERTRAND,Salbertrand,Giovedì,07:30,17:35,000285,SAUZE D'OULX - OULX - Stazione FS,,15:10,15:25
Sa0060,TURNO 608 DI SALBERTRAND,Salbertrand,Giovedì,07:30,17:35,000285,OULX - Stazione FS - SESTRIERE - parcheggio,,15:45,16:30
Sa0060,TURNO 608 DI SALBERTRAND,Salbertrand,Giovedì,07:30,17:35,000285,SESTRIERE - parcheggio - OULX - Stazione FS,,16:30,17:15
Sa0080,TURNO 619 DI SALBERTRAND,Salbertrand,Giovedì,13:25,20:35,000285,OULX - Stazione FS - SESTRIERE - parcheggio,,13:45,14:30
Sa0080,TURNO 619 DI SALBERTRAND,Salbertrand,Giovedì,13:25,20:35,000275,SESTRIERE - parcheggio - PEROSA ARG.-Pzza Terzo Alpini,,14:30,15:40
Sa0080,TURNO 619 DI SALBERTRAND,Salbertrand,Giovedì,13:25,20:35,000282,PEROSA ARG.-Pzza Terzo Alpini - PINEROLO - movicentro,,17:10,17:42
Sa0080,TURNO 619 DI SALBERTRAND,Salbertrand,Giovedì,13:25,20:35,000275,PINEROLO - movicentro - PEROSA ARG.-Pzza Terzo Alpini,,17:48,18:20
Sa0080,TURNO 619 DI SALBERTRAND,Salbertrand,Giovedì,13:25,20:35,000275,PEROSA ARG.-Pzza Terzo Alpini - SESTRIERE - parcheggio,,18:20,19:30
Sa0080,TURNO 619 DI SALBERTRAND,Salbertrand,Giovedì,13:25,20:35,000285,SESTRIERE - parcheggio - OULX - Stazione FS,,19:30,20:15
Su0010,TURNO 501 DI SUSA,Susa,Giovedì,16:20,23:35,000274,SUSA - stazione FS - FERRIERA - TEKFOR,,16:35,17:20
Su0010,TURNO 501 DI SUSA,Susa,Giovedì,16:20,23:35,000274,FERRIERA - TEKFOR - SUSA - stazione FS,,17:20,18:05
Su0010,TURNO 501 DI SUSA,Susa,Giovedì,16:20,23:35,000286,SUSA - stazione FS - Novalesa,,18:05,18:20
Su0010,TURNO 501 DI SUSA,Susa,Giovedì,16:20,23:35,000286,Novalesa - SUSA - stazione FS,,18:20,18:35
Su0010,TURNO 501 DI SUSA,Susa,Giovedì,16:20,23:35,000905,SUSA - stazione FS - BUSSOLENO - stazione FS,,18:55,19:05
Su0010,TURNO 501 DI SUSA,Susa,Giovedì,16:20,23:35,000905,BUSSOLENO - stazione FS - Susa Stazions F.S.,,19:10,19:20
Su0010,TURNO 501 DI SUSA,Susa,Giovedì,16:20,23:35,000274,SUSA - stazione FS - LUTHER KING - TEKFOR,,21:00,21:45
Su0010,TURNO 501 DI SUSA,Susa,Giovedì,16:20,23:35,000123,LUTHER KING - TEKFOR - FERRIERA - TEKFOR,,21:50,00:05
Su0010,TURNO 501 DI SUSA,Susa,Giovedì,16:20,23:35,000123,FERRIERA - TEKFOR - LUTHER KING - TEKFOR,,22:10,22:15
Su0010,TURNO 501 DI SUSA,Susa,Giovedì,16:20,23:35,000274,LUTHER KING - TEKFOR - SUSA - stazione FS,,22:15,22:55
Su0010,TURNO 501 DI SUSA,Susa,Giovedì,16:20,23:35,000274,SUSA - stazione FS - Novalesa,,23:00,23:10
Su0020,TURNO 502 DI SUSA,Susa,Giovedì,06:25,13:15,000286,SUSA - stazione FS - EXILLES,,06:40,07:00
Su0020,TURNO 502 DI SUSA,Susa,Giovedì,06:25,13:15,000286,EXILLES - SUSA - stazione FS,,07:10,07:30
Su0020,TURNO 502 DI SUSA,Susa,Giovedì,06:25,13:15,000286,SUSA - stazione FS - Novalesa,,11:15,11:30
Su0020,TURNO 502 DI SUSA,Susa,Giovedì,06:25,13:15,000286,Novalesa - SUSA - stazione FS,,11:35,11:50
Su0020,TURNO 502 DI SUSA,Susa,Giovedì,06:25,13:15,000286,SUSA - stazione FS - Novalesa,,12:30,12:45
Su0020,TURNO 502 DI SUSA,Susa,Giovedì,06:25,13:15,000274,Novalesa - SUSA - stazione FS,,12:45,13:00
Su0040,TURNO 504 DI SUSA,Susa,Giovedì,12:15,19:50,000286,SUSA - stazione FS - EXILLES,,12:30,12:50
Su0040,TURNO 504 DI SUSA,Susa,Giovedì,12:15,19:50,000286,EXILLES - SUSA - stazione FS,,13:00,13:20
Su0040,TURNO 504 DI SUSA,Susa,Giovedì,12:15,19:50,000286,SUSA - stazione FS - Novalesa,,14:15,14:30
Su0040,TURNO 504 DI SUSA,Susa,Giovedì,12:15,19:50,000286,Novalesa - SUSA - stazione FS,,14:30,14:45
Su0040,TURNO 504 DI SUSA,Susa,Giovedì,12:15,19:50,000274,CASCINE VICA - AVIGLIANA - stazione FS,,16:30,16:54
Su0040,TURNO 504 DI SUSA,Susa,Giovedì,12:15,19:50,000274,AVIGLIANA - stazione FS - SUSA - stazione FS,,16:56,17:35
Su0040,TURNO 504 DI SUSA,Susa,Giovedì,12:15,19:50,000286,SUSA - stazione FS - EXILLES,,18:05,18:25
Su0040,TURNO 504 DI SUSA,Susa,Giovedì,12:15,19:50,000286,EXILLES - SUSA - stazione FS,,18:25,18:45
Su0040,TURNO 504 DI SUSA,Susa,Giovedì,12:15,19:50,000286,SUSA - stazione FS - Novalesa,,19:00,19:15
Su0040,TURNO 504 DI SUSA,Susa,Giovedì,12:15,19:50,000286,Novalesa - SUSA - stazione FS,,19:20,19:35
Su0060,TURNO 506 DI SUSA,Susa,Giovedì,06:15,15:50,000274,SUSA - stazione FS - FERRIERA - TEKFOR,,06:30,07:15
Su0060,TURNO 506 DI SUSA,Susa,Giovedì,06:15,15:50,000274,FERRIERA - TEKFOR - S.Antonino-via Moncenisio 87 (Scuole M),,07:15,07:40
Su0060,TURNO 506 DI SUSA,Susa,Giovedì,06:15,15:50,000274,S.Antonino-via Moncenisio 87 (Scuole M) - SUSA - stazione FS,,07:40,08:10
Su0060,TURNO 506 DI SUSA,Susa,Giovedì,06:15,15:50,000286,SUSA - stazione FS - Novalesa,,08:15,08:30
Su0060,TURNO 506 DI SUSA,Susa,Giovedì,06:15,15:50,000286,Novalesa - SUSA - stazione FS,,08:30,08:45
Su0060,TURNO 506 DI SUSA,Susa,Giovedì,06:15,15:50,000274,SUSA - stazione FS - LUTHER KING - TEKFOR,,13:00,13:45
Su0060,TURNO 506 DI SUSA,Susa,Giovedì,06:15,15:50,000123,LUTHER KING - TEKFOR - FERRIERA - TEKFOR,,13:50,00:05
Su0060,TURNO 506 DI SUSA,Susa,Giovedì,06:15,15:50,000123,FERRIERA - TEKFOR - LUTHER KING - TEKFOR,,14:10,14:15
Su0060,TURNO 506 DI SUSA,Susa,Giovedì,06:15,15:50,000274,LUTHER KING - TEKFOR - SUSA - stazione FS,,14:15,15:00
Su0060,TURNO 506 DI SUSA,Susa,Giovedì,06:15,15:50,000274,SUSA - stazione FS - Novalesa,,15:05,15:20
Su0060,TURNO 506 DI SUSA,Susa,Giovedì,06:15,15:50,000286,Novalesa - SUSA - stazione FS,,15:20,15:35
Su0070,TURNO 507 DI SUSA,Susa,Giovedì,05:20,12:55,000286,SUSA - stazione FS - Novalesa,,05:35,05:50
Su0070,TURNO 507 DI SUSA,Susa,Giovedì,05:20,12:55,000286,Novalesa - SUSA - stazione FS,,05:50,06:05
Su0070,TURNO 507 DI SUSA,Susa,Giovedì,05:20,12:55,000274,SUSA - stazione FS - AVIGLIANA - stazione FS,,06:05,06:46
Su0070,TURNO 507 DI SUSA,Susa,Giovedì,05:20,12:55,000274,AVIGLIANA - stazione FS - CASCINE VICA,,06:48,07:10
Su0070,TURNO 507 DI SUSA,Susa,Giovedì,05:20,12:55,000286,BUSSOLENO - stazione FS - OULX - Stazione FS,,09:50,10:40
Su0070,TURNO 507 DI SUSA,Susa,Giovedì,05:20,12:55,000285,OULX - Stazione FS - CLAVIERE,,10:40,11:15
Su0070,TURNO 507 DI SUSA,Susa,Giovedì,05:20,12:55,000285,CLAVIERE - OULX - Stazione FS,,11:15,11:50
Su0070,TURNO 507 DI SUSA,Susa,Giovedì,05:20,12:55,000286,OULX - Stazione FS - SUSA - stazione FS,,12:05,12:40
Su0080,TURNO 508 DI SUSA,Susa,Giovedì,04:20,15:20,000274,Novalesa - SUSA - stazione FS,,04:45,05:00
Su0080,TURNO 508 DI SUSA,Susa,Giovedì,04:20,15:20,000274,SUSA - stazione FS - LUTHER KING - TEKFOR,,05:00,05:45
Su0080,TURNO 508 DI SUSA,Susa,Giovedì,04:20,15:20,000274,LUTHER KING - TEKFOR - SUSA - stazione FS,,06:15,07:00
Su0080,TURNO 508 DI SUSA,Susa,Giovedì,04:20,15:20,000274,SUSA - stazione FS - AVIGLIANA - stazione FS,,07:05,07:44
Su0080,TURNO 508 DI SUSA,Susa,Giovedì,04:20,15:20,000286,SUSA - stazione FS - EXILLES,,13:55,14:15
Su0080,TURNO 508 DI SUSA,Susa,Giovedì,04:20,15:20,000286,EXILLES - SUSA - stazione FS,,14:45,15:05
Su0090,TURNO 509 DI SUSA,Susa,Giovedì,04:45,15:15,000274,SUSA - stazione FS - LUTHER KING - TEKFOR,,05:00,05:45
Su0090,TURNO 509 DI SUSA,Susa,Giovedì,04:45,15:15,000123,LUTHER KING - TEKFOR - FERRIERA - TEKFOR,,05:50,
Su0090,TURNO 509 DI SUSA,Susa,Giovedì,04:45,15:15,000123,FERRIERA - TEKFOR - LUTHER KING - TEKFOR,,06:10,06:15
Su0090,TURNO 509 DI SUSA,Susa,Giovedì,04:45,15:15,000274,LUTHER KING - TEKFOR - SUSA - stazione FS,,06:15,07:00
Su0090,TURNO 509 DI SUSA,Susa,Giovedì,04:45,15:15,000274,SUSA - stazione FS - Novalesa,,07:00,07:15
Su0090,TURNO 509 DI SUSA,Susa,Giovedì,04:45,15:15,000286,Novalesa - SUSA - stazione FS,,07:15,07:30
Su0090,TURNO 509 DI SUSA,Susa,Giovedì,04:45,15:15,000286,SUSA - stazione FS - MEANA,,07:40,00:10
Su0090,TURNO 509 DI SUSA,Susa,Giovedì,04:45,15:15,000286,MEANA - SUSA - stazione FS,,07:50,00:10
Su0090,TURNO 509 DI SUSA,Susa,Giovedì,04:45,15:15,000286,SUSA - stazione FS - EXILLES,,07:55,08:15
Su0090,TURNO 509 DI SUSA,Susa,Giovedì,04:45,15:15,000286,EXILLES - SUSA - stazione FS,,08:20,08:40
Su0090,TURNO 509 DI SUSA,Susa,Giovedì,04:45,15:15,000274,SUSA - stazione FS - LUTHER KING - TEKFOR,,13:05,13:45
Su0090,TURNO 509 DI SUSA,Susa,Giovedì,04:45,15:15,000274,LUTHER KING - TEKFOR - SUSA - stazione FS,,14:15,15:00
Su0100,TURNO 510 DI SUSA,Susa,Giovedì,12:55,18:35,000286,SUSA - stazione FS - MEANA,,13:20,00:10
Su0100,TURNO 510 DI SUSA,Susa,Giovedì,12:55,18:35,000286,MEANA - SUSA - stazione FS,,13:30,00:10
Su0100,TURNO 510 DI SUSA,Susa,Giovedì,12:55,18:35,000286,SUSA - stazione FS - OULX - Stazione FS,,14:40,15:15
Su0100,TURNO 510 DI SUSA,Susa,Giovedì,12:55,18:35,000285,OULX - Stazione FS - CLAVIERE,,15:15,15:50
Su0100,TURNO 510 DI SUSA,Susa,Giovedì,12:55,18:35,000285,CLAVIERE - OULX - Stazione FS,,15:50,16:25
Su0100,TURNO 510 DI SUSA,Susa,Giovedì,12:55,18:35,000286,OULX - Stazione FS - BUSSOLENO - stazione FS,,16:45,17:35
Su0100,TURNO 510 DI SUSA,Susa,Giovedì,12:55,18:35,000905,SUSA - stazione FS - BUSSOLENO - stazione FS,,17:55,18:05
Su0100,TURNO 510 DI SUSA,Susa,Giovedì,12:55,18:35,000905,BUSSOLENO - stazione FS - Susa Stazions F.S.,,18:10,18:20
To0100,Torino-Ivrea - Torino-Caselle,Torino,Giovedì,14:56,23:56,000265,TORINO - Autostazione c.so Bolzano - IVREA - loc Banchette,,15:36,16:37
To0100,Torino-Ivrea - Torino-Caselle,Torino,Giovedì,14:56,23:56,000265,IVREA - loc Banchette - IVREA - Porta Vercelli,,16:39,16:44
To0100,Torino-Ivrea - Torino-Caselle,Torino,Giovedì,14:56,23:56,000265,IVREA - Porta Vercelli - TORINO - Autostazione c.so Bolzano,,16:55,18:06
To0100,Torino-Ivrea - Torino-Caselle,Torino,Giovedì,14:56,23:56,000119,TO - Via Botticelli-Piazza Rebaudengo - TO - Corso Belgio,,20:45,21:00
To0100,Torino-Ivrea - Torino-Caselle,Torino,Giovedì,14:56,23:56,000277,TO - Corso Belgio - AIRASCA - stabilimento SKF,,21:00,22:00
To0100,Torino-Ivrea - Torino-Caselle,Torino,Giovedì,14:56,23:56,000277,AIRASCA - stabilimento SKF - TO - c.so Francia/via Pasteur,,22:30,23:15
To0100,Torino-Ivrea - Torino-Caselle,Torino,Giovedì,14:56,23:56,000119,TO - c.so Francia/via Pasteur - CollegnoCorso Francia ang XXIV Maggio,,23:15,23:31
To0130,TORINO-IVREA-TORINO,Torino,Giovedì,13:35,23:19,000268,TO - piazza Carlo Felice - CASELLE Aeroporto,,14:30,15:07
To0130,TORINO-IVREA-TORINO,Torino,Giovedì,13:35,23:19,000268,CASELLE Aeroporto - TO - piazza Carlo Felice,,15:30,16:15
To0130,TORINO-IVREA-TORINO,Torino,Giovedì,13:35,23:19,000265,TORINO - Autostazione c.so Bolzano - IVREA - loc Banchette,,17:16,18:17
To0130,TORINO-IVREA-TORINO,Torino,Giovedì,13:35,23:19,000265,IVREA - loc Banchette - IVREA - Porta Vercelli,,18:19,18:24
To0130,TORINO-IVREA-TORINO,Torino,Giovedì,13:35,23:19,000265,IVREA - Porta Vercelli - IVREA - loc Banchette,,18:30,18:39
To0130,TORINO-IVREA-TORINO,Torino,Giovedì,13:35,23:19,000265,IVREA - loc Banchette - TORINO - Autostazione c.so Bolzano,,18:41,19:36
To0130,TORINO-IVREA-TORINO,Torino,Giovedì,13:35,23:19,000268,TO - piazza Carlo Felice - CASELLE Aeroporto,,21:00,21:37
To0130,TORINO-IVREA-TORINO,Torino,Giovedì,13:35,23:19,000268,CASELLE Aeroporto - TO - piazza Carlo Felice,,22:00,22:39
To0240,TORINO - IVREA - CARIGNANO,Torino,Giovedì,05:43,15:00,000265,TORINO - Autostazione c.so Bolzano - IVREA - c.so Vercelli,,06:23,07:32
To0240,TORINO - IVREA - CARIGNANO,Torino,Giovedì,05:43,15:00,000265,IVREA - Porta Vercelli - IVREA - loc Banchette,,07:40,07:51
To0240,TORINO - IVREA - CARIGNANO,Torino,Giovedì,05:43,15:00,000265,IVREA - loc Banchette - TORINO - Autostazione c.so Bolzano,,07:53,08:56
To0240,TORINO - IVREA - CARIGNANO,Torino,Giovedì,05:43,15:00,000275,TORINO - Autostazione c.so Bolzano - PINEROLO - movicentro,,10:41,11:44
To0240,TORINO - IVREA - CARIGNANO,Torino,Giovedì,05:43,15:00,000284,PEROSA ARG.-Pzza Terzo Alpini - AIRASCA - stabilimento SKF,,13:10,13:55
To0260,TORINO-CASELLE-TORINO,Torino,Giovedì,04:05,11:34,000268,TO - piazza Carlo Felice - CASELLE Aeroporto,,04:45,05:30
To0260,TORINO-CASELLE-TORINO,Torino,Giovedì,04:05,11:34,000268,CASELLE Aeroporto - TO - piazza Carlo Felice,,06:10,06:55
To0260,TORINO-CASELLE-TORINO,Torino,Giovedì,04:05,11:34,000268,TO - piazza Carlo Felice - CASELLE Aeroporto,,07:15,08:00
To0260,TORINO-CASELLE-TORINO,Torino,Giovedì,04:05,11:34,000268,CASELLE Aeroporto - TO - piazza Carlo Felice,,08:15,09:00
To0260,TORINO-CASELLE-TORINO,Torino,Giovedì,04:05,11:34,000268,TO - piazza Carlo Felice - CASELLE Aeroporto,,09:15,10:00
To0260,TORINO-CASELLE-TORINO,Torino,Giovedì,04:05,11:34,000268,CASELLE Aeroporto - TO - piazza Carlo Felice,,10:15,10:54
To0270,TORINO-CASELLE-TORINO,Torino,Giovedì,04:35,11:55,000268,TO - piazza Carlo Felice - CASELLE Aeroporto,,05:15,06:00
To0270,TORINO-CASELLE-TORINO,Torino,Giovedì,04:35,11:55,000268,CASELLE Aeroporto - TO - piazza Carlo Felice,,06:30,07:15
To0270,TORINO-CASELLE-TORINO,Torino,Giovedì,04:35,11:55,000268,TO - piazza Carlo Felice - CASELLE Aeroporto,,07:30,08:07
To0270,TORINO-CASELLE-TORINO,Torino,Giovedì,04:35,11:55,000268,CASELLE Aeroporto - TO - piazza Carlo Felice,,08:30,09:15
To0270,TORINO-CASELLE-TORINO,Torino,Giovedì,04:35,11:55,000268,TO - piazza Carlo Felice - CASELLE Aeroporto,,09:30,10:07
To0270,TORINO-CASELLE-TORINO,Torino,Giovedì,04:35,11:55,000268,CASELLE Aeroporto - TO - piazza Carlo Felice,,10:30,11:15
To0280,TORINO-CASELLE-TORINO,Torino,Giovedì,05:05,12:55,000268,TO - piazza Carlo Felice - CASELLE Aeroporto,,05:45,06:30
To0280,TORINO-CASELLE-TORINO,Torino,Giovedì,05:05,12:55,000268,CASELLE Aeroporto - TO - piazza Carlo Felice,,07:25,08:10
To0280,TORINO-CASELLE-TORINO,Torino,Giovedì,05:05,12:55,000268,TO - piazza Carlo Felice - CASELLE Aeroporto,,08:30,09:07
To0280,TORINO-CASELLE-TORINO,Torino,Giovedì,05:05,12:55,000268,CASELLE Aeroporto - TO - piazza Carlo Felice,,09:30,10:15
To0280,TORINO-CASELLE-TORINO,Torino,Giovedì,05:05,12:55,000268,TO - piazza Carlo Felice - CASELLE Aeroporto,,10:30,11:07
To0280,TORINO-CASELLE-TORINO,Torino,Giovedì,05:05,12:55,000268,CASELLE Aeroporto - TO - piazza Carlo Felice,,11:30,12:15
To0290,TORINO-CASELLE-TORINO,Torino,Giovedì,05:50,13:55,000268,TO - piazza Carlo Felice - CASELLE Aeroporto,,06:30,07:15
To0290,TORINO-CASELLE-TORINO,Torino,Giovedì,05:50,13:55,000268,CASELLE Aeroporto - TO - piazza Carlo Felice,,07:45,08:30
To0290,TORINO-CASELLE-TORINO,Torino,Giovedì,05:50,13:55,000268,TO - piazza Carlo Felice - CASELLE Aeroporto,,09:00,09:37
To0290,TORINO-CASELLE-TORINO,Torino,Giovedì,05:50,13:55,000268,CASELLE Aeroporto - TO - piazza Carlo Felice,,10:00,10:45
To0290,TORINO-CASELLE-TORINO,Torino,Giovedì,05:50,13:55,000268,TO - piazza Carlo Felice - CASELLE Aeroporto,,11:30,12:07
To0290,TORINO-CASELLE-TORINO,Torino,Giovedì,05:50,13:55,000268,CASELLE Aeroporto - TO - piazza Carlo Felice,,12:30,13:15
To0300,TORINO-CASELLE-TORINO,Torino,Giovedì,06:20,14:34,000268,TO - piazza Carlo Felice - CASELLE Aeroporto,,07:00,07:37
To0300,TORINO-CASELLE-TORINO,Torino,Giovedì,06:20,14:34,000268,CASELLE Aeroporto - TO - piazza Carlo Felice,,08:00,08:45
To0300,TORINO-CASELLE-TORINO,Torino,Giovedì,06:20,14:34,000268,TO - piazza Carlo Felice - CASELLE Aeroporto,,10:00,10:37
To0300,TORINO-CASELLE-TORINO,Torino,Giovedì,06:20,14:34,000268,CASELLE Aeroporto - TO - piazza Carlo Felice,,11:00,11:45
To0300,TORINO-CASELLE-TORINO,Torino,Giovedì,06:20,14:34,000268,TO - piazza Carlo Felice - CASELLE Aeroporto,,12:15,13:00
To0300,TORINO-CASELLE-TORINO,Torino,Giovedì,06:20,14:34,000268,CASELLE Aeroporto - TO - piazza Carlo Felice,,13:15,13:54
To0305,TORINO-CASELLE-TORINO,Torino,Giovedì,07:20,15:04,000268,TO - piazza Carlo Felice - CASELLE Aeroporto,,08:00,08:37
To0305,TORINO-CASELLE-TORINO,Torino,Giovedì,07:20,15:04,000268,CASELLE Aeroporto - TO - piazza Carlo Felice,,09:00,09:45
To0305,TORINO-CASELLE-TORINO,Torino,Giovedì,07:20,15:04,000268,TO - piazza Carlo Felice - CASELLE Aeroporto,,11:00,11:37
To0305,TORINO-CASELLE-TORINO,Torino,Giovedì,07:20,15:04,000268,CASELLE Aeroporto - TO - piazza Carlo Felice,,12:00,12:45
To0305,TORINO-CASELLE-TORINO,Torino,Giovedì,07:20,15:04,000268,TO - piazza Carlo Felice - CASELLE Aeroporto,,13:00,13:37
To0305,TORINO-CASELLE-TORINO,Torino,Giovedì,07:20,15:04,000268,CASELLE Aeroporto - TO - piazza Carlo Felice,,13:45,14:24
To0310,TORINO-CASELLE-TORINO,Torino,Giovedì,11:20,18:25,000268,TO - piazza Carlo Felice - CASELLE Aeroporto,,12:00,12:37
To0310,TORINO-CASELLE-TORINO,Torino,Giovedì,11:20,18:25,000268,CASELLE Aeroporto - TO - piazza Carlo Felice,,13:00,13:45
To0310,TORINO-CASELLE-TORINO,Torino,Giovedì,11:20,18:25,000268,TO - piazza Carlo Felice - CASELLE Aeroporto,,14:00,14:37
To0310,TORINO-CASELLE-TORINO,Torino,Giovedì,11:20,18:25,000268,CASELLE Aeroporto - TO - piazza Carlo Felice,,15:00,15:45
To0310,TORINO-CASELLE-TORINO,Torino,Giovedì,11:20,18:25,000268,TO - piazza Carlo Felice - CASELLE Aeroporto,,16:00,16:37
To0310,TORINO-CASELLE-TORINO,Torino,Giovedì,11:20,18:25,000268,CASELLE Aeroporto - TO - piazza Carlo Felice,,17:00,17:45
To0320,TORINO-CASELLE-TORINO,Torino,Giovedì,12:35,19:55,000268,TO - piazza Carlo Felice - CASELLE Aeroporto,,13:15,14:00
To0320,TORINO-CASELLE-TORINO,Torino,Giovedì,12:35,19:55,000268,CASELLE Aeroporto - TO - piazza Carlo Felice,,14:15,14:54
To0320,TORINO-CASELLE-TORINO,Torino,Giovedì,12:35,19:55,000268,TO - piazza Carlo Felice - CASELLE Aeroporto,,15:15,16:00
To0320,TORINO-CASELLE-TORINO,Torino,Giovedì,12:35,19:55,000268,CASELLE Aeroporto - TO - piazza Carlo Felice,,16:15,16:54
To0320,TORINO-CASELLE-TORINO,Torino,Giovedì,12:35,19:55,000268,TO - piazza Carlo Felice - CASELLE Aeroporto,,17:30,18:15
To0320,TORINO-CASELLE-TORINO,Torino,Giovedì,12:35,19:55,000268,CASELLE Aeroporto - TO - piazza Carlo Felice,,18:30,19:15
To0330,TORINO-CASELLE-TORINO,Torino,Giovedì,12:35,21:05,000268,TO - piazza Carlo Felice - CASELLE Aeroporto,,13:30,14:15
To0330,TORINO-CASELLE-TORINO,Torino,Giovedì,12:35,21:05,000268,CASELLE Aeroporto - TO - piazza Carlo Felice,,14:30,15:15
To0330,TORINO-CASELLE-TORINO,Torino,Giovedì,12:35,21:05,000268,TO - piazza Carlo Felice - CASELLE Aeroporto,,15:30,16:07
To0330,TORINO-CASELLE-TORINO,Torino,Giovedì,12:35,21:05,000268,CASELLE Aeroporto - TO - piazza Carlo Felice,,16:30,17:15
To0330,TORINO-CASELLE-TORINO,Torino,Giovedì,12:35,21:05,000268,TO - piazza Carlo Felice - CASELLE Aeroporto,,18:00,18:45
To0330,TORINO-CASELLE-TORINO,Torino,Giovedì,12:35,21:05,000268,CASELLE Aeroporto - TO - piazza Carlo Felice,,19:40,20:25
To0340,TORINO-CASELLE-TORINO,Torino,Giovedì,15:35,00:19,000268,TO - piazza Carlo Felice - CASELLE Aeroporto,,16:15,17:00
To0340,TORINO-CASELLE-TORINO,Torino,Giovedì,15:35,00:19,000268,CASELLE Aeroporto - TO - piazza Carlo Felice,,17:30,18:15
To0340,TORINO-CASELLE-TORINO,Torino,Giovedì,15:35,00:19,000268,TO - piazza Carlo Felice - CASELLE Aeroporto,,18:30,19:15
To0340,TORINO-CASELLE-TORINO,Torino,Giovedì,15:35,00:19,000268,CASELLE Aeroporto - TO - piazza Carlo Felice,,20:30,21:15
To0340,TORINO-CASELLE-TORINO,Torino,Giovedì,15:35,00:19,000268,TO - piazza Carlo Felice - CASELLE Aeroporto,,21:30,22:15
To0340,TORINO-CASELLE-TORINO,Torino,Giovedì,15:35,00:19,000268,CASELLE Aeroporto - TO - piazza Carlo Felice,,23:00,23:39
To0350,TORINO-CASELLE-TORINO,Torino,Giovedì,16:05,00:55,000268,TO - piazza Carlo Felice - CASELLE Aeroporto,,16:45,17:30
To0350,TORINO-CASELLE-TORINO,Torino,Giovedì,16:05,00:55,000268,CASELLE Aeroporto - TO - piazza Carlo Felice,,17:45,18:24
To0350,TORINO-CASELLE-TORINO,Torino,Giovedì,16:05,00:55,000268,TO - piazza Carlo Felice - CASELLE Aeroporto,,18:45,19:30
To0350,TORINO-CASELLE-TORINO,Torino,Giovedì,16:05,00:55,000268,CASELLE Aeroporto - TO - piazza Carlo Felice,,20:00,20:39
To0350,TORINO-CASELLE-TORINO,Torino,Giovedì,16:05,00:55,000268,TO - piazza Carlo Felice - CASELLE Aeroporto,,22:30,23:15
To0350,TORINO-CASELLE-TORINO,Torino,Giovedì,16:05,00:55,000268,CASELLE Aeroporto - TO - piazza Carlo Felice,,23:30,00:15
To0360,TORINO-CASELLE-TORINO,Torino,Giovedì,16:35,01:25,000268,CASELLE Aeroporto - TO - piazza Carlo Felice,,00:00,00:45
To0360,TORINO-CASELLE-TORINO,Torino,Giovedì,16:35,01:25,000268,TO - piazza Carlo Felice - CASELLE Aeroporto,,17:15,18:00
To0360,TORINO-CASELLE-TORINO,Torino,Giovedì,16:35,01:25,000268,CASELLE Aeroporto - TO - piazza Carlo Felice,,18:15,18:54
To0360,TORINO-CASELLE-TORINO,Torino,Giovedì,16:35,01:25,000268,TO - piazza Carlo Felice - CASELLE Aeroporto,,19:20,20:05
To0360,TORINO-CASELLE-TORINO,Torino,Giovedì,16:35,01:25,000268,CASELLE Aeroporto - TO - piazza Carlo Felice,,21:30,22:15
To0360,TORINO-CASELLE-TORINO,Torino,Giovedì,16:35,01:25,000268,TO - piazza Carlo Felice - CASELLE Aeroporto,,23:00,23:37
To0600,TURNO 600 DI TORINO,Torino,Giovedì,04:00,10:50,000119,TO - Viale dei Mughetti - TO - Cso Vittorio 169-Via Cesana,,04:40,05:09
To0600,TURNO 600 DI TORINO,Torino,Giovedì,04:00,10:50,000277,TO - Cso Vittorio 169-Via Cesana - AIRASCA - stabilimento SKF,,05:09,05:50
To0600,TURNO 600 DI TORINO,Torino,Giovedì,04:00,10:50,000277,AIRASCA - stabilimento SKF - TO - Via Napione - Corso Regina Margheri,,06:30,07:19
To0600,TURNO 600 DI TORINO,Torino,Giovedì,04:00,10:50,000119,TO - Via Napione - Corso Regina Margheri - TO - Via Botticelli-Piazza Rebaudengo,,07:24,00:05
To0610,TURNO 610 DI TORINO,Torino,Giovedì,06:07,16:30,000119,Via Oxilia-Cso Giulio Cesare - TO - Via De Sanctis-Via Chambery,,06:47,07:10
To0610,TURNO 610 DI TORINO,Torino,Giovedì,06:07,16:30,000277,TO - Via De Sanctis-Via Chambery - AIRASCA - stabilimento SKF,,07:10,08:10
To0610,TURNO 610 DI TORINO,Torino,Giovedì,06:07,16:30,000119,COL - Cso Francia - Via Costa - TO - cso Francia/via Rieti,,12:45,13:01
To0610,TURNO 610 DI TORINO,Torino,Giovedì,06:07,16:30,000277,TO - cso Francia/via Rieti - AIRASCA - stabilimento SKF,,13:01,13:55
To0610,TURNO 610 DI TORINO,Torino,Giovedì,06:07,16:30,000277,AIRASCA - stabilimento SKF - TO - Cso Vittorio 168-Via Saffi,,14:30,15:20
To0610,TURNO 610 DI TORINO,Torino,Giovedì,06:07,16:30,000119,TO - Cso Vittorio 168-Via Saffi - TO - Viale dei Mughetti,,15:20,15:50
To0620,TURNO 620 DI TORINO,Torino,Giovedì,06:15,15:38,000266,TORINO - c.so Maroncelli 34 - RONDISSONE - p.za Roma,,06:55,07:59
To0620,TURNO 620 DI TORINO,Torino,Giovedì,06:15,15:38,000266,RONDISSONE - p.za Roma - SALUGGIA - LivaNova,,08:01,08:20
To0620,TURNO 620 DI TORINO,Torino,Giovedì,06:15,15:38,000277,Beinasco (Banca SanPaolo) - AIRASCA - stabilimento SKF,,13:05,13:55
To0620,TURNO 620 DI TORINO,Torino,Giovedì,06:15,15:38,000277,AIRASCA - stabilimento SKF - Beinasco (Banca SanPaolo),,14:30,15:13
To0640,TURNO 640 DI TORINO,Torino,Giovedì,17:01,00:24,000275,TORINO - Autostazione c.so Bolzano - PINEROLO - movicentro,,17:41,18:44
To0640,TURNO 640 DI TORINO,Torino,Giovedì,17:01,00:24,000275,PINEROLO - movicentro - PEROSA ARG.-Pzza Terzo Alpini,,18:48,19:20
To0640,TURNO 640 DI TORINO,Torino,Giovedì,17:01,00:24,000275,PEROSA ARG.-Pzza Terzo Alpini - FENESTRELLE - Via Nazionale,,19:20,19:50
To0640,TURNO 640 DI TORINO,Torino,Giovedì,17:01,00:24,000275,FENESTRELLE - Via Nazionale - VIL - Boge,,21:10,21:50
To0640,TURNO 640 DI TORINO,Torino,Giovedì,17:01,00:24,000277,AIRASCA - stabilimento SKF - TO - Cso Vittorio 168-Via Saffi,,22:30,23:14
To0640,TURNO 640 DI TORINO,Torino,Giovedì,17:01,00:24,000119,TO - Cso Vittorio 168-Via Saffi - TO - Viale dei Mughetti,,23:14,23:44
To0660,TURNO 660 DI TORINO,Torino,Giovedì,15:51,00:18,000275,TORINO - Autostazione c.so Bolzano - PINEROLO - movicentro,,16:31,17:44
To0660,TURNO 660 DI TORINO,Torino,Giovedì,15:51,00:18,000282,PINEROLO - movicentro - TORINO - Autostazione c.so Bolzano,,17:46,18:57
To0660,TURNO 660 DI TORINO,Torino,Giovedì,15:51,00:18,000121,MOPAR FCA - RIVALTA Via Primo Maggio C11 - FCA-MOPAR (L.go Sen. Agnelli),,22:15,22:35
To0660,TURNO 660 DI TORINO,Torino,Giovedì,15:51,00:18,000277,FCA-MOPAR (L.go Sen. Agnelli) - TO - Via Accademia Albertina,,22:35,23:25
To0660,TURNO 660 DI TORINO,Torino,Giovedì,15:51,00:18,000121,TO - Via Accademia Albertina 35 - TO - Lungo Dora Firenze,,23:25,23:38
To0670,TURNO 670 DI TORINO,Torino,Giovedì,14:23,22:59,000282,TORINO - Autostazione c.so Bolzano - PINEROLO - Piazza Cavour,,15:03,16:20
To0670,TURNO 670 DI TORINO,Torino,Giovedì,14:23,22:59,000282,None - Stab. Streglio - TORINO - Autostazione c.so Bolzano,,17:22,18:15
To0670,TURNO 670 DI TORINO,Torino,Giovedì,14:23,22:59,000282,TORINO - Autostazione c.so Bolzano - PINEROLO - movicentro,,19:03,20:14
To0670,TURNO 670 DI TORINO,Torino,Giovedì,14:23,22:59,000275,PINEROLO - movicentro - TORINO - Autostazione c.so Bolzano,,21:16,22:19
To0680,TURNO 680 DI TORINO,Torino,Giovedì,16:23,00:35,000282,TORINO - Autostazione c.so Bolzano - PINEROLO - movicentro,,17:03,18:14
To0680,TURNO 680 DI TORINO,Torino,Giovedì,16:23,00:35,000275,PINEROLO - movicentro - TORINO - Autostazione c.so Bolzano,,18:16,19:19
To0680,TURNO 680 DI TORINO,Torino,Giovedì,16:23,00:35,000119,TO - Corso Toscana-Via Borgaro - TO - Corso Francia-Via Pozzo Strada,,20:38,20:50
To0680,TURNO 680 DI TORINO,Torino,Giovedì,16:23,00:35,000277,TO - Corso Francia-Via Pozzo Strada - AIRASCA - stabilimento SKF,,20:50,22:00
To0680,TURNO 680 DI TORINO,Torino,Giovedì,16:23,00:35,000277,AIRASCA - stabilimento SKF - TO - Via Napione - Corso Regina Margheri,,22:30,23:33
To0680,TURNO 680 DI TORINO,Torino,Giovedì,16:23,00:35,000119,TO - Via Napione - Corso Regina Margheri - TO - Corso Vercelli,,23:33,23:55
To0700,TURNO 700 DI TORINO,Torino,Giovedì,05:45,14:55,000119,TO - Via Cravero - TO - Cso Ferrucci-Via Cialdini,,06:35,06:59
To0700,TURNO 700 DI TORINO,Torino,Giovedì,05:45,14:55,000277,TO - Cso Ferrucci-Via Cialdini - AIRASCA - stabilimento SKF,,06:59,08:10
To0700,TURNO 700 DI TORINO,Torino,Giovedì,05:45,14:55,000284,AIRASCA - stabilimento SKF - PINEROLO - Piazza Cavour,,08:15,08:40
To0700,TURNO 700 DI TORINO,Torino,Giovedì,05:45,14:55,000282,PINEROLO - movicentro - TORINO - Autostazione c.so Bolzano,,08:46,09:57
To0700,TURNO 700 DI TORINO,Torino,Giovedì,05:45,14:55,000268,TO - piazza Carlo Felice - CASELLE Aeroporto,,12:30,13:07
To0700,TURNO 700 DI TORINO,Torino,Giovedì,05:45,14:55,000268,CASELLE Aeroporto - TO - piazza Carlo Felice,,13:30,14:15
To0710,TURNO 710 DI TORINO,Torino,Giovedì,04:45,16:05,000277,Beinasco (Banca SanPaolo) - AIRASCA - stabilimento SKF,,05:10,05:55
To0710,TURNO 710 DI TORINO,Torino,Giovedì,04:45,16:05,000275,PINEROLO - movicentro - TORINO - Autostazione c.so Bolzano,,07:06,08:09
To0710,TURNO 710 DI TORINO,Torino,Giovedì,04:45,16:05,000119,TO - Viale dei Mughetti - TO - Cso Vittorio 169-Via Cesana,,12:30,12:59
To0710,TURNO 710 DI TORINO,Torino,Giovedì,04:45,16:05,000277,TO - Cso Vittorio 169-Via Cesana - AIRASCA - stabilimento SKF,,12:59,13:55
To0710,TURNO 710 DI TORINO,Torino,Giovedì,04:45,16:05,000277,AIRASCA - stabilimento SKF - TO - c.so Francia/via Pasteur,,14:30,15:24
To0710,TURNO 710 DI TORINO,Torino,Giovedì,04:45,16:05,000119,TO - c.so Francia/via Pasteur - CollegnoCorso Francia ang XXIV Maggio,,15:24,15:40
To0720,TURNO 720 DI TORINO,Torino,Giovedì,03:45,12:04,000119,TO - Corso Vercelli-Via Cuorgnè - TO - Corso Belgio,,04:30,04:52
To0720,TURNO 720 DI TORINO,Torino,Giovedì,03:45,12:04,000277,TO - Corso Belgio - AIRASCA - stabilimento SKF,,04:52,05:55
To0720,TURNO 720 DI TORINO,Torino,Giovedì,03:45,12:04,000275,PINEROLO - movicentro - PEROSA ARG.-Pzza Terzo Alpini,,06:18,06:50
To0720,TURNO 720 DI TORINO,Torino,Giovedì,03:45,12:04,000275,PEROSA ARG.-Pzza Terzo Alpini - PIN - Via Giustetto-Via Polliotti,,07:00,07:23
To0720,TURNO 720 DI TORINO,Torino,Giovedì,03:45,12:04,000275,PIN - Via Giustetto-Via Polliotti - TORINO - Autostazione c.so Bolzano,,07:25,08:28
To0720,TURNO 720 DI TORINO,Torino,Giovedì,03:45,12:04,000268,TO - piazza Carlo Felice - CASELLE Aeroporto,,09:45,10:30
To0720,TURNO 720 DI TORINO,Torino,Giovedì,03:45,12:04,000268,CASELLE Aeroporto - TO - piazza Carlo Felice,,10:45,11:24
To0740,TURNO 740 DI TORINO,Torino,Giovedì,11:31,19:05,000121,TO - Lungo Dora Firenze - TO - via Accademia Albertina,,12:11,12:25
To0740,TURNO 740 DI TORINO,Torino,Giovedì,11:31,19:05,000277,TO - via Accademia Albertina 42 - FCA-MOPAR (L.go Sen. Agnelli),,12:25,13:25
To0740,TURNO 740 DI TORINO,Torino,Giovedì,11:31,19:05,000121,FCA-MOPAR (L.go Sen. Agnelli) - MOPAR FCA - RIVALTA Via Primo Maggio C8,,13:25,13:45
To0740,TURNO 740 DI TORINO,Torino,Giovedì,11:31,19:05,000121,MOPAR FCA - RIVALTA Via Primo Maggio C11 - FCA-MOPAR (L.go Sen. Agnelli),,14:15,14:35
To0740,TURNO 740 DI TORINO,Torino,Giovedì,11:31,19:05,000277,FCA-MOPAR (L.go Sen. Agnelli) - TO - Via Accademia Albertina,,14:35,15:35
To0740,TURNO 740 DI TORINO,Torino,Giovedì,11:31,19:05,000121,TO - Via Accademia Albertina 35 - TO - Lungo Dora Firenze,,15:35,15:48
To0740,TURNO 740 DI TORINO,Torino,Giovedì,11:31,19:05,000266,SALUGGIA - LivaNova - RONDISSONE - p.zza Roma,,17:05,17:19
To0740,TURNO 740 DI TORINO,Torino,Giovedì,11:31,19:05,000266,RONDISSONE - p.zza Roma - TO - Pzza Bengasi-Scuola Re Umberto,,17:21,18:25
To0760,TURNO 760 DI TORINO,Torino,Giovedì,04:10,13:55,000119,COL - Cso Francia - Via Costa - TO - cso Francia/via Rieti,,05:00,00:10
To0760,TURNO 760 DI TORINO,Torino,Giovedì,04:10,13:55,000277,TO - cso Francia/via Rieti - AIRASCA - stabilimento SKF,,05:00,05:55
To0760,TURNO 760 DI TORINO,Torino,Giovedì,04:10,13:55,000277,AIRASCA - stabilimento SKF - TO - Corso Francia-Via Pozzo Strada,,06:30,07:31
To0760,TURNO 760 DI TORINO,Torino,Giovedì,04:10,13:55,000119,TO - Corso Francia-Via Pozzo Strada - TO - Corso Toscana-Via Borgaro,,07:31,07:46
To0760,TURNO 760 DI TORINO,Torino,Giovedì,04:10,13:55,000268,TO - piazza Carlo Felice - CASELLE Aeroporto,,11:15,12:00
To0760,TURNO 760 DI TORINO,Torino,Giovedì,04:10,13:55,000268,CASELLE Aeroporto - TO - piazza Carlo Felice,,12:15,12:54
To1040,TURNO 40 TORINO - AOSTA,Turno 40 Torino,Giovedì,14:15,21:15,000060,TO-c.so V.Eman. II - Porta Nuova - AOSTA - Autostazione,,14:55,17:00
To1040,TURNO 40 TORINO - AOSTA,Turno 40 Torino,Giovedì,14:15,21:15,000060,AOSTA - Autostazione - TO-c.so V.Eman. II-Porta Nuova,,18:30,20:35
To2010,TORINO-MALPENSA,Torino,Giovedì,04:35,13:00,000020,TORINO - Autostazione c.so Bolzano - MALPENSA NORD (Terminal 2),,05:30,07:30
To2010,TORINO-MALPENSA,Torino,Giovedì,04:35,13:00,000020,MALPENSA OVEST (Terminal 1) - TORINO - Autostazione c.so Bolzano,,10:00,12:00
To2020,TORINO-MALPENSA,Torino,Giovedì,06:05,14:02,000020,TORINO - Autostazione c.so Bolzano - MALPENSA NORD (Terminal 2),,07:00,09:00
To2020,TORINO-MALPENSA,Torino,Giovedì,06:05,14:02,000020,MALPENSA OVEST (Terminal 1) - TORINO - Autostazione c.so Bolzano,,11:00,13:00
To2030,TORINO-MALPENSA,Torino,Giovedì,07:05,15:02,000020,TORINO - Autostazione c.so Bolzano - MALPENSA NORD (Terminal 2),,08:00,10:00
To2030,TORINO-MALPENSA,Torino,Giovedì,07:05,15:02,000020,MALPENSA OVEST (Terminal 1) - TORINO - Autostazione c.so Bolzano,,12:00,14:00
To2040,TORINO-MALPENSA,Torino,Giovedì,08:05,16:00,000020,TORINO - Autostazione c.so Bolzano - MALPENSA NORD (Terminal 2),,09:00,11:00
To2040,TORINO-MALPENSA,Torino,Giovedì,08:05,16:00,000020,MALPENSA OVEST (Terminal 1) - TORINO - Autostazione c.so Bolzano,,13:00,15:00
To2050,TORINO-MALPENSA,Torino,Giovedì,06:58,17:55,000267,PIOBESI T.SE-v.Torino 41-Capol - TORINO - Cso Unione Sovietica,,07:38,08:08
To2050,TORINO-MALPENSA,Torino,Giovedì,06:58,17:55,000020,TORINO - Autostazione c.so Bolzano - MALPENSA NORD (Terminal 2),,10:00,12:00
To2050,TORINO-MALPENSA,Torino,Giovedì,06:58,17:55,000020,MALPENSA OVEST (Terminal 1) - TORINO - Autostazione c.so Bolzano,,15:15,17:15
To2060,TORINO-MALPENSA,Torino,Giovedì,11:40,20:10,000020,TORINO - Autostazione c.so Bolzano - MALPENSA NORD (Terminal 2),,13:00,15:00
To2060,TORINO-MALPENSA,Torino,Giovedì,11:40,20:10,000020,MALPENSA OVEST (Terminal 1) - TORINO - Autostazione c.so Bolzano,,17:30,19:30
To2070,TORINO-MALPENSA,Torino,Giovedì,12:42,21:10,000020,TORINO - Autostazione c.so Bolzano - MALPENSA NORD (Terminal 2),,14:00,16:00
To2070,TORINO-MALPENSA,Torino,Giovedì,12:42,21:10,000020,MALPENSA OVEST (Terminal 1) - TORINO - Autostazione c.so Bolzano,,18:30,20:30
To2080,TORINO-MALPENSA,Torino,Giovedì,13:42,22:10,000020,TORINO - Autostazione c.so Bolzano - MALPENSA NORD (Terminal 2),,15:00,17:00
To2080,TORINO-MALPENSA,Torino,Giovedì,13:42,22:10,000020,MALPENSA OVEST (Terminal 1) - TORINO - Autostazione c.so Bolzano,,19:30,21:30
To2090,TORINO-MALPENSA,Torino,Giovedì,14:40,23:20,000020,TORINO - Autostazione c.so Bolzano - MALPENSA NORD (Terminal 2),,16:00,18:00
To2090,TORINO-MALPENSA,Torino,Giovedì,14:40,23:20,000020,MALPENSA OVEST (Terminal 1) - TORINO - Autostazione c.so Bolzano,,20:40,22:40
To9260,Grugliasco - Venaria Marelli,Grugliasco,Giovedì,04:55,15:45,000119,COLLEGNO - Piazzale del Tricolore - AIRASCA - stabilimento SKF,,05:35,06:05
To9260,Grugliasco - Venaria Marelli,Grugliasco,Giovedì,04:55,15:45,000119,COLLEGNO - Piazzale del Tricolore - AIRASCA - stabilimento SKF,,07:15,07:50
To9260,Grugliasco - Venaria Marelli,Grugliasco,Giovedì,04:55,15:45,000119,COLLEGNO - Piazzale del Tricolore - AIRASCA - stabilimento SKF,,13:35,14:05
To9260,Grugliasco - Venaria Marelli,Grugliasco,Giovedì,04:55,15:45,000119,AIRASCA - stabilimento SKF - COLLEGNO - Piazzale del Tricolore,,14:30,15:05
To9270,SKF Pianezza - Airasca,Skf Pianezza,Giovedì,16:15,23:40,000119,AIRASCA - stabilimento SKF - COLLEGNO - Piazzale del Tricolore,,17:00,17:35
To9270,SKF Pianezza - Airasca,Skf Pianezza,Giovedì,16:15,23:40,000119,AIRASCA - stabilimento SKF - COLLEGNO - Piazzale del Tricolore,,22:30,23:00
Tocomm,Servizio Fattorino Segreteria,Servizio Fattorino Segreteria,Giovedì,03:41,11:10,000121,TO - Lungo Dora Firenze - TO - via Accademia Albertina,,04:21,04:35
Tocomm,Servizio Fattorino Segreteria,Servizio Fattorino Segreteria,Giovedì,03:41,11:10,000277,TO - via Accademia Albertina 42 - FCA-MOPAR (L.go Sen. Agnelli),,04:35,05:25
Tocomm,Servizio Fattorino Segreteria,Servizio Fattorino Segreteria,Giovedì,03:41,11:10,000121,FCA-MOPAR (L.go Sen. Agnelli) - MOPAR FCA - RIVALTA Via Primo Maggio C8,,05:25,05:45
Tocomm,Servizio Fattorino Segreteria,Servizio Fattorino Segreteria,Giovedì,03:41,11:10,000275,PINEROLO - movicentro - TORINO - Autostazione c.so Bolzano,,07:16,08:19
10001,TURNO F.I. DI PINEROLO,Pinerolo,Sabato,06:05,08:34,000277,AIRASCA - stabilimento SKF - TO - Via Napione - Corso Regina Margheri,,06:30,07:19
10001,TURNO F.I. DI PINEROLO,Pinerolo,Sabato,06:05,08:34,000119,TO - Via Napione - Corso Regina Margheri - TO - Via Botticelli-Piazza Rebaudengo,,07:24,00:05
10010,FUORI TURNO FI PEROSA,Fuori Turno Fi Perosa,Sabato,05:40,07:35,000284,AIRASCA - stabilimento SKF - PEROSA ARG.-Pzza Terzo Alpini,,06:30,07:20
Ba3510,Ba3510,?,Sabato,,,000280,BARGE-Viale Mazzini/Cavallotta - AIRASCA - stabilimento SKF,,04:50,05:55
Ba3510,Ba3510,?,Sabato,,,000280,AIRASCA - stabilimento SKF - BARGE-Viale Mazzini/Cavallotta,,06:30,07:22
Ba3510,Ba3510,?,Sabato,,,000280,BARGE-OSASCO-PINEROLO F.S.-AIRASCA SKF,,21:00,22:00
Ba3510,Ba3510,?,Sabato,,,000280,BARGE-OSASCO-PINEROLO F.S.-AIRASCA SKF,,22:30,23:22
Bo3010,TURNO 301 DI Bobbio,Bobbio,Sabato,03:55,09:25,000284,BOBBIO PELLICE - PINEROLO - stazione FS,,04:05,04:46
Bo3010,TURNO 301 DI Bobbio,Bobbio,Sabato,03:55,09:25,000284,PINEROLO - stazione FS - TO - Mirafiori c.so Tazzoli,,04:48,05:32
Bo3010,TURNO 301 DI Bobbio,Bobbio,Sabato,03:55,09:25,000284,TO - Mirafiori c.so Tazzoli - PINEROLO - movicentro,,06:10,07:00
Bo3010,TURNO 301 DI Bobbio,Bobbio,Sabato,03:55,09:25,000284,PINEROLO - movicentro - BOBBIO PELLICE,,07:02,07:35
Bo3010,TURNO 301 DI Bobbio,Bobbio,Sabato,03:55,09:25,000279,BOBBIO PELLICE - TORRE PELLICE,,07:40,08:00
Bo3010,TURNO 301 DI Bobbio,Bobbio,Sabato,03:55,09:25,000279,TORRE PELLICE - BOBBIO PELLICE,,08:05,08:19
Bo3020,TURNO 302 DI BOBBIO,Bobbio,Sabato,15:05,20:31,000279,TORRE PELLICE - BOBBIO PELLICE,,15:30,15:48
Bo3020,TURNO 302 DI BOBBIO,Bobbio,Sabato,15:05,20:31,000279,BOBBIO PELLICE - TORRE PELLICE,,16:10,16:26
Bo3020,TURNO 302 DI BOBBIO,Bobbio,Sabato,15:05,20:31,000279,TORRE PELLICE - BOBBIO PELLICE,,16:30,16:46
Bo3020,TURNO 302 DI BOBBIO,Bobbio,Sabato,15:05,20:31,000279,BOBBIO PELLICE - TORRE PELLICE,,17:21,17:35
Bo3020,TURNO 302 DI BOBBIO,Bobbio,Sabato,15:05,20:31,000279,TORRE PELLICE - BOBBIO PELLICE,,18:00,18:16
Bo3020,TURNO 302 DI BOBBIO,Bobbio,Sabato,15:05,20:31,000279,BOBBIO PELLICE - TORRE PELLICE,,18:16,18:32
Bo3020,TURNO 302 DI BOBBIO,Bobbio,Sabato,15:05,20:31,000279,BOBBIO PELLICE - TORRE PELLICE,,19:11,19:30
Bo3020,TURNO 302 DI BOBBIO,Bobbio,Sabato,15:05,20:31,000279,TORRE PELLICE - BOBBIO PELLICE,,20:05,20:21
Bo3030,TURNO 303 DI BOBBIO,Bobbio,Sabato,05:10,13:59,000279,BOBBIO PELLICE - TORRE PELLICE,,05:20,05:34
Bo3030,TURNO 303 DI BOBBIO,Bobbio,Sabato,05:10,13:59,000279,TORRE PELLICE - BOBBIO PELLICE,,05:40,06:00
Bo3030,TURNO 303 DI BOBBIO,Bobbio,Sabato,05:10,13:59,000279,BOBBIO PELLICE - TORRE PELLICE,,06:20,06:34
Bo3030,TURNO 303 DI BOBBIO,Bobbio,Sabato,05:10,13:59,000279,TORRE PELLICE - BOBBIO PELLICE,,07:25,07:42
Bo3030,TURNO 303 DI BOBBIO,Bobbio,Sabato,05:10,13:59,000279,BOBBIO PELLICE - TORRE PELLICE,,08:15,08:30
Bo3030,TURNO 303 DI BOBBIO,Bobbio,Sabato,05:10,13:59,000279,TORRE PELLICE - BOBBIO PELLICE,,10:30,10:50
Bo3030,TURNO 303 DI BOBBIO,Bobbio,Sabato,05:10,13:59,000279,BOBBIO PELLICE - TORRE PELLICE,,11:15,11:30
Bo3030,TURNO 303 DI BOBBIO,Bobbio,Sabato,05:10,13:59,000279,TORRE PELLICE - BOBBIO PELLICE,,12:30,12:50
Bo3030,TURNO 303 DI BOBBIO,Bobbio,Sabato,05:10,13:59,000279,BOBBIO PELLICE - TORRE PELLICE,,13:15,13:30
Bo3030,TURNO 303 DI BOBBIO,Bobbio,Sabato,05:10,13:59,000279,TORRE PELLICE - BOBBIO PELLICE,,13:30,13:49
Ca0016,CASELLE-TORINO-CASELLE,Caselle,Sabato,06:54,16:00,000268,CASELLE Aeroporto - TO - piazza Carlo Felice,,07:05,07:50
Ca0016,CASELLE-TORINO-CASELLE,Caselle,Sabato,06:54,16:00,000268,TO - piazza Carlo Felice - CASELLE Aeroporto,,11:00,11:45
Ca0016,CASELLE-TORINO-CASELLE,Caselle,Sabato,06:54,16:00,000268,CASELLE Aeroporto - TO - piazza Carlo Felice,,12:00,12:45
Ca0016,CASELLE-TORINO-CASELLE,Caselle,Sabato,06:54,16:00,000268,TO - piazza Carlo Felice - CASELLE Aeroporto,,13:00,13:45
Ca0016,CASELLE-TORINO-CASELLE,Caselle,Sabato,06:54,16:00,000268,CASELLE Aeroporto - TO - piazza Carlo Felice,,14:00,14:45
Ca0016,CASELLE-TORINO-CASELLE,Caselle,Sabato,06:54,16:00,000268,TO - piazza Carlo Felice - CASELLE Aeroporto,,15:00,15:45
Ca0026,CASELLE-TORINO-CASELLE,Caselle,Sabato,15:45,00:27,000268,CASELLE Aeroporto - TO - piazza Carlo Felice,,16:00,16:45
Ca0026,CASELLE-TORINO-CASELLE,Caselle,Sabato,15:45,00:27,000268,TO - piazza Carlo Felice - CASELLE Aeroporto,,17:00,17:45
Ca0026,CASELLE-TORINO-CASELLE,Caselle,Sabato,15:45,00:27,000268,CASELLE Aeroporto - TO - piazza Carlo Felice,,20:00,20:45
Ca0026,CASELLE-TORINO-CASELLE,Caselle,Sabato,15:45,00:27,000268,TO - piazza Carlo Felice - CASELLE Aeroporto,,21:00,21:45
Ca0026,CASELLE-TORINO-CASELLE,Caselle,Sabato,15:45,00:27,000268,CASELLE Aeroporto - TO - piazza Carlo Felice,,22:00,22:45
Ca0026,CASELLE-TORINO-CASELLE,Caselle,Sabato,15:45,00:27,000268,TO - piazza Carlo Felice - CASELLE Aeroporto,,23:30,00:15
Ca0036,CASELLE-TORINO-CASELLE,Caselle,Sabato,06:39,13:00,000268,CASELLE Aeroporto - TO - piazza Carlo Felice,,06:50,07:35
Ca0036,CASELLE-TORINO-CASELLE,Caselle,Sabato,06:39,13:00,000268,TO - piazza Carlo Felice - CASELLE Aeroporto,,08:00,08:45
Ca0036,CASELLE-TORINO-CASELLE,Caselle,Sabato,06:39,13:00,000268,CASELLE Aeroporto - TO - piazza Carlo Felice,,09:00,09:45
Ca0036,CASELLE-TORINO-CASELLE,Caselle,Sabato,06:39,13:00,000268,TO - piazza Carlo Felice - CASELLE Aeroporto,,10:00,10:45
Ca0036,CASELLE-TORINO-CASELLE,Caselle,Sabato,06:39,13:00,000268,CASELLE Aeroporto - TO - piazza Carlo Felice,,11:00,11:45
Ca0036,CASELLE-TORINO-CASELLE,Caselle,Sabato,06:39,13:00,000268,TO - piazza Carlo Felice - CASELLE Aeroporto,,12:00,12:45
Ca0046,CASELLE-TORINO-CASELLE,Caselle,Sabato,12:45,19:57,000268,CASELLE Aeroporto - TO - piazza Carlo Felice,,13:00,13:45
Ca0046,CASELLE-TORINO-CASELLE,Caselle,Sabato,12:45,19:57,000268,TO - piazza Carlo Felice - CASELLE Aeroporto,,14:00,14:45
Ca0046,CASELLE-TORINO-CASELLE,Caselle,Sabato,12:45,19:57,000268,CASELLE Aeroporto - TO - piazza Carlo Felice,,15:00,15:45
Ca0046,CASELLE-TORINO-CASELLE,Caselle,Sabato,12:45,19:57,000268,TO - piazza Carlo Felice - CASELLE Aeroporto,,16:00,16:45
Ca0046,CASELLE-TORINO-CASELLE,Caselle,Sabato,12:45,19:57,000268,CASELLE Aeroporto - TO - piazza Carlo Felice,,18:00,18:45
Ca0046,CASELLE-TORINO-CASELLE,Caselle,Sabato,12:45,19:57,000268,TO - piazza Carlo Felice - CASELLE Aeroporto,,19:00,19:45
Ca0056,CASELLE-TORINO-CASELLE,Caselle,Sabato,16:49,23:57,000268,CASELLE Aeroporto - TO - piazza Carlo Felice,,17:00,17:45
Ca0056,CASELLE-TORINO-CASELLE,Caselle,Sabato,16:49,23:57,000268,TO - piazza Carlo Felice - CASELLE Aeroporto,,18:00,18:45
Ca0056,CASELLE-TORINO-CASELLE,Caselle,Sabato,16:49,23:57,000268,CASELLE Aeroporto - TO - piazza Carlo Felice,,19:00,19:45
Ca0056,CASELLE-TORINO-CASELLE,Caselle,Sabato,16:49,23:57,000268,TO - piazza Carlo Felice - CASELLE Aeroporto,,20:00,20:45
Ca0056,CASELLE-TORINO-CASELLE,Caselle,Sabato,16:49,23:57,000268,CASELLE Aeroporto - TO - piazza Carlo Felice,,21:00,21:45
Ca0056,CASELLE-TORINO-CASELLE,Caselle,Sabato,16:49,23:57,000268,TO - piazza Carlo Felice - CASELLE Aeroporto,,23:00,23:45
FT2710,TORINO-CASELLE-TORINO,Torino,Sabato,03:35,06:35,000268,TO - piazza Carlo Felice - CASELLE Aeroporto,,04:15,05:00
FT2710,TORINO-CASELLE-TORINO,Torino,Sabato,03:35,06:35,000268,CASELLE Aeroporto - TO - piazza Carlo Felice,,05:10,05:55
FT2720,TORINO-CASELLE-TORINO,Torino,Sabato,21:20,00:40,000268,TO - piazza Carlo Felice - CASELLE Aeroporto,,22:00,22:45
FT2720,TORINO-CASELLE-TORINO,Torino,Sabato,21:20,00:40,000268,CASELLE Aeroporto - TO - piazza Carlo Felice,,23:15,00:00
FT2773,FUORI TURNI TORINO-VOLVERA,Fuori Turni Torino,Sabato,18:40,21:18,000121,MOPAR FCA - RIVALTA Via Primo Maggio C11 - FCA-MOPAR (L.go Sen. Agnelli),,19:15,19:35
FT2773,FUORI TURNI TORINO-VOLVERA,Fuori Turni Torino,Sabato,18:40,21:18,000121,FCA-MOPAR (L.go Sen. Agnelli) - TO - Via Accademia Albertina,,19:35,20:25
FT2773,FUORI TURNI TORINO-VOLVERA,Fuori Turni Torino,Sabato,18:40,21:18,000121,TO - Via Accademia Albertina 35 - TO - Lungo Dora Firenze,,20:25,20:38
FT2774,FUORI TURNO AIRASCA-TORINO,Fuori Turno Airasca,Sabato,05:50,08:26,000277,AIRASCA - stabilimento SKF - TO - Corso Francia-Via Pozzo Strada,,06:30,07:31
FT2774,FUORI TURNO AIRASCA-TORINO,Fuori Turno Airasca,Sabato,05:50,08:26,000119,TO - Corso Francia-Via Pozzo Strada - TO - Corso Toscana-Via Borgaro,,07:31,07:46
Ft3030,BOBBIO-MIRAFIORI-BOBBIO,Bobbio,Sabato,12:30,15:59,000122,TO - Mirafiori c.so Tazzoli - PINEROLO - Fronte Stazione FS,,14:15,15:11
Ft3030,BOBBIO-MIRAFIORI-BOBBIO,Bobbio,Sabato,12:30,15:59,000284,PINEROLO - Fronte Stazione FS - BOBBIO PELLICE,,15:13,15:49
Iv0016,CAREMA-TORINO,Carema,Sabato,03:45,10:05,000265,IVREA - Porta Vercelli - CHIVASSO - p.le Alfa-Lancia,,04:05,04:49
Iv0016,CAREMA-TORINO,Carema,Sabato,03:45,10:05,000265,CHIVASSO - p.le Alfa-Lancia - TO-Settembrini-Mirafiori FCA,,04:51,05:35
Iv0016,CAREMA-TORINO,Carema,Sabato,03:45,10:05,000265,TO-p.za Cattaneo-Mirafiori FCA - CHIVASSO - p.le Alfa-Lancia,,06:10,06:59
Iv0016,CAREMA-TORINO,Carema,Sabato,03:45,10:05,000265,CHIVASSO - p.le Alfa-Lancia - IVREA - Porta Aosta,,07:01,07:52
Iv0026,IVREA-TORINO-IVREA,Ivrea,Sabato,10:50,19:10,000265,CHIVASSO - Staz. FS Movicentro - IVREA - Porta Vercelli,,14:43,15:37
Iv0026,IVREA-TORINO-IVREA,Ivrea,Sabato,10:50,19:10,000265,IVREA - Porta Vercelli - CHIVASSO - Staz. FS Movicentro,,17:20,18:18
Lu0010,TURNO 10 DI LUSERNA S.G.,Turno 10 Di Luserna S.G.,Sabato,12:20,19:40,000901,TORRE PELLICE - PINEROLO - movicentro,,12:35,13:10
Lu0010,TURNO 10 DI LUSERNA S.G.,Turno 10 Di Luserna S.G.,Sabato,12:20,19:40,000275,PINEROLO - Piazza Cavour - TORINO - Autostazione c.so Bolzano,,15:10,16:19
Lu0010,TURNO 10 DI LUSERNA S.G.,Turno 10 Di Luserna S.G.,Sabato,12:20,19:40,000275,TORINO - Autostazione c.so Bolzano - PINEROLO - movicentro,,16:31,17:44
Lu0010,TURNO 10 DI LUSERNA S.G.,Turno 10 Di Luserna S.G.,Sabato,12:20,19:40,000901,PINEROLO - movicentro - TORRE PELLICE,,18:50,19:25
Lu0020,TURNO 20 DI LUSERNA S.G.,Turno 20 Di Luserna S.G.,Sabato,05:05,10:40,000279,BOBBIO PELLICE - TORRE PELLICE,,05:40,06:00
Lu0020,TURNO 20 DI LUSERNA S.G.,Turno 20 Di Luserna S.G.,Sabato,05:05,10:40,000901,TORRE PELLICE - PINEROLO - movicentro,,06:05,06:35
Lu0020,TURNO 20 DI LUSERNA S.G.,Turno 20 Di Luserna S.G.,Sabato,05:05,10:40,000901,PINEROLO - movicentro - TORRE PELLICE,,06:35,07:05
Lu0020,TURNO 20 DI LUSERNA S.G.,Turno 20 Di Luserna S.G.,Sabato,05:05,10:40,000901,TORRE PELLICE - PINEROLO - movicentro,,07:35,08:10
Lu0020,TURNO 20 DI LUSERNA S.G.,Turno 20 Di Luserna S.G.,Sabato,05:05,10:40,000901,PINEROLO - movicentro - TORRE PELLICE,,09:50,10:25
Lu0030,TURNO 30 DI LUSERNA S.G.,Turno 30 Di Luserna S.G.,Sabato,06:20,14:40,000279,TORRE PELLICE - BOBBIO PELLICE,,06:35,06:53
Lu0030,TURNO 30 DI LUSERNA S.G.,Turno 30 Di Luserna S.G.,Sabato,06:20,14:40,000279,BOBBIO PELLICE - Pinerolo Centro Studi (C.Torino/Rochis),,07:00,07:51
Lu0030,TURNO 30 DI LUSERNA S.G.,Turno 30 Di Luserna S.G.,Sabato,06:20,14:40,000901,PINEROLO - movicentro - TORRE PELLICE,,08:20,08:55
Lu0030,TURNO 30 DI LUSERNA S.G.,Turno 30 Di Luserna S.G.,Sabato,06:20,14:40,000901,TORRE PELLICE - PINEROLO - movicentro,,13:05,13:40
Lu0030,TURNO 30 DI LUSERNA S.G.,Turno 30 Di Luserna S.G.,Sabato,06:20,14:40,000901,PINEROLO - movicentro - TORRE PELLICE,,13:50,14:25
Pb0026,PIOBESI-TORINO-NICHELINO,Piobesi,Sabato,05:29,14:20,000267,PIOBESI T.SE-v.Torino 41-Capol - TO - Via De Cristoforis (Capolinea),,05:39,06:25
Pb0026,PIOBESI-TORINO-NICHELINO,Piobesi,Sabato,05:29,14:20,000267,TO - Via De Cristoforis (Capolinea) - PIOBESI T.SE-v.Torino 41-Capol,,06:30,07:16
Pb0026,PIOBESI-TORINO-NICHELINO,Piobesi,Sabato,05:29,14:20,000267,PIOBESI T.SE-v.Torino 41-Capol - TO - Via De Cristoforis (Capolinea),,07:29,08:25
Pb0026,PIOBESI-TORINO-NICHELINO,Piobesi,Sabato,05:29,14:20,000267,TO - Via De Cristoforis (Capolinea) - PIOBESI T.SE-v.Torino 41-Capol,,10:25,11:16
Pb0026,PIOBESI-TORINO-NICHELINO,Piobesi,Sabato,05:29,14:20,000267,PIOBESI T.SE-v.Torino 41-Capol - TO - Via De Cristoforis (Capolinea),,12:24,13:15
Pb0026,PIOBESI-TORINO-NICHELINO,Piobesi,Sabato,05:29,14:20,000267,TO - Via De Cristoforis (Capolinea) - PIOBESI T.SE-v.Torino 41-Capol,,13:20,14:10
Pb0046,PIOBESI-TORINO,Piobesi,Sabato,06:39,14:01,000267,PIOBESI T.SE-v.Torino 41-Capol - TO - Via De Cristoforis (Capolinea),,06:49,07:30
Pb0046,PIOBESI-TORINO,Piobesi,Sabato,06:39,14:01,000267,TO - Via De Cristoforis (Capolinea) - PIOBESI T.SE-v.Torino 41-Capol,,08:00,08:51
Pb0046,PIOBESI-TORINO,Piobesi,Sabato,06:39,14:01,000267,PIOBESI T.SE-v.Torino 41-Capol - TO - Via De Cristoforis (Capolinea),,10:04,10:55
Pb0046,PIOBESI-TORINO,Piobesi,Sabato,06:39,14:01,000267,TORINO - Cso Unione Sovietica fr 409 - PIOBESI T.SE-v.Torino 41-Capol,,13:23,13:51
Pb0056,PIOBESI-TORINO,Piobesi,Sabato,06:59,18:46,000267,PIOBESI T.SE-v.Torino 41-Capol - TO - Via De Cristoforis (Capolinea),,07:09,08:05
Pb0056,PIOBESI-TORINO,Piobesi,Sabato,06:59,18:46,000267,TO - Via De Cristoforis (Capolinea) - PIOBESI T.SE-v.Torino 41-Capol,,08:30,09:21
Pb0056,PIOBESI-TORINO,Piobesi,Sabato,06:59,18:46,000267,PIOBESI T.SE-v.Torino 41-Capol - TO - Via De Cristoforis (Capolinea),,13:34,14:25
Pb0056,PIOBESI-TORINO,Piobesi,Sabato,06:59,18:46,000267,TO - Via De Cristoforis (Capolinea) - PIOBESI T.SE-v.Torino 41-Capol,,14:30,15:26
Pb0056,PIOBESI-TORINO,Piobesi,Sabato,06:59,18:46,000267,PIOBESI T.SE-v.Torino 41-Capol - TO - Via De Cristoforis (Capolinea),,16:20,17:11
Pb0056,PIOBESI-TORINO,Piobesi,Sabato,06:59,18:46,000267,TO - Via De Cristoforis (Capolinea) - PIOBESI T.SE-v.Torino 41-Capol,,17:55,18:36
Pb0066,PIOBESI-TORINO,Piobesi,Sabato,06:49,17:46,000267,PIOBESI T.SE-v.Torino 41-Capol - TO - Via De Cristoforis (Capolinea),,06:59,07:54
Pb0066,PIOBESI-TORINO,Piobesi,Sabato,06:49,17:46,000267,TO - Via De Cristoforis (Capolinea) - PIOBESI T.SE-v.Torino 41-Capol,,09:30,10:21
Pb0066,PIOBESI-TORINO,Piobesi,Sabato,06:49,17:46,000267,PIOBESI T.SE-v.Torino 41-Capol - TO - Via De Cristoforis (Capolinea),,10:59,11:50
Pb0066,PIOBESI-TORINO,Piobesi,Sabato,06:49,17:46,000267,TO - Via De Cristoforis (Capolinea) - PIOBESI T.SE-v.Torino 41-Capol,,13:40,14:31
Pb0066,PIOBESI-TORINO,Piobesi,Sabato,06:49,17:46,000267,PIOBESI T.SE-v.Torino 41-Capol - TO - Via De Cristoforis (Capolinea),,15:44,16:35
Pb0066,PIOBESI-TORINO,Piobesi,Sabato,06:49,17:46,000267,TO - Via De Cristoforis (Capolinea) - PIOBESI T.SE-v.Torino 41-Capol,,16:40,17:36
Pb0076,PIOBESI-TORINO,Piobesi,Sabato,11:19,19:06,000267,PIOBESI T.SE-v.Torino 41-Capol - TO - Via De Cristoforis (Capolinea),,11:29,12:20
Pb0076,PIOBESI-TORINO,Piobesi,Sabato,11:19,19:06,000267,TORINO - Cso Unione Sovietica fr 409 - PIOBESI T.SE-v.Torino 41-Capol,,13:58,14:26
Pb0076,PIOBESI-TORINO,Piobesi,Sabato,11:19,19:06,000267,PIOBESI T.SE-v.Torino 41-Capol - TO - Via De Cristoforis (Capolinea),,14:29,15:20
Pb0076,PIOBESI-TORINO,Piobesi,Sabato,11:19,19:06,000267,TO - Via De Cristoforis (Capolinea) - PIOBESI T.SE-v.Torino 41-Capol,,15:30,16:21
Pb0076,PIOBESI-TORINO,Piobesi,Sabato,11:19,19:06,000267,PIOBESI T.SE-v.Torino 41-Capol - TO - Via De Cristoforis (Capolinea),,16:59,17:50
Pb0076,PIOBESI-TORINO,Piobesi,Sabato,11:19,19:06,000267,TO - Via De Cristoforis (Capolinea) - PIOBESI T.SE-v.Torino 41-Capol,,18:00,18:56
Pb0096,PIOBESI-TORINO,Piobesi,Sabato,18:09,00:01,000267,PIOBESI T.SE-v.Torino 41-Capol - TO - Via De Cristoforis (Capolinea),,18:19,19:10
Pb0096,PIOBESI-TORINO,Piobesi,Sabato,18:09,00:01,000267,TO - Via De Cristoforis (Capolinea) - PIOBESI T.SE-v.Torino 41-Capol,,19:15,20:10
Pb0096,PIOBESI-TORINO,Piobesi,Sabato,18:09,00:01,000267,PIOBESI T.SE-v.Torino 41-Capol - TO - Via De Cristoforis (Capolinea),,20:20,21:05
Pb0096,PIOBESI-TORINO,Piobesi,Sabato,18:09,00:01,000267,TO - Via De Cristoforis (Capolinea) - PIOBESI T.SE-v.Torino 41-Capol,,21:10,22:01
Pb0096,PIOBESI-TORINO,Piobesi,Sabato,18:09,00:01,000267,PIOBESI T.SE-v.Torino 41-Capol - TO - Via De Cristoforis (Capolinea),,22:09,22:55
Pb0096,PIOBESI-TORINO,Piobesi,Sabato,18:09,00:01,000267,TO - Via De Cristoforis (Capolinea) - PIOBESI T.SE-v.Torino 41-Capol,,23:05,23:51
Pb0176,PIOBESI-TORINO,Piobesi,Sabato,06:24,13:06,000267,PIOBESI T.SE-v.Torino 41-Capol - TO - Via De Cristoforis (Capolinea),,06:34,07:25
Pb0176,PIOBESI-TORINO,Piobesi,Sabato,06:24,13:06,000267,TO - Via De Cristoforis (Capolinea) - PIOBESI T.SE-v.Torino 41-Capol,,07:30,08:21
Pb0176,PIOBESI-TORINO,Piobesi,Sabato,06:24,13:06,000267,PIOBESI T.SE-v.Torino 41-Capol - TORINO - Cso Unione Sovietica,,09:04,09:32
Pb0176,PIOBESI-TORINO,Piobesi,Sabato,06:24,13:06,000267,TO - Via De Cristoforis (Capolinea) - PIOBESI T.SE-v.Torino 41-Capol,,12:05,12:56
Pe0040,TURNO 204 DI PEROSA,Perosa,Sabato,05:10,16:55,000275,PEROSA ARG.-Pzza Terzo Alpini - VIL - Boge,,05:25,05:40
Pe0040,TURNO 204 DI PEROSA,Perosa,Sabato,05:10,16:55,000275,Villar Perosa Stabilimento SKF - Pinerolo Bivio Sede SAPAV,,06:05,06:34
Pe0040,TURNO 204 DI PEROSA,Perosa,Sabato,05:10,16:55,000275,PINEROLO - movicentro - PEROSA ARG.-Pzza Terzo Alpini,,08:48,09:20
Pe0040,TURNO 204 DI PEROSA,Perosa,Sabato,05:10,16:55,000275,PEROSA ARG.-Pzza Terzo Alpini - SESTRIERE - parcheggio,,09:20,10:30
Pe0040,TURNO 204 DI PEROSA,Perosa,Sabato,05:10,16:55,000285,SESTRIERE - parcheggio - OULX - Stazione FS,,10:30,11:15
Pe0040,TURNO 204 DI PEROSA,Perosa,Sabato,05:10,16:55,000285,OULX - Stazione FS - SESTRIERE - parcheggio,,14:45,15:30
Pe0040,TURNO 204 DI PEROSA,Perosa,Sabato,05:10,16:55,000275,SESTRIERE - parcheggio - PEROSA ARG.-Pzza Terzo Alpini,,15:30,16:40
Pe0070,TURNO 207 DI PEROSA,Perosa,Sabato,04:05,13:55,000275,FENESTRELLE - Via Nazionale - PEROSA ARG.-Pzza Terzo Alpini,,04:50,05:20
Pe0070,TURNO 207 DI PEROSA,Perosa,Sabato,04:05,13:55,000275,PEROSA ARG.-Pzza Terzo Alpini - Villar Perosa Stabilimento SKF,,05:30,00:10
Pe0070,TURNO 207 DI PEROSA,Perosa,Sabato,04:05,13:55,000275,VIL - Boge - PEROSA ARG.-Pzza Terzo Alpini,,06:00,06:15
Pe0070,TURNO 207 DI PEROSA,Perosa,Sabato,04:05,13:55,000303,PEROSA ARG.-Pzza Terzo Alpini - PERRERO,,06:15,06:30
Pe0070,TURNO 207 DI PEROSA,Perosa,Sabato,04:05,13:55,000275,PEROSA ARG.-Pzza Terzo Alpini - SESTRIERE - parcheggio,,08:20,09:30
Pe0070,TURNO 207 DI PEROSA,Perosa,Sabato,04:05,13:55,000285,SESTRIERE - parcheggio - OULX - Stazione FS,,09:30,10:15
Pe0070,TURNO 207 DI PEROSA,Perosa,Sabato,04:05,13:55,000285,OULX - Stazione FS - SESTRIERE - parcheggio,,11:45,12:30
Pe0070,TURNO 207 DI PEROSA,Perosa,Sabato,04:05,13:55,000275,SESTRIERE - parcheggio - PEROSA ARG.-Pzza Terzo Alpini,,12:30,13:40
Pe0120,TURNO 212 DI PEROSA,Perosa,Sabato,13:50,18:55,000517,VILLAR PEROSA - Municipio - VILLAR PEROSA - Municipio,,14:30,15:00
Pe0120,TURNO 212 DI PEROSA,Perosa,Sabato,13:50,18:55,000517,VILLAR PEROSA - Municipio - VILLAR PEROSA - Municipio,,15:00,15:30
Pe0120,TURNO 212 DI PEROSA,Perosa,Sabato,13:50,18:55,000517,VILLAR PEROSA - Municipio - VILLAR PEROSA - Municipio,,15:40,16:10
Pe0120,TURNO 212 DI PEROSA,Perosa,Sabato,13:50,18:55,000517,VILLAR PEROSA - Municipio - VILLAR PEROSA - Municipio,,16:10,16:40
Pe0120,TURNO 212 DI PEROSA,Perosa,Sabato,13:50,18:55,000303,PEROSA ARG.-Pzza Terzo Alpini - PERRERO,,17:15,17:30
Pe0120,TURNO 212 DI PEROSA,Perosa,Sabato,13:50,18:55,000303,PERRERO - SEGGIOVIE 13 LAGHI,,17:30,17:51
Pe0120,TURNO 212 DI PEROSA,Perosa,Sabato,13:50,18:55,000303,SEGGIOVIE 13 LAGHI - PEROSA ARG.-Pzza Terzo Alpini,,18:00,18:38
Pe0200,TURNO 220 DI PEROSA,Perosa,Sabato,05:35,10:40,000282,PEROSA ARG.-Pzza Terzo Alpini - PINEROLO - movicentro,,05:50,06:22
Pe0200,TURNO 220 DI PEROSA,Perosa,Sabato,05:35,10:40,000282,PINEROLO - movicentro - TORINO - Autostazione c.so Bolzano,,06:26,07:37
Pe0200,TURNO 220 DI PEROSA,Perosa,Sabato,05:35,10:40,000275,TORINO - Autostazione c.so Bolzano - PINEROLO - movicentro,,07:41,08:44
Pe0250,TURNO 225 DI PEROSA,Perosa,Sabato,17:55,01:05,000282,PINEROLO - movicentro - PEROSA ARG.-Pzza Terzo Alpini,,00:18,00:50
Pe0250,TURNO 225 DI PEROSA,Perosa,Sabato,17:55,01:05,000275,PEROSA ARG.-Pzza Terzo Alpini - PINEROLO - movicentro,,18:10,18:42
Pe0250,TURNO 225 DI PEROSA,Perosa,Sabato,17:55,01:05,000283,PINEROLO - Piazza Cavour - CANTALUPA,,19:35,19:55
Pe0250,TURNO 225 DI PEROSA,Perosa,Sabato,17:55,01:05,000283,CANTALUPA - PINEROLO - Piazza Cavour,,19:55,20:13
Pe0250,TURNO 225 DI PEROSA,Perosa,Sabato,17:55,01:05,000275,PINEROLO - movicentro - TORINO - Autostazione c.so Bolzano,,21:16,22:19
Pe0250,TURNO 225 DI PEROSA,Perosa,Sabato,17:55,01:05,000282,TORINO - Autostazione c.so Bolzano - PINEROLO - movicentro,,23:03,00:14
Pe0260,TURNO 226 DI PEROSA,Perosa,Sabato,05:50,18:55,000303,PERRERO - PRALI GHIGO,,06:20,06:50
Pe0260,TURNO 226 DI PEROSA,Perosa,Sabato,05:50,18:55,000303,PRALI GHIGO - PEROSA ARG.-Pzza Terzo Alpini,,06:50,07:35
Pe0260,TURNO 226 DI PEROSA,Perosa,Sabato,05:50,18:55,000303,PEROSA ARG.-Pzza Terzo Alpini - PERRERO,,12:30,12:45
Pe0260,TURNO 226 DI PEROSA,Perosa,Sabato,05:50,18:55,000275,PEROSA ARG.-Pzza Terzo Alpini - SESTRIERE - parcheggio,,13:20,14:30
Pe0260,TURNO 226 DI PEROSA,Perosa,Sabato,05:50,18:55,000285,SESTRIERE - parcheggio - OULX - Stazione FS,,15:30,16:15
Pe0260,TURNO 226 DI PEROSA,Perosa,Sabato,05:50,18:55,000285,OULX - Stazione FS - SESTRIERE - parcheggio,,16:45,17:30
Pe0260,TURNO 226 DI PEROSA,Perosa,Sabato,05:50,18:55,000275,SESTRIERE - parcheggio - PEROSA ARG.-Pzza Terzo Alpini,,17:30,18:40
Pe0280,TURNO 228 DI PEROSA,Perosa,Sabato,12:25,20:55,000275,PEROSA ARG.-Pzza Terzo Alpini - PINEROLO - movicentro,,12:40,13:12
Pe0280,TURNO 228 DI PEROSA,Perosa,Sabato,12:25,20:55,000275,PINEROLO - movicentro - PEROSA ARG.-Pzza Terzo Alpini,,13:48,14:20
Pe0280,TURNO 228 DI PEROSA,Perosa,Sabato,12:25,20:55,000275,PEROSA ARG.-Pzza Terzo Alpini - SESTRIERE - parcheggio,,15:20,16:30
Pe0280,TURNO 228 DI PEROSA,Perosa,Sabato,12:25,20:55,000285,SESTRIERE - parcheggio - OULX - Stazione FS,,17:30,18:20
Pe0280,TURNO 228 DI PEROSA,Perosa,Sabato,12:25,20:55,000285,OULX - Stazione FS - SESTRIERE - parcheggio,,18:45,19:30
Pe0280,TURNO 228 DI PEROSA,Perosa,Sabato,12:25,20:55,000275,SESTRIERE - parcheggio - FENESTRELLE - Via Nazionale,,19:30,20:10
Pe0280,TURNO 228 DI PEROSA,Perosa,Sabato,12:25,20:55,000275,FENESTRELLE - Via Nazionale - PEROSA ARG.-Pzza Terzo Alpini,,20:10,20:40
Pe0300,TURNO 230 DI PEROSA,Perosa,Sabato,05:35,15:10,000275,PEROSA ARG.-Pzza Terzo Alpini - SESTRIERE - parcheggio,,05:50,07:00
Pe0300,TURNO 230 DI PEROSA,Perosa,Sabato,05:35,15:10,000285,SESTRIERE - parcheggio - OULX - Stazione FS,,07:00,07:45
Pe0300,TURNO 230 DI PEROSA,Perosa,Sabato,05:35,15:10,000285,OULX - Stazione FS - SESTRIERE - parcheggio,,08:45,09:30
Pe0300,TURNO 230 DI PEROSA,Perosa,Sabato,05:35,15:10,000275,SESTRIERE - parcheggio - PEROSA ARG.-Pzza Terzo Alpini,,09:30,10:40
Pe0300,TURNO 230 DI PEROSA,Perosa,Sabato,05:35,15:10,000275,PEROSA ARG.-Pzza Terzo Alpini - PINEROLO - movicentro,,10:40,11:12
Pe0300,TURNO 230 DI PEROSA,Perosa,Sabato,05:35,15:10,000303,PEROSA ARG.-Pzza Terzo Alpini - PRALI GHIGO,,13:25,14:03
Pe0300,TURNO 230 DI PEROSA,Perosa,Sabato,05:35,15:10,000303,PRALI GHIGO - PEROSA ARG.-Pzza Terzo Alpini,,14:10,14:55
Pi0010,TURNO 1 DI PINEROLO,Pinerolo,Sabato,06:05,16:20,000284,AIRASCA - stabilimento SKF - SEGGIOVIA VANDALINO,,06:30,07:09
Pi0010,TURNO 1 DI PINEROLO,Pinerolo,Sabato,06:05,16:20,000901,PINEROLO - movicentro - TORRE PELLICE,,08:50,09:25
Pi0010,TURNO 1 DI PINEROLO,Pinerolo,Sabato,06:05,16:20,000701,PINEROLO - movicentro - MACELLO - Municipio,,13:45,14:03
Pi0010,TURNO 1 DI PINEROLO,Pinerolo,Sabato,06:05,16:20,000701,MACELLO - Municipio - S.Pietro Val Lemina - via Europa fr,,14:05,14:35
Pi0010,TURNO 1 DI PINEROLO,Pinerolo,Sabato,06:05,16:20,000701,S.Pietro Val Lemina - via Europa 61 - MACELLO - Municipio,,14:40,15:20
Pi0010,TURNO 1 DI PINEROLO,Pinerolo,Sabato,06:05,16:20,000701,MACELLO - Municipio - S.Pietro Val Lemina - via Europa fr,,15:20,15:50
Pi0020,TURNO 2 PINEROLO,Turno 2 Pinerolo,Sabato,12:00,19:55,000283,PINEROLO - Piazza Cavour - CANTALUPA,,12:20,12:50
Pi0020,TURNO 2 PINEROLO,Turno 2 Pinerolo,Sabato,12:00,19:55,000283,CANTALUPA - PINEROLO - Piazza Cavour,,14:00,14:30
Pi0020,TURNO 2 PINEROLO,Turno 2 Pinerolo,Sabato,12:00,19:55,000701,S.Pietro Val Lemina - via Europa 61 - MACELLO - Municipio,,15:50,16:30
Pi0020,TURNO 2 PINEROLO,Turno 2 Pinerolo,Sabato,12:00,19:55,000701,MACELLO - Municipio - S.Pietro Val Lemina - via Europa fr,,16:40,17:10
Pi0020,TURNO 2 PINEROLO,Turno 2 Pinerolo,Sabato,12:00,19:55,000701,S.Pietro Val Lemina - via Europa 61 - MACELLO - Municipio,,17:18,17:58
Pi0020,TURNO 2 PINEROLO,Turno 2 Pinerolo,Sabato,12:00,19:55,000701,MACELLO - Municipio - S.Pietro Val Lemina - via Europa fr,,18:00,18:30
Pi0020,TURNO 2 PINEROLO,Turno 2 Pinerolo,Sabato,12:00,19:55,000701,S.Pietro Val Lemina - via Europa 61 - MACELLO - Municipio,,18:30,19:10
Pi0020,TURNO 2 PINEROLO,Turno 2 Pinerolo,Sabato,12:00,19:55,000701,MACELLO - Municipio - PINEROLO - movicentro,,19:20,19:40
Pi0030,TURNO 3 PINEROLO,Turno 3 Pinerolo,Sabato,10:20,18:27,000282,PINEROLO - Piazza Cavour - TORINO - Autostazione c.so Bolzano,,10:40,11:57
Pi0030,TURNO 3 PINEROLO,Turno 3 Pinerolo,Sabato,10:20,18:27,000275,TORINO - Autostazione c.so Bolzano - PINEROLO - movicentro,,13:41,14:44
Pi0030,TURNO 3 PINEROLO,Turno 3 Pinerolo,Sabato,10:20,18:27,000275,PINEROLO - movicentro - PEROSA ARG.-Pzza Terzo Alpini,,14:48,15:20
Pi0030,TURNO 3 PINEROLO,Turno 3 Pinerolo,Sabato,10:20,18:27,000275,PEROSA ARG.-Pzza Terzo Alpini - PINEROLO - movicentro,,17:40,18:12
Pi0040,TURNO 4 PINEROLO,Turno 4 Pinerolo,Sabato,06:20,13:45,000278,CERCENASCO - v. Reg.Margherita - PINEROLO - stazione FS,,06:55,07:20
Pi0040,TURNO 4 PINEROLO,Turno 4 Pinerolo,Sabato,06:20,13:45,000282,PINEROLO - Piazza Cavour - TORINO - Autostazione c.so Bolzano,,08:20,09:37
Pi0040,TURNO 4 PINEROLO,Turno 4 Pinerolo,Sabato,06:20,13:45,000275,TORINO - Autostazione c.so Bolzano - PINEROLO - movicentro,,09:41,10:44
Pi0040,TURNO 4 PINEROLO,Turno 4 Pinerolo,Sabato,06:20,13:45,000701,MACELLO - Municipio - Pinerolo Frazione Talucco,,11:30,12:15
Pi0040,TURNO 4 PINEROLO,Turno 4 Pinerolo,Sabato,06:20,13:45,000701,Pinerolo Frazione Talucco - PINEROLO - movicentro,,12:15,12:40
Pi0040,TURNO 4 PINEROLO,Turno 4 Pinerolo,Sabato,06:20,13:45,000701,PINEROLO Centro Studi - S.Pietro Val Lemina - via Europa fr,,12:50,13:15
Pi0050,TURNO 5 DI PINEROLO,Pinerolo,Sabato,13:00,20:30,000282,PINEROLO - Piazza Cavour - TORINO - Autostazione c.so Bolzano,,13:20,14:37
Pi0050,TURNO 5 DI PINEROLO,Pinerolo,Sabato,13:00,20:30,000275,TORINO - Autostazione c.so Bolzano - PINEROLO - Piazza Cavour,,14:41,15:50
Pi0050,TURNO 5 DI PINEROLO,Pinerolo,Sabato,13:00,20:30,000275,PINEROLO - Piazza Cavour - PEROSA ARG.-Pzza Terzo Alpini,,15:50,16:20
Pi0050,TURNO 5 DI PINEROLO,Pinerolo,Sabato,13:00,20:30,000275,PEROSA ARG.-Pzza Terzo Alpini - PINEROLO - Piazza Cavour,,17:10,17:40
Pi0050,TURNO 5 DI PINEROLO,Pinerolo,Sabato,13:00,20:30,000278,PINEROLO - Piazza Cavour - CERCENASCO - v. Reg.Margherita,,17:40,18:20
Pi0050,TURNO 5 DI PINEROLO,Pinerolo,Sabato,13:00,20:30,000278,CERCENASCO - v. Reg.Margherita - PINEROLO - Piazza Cavour,,18:25,19:10
Pi0050,TURNO 5 DI PINEROLO,Pinerolo,Sabato,13:00,20:30,000278,PINEROLO - Piazza Cavour - CERCENASCO - v. Reg.Margherita,,19:10,19:40
Pi0050,TURNO 5 DI PINEROLO,Pinerolo,Sabato,13:00,20:30,000278,CERCENASCO - v. Reg.Margherita - PINEROLO - Piazza Cavour,,19:40,20:10
Pi0060,TURNO 6 PINEROLO,Turno 6 Pinerolo,Sabato,13:05,19:40,000703,Pinerolo Frazione Riva (Domarossa) - PIN - Fiugera,,13:20,13:50
Pi0060,TURNO 6 PINEROLO,Turno 6 Pinerolo,Sabato,13:05,19:40,000703,PIN - Fiugera - Pinerolo Frazione Riva (Domarossa),,14:00,14:30
Pi0060,TURNO 6 PINEROLO,Turno 6 Pinerolo,Sabato,13:05,19:40,000283,PINEROLO - Piazza Cavour - CANTALUPA,,15:05,15:30
Pi0060,TURNO 6 PINEROLO,Turno 6 Pinerolo,Sabato,13:05,19:40,000283,CANTALUPA - PINEROLO - Piazza Cavour,,15:30,15:49
Pi0060,TURNO 6 PINEROLO,Turno 6 Pinerolo,Sabato,13:05,19:40,000283,PINEROLO - Piazza Cavour - CANTALUPA,,16:05,16:30
Pi0060,TURNO 6 PINEROLO,Turno 6 Pinerolo,Sabato,13:05,19:40,000283,CANTALUPA - PINEROLO - Piazza Cavour,,16:40,17:00
Pi0060,TURNO 6 PINEROLO,Turno 6 Pinerolo,Sabato,13:05,19:40,000283,PINEROLO - Piazza Cavour - ROLETTO,,17:00,17:20
Pi0060,TURNO 6 PINEROLO,Turno 6 Pinerolo,Sabato,13:05,19:40,000283,ROLETTO - PINEROLO - Piazza Cavour,,17:20,17:35
Pi0060,TURNO 6 PINEROLO,Turno 6 Pinerolo,Sabato,13:05,19:40,000283,PINEROLO - Piazza Cavour - CANTALUPA,,17:35,17:55
Pi0060,TURNO 6 PINEROLO,Turno 6 Pinerolo,Sabato,13:05,19:40,000283,CANTALUPA - PINEROLO - Piazza Cavour,,17:55,18:25
Pi0060,TURNO 6 PINEROLO,Turno 6 Pinerolo,Sabato,13:05,19:40,000283,PINEROLO - Piazza Cavour - CANTALUPA,,18:30,19:00
Pi0060,TURNO 6 PINEROLO,Turno 6 Pinerolo,Sabato,13:05,19:40,000283,CANTALUPA - PINEROLO - Piazza Cavour,,19:00,19:20
Pi0080,TURNO 8 PINEROLO,Turno 8 Pinerolo,Sabato,06:55,17:25,000283,PINEROLO - Piazza Cavour - CANTALUPA,,07:15,07:45
Pi0080,TURNO 8 PINEROLO,Turno 8 Pinerolo,Sabato,06:55,17:25,000283,CANTALUPA - PINEROLO - Piazza Cavour,,07:50,08:09
Pi0080,TURNO 8 PINEROLO,Turno 8 Pinerolo,Sabato,06:55,17:25,000701,PINEROLO - movicentro - Pinerolo Frazione Talucco,,08:55,09:20
Pi0080,TURNO 8 PINEROLO,Turno 8 Pinerolo,Sabato,06:55,17:25,000701,Pinerolo Frazione Talucco - PINEROLO - movicentro,,09:20,09:45
Pi0080,TURNO 8 PINEROLO,Turno 8 Pinerolo,Sabato,06:55,17:25,000703,PIN - Fiugera - Frazione Pascaretto,,12:35,13:04
Pi0080,TURNO 8 PINEROLO,Turno 8 Pinerolo,Sabato,06:55,17:25,000701,S.Pietro Val Lemina - via Europa 61 - PINEROLO - movicentro,,13:20,13:42
Pi0080,TURNO 8 PINEROLO,Turno 8 Pinerolo,Sabato,06:55,17:25,000901,PINEROLO - movicentro - TORRE PELLICE,,14:20,14:55
Pi0080,TURNO 8 PINEROLO,Turno 8 Pinerolo,Sabato,06:55,17:25,000901,TORRE PELLICE - PINEROLO - movicentro,,15:05,15:40
Pi0080,TURNO 8 PINEROLO,Turno 8 Pinerolo,Sabato,06:55,17:25,000901,PINEROLO - movicentro - TORRE PELLICE,,15:50,16:25
Pi0080,TURNO 8 PINEROLO,Turno 8 Pinerolo,Sabato,06:55,17:25,000901,TORRE PELLICE - PINEROLO - movicentro,,16:35,17:10
Pi0090,TURNO 9 PINEROLO,Turno 9 Pinerolo,Sabato,12:35,20:14,000901,PINEROLO - movicentro - TORRE PELLICE,,12:50,13:25
Pi0090,TURNO 9 PINEROLO,Turno 9 Pinerolo,Sabato,12:35,20:14,000901,TORRE PELLICE - PINEROLO - movicentro,,13:35,14:10
Pi0090,TURNO 9 PINEROLO,Turno 9 Pinerolo,Sabato,12:35,20:14,000901,PINEROLO - movicentro - TORRE PELLICE,,14:50,15:25
Pi0090,TURNO 9 PINEROLO,Turno 9 Pinerolo,Sabato,12:35,20:14,000901,TORRE PELLICE - PINEROLO - movicentro,,15:35,16:10
Pi0090,TURNO 9 PINEROLO,Turno 9 Pinerolo,Sabato,12:35,20:14,000282,PINEROLO - Piazza Cavour - TORINO - Autostazione c.so Bolzano,,16:40,18:15
Pi0090,TURNO 9 PINEROLO,Turno 9 Pinerolo,Sabato,12:35,20:14,000282,TORINO - Autostazione c.so Bolzano - PINEROLO - movicentro,,18:48,19:59
Pi0100,TURNO 10 PINEROLO,Turno 10 Pinerolo,Sabato,13:01,20:25,000275,PINEROLO - movicentro - TORINO - Autostazione c.so Bolzano,,13:16,14:19
Pi0100,TURNO 10 PINEROLO,Turno 10 Pinerolo,Sabato,13:01,20:25,000282,TORINO - Autostazione c.so Bolzano - PINEROLO - Piazza Cavour,,15:03,16:20
Pi0100,TURNO 10 PINEROLO,Turno 10 Pinerolo,Sabato,13:01,20:25,000901,TORRE PELLICE - PINEROLO - movicentro,,17:35,18:10
Pi0100,TURNO 10 PINEROLO,Turno 10 Pinerolo,Sabato,13:01,20:25,000901,PINEROLO - movicentro - TORRE PELLICE,,18:20,18:55
Pi0100,TURNO 10 PINEROLO,Turno 10 Pinerolo,Sabato,13:01,20:25,000279,TORRE PELLICE - BOBBIO PELLICE,,19:05,19:19
Pi0100,TURNO 10 PINEROLO,Turno 10 Pinerolo,Sabato,13:01,20:25,000901,TORRE PELLICE - PINEROLO - movicentro,,19:35,20:10
Pi0110,TURNO 11 PINEROLO,Turno 11 Pinerolo,Sabato,05:00,11:37,000275,Pinerolo Bivio Sede SAPAV - Villar Perosa Stabilimento SKF,,05:11,05:35
Pi0110,TURNO 11 PINEROLO,Turno 11 Pinerolo,Sabato,05:00,11:37,000275,Villar Perosa Stabilimento SKF - SAN SECONDO bivio BIMA,,06:05,06:25
Pi0110,TURNO 11 PINEROLO,Turno 11 Pinerolo,Sabato,05:00,11:37,000284,SAN SECONDO bivio BIMA - TORRE PELLICE,,06:25,06:45
Pi0110,TURNO 11 PINEROLO,Turno 11 Pinerolo,Sabato,05:00,11:37,000278,PINEROLO - stazione FS - MACELLO - Municipio,,07:30,07:55
Pi0110,TURNO 11 PINEROLO,Turno 11 Pinerolo,Sabato,05:00,11:37,000278,MACELLO - Municipio - PINEROLO - stazione FS,,07:55,08:15
Pi0110,TURNO 11 PINEROLO,Turno 11 Pinerolo,Sabato,05:00,11:37,000702,PIS - Via Don Martini 34 - PINEROLO - Piazza Cavour,,08:45,09:10
Pi0110,TURNO 11 PINEROLO,Turno 11 Pinerolo,Sabato,05:00,11:37,000702,PINEROLO - Piazza Cavour - Frazione Pascaretto,,11:00,11:17
Pi0120,TURNO 12 DI PINEROLO,Pinerolo,Sabato,05:30,12:30,000275,Villar Perosa - Stabilimento TEKFOR B - FENESTRELLE - Via Nazionale,,06:00,06:40
Pi0120,TURNO 12 DI PINEROLO,Pinerolo,Sabato,05:30,12:30,000275,FENESTRELLE - Via Nazionale - PEROSA ARG.-Pzza Terzo Alpini,,06:40,07:10
Pi0120,TURNO 12 DI PINEROLO,Pinerolo,Sabato,05:30,12:30,000282,PEROSA ARG.-Pzza Terzo Alpini - PINEROLO - movicentro,,07:10,07:42
Pi0120,TURNO 12 DI PINEROLO,Pinerolo,Sabato,05:30,12:30,000282,PINEROLO - movicentro - TORINO - Autostazione c.so Bolzano,,07:46,08:57
Pi0120,TURNO 12 DI PINEROLO,Pinerolo,Sabato,05:30,12:30,000282,TORINO - Autostazione c.so Bolzano - PINEROLO - movicentro,,09:03,10:14
Pi0120,TURNO 12 DI PINEROLO,Pinerolo,Sabato,05:30,12:30,000283,PINEROLO - Piazza Cavour - CANTALUPA,,11:10,11:40
Pi0120,TURNO 12 DI PINEROLO,Pinerolo,Sabato,05:30,12:30,000283,CANTALUPA - PINEROLO - Piazza Cavour,,11:40,12:10
Pi0140,TURNO 14 PINEROLO,Turno 14 Pinerolo,Sabato,05:45,14:40,000283,CANTALUPA - PINEROLO - Piazza Cavour,,06:15,06:40
Pi0140,TURNO 14 PINEROLO,Turno 14 Pinerolo,Sabato,05:45,14:40,000283,PINEROLO - Piazza Cavour - CANTALUPA,,06:45,07:05
Pi0140,TURNO 14 PINEROLO,Turno 14 Pinerolo,Sabato,05:45,14:40,000283,CANTALUPA - PINEROLO - Piazza Cavour,,07:10,07:35
Pi0140,TURNO 14 PINEROLO,Turno 14 Pinerolo,Sabato,05:45,14:40,000283,PINEROLO - Piazza Cavour - CANTALUPA,,08:00,08:30
Pi0140,TURNO 14 PINEROLO,Turno 14 Pinerolo,Sabato,05:45,14:40,000283,CANTALUPA - PINEROLO - Piazza Cavour,,08:30,09:00
Pi0140,TURNO 14 PINEROLO,Turno 14 Pinerolo,Sabato,05:45,14:40,000283,PINEROLO - Piazza Cavour - FRO - Via Principe Amedeo,,09:00,09:20
Pi0140,TURNO 14 PINEROLO,Turno 14 Pinerolo,Sabato,05:45,14:40,000283,Frossasco Via Principe Amedeo - PINEROLO - Piazza Cavour,,09:20,09:50
Pi0140,TURNO 14 PINEROLO,Turno 14 Pinerolo,Sabato,05:45,14:40,000278,PINEROLO - Osp. Cottolengo - CERCENASCO - v. Reg.Margherita,,12:45,13:23
Pi0140,TURNO 14 PINEROLO,Turno 14 Pinerolo,Sabato,05:45,14:40,000278,CERCENASCO - v. Reg.Margherita - PINEROLO - Piazza Cavour,,13:45,14:20
Pi0180,TURNO 18 PINEROLO,Turno 18 Pinerolo,Sabato,12:35,21:05,000279,PINEROLO Centro Studi - BOBBIO PELLICE,,12:50,13:40
Pi0180,TURNO 18 PINEROLO,Turno 18 Pinerolo,Sabato,12:35,21:05,000901,TORRE PELLICE - PINEROLO - movicentro,,14:10,14:45
Pi0180,TURNO 18 PINEROLO,Turno 18 Pinerolo,Sabato,12:35,21:05,000901,TORRE PELLICE - PINEROLO - movicentro,,17:05,17:40
Pi0180,TURNO 18 PINEROLO,Turno 18 Pinerolo,Sabato,12:35,21:05,000901,PINEROLO - movicentro - TORRE PELLICE,,17:50,18:25
Pi0180,TURNO 18 PINEROLO,Turno 18 Pinerolo,Sabato,12:35,21:05,000901,TORRE PELLICE - PINEROLO - movicentro,,18:35,19:10
Pi0180,TURNO 18 PINEROLO,Turno 18 Pinerolo,Sabato,12:35,21:05,000901,PINEROLO - movicentro - TORRE PELLICE,,19:50,20:25
Pi0190,TURNO 19 PINEROLO,Turno 19 Pinerolo,Sabato,05:45,13:40,000284,PINEROLO-stabilimento TN ITALY - SEGGIOVIA VANDALINO,,06:00,06:35
Pi0190,TURNO 19 PINEROLO,Turno 19 Pinerolo,Sabato,05:45,13:40,000901,TORRE PELLICE - PINEROLO - movicentro,,07:05,07:40
Pi0190,TURNO 19 PINEROLO,Turno 19 Pinerolo,Sabato,05:45,13:40,000901,PINEROLO - movicentro - TORRE PELLICE,,09:20,09:55
Pi0190,TURNO 19 PINEROLO,Turno 19 Pinerolo,Sabato,05:45,13:40,000279,TORRE PELLICE - BOBBIO PELLICE,,09:55,10:13
Pi0190,TURNO 19 PINEROLO,Turno 19 Pinerolo,Sabato,05:45,13:40,000279,BOBBIO PELLICE - TORRE PELLICE,,10:13,10:30
Pi0190,TURNO 19 PINEROLO,Turno 19 Pinerolo,Sabato,05:45,13:40,000901,TORRE PELLICE - PINEROLO - movicentro,,11:35,12:10
Pi0190,TURNO 19 PINEROLO,Turno 19 Pinerolo,Sabato,05:45,13:40,000278,PINEROLO - Piazza Cavour - Buriasco Piazza Roma,,12:45,13:10
Pi0190,TURNO 19 PINEROLO,Turno 19 Pinerolo,Sabato,05:45,13:40,000278,Buriasco Piazza Roma - PINEROLO - Fronte Stazione FS,,13:10,13:25
Pi0230,TURNO 23 PINEROLO,Turno 23 Pinerolo,Sabato,13:23,22:10,000275,PINEROLO - movicentro - PEROSA ARG.-Pzza Terzo Alpini,,13:38,14:10
Pi0230,TURNO 23 PINEROLO,Turno 23 Pinerolo,Sabato,13:23,22:10,000275,PEROSA ARG.-Pzza Terzo Alpini - SESTRIERE - parcheggio,,14:10,15:20
Pi0230,TURNO 23 PINEROLO,Turno 23 Pinerolo,Sabato,13:23,22:10,000275,SESTRIERE - parcheggio - PEROSA ARG.-Pzza Terzo Alpini,,16:00,17:10
Pi0230,TURNO 23 PINEROLO,Turno 23 Pinerolo,Sabato,13:23,22:10,000275,PEROSA ARG.-Pzza Terzo Alpini - PINEROLO - Piazza Cavour,,18:40,19:10
Pi0230,TURNO 23 PINEROLO,Turno 23 Pinerolo,Sabato,13:23,22:10,000275,PINEROLO - Piazza Cavour - TORINO - Autostazione c.so Bolzano,,19:10,20:19
Pi0230,TURNO 23 PINEROLO,Turno 23 Pinerolo,Sabato,13:23,22:10,000275,TORINO - Autostazione c.so Bolzano - PINEROLO - Piazza Cavour,,20:41,21:50
Pi0260,TURNO 26 DI PINEROLO,Pinerolo,Sabato,04:13,12:10,000275,PINEROLO - movicentro - FENESTRELLE - Via Nazionale,,04:28,05:30
Pi0260,TURNO 26 DI PINEROLO,Pinerolo,Sabato,04:13,12:10,000275,FENESTRELLE - Via Nazionale - SESTRIERE - parcheggio,,05:30,06:10
Pi0260,TURNO 26 DI PINEROLO,Pinerolo,Sabato,04:13,12:10,000275,SESTRIERE - parcheggio - PEROSA ARG.-Pzza Terzo Alpini,,06:10,07:20
Pi0260,TURNO 26 DI PINEROLO,Pinerolo,Sabato,04:13,12:10,000275,PINEROLO - movicentro - TORINO - Autostazione c.so Bolzano,,09:16,10:19
Pi0260,TURNO 26 DI PINEROLO,Pinerolo,Sabato,04:13,12:10,000275,TORINO - Autostazione c.so Bolzano - PINEROLO - Piazza Cavour,,10:41,11:50
Pi0480,TURNO 48 PINEROLO,Turno 48 Pinerolo,Sabato,05:45,13:49,000275,PINEROLO-stabilimento TN ITALY - PEROSA ARG.-Pzza Terzo Alpini,,06:00,06:30
Pi0480,TURNO 48 PINEROLO,Turno 48 Pinerolo,Sabato,05:45,13:49,000703,Frazione Pascaretto - PIN - Fiugera,,07:50,08:25
Pi0480,TURNO 48 PINEROLO,Turno 48 Pinerolo,Sabato,05:45,13:49,000702,Frazione Pascaretto - PINEROLO - movicentro,,08:40,08:55
Pi0480,TURNO 48 PINEROLO,Turno 48 Pinerolo,Sabato,05:45,13:49,000283,PINEROLO - Piazza Cavour - FRO - Via Principe Amedeo,,10:00,10:20
Pi0480,TURNO 48 PINEROLO,Turno 48 Pinerolo,Sabato,05:45,13:49,000283,Frossasco Via Principe Amedeo - PINEROLO - Piazza Cavour,,10:20,10:51
Pi0480,TURNO 48 PINEROLO,Turno 48 Pinerolo,Sabato,05:45,13:49,000275,PINEROLO - movicentro - TORINO - Autostazione c.so Bolzano,,11:16,12:19
Pi0480,TURNO 48 PINEROLO,Turno 48 Pinerolo,Sabato,05:45,13:49,000275,TORINO - Autostazione c.so Bolzano - PINEROLO - movicentro,,12:31,13:34
Pi0580,TURNO 58 PINEROLO,Turno 58 Pinerolo,Sabato,09:40,17:40,000701,S.Pietro Val Lemina - via Europa 61 - MACELLO - Municipio,,10:10,10:50
Pi0580,TURNO 58 PINEROLO,Turno 58 Pinerolo,Sabato,09:40,17:40,000701,MACELLO - Municipio - S.Pietro Val Lemina - via Europa fr,,10:50,11:20
Pi0580,TURNO 58 PINEROLO,Turno 58 Pinerolo,Sabato,09:40,17:40,000701,S.Pietro Val Lemina - via Europa 61 - MACELLO - Municipio,,11:30,12:10
Pi0580,TURNO 58 PINEROLO,Turno 58 Pinerolo,Sabato,09:40,17:40,000701,MACELLO - Municipio - PINEROLO - movicentro,,12:10,12:30
Pi0580,TURNO 58 PINEROLO,Turno 58 Pinerolo,Sabato,09:40,17:40,000282,PINEROLO - Piazza Cavour - TORINO - Autostazione c.so Bolzano,,14:40,15:57
Pi0580,TURNO 58 PINEROLO,Turno 58 Pinerolo,Sabato,09:40,17:40,000282,TORINO - Autostazione c.so Bolzano - PINEROLO - Piazza Cavour,,16:03,17:20
Pi0720,TURNO 72 PINEROLO,Turno 72 Pinerolo,Sabato,16:27,21:27,000282,PINEROLO - movicentro - TORINO - Autostazione c.so Bolzano,,17:16,18:40
Pi0720,TURNO 72 PINEROLO,Turno 72 Pinerolo,Sabato,16:27,21:27,000275,TORINO - Autostazione c.so Bolzano - PINEROLO - movicentro,,18:41,19:44
Pi0720,TURNO 72 PINEROLO,Turno 72 Pinerolo,Sabato,16:27,21:27,000275,PINEROLO - movicentro - PEROSA ARG.-Pzza Terzo Alpini,,19:48,20:20
Pi0720,TURNO 72 PINEROLO,Turno 72 Pinerolo,Sabato,16:27,21:27,000275,PEROSA ARG.-Pzza Terzo Alpini - PINEROLO - movicentro,,20:40,21:12
Pi0900,TURNO 90 DI PINEROLO,Pinerolo,Sabato,05:50,12:50,000278,CERCENASCO - v. Reg.Margherita - PINEROLO - Piazza Cavour,,06:25,07:00
Pi0900,TURNO 90 DI PINEROLO,Pinerolo,Sabato,05:50,12:50,000703,Pinerolo Frazione Riva (Domarossa) - PIN - Fiugera,,08:20,08:47
Pi0900,TURNO 90 DI PINEROLO,Pinerolo,Sabato,05:50,12:50,000703,PIN - Fiugera - Pinerolo Frazione Riva (Domarossa),,09:00,09:30
Pi0900,TURNO 90 DI PINEROLO,Pinerolo,Sabato,05:50,12:50,000703,Pinerolo Frazione Riva (Domarossa) - PIN - Fiugera,,09:30,09:57
Pi0900,TURNO 90 DI PINEROLO,Pinerolo,Sabato,05:50,12:50,000703,PIN - Fiugera - Pinerolo Frazione Riva (Domarossa),,10:00,10:30
Pi0900,TURNO 90 DI PINEROLO,Pinerolo,Sabato,05:50,12:50,000703,Pinerolo Frazione Riva (Domarossa) - PIN - Fiugera,,10:30,10:57
Pi0900,TURNO 90 DI PINEROLO,Pinerolo,Sabato,05:50,12:50,000703,PIN - Fiugera - Pinerolo Frazione Riva (Domarossa),,11:00,11:30
Pi0900,TURNO 90 DI PINEROLO,Pinerolo,Sabato,05:50,12:50,000703,Pinerolo Frazione Riva (Domarossa) - PIN - Fiugera,,11:30,11:57
Pi0900,TURNO 90 DI PINEROLO,Pinerolo,Sabato,05:50,12:50,000703,PIN - Fiugera - RIVA DI PINEROLO -Via Maestra/Aurora,,12:10,12:35
Pi0910,TURNO 91 DI PINEROLO,Pinerolo,Sabato,14:15,20:05,000703,Pinerolo Frazione Riva (Domarossa) - PIN - Fiugera,,14:30,14:57
Pi0910,TURNO 91 DI PINEROLO,Pinerolo,Sabato,14:15,20:05,000703,PIN - Fiugera - Pinerolo Frazione Riva (Domarossa),,15:00,15:30
Pi0910,TURNO 91 DI PINEROLO,Pinerolo,Sabato,14:15,20:05,000703,Pinerolo Frazione Riva (Domarossa) - PIN - Fiugera,,15:30,15:57
Pi0910,TURNO 91 DI PINEROLO,Pinerolo,Sabato,14:15,20:05,000703,PIN - Fiugera - Frazione Pascaretto,,16:00,16:35
Pi0910,TURNO 91 DI PINEROLO,Pinerolo,Sabato,14:15,20:05,000703,Pinerolo Frazione Riva (Domarossa) - PIN - Fiugera,,16:40,17:07
Pi0910,TURNO 91 DI PINEROLO,Pinerolo,Sabato,14:15,20:05,000703,PIN - Fiugera - Pinerolo Frazione Riva (Domarossa),,17:10,17:40
Pi0910,TURNO 91 DI PINEROLO,Pinerolo,Sabato,14:15,20:05,000703,Pinerolo Frazione Riva (Domarossa) - PIN - Fiugera,,17:40,18:08
Pi0910,TURNO 91 DI PINEROLO,Pinerolo,Sabato,14:15,20:05,000703,PIN - Fiugera - Pinerolo Frazione Riva (Domarossa),,18:20,18:50
Pi0910,TURNO 91 DI PINEROLO,Pinerolo,Sabato,14:15,20:05,000703,Pinerolo Frazione Riva (Domarossa) - PIN - Fiugera,,18:50,19:17
Pi0910,TURNO 91 DI PINEROLO,Pinerolo,Sabato,14:15,20:05,000703,PIN - Fiugera - Pinerolo Frazione Riva (Domarossa),,19:20,19:50
Pi0930,TURNO 93 DI PINEROLO,Pinerolo,Sabato,05:15,12:05,000701,PINEROLO - movicentro - MACELLO - Municipio,,05:30,05:48
Pi0930,TURNO 93 DI PINEROLO,Pinerolo,Sabato,05:15,12:05,000701,MACELLO - Municipio - S.Pietro Val Lemina - via Europa fr,,05:50,06:20
Pi0930,TURNO 93 DI PINEROLO,Pinerolo,Sabato,05:15,12:05,000701,S.Pietro Val Lemina - via Europa 61 - MACELLO - Municipio,,06:20,07:00
Pi0930,TURNO 93 DI PINEROLO,Pinerolo,Sabato,05:15,12:05,000701,MACELLO - Municipio - S.Pietro Val Lemina - via Europa fr,,07:05,07:35
Pi0930,TURNO 93 DI PINEROLO,Pinerolo,Sabato,05:15,12:05,000701,S.Pietro Val Lemina - via Europa 61 - Pinerolo Centro Studi (C.Torino/Rochis),,07:35,08:00
Pi0930,TURNO 93 DI PINEROLO,Pinerolo,Sabato,05:15,12:05,000701,PIN - Str. Vecchia di Buriasco-Via Seves - S.Pietro Val Lemina - via Europa fr,,08:19,08:36
Pi0930,TURNO 93 DI PINEROLO,Pinerolo,Sabato,05:15,12:05,000701,S.Pietro Val Lemina - via Europa 61 - MACELLO - Municipio,,08:40,09:20
Pi0930,TURNO 93 DI PINEROLO,Pinerolo,Sabato,05:15,12:05,000701,MACELLO - Municipio - S.Pietro Val Lemina - via Europa fr,,09:25,10:03
Pi0930,TURNO 93 DI PINEROLO,Pinerolo,Sabato,05:15,12:05,000702,PINEROLO - Piazza Cavour - PIS - Via Don Martini,,11:15,11:40
Pi0940,TURNO 94 DI PINEROLO,Pinerolo,Sabato,07:15,13:42,000708,PINEROLO - Stazione Olimpica - PINEROLO - Parcheggio 17 Febbraio,,07:30,07:42
Pi0940,TURNO 94 DI PINEROLO,Pinerolo,Sabato,07:15,13:42,000708,PINEROLO - Parcheggio 17 Febbraio - PINEROLO - Stazione Olimpica,,07:45,07:57
Pi0940,TURNO 94 DI PINEROLO,Pinerolo,Sabato,07:15,13:42,000708,PINEROLO - Stazione Olimpica - PINEROLO - Parcheggio 17 Febbraio,,08:00,08:12
Pi0940,TURNO 94 DI PINEROLO,Pinerolo,Sabato,07:15,13:42,000708,PINEROLO - Parcheggio 17 Febbraio - PINEROLO - Stazione Olimpica,,08:15,08:27
Pi0940,TURNO 94 DI PINEROLO,Pinerolo,Sabato,07:15,13:42,000708,PINEROLO - Stazione Olimpica - PINEROLO - Parcheggio 17 Febbraio,,08:30,08:42
Pi0940,TURNO 94 DI PINEROLO,Pinerolo,Sabato,07:15,13:42,000708,PINEROLO - Parcheggio 17 Febbraio - PINEROLO - Stazione Olimpica,,08:45,08:57
Pi0940,TURNO 94 DI PINEROLO,Pinerolo,Sabato,07:15,13:42,000708,PINEROLO - Stazione Olimpica - PINEROLO - Parcheggio 17 Febbraio,,09:00,09:12
Pi0940,TURNO 94 DI PINEROLO,Pinerolo,Sabato,07:15,13:42,000708,PINEROLO - Parcheggio 17 Febbraio - PINEROLO - Stazione Olimpica,,09:15,09:27
Pi0940,TURNO 94 DI PINEROLO,Pinerolo,Sabato,07:15,13:42,000708,PINEROLO - Stazione Olimpica - PINEROLO - Parcheggio 17 Febbraio,,09:30,09:42
Pi0940,TURNO 94 DI PINEROLO,Pinerolo,Sabato,07:15,13:42,000708,PINEROLO - Parcheggio 17 Febbraio - PINEROLO - Stazione Olimpica,,09:45,09:57
Pi0940,TURNO 94 DI PINEROLO,Pinerolo,Sabato,07:15,13:42,000708,PINEROLO - Stazione Olimpica - PINEROLO - Parcheggio 17 Febbraio,,10:00,10:12
Pi0940,TURNO 94 DI PINEROLO,Pinerolo,Sabato,07:15,13:42,000708,PINEROLO - Parcheggio 17 Febbraio - PINEROLO - Stazione Olimpica,,10:15,10:27
Pi0940,TURNO 94 DI PINEROLO,Pinerolo,Sabato,07:15,13:42,000708,PINEROLO - Stazione Olimpica - PINEROLO - Parcheggio 17 Febbraio,,10:30,10:42
Pi0940,TURNO 94 DI PINEROLO,Pinerolo,Sabato,07:15,13:42,000708,PINEROLO - Parcheggio 17 Febbraio - PINEROLO - Stazione Olimpica,,10:45,10:57
Pi0940,TURNO 94 DI PINEROLO,Pinerolo,Sabato,07:15,13:42,000708,PINEROLO - Stazione Olimpica - PINEROLO - Parcheggio 17 Febbraio,,11:00,11:12
Pi0940,TURNO 94 DI PINEROLO,Pinerolo,Sabato,07:15,13:42,000708,PINEROLO - Parcheggio 17 Febbraio - PINEROLO - Stazione Olimpica,,11:15,11:27
Pi0940,TURNO 94 DI PINEROLO,Pinerolo,Sabato,07:15,13:42,000708,PINEROLO - Stazione Olimpica - PINEROLO - Parcheggio 17 Febbraio,,11:30,11:42
Pi0940,TURNO 94 DI PINEROLO,Pinerolo,Sabato,07:15,13:42,000708,PINEROLO - Parcheggio 17 Febbraio - PINEROLO - Stazione Olimpica,,11:45,11:57
Pi0940,TURNO 94 DI PINEROLO,Pinerolo,Sabato,07:15,13:42,000708,PINEROLO - Stazione Olimpica - PINEROLO - Parcheggio 17 Febbraio,,12:00,12:12
Pi0940,TURNO 94 DI PINEROLO,Pinerolo,Sabato,07:15,13:42,000708,PINEROLO - Parcheggio 17 Febbraio - PINEROLO - Stazione Olimpica,,12:15,12:27
Pi0940,TURNO 94 DI PINEROLO,Pinerolo,Sabato,07:15,13:42,000708,PINEROLO - Stazione Olimpica - PINEROLO - Parcheggio 17 Febbraio,,12:30,12:42
Pi0940,TURNO 94 DI PINEROLO,Pinerolo,Sabato,07:15,13:42,000708,PINEROLO - Parcheggio 17 Febbraio - PINEROLO - Stazione Olimpica,,12:45,12:57
Pi0940,TURNO 94 DI PINEROLO,Pinerolo,Sabato,07:15,13:42,000708,PINEROLO - Stazione Olimpica - PINEROLO - Parcheggio 17 Febbraio,,13:00,13:12
Pi0940,TURNO 94 DI PINEROLO,Pinerolo,Sabato,07:15,13:42,000708,PINEROLO - Parcheggio 17 Febbraio - PINEROLO - Stazione Olimpica,,13:15,13:27
Pt0010,CAREMA-TORINO-CAREMA,Carema,Sabato,04:50,14:00,000265,PONT S.MARTIN-pzza IV Novembre - IVREA - Stazione FS est,,05:05,05:39
Pt0010,CAREMA-TORINO-CAREMA,Carema,Sabato,04:50,14:00,000265,IVREA - Stazione FS est - CHIVASSO - Staz. FS Movicentro,,05:41,06:31
Pt0010,CAREMA-TORINO-CAREMA,Carema,Sabato,04:50,14:00,000265,CHIVASSO - Staz. FS Movicentro - IVREA - Stazione FS int,,06:35,07:33
Pt0010,CAREMA-TORINO-CAREMA,Carema,Sabato,04:50,14:00,000265,IVREA - Stazione FS int - PONT S.MARTIN-pzza IV Novembre,,07:35,08:05
Pt0010,CAREMA-TORINO-CAREMA,Carema,Sabato,04:50,14:00,000265,PONT S.MARTIN-pzza IV Novembre - IVREA - Stazione FS est,,09:52,10:26
Pt0010,CAREMA-TORINO-CAREMA,Carema,Sabato,04:50,14:00,000265,IVREA - Stazione FS est - CHIVASSO - Staz. FS Movicentro,,10:28,11:18
Pt0010,CAREMA-TORINO-CAREMA,Carema,Sabato,04:50,14:00,000265,CHIVASSO - Staz. FS Movicentro - IVREA - Stazione FS int,,12:23,13:13
Pt0010,CAREMA-TORINO-CAREMA,Carema,Sabato,04:50,14:00,000265,IVREA - Stazione FS int - PONT S.MARTIN-pzza IV Novembre,,13:15,13:45
Pt0070,CAREMA-TORINO-CAREMA,Carema,Sabato,06:37,14:20,000265,PONT S.MARTIN-pzza IV Novembre - IVREA - Stazione FS est,,06:52,07:26
Pt0070,CAREMA-TORINO-CAREMA,Carema,Sabato,06:37,14:20,000265,IVREA - Stazione FS est - CHIVASSO - Staz. FS Movicentro,,07:28,08:18
Pt0070,CAREMA-TORINO-CAREMA,Carema,Sabato,06:37,14:20,000265,CHIVASSO - Staz. FS Movicentro - IVREA - Stazione FS int,,08:43,09:33
Pt0070,CAREMA-TORINO-CAREMA,Carema,Sabato,06:37,14:20,000265,IVREA - Stazione FS int - PONT S.MARTIN-pzza IV Novembre,,09:35,10:05
Pt0070,CAREMA-TORINO-CAREMA,Carema,Sabato,06:37,14:20,000265,PONT S.MARTIN-pzza IV Novembre - IVREA - Stazione FS est,,10:52,11:26
Pt0070,CAREMA-TORINO-CAREMA,Carema,Sabato,06:37,14:20,000265,IVREA - Stazione FS est - CHIVASSO - Staz. FS Movicentro,,11:28,12:18
Pt0070,CAREMA-TORINO-CAREMA,Carema,Sabato,06:37,14:20,000265,CHIVASSO - Staz. FS Movicentro - IVREA - Stazione FS int,,12:43,13:33
Pt0070,CAREMA-TORINO-CAREMA,Carema,Sabato,06:37,14:20,000265,IVREA - Stazione FS int - PONT S.MARTIN-pzza IV Novembre,,13:35,14:05
Pt0080,CAREMA-TORINO-CAREMA,Carema,Sabato,07:37,18:20,000265,PONT S.MARTIN-pzza IV Novembre - IVREA - Stazione FS est,,07:52,08:26
Pt0080,CAREMA-TORINO-CAREMA,Carema,Sabato,07:37,18:20,000265,IVREA - Stazione FS est - CHIVASSO - Staz. FS Movicentro,,08:28,09:18
Pt0080,CAREMA-TORINO-CAREMA,Carema,Sabato,07:37,18:20,000265,CHIVASSO - Staz. FS Movicentro - IVREA - Stazione FS int,,09:43,10:33
Pt0080,CAREMA-TORINO-CAREMA,Carema,Sabato,07:37,18:20,000265,IVREA - Stazione FS int - PONT S.MARTIN-pzza IV Novembre,,10:35,11:05
Pt0080,CAREMA-TORINO-CAREMA,Carema,Sabato,07:37,18:20,000265,PONT S.MARTIN-pzza IV Novembre - IVREA - Stazione FS est,,14:52,15:26
Pt0080,CAREMA-TORINO-CAREMA,Carema,Sabato,07:37,18:20,000265,IVREA - Stazione FS est - CHIVASSO - Staz. FS Movicentro,,15:28,16:18
Pt0080,CAREMA-TORINO-CAREMA,Carema,Sabato,07:37,18:20,000265,CHIVASSO - Staz. FS Movicentro - IVREA - Stazione FS int,,16:43,17:33
Pt0080,CAREMA-TORINO-CAREMA,Carema,Sabato,07:37,18:20,000265,IVREA - Stazione FS int - PONT S.MARTIN-pzza IV Novembre,,17:35,18:05
Pt0090,CAREMA-TORINO-CAREMA,Carema,Sabato,11:37,19:20,000265,PONT S.MARTIN-pzza IV Novembre - IVREA - Stazione FS est,,11:52,12:26
Pt0090,CAREMA-TORINO-CAREMA,Carema,Sabato,11:37,19:20,000265,IVREA - Stazione FS est - CHIVASSO - Staz. FS Movicentro,,12:28,13:18
Pt0090,CAREMA-TORINO-CAREMA,Carema,Sabato,11:37,19:20,000265,CHIVASSO - Staz. FS Movicentro - IVREA - Stazione FS int,,13:43,14:33
Pt0090,CAREMA-TORINO-CAREMA,Carema,Sabato,11:37,19:20,000265,IVREA - Stazione FS int - PONT S.MARTIN-pzza IV Novembre,,14:35,15:05
Pt0090,CAREMA-TORINO-CAREMA,Carema,Sabato,11:37,19:20,000265,PONT S.MARTIN-pzza IV Novembre - IVREA - Stazione FS est,,16:02,16:36
Pt0090,CAREMA-TORINO-CAREMA,Carema,Sabato,11:37,19:20,000265,IVREA - Stazione FS est - CHIVASSO - Staz. FS Movicentro,,16:38,17:33
Pt0090,CAREMA-TORINO-CAREMA,Carema,Sabato,11:37,19:20,000265,CHIVASSO - Staz. FS Movicentro - IVREA - Stazione FS int,,17:43,18:33
Pt0090,CAREMA-TORINO-CAREMA,Carema,Sabato,11:37,19:20,000265,IVREA - Stazione FS int - PONT S.MARTIN-pzza IV Novembre,,18:35,19:05
Pt0100,CAREMA-TORINO-CAREMA,Carema,Sabato,13:37,21:20,000265,PONT S.MARTIN-pzza IV Novembre - IVREA - Stazione FS est,,13:52,14:26
Pt0100,CAREMA-TORINO-CAREMA,Carema,Sabato,13:37,21:20,000265,IVREA - Stazione FS est - CHIVASSO - Staz. FS Movicentro,,14:28,15:23
Pt0100,CAREMA-TORINO-CAREMA,Carema,Sabato,13:37,21:20,000265,CHIVASSO - Staz. FS Movicentro - IVREA - Stazione FS int,,15:43,16:33
Pt0100,CAREMA-TORINO-CAREMA,Carema,Sabato,13:37,21:20,000265,IVREA - Stazione FS int - PONT S.MARTIN-pzza IV Novembre,,16:35,17:05
Pt0100,CAREMA-TORINO-CAREMA,Carema,Sabato,13:37,21:20,000265,PONT S.MARTIN-pzza IV Novembre - IVREA - Stazione FS est,,17:52,18:26
Pt0100,CAREMA-TORINO-CAREMA,Carema,Sabato,13:37,21:20,000265,IVREA - Stazione FS est - CHIVASSO - Staz. FS Movicentro,,18:28,19:18
Pt0100,CAREMA-TORINO-CAREMA,Carema,Sabato,13:37,21:20,000265,CHIVASSO - Staz. FS Movicentro - IVREA - Stazione FS int,,19:43,20:33
Pt0100,CAREMA-TORINO-CAREMA,Carema,Sabato,13:37,21:20,000265,IVREA - Stazione FS int - PONT S.MARTIN-pzza IV Novembre,,20:35,21:05
Pt0110,CAREMA-TORINO-CAREMA,Carema,Sabato,12:37,20:26,000265,PONT S.MARTIN-pzza IV Novembre - STRAMBINO - c.so Torino,,12:52,13:35
Pt0110,CAREMA-TORINO-CAREMA,Carema,Sabato,12:37,20:26,000265,STRAMBINO - c.so Torino 45 - TORINO - Autostazione c.so Bolzano,,13:37,14:58
Pt0110,CAREMA-TORINO-CAREMA,Carema,Sabato,12:37,20:26,000265,TORINO - Autostazione c.so Bolzano - STRAMBINO - c.so Torino,,18:15,19:25
Pt0110,CAREMA-TORINO-CAREMA,Carema,Sabato,12:37,20:26,000265,STRAMBINO - c.so Torino 44 - PONT S.MARTIN-pzza IV Novembre,,19:27,20:11
Sa0010,TURNO 601 DI SALBERTRAND,Salbertrand,Sabato,10:25,19:25,000285,OULX - Stazione FS - SAUZE D'OULX,,10:45,11:00
Sa0010,TURNO 601 DI SALBERTRAND,Salbertrand,Sabato,10:25,19:25,000285,SAUZE D'OULX - OULX - Stazione FS,,11:00,11:15
Sa0010,TURNO 601 DI SALBERTRAND,Salbertrand,Sabato,10:25,19:25,000285,OULX - Stazione FS - SAUZE D'OULX,,11:45,12:00
Sa0010,TURNO 601 DI SALBERTRAND,Salbertrand,Sabato,10:25,19:25,000285,SAUZE D'OULX - OULX - Stazione FS,,12:00,12:15
Sa0010,TURNO 601 DI SALBERTRAND,Salbertrand,Sabato,10:25,19:25,000285,OULX - Stazione FS - SAUZE D'OULX,,12:30,12:45
Sa0010,TURNO 601 DI SALBERTRAND,Salbertrand,Sabato,10:25,19:25,000285,SAUZE D'OULX - OULX - Stazione FS,,12:45,13:00
Sa0010,TURNO 601 DI SALBERTRAND,Salbertrand,Sabato,10:25,19:25,000285,OULX - Stazione FS - SAUZE D'OULX,,13:45,14:00
Sa0010,TURNO 601 DI SALBERTRAND,Salbertrand,Sabato,10:25,19:25,000285,SAUZE D'OULX - OULX - Stazione FS,,14:00,14:15
Sa0010,TURNO 601 DI SALBERTRAND,Salbertrand,Sabato,10:25,19:25,000285,OULX - Stazione FS - SESTRIERE - parcheggio,,15:45,16:30
Sa0010,TURNO 601 DI SALBERTRAND,Salbertrand,Sabato,10:25,19:25,000285,SESTRIERE - parcheggio - OULX - Stazione FS,,16:30,17:15
Sa0010,TURNO 601 DI SALBERTRAND,Salbertrand,Sabato,10:25,19:25,000285,OULX - Stazione FS - SESTRIERE - parcheggio,,17:45,18:30
Sa0030,TURNO 603 DI SALBERTRAND,Salbertrand,Sabato,05:25,14:45,000285,OULX - Stazione FS - SAUZE D'OULX,,05:45,06:00
Sa0030,TURNO 603 DI SALBERTRAND,Salbertrand,Sabato,05:25,14:45,000285,SAUZE D'OULX - OULX - Stazione FS,,06:00,06:15
Sa0030,TURNO 603 DI SALBERTRAND,Salbertrand,Sabato,05:25,14:45,000285,SAUZE DI CESANA - Cesana Municipio,,07:15,07:25
Sa0030,TURNO 603 DI SALBERTRAND,Salbertrand,Sabato,05:25,14:45,000285,Cesana Municipio - OULX - Stazione FS,,07:25,07:45
Sa0030,TURNO 603 DI SALBERTRAND,Salbertrand,Sabato,05:25,14:45,000285,OULX - Stazione FS - SAUZE D'OULX,,07:50,08:05
Sa0030,TURNO 603 DI SALBERTRAND,Salbertrand,Sabato,05:25,14:45,000285,SAUZE D'OULX - OULX - Stazione FS,,08:05,08:20
Sa0030,TURNO 603 DI SALBERTRAND,Salbertrand,Sabato,05:25,14:45,000285,OULX - Stazione FS - SAUZE D'OULX,,08:45,09:00
Sa0030,TURNO 603 DI SALBERTRAND,Salbertrand,Sabato,05:25,14:45,000285,SAUZE D'OULX - OULX - Stazione FS,,09:00,09:15
Sa0030,TURNO 603 DI SALBERTRAND,Salbertrand,Sabato,05:25,14:45,000285,OULX - Stazione FS - CLAVIERE,,10:40,11:15
Sa0030,TURNO 603 DI SALBERTRAND,Salbertrand,Sabato,05:25,14:45,000285,OULX - Stazione FS - Cesana fr Municipio,,13:05,13:25
Sa0030,TURNO 603 DI SALBERTRAND,Salbertrand,Sabato,05:25,14:45,000285,Cesana fr Municipio - SAUZE DI CESANA,,13:35,00:10
Sa0030,TURNO 603 DI SALBERTRAND,Salbertrand,Sabato,05:25,14:45,000285,SAUZE DI CESANA - Cesana Municipio,,13:40,13:50
Sa0030,TURNO 603 DI SALBERTRAND,Salbertrand,Sabato,05:25,14:45,000285,Cesana Municipio - OULX - Stazione FS,,14:05,14:25
Sa0050,TURNO 605 DI SALBERTRAND,Salbertrand,Sabato,13:25,20:35,000285,OULX - Stazione FS - SESTRIERE - parcheggio,,13:45,14:30
Sa0050,TURNO 605 DI SALBERTRAND,Salbertrand,Sabato,13:25,20:35,000275,SESTRIERE - parcheggio - PEROSA ARG.-Pzza Terzo Alpini,,14:30,15:40
Sa0050,TURNO 605 DI SALBERTRAND,Salbertrand,Sabato,13:25,20:35,000275,PEROSA ARG.-Pzza Terzo Alpini - PINEROLO - movicentro,,16:40,17:12
Sa0050,TURNO 605 DI SALBERTRAND,Salbertrand,Sabato,13:25,20:35,000275,PINEROLO - movicentro - PEROSA ARG.-Pzza Terzo Alpini,,17:48,18:20
Sa0050,TURNO 605 DI SALBERTRAND,Salbertrand,Sabato,13:25,20:35,000275,PEROSA ARG.-Pzza Terzo Alpini - SESTRIERE - parcheggio,,18:20,19:30
Sa0050,TURNO 605 DI SALBERTRAND,Salbertrand,Sabato,13:25,20:35,000285,SESTRIERE - parcheggio - OULX - Stazione FS,,19:30,20:15
Sa0060,TURNO 608 DI SALBERTRAND,Salbertrand,Sabato,06:25,16:35,000285,OULX - Stazione FS - SESTRIERE - parcheggio,,06:45,07:30
Sa0060,TURNO 608 DI SALBERTRAND,Salbertrand,Sabato,06:25,16:35,000275,SESTRIERE - parcheggio - PEROSA ARG.-Pzza Terzo Alpini,,07:30,08:40
Sa0060,TURNO 608 DI SALBERTRAND,Salbertrand,Sabato,06:25,16:35,000275,PEROSA ARG.-Pzza Terzo Alpini - PINEROLO - movicentro,,08:40,09:12
Sa0060,TURNO 608 DI SALBERTRAND,Salbertrand,Sabato,06:25,16:35,000275,PINEROLO - movicentro - PINEROLO - Piazza Cavour,,10:44,10:50
Sa0060,TURNO 608 DI SALBERTRAND,Salbertrand,Sabato,06:25,16:35,000275,PINEROLO - Piazza Cavour - PEROSA ARG.-Pzza Terzo Alpini,,10:50,11:20
Sa0060,TURNO 608 DI SALBERTRAND,Salbertrand,Sabato,06:25,16:35,000275,PEROSA ARG.-Pzza Terzo Alpini - SESTRIERE - parcheggio,,11:20,12:30
Sa0060,TURNO 608 DI SALBERTRAND,Salbertrand,Sabato,06:25,16:35,000285,SESTRIERE - parcheggio - OULX - Stazione FS,,12:30,13:15
Sa0060,TURNO 608 DI SALBERTRAND,Salbertrand,Sabato,06:25,16:35,000285,OULX - Stazione FS - SAUZE D'OULX,,14:55,15:10
Sa0060,TURNO 608 DI SALBERTRAND,Salbertrand,Sabato,06:25,16:35,000285,SAUZE D'OULX - OULX - Stazione FS,,15:10,15:25
Sa0060,TURNO 608 DI SALBERTRAND,Salbertrand,Sabato,06:25,16:35,000285,OULX - Stazione FS - SAUZE D'OULX,,15:45,16:00
Sa0060,TURNO 608 DI SALBERTRAND,Salbertrand,Sabato,06:25,16:35,000285,SAUZE D'OULX - OULX - Stazione FS,,16:00,16:15
Sa0080,TURNO 619 DI SALBERTRAND,Salbertrand,Sabato,12:45,20:35,000285,OULX - Stazione FS - SESTRIERE - parcheggio,,13:05,13:50
Sa0080,TURNO 619 DI SALBERTRAND,Salbertrand,Sabato,12:45,20:35,000285,SESTRIERE - parcheggio - OULX - Stazione FS,,14:30,15:15
Sa0080,TURNO 619 DI SALBERTRAND,Salbertrand,Sabato,12:45,20:35,000285,CLAVIERE - OULX - Stazione FS,,15:50,16:25
Sa0080,TURNO 619 DI SALBERTRAND,Salbertrand,Sabato,12:45,20:35,000285,OULX - Stazione FS - SAUZE D'OULX,,16:45,17:00
Sa0080,TURNO 619 DI SALBERTRAND,Salbertrand,Sabato,12:45,20:35,000285,SAUZE D'OULX - OULX - Stazione FS,,17:00,17:15
Sa0080,TURNO 619 DI SALBERTRAND,Salbertrand,Sabato,12:45,20:35,000285,OULX - Stazione FS - SAUZE D'OULX,,17:45,18:00
Sa0080,TURNO 619 DI SALBERTRAND,Salbertrand,Sabato,12:45,20:35,000285,SAUZE D'OULX - OULX - Stazione FS,,18:00,18:15
Sa0080,TURNO 619 DI SALBERTRAND,Salbertrand,Sabato,12:45,20:35,000285,OULX - Stazione FS - SAUZE D'OULX,,18:45,19:00
Sa0080,TURNO 619 DI SALBERTRAND,Salbertrand,Sabato,12:45,20:35,000285,SAUZE D'OULX - OULX - Stazione FS,,19:00,19:15
Sa0080,TURNO 619 DI SALBERTRAND,Salbertrand,Sabato,12:45,20:35,000285,OULX - Stazione FS - SAUZE D'OULX,,19:45,20:00
Sa0080,TURNO 619 DI SALBERTRAND,Salbertrand,Sabato,12:45,20:35,000285,SAUZE D'OULX - OULX - Stazione FS,,20:00,20:15
Su0010,TURNO 501 DI SUSA,Susa,Sabato,12:15,19:50,000286,SUSA - stazione FS - Novalesa,,12:30,12:45
Su0010,TURNO 501 DI SUSA,Susa,Sabato,12:15,19:50,000274,Novalesa - SUSA - stazione FS,,12:45,13:00
Su0010,TURNO 501 DI SUSA,Susa,Sabato,12:15,19:50,000286,SUSA - stazione FS - MEANA,,13:10,13:20
Su0010,TURNO 501 DI SUSA,Susa,Sabato,12:15,19:50,000286,MEANA - SUSA - stazione FS,,13:30,00:10
Su0010,TURNO 501 DI SUSA,Susa,Sabato,12:15,19:50,000286,SUSA - stazione FS - Novalesa,,14:15,14:30
Su0010,TURNO 501 DI SUSA,Susa,Sabato,12:15,19:50,000286,Novalesa - SUSA - stazione FS,,14:30,14:45
Su0010,TURNO 501 DI SUSA,Susa,Sabato,12:15,19:50,000274,SUSA - stazione FS - Novalesa,,15:05,15:20
Su0010,TURNO 501 DI SUSA,Susa,Sabato,12:15,19:50,000286,Novalesa - SUSA - stazione FS,,15:20,15:35
Su0010,TURNO 501 DI SUSA,Susa,Sabato,12:15,19:50,000286,SUSA - stazione FS - EXILLES,,18:05,18:25
Su0010,TURNO 501 DI SUSA,Susa,Sabato,12:15,19:50,000286,EXILLES - SUSA - stazione FS,,18:25,18:45
Su0010,TURNO 501 DI SUSA,Susa,Sabato,12:15,19:50,000286,SUSA - stazione FS - Novalesa,,19:00,19:15
Su0010,TURNO 501 DI SUSA,Susa,Sabato,12:15,19:50,000286,Novalesa - SUSA - stazione FS,,19:20,19:35
Su0030,TURNO 503 DI SUSA,Susa,Sabato,05:00,13:39,000285,Cesana Municipio - OULX - Stazione FS,,06:00,06:20
Su0030,TURNO 503 DI SUSA,Susa,Sabato,05:00,13:39,000285,OULX - Stazione FS - SESTRIERE - parcheggio,,07:50,08:35
Su0030,TURNO 503 DI SUSA,Susa,Sabato,05:00,13:39,000285,SESTRIERE - parcheggio - OULX - Stazione FS,,08:35,09:20
Su0030,TURNO 503 DI SUSA,Susa,Sabato,05:00,13:39,000285,OULX - Stazione FS - SAUZE D'OULX,,09:45,10:00
Su0030,TURNO 503 DI SUSA,Susa,Sabato,05:00,13:39,000285,SAUZE D'OULX - OULX - Stazione FS,,10:00,10:15
Su0030,TURNO 503 DI SUSA,Susa,Sabato,05:00,13:39,000285,Cesana Municipio - SESTRIERE - parcheggio,,11:00,11:25
Su0030,TURNO 503 DI SUSA,Susa,Sabato,05:00,13:39,000285,SESTRIERE - parcheggio - OULX - Stazione FS,,12:04,12:49
Su0070,TURNO 507 DI SUSA,Susa,Sabato,06:25,18:50,000286,SUSA - stazione FS - EXILLES,,06:40,07:00
Su0070,TURNO 507 DI SUSA,Susa,Sabato,06:25,18:50,000286,EXILLES - SUSA - stazione FS,,07:10,07:30
Su0070,TURNO 507 DI SUSA,Susa,Sabato,06:25,18:50,000286,SUSA - stazione FS - MEANA,,07:40,00:10
Su0070,TURNO 507 DI SUSA,Susa,Sabato,06:25,18:50,000286,MEANA - SUSA - stazione FS,,07:50,00:10
Su0070,TURNO 507 DI SUSA,Susa,Sabato,06:25,18:50,000286,SUSA - stazione FS - EXILLES,,07:55,08:15
Su0070,TURNO 507 DI SUSA,Susa,Sabato,06:25,18:50,000286,EXILLES - SUSA - stazione FS,,08:20,08:40
Su0070,TURNO 507 DI SUSA,Susa,Sabato,06:25,18:50,000286,SUSA - stazione FS - EXILLES,,12:30,12:50
Su0070,TURNO 507 DI SUSA,Susa,Sabato,06:25,18:50,000286,EXILLES - SUSA - stazione FS,,13:00,13:20
Su0070,TURNO 507 DI SUSA,Susa,Sabato,06:25,18:50,000286,SUSA - stazione FS - EXILLES,,13:55,14:15
Su0070,TURNO 507 DI SUSA,Susa,Sabato,06:25,18:50,000286,EXILLES - SUSA - stazione FS,,14:45,15:05
Su0070,TURNO 507 DI SUSA,Susa,Sabato,06:25,18:50,000286,SUSA - stazione FS - Novalesa,,18:05,18:20
Su0070,TURNO 507 DI SUSA,Susa,Sabato,06:25,18:50,000286,Novalesa - SUSA - stazione FS,,18:20,18:35
Su0080,TURNO 508 DI SUSA,Susa,Sabato,04:45,09:45,000274,SUSA - stazione FS - LUTHER KING - TEKFOR,,05:00,05:45
Su0080,TURNO 508 DI SUSA,Susa,Sabato,04:45,09:45,000274,LUTHER KING - TEKFOR - SUSA - stazione FS,,06:15,07:00
Su0100,TURNO 510 DI SUSA,Susa,Sabato,04:45,12:05,000274,SUSA - stazione FS - LUTHER KING - TEKFOR,,05:00,05:45
Su0100,TURNO 510 DI SUSA,Susa,Sabato,04:45,12:05,000123,LUTHER KING - TEKFOR - FERRIERA - TEKFOR,,05:50,
Su0100,TURNO 510 DI SUSA,Susa,Sabato,04:45,12:05,000123,FERRIERA - TEKFOR - LUTHER KING - TEKFOR,,06:10,06:15
Su0100,TURNO 510 DI SUSA,Susa,Sabato,04:45,12:05,000274,LUTHER KING - TEKFOR - SUSA - stazione FS,,06:15,07:00
Su0100,TURNO 510 DI SUSA,Susa,Sabato,04:45,12:05,000274,SUSA - stazione FS - Novalesa,,07:00,07:15
Su0100,TURNO 510 DI SUSA,Susa,Sabato,04:45,12:05,000286,Novalesa - SUSA - stazione FS,,07:15,07:30
Su0100,TURNO 510 DI SUSA,Susa,Sabato,04:45,12:05,000286,SUSA - stazione FS - Novalesa,,08:15,08:30
Su0100,TURNO 510 DI SUSA,Susa,Sabato,04:45,12:05,000286,Novalesa - SUSA - stazione FS,,08:30,08:45
Su0100,TURNO 510 DI SUSA,Susa,Sabato,04:45,12:05,000286,SUSA - stazione FS - Novalesa,,11:15,11:30
Su0100,TURNO 510 DI SUSA,Susa,Sabato,04:45,12:05,000286,Novalesa - SUSA - stazione FS,,11:35,11:50
To0276,TORINO-CASELLE-TORINO,Torino,Sabato,04:35,11:25,000268,TO - piazza Carlo Felice - CASELLE Aeroporto,,05:15,06:00
To0276,TORINO-CASELLE-TORINO,Torino,Sabato,04:35,11:25,000268,CASELLE Aeroporto - TO - piazza Carlo Felice,,06:10,06:55
To0276,TORINO-CASELLE-TORINO,Torino,Sabato,04:35,11:25,000268,TO - piazza Carlo Felice - CASELLE Aeroporto,,07:00,07:45
To0276,TORINO-CASELLE-TORINO,Torino,Sabato,04:35,11:25,000268,CASELLE Aeroporto - TO - piazza Carlo Felice,,08:00,08:45
To0276,TORINO-CASELLE-TORINO,Torino,Sabato,04:35,11:25,000268,TO - piazza Carlo Felice - CASELLE Aeroporto,,09:00,09:45
To0276,TORINO-CASELLE-TORINO,Torino,Sabato,04:35,11:25,000268,CASELLE Aeroporto - TO - piazza Carlo Felice,,10:00,10:45
To0286,TORINO-CASELLE-TORINO,Torino,Sabato,05:05,11:55,000268,TO - piazza Carlo Felice - CASELLE Aeroporto,,05:45,06:30
To0286,TORINO-CASELLE-TORINO,Torino,Sabato,05:05,11:55,000268,CASELLE Aeroporto - TO - piazza Carlo Felice,,06:35,07:20
To0286,TORINO-CASELLE-TORINO,Torino,Sabato,05:05,11:55,000268,TO - piazza Carlo Felice - CASELLE Aeroporto,,07:30,08:07
To0286,TORINO-CASELLE-TORINO,Torino,Sabato,05:05,11:55,000268,CASELLE Aeroporto - TO - piazza Carlo Felice,,08:30,09:09
To0286,TORINO-CASELLE-TORINO,Torino,Sabato,05:05,11:55,000268,TO - piazza Carlo Felice - CASELLE Aeroporto,,09:30,10:07
To0286,TORINO-CASELLE-TORINO,Torino,Sabato,05:05,11:55,000268,CASELLE Aeroporto - TO - piazza Carlo Felice,,10:30,11:09
To0306,TORINO-CASELLE-TORINO,Torino,Sabato,05:50,12:55,000268,TO - piazza Carlo Felice - CASELLE Aeroporto,,06:30,07:15
To0306,TORINO-CASELLE-TORINO,Torino,Sabato,05:50,12:55,000268,CASELLE Aeroporto - TO - piazza Carlo Felice,,07:30,08:09
To0306,TORINO-CASELLE-TORINO,Torino,Sabato,05:50,12:55,000268,TO - piazza Carlo Felice - CASELLE Aeroporto,,08:30,09:07
To0306,TORINO-CASELLE-TORINO,Torino,Sabato,05:50,12:55,000268,CASELLE Aeroporto - TO - piazza Carlo Felice,,09:30,10:09
To0306,TORINO-CASELLE-TORINO,Torino,Sabato,05:50,12:55,000268,TO - piazza Carlo Felice - CASELLE Aeroporto,,10:30,11:07
To0306,TORINO-CASELLE-TORINO,Torino,Sabato,05:50,12:55,000268,CASELLE Aeroporto - TO - piazza Carlo Felice,,11:30,12:09
To0336,TORINO-CASELLE,Torino,Sabato,10:35,17:55,000268,TO - piazza Carlo Felice - CASELLE Aeroporto,,11:30,12:07
To0336,TORINO-CASELLE,Torino,Sabato,10:35,17:55,000268,CASELLE Aeroporto - TO - piazza Carlo Felice,,12:30,13:09
To0336,TORINO-CASELLE,Torino,Sabato,10:35,17:55,000268,TO - piazza Carlo Felice - CASELLE Aeroporto,,13:30,14:07
To0336,TORINO-CASELLE,Torino,Sabato,10:35,17:55,000268,CASELLE Aeroporto - TO - piazza Carlo Felice,,14:30,15:09
To0336,TORINO-CASELLE,Torino,Sabato,10:35,17:55,000268,TO - piazza Carlo Felice - CASELLE Aeroporto,,15:30,16:07
To0336,TORINO-CASELLE,Torino,Sabato,10:35,17:55,000268,CASELLE Aeroporto - TO - piazza Carlo Felice,,16:30,17:09
To0346,TORINO-CASELLE-TORINO,Torino,Sabato,11:35,18:55,000268,TO - piazza Carlo Felice - CASELLE Aeroporto,,12:30,13:07
To0346,TORINO-CASELLE-TORINO,Torino,Sabato,11:35,18:55,000268,CASELLE Aeroporto - TO - piazza Carlo Felice,,13:30,14:09
To0346,TORINO-CASELLE-TORINO,Torino,Sabato,11:35,18:55,000268,TO - piazza Carlo Felice - CASELLE Aeroporto,,14:30,15:07
To0346,TORINO-CASELLE-TORINO,Torino,Sabato,11:35,18:55,000268,CASELLE Aeroporto - TO - piazza Carlo Felice,,15:30,16:09
To0346,TORINO-CASELLE-TORINO,Torino,Sabato,11:35,18:55,000268,TO - piazza Carlo Felice - CASELLE Aeroporto,,16:30,17:07
To0346,TORINO-CASELLE-TORINO,Torino,Sabato,11:35,18:55,000268,CASELLE Aeroporto - TO - piazza Carlo Felice,,17:30,18:09
To0376,TORINO-CASELLE-TORINO,Torino,Sabato,16:35,23:55,000268,TO - piazza Carlo Felice - CASELLE Aeroporto,,17:30,18:07
To0376,TORINO-CASELLE-TORINO,Torino,Sabato,16:35,23:55,000268,CASELLE Aeroporto - TO - piazza Carlo Felice,,18:30,19:09
To0376,TORINO-CASELLE-TORINO,Torino,Sabato,16:35,23:55,000268,TO - piazza Carlo Felice - CASELLE Aeroporto,,19:30,20:07
To0376,TORINO-CASELLE-TORINO,Torino,Sabato,16:35,23:55,000268,CASELLE Aeroporto - TO - piazza Carlo Felice,,20:30,21:09
To0376,TORINO-CASELLE-TORINO,Torino,Sabato,16:35,23:55,000268,TO - piazza Carlo Felice - CASELLE Aeroporto,,21:30,22:07
To0376,TORINO-CASELLE-TORINO,Torino,Sabato,16:35,23:55,000268,CASELLE Aeroporto - TO - piazza Carlo Felice,,22:30,23:09
To0386,TORINO-CASELLE-TORINO,Torino,Sabato,17:35,01:10,000268,TO - piazza Carlo Felice - CASELLE Aeroporto,,18:30,19:07
To0386,TORINO-CASELLE-TORINO,Torino,Sabato,17:35,01:10,000268,CASELLE Aeroporto - TO - piazza Carlo Felice,,19:30,20:09
To0386,TORINO-CASELLE-TORINO,Torino,Sabato,17:35,01:10,000268,TO - piazza Carlo Felice - CASELLE Aeroporto,,20:30,21:07
To0386,TORINO-CASELLE-TORINO,Torino,Sabato,17:35,01:10,000268,CASELLE Aeroporto - TO - piazza Carlo Felice,,21:30,22:09
To0386,TORINO-CASELLE-TORINO,Torino,Sabato,17:35,01:10,000268,TO - piazza Carlo Felice - CASELLE Aeroporto,,22:30,23:07
To0386,TORINO-CASELLE-TORINO,Torino,Sabato,17:35,01:10,000268,CASELLE Aeroporto - TO - piazza Carlo Felice,,23:45,00:30
To0690,TURNO 690 DI TORINO,Torino,Sabato,03:41,16:28,000121,TO - Lungo Dora Firenze - TO - via Accademia Albertina,,04:21,04:35
To0690,TURNO 690 DI TORINO,Torino,Sabato,03:41,16:28,000121,TO - via Accademia Albertina 42 - FCA-MOPAR (L.go Sen. Agnelli),,04:35,05:25
To0690,TURNO 690 DI TORINO,Torino,Sabato,03:41,16:28,000121,FCA-MOPAR (L.go Sen. Agnelli) - MOPAR FCA - RIVALTA Via Primo Maggio C8,,05:25,05:45
To0690,TURNO 690 DI TORINO,Torino,Sabato,03:41,16:28,000121,TO - Lungo Dora Firenze - TO - via Accademia Albertina,,12:11,12:25
To0690,TURNO 690 DI TORINO,Torino,Sabato,03:41,16:28,000121,TO - via Accademia Albertina 42 - FCA-MOPAR (L.go Sen. Agnelli),,12:25,13:25
To0690,TURNO 690 DI TORINO,Torino,Sabato,03:41,16:28,000121,FCA-MOPAR (L.go Sen. Agnelli) - MOPAR FCA - RIVALTA Via Primo Maggio C8,,13:25,13:45
To0690,TURNO 690 DI TORINO,Torino,Sabato,03:41,16:28,000121,MOPAR FCA - RIVALTA Via Primo Maggio C11 - FCA-MOPAR (L.go Sen. Agnelli),,14:15,14:35
To0690,TURNO 690 DI TORINO,Torino,Sabato,03:41,16:28,000121,FCA-MOPAR (L.go Sen. Agnelli) - TO - Via Accademia Albertina,,14:35,15:35
To0690,TURNO 690 DI TORINO,Torino,Sabato,03:41,16:28,000121,TO - Via Accademia Albertina 35 - TO - Lungo Dora Firenze,,15:35,15:48
To0900,TURNO 900 DI TORINO,Torino,Sabato,07:44,17:59,000267,PIOBESI T.SE-v.Torino 41-Capol - TO - Via De Cristoforis (Capolinea),,08:24,09:10
To0900,TURNO 900 DI TORINO,Torino,Sabato,07:44,17:59,000275,TORINO - Autostazione c.so Bolzano - PINEROLO - Piazza Cavour,,11:41,12:50
To0900,TURNO 900 DI TORINO,Torino,Sabato,07:44,17:59,000275,PINEROLO - Piazza Cavour - PEROSA ARG.-Pzza Terzo Alpini,,12:50,13:20
To0900,TURNO 900 DI TORINO,Torino,Sabato,07:44,17:59,000275,PEROSA ARG.-Pzza Terzo Alpini - PINEROLO - movicentro,,15:40,16:12
To0900,TURNO 900 DI TORINO,Torino,Sabato,07:44,17:59,000275,PINEROLO - movicentro - TORINO - Autostazione c.so Bolzano,,16:16,17:19
To0930,TURNO 930 DI TORINO,Torino,Sabato,06:01,15:59,000275,TORINO - Autostazione c.so Bolzano - PINEROLO - movicentro,,06:41,07:44
To0930,TURNO 930 DI TORINO,Torino,Sabato,06:01,15:59,000275,PINEROLO - movicentro - PEROSA ARG.-Pzza Terzo Alpini,,07:48,08:20
To0930,TURNO 930 DI TORINO,Torino,Sabato,06:01,15:59,000282,PINEROLO - movicentro - PEROSA ARG.-Pzza Terzo Alpini,,10:18,10:50
To0930,TURNO 930 DI TORINO,Torino,Sabato,06:01,15:59,000275,PEROSA ARG.-Pzza Terzo Alpini - PINEROLO - Piazza Cavour,,13:40,14:10
To0930,TURNO 930 DI TORINO,Torino,Sabato,06:01,15:59,000275,PINEROLO - Piazza Cavour - TORINO - Autostazione c.so Bolzano,,14:10,15:19
To1040,TURNO 40 TORINO - AOSTA,Turno 40 Torino,Sabato,14:15,21:15,000060,TO-c.so V.Eman. II - Porta Nuova - AOSTA - Autostazione,,14:55,17:00
To1040,TURNO 40 TORINO - AOSTA,Turno 40 Torino,Sabato,14:15,21:15,000060,AOSTA - Autostazione - TO-c.so V.Eman. II-Porta Nuova,,18:30,20:35
To2010,TORINO-MALPENSA,Torino,Sabato,04:35,13:00,000020,TORINO - Autostazione c.so Bolzano - MALPENSA NORD (Terminal 2),,05:30,07:30
To2010,TORINO-MALPENSA,Torino,Sabato,04:35,13:00,000020,MALPENSA OVEST (Terminal 1) - TORINO - Autostazione c.so Bolzano,,10:00,12:00
To2020,TORINO-MALPENSA,Torino,Sabato,06:05,14:02,000020,TORINO - Autostazione c.so Bolzano - MALPENSA NORD (Terminal 2),,07:00,09:00
To2020,TORINO-MALPENSA,Torino,Sabato,06:05,14:02,000020,MALPENSA OVEST (Terminal 1) - TORINO - Autostazione c.so Bolzano,,11:00,13:00
To2030,TORINO-MALPENSA,Torino,Sabato,07:05,15:02,000020,TORINO - Autostazione c.so Bolzano - MALPENSA NORD (Terminal 2),,08:00,10:00
To2030,TORINO-MALPENSA,Torino,Sabato,07:05,15:02,000020,MALPENSA OVEST (Terminal 1) - TORINO - Autostazione c.so Bolzano,,12:00,14:00
To2040,TORINO-MALPENSA,Torino,Sabato,08:05,16:00,000020,TORINO - Autostazione c.so Bolzano - MALPENSA NORD (Terminal 2),,09:00,11:00
To2040,TORINO-MALPENSA,Torino,Sabato,08:05,16:00,000020,MALPENSA OVEST (Terminal 1) - TORINO - Autostazione c.so Bolzano,,13:00,15:00
To2050,TORINO-MALPENSA,Torino,Sabato,09:05,17:55,000020,TORINO - Autostazione c.so Bolzano - MALPENSA NORD (Terminal 2),,10:00,12:00
To2050,TORINO-MALPENSA,Torino,Sabato,09:05,17:55,000020,MALPENSA OVEST (Terminal 1) - TORINO - Autostazione c.so Bolzano,,15:15,17:15
To2060,TORINO-MALPENSA,Torino,Sabato,11:40,20:10,000020,TORINO - Autostazione c.so Bolzano - MALPENSA NORD (Terminal 2),,13:00,15:00
To2060,TORINO-MALPENSA,Torino,Sabato,11:40,20:10,000020,MALPENSA OVEST (Terminal 1) - TORINO - Autostazione c.so Bolzano,,17:30,19:30
To2070,TORINO-MALPENSA,Torino,Sabato,12:42,21:10,000020,TORINO - Autostazione c.so Bolzano - MALPENSA NORD (Terminal 2),,14:00,16:00
To2070,TORINO-MALPENSA,Torino,Sabato,12:42,21:10,000020,MALPENSA OVEST (Terminal 1) - TORINO - Autostazione c.so Bolzano,,18:30,20:30
To2080,TORINO-MALPENSA,Torino,Sabato,13:42,22:10,000020,TORINO - Autostazione c.so Bolzano - MALPENSA NORD (Terminal 2),,15:00,17:00
To2080,TORINO-MALPENSA,Torino,Sabato,13:42,22:10,000020,MALPENSA OVEST (Terminal 1) - TORINO - Autostazione c.so Bolzano,,19:30,21:30
To2090,TORINO-MALPENSA,Torino,Sabato,14:40,23:20,000020,TORINO - Autostazione c.so Bolzano - MALPENSA NORD (Terminal 2),,16:00,18:00
To2090,TORINO-MALPENSA,Torino,Sabato,14:40,23:20,000020,MALPENSA OVEST (Terminal 1) - TORINO - Autostazione c.so Bolzano,,20:40,22:40
