Linea,275/282,275/282,275/282,275/282,275/282,275/282,275/282,275/282,275/282,275/282,275/282,275/282,275/282,275/282,275/282,275/282,275/282,275/282,275/282,275/282,275/282,275/282,275/282,275/282,275/282,275/282,275/282,275/282,275/282,275/282,275/282,275/282,275/282,275/282,275/282,275/282,275/282,275/282,275/282,275/282,275/282,275/282,275/282,275/282,275/282,275/282,275/282,275/282,275/282,275/282,275/282,275/282,275/282,275/282,275/282,275/282,275/282,275/282,275/282,275/282,275/282,275/282,275/282,275/282,275/282,275/282,275/282,275/282,275/282,275/282,275/282,275/282,275/282,275/282,275/282,275/282,275/282,275/282,275/282,275/282,275/282,275/282,275/282,275/282,275/282,275/282,275/282,275/282,275/282,275/282,275/282,275/282,275/282,275/282,275/282,275/282,275/282,275/282,275/282,275/282,275/282,275/282,275/282,275/282,275/282,275/282,275/282,275/282,275/282,275/282,275/282,275/282,275/282,275/282,275/282,275/282,275/282,275/282,275/282,275/282,275/282,275/282,275/282,275/282,275/282,275/282,275/282,275/282,275/282,275/282,275/282,275/282,275/282,275/282,275/282,275/282,275/282,275/282,275/282,275/282,275/282,275/282,275/282,275/282,275/282,275/282,275/282,275/282,275/282,275/282,275/282,275/282,275/282,275/282,275/282,275/282,275/282,275/282,275/282,275/282
ID_Corsa,C0001,C0002,C0003,C0004,C0005,C0006,C0007,C0008,C0009,C0010,C0011,C0012,C0013,C0014,C0015,C0016,C0017,C0018,C0019,C0020,C0021,C0022,C0023,C0024,C0025,C0026,C0027,C0028,C0029,C0030,C0031,C0032,C0033,C0034,C0035,C0036,C0037,C0038,C0039,C0040,C0041,C0042,C0043,C0044,C0045,C0046,C0047,C0048,C0049,C0050,C0051,C0052,C0053,C0054,C0055,C0056,C0057,C0058,C0059,C0060,C0061,C0062,C0063,C0064,C0065,C0066,C0067,C0068,C0069,C0070,C0071,C0072,C0073,C0074,C0075,C0076,C0077,C0078,C0079,C0080,C0081,C0082,C0083,C0084,C0085,C0086,C0087,C0088,C0089,C0090,C0091,C0092,C0093,C0094,C0095,C0096,C0097,C0098,C0099,C0100,C0101,C0102,C0103,C0104,C0105,C0106,C0107,C0108,C0109,C0110,C0111,C0112,C0113,C0114,C0115,C0116,C0117,C0118,C0119,C0120,C0121,C0122,C0123,C0124,C0125,C0126,C0127,C0128,C0129,C0130,C0131,C0132,C0133,C0134,C0135,C0136,C0137,C0138,C0139,C0140,C0141,C0142,C0143,C0144,C0145,C0146,C0147,C0148,C0149,C0150,C0151,C0152,C0153,C0154,C0155,C0156,C0157,C0158,C0159,C0160
Giorni,12345,12345,12345,12345,12345,123456,12345,12345,12345,12345,12345,12345,12345,12345,12345,12345,123456,12345,123456,12345,12345,12345,12345,78,6,123456,12345,12345,123456,78,78,NAT,12345,12345,12345,6,123456,78,78,12345,12345,12345,78,123456,12345,6,78,123456,12345,6,12345,6,12345,78,123456,123456,123456,12345,,123456,123456,NAT,78,12345,6,12345,6,12345,6,123456,78,78,12345,12345,123456,123456,78,12345,12345,12345,12345,12345,12345,12345,12345,123456,12345,12345,12345,12345,12345,12345,12345,12345,12345,12345,123456,12345,123456,12345,12345,12345,12345,78,6,123456,12345,12345,123456,78,78,NAT,12345,12345,12345,6,123456,78,78,12345,12345,12345,78,123456,12345,6,78,123456,12345,6,12345,6,12345,78,123456,123456,123456,12345,,123456,123456,NAT,78,12345,6,12345,6,12345,6,123456,78,78,12345,12345,123456,123456,78,12345,12345,12345
Stagionalita,FER,FER,FER,FER,FER,FER,FER,FER,FER,FER,FER,FER,FER,FER,FER,FER,FER,FER,FER,FER,FER,FER,FER,FEST,FER,SCO,FER,FER,FER,FEST,FEST,FEST,FER,FER,FER,FER,FER,FEST,FEST,FER,FER,FER,FEST,FER,FER,FER,FEST,FER,FER,FER,FER,FER,FER,FEST,SCO,FER,FER,FER,GG,FER,FER,FEST,FEST,FER,FER,FER,FER,FER,FER,FER,FEST,FEST,FER,FER,FER,FER,FEST,FER,FER,FER,FER,FER,FER,FER,FER,FER,FER,FER,FER,FER,FER,FER,FER,FER,FER,FER,FER,FER,FER,FER,FER,FER,FER,FEST,FER,SCO,FER,FER,FER,FEST,FEST,FEST,FER,FER,FER,FER,FER,FEST,FEST,FER,FER,FER,FEST,FER,FER,FEST,FEST,FER,FER,FER,FER,FER,FER,FEST,SCO,FER,FER,FER,GG,FER,FER,FEST,FEST,FER,FER,FER,FER,FER,FER,FER,FEST,FEST,FER,FER,FER,FER,FEST,FER,FER,FER
Note,A,A,A,A,F,A,A,A,A,A,A,F,A,A,A,A,A,A,A,A,A,A,A,J,#,Scol,A,A,,J,#,,A,A,A,A,,#,J,A,A,A,J,,A,A,J,,A,A,A,#,A,J,Scol,,NS#,A,I,,I,,J,A,A,A,A,A,A,,#,J,A,A,,#,J,A,A,A,A,A,A,A,F,A,A,A,A,A,A,F,A,A,A,A,A,A,A,A,A,A,A,J,#,Scol,A,A,,J,#,,A,A,A,A,,#,J,A,A,A,J,,A,A,J,,A,A,A,#,A,J,Scol,,NS#,A,I,,I,,J,A,A,A,A,A,A,,#,J,A,A,,#,J,A,A,A
TORINO - Piazza Carducci,,,,,,,7.34,,,,,8.14,,,,,,,,,,,,,,,,,,,,,,,,,,,,,,,,,,,,,,,,,,,,,,,,,,,,,,,,,,,,,,,,,,,,,,,,,,,7.34,,,,,8.14,,,,,,,,,,,,,,,,,,,,,,,,,,,,,,,,,,,,,,,,,,,,,,,,,,,,,,,,,,,,,,,,,,,,
PINEROLO Centro Studi,,,,,,,,,,,,,,,,,,,,,,,,,,8:10,8:10,,,,,,,,,,,,,,,,,,,,,,,,,,,,,,,,,,,,,,,,,,,,,,,,,,,,,,,,,,,,,,,,,,,,,,,,,,,,,,,8:10,8:10,,,,,,,,,,,,,,,,,,,,,,,,,,,,,,,,,,,,,,,,,,,,,,,,,,,,,
OULX - Stazione FS,,,,,,,,,,,,,,,,,,,,,,,,,,,,,6.45,7.15,,,,,,,8.45,9.15,,,,,,,,,11.15,11.45,,,,,,13.15,13:05,13.45,,,,14.45,,,15.15,,,,,,,16.45,17.15,,,,18.45,,19.15,,,,,,,,,,,,,,,,,,,,,,,,,,,,,,,,6.45,7.15,,,,,,,8.45,9.15,,,,,,,,,11.15,11.45,,,,,,13.15,13:05,13.45,,,,14.45,,,15.15,,,,,,,16.45,17.15,,,,18.45,,19.15,,,
OULX - Liceo,,,,,,,,D,,,,,,,,,,,,,,,,,,,,,6.46,7.16,,,,,,,8.46,9.16,,,,,,,,,11.16,11.46,,,,,,13.16,13:06,13.46,,,,14.46,,,15.16,,,,,,,16.46,17.16,,,,18.46,,19.16,,,,,,,,,,,D,,,,,,,,,,,,,,,,,,,,,6.46,7.16,,,,,,,8.46,9.16,,,,,,,,,11.16,11.46,,,,,,13.16,13:06,13.46,,,,14.46,,,15.16,,,,,,,16.46,17.16,,,,18.46,,19.16,,,
OULX - p.zza Garambois,,,,,,,,A,,,,,,,,,,,,,,,,,,,,,6.48,7.18,,,,,,,8.48,9.18,,,,,,,,,11.18,11.48,,,,,,13.18,13:08,13.48,,,,14.48,,,15.18,,,,,,,16.48,17.18,,,,18.48,,19.18,,,,,,,,,,,A,,,,,,,,,,,,,,,,,,,,,6.48,7.18,,,,,,,8.48,9.18,,,,,,,,,11.18,11.48,,,,,,13.18,13:08,13.48,,,,14.48,,,15.18,,,,,,,16.48,17.18,,,,18.48,,19.18,,,
CESANA TORINESE,,,,,,,,,,,,,,,,,,,,,,,,,,,,,7.05,7.35,,,,,,,9.05,9.35,,,,,,,,,11.35,12.05,,,,,,13.35,13:30,14.05,,,,15.05,,,15.35,,,,,,,17.05,17.35,,,,19.05,,19.35,,,,,,,,,,,,,,,,,,,,,,,,,,,,,,,,7.05,7.35,,,,,,,9.05,9.35,,,,,,,,,11.35,12.05,,,,,,13.35,13:30,14.05,,,,15.05,,,15.35,,,,,,,17.05,17.35,,,,19.05,,19.35,,,
SESTRIERE,,,,,,,,T,,,,,,,,,,,6.10,,,,,,,,,,7.30,8.00,,,,,,,9.30,10.00,10.00,,,,,,,,12.00,12.30,,,,,,14.00,13:50,14.30,14:30,,,15.30,,,16.00,,16.00,16.30,,,,17.30,18.00,18.00,,,19.30,,20.00,,,,,,,,,,,T,,,,,,,,,,,6.10,,,,,,,,,,7.30,8.00,,,,,,,9.30,10.00,10.00,,,,,,,,12.00,12.30,,,,,,14.00,13:50,14.30,14:30,,,15.30,,,16.00,,16.00,16.30,,,,17.30,18.00,18.00,,,19.30,,20.00,,,
PRAGELATO,,,,,,,,O,,,,,,,,,,,6.30,,,,,,,,,,7.50,8.20,,,,,,,9.50,,10.20,,,,,,,,12.20,12.50,,,,,,14.20,14:10,,14.50,,,15.50,,,16.20,,16.20,16.50,,,,17.50,,18.20,,,19.50,,20.20,,,,,,,,,,,O,,,,,,,,,,,6.30,,,,,,,,,,7.50,8.20,,,,,,,9.50,,10.20,,,,,,,,12.20,12.50,,,,,,14.20,14:10,,14.50,,,15.50,,,16.20,,16.20,16.50,,,,17.50,,18.20,,,19.50,,20.20,,,
FENESTRELLE - via Nazionale,,,,,,,,R,,,6.10,6.10,,,,,,,6.50,,,,,,,7.10,,7.40,8.10,8.40,,,,,,,10.10,,10.40,,11.10,,,,,,12.40,13.10,13.40,,,,,14.40,14:30,,15.10,,,16.10,,,16.40,,16.40,17.10,,,,18.10,,18.40,,,20.10,,20.40,,13.20,19.50,,,,,,,,R,,,6.10,6.10,,,,,,,6.50,,,,,,,7.10,,7.40,8.10,8.40,,,,,,,10.10,,10.40,,11.10,,,,,,12.40,13.10,13.40,,,,,14.40,14:30,,15.10,,,16.10,,,16.40,,16.40,17.10,,,,18.10,,18.40,,,20.10,,20.40,,13.20,19.50
PEROSA ARG.-pzza Terzo Alpini (Arrivo),,,,,,,,,,,6.40,6.40,,,,,,,7.20,,,,,,,,,,8.40,9.10,,,,,,,10.40,,11.10,,11.40,,,,,,13.10,13.40,14.10,,,,,15.10,15:00,,15.40,,,16.40,,,17.10,,17.10,17.40,,,,18.40,,19.10,,,20.40,,21.10,,,,,,,,,,,,,,6.40,6.40,,,,,,,7.20,,,,,,,,,,8.40,9.10,,,,,,,10.40,,11.10,,11.40,,,,,,13.10,13.40,14.10,,,,,15.10,15:00,,15.40,,,16.40,,,17.10,,17.10,17.40,,,,18.40,,19.10,,,20.40,,21.10,,,
PEROSA ARG.-pzza Terzo Alpini (Partenza),4.20,,4.50,5.40,5.50,5.50,6.00,R,,6.20,6.40,6.40,,6.50,7.00,7.10,7.10,,,7.24,,7.40,,,,7.40,7.40,8.10,8.40,,9.10,,9.10,9.40,10.10,,10.40,,11.10,11.10,11.40,12.10,12.10,12.40,12.50,,13.10,13.40,14.10,,14.40,,15.10,15.10,15.40,,15.40,16.10,,,16.40,16.40,17.10,17.10,17.10,17.40,17.40,,18.10,18.40,,19.10,19.40,20.10,20.40,,21.10,21.10,12.50,19.20,4.20,,4.50,5.40,5.50,5.50,6.00,R,,6.20,6.40,6.40,,6.50,7.00,7.10,7.10,,,7.24,,7.40,,,,7.40,7.40,8.10,8.40,,9.10,,9.10,9.40,10.10,,10.40,,11.10,11.10,11.40,12.10,12.10,12.40,12.50,,13.10,13.40,14.10,,14.40,,15.10,15.10,15.40,,15.40,16.10,,,16.40,16.40,17.10,17.10,17.10,17.40,17.40,,18.10,18.40,,19.10,19.40,20.10,20.40,,21.10,21.10,12.50,19.20
PINASCA,4.24,,4.54,5.44,5.54,5.54,6.04,E,,6.24,6.44,6.44,,6.54,7.04,7:15,7.14,,,7.28,,7.44,,,,7.44,7.44,8.14,8.44,,9.14,,9.14,9.44,10.14,,10.44,,11.14,11.14,11.44,12.14,12.14,12.44,12.54,,13.14,13.44,14.14,,14.44,,15.14,15.14,15.44,,15.44,16.14,,,16.44,16.44,17.14,17.14,17.14,17.44,17.44,,18.14,18.44,,19.14,19.44,20.14,20.44,,21.14,21.14,,,4.24,,4.54,5.44,5.54,5.54,6.04,E,,6.24,6.44,6.44,,6.54,7.04,7:15,7.14,,,7.28,,7.44,,,,7.44,7.44,8.14,8.44,,9.14,,9.14,9.44,10.14,,10.44,,11.14,11.14,11.44,12.14,12.14,12.44,12.54,,13.14,13.44,14.14,,14.44,,15.14,15.14,15.44,,15.44,16.14,,,16.44,16.44,17.14,17.14,17.14,17.44,17.44,,18.14,18.44,,19.14,19.44,20.14,20.44,,21.14,21.14,,
DUBBIONE - via Nazionale,4.25,,4.55,5.45,5.55,5.55,6.05,,,6.25,6.45,6.45,,6.55,7.05,7:16,7.15,,,7.29,,7.45,,,,7.45,7.45,8.15,8.45,,9.15,,9.15,9.45,10.15,,10.45,,11.15,11.15,11.45,12.15,12.15,12.45,12.55,,13.15,13.45,14.15,,14.45,,15.15,15.15,15.45,,15.45,16.15,,,16.45,16.45,17.15,17.15,17.15,17.45,17.45,,18.15,18.45,,19.15,19.45,20.15,20.45,,21.15,21.15,,,4.25,,4.55,5.45,5.55,5.55,6.05,,,6.25,6.45,6.45,,6.55,7.05,7:16,7.15,,,7.29,,7.45,,,,7.45,7.45,8.15,8.45,,9.15,,9.15,9.45,10.15,,10.45,,11.15,11.15,11.45,12.15,12.15,12.45,12.55,,13.15,13.45,14.15,,14.45,,15.15,15.15,15.45,,15.45,16.15,,,16.45,16.45,17.15,17.15,17.15,17.45,17.45,,18.15,18.45,,19.15,19.45,20.15,20.45,,21.15,21.15,,
VILLAR PEROSA - via Nazionale,4.30,,5.00,5.50,6.00,6.00,6.10,F,,6.30,6.50,6.50,,7.00,7.10,7.20,7.20,7.30,,7.34,,7.50,,,,7.49,7.49,8.20,8.50,,9.20,,9.20,9.50,10.20,,10.50,,11.20,11.20,11.50,12.20,12.20,12.50,13.00,,13.20,13.50,14.20,,14.50,,15.20,15.20,15.50,,15.50,16.20,,,16.50,16.50,17.20,17.20,17.20,17.50,17.50,,18.20,18.50,,19.20,19.50,20.20,20.50,,21.20,21.20,,,4.30,,5.00,5.50,6.00,6.00,6.10,F,,6.30,6.50,6.50,,7.00,7.10,7.20,7.20,7.30,,7.34,,7.50,,,,7.49,7.49,8.20,8.50,,9.20,,9.20,9.50,10.20,,10.50,,11.20,11.20,11.50,12.20,12.20,12.50,13.00,,13.20,13.50,14.20,,14.50,,15.20,15.20,15.50,,15.50,16.20,,,16.50,16.50,17.20,17.20,17.20,17.50,17.50,,18.20,18.50,,19.20,19.50,20.20,20.50,,21.20,21.20,,
S. GERMANO CHISONE,4.36,,5.06,5.56,6.06,6.06,6.16,S,,6.36,6.56,6.56,,7.06,7.16,7:25,7.26,7.36,,7.40,,7.56,,,,7.54,7.54,8.26,8.56,,9.26,,9.26,9.56,10.26,,10.56,,11.26,11.26,11.56,12.26,12.26,12.56,13.06,,13.26,13.56,14.26,,14.56,,15.26,15.26,15.56,,15.56,16.26,,,16.56,16.56,17.26,17.26,17.26,17.56,17.56,,18.26,18.56,,19.26,19.56,20.26,20.56,,21.26,21.26,,,4.36,,5.06,5.56,6.06,6.06,6.16,S,,6.36,6.56,6.56,,7.06,7.16,7:25,7.26,7.36,,7.40,,7.56,,,,7.54,7.54,8.26,8.56,,9.26,,9.26,9.56,10.26,,10.56,,11.26,11.26,11.56,12.26,12.26,12.56,13.06,,13.26,13.56,14.26,,14.56,,15.26,15.26,15.56,,15.56,16.26,,,16.56,16.56,17.26,17.26,17.26,17.56,17.56,,18.26,18.56,,19.26,19.56,20.26,20.56,,21.26,21.26,,
PORTE,4.38,,5.08,5.58,6.08,6.08,6.18,,,6.38,6.58,6.58,,7.08,7.18,7.28,7.28,7.38,,7.42,,7.58,,,,7.56,7.56,8.28,8.58,,9.28,,9.28,9.58,10.28,,10.58,,11.28,11.28,11.58,12.28,12.28,12.58,13.08,,13.28,13.58,14.28,,14.58,,15.28,15.28,15.58,,15.58,16.28,,,16.58,16.58,17.28,17.28,17.28,17.58,17.58,,18.28,18.58,,19.28,19.58,20.28,20.58,,21.28,21.28,,,4.38,,5.08,5.58,6.08,6.08,6.18,,,6.38,6.58,6.58,,7.08,7.18,7.28,7.28,7.38,,7.42,,7.58,,,,7.56,7.56,8.28,8.58,,9.28,,9.28,9.58,10.28,,10.58,,11.28,11.28,11.58,12.28,12.28,12.58,13.08,,13.28,13.58,14.28,,14.58,,15.28,15.28,15.58,,15.58,16.28,,,16.58,16.58,17.28,17.28,17.28,17.58,17.58,,18.28,18.58,,19.28,19.58,20.28,20.58,,21.28,21.28,,
S. MARTINO,4.39,,5.10,6.00,6.10,6.10,6.20,,,6.40,7.00,7.00,,7.10,7.20,7.30,7.30,7.40,,7.44,,8.00,,,,7.58,7.58,8.30,9.00,,9.30,,9.30,10.00,10.30,,11.00,,11.30,11.30,12.00,12.30,12.30,13.00,13.10,,13.30,14.00,14.30,,15.00,,15.30,15.30,16.00,,16.00,16.30,,,17.00,17.00,17.30,17.30,17.30,18.00,18.00,,18.30,19.00,,19.30,20.00,20.30,21.00,,21.30,21.30,,,4.39,,5.10,6.00,6.10,6.10,6.20,,,6.40,7.00,7.00,,7.10,7.20,7.30,7.30,7.40,,7.44,,8.00,,,,7.58,7.58,8.30,9.00,,9.30,,9.30,10.00,10.30,,11.00,,11.30,11.30,12.00,12.30,12.30,13.00,13.10,,13.30,14.00,14.30,,15.00,,15.30,15.30,16.00,,16.00,16.30,,,17.00,17.00,17.30,17.30,17.30,18.00,18.00,,18.30,19.00,,19.30,20.00,20.30,21.00,,21.30,21.30,,
ABBADIA ALPINA,4.41,,5.16,6.06,6.16,6.16,6.26,,,6.43,7.03,7.06,,7.16,7.23,7:32,7.36,7.46,,7.50,,8.06,,,,8.02,8.02,8.36,9.06,,9.36,,9.36,10.06,10.36,,11.06,,11.36,11.36,12.06,12.36,12.36,13.06,13.16,,13.36,14.06,14.36,,15.06,,15.36,15.36,16.06,,16.06,16.36,,,17.06,17.06,17.36,17.36,17.36,18.06,18.06,,18.36,19.06,,19.36,20.06,20.36,21.06,,21.36,21.36,,,4.41,,5.16,6.06,6.16,6.16,6.26,,,6.43,7.03,7.06,,7.16,7.23,7:32,7.36,7.46,,7.50,,8.06,,,,8.02,8.02,8.36,9.06,,9.36,,9.36,10.06,10.36,,11.06,,11.36,11.36,12.06,12.36,12.36,13.06,13.16,,13.36,14.06,14.36,,15.06,,15.36,15.36,16.06,,16.06,16.36,,,17.06,17.06,17.36,17.36,17.36,18.06,18.06,,18.36,19.06,,19.36,20.06,20.36,21.06,,21.36,21.36,,
PONTE LEMINA,4.42,,5.17,6.07,6.17,6.17,6.27,,,,,7.07,,7.17,,7:33,7.37,7.47,,7.51,,8.07,,,,8.03,8.03,8.37,9.07,,9.37,,9.37,10.07,10.37,,11.07,,11.37,11.37,12.07,12.37,12.37,13.07,13.17,,13.37,14.07,14.37,,15.07,,15.37,15.37,16.07,,16.07,16.37,,,17.07,17.07,17.37,17.37,17.37,18.07,18.07,,18.37,19.07,,19.37,20.07,20.37,21.07,,21.37,21.37,,,4.42,,5.17,6.07,6.17,6.17,6.27,,,,,7.07,,7.17,,7:33,7.37,7.47,,7.51,,8.07,,,,8.03,8.03,8.37,9.07,,9.37,,9.37,10.07,10.37,,11.07,,11.37,11.37,12.07,12.37,12.37,13.07,13.17,,13.37,14.07,14.37,,15.07,,15.37,15.37,16.07,,16.07,16.37,,,17.07,17.07,17.37,17.37,17.37,18.07,18.07,,18.37,19.07,,19.37,20.07,20.37,21.07,,21.37,21.37,,
PINEROLO - piazza Cavour,4.45,5.10,5.20,6.10,6.20,6.20,6.30,6.40,,,,7.10,,7.20,,7:38,7.40,7.50,,7.54,,8.10,8.10,8.10,8.20,8.06,8.06,8.40,9.10,,9.40,,9.40,10.10,10.40,10.40,11.10,,11.40,11.40,12.10,12.40,12.40,13.10,13.20,13.20,13.40,14.10,14.40,14.40,15.10,15.10,15.40,15.40,16.10,,16.10,16.40,16.40,,17.10,17.10,17.40,17.40,17.40,18.10,18.10,,18.40,19.10,,19.40,20.10,20.40,21.10,,21.40,21.40,,,4.45,5.10,5.20,6.10,6.20,6.20,6.30,6.40,,,,7.10,,7.20,,7:38,7.40,7.50,,7.54,,8.10,8.10,8.10,8.20,8.06,8.06,8.40,9.10,,9.40,,9.40,10.10,10.40,10.40,11.10,,11.40,11.40,12.10,12.40,12.40,13.10,13.20,13.20,13.40,14.10,14.40,14.40,15.10,15.10,15.40,15.40,16.10,,16.10,16.40,16.40,,17.10,17.10,17.40,17.40,17.40,18.10,18.10,,18.40,19.10,,19.40,20.10,20.40,21.10,,21.40,21.40,,
PINEROLO - Movicentro,4.52,5.16,5.26,6.16,6.26,6.26,6.36,6:43,7.06,,,7.16,7.16,7.26,,7:40,7.46,,,7.56,07.56,8.16,8.16,8.16,8.26,,,8.46,9.16,,9.42,9.46,9.46,10.16,10.46,10.46,11.16,,11.42,11.46,12.16,12.46,12.46,13.16,13.26,13.26,13.46,14.16,14.46,14.46,15.16,15.16,15.46,15.46,16.16,,16.16,,16.46,,17:16,17.16,17.46,17.46,,18.16,18.12,18.46,18:42,19.16,,19.46,20.16,20.46,21:12,21.16,21.46,21.46,,,4.52,5.16,5.26,6.16,6.26,6.26,6.36,6:43,7.06,,,7.16,7.16,7.26,,7:40,7.46,,,7.56,07.56,8.16,8.16,8.16,8.26,,,8.46,9.16,,9.42,9.46,9.46,10.16,10.46,10.46,11.16,,11.42,11.46,12.16,12.46,12.46,13.16,13.26,13.26,13.46,14.16,14.46,14.46,15.16,15.16,15.46,15.46,16.16,,16.16,,16.46,,17:16,17.16,17.46,17.46,,18.16,18.12,18.46,18:42,19.16,,19.46,20.16,20.46,21:12,21.16,21.46,21.46,,
PINEROLO - c.so Torino-MACUMBA,4.56,5.20,5.30,6.20,6.30,6.30,6.40,6.50,7.10,,,7.20,7.20,7.30,,,7.50,,,8.00,8.00,8.20,8.20,8.20,8.30,,,8.50,9.20,,,9.50,9.50,10.20,10.50,10.50,11.20,,,11.50,12.20,12.50,12.50,13.20,13.30,13.30,13.50,14.20,14.50,14.50,15.20,15.20,15:52,15.50,16.20,,16.20,,16:52,,17:22,17.20,17.50,17.50,,18.20,,18.50,,19.20,,19.50,20.20,20.50,,21.20,21.50,21.50,,,4.56,5.20,5.30,6.20,6.30,6.30,6.40,6.50,7.10,,,7.20,7.20,7.30,,,7.50,,,8.00,8.00,8.20,8.20,8.20,8.30,,,8.50,9.20,,,9.50,9.50,10.20,10.50,10.50,11.20,,,11.50,12.20,12.50,12.50,13.20,13.30,13.30,13.50,14.20,14.50,14.50,15.20,15.20,15:52,15.50,16.20,,16.20,,16:52,,17:22,17.20,17.50,17.50,,18.20,,18.50,,19.20,,19.50,20.20,20.50,,21.20,21.50,21.50,,
RIVA di Pinerolo,5.02,5.26,5:36,6.26,6.36,6.36,6.46,6.56,7.16,,,7.26,7.26,7.36,,,7.56,,,,8:06,8.26,8.26,8.26,8.36,,,8.56,9.26,,,9.56,9.56,10.26,10.56,10.56,11.26,,,11.56,12.26,12.56,12.56,13.26,13.36,13.36,13.56,14.26,14.56,14.56,15.26,15.26,15:58,15.56,16.26,,16.26,,17:00,,17:28,17.26,17.56,17.56,,18.26,,18.56,,19.26,,19.56,20.26,20.56,,21.26,21.56,21.56,,,5.02,5.26,5:36,6.26,6.36,6.36,6.46,6.56,7.16,,,7.26,7.26,7.36,,,7.56,,,,8:06,8.26,8.26,8.26,8.36,,,8.56,9.26,,,9.56,9.56,10.26,10.56,10.56,11.26,,,11.56,12.26,12.56,12.56,13.26,13.36,13.36,13.56,14.26,14.56,14.56,15.26,15.26,15:58,15.56,16.26,,16.26,,17:00,,17:28,17.26,17.56,17.56,,18.26,,18.56,,19.26,,19.56,20.26,20.56,,21.26,21.56,21.56,,
Bivio BOTTEGHE,5.07,,5:41,,6.41,6.41,6.51,,,,,7.31,,,,,8.01,,,,,,8.31,8.31,8.41,,,9.01,,,,,10.01,,11.01,11.01,,,,12.01,,13.01,13.01,,13.41,13.41,,,15.01,15.01,,,16:04,,,,,,17:05,,17:33,,,18.01,,,,19.01,,,,,,21.01,,,,22.01,,,5.07,,5:41,,6.41,6.41,6.51,,,,,7.31,,,,,8.01,,,,,,8.31,8.31,8.41,,,9.01,,,,,10.01,,11.01,11.01,,,,12.01,,13.01,13.01,,13.41,13.41,,,15.01,15.01,,,16:04,,,,,,17:05,,17:33,,,18.01,,,,19.01,,,,,,21.01,,,,22.01,,
AIRASCA,5.10,D,5:44,D,6.44,6.44,6.54,D,D,D,D,7.34,D,D,D,,8.04,,,,D,D,8.34,8.34,8.44,,,9.04,D,,,D,10.04,D,11.04,11.04,D,,,12.04,D,13.04,13.04,D,13.44,13.44,D,D,15.04,15.04,D,D,16:10,D,D,,D,,17:11,,17:40,D,D,18.04,,D,,19.04,,D,,D,D,21.04,,D,D,22.04,,,5.10,D,5:44,D,6.44,6.44,6.54,D,D,D,D,7.34,D,D,D,,8.04,,,,D,D,8.34,8.34,8.44,,,9.04,D,,,D,10.04,D,11.04,11.04,D,,,12.04,D,13.04,13.04,D,13.44,13.44,D,D,15.04,15.04,D,D,16:10,D,D,,D,,17:11,,17:40,D,D,18.04,,D,,19.04,,D,,D,D,21.04,,D,D,22.04,,
NONE Bivio,5.15,I,5:49,I,6.49,6.49,6.59,I,I,I,I,7.39,I,I,I,,8.09,,,,I,I,8.39,8.39,8.49,,,9.09,I,,,I,10.09,I,11.09,11.09,I,,,12.09,I,13.09,13.09,I,13.49,13.49,I,I,15.09,15.09,I,I,16:16,I,I,,I,,17:17,,17:45,I,I,18.09,,I,,19.09,,I,,I,I,21.09,,I,I,22.09,,,5.15,I,5:49,I,6.49,6.49,6.59,I,I,I,I,7.39,I,I,I,,8.09,,,,I,I,8.39,8.39,8.49,,,9.09,I,,,I,10.09,I,11.09,11.09,I,,,12.09,I,13.09,13.09,I,13.49,13.49,I,I,15.09,15.09,I,I,16:16,I,I,,I,,17:17,,17:45,I,I,18.09,,I,,19.09,,I,,I,I,21.09,,I,I,22.09,,
CANDIOLO IRCCS-Centro Ricerche,,R,5:54,R,6.54,6.54,7.04,R,R,R,R,7.44,R,R,R,,8.14,,,,R,R,8.44,8.44,8.54,,,9.14,R,,,R,10.14,R,11.14,11.14,R,,,12.14,R,13.14,13.14,R,13.54,13.54,R,R,15.14,15.14,R,R,16:25,R,R,,R,,17:30,,17:55,R,R,18.14,,R,,19.14,,R,,R,R,21.14,,R,R,22.14,,,,R,5:54,R,6.54,6.54,7.04,R,R,R,R,7.44,R,R,R,,8.14,,,,R,R,8.44,8.44,8.54,,,9.14,R,,,R,10.14,R,11.14,11.14,R,,,12.14,R,13.14,13.14,R,13.54,13.54,R,R,15.14,15.14,R,R,16:25,R,R,,R,,17:30,,17:55,R,R,18.14,,R,,19.14,,R,,R,R,21.14,,R,R,22.14,,
STUPINIGI - Palazzina di Caccia,5.25,,6:04,,7.04,7.04,7.14,,,,,7.54,,,,,8.24,,,,,,8.54,8.54,9.04,,,9.24,,,,,10.24,,11.24,11.24,,,,12.24,,13.24,13.24,,14.04,14.04,,,15.24,15.24,,,16:35,,,,,,17:40,,18:05,,,18.24,,,,19.24,,,,,,21.24,,,,22.24,,,5.25,,6:04,,7.04,7.04,7.14,,,,,7.54,,,,,8.24,,,,,,8.54,8.54,9.04,,,9.24,,,,,10.24,,11.24,11.24,,,,12.24,,13.24,13.24,,14.04,14.04,,,15.24,15.24,,,16:35,,,,,,17:40,,18:05,,,18.24,,,,19.24,,,,,,21.24,,,,22.24,,
TORINO - Porta Nuova,5.46,6.14,6:32,7.14,7.32,7.32,7.42,7.45,8.04,7.43,8.03,8.22,8.14,8.24,8.23,,8.52,,,,8:54,9.14,9.22,9.22,9.32,,,9.52,10.14,,,10.44,10.52,11.14,11.52,11.52,12.14,,,12.52,13.14,13.52,13.52,14.14,14.32,14.32,14.44,15.14,15.52,15.52,16.14,16.14,17:05,16.44,17.14,,17.14,,18:07,,18:35,18.14,18.44,18.52,,19.14,,19.52,,20.14,,20.44,21.14,21.52,,22.14,22.44,22.52,,,5.46,6.14,6:32,7.14,7.32,7.32,7.42,7.45,8.04,7.43,8.03,8.22,8.14,8.24,8.23,,8.52,,,,8:54,9.14,9.22,9.22,9.32,,,9.52,10.14,,,10.44,10.52,11.14,11.52,11.52,12.14,,,12.52,13.14,13.52,13.52,14.14,14.32,14.32,14.44,15.14,15.52,15.52,16.14,16.14,17:05,16.44,17.14,,17.14,,18:07,,18:35,18.14,18.44,18.52,,19.14,,19.52,,20.14,,20.44,21.14,21.52,,22.14,22.44,22.52,,
TORINO - Porta Susa,5.51,6.19,6:37,7.19,7.37,7.37,7.47,7.50,8.09,7.48,8.08,8.27,8.19,8.29,8.28,,8.57,,,,8:59,9.19,9.27,9.27,9.37,,,9.57,10.19,,,10.49,10.57,11.19,11.57,11.57,12.19,,,12.57,13.19,13.57,13.57,14.19,14.37,14.37,14.49,15.19,15.57,15.57,16.19,16.19,17:10,16.49,17.19,,17.19,,18:15,,18:40,18.19,18.49,18.57,,19.19,,19.57,,20.19,,20.49,21.19,21.57,,22.19,22.49,22.57,,,5.51,6.19,6:37,7.19,7.37,7.37,7.47,7.50,8.09,7.48,8.08,8.27,8.19,8.29,8.28,,8.57,,,,8:59,9.19,9.27,9.27,9.37,,,9.57,10.19,,,10.49,10.57,11.19,11.57,11.57,12.19,,,12.57,13.19,13.57,13.57,14.19,14.37,14.37,14.49,15.19,15.57,15.57,16.19,16.19,17:10,16.49,17.19,,17.19,,18:15,,18:40,18.19,18.49,18.57,,19.19,,19.57,,20.19,,20.49,21.19,21.57,,22.19,22.49,22.57,,

Linea,275/282,275/282,275/282,275/282,275/282,275/282,275/282,275/282,275/282,275/282,275/282,275/282,275/282,275/282,275/282,275/282,275/282,275/282,275/282,275/282,275/282,275/282,275/282,275/282,275/282,275/282,275/282,275/282,275/282,275/282,275/282,275/282,275/282,275/282,275/282,275/282,275/282,275/282,275/282,275/282,275/282,275/282,275/282,275/282,275/282,275/282,275/282,275/282,275/282,275/282,275/282,275/282,275/282,275/282,275/282,275/282,275/282,275/282,275/282,275/282,275/282,275/282,275/282,275/282,275/282,275/282,275/282,275/282,275/282,275/282,275/282,275/282,275/282,275/282,275/282,275/282,275/282,275/282,275/282,275/282,275/282,275/282,275/282,275/282,275/282,275/282,275/282,275/282,275/282,275/282,275/282,275/282,275/282,275/282,275/282,275/282,275/282,275/282,275/282,275/282,275/282,275/282,275/282,275/282,275/282,275/282,275/282,275/282,275/282,275/282,275/282,275/282,275/282,275/282,275/282,275/282,275/282,275/282,275/282,275/282,275/282,275/282,275/282,275/282,275/282,275/282,275/282,275/282,275/282,275/282,275/282,275/282,275/282,275/282,275/282,275/282,275/282,275/282,275/282,275/282,275/282,275/282,275/282,275/282,275/282,275/282
ID_Corsa,C0161,C0162,C0163,C0164,C0165,C0166,C0167,C0168,C0169,C0170,C0171,C0172,C0173,C0174,C0175,C0176,C0177,C0178,C0179,C0180,C0181,C0182,C0183,C0184,C0185,C0186,C0187,C0188,C0189,C0190,C0191,C0192,C0193,C0194,C0195,C0196,C0197,C0198,C0199,C0200,C0201,C0202,C0203,C0204,C0205,C0206,C0207,C0208,C0209,C0210,C0211,C0212,C0213,C0214,C0215,C0216,C0217,C0218,C0219,C0220,C0221,C0222,C0223,C0224,C0225,C0226,C0227,C0228,C0229,C0230,C0231,C0232,C0233,C0234,C0235,C0236,C0237,C0238,C0239,C0240,C0241,C0242,C0243,C0244,C0245,C0246,C0247,C0248,C0249,C0250,C0251,C0252,C0253,C0254,C0255,C0256,C0257,C0258,C0259,C0260,C0261,C0262,C0263,C0264,C0265,C0266,C0267,C0268,C0269,C0270,C0271,C0272,C0273,C0274,C0275,C0276,C0277,C0278,C0279,C0280,C0281,C0282,C0283,C0284,C0285,C0286,C0287,C0288,C0289,C0290,C0291,C0292,C0293,C0294,C0295,C0296,C0297,C0298,C0299,C0300,C0301,C0302,C0303,C0304,C0305,C0306
Giorni,123456,123456,78,12345,12345,12345,123456,12345,12345,12345,78,123456,12345,12345,12345,123456,78,78,12345,123456,12345,12345,12345,6,78,12345,78,123456,12345,6,123456,12345,12345,78,12345,123456,12345,78,123456,123456,12345,12345,78,78,12345,12345,6,12345,12345,123456,12345,12345,78,12345,12345,12345,12345,12345,12345,123456,6,12345,12345,78,12345,12345,12345,12345,6,12345,12345,,123456,123456,78,12345,12345,12345,123456,12345,12345,12345,6,78,123456,12345,12345,12345,123456,78,78,12345,123456,12345,12345,12345,6,78,12345,78,123456,12345,6,123456,12345,12345,78,12345,123456,12345,78,123456,123456,12345,12345,78,78,12345,12345,6,12345,12345,123456,12345,12345,78,12345,12345,12345,12345,12345,12345,123456,6,12345,12345,78,12345,12345,12345,12345,6,12345,12345,12345,
Stagionalita,FER,FER,FEST,FER,FER,FER,FER,FER,FER,FER,FEST,FER,FER,FER,FER,FER,FEST,FEST,FER,FER,FER,FER,FER,FER,FEST,FER,FEST,FER,FER,FER,FER,FER,FER,FEST,FER,FER,FER,FEST,FER,FER,FER,FER,FEST,FEST,FER,FER,FER,FER,FER,FER,FER,FER,FEST,FER,FER,FER,FER,FER,FER,FER,FER,FER,FER,FEST,FER,FER,FER,FER,FER,FER,FER,GG,FER,FER,FEST,FER,FER,FER,FER,FER,FER,FER,SCO,FEST,FER,FER,FER,FER,FER,FEST,FEST,FER,FER,FER,FER,FER,FER,FEST,FER,FEST,FER,FER,FER,FER,FER,FER,FEST,FER,FER,FER,FEST,FER,FER,FER,FER,FEST,FEST,FER,FER,FER,FER,FER,FER,FER,FER,FEST,FER,FER,FER,FER,FER,FER,FER,FER,FER,FER,FEST,FER,FER,FER,FER,FER,FER,FER,FER,GG
Note,A,,J,A,A,A,,I,I,A,J,,,A,A,A,J,#,A,,#,A,A,A,J,#,J,,A,A,A,A,A,J,A,,A,J,,,A,A,J,#,A,A,A,A,#,,A,A,J,A,A,#,F,A,A,,A,#,A,J,A,A,A,A,A,A,A,#,A,,J,A,A,A,,I,I,A,Scol,J,,,A,A,A,J,#,A,,#,A,A,A,J,#,J,,A,A,A,A,A,J,A,,A,J,,,A,A,J,#,A,A,A,A,#,,A,A,J,A,A,#,F,A,A,,A,#,A,J,A,A,A,A,A,A,A,A,#
TORINO - Porta Susa,,,,,,,6.41,6.43,6.53,,7.15,7.41,8.03,8.11,8.41,9.03,9.15,,9.33,9.41,10.03,,10.41,10.41,10.41,11.03,,11.41,12.03,12.31,,12.41,13.03,,13.33,13.41,14.03,14.03,14.41,15.03,,15.11,15.15,,15.41,16.03,16.03,16.15,16.33,16:31,17.03,17:15,17.15,17.33,17.30,17.41,17.41,18.03,18.33,18.41,18.48,19.03,,19.03,19.18,19.41,20.03,21.03,20.41,21.41,22.03,23.03,,,,,,,6:33,6.43,6.53,,,7.15,7.41,8.03,8.11,8.41,9.03,9.15,,9.33,9.41,10.03,,10.41,10.41,10.41,11.03,,11.41,12.03,12.31,,12.41,13.03,,13.33,13.41,14.03,14.03,14.41,15.03,,15.11,15.15,,15.41,16.03,16.03,16.15,16.33,16:31,17.03,17:15,17.15,17.33,17.30,17.41,17.41,18.03,18.33,18.41,18.48,19.03,,19.03,19.18,19.41,20.03,21.03,20.41,21.41,,22.03,23.03
TORINO - Porta Nuova,,,,,,,6.46,6.48,6.58,,7.20,7.46,8.08,8.16,8.46,9.08,9.20,,9.38,9.46,10.08,,10.46,10.46,10.46,11.08,,11.46,12.08,12.36,,12.46,13.08,,13.38,13.46,14.08,14.08,14.46,15.08,,15.16,15.20,,15.46,16.08,16.08,16.22,16.38,16:36,17.08,17:20,17.20,17.38,17.35,17.46,17.46,18.08,18.38,18.46,18.53,19.08,,19.08,19.23,19.46,20.08,21.08,20.46,21.46,22.08,23.08,,,,,,,6:38,6.48,6.58,,,7.20,7.46,8.08,8.16,8.46,9.08,9.20,,9.38,9.46,10.08,,10.46,10.46,10.46,11.08,,11.46,12.08,12.36,,12.46,13.08,,13.38,13.46,14.08,14.08,14.46,15.08,,15.16,15.20,,15.46,16.08,16.08,16.22,16.38,16:36,17.08,17:20,17.20,17.38,17.35,17.46,17.46,18.08,18.38,18.46,18.53,19.08,,19.08,19.23,19.46,20.08,21.08,20.46,21.46,,22.08,23.08
TORINO - Piazza Carducci,,,,,,,,,,,,,,,,,,,,,,,,,,,,,,,,,,,,,,,,,,,,,,16.16,16.16,,,,,,,,,,17.54,,,,,,,,19.32,,,,,,,,,,,,,,,,,,,,,,,,,,,,,,,,,,,,,,,,,,,,,,,,,,,,,,16.16,16.16,,,,,,,,,,17.54,,,,,,,,19.32,,,,,,,,
STUPINIGI - Palazzina di Caccia,,,,,,,D,7.16,7.26,,D,D,8.36,D,D,9.36,D,,10.06,D,10.36,,D,D,11.14,11.36,,D,12.38,D,,D,13.36,,14.06,D,14.36,14.36,D,15.36,,D,D,,D,16.36,16.36,D,17.06,D,17.36,D,D,18.06,D,D,18.14,18.36,19.06,D,19.21,19.36,,19.36,19.51,D,20.36,D,D,22.14,22.36,23.36,,,,,,,7:06,7.16,7.26,,,D,D,8.36,D,D,9.36,D,,10.06,D,10.36,,D,D,11.14,11.36,,D,12.38,D,,D,13.36,,14.06,D,14.36,14.36,D,15.36,,D,D,,D,16.36,16.36,D,17.06,D,17.36,D,D,18.06,D,D,18.14,18.36,19.06,D,19.21,19.36,,19.36,19.51,D,20.36,D,D,22.14,,22.36,23.36
CANDIOLO IRCCS-Centro Ricerche,,,,,,,I,7.26,7.36,,I,I,8.46,I,I,9.46,I,,10.16,I,10.46,,I,I,11.24,11.46,,I,12.46,I,,I,13.46,,14.16,I,14.46,14.46,I,15.46,,I,I,,I,16.46,16.46,I,17.16,I,17.46,I,I,18.16,I,I,18.24,18.46,19.16,I,19.31,19.46,,19.46,20.01,I,20.46,I,I,22.24,22.46,23.46,,,,,,,7:16,7.26,7.36,,,I,I,8.46,I,I,9.46,I,,10.16,I,10.46,,I,I,11.24,11.46,,I,12.46,I,,I,13.46,,14.16,I,14.46,14.46,I,15.46,,I,I,,I,16.46,16.46,I,17.16,I,17.46,I,I,18.16,I,I,18.24,18.46,19.16,I,19.31,19.46,,19.46,20.01,I,20.46,I,I,22.24,,22.46,23.46
NONE Bivio,,,,,,,R,7.31,7.41,,R,R,8.51,R,R,9.51,R,,10.21,R,10.51,,R,R,11.29,11.51,,R,12.51,R,,R,13.51,,14.21,R,14.51,14.51,R,15.51,,R,R,,R,16.51,16.51,R,17.21,R,17.51,R,R,18.21,R,R,18.29,18.51,19.21,R,19.36,19.51,,19.51,20.06,R,20.51,R,R,22.29,22.51,23.51,,,,,,,7:21,7.31,7.41,,,R,R,8.51,R,R,9.51,R,,10.21,R,10.51,,R,R,11.29,11.51,,R,12.51,R,,R,13.51,,14.21,R,14.51,14.51,R,15.51,,R,R,,R,16.51,16.51,R,17.21,R,17.51,R,R,18.21,R,R,18.29,18.51,19.21,R,19.36,19.51,,19.51,20.06,R,20.51,R,R,22.29,,22.51,23.51
AIRASCA,,,,,,,,7.36,7.46,,,,8.56,,,9.56,,,10.26,,10.56,,,,11.34,11.56,,,12.56,,,,13.56,,14.26,,14.56,14.56,,15.56,,,,,,16.56,16.56,,17.26,,17.56,,,18.26,,,18.34,18.56,19.26,,19.41,19.56,,19.56,20.11,,20.56,,,22.34,22.56,23.56,,,,,,,7:26,7.36,7.46,,,,,8.56,,,9.56,,,10.26,,10.56,,,,11.34,11.56,,,12.56,,,,13.56,,14.26,,14.56,14.56,,15.56,,,,,,16.56,16.56,,17.26,,17.56,,,18.26,,,18.34,18.56,19.26,,19.41,19.56,,19.56,20.11,,20.56,,,22.34,22.30,22.56,23.56
Bivio BOTTEGHE,,,,,,,,7.39,7.49,,,,8.59,,,9.59,,,10.29,,10.59,,,,11.37,11.59,,,12.59,,,,13.59,,14.29,,14.59,14.59,,15.59,,,,,,16.59,16.59,,17.29,,17.59,,,18.29,,,18.37,18.59,19.29,,19.44,19.59,,19.59,20.14,,20.59,,,22.37,22.59,23.59,,,,,,,7:29,7.39,7.49,,,,,8.59,,,9.59,,,10.29,,10.59,,,,11.37,11.59,,,12.59,,,,13.59,,14.29,,14.59,14.59,,15.59,,,,,,16.59,16.59,,17.29,,17.59,,,18.29,,,18.37,18.59,19.29,,19.44,19.59,,19.59,20.14,,20.59,,,22.37,22.33,22.59,23.59
RIVA di Pinerolo,,,,,,,7.34,7.44,7.54,,8.08,8.34,9.04,9.04,9.34,10.04,10.08,,10.34,10.34,11.04,,11.34,11.34,11.42,12.04,,12.34,13.04,13.24,,13.34,14.04,,14.34,14.34,15.04,15.04,15.34,16.04,,16.04,16.08,,16.34,17.04,17.04,17:10,17.34,17:35,18.04,18:08,18.08,18.34,,18.34,18.42,19.04,19.34,19.34,19.49,20.04,,20.04,20.19,20.34,21.04,21.56,21.34,22.42,23.04,00.04,,,,,,,7:34,7.44,7.54,,,8.08,8.34,9.04,9.04,9.34,10.04,10.08,,10.34,10.34,11.04,,11.34,11.34,11.42,12.04,,12.34,13.04,13.24,,13.34,14.04,,14.34,14.34,15.04,15.04,15.34,16.04,,16.04,16.08,,16.34,17.04,17.04,17:10,17.34,17:35,18.04,18:08,18.08,18.34,,18.34,18.42,19.04,19.34,19.34,19.49,20.04,,20.04,20.19,20.34,21.04,21.56,21.34,22.42,,23.04,00.04
PINEROLO Centro Studi,,,,,,,,,,,,,,,,,,,,,,,,,,,,,,13.30,,,,,,,,,,,,,,,,,,,,,,,,,,,,,,,,,,,,,,,,,,,,,,,,,,,,,,,,,,,,,,,,,,,,,,,,,13.30,,,,,,,,,,,,,,,,,,,,,,,,,,,,,,,,,,,,,,,,,,,
PINEROLO - c.so Torino-MACUMBA,,,,,,,7.40,7.50,8.00,,8.14,8.40,9.10,9.10,9.40,10.10,10.14,,10.40,10.40,11.10,,11.40,11.40,11.48,12.10,,12.40,13.10,13:29,,13.40,14.10,,14.40,14.40,15.10,15.10,15.40,16.10,,16.10,16.14,,16.40,17.10,17.10,17:16,17.40,17:40,18.10,18:14,18.14,18.40,,18.40,18.48,19.10,19.40,19.40,19.55,20.10,,20.10,20.25,20.40,21.10,22.02,21.40,22.48,23.10,00.10,,,,,,,7:40,7.50,8.00,,,8.14,8.40,9.10,9.10,9.40,10.10,10.14,,10.40,10.40,11.10,,11.40,11.40,11.48,12.10,,12.40,13.10,13:29,,13.40,14.10,,14.40,14.40,15.10,15.10,15.40,16.10,,16.10,16.14,,16.40,17.10,17.10,17:16,17.40,17:40,18.10,18:14,18.14,18.40,,18.40,18.48,19.10,19.40,19.40,19.55,20.10,,20.10,20.25,20.40,21.10,22.02,21.40,22.48,,23.10,00.10
PINEROLO - Movicentro,4:28,,,5.48,6.18,7.18,7.48,7.58,8.08,,8.22,8.48,9.18,9.18,9.48,10.18,10.22,,10.44,10.48,11.14,11.18,11.48,11.48,11.56,12.18,,12.48,13.18,13.38,13.48,13.48,14.18,,14.44,14.48,15.18,15.18,15.48,16.18,,16.18,16.22,,16.48,17.18,17.18,,17.44,17.48,18.18,18:22,18.22,18.44,,18.48,18.56,19.18,19.44,19.48,19.59,20.14,20.18,20.18,20.33,20.48,21.18,22.10,21.48,22.52,23.18,00.18,4:28,,,5.48,6.18,7.18,7.48,7.58,8.08,,,8.22,8.48,9.18,9.18,9.48,10.18,10.22,,10.44,10.48,11.14,11.18,11.48,11.48,11.56,12.18,,12.48,13.18,13.38,13.48,13.48,14.18,,14.44,14.48,15.18,15.18,15.48,16.18,,16.18,16.22,,16.48,17.18,17.18,,17.44,17.48,18.18,18:22,18.22,18.44,,18.48,18.56,19.18,19.44,19.48,19.59,20.14,20.18,20.18,20.33,20.48,21.18,22.10,21.48,22.52,22.54,23.18,00.18
PINEROLO - piazza Cavour,4:30,,,5.50,6.20,7.20,7.50,8.00,8.10,8.10,8.24,8.50,9.20,9.20,9.50,10.20,10.24,,,10.50,,11.20,11.50,11.50,11.58,12.20,12.24,12.50,13.20,13.40,13.50,13.50,14.20,14.24,,14.50,15.20,15.20,15.50,16.20,16.20,16.20,16.24,,16.50,17.20,17.20,17:27,,17.50,18.20,18:24,18.24,,,18.50,18.58,19.20,,19.50,,,20.20,20.20,20.35,20.50,21.20,22.12,21.50,,23.20,00.20,4:30,,,5.50,6.20,7.20,7.50,8.00,8.10,8.10,8.20,8.24,8.50,9.20,9.20,9.50,10.20,10.24,,,10.50,,11.20,11.50,11.50,11.58,12.20,12.24,12.50,13.20,13.40,13.50,13.50,14.20,14.24,,14.50,15.20,15.20,15.50,16.20,16.20,16.20,16.24,,16.50,17.20,17.20,17:27,,17.50,18.20,18:24,18.24,,,18.50,18.58,19.20,,19.50,,,20.20,20.20,20.35,20.50,21.20,22.12,21.50,,22.56,23.20,00.20
PONTE LEMINA,4:33,,,5.53,6.23,7.23,7.53,,8.13,8.13,8.27,8.53,9.23,,9.53,10.23,10.27,,,10.53,,11.23,11.53,,,12.23,12.27,12.53,13.23,13.43,13.53,13.53,14.23,14.27,,14.53,15.23,15.23,15.53,,16.23,16.23,16.27,,16.53,17.23,,P,,17.53,18.23,,18.27,,,18.53,19.01,19.23,,19.53,,,20.23,20.23,20.38,20.53,21.23,22.15,,,23.23,00.23,4:33,,,5.53,6.23,7.23,7.53,,8.13,8.13,8.23,8.27,8.53,9.23,,9.53,10.23,10.27,,,10.53,,11.23,11.53,,,12.23,12.27,12.53,13.23,13.43,13.53,13.53,14.23,14.27,,14.53,15.23,15.23,15.53,,16.23,16.23,16.27,,16.53,17.23,,P,,17.53,18.23,,18.27,,,18.53,19.01,19.23,,19.53,,,20.23,20.23,20.38,20.53,21.23,22.15,,,22.59,23.23,00.23
ABBADIA ALPINA,4:34,,,5.54,6.24,7.24,7.54,,8.14,8.14,8.28,8.54,9.24,,9.54,10.24,10.28,,,10.54,,11.24,11.54,,,12.24,12.28,12.54,13.24,13.44,13.54,13.54,14.24,14.28,,14.54,15.24,15.24,15.54,,16.24,16.24,16.28,,16.54,17.24,,E,,17.54,18.24,,18.28,,18:34,18.54,19.02,19.24,,19.54,,,20.24,20.24,20.39,20.54,21.24,22.16,,,23.24,00.24,4:34,,,5.54,6.24,7.24,7.54,,8.14,8.14,8.24,8.28,8.54,9.24,,9.54,10.24,10.28,,,10.54,,11.24,11.54,,,12.24,12.28,12.54,13.24,13.44,13.54,13.54,14.24,14.28,,14.54,15.24,15.24,15.54,,16.24,16.24,16.28,,16.54,17.24,,E,,17.54,18.24,,18.28,,18:34,18.54,19.02,19.24,,19.54,,,20.24,20.24,20.39,20.54,21.24,22.16,,,23.00,23.24,00.24
S. MARTINO,4:40,,,6.00,6.30,7.30,8.00,,8.20,8.20,8.34,9.00,9.30,,10.00,10.30,10.34,,,11.00,,11.30,12.00,,,12.30,12.34,13.00,13.30,13.50,14.00,14.00,14.30,14.34,,15.00,15.30,15.30,16.00,,16.30,16.30,16.34,,17.00,17.30,,R,,18.00,18.30,,18.34,,18:37,19.00,19.08,19.30,,20.00,,,20.30,20.30,20.45,21.00,21.30,22.22,,,23.30,00.30,4:40,,,6.00,6.30,7.30,8.00,,8.20,8.20,8.30,8.34,9.00,9.30,,10.00,10.30,10.34,,,11.00,,11.30,12.00,,,12.30,12.34,13.00,13.30,13.50,14.00,14.00,14.30,14.34,,15.00,15.30,15.30,16.00,,16.30,16.30,16.34,,17.00,17.30,,R,,18.00,18.30,,18.34,,18:37,19.00,19.08,19.30,,20.00,,,20.30,20.30,20.45,21.00,21.30,22.22,,,23.06,23.30,00.30
PORTE,4:42,,,6.02,6.32,7.32,8.02,,8.22,8.22,8.36,9.02,9.32,,10.02,10.32,10.36,,,11.02,,11.32,12.02,,,12.32,12.36,13.02,13.32,13.52,14.02,14.02,14.32,14.36,,15.02,15.32,15.32,16.02,,16.32,16.32,16.36,,17.02,17.32,,,,18.02,18.32,,18.36,,18.38,19.02,19.10,19.32,,20.02,,,20.32,20.32,20.47,21.02,21.32,22.24,,,23.32,00.32,4:42,,,6.02,6.32,7.32,8.02,,8.22,8.22,8.32,8.36,9.02,9.32,,10.02,10.32,10.36,,,11.02,,11.32,12.02,,,12.32,12.36,13.02,13.32,13.52,14.02,14.02,14.32,14.36,,15.02,15.32,15.32,16.02,,16.32,16.32,16.36,,17.02,17.32,,,,18.02,18.32,,18.36,,18.38,19.02,19.10,19.32,,20.02,,,20.32,20.32,20.47,21.02,21.32,22.24,,,23.08,23.32,00.32
VILLAR PEROSA - via Nazionale,4:50,,,6.10,6.40,7.40,8.10,,8.30,8.30,8.44,9.10,9.40,,10.10,10.40,10.44,,,11.10,,11.40,12.10,,,12.40,12.44,13.10,13.40,14.00,14.10,14.10,14.40,14.44,,15.10,15.40,15.40,16.10,,16.40,16.40,16.44,,17.10,17.40,,O,,18.10,18.40,,18.44,,18.46,19.10,19.18,19.40,,20.10,,,20.40,20.40,20.55,21.10,21.40,22.32,,,23.40,00.40,4:50,,,6.10,6.40,7.40,8.10,,8.30,8.30,8.40,8.44,9.10,9.40,,10.10,10.40,10.44,,,11.10,,11.40,12.10,,,12.40,12.44,13.10,13.40,14.00,14.10,14.10,14.40,14.44,,15.10,15.40,15.40,16.10,,16.40,16.40,16.44,,17.10,17.40,,O,,18.10,18.40,,18.44,,18.46,19.10,19.18,19.40,,20.10,,,20.40,20.40,20.55,21.10,21.40,22.32,,,23.16,23.40,00.40
DUBBIONE - via Nazionale,4:55,,,6.15,6.45,7.45,8.15,,8.35,8.35,8.49,9.15,9.45,,10.15,10.45,10.49,,,11.15,,11.45,12.15,,,12.45,12.49,13.15,13.45,14.05,14.15,14.15,14.45,14.49,,15.15,15.45,15.45,16.15,,,16.45,16.49,,17.15,17.45,,R,,18.15,18.45,,18.49,,18.51,19.15,19.23,19.45,,20.15,,,20.45,20.45,21.00,21.15,21.45,22.37,,,23.45,00.45,4:55,,,6.15,6.45,7.45,8.15,,8.35,8.35,8.45,8.49,9.15,9.45,,10.15,10.45,10.49,,,11.15,,11.45,12.15,,,12.45,12.49,13.15,13.45,14.05,14.15,14.15,14.45,14.49,,15.15,15.45,15.45,16.15,,,16.45,16.49,,17.15,17.45,,R,,18.15,18.45,,18.49,,18.51,19.15,19.23,19.45,,20.15,,,20.45,20.45,21.00,21.15,21.45,22.37,,,23.21,23.45,00.45
PINASCA,4:56,,,6.16,6.46,7.46,8.16,,8.36,8.36,8.50,9.16,9.46,,10.16,10.46,10.50,,,11.16,,11.46,12.16,,,12.46,12.50,13.16,13.46,14.06,14.16,14.16,14.46,14.50,,15.16,15.46,15.46,16.16,,,16.46,16.50,,17.16,17.46,,R,,18.16,18.46,,18.50,,18.52,19.16,19.24,19.46,,20.16,,,20.46,20.46,21.01,21.16,21.46,22.38,,,23.46,00.46,4:56,,,6.16,6.46,7.46,8.16,,8.36,8.36,8.46,8.50,9.16,9.46,,10.16,10.46,10.50,,,11.16,,11.46,12.16,,,12.46,12.50,13.16,13.46,14.06,14.16,14.16,14.46,14.50,,15.16,15.46,15.46,16.16,,,16.46,16.50,,17.16,17.46,,R,,18.16,18.46,,18.50,,18.52,19.16,19.24,19.46,,20.16,,,20.46,20.46,21.01,21.16,21.46,22.38,,,23.22,23.46,00.46
PEROSA ARG.-pzza Terzo Alpini (Arrivo),5:00,,,6.20,6.50,7.50,8.20,,8.40,8.40,8.54,9.20,9.50,,10.20,10.50,10.54,,,11.20,,11.50,12.20,,,12.50,12.54,13.20,13.50,14.10,14.20,14.20,14.50,14.54,,15.20,15.50,15.50,16.20,,,16.50,16.54,,17.20,17.50,,E,,18.20,18.50,,18.54,,18.56,19.20,19.28,19.50,,20.20,,,20.50,20.50,21.05,21.20,21.50,22.42,,,23.50,00.50,5:00,,,6.20,6.50,7.50,8.20,,8.40,8.40,8.50,8.54,9.20,9.50,,10.20,10.50,10.54,,,11.20,,11.50,12.20,,,12.50,12.54,13.20,13.50,14.10,14.20,14.20,14.50,14.54,,15.20,15.50,15.50,16.20,,,16.50,16.54,,17.20,17.50,,E,,18.20,18.50,,18.54,,18.56,19.20,19.28,19.50,,20.20,,,20.50,20.50,21.05,21.20,21.50,22.42,,,23.26,23.50,00.50
PEROSA ARG.-pzza Terzo Alpini (Partenza),5:00,5.50,6.54,,6.50,,8.20,,,,8.54,9.20,,,10.20,,10.54,,,11.20,,,12.20,,,,12.54,13.20,,14.10,,14.20,,14.54,,15.20,,,,,,,16.54,,,,,F,,18.20,,,18.54,,,,19.28,,,,,,,,,,,,,,,,5:00,5.50,6.54,,6.50,,8.20,,,,,8.54,9.20,,,10.20,,10.54,,,11.20,,,12.20,,,,12.54,13.20,,14.10,,14.20,,14.54,,15.20,,,,,,,16.54,,,,,F,,18.20,,,18.54,,,,19.28,,,,,,,,,,,,,,,,
FENESTRELLE - via Nazionale,5:30,6.20,7.24,,7.20,,8.50,,,,9.24,9.50,,,10.50,,11.24,,,11.50,,,12.50,,,,13.24,13.50,,14:40,,14.50,,15.24,,15.50,,,,,,,17.24,,,,,S,,18.50,,,19.24,,,,19.58,,,,,,,,,,,,,,,,5:30,6.20,7.24,,7.20,,8.50,,,,,9.24,9.50,,,10.50,,11.24,,,11.50,,,12.50,,,,13.24,13.50,,14:40,,14.50,,15.24,,15.50,,,,,,,17.24,,,,,S,,18.50,,,19.24,,,,19.58,,,,,,,,,,,,,,,,
PRAGELATO,5:50,6.40,7.44,,,,9.10,,,,9.44,10.10,,,,,11.44,,,12.10,,,,,,,13.44,14.10,,15:00,,15.10,,15.44,,16.10,,,,,,,17.44,,,,,,,19.10,,,19.44,,,,,,,,,,,,,,,,,,,,5:50,6.40,7.44,,,,9.10,,,,,9.44,10.10,,,,,11.44,,,12.10,,,,,,,13.44,14.10,,15:00,,15.10,,15.44,,16.10,,,,,,,17.44,,,,,,,19.10,,,19.44,,,,,,,,,,,,,,,,,,,,
SESTRIERE,6:10,7.00,8.04,,,,9.30,,,,10.04,10.30,,,,,12.04,12.04,,12.30,,,,,,,14.04,14.30,,15:20,,15.30,,16.04,,16.30,,,,,,,18.04,18.04,,,,,,19.30,,,20.04,,,,,,,,,,,,,,,,,,,,6:10,7.00,8.04,,,,9.30,,,,,10.04,10.30,,,,,12.04,12.04,,12.30,,,,,,,14.04,14.30,,15:20,,15.30,,16.04,,16.30,,,,,,,18.04,18.04,,,,,,19.30,,,20.04,,,,,,,,,,,,,,,,,,,,
CESANA TORINESE,,7.25,8.29,,,,9.55,,,,10.29,10.55,,,,,,12.29,,12.55,,,,,,,14.29,14.55,,,,,,16.29,,16.55,,,,,,,,18.29,,,,,,19.55,,,20.29,,,,,,,,,,,,,,,,,,,,,7.25,8.29,,,,9.55,,,,,10.29,10.55,,,,,,12.29,,12.55,,,,,,,14.29,14.55,,,,,,16.29,,16.55,,,,,,,,18.29,,,,,,19.55,,,20.29,,,,,,,,,,,,,,,,,,,,
OULX - p.zza Garambois,,7.42,8.46,,,,10.12,,,,10.46,11.12,,,,,,12.46,,13.12,,,,,,,14.46,15.12,,,,,,16.46,,17.12,,,,,,,,18.46,,,,,,20.12,,,20.46,,,,,,,,,,,,,,,,,,,,,7.42,8.46,,,,10.12,,,,,10.46,11.12,,,,,,12.46,,13.12,,,,,,,14.46,15.12,,,,,,16.46,,17.12,,,,,,,,18.46,,,,,,20.12,,,20.46,,,,,,,,,,,,,,,,,,,,
OULX - Liceo,,7.44,8.48,,,,10.14,,,,10.48,11.14,,,,,,12.48,,13.14,,,,,,,14.48,15.14,,,,,,16.48,,17.14,,,,,,,,18.48,,,,,,20.14,,,20.48,,,,,,,,,,,,,,,,,,,,,7.44,8.48,,,,10.14,,,,,10.48,11.14,,,,,,12.48,,13.14,,,,,,,14.48,15.14,,,,,,16.48,,17.14,,,,,,,,18.48,,,,,,20.14,,,20.48,,,,,,,,,,,,,,,,,,,,
OULX - Stazione FS,,7.45,8.49,,,,10.15,,,,10.49,11.15,,,,,,12.49,,13.15,,,,,,,14.49,15.15,,,,,,16.49,,17.15,,,,,,,,18.49,,,,,,20.15,,,20.49,,,,,,,,,,,,,,,,,,,,,7.45,8.49,,,,10.15,,,,,10.49,11.15,,,,,,12.49,,13.15,,,,,,,14.49,15.15,,,,,,16.49,,17.15,,,,,,,,18.49,,,,,,20.15,,,20.49,,,,,,,,,,,,,,,,,,,,

Linea,278,278,278,278,278,278,278,278,278,278,278,278,278,278,278,278,278,278,278,278,278,278,278,278,278,278,278,278,278,278,278,278
ID_Corsa,C0307,C0308,C0309,C0310,C0311,C0312,C0313,C0314,C0315,C0316,C0317,C0318,C0319,C0320,C0321,C0322,C0323,C0324,C0325,C0326,C0327,C0328,C0329,C0330,C0331,C0332,C0333,C0334,C0335,C0336,C0337,C0338
Giorni,12345,123456,123456,6,123456,6,12345,12345,1245,3,12345,12345,12345,12345,12345,12345,12345,12345,123456,123456,123456,12345,12345,12345,12345,12345,12345,123456,6,12345,12345,123456
Stagionalita,SCO,FER,FER,SCO,FER,SCO,SCO,SCO,SCO,SCO,SCO,SCO,SCO,SCO,SCO,SCO,FER,SCO,FER,FER,FER,SCO,SCO,SCO,SCO,SCO,SCO,FER,SCO,SCO,SCO,FER
Note,stabilimenti,ferie,NS,vedasi,come,Scol,Scol,Scol,Scol,Scol,Scol,Scol,B,Scol,Scol,Scol,EST-S,Scol,,,stabilimenti,per,Scol,vedasi,come,Scol,Scol,NS,Scol,Scol,Scol,
PINEROLO - Ist. Immacolata,,,,,,,,,,,,,13:30,,,,,,,,,7:20,,,,,,,,,,
Bivio MURISENGHI,,7:45,,,,,,,,,,,,,,,,,,,,,,,,,,13:15,13:15,13:57,,
VIRLE PIEMONTE - via Carignano,,,,,,,,,,,14:50,,,15:20,16:05,,,17:50,,,,,,7:35,7:35,,,,,,,
PINEROLO - p.za S. Croce,,,,,12:46,12:46,,,,,,,,,,,,,,,,,,,,,,,,,,
PINEROLO - via Saluzzo (ENEL),,,,,,,,,,,,,13:25,,,16:30,,,,,,,,,,,,,,,,
APPENDINI,7:30,,,,,,13:40,,,,,,,,,,,,,,,,,,,7:50,,,,,14:50,
PINEROLO - Stazione Olimpica,,,,,,,13:30,,,,,,,,,,,,,,,,,,,,,,,,,
OSASIO - piazza Castello,,,,,,,,,,,14:55,,,,,,,17:55,,,,,,7:30,,,,,,,,
PINEROLO - Stazione FS,,7:30,,,,,13:25,,13:30,13:30,14:15,14:15,13:31,14:30,15:15,,,17:00,,,,7:15,,,,,,,,14:10,,
PANCALIERI - via Re Umberto 106,,,,,,,,,14.08,14.08,,,,15:15,16:00,,,17:45,,,,,7:25,,,,,,,,,
PINEROLO - c.so Torino-MACUMBA,7:15,7:35,,,,,,,,,,,13:34,,,,,,,,,,,,,,,13:23,13:23,14:05,,
PINEROLO Centro Studi,,,,,,,,,13:35,13:35,,,13:33,,,,,,,,,,7:55,8:13,8:10,8:02,8:00,,,,15:02,
RIVA di Pinerolo,,7:40,,,,,,,,,,,,,,,,,,,,,,,,,,13:20,13:20,14:00,,
PINEROLO - Osp. Cottolengo,,,,,12:45,12:45,,,,,,,,,,,,,,,,,,,,,,,,,,
PANCALIERI - via P. Amedeo 62,,,,,,,,,,14.10,,,,,,,,,,,,,7:23,,,,,,,,,
BAUDENASCA,,,13:00,13:00,,,,13:43,,,,,,,,,,,17:50,,,,,,,,,,,,,18:55
PINEROLO - piazza Cavour,,,12:45,12:45,12:47,12:47,,13:30,,,14:10,,13:27,,,16:32,16:30,,17:40,19:10,,,8:05,8:15,8:15,,8:05,,,,,19:10
SCALENGHE via Cavour,,,,,,,,,,,,,14:06,,,,,,,,,,,,,,,,,,,
PINEROLO - Movicentro,,,12:47,12:47,12:48,12:48,,13:32,,,,,,,,16:33,16:33,,17:42,19:12,7:20,,,,,8:10,,13:25,13:25,,15:10,19:03
PINEROLO Poste - via Bignone,,,12:50,12:50,12:50,12:50,,13:35,,,14:20,14:20,,14:35,15:20,16:35,16:35,17:05,17:45,19:15,7:18,7:10,,,,,,,,,,19:00
BURIASCO,,7:50,13:10,13:10,12:59,12:59,,13:55,,,14:25,14:25,13:45,14:40,15:25,16:40,16:40,17:10,18:05,19:20,7:13,7:05,,,,,,13:10,13:10,13:55,,18:40
MACELLO,,7:55,13:05,13:05,13:04,13:04,,13:45,,,14:30,14:30,,14:45,15:30,16:50,16:50,17:15,17:55,19:25,,,,,,,,,,,,18:50
STELLA,,,,,13:09,13:09,,,,,14:35,14:35,,14:55,15:40,,,17:25,,19:30,,,,7:50,,,,,,,,
VIGONE,,,,,13:18,13:18,13:50,,13:55,13:55,14:40,14:40,13:57,15:00,15:45,,,17:30,18:15,19:35,7:00,6:50,7:35,7:45,7:45,7:25,7:40,,,,14:40,18:30
Bivio STELLA,,,,,,,,,13:50,13:50,,,13:51,,,,,,18:10,,7:05,6:55,7:40,,7:50,,7:45,,,,,18:35
CERCENASCO,7:35,,,,13:23,13:23,13:45,,,,14:45,,14:01,15:05,15:50,,,17:35,18:20,19:40,6:55,6:45,,,,7:30,,,,,14:45,18:25

Linea,278,278,278,278,278,278,278,278
ID_Corsa,C0339,C0340,C0341,C0342,C0343,C0344,C0345,C0346
Giorni,12345,123456,123456,123456,6,12345,12345,123456
Stagionalita,SCO,FER,FER,FER,SCO,SCO,FER,FER
Note,chiusura,chiusura,,NS,Scol,Scol,S,
OSASIO - piazza Castello,,,,,,15:00,,
VIRLE PIEMONTE - via Carignano,,,,,,15:05,,
CERCENASCO,,6:25,,13:45,13:45,15:10,,19:40
VIGONE,7:20,6:30,,13:50,13:50,15:15,,19:45
STELLA,,6:35,,13:55,13:55,15:20,,19:50
MACELLO,,6:40,7:55,14:00,14:00,15:25,16:50,19:55
BURIASCO,,,,14:10,14:10,15:35,16:59,20:00
BAUDENASCA,,6:45,8:00,,,,,
PINEROLO Poste - via Bignone,,6:50,8:10,14:15,14:15,15:45,17:13,20:05
PINEROLO - Stazione FS,,6:56,8:15,,,,,
PINEROLO - Movicentro,,,,14:18,14:18,15:48,17:15,20:08
PINEROLO - piazza Cavour,7:00,7:00,,14:20,14:20,15:50,17:17,20:10

Linea,265,265,265,265,265,265,265,265,265,265,265,265,265,265,265,265,265,265,265,265,265,265,265,265,265,265,265,265,265,265,265,265,265,265,265,265,265,265,265,265,265,265,265,265,265,265,265,265,265,265,265,265,265
ID_Corsa,C0347,C0348,C0349,C0350,C0351,C0352,C0353,C0354,C0355,C0356,C0357,C0358,C0359,C0360,C0361,C0362,C0363,C0364,C0365,C0366,C0367,C0368,C0369,C0370,C0371,C0372,C0373,C0374,C0375,C0376,C0377,C0378,C0379,C0380,C0381,C0382,C0383,C0384,C0385,C0386,C0387,C0388,C0389,C0390,C0391,C0392,C0393,C0394,C0395,C0396,C0397,C0398,C0399
Giorni,12345,12345,123456,123456,12345,12345,12345,6,12345,123456,123456,6,8,12345,12345,123456,123456,123456,12345,123456,12345,12345,12345,123456,6,123456,12345,,678,12345,12345,123456,12345,12345,6,6,123456,12345,12345,123456,12345,12345,12345,12345,12345,12345,12345,6,12345,12345,12345,6,12345
Stagionalita,FER,SCO,FER,FER,SCO,SCO,FER,FER,FER,FER,FER,FER,FEST,FER,FER,FER,FER,FER,FER,FER,FER,FER,SCO,FER,FER,FER,FER,GG,FEST,FER,FER,FER,FER,FER,FER,FER,FER,FER,FER,FER,FER,FER,FER,FER,FER,FER,FER,FER,FER,FER,FER,FER,FER
Note,FS,Scol,S,A,Scol,Scol,,A,A,F,A,F,J,FS,,A,A,F,A,A,,S,Scol,A,F,A,,J,F,S,,A,A,,A,F,A,A,S,S,FS,,A,,FS,S,,F,,,,F,S
TORINO - c.so G. Cesare,,,,,,,8:10,,8:35,9:26,,,,,12:26,,,,13:07,,14:26,,,,15:26,,15:56,,,,17.36,,18:26,18:35,18:35,,,,,,,7.14,7:39,8:33,,,13:39,14:39,15:39,17.39,19.19,20:39,
CHIVASSO - Staz. FS Movicentro,5:40,,,6:35,,,|,8:43,,|,9:43,10:43,10:43,10:45,|,12:23,12:43,12:43,|,13:43,|,,,14.43,|,15.43,|,16.43,16.43,,|,17:43,|,,,18:43,19.43,22:12,,,5:35,|,|,|,10:30,,|,|,|,|,|,|,
TO-p.za Cattaneo-Mirafiori FCA,,,6.10,,,,,,,,,,,,,,,,,,,14.10,,,,,,,,16.10,,,,,,,,,22.10,,,,,,,,,,,,,,
TO - Autostazione c.so Bolzano,,,,,,,7:50,,8:15,9:06,,,,,12:06,,,,12:50,,14:06,,,,15.06,,15:36,,,,17.16,,18:06,18:15,18:15,,,,,,,7.31,7:56,8:56,,,13:56,14:56,15:56,17:56,19.36,20:56,
TORINO - c.so G.Cesare (SPAZIO CONAD),,,,,,,8:19,,8:44,9:35,,,,,12:35,,,,13:15,,14:35,,,,15:35,,16:05,,,,17:45,,18:35,18:44,18:44,,,,,,,,,,,,,,,,,,
BRANDIZZO - casello A4,,,6:55,,,,|,,,|,,,,,|,,,,|,,|,15:00,,,|,,|,,,17.01,|,,|,,,,,,22:55,4:55,,|,|,|,,12:50,|,|,|,|,|,|,21:00
SETTIMO T.SE - casello A4,,,6:50,,,,|,,8:47,|,,,,,|,,,,|,,|,14:55,,,|,,|,,,16.57,|,,|,18:47,18:47,,,,22:50,5:00,,|,|,|,,12:55,|,|,|,|,|,|,21:05
TO-Settembrini-Mirafiori FCA,,,,,,,,,,,,,,,,,,,,,,,,,,,,,,,,,,,,,,,,5:35,,,,,,13:34,,,,,,,21:45
TORINO-Parcheggio STURA (fermata a richiesta),,,,,,,,,,,,,,,,,,,,,,,,,,,,,,,,,,,,,,,,,,7:05,7:30,8:25,,,13:30,14:30,15:30,17:30,19:10,20:30,
GRUGLIASCO - via Libertà,,,6:25,,,,,,,,,,,,,,,,,,,14:30,,,,,,,,16.30,,,,,,,,,22:30,5:20,,,,,,13:19,,,,,,,21:30
CALUSO - Stazione FS,6:09,,,,,,|,,,|,,,,11:14,|,,,,|,,|,,,,|,,|,,,,|,,|,,,,,,,,5:11,I,I,I,10:06,,I,|,|,|,|,|,
TORINO - c.so G.Cesare (IVECO),,,,,,,8:17,,8:42,9:33,,,,,12:33,,,,13:13,,14:33,,,,15:33,,16:03,,,,17.43,,18:33,18:42,18:42,,,,,,,7.07,7:32,8:27,,,13:32,14:32,15:32,17.32,19.12,20:32,
TORINO - c.so Giulio Cesare,,,,,,,8:02,,8:27,9:18,,,,,12:18,,,,13:00,,14:18,,,,15:18,,15:48,,,,17.28,,18:18,18:27,18:27,,,,,,,7.21,7:46,8:43,,,13:46,14:46,15:46,17.46,19.26,20:46,
MERCENASCO FS - Navoletto,,,,,,,,,,,,,,,,,,,,,,,,,,,,,,,,,,,,,,,,4:23,4:59,|,|,|,9:52,12:18,|,|,|,|,|,|,20:33
VALLO - Chiesa,,,,6:53,,,|,,,|,,,,11:05,|,,,,|,,|,15:15,,,|,,|,,,,|,,|,,,,,,23:10,4:40,,|,|,|,10:16,12:35,|,|,|,|,|,|,
IVREA - loc Banchette,,,,,,,8:53,,,10:09,,,,,13:09,,,,,,15:09,,,,16:09,,16:39,,,,18:19,,19:09,,,,,,,,,6:36,7:01,7:53,,,13:01,14:01,15:01,,18:41,20:01,
RODALLO - Stazione FS,5:59,,,6:55,,,|,,,|,,,,11:07,|,,,,|,,|,15:20,,,|,,|,,,,|,,|,,,,,,23:12,4:37,5:20,|,|,|,10:15,12:32,|,|,|,|,|,|,
IVREA - via Di Vittorio,,,,,,,,,,,,,,,,,,,,,,,,,,,,,,,,,,,,,,,,,,6.32,6:57,7:48,,,12:57,13:57,14:57,,18.37,19:57,
MONTANARO-v.Caviglietti-StazFS,5:49,,,6:45,,,|,,,|,,,,10:58,|,,,,|,,|,,,,|,,|,,,,|,,|,,,,,,,,5:27,|,|,|,10:22,,|,|,|,|,|,|,
STRAMBINO - Stazione FS,6:22,,,,,,|,,,|,,,,11:34,|,,,,,,|,,,,|,,|,,,,|,,|,,,,,,,,4:56,|,|,|,9:44,,|,|,|,,|,|,
CHIVASSO - p.le Alfa-Lancia,,,7:01,,,,|,8:47,,|,9.47,10.47,10.47,,|,12.27,12.47,12.47,|,13.47,|,15:06,,14.47,|,15.47,|,16.47,16.47,17:08,|,17.47,|,,,18.47,19.47,22.16,23:01,4:51,,|,|,|,,12:46,|,|,|,|,|,|,20:56
CALUSO - Liceo,,,,,,7:45,|,,,|,,,,,|,,,,|,,|,,14.58,,|,,|,,,,|,,|,,,,,,,,,|,|,|,,,|,|,|,|,|,|,
CHIVASSO - Bivio Mosche,,,7:03,,,,|,8:54,8:58,|,9.54,10.54,10.54,,|,12.34,12.54,12.54,|,13.54,|,,,14.54,|,15.54,|,16.54,16.54,,|,17.54,|,18:58,18:58,18.54,19.54,22.23,,,,|,|,|,,,|,|,|,|,|,|,
CHIVASSO - Bivio Boschetto (TEMP. SOPPRESSA),,,7:04,,,,|,8:56,9:00,|,9.56,10.56,10.56,,|,12.36,12.56,12.56,|,13.56,|,,,14.56,|,15.56,|,16.56,16.56,,|,17.56,|,19:00,19:00,18.56,19.56,22.25,,,,|,|,|,,,|,|,|,|,|,|,
CALUSO - Bivio Carolina (TEMP. SOPPRESSA),,,7:06,,,,|,8:57,9:01,|,9.57,10.57,10.57,,|,12.37,12.57,12.57,|,13.57,|,,,14.57,|,15.57,|,16.57,16.57,,|,17.57,|,19:01,19:01,18.57,19.57,22.26,,,,|,|,|,,,|,|,|,|,|,|,
VALLO - Bivio (TEMP. SOPPRESSA),,,7:07,,,,|,8:58,9:05,|,9.58,10.58,10.58,,|,12.38,12.58,12.58,|,13.58,|,,,14.58,|,15.58,|,16.58,16.58,,|,17.58,|,19:05,19:05,18.58,19.58,22.27,,,,|,|,|,,,|,|,|,|,|,|,
ARÉ- via Duca degli Abruzzi,,,7:09,7:00,,,|,9:00,9:07,|,10.00,11.00,11.00,,|,12.40,13.00,13.00,|,14.00,|,15:23,,15.00,|,16.00,|,17.00,17.00,17.15,|,18.00,|,19:07,19:07,19.00,20.00,22.29,23:14,4:35,,|,|,|,,12:30,|,|,|,|,|,|,20:48
CALUSO - via De Brissac,,7:00,7:14,7:06,,7:47,|,9:06,9:12,|,10.06,11.06,11.06,11:20,|,12.46,13.06,13.06,13:49,14.06,|,15:29,15:00,15.06,|,16.06,|,17.06,17.06,17.21,|,18.06,|,19:12,19:12,19.06,20.06,22.35,23:19,4:30,,I,I,I,10:02,12:25,I,|,|,|,|,|,20:43
CANDIA - p.zza VII Martiri,6:14,7:05,7:21,7:11,,7:51,|,9:11,9:17,|,10.11,11.11,11.11,11:24,|,12.51,13.11,13.11,13:53,14.11,|,15:33,15:04,15.11,|,16.11,|,17.11,17.11,17.25,|,18.11,|,19:17,19:17,19.11,20.11,22.40,23:22,4:26,5:04,|,|,|,9:57,12:21,|,|,|,|,|,|,20:36
MERCENASCO - Stazione FS,6:18,7:08,7:27,7:15,,7:55,|,9:15,9:21,|,10:15,11:15,11:15,11:28,|,12:55,13:15,13:15,13:57,14:15,|,15:36,15:08,15:15,|,16:15,|,17:15,17:15,17:29,|,18:15,|,19:21,19:21,19:15,20:15,22:44,23:26,,,,,,,,,,,,,,
MERCENASCO - via Nazionale,,7:09,7:28,7:16,,7:56,|,9:16,9:22,|,10.16,11.16,11.16,11:29,|,12:56,13.16,13.16,13:58,14.16,|,15:37,15:09,15.16,|,16.16,|,17.16,17.16,17.30,|,18.16,|,19:22,19:22,19.16,20.16,22.45,23:27,4:22,,|,|,|,9:51,12:17,|,|,|,|,|,|,20:32
STRAMBINO - c.so Torino,,7:12,7:32,7:20,7:30,8:00,|,9:20,9:27,|,10.20,11.20,11.20,11:32,|,13:00,13.20,13.20,14:00,14.20,|,15:40,15:13,15.20,|,16.20,|,17.20,17.20,17.33,|,18.20,|,19:27,19:27,19.20,20.20,22.49,23:30,4:20,,|,|,|,9:47,12:15,|,|,|,17:01,|,|,20:30
CERONE - Bivio,,7:15,7:35,7:23,7:33,8:02,|,9:23,9:28,|,10.23,11.23,11.23,11:35,|,13:03,13.23,13.23,14:03,14.23,|,15:42,15:15,15.23,|,16.23,|,17.23,17.23,17.36,|,18.23,|,19:28,19:28,19.23,20.23,22.52,23:32,4:18,,|,|,|,9:42,12:13,|,|,|,16:57,|,|,20:28
SAN BERNARDO - via Torino,,7:25,7:40,7:28,7:37,8:07,|,9:28,9:34,|,10.28,11.28,11.28,11:40,|,13:08,13.28,13.28,14:07,14.28,|,15:46,15:20,15.28,|,16.28,|,17.28,17.28,17.41,|,18.28,|,19:34,19:34,19.28,20.28,22.57,23:36,4:14,,|,|,|,9:37,12:09,|,|,|,16:52,|,|,20:24
IVREA - Stazione FS,6:34,7:30,7:47,7:35,7:43,8:13,8:55,9:35,9:40,10:11,10:35,11:35,11:35,11:45,13:11,13:15,13:35,13.34,14:10,14:35,15:11,15:50,15:26,15.34,16:11,16:35,16:41,17:35,17:35,17:48,18.21,18:35,19:11,19:40,19:40,19.34,20:35,23:04,23:40,4:10,4:40,|,|,|,9:30,12:07,|,|,|,16:46,|,|,20:20
IVREA - Porta Vercelli,6:37,7:35,7:50,7:37,7:46,8:18,8:58,9:37,9:42,10:14,10.37,11.37,11.37,,13:14,13:17,13.37,13.37,14:16,14.37,15:14,15:54,15:31,15.37,16:14,16.37,16:44,17.37,17.37,17.50,18.24,18.37,19:14,19:43,19:43,19.37,20.37,23.06,23:43,4:05,,6.25,6:50,7:40,,12:00,12:50,13:50,14:50,16.39,18.30,19:50,20:15
IVREA - Porta Aosta,6:38,7:38,7:52,7:39,7:48,8:20,9:00,9:39,9:44,,10.39,11.39,11.39,,13:16,13:19,13.39,,14:17,14.39,15:16,15:55,15:33,,,16.39,,17.39,17.39,17.52,,18.39,,19:45,19:45,,20.39,23.08,23:44,4:07,,6.28,6:53,7:43,,12:02,12:53,13:53,14:53,16:42,18.33,19:53,20:17
MONTALTO DORA,6:42,,,7:42,7:51,8:24,9:03,9:42,9:47,,10.42,11.42,11.42,,13:19,13:22,13.42,,14:19,14.42,15:19,,15:37,,,16.42,,17.42,17.42,17.55,,18.42,,19:48,19:48,,20.42,23.11,,,,6.20,6:45,,,,12:45,,14:45,,,,
BORGOFRANCO - Stazione FS,6:45,,,7:47,7:56,8:27,9:08,9:47,9:52,,10.47,11.47,11.47,,13:24,13:27,13.47,,14:23,14.47,15:24,,15:40,,,16.47,,17.47,17.47,18.00,,18.47,,19:53,19:53,,20.47,23.16,,,,6.15,6:40,,,,12:40,,14:40,,,,
MONTESTRUTTO,6:48,,,7:49,7:59,8:30,9:10,9:49,9:54,,10.49,11.49,11.49,,13:26,13:29,13.49,,14:27,14.49,15:26,,15:43,,,16.49,,17.49,17.49,18.03,,18.49,,19:55,19:55,,20.49,23.18,,,,6.13,6:38,,,,12:38,,14:38,,,,
SETTIMO VITTONE,6:49,,,7:51,8:00,8:31,9:12,9:51,9:56,,10.51,11.51,11.51,,13:28,13:31,13.51,,14:28,14.51,15:28,,15:44,,,16.51,,17.51,17.51,18.04,,18.51,,19:57,19:57,,20.51,23.20,,,,6.11,6:36,,,,12:36,,14:36,,,,
TAVAGNASCO - Stazione FS,6:51,,,7:54,8:03,8:33,9:15,9:54,9:59,,10.54,11.54,11.54,,13:31,13:34,13.54,,14:31,14.54,15:31,,15:46,,,16.54,,17.54,17.54,18.07,,18.54,,20:00,20:00,,20.54,23.23,,,,6.08,6:33,,,,12:33,,14:33,,,,
QUINCINETTO - largo Europa,6:55,,,7:58,8:07,8:38,9:19,9:58,10:03,,10.58,11.58,11.58,,13:35,13:38,13.58,,14:36,14.58,15:35,,15:51,,,16.58,,17.58,17.58,18.11,,18.58,,20:04,20:04,,20.58,23.27,,,,6.04,6:29,,,,12:29,,14:29,,,,
CAREMA - via Torino,6:58,,,8:03,8:12,8:42,9:24,10:03,10:08,,11.03,12.03,12.03,,13:40,13:43,14.03,,14:41,15.03,15:40,,15:55,,,17.03,,18.03,18.03,18.16,,19.03,,20:09,20:09,,21.03,23.32,,,,5.59,6:24,,,,12:24,,14:24,,,,
PONT S. MARTIN - Stazione FS,6:59,,,8:04,8:13,8:43,9:25,10:04,10:09,,11.04,12.04,12.04,,13:41,13:44,14.04,,14:43,15.04,15:41,,15:56,,,17.04,,18.04,18.04,18.17,,19.04,,20:10,20:10,,21.04,23.33,,,,5.58,6:23,,,,12:23,,14:23,,,,
PONT S.MARTIN-pzza IV Novembre,7:00,,,8:05,8:14,8:45,9:26,,10:11,,11.05,,12.05,,13:42,13:45,14.05,,14:46,15.05,15:42,,15:58,,,17.05,,18.05,18.05,18.18,,19.05,,20:11,20:11,,21.05,23.34,,,,5.57,6:22,,,,12:22,,14:22,,,,

Linea,265,265,265,265,265,265,265,265,265,265,265,265,265,265,265,265,265,265,265,265,265,265
ID_Corsa,C0400,C0401,C0402,C0403,C0404,C0405,C0406,C0407,C0408,C0409,C0410,C0411,C0412,C0413,C0414,C0415,C0416,C0417,C0418,C0419,C0420,C0421
Giorni,123456,12345,12345,12345,12345,6,,678,123456,123456,123456,123456,123456,12345,,678,123456,123456,6,123456,123456,12345
Stagionalita,FER,FER,SCO,SCO,FER,FER,GG,FEST,FER,FER,FER,FER,FER,SCO,GG,FEST,FER,FER,FER,FER,FER,FER
Note,A,S,Scol,Scol,,A,J,F,A,F,A,A,A,Scol,J,F,A,A,F,A,A,A
PONT S.MARTIN-pzza IV Novembre,5:05,5:25,6:40,6:43,6:47,,7:52,7:52,9:52,,10:52,11:52,12:52,13:47,13:52,13:52,14:52,16:02,,,17:52,20:22
PONT S. MARTIN - Stazione FS,5:06,5:27,6:41,6:42,6:48,6:53,7:53,7:53,9:53,,10:53,11:53,12:53,13:48,13:53,13:53,14:53,16:03,,,17:53,20:23
CAREMA - via Torino,5:07,5:29,6:42,6:45,6:49,6:54,7:54,7:54,9:54,,10:54,11:54,12:54,13:49,13:54,13:54,14:54,16:04,,,17:54,20:24
QUINCINETTO - largo Europa,5:12,5:32,6:47,6:50,6:54,6:59,7:59,7:59,9:59,,10:59,11:59,12:59,13:54,13:59,13:59,14:59,16:09,,,17:59,20:29
TAVAGNASCO - Stazione FS,5:16,5:37,6:51,6:54,6.58,7:03,8:03,8:03,10:03,,11:03,12:03,13.03,13:58,14.03,14.03,15.03,16:13,,,18.03,20.33
SETTIMO VITTONE,5:19,5:39,6:54,6:57,6:59,7:06,8:06,8:06,10:06,,11:06,12:06,13:04,14:01,14.06,14.06,15.06,16:16,,,18.06,20.36
MONTESTRUTTO,5:21,5:40,6:56,6:59,7:00,7:08,8:08,8:08,10:08,,11:08,12:08,13:05,14:03,14.08,14.08,15.08,16:18,,,18.08,20.38
BORGOFRANCO - Stazione FS,5:23,5:43,6:58,7:01,7:02,7:10,8:10,8:10,10:10,,11:10,12:10,13:07,14:05,14.10,14.10,15.10,16:20,,,18.10,20.40
MONTALTO DORA,5:28,5:47,7:03,7:06,7:08,7:15,8:15,8:15,10:15,,11:15,12:15,13:13,14:10,14:15,14:15,15:15,16:25,,,18:15,20:45
IVREA - Porta Vercelli,5:33,5:53,7:08,,,7:20,8:20,8:20,10:20,10:20,11:20,12:20,,14:15,14:20,14:20,15:20,16:30,16.20,17.20,18.20,20.50
IVREA - Porta Aosta,5:36,5:56,7:11,7:11,7:11,7:23,8:23,8:23,10:23,10:23,11:23,12:23,13:16,14:18,14:23,14:23,15.23,16:33,16.23,17.23,18.23,20.53
IVREA - Stazione FS,5:41,6:01,7:15,7:15,7:14,7:28,8:28,8:28,10:28,10:27,11:28,12:28,13:19,14:22,14:28,14:28,15:28,16:38,16:27,17.27,18:28,20:58
SAN BERNARDO - via Torino,5:46,6:04,7:17,7:17,7:21,7:33,8:33,8:33,10:33,10:33,11:33,12:33,13:26,14:28,14.33,14.33,15.33,16:43,16.33,17.33,18.33,21.03
CERONE - Bivio,5:51,6:08,7:21,7:21,7:26,7:38,8:38,8:38,10:38,10:38,11:38,12:38,13:31,14:33,14.38,14.38,15.38,16:48,16.38,17.38,18.38,21.08
STRAMBINO - c.so Torino,5:54,6:10,7:27,7:27,7:32,7:41,8:41,8:41,10:41,10:41,11:41,12:41,13:37,14:36,14.41,14.41,15.41,16:51,16.41,17.41,18.41,21.11
MERCENASCO - via Nazionale,5:58,6:12,7:31,,7:35,7:45,8:45,8:45,10:45,10:45,11:45,12:45,13:40,14:40,14.45,14.45,15.45,16:55,16.45,17.45,18.45,21.15
MERCENASCO FS - Navoletto,5:59,6:13,7:32,,7:36,7:46,8:46,8:46,10:46,10:46,11:46,12:46,13:41,14:41,14:46,14:46,15:46,16:56,16:46,17:46,18:46,21:16
CANDIA - p.zza VII Martiri,6:03,6:16,7:39,,7:43,7:50,8:50,8:50,10:50,10:50,11:50,12:50,13:48,14:45,14.50,14.50,15.50,17:00,16.50,17.50,18.50,21.20
CALUSO - via De Brissac,6:08,6:22,7:43,,7:47,7:55,8:55,8:55,10:55,10:55,11:55,12:55,13:52,14:50,14.55,14.55,15.55,17:05,16.55,17.55,18.55,21.25
CALUSO - Liceo,,,7:45,,,,,,,,,,,14:52,,,,,,,,
ARÉ- via Duca degli Abruzzi,6:14,6:28,,,7:55,8:01,9:01,9:01,11:01,11:01,12:01,13:01,14:00,,15.01,15.01,16.01,17:11,17.01,18.01,19.01,21.31
VALLO - Bivio (TEMP. SOPPRESSA),6:16,,,,7:57,8:03,9:03,9:03,11:03,11:03,12:03,13:03,|,,|,15:03,16.03,|,17.03,18.03,19.03,21.33
CALUSO - Bivio Carolina (TEMP. SOPPRESSA),6:17,,,,7:58,8:04,9:04,9:04,11:04,11:04,12:04,13:04,14:09,,15.09,15:04,16.04,17.19,17.04,18.04,19.04,21.34
CHIVASSO - Bivio Boschetto (TEMP. SOPPRESSA),6:18,,,,8:00,8:05,9:05,9:05,11:05,11:05,12:05,13:05,14:10,,15.10,15:05,16.05,17.20,17.05,18.05,19.05,21.35
CHIVASSO - Bivio Mosche,6:20,,,,8:02,8:07,9:07,9:07,11:07,11:07,12:07,13:07,14:12,,15.12,15:07,16.07,17.22,17.07,18.07,19.07,21.37
RODALLO - Stazione FS,,,,,,,,,,,,,14:03,,15.04,,,17.14,,,,
VALLO - Chiesa,,,,,,,,,,,,,14:05,,15.06,,,17.16,,,,
CHIVASSO - p.le Alfa-Lancia,6:27,6:40,,,,8:14,9:14,9:14,11:14,11:14,12:14,13:14,,,15.19,15:14,16.14,17.29,17.14,18.14,19.14,21.44
BRANDIZZO - casello A4,,6:45,,,,,,,,,,,,,,,,,,,,
CHIVASSO - Staz. FS Movicentro,6:31,,,,,8:18,9:18,9:18,11:18,11:18,12:18,13:18,,,15.23,15:18,16.18,17.33,17.18,18.18,19.18,21.48
SETTIMO T.SE - casello A4,,6:50,,,8:15,,,,,,,,14:25,,,,,,,,,
TORINO-Parcheggio STURA (fermata a richiesta),,,,,8:22,,,,,,,,14:32,,,,,,,,,
GRUGLIASCO - via Libertà,,7:21,,,,,,,,,,,,,,,,,,,,
TORINO - c.so G.Cesare (IVECO),,,,,8:24,,,,,,,,14:34,,,,,,,,,
TO-Settembrini-Mirafiori FCA,,7:45,,,,,,,,,,,,,,,,,,,,
TORINO - c.so G. Cesare,,,,,8:31,,,,,,,,14:41,,,,,,,,,
TORINO - c.so Giulio Cesare,,,,,8:38,,,,,,,,14:48,,,,,,,,,
TO - Autostazione c.so Bolzano,,,,,8:48,,,,,,,,14:58,,,,,,,,,

Linea,283,283,283,283,283,283,283,283,283,283,283,283,283,283,283,283,283,283,283,283,283,283,283,283,283,283,283,283,283,283,283,283
ID_Corsa,C0422,C0423,C0424,C0425,C0426,C0427,C0428,C0429,C0430,C0431,C0432,C0433,C0434,C0435,C0436,C0437,C0438,C0439,C0440,C0441,C0442,C0443,C0444,C0445,C0446,C0447,C0448,C0449,C0450,C0451,C0452,C0453
Giorni,123456,123456,6,12345,12345,123456,12345,12345,123456,123456,78,123456,123456,6,123456,6,12345,12345,12345,12345,6,123456,78,123456,6,12345,12345,123456,123456,123456,6,12345
Stagionalita,FER,FER,SCO,SCO,SCO,FER,SCO,SCO,FER,FER,FEST,FER,FER,SCO,FER,FER,SCO,SCO,SCO,FER,FER,FER,FEST,FER,FER,FER,SCO,FER,FER,FER,FER,FER
Note,03/08,30/08/2026,SCOL,SCOL,SCOL,,SCOL,SCOL,,SIMBOLOGIA,CORSE:,D,D,AGO,INV,I,SCOL,SCOL,SCOL,NS,,D,,D,,NS,SCOL,,,,,NS
CANTALUPA,6:15,7:10,7:10,7:10,,7:50,7:50,,8:30,,9:45,,11:40,11:30,12:50,12:50,13:50,14:45,14:20,14:00,14:00,15:30,16:30,16:40,,,17:30,17:55,19:00,19:55,,
FROSSASCO Bivio,6:25,7:18,7:18,7:18,,7:56,-,7:59,8:40,-,9:55,-,11:48,11:40,13:00,13:00,-,14:52,14:30,14:10,14:10,-,16:40,-,,,-,18:05,19:07,-,,
ROLETTO,6:35,7:27,7:27,7:27,,8:01,8:02,8:05,8:51,9:42,10:06,10:42,12:00,11:50,13:10,13:10,14:01,14:56,14:43,14:23,14:23,15:45,16:53,16:57,17:28,17:28,17:47,18:17,19:16,20:07,17:20,17:20
FRAZIONE RONCAGLIA,6:33,7:26,7:26,7:26,,-,8:01,-,8:47,-,10:02,-,11:57,11:47,13:07,13:07,-,-,14:37,14:17,14:17,-,16:47,-,-,-,-,18:15,-,-,17:14,17:14
PINEROLO - via Martiri XXI,6:38,7:28,7:28,7:28,,8:05,8:04,8:09,8:52,9:45,10:07,10:45,12:05,11:52,13:12,13:12,14:03,14:58,14:45,14:25,14:25,15:46,16:55,16:58,17:30,17:30,17:50,18:20,19:17,20:09,17:08,17:08
PINEROLO Ist. Immacolata,-,,,7:35,7:40,-,-,-,-,-,,-,-,-,-,-,-,-,-,-,-,-,-,-,-,-,-,-,-,-,,
PINEROLO - Movicentro,-,,,,-,-,-,-,-,-,,-,-,-,-,-,-,-,-,-,-,-,-,-,-,-,-,-,-,-,-,-
PINEROLO - piazza Cavour,6:40,7:35,7:35,,7:45,8:09,8:13,8:14,9:00,9:50,10:15,10:51,12:10,11:55,13:15,13:15,14:07,15:03,14:50,14:30,14:30,15:49,17:00,17:00,17:35,17:35,17:55,18:25,19:20,20:13,17:00,17:00

Linea,283,283,283,283,283,283,283,283,283,283,283,283,283,283,283,283,283,283,283,283,283,283,283,283
ID_Corsa,C0454,C0455,C0456,C0457,C0458,C0459,C0460,C0461,C0462,C0463,C0464,C0465,C0466,C0467,C0468,C0469,C0470,C0471,C0472,C0473,C0474,C0475,C0476,C0477
Giorni,123456,123456,123456,123456,78,123456,6,123456,123456,12345,6,6,12345,12345,12345,123456,78,12345,6,12345,12345,123456,123456,123456
Stagionalita,FER,FER,FER,FER,FEST,FER,FER,FER,FER,FER,FER,FER,SCO,SCO,SCO,FER,FEST,SCO,FER,FER,SCO,FER,FER,FER
Note,03/08,30/08/2026,,D,,D,AGO,D,,SIMBOLOGIA,CORSE:,I,SCOL,SCOL,SCOL,D,,SCOL,D,NS,SCOL,,,
PINEROLO - piazza Cavour,6:45,7:15,8:00,9:00,9:15,10:00,11:00,11:10,12:20,13:00,13:00,13:00,,13:20,14:15,15:05,16:00,16:06,16:05,16:05,17:00,17:35,18:30,19:35
PINEROLO - Movicentro,-,-,-,-,-,-,-,-,-,-,-,-,-,13:25,-,-,-,-,-,-,-,-,-,-
PINEROLO - via Martiri XXI,6:49,7:20,8:04,9:05,9:20,10:05,11:05,11:15,12:25,13:05,13:05,13:05,13:38,-,14:20,15:07,16:05,16:15,16:07,16:07,17:05,17:39,18:35,19:39
ROLETTO,6:53,7:33,8:18,9:10,9:33,10:10,11:18,11:28,12:38,13:18,13:18,13:18,-,13:36,14:33,15:18,16:17,16:30,16:15,16:15,17:18,17:43,18:47,19:43
FRAZIONE RONCAGLIA,-,7:25,8:10,-,9:25,-,11:10,11:20,12:30,13:10,13:10,13:10,13:45,-,14:25,15:10,16:13,16:22,16:10,16:10,17:10,-,18:43,-
FROSSASCO Bivio,6:57,7:37,8:22,9:15,9:37,10:15,11:22,11:32,12:42,13:22,13:22,13:22,-,13:40,14:37,15:22,16:20,16:32,16:20,16:20,17:22,17:47,18:50,19:47
CANTALUPA,7:05,7:45,8:30,,9:45,,11:30,11:40,12:50,13:30,13:30,13:30,14:00,13:47,14:45,15:30,16:30,16:39,16:30,16:30,17:30,17:55,19:00,19:55

Linea,303,303,303,303,303,303,303,303,303,303,303,303,303,303,303,303,303,303,303,303,303,303,303,303,303,303,303,303,303,303,303,303,303,303,303,303,303,303,303
ID_Corsa,C0478,C0479,C0480,C0481,C0482,C0483,C0484,C0485,C0486,C0487,C0488,C0489,C0490,C0491,C0492,C0493,C0494,C0495,C0496,C0497,C0498,C0499,C0500,C0501,C0502,C0503,C0504,C0505,C0506,C0507,C0508,C0509,C0510,C0511,C0512,C0513,C0514,C0515,C0516
Giorni,12345,123456,123456,123456,123456,123456,8,8,12345,6,12345,1245,3,123456,12345,12345,12345,123456,8,8,12345,6,123456,8,12345,8,12345,123456,12345,12345,12345,12345,123456,8,12345,12345,8,8,12345
Stagionalita,FER,FER,FER,SCO,FER,FER,FEST,FEST,FER,FER,FER,SCO,SCO,FER,SCO,FER,FER,FER,FEST,FEST,FER,FER,FER,FEST,SCO,FEST,FER,FER,FER,FER,FER,FER,FER,FEST,FER,FER,FEST,FEST,FER
Note,S,,S,SCOL,,AGO,,,,A,NS,SCOL,SCOL,NS,SCOL,S,A,INV,R,Q,S,03/08,EST,R,SCOL,Q,A,,S,S,S,S,,,A,S,R,Q,S
TORINO Autostazione,,,,,,7:41,7:15,9:15,9:41,,10:41,10:41,10:41,11:41,12:03,12:41,13:41,,14:03,,15.11,,,15:15,16:03,,17:30,,18:03,21.03,7:19,8.57,10:19,,14:19,15:19,,,
SEGGIOVIE,,,,7:20,,9:57,9:55,,,,,,,,,,,,16:37,17:10,,,17:51,,,,,,,,,,,,,,,,
POMARETTO P. LAUSA,,,,,,,,,,,,,,,,,,,,,,,,,,,,,,,5:20,7:05,8:10,8:20,12:30,13:30,15:30,16:10,21:30
PINEROLO,4.30,,,,,8:50,8:24,10:24,10:50,,11:50,11:50,11:50,12:50,13:20,13:50,14:50,,15:20,,16.20,,,16:24,17:20,,-,,19:20,22.12,6:10,7:40,9:10,9.40,13:10,14:10,,,
PEROSA ARGENTINA arrivo,5.00,,,,,9:20,8:54,10:54,11:20,,12:20,12:20,12:20,13:20,13:50,14:20,15:20,,15:50,,16.50,,,16:54,17:50,,18:56,,19:50,22.42,5:25,7:10,8:15,8:25,12:35,13:35,15:35,16:15,21:35
PEROSA ARGENTINA part.,5:20,,6:15,,8:15,9:20,9:20,11:00,11:25,12:30,12:35,12:35,12:45,13:25,14:05,14:30,15:40,,15:52,16:20,17:15,17:15,,17:22,18.00,18:30,,19:10,20:00,22:45,5:40,7:10,8:40,9.10,12:40,13:40,,,
POMARETTO OSPEDALE,5:22,,6:17,,8:17,9:22,9:22,11:02,11:27,12:32,12:37,12:37,12:47,13:27,14:07,14:32,15:42,,15:54,16:22,17:17,17:17,,17:24,18.02,18:32,,19:12,20:02,22:47,5:23,7:08,8:13,8:23,12:33,13:33,15:33,16:13,21:33
POMARETTO P.LAUSA,5:23,,6:20,,8:20,9:24,9:24,11:05,11:28,12:35,12:38,12:38,12:48,13:28,14:09,14:35,15:45,,15:57,16:25,17:20,17:20,,17:27,18.04,18:35,,19:15,20:04,22:50,,,,,,,,,
CHIOTTI,5.28,,6:25,,8:25,9:29,9:29,11:10,11:33,12:40,12:45,12:45,12:55,13:35,14:13,14:40,15:50,,16:02,16:30,17:25,17:25,,17:32,18:03,18:40,,19:20,20:08,22:55,5:15,7:00,8:05,8:15,12:25,13:25,15:25,16:05,21:25
TROSSIERI,5:30,,6:27,,8:27,9:30,9:30,11:12,11:35,12:42,12:47,12:47,12:57,13:37,14:14,14:42,15:52,,16:04,16:32,17:27,17:27,,17:34,18.09,18:42,,19:22,20:09,22:57,5:13,6:58,8:02,8:12,12:22,13:23,15:23,16:02,21:23
PERRERO,5:34,6:20,6:30,6:55,8:30,9:35,9:33,11:15,11:39,12:45,12:50,12:50,13:00,13:41,14:19,14:45,15:55,16:05,16:07,16:35,17:30,17:30,17:30,17:37,18.14,18:45,,19:25,20:14,23:00,5:10,6:55,8:00,8:10,12:20,13:20,15:20,16:00,21:20
PONTE RABBIOSO,5:36,6:25,,7:00,,9:37,9:36,,,,12:53,12:53,13:03,13:43,14:21,,,16:10,16:12,16:40,,,17:31,,18.16,,,,20:15,,,,,,,,,,
POMEYFRE,5:39,6:30,,7:03,,9:40,9:38,,,,12:57,12:57,13:07,13:46,14:23,,,16:15,16:17,16:45,,,17:35,,18.18,,,,20:16,,,,,,,,,,
CROSETTO MIN. GIANNA,,6:35,,7:05,,9:41,9:39,,,,12:58,12:58,13:08,13:47,14:24,,,16:20,16:22,16:50,,,17:40,,18.19,,,,,,,,,,,,,,
RODORETTO BIVIO,,6:40,,7:10,,9:48,9:46,,,,13:05,13:05,13:15,13:55,14:31,,,16:22,16:27,16:55,,,17:43,,18.26,,,,,,,,,,,,,,
VILLA DI PRALI,,6:45,,7:15,,9:52,9:50,,,,13:10,13:10,13:20,13:59,14:35,,,16:25,16:32,17:00,,,17:47,,18.30,,,,,,,,,,,,,,
PRALI GHIGO,,6:50,,7:19,,9:56,9:54,,,,13:14,13:14,13:24,14:03,14:39,,,16:30,16:34,17:05,,,17:50,,18.34,,,,,,,,,,,,,,

Linea,303,303,303,303,303,303,303,303,303,303,303,303,303,303,303,303
ID_Corsa,C0517,C0518,C0519,C0520,C0521,C0522,C0523,C0524,C0525,C0526,C0527,C0528,C0529,C0530,C0531,C0532
Giorni,123456,12345,123456,8,123456,12345,123456,12345,12345,123456,12345,8,8,123456,12345,12345
Stagionalita,FER,FER,SCO,FEST,FER,FER,FER,FER,SCO,FER,FER,FEST,FEST,FER,SCO,FER
Note,,A,SCOL,,AGO,S,NS,A,SCOL,INV,A,R,Q,03/08,SCOL,S
SEGGIOVIE,,,7:20,10:10,,,,,,,,16:37,17:40,18.00,,
PRALI GHIGO,6:50,,7:21,10:12,10:30,13:45,14:10,,14:50,16:30,,16:42,17:45,18.02,18:40,
VILLA DI PRALI,6:55,,7:22,10:15,10:35,13:50,14:15,,14:55,16:35,,16:47,17:50,18.06,18:45,
RODORETTO BIVIO,7:00,,7:25,10:20,10:40,13:54,14:20,,15:00,16:40,,16:52,17:55,18.11,18:50,
CROSETTO MIN. GIANNA,7:05,,7:27,10:25,10:45,14:00,14:25,,15:05,16:45,,16:57,18:00,18.14,18:55,
POMEYFRE,7:10,,7:30,10:30,10:50,14:05,14:30,,15:10,16:50,,17:02,18:05,18.20,19:00,21:20
PONTE RABBIOSO,7:15,,7:33,10:37,10:55,14:09,14:35,,15:15,16:55,,17:04,18:07,18.23,19:05,21:23
PERRERO,7:17,,7:35,10:45,11:00,14:12,14:40,,15:20,17:00,,17:07,18:10,18.25,19:10,21:25
TROSSIERI,7:23,,,10:47,11:03,14:15,14:43,,15:23,17:03,,17:09,18:15,18.28,19:13,21:28
CHIOTTI,7:25,,,10:50,11:05,14:17,14:45,,15:25,17:05,,17:12,18:20,18.31,19:15,21:31
POMARETTO P. LAUSA,7:30,,,10:52,11:10,14:23,14:50,,15:30,17:10,,17:17,18:25,18.36,19:20,21:34
POMARETTO OSPEDALE,7:33,,,10:54,11:13,14:25,14:53,,15:33,17:13,,17:19,18:27,18.37,19:23,21:35
PEROSA ARGENTINA arrivo,7:35,,,10:55,11:15,14:27,14:55,,15:35,17:15,,17:22,18:30,18.38,19:25,21:36
PEROSA ARGENTINA part.,,7:40,,11:10,12:40,14:40,,15:10,15:40,,17:40,,19:10,18:40,19:40,
PINEROLO,,8:10,,11:40,13:10,15:10,,15:40,16:10,,18:10,,19:40,19:10,20:10,
TORINO Autostazione,,9:19,,,14:19,16:19,,16:56,17:19,,19:19,,20:49,20:19,21:19,

Linea,901,901,901,901,901,901,901,901,901,901,901,901,901,901,901,901,901,901,901,901,901,901,901,901,901,901,901,901,901,901,901,901,901,901,901,901,901,901,901,901,901,901,901,901,901,901,901,901,901,901,901,901,901,901,901,901,901,901,901,901,901,901,901,901,901,901,901,901,901,901,901,901,901,901,901,901,901,901,901,901,901,901,901,901,901,901,901,901
ID_Corsa,C0533,C0534,C0535,C0536,C0537,C0538,C0539,C0540,C0541,C0542,C0543,C0544,C0545,C0546,C0547,C0548,C0549,C0550,C0551,C0552,C0553,C0554,C0555,C0556,C0557,C0558,C0559,C0560,C0561,C0562,C0563,C0564,C0565,C0566,C0567,C0568,C0569,C0570,C0571,C0572,C0573,C0574,C0575,C0576,C0577,C0578,C0579,C0580,C0581,C0582,C0583,C0584,C0585,C0586,C0587,C0588,C0589,C0590,C0591,C0592,C0593,C0594,C0595,C0596,C0597,C0598,C0599,C0600,C0601,C0602,C0603,C0604,C0605,C0606,C0607,C0608,C0609,C0610,C0611,C0612,C0613,C0614,C0615,C0616,C0617,C0618,C0619,C0620
Giorni,123456,123456,12345,123456,12345,123456,123456,12345,123456,12345,12345,12345,,78,123456,12345,6,123456,12345,123456,12345,123456,123456,123456,123456,678,12345,123456,12345,12345,123456,,123456,12345,6,,12345,123456,123456,123456,123456,12345,123456,123456,123456,123456,,GG,78,78,123456,5,123456,6,,123456,6,123456,,12345,12345,12345,12345,12345,12345,12345,123456,12345,,123456,12345,12345,12345,123456,678,12345,,123456,78,123456,123456,123456,78,123456,123456,123456,78,123456
Stagionalita,FER,FER,FER,FER,SCO,FER,FER,SCO,SCO,SCO,SCO,SCO,FER,FEST,FER,FER,SCO,FER,SCO,FER,SCO,FER,FER,FER,FER,,FER,GG,SCO,SCO,GG,FER,FER,FER,FER,GG,FER,FER,SCO,FER,FER,FER,FER,FER,FER,GG,FER,GG,FEST,FEST,FER,FER,FER,FER,GG,FER,SCO,FER,GG,SCO,SCO,SCO,SCO,SCO,SCO,SCO,FER,FER,GG,FER,FER,SCO,FER,FER,,FER,GG,FER,FEST,FER,FER,FER,FEST,FER,FER,FER,FEST,FER
Note,SA4,,S,,Scol,,,CT,C,C,Scol,,SA4,#,,(NONE),Scol,S,,,T,,,,,#,antecedente,EST,SIMBOLOGIA,giorni,EST,,,,S,EST,S,NS,Scol,,,,,,,,,EST,INV,#,SA4,,,INV,EST,T,T,,EST,Scol,CT,CT,C,Scol,C,,S,,#,,,Scol,,,,antecedente,festività,,INV,,,SIMBOLOGIA,periodicità,,Feriale,(effettuata,giorni,non
PINEROLO - Ist. Immacolata,,,D,,7:25,,,,,,,,,,,,,,,,,,,,,,,,,,,,,,,,,,,,,,,,,,,,,,,,,,,,,,,,,,,13:30,,,,,,,,16:12,,,,,,,,,,,,,,,,
BOBBIO PELLICE,,,,,,,,,,,,,,,,,,,,,,,,,,,,,,,6:00,6:53,,,7:35,7:42,,,,8:19,,9:00,,,10:13,,,11:07,11:05,,,12:15,,12:50,13:15,13:40,13:40,13:49,13:52,13:55,14:45,14:20,,,,,,15:26,15:48,,16:42,,17:21,,16:46,,18:13,,19:07,,19:19,,,,20:21,,20:46,
SAN SECONDO BIVIO BIMA,6:00,6:25,6.32,7:00,7:15,7:25,7:55,7:54,7:44,7:54,8:00,8:25,8:55,8:55,9:55,12:47,13:20,13:25,13:25,13:55,14.30,14:30,14:55,15:25,15:55,12:55,16:31,17:55,18:25,22:40,,,6:47,7:02,7:10,,7:16,7:28,7:28,,8:15,,8:35,9:05,9:35,10:05,,,,11:05,11:05,,12:05,,,12:55,12:55,13:05,,,14:00,13:35,14:25,13:40,13:43,14:05,14:35,,15:05,16:05,,16:33,,17:05,,17:33,,18:05,,18:35,19:05,19:05,19:05,19:35,,20:05,,22:02
PISCINA - v. Umberto I ang. V. Airasca,,,I,,,,,,,,,,,,,,,,,,,,,,,,,,,,,,,,,,,,,,,,,,,,,,,,,,,,,,,,,,,,,,,,,,,,,,,,,,,,,,,,,,,,,
TO - Autostazione c.so Bolzano,,,,,,,,,,,,,,,,,,,,,,,,,,,,,,,,,,,,,,,,,,,,,,,,,,,,,,,,,,,,,,,,,,,,,,,,,,,,16:15,,,,,,,,,,,,
CANDIOLO - Stazione FS,,,T,,,,,,,,,,,,,,,,,,,,,,,,,,,,,,,,,,,,,,,,,,,,,,,,,,,,,,,,,,,,,,,,,,,,,,,,,,,,,,,,,,,,,
CHABRIOLS,,,,,,,,,,,,,,,,,,,,,,,,,,,,,,,5:53,6:43,,,7:31,7:32,,,,8:09,,8:50,,,10:03,,,10:57,10:56,,,12:06,,12:43,13:05,13:25,13:25,13:38,13:42,13:45,14:35,14:10,,,,,,15:19,15:38,,16:32,,17:14,,16:39,,18:03,,18:57,,19:09,,,,20:14,,20:39,
PINEROLO Movicentro,6:10,6:35,6:43,7:10,7:23,7:40,8:10,,,8:05,,8:40,9:10,9:10,10:10,12:59,13:28,13:40,13:40,14:10,,14:45,15:10,15:40,16:10,13:10,16:40,18:10,18:40,22:50,,,6:35,6:50,7:00,,,7:20,7:20,,8:00,,8:20,8:50,9:20,,9:50,,,10:50,10:50,,11:50,,,,,12:50,,,,,,,,13:50,14:20,,14:50,15:50,,,,16:50,,,,17:50,,18:20,18:50,18:50,18:50,19:20,,19:50,,21:50
SANGONE - Stazione FS,,,O,,,,,,,,,,,,,,,,,,,,,,,,,,,,,,,,,,,,,,,,,,,,,,,,,,,,,,,,,,,,,,,,,,,,,,,,,,,,,,,,,,,,,
PINEROLO - Centro Studi,,,,,,,,8:09,8:00,8:08,8:15,,,,,,,,,,,,,,,,,,,,,,,6:42,,,,7:12,7:12,,7:42,,8:12,8:42,9:12,,9:42,,,10:42,10:42,,11:42,,,12:50,12:50,,,,13:50,13:30,14:20,,13:30,,,,,,,16:22,,,,,,17:42,,18:12,18:42,18:42,18:42,19:12,,19:42,,21:42
SEGG. VANDALINO,,,,,,,,,,,,,,,,,,,,,,,,,,,,,,,5:48,6:41,,,7:29,7:29,,,,8:08,,8:49,,,10:01,,,10:54,10:54,,,12:04,,12:38,13:00,13:20,13:20,13:34,13:39,13:42,14:30,14:05,,,,,,15:16,15:36,,16:29,,17:11,,16:36,,18:01,,18:54,,19:08,,,,20:11,,20:36,
NONE - via Roma,,,E,,,,,,,,,,,,,,,,,,,,,,,,,,,,,,,,,,,,,,,,,,,,,,,,,,,,,,,,,,,,,,,,,,,,,,,,,,,,,,,,,,,,,
LOMBARIDINI/VOLTA,,,,,,,,,,,,,,,,12:25,,,,,14.08,,,,,,,,,,,,,,,,,,,,,,,,,,,,,,,,,,,,,,,,,,,,,,,,,,,,,,,,,,,,,,,,,,,
TO-c.so V.Eman. II-Porta Nuova,,,7.45,,,,,,,,,,,,,,,,,,,,,,,,,,,,,,,,,,,,,,,,,,,,,,,,,,,,,,,,,,,,,,,,,,,,,,,,,16:22,,,,,,,,,,,,
BIBIANA,,,,,7:01,,,,,,7:45,,,,,,,,,,,,,,,,,,,,,,,,,,,,,,,,,,,,,,,,,,,,,,,,,,,,,13:54,13:57,,,,,,,16:50,,,,,,,,,,,,,,,,
NICHELINO - Stazione FS,,,T,,,,,,,,,,,,,,,,,,,,,,,,,,,,,,,,,,,,,,,,,,,,,,,,,,,,,,,,,,,,,,,,,,,,,,,,,,,,,,,,,,,,,
S. MARGHERITA,,,,,,,,7:33,,,,,,,,,,,,,,,,,,,,,,,5:45,6:39,,,7:28,7:27,,,,8:07,,8:48,,,,9:59,,10:52,10:53,,,12:03,,12:35,12:58,13:18,13:18,13:33,13:37,13:40,14:25,14:00,,,,,,15:15,15:34,,16:27,,17:10,,16:35,,17:59,,18:52,,19:07,,,,20:10,,20:35,
TORINO - Porta Susa,,,7.50,,,,,,,,,,,,,,,,,,,,,,,,,,,,,,,,,,,,,,,,,,,,,,,,,,,,,,,,,,,,,,,,,,,,,,,,,,,,,,,,,,,,,
PINEROLO - piazza Cavour,,,6:40,,7:22,,,8:03,7:53,8:01,8:08,,,,,12:55,,,,,14.37,,,,,,16:38,,,,,,,,,,7:10,,7.22,,,,,,,,,,,,,,,,,12:53,12:53,,,,13:55,13:33,,13:34,13:37,,,,,,,16:28,,,,17:27,,,,,,,,,,,,
AIRASCA - Stazione FS,,,R,,,,,,,,,,,,,,,,,,,,,,,,,,,,,,,,,,,,,,,,,,,,,,,,,,,,,,,,,,,,,,,,,,,,,,,,,,,,,,,,,,,,,
VILLAR PELLICE,,,,,,,,,,,,,,,,,,,,,,,,,,,,,,,5:55,6:47,,,7:33,7:33,,,,8:14,,8:55,,,10:07,,,10:58,11:00,,,12:10,,12:45,13:10,13:30,13:30,13:42,13:43,13:46,14:40,14:15,,,,,,15:21,15:42,,16:33,,17:16,,16:41,,18:07,,18:58,,19:14,,,,20:16,,20:41,
SAN SECONDO CANTINE,5:58,6:23,6.30,6:58,7:14,7:23,7:53,7:53,7:43,7:53,7:58,8:23,8:53,8:53,9:53,12:46,13:15,13:23,13:23,13:53,14.28,14:28,14:53,15:23,15:53,12:53,16:30,17:53,18:23,22:38,,,6:49,7:04,7:11,,7:17,7:30,7:30,,8:17,,8:37,9:07,9:37,10:07,,,,11:07,11:07,,12:07,,,12:57,12:57,13:07,,,14:01,13:36,14:26,13:41,13:44,14:07,14:37,,15:07,16:07,,16:36,,17:07,,17:34,,18:07,,18:37,19:07,19:07,19:07,19:37,,20:07,,22:04
CAPPELLA MORERI,5:57,6:22,6.27,6:57,7:12,7:22,7:52,7:51,7:41,7:51,7:53,8:22,8:52,8:52,9:52,12:43,13:10,13:22,13:22,13:52,14.26,14:27,14:52,15:22,15:52,12:52,16:27,17:52,18:22,22:37,,,6:50,7:05,7:13,,7:19,7:33,7:33,,8:18,,8:38,9:08,9:38,10:08,,,,11:08,11:08,,12:08,,,13:00,13:00,13:08,,,14:03,13:40,14:30,13:45,13:49,14:08,14:38,,15:08,16:08,,16:39,,17:08,,17:37,,18:08,,18:38,19:08,19:08,19:08,19:38,,20:08,,22:05
BRICHERASIO,5:55,6:20,6.25,6:55,7:08,7:20,7:50,7:47,7:37,7:47,7:50,8:20,8:50,8:50,9:50,12:40,,13:20,13:20,13:50,,14:25,14:50,15:20,15:50,12:50,16:23,17:50,18:20,22:35,,,6:52,7:07,7:16,,7:23,7:35,7:35,,8:20,,8:40,9:10,9:40,10:10,,,,11:10,11:10,,12:10,,,13:02,13:02,13:10,,,14:06,13:42,14:32,13:48,13:54,14:10,14:40,,15:10,16:10,,16:43,,17:10,,17:41,,18:10,,18:40,19:10,19:10,19:10,19:40,,20:10,,22:07
PONTE BIBIANA/FS,5:50,6:15,6.20,6:50,7:05,7:15,7:45,7:45,7:35,7:45,,8:15,8:49,8:45,9:45,12:36,13:07,13:15,13:15,13:45,14.20,14:20,14:45,15:15,15:45,12:45,16:20,17:45,18:15,22:30,,,6:56,7:11,7:19,,7:25,7:40,7:40,,8:25,,8:45,9:15,9:45,10:15,,,,11:15,11:15,,12:15,,,13:05,13:05,13:15,,,14:08,13:45,14:35,13:52,13:55,14:15,14:45,,15:15,16:15,,16:45,,17:15,,17:44,,18:15,,18:45,19:15,19:15,19:15,19:45,,20:15,,22:11
LUSERNA - piazza Partigiani,5:45,6:10,6.15,6:45,6:55,7:10,7:40,7:40,7:30,7:40,,8:10,8:45,8:40,9:40,12:31,13:05,13:10,13:10,13:40,14.16,14:15,14:40,15:10,15:40,12:40,16:14,17:40,18:10,22:25,,,7:01,7:16,7:24,,7:29,7:50,7:50,,8:30,,8:50,9:20,9:50,10:20,,,,11:20,11:20,,12:20,,12:50,13:10,13:10,13:20,,,14:13,13:50,14:40,14:05,,14:20,14:50,,15:20,16:20,,16:55,,17:20,,17:50,,18:20,,18:50,19:20,19:20,19:20,19:50,,20:20,,22:16
TORRE PELLICE,5.40,6:05,6.10,6:40,6:50,7:05,7:35,7:35,7:25,,,8:05,8:40,8:35,9:35,12:27,13:00,13:05,13:05,13:35,14.11,14:10,14:35,15:05,15:35,12:35,16:10,17:35,18:05,22:20,5:40,6:35,7:05,7:20,7:27,7:25,,7:55,7:58,8:05,8:35,8:46,8:55,9:25,9:55,10:25,,10:50,10:50,11:25,11:25,12:00,12:25,12:30,12:55,13:15,13:15,13:30,13:35,13:35,14:20,13:55,14:45,14:07,,14:25,14:55,15:10,15:30,16:25,16:25,16:58,17:05,17:25,16.30,17:53,17:55,18:25,18:50,18:55,19:25,19:25,19:25,19:55,20:05,20:25,20:30,22:20

Linea,901,901,901,901,901,901,901,901,901,901,901,901,901,901,901,901,901,901,901,901,901,901,901,901,901,901,901
ID_Corsa,C0621,C0622,C0623,C0624,C0625,C0626,C0627,C0628,C0629,C0630,C0631,C0632,C0633,C0634,C0635,C0636,C0637,C0638,C0639,C0640,C0641,C0642,C0643,C0644,C0645,C0646,C0647
Giorni,123456,,,123456,123456,123456,12345,78,123456,5,123456,5,123456,123456,12345,,12345,12345,12345,78,12345,,123456,,123456,123456,678
Stagionalita,GG,FER,GG,FER,FER,SCO,FER,FEST,GG,FER,GG,FER,FER,FER,SCO,GG,SCO,FER,SCO,FEST,FER,GG,FER,FER,GG,GG,
Note,EST,,EST,T,EST,T,EST,INV,EST,,,INV,EST,,Scol,EST,T,NS,Scol,,,infrasettimanale),,,periodicità,Feriale,una
BOBBIO PELLICE,5:20,5:40,6:20,7:00,7:40,7:35,8:00,8:17,8:15,9:30,10:13,11:15,11:15,12:15,13:15,13:15,14:00,14:15,14:20,15:05,15:50,16:47,17:21,17:35,18:16,19:11,16:10
VILLAR PELLICE,5:25,5:45,6:25,7:08,7:45,7:40,8:05,8:22,8:21,9:36,10:19,11:21,11:21,12:21,13:20,13:21,14:06,14:21,14:26,15:10,15:55,16:53,17:26,17:41,18:23,19:16,16:17
CHABRIOLS,5:31,5:50,6:31,7:14,7:50,7:45,8:10,8:27,8:24,9:39,10:23,11:24,11:24,12:24,13:25,13:24,14:09,14:25,14:29,15:15,16:00,16:57,17:32,17:44,18:26,19:20,16:20
SEGG. VANDALINO,5:32,5:55,6:32,7:17,7:55,7:50,8:11,8:28,8:26,9:41,10:26,11:26,11:26,12:26,13:30,13:26,14:12,14:28,14:31,15:20,16:05,17:00,17:33,17:46,18:28,19:25,16:22
S. MARGHERITA,5:33,5:58,6:33,7:19,7:57,7:52,8:12,8:29,8:29,9:44,10:28,11:29,11:29,12:29,13:32,13:29,14:13,14:30,14:34,15:22,16:07,17:02,17:34,17:49,18:29,19:27,16:23
TORRE PELLICE,5:34,6:00,6:34,7:22,8:00,7:55,8:13,8:30,8:30,9:45,10:35,11:30,11:30,12:30,13:35,13:30,14:18,14:32,14:38,15:25,16:10,17:04,17:35,17:50,18:35,19:35,16:26
LUSERNA - piazza Partigiani,,,,7:25,,8:00,,,,,10:40,,,11:40,,,14:22,,,,,16:40,17:10,,18:40,19:40,
PONTE BIBIANA/FS,,,,7:30,,,,,,,10:45,,,11:45,,,,,,,,16:45,17:15,,18:45,19:45,
BRICHERASIO,,,,7:32,,,,,,,10:50,,,11:50,,,,,,,,16:50,17:20,,18:50,19:50,
CAPPELLA MORERI,,,,7:36,,,,,,,10:52,,,11:52,,,,,,,,16:52,17:22,,18:52,19:52,
SAN SECONDO CANTINE,,,,7:38,,,,,,,10:53,,,11:53,,,,,,,,16:53,17:23,,18:53,19:53,
SAN SECONDO BIVIO BIMA,,,,7:39,,,,,,,10:55,,,11:55,,,,,,,,16:55,17:25,,18:55,19:55,
PINEROLO Movicentro,,,,,,,,,,,11:10,,,12:10,,,,,,,,17:10,17:40,,19:10,20:10,
PINEROLO - piazza Cavour,,,,7:46,,,,,,,,,,,,,,,,,,,,,,,
PINEROLO - Centro Studi,,,,7:51,,,,,,,,,,,,,,,,,,,,,,,

Linea,285,285,285,285,285,285,285,285,285,285,285,285,285,285,285,285,285,285,285,285,285,285,285,285,285,285,285,285,285,285,285,285,285,285,285,285,285,285,285,285,285,285,285,285,285,285,285,285,285,285,285,285,285,285,285,285,285,285,285,285,285,285,285,285,285,285,285,285,285,285,285,285,285,285,285,285,285,285,285,285,285,285,285,285,285,285,285,285,285,285,285,285,285,285,285,285,285,285,285,285,285,285,285,285,285,285,285,285,285,285,285,285,285,285,285,285,285,285,285,285,285,285
ID_Corsa,C0648,C0649,C0650,C0651,C0652,C0653,C0654,C0655,C0656,C0657,C0658,C0659,C0660,C0661,C0662,C0663,C0664,C0665,C0666,C0667,C0668,C0669,C0670,C0671,C0672,C0673,C0674,C0675,C0676,C0677,C0678,C0679,C0680,C0681,C0682,C0683,C0684,C0685,C0686,C0687,C0688,C0689,C0690,C0691,C0692,C0693,C0694,C0695,C0696,C0697,C0698,C0699,C0700,C0701,C0702,C0703,C0704,C0705,C0706,C0707,C0708,C0709,C0710,C0711,C0712,C0713,C0714,C0715,C0716,C0717,C0718,C0719,C0720,C0721,C0722,C0723,C0724,C0725,C0726,C0727,C0728,C0729,C0730,C0731,C0732,C0733,C0734,C0735,C0736,C0737,C0738,C0739,C0740,C0741,C0742,C0743,C0744,C0745,C0746,C0747,C0748,C0749,C0750,C0751,C0752,C0753,C0754,C0755,C0756,C0757,C0758,C0759,C0760,C0761,C0762,C0763,C0764,C0765,C0766,C0767,C0768,C0769
Giorni,,,,,,,,,,,,,,,,,,,,,,123456,123456,123456,8,123456,123456,123456,123456,123456,123456,123456,8,123456,123456,12345,8,8,,123456,123456,12345,123456,123456,123456,123456,8,123456,8,,12345,123456,8,123456,123456,8,,8,123456,8,,,,,,,,,,,,,,,,,,,,,,,,,,,,,,,,,,,,,,,,,,,,,,,,,,,,,,,,,,,,,,
Stagionalita,SCO,FER,FEST,FER,FEST,FEST,FEST,FEST,SCO,FER,SCO,SCO,FER,FEST,FER,FEST,FER,FEST,FEST,FER,FEST,FER,SCO,FER,FEST,SCO,SCO,FER,FER,FER,FER,FER,FEST,GG,FER,FER,FEST,FEST,FEST,FER,FER,SCO,FER,FER,SCO,FER,FEST,FER,FEST,GG,FER,FER,FEST,FER,FER,FEST,FEST,FEST,FER,FEST,FER,SCO,FER,FEST,FER,FEST,FER,FEST,FER,FEST,FER,FER,SCO,FER,FEST,FER,SCO,FEST,FER,FER,FEST,FER,FEST,FER,FEST,FER,FER,SCO,FER,FEST,FER,FEST,FER,FEST,FER,FEST,FER,FER,SCO,FER,FEST,FER,SCO,FER,FEST,FER,FEST,FER,FEST,FER,FEST,FER,SCO,SCO,SCO,SCO,SCO,SCO,,,,
Note,SCOL,,25dic.,,,,,,SCOL,,SCOL*,SCOL,NS,,NS,,EST,,,,,,SCOL,NS,,SCOL,SCOL,NS,,,INV,EST,,INV,EST,,,,25dic.,INV,EST,SCOL,,,SCOL,dicembre,service,25/12,,,INV,,,,,,25dic.,,,,,,,,,,,,,,,,,,,,,,,,,,,,,,,,25/12,,,,,,,,,,,,,,,,,,,,,,,,,,,,,,,,,service
Bivio SEGUIN,,7:15,,,9:45,,11:45,,,,,,,13:45,,15:45,,,,19:15,19:45,,7:15,7:15,8:19,,,,,8:50,-,9:45,10:19,10:45,-,,12:19,,12:19,12:19,,,12:45,,,,14:19,14:45,15:15,,,15:45,16:19,16:45,-,18:19,18:19,,19:45,20:19,,,,,,,,,,,,,,,,,,,,,,,,,,,,,,,,,,,,,,,,,,,,,,,,,,,,,,,,,,,,,,
OULX -Scuole,,,,,,,,,,,,13:07,,,,,,,,,,,7:43,,,7:43,7:43,,,,,,,,,,,,,,,,,,,,,,,,,,,,,,,,,,,,,,,,,,,,,,13:07,,,,,,,,,,,,,,,7:38,,,,,,,,,,,,,,,,,,,,,,,,,12:16,13:06,7:25,8.20,12:50,13:40,,,,
AMAZAS,6:38,6:53,,8:53,9:23,9:23,11:23,11:23,11:28,11:53,,13:13,13:13,13:23,,15:23,16:53,17:23,17:23,18:53,19:23,6:12,7:37,7:37,8:41,7.33,7:37,7:37,,9:12,10:07,10:07,10:41,11:07,11:07,11:42,12:41,12:41,12:41,12:41,12:41,12:22,13:07,,,,,,,,,,,,18:15,,,,,,,,,,,,,,,,,,,,,,,,,,,,,,,,,,,,,,,,,,,,,,,,,,,,,,,,,,,,,,,,,,,
TO - Autostazione c.so Bolzano,,10:19,10:49,12:19,,,14:49,14:49,,15:19,17:19,,,16:49,17:19,18:49,20:19,,20:49,22:19,22:49,,,,,,,,,,6:41,6:41,7:15,7:41,7:41,,9:15,9:15,,,,,9:41,,,,,11:41,,,,,,13:41,,15:15,,15:15,16:41,17:15,,,,,,,,,,,,,,,,,,,,,,,,,,,,,,,,,,,,,,,,,,,,,,,,,,,,,,,,,,,,,,
SESTRIERE,,7:30,,9:30,10:00,10:00,12:00,12:00,,12:30,13:50,,,14:00,14:30,16:00,17:30,18:00,18:00,19:30,20:00,,7:00,7:00,8:04,,,,,8:35,9:30,9:30,10:04,10:30,10:30,,12:04,12:04,12:04,12:04,12:04,,12:30,,,,14:04,14:30,15:00,,,15:30,16:04,16:30,17:30,18:04,18:04,18:04,19:30,20:04,,,,,,,,,,,,,,,,,,,,,,,,,,,,,,,,,,,,,,,,,,,,,,,,,,,,,,,,,,,,,,
EXILLES,,,,,,,,,,,,,,,,,,,,,,,,,,,,,,,,,,,,,,,,,,,,,,,,,,,,,,,,,,,,,,,,,,,,,,,,,,,,,,,,,,,,,,,,,,,,,,,,,,,,,,,,,,,,,,,,,,,,,,,,17:25,10:20,
SUSA,,,,,,,,,,,,,,,,,,,,,,,,,,,,,,,,,,,,,,,,,,,,,,,,,,,,,,,,,,,,,,,,,,,,,,,,,,,,,,,,,,,,,,,,,,,,,,,,,,,,,,,,,,,,,,,,,,,,,,,,17:05,10:00,
OULX - piazza Garambois,,,,,,,,,,,,,,,,,,,,,,6:18,7.42,7.42,,7.38,7:42,7:42,,,,,,,,,,,,,,12:28,,,,,,,,,,,,,-,,,,-,,,,,,,,,,,,,,13:05,,,,,,,,,,,,,,,7:40,,,,,,,,,,,,,,,,,,,,,,,,,12:15,13:05,7:15,8:15,12:40,13:30,,,,
PINEROLO - Stazione FS,,9:12,9:46,11:12,11:42,11:42,13:42,13:42,,14:12,16:12,,,15:42,16:12,17:42,19:12,,19:42,21:12,21:42,,,,,,,,,,7:44,7:44,8:18,8:44,8:44,,10:18,10:18,,,,,10:44,,,,,12:44,,,,,,14:44,,16:18,,16:18,17:44,18:18,,,,,,,,,,,,,,,,,,,,,,,,,,,,,,,,,,,,,,,,,,,,,,,,,,,,,,,,,,,,,,
CHIOMONTE,,,,,,,,,,,,,,,,,,,,,,,,,,,,,,,,,,,,,,,,,,,,,,,,,,,,,,,,,,,,,,,,,,,,,,,,,,,,,,,,,,,,,,,,,,,,,,,,,,,,,,,,,,,,,,,,,,,,,,,,17:15,10:14,
SAUZE D'OULX,,,,,,,,,,,,,,,,,,,,,,,,,,,,,,,,,,,,,,,,,,,,,,,,,,,,,,,,,,,,,6:00,7:00,8:05,8:30,9:00,9:30,10:00,10:30,11:00,11:30,12:00,12:45,13:20,14:00,14:30,15:10,15:20,15:30,16:00,17:00,17:30,18:00,18:30,19:00,19:30,20:00,6:00,7:25,8:05,8:30,9:00,9:30,10:00,10:30,11:00,11:30,12:00,12:45,13:20,14:00,14:30,15:10,15:20,16:00,16:30,17:00,17:30,18:00,18:30,19:00,19:30,20:00,,,,,,,,,,
OULX - Stazione FS,6:30,6:45,,8:45,9:15,9:15,11:15,11:15,11:20,11:45,,13:05,13:05,13:15,,15:15,16:45,17:15,17:15,18:45,19:15,6:20,7:45,7:45,8:49,7.45,7:45,7:45,,9:20,10:15,10:15,10:49,11:15,11:15,11:50,12:49,12:49,12:49,12:49,12:49,12:30,13:15,,,14:25,14:49,15:15,,16:25,,16:15,16:49,17:15,18:20,18:49,18:49,18:49,20:15,20:49,5:45,6:45,7:50,8:15,8:45,9:15,9:45,10:15,10:45,11:15,11:45,12:30,,13:45,14:15,14:55,15:05,15:15,15:45,16:45,17:15,17:45,18:15,18:45,19:15,19:45,6:15,,8:20,8:45,9:15,9:45,10:15,10:45,11:15,11:45,12:15,13:00,13:35,14:15,14:45,15:25,15:35,16:15,16:45,17:15,17:45,18:15,18:45,19:15,19:45,20:15,,,7:30,8.24,12:55,13:45,,,,
CESANA,6:50,7:05,,9:05,9:35,9:35,11:35,11:35,11:40,12:05,,13:25,13:25,13:35,,15:35,17:05,17:35,17:35,19:05,19:35,6:00,7:25,7:25,8:29,7:24,7:25,7:25,7:25,9:00,9:55,9:55,10:29,10:55,10:55,11:30,12:29,12:29,12:29,12:29,12:29,12:09,12:55,13:50,14:05,14:05,14:29,14:55,15:25,16:05,15:35,15:55,16:29,16:55,18:00,18:29,18:29,18:29,19:55,20:29,,,,,,,,,,,,,,,,,,,,,,,,,,,,,,,,,,,,,,,,,,,,,,,,,,,,,,,,,,,16:05,16:05,11:00,11:00
SAUZE DI CESANA,,,,9:15,,9:45,,11:45,,12:15,,,,,,,17:15,,17:45,,,,,,,-,,,7:15,,9:45,-,,-,10:45,-,,12:19,,,12:19,,-,13:40,-,,,-,-,-,-,,,-,17:50,,,18:19,-,-,,,,,,,,,,,,,,,,,,,,,,,,,,,,,,,,,,,,,,,,,,,,,,,,,,,,,,,,,,,,,,
CLAVIERE,7:05,,,,,,,,11:55,,,,,,,,-,,,,,,,,,7:10,,,,,-,-,,-,-,11:15,,,,,,11:55,-,,13:50,,,-,-,15:50,15:25,,,-,-,,,,-,-,,,,,,,,,,,,,,,,,,,,,,,,,,,,,,,,,,,,,,,,,,,,,,,,,,,,,,,,,,,15:50,15:50,11:15,11:15
PINEROLO - piazza Cavour,,,,,,,,,,,,,,,,,,,,,,,5:50,5:50,6:54,,,,,,8:20,8:20,8:54,9:20,9:20,,10:54,10:54,,,,,11:20,,,,12:24,,,,,,14:24,,,,,,,,,,,,,,,,,,,,,,,,,,,,,,,,,,,,,,,,,,,,,,,,,,,,,,,,,,,,,,,,,,,,,
GRAVERE,,,,,,,,,,,,,,,,,,,,,,,,,,,,,,,,,,,,,,,,,,,,,,,,,,,,,,,,,,,,,,,,,,,,,,,,,,,,,,,,,,,,,,,,,,,,,,,,,,,,,,,,,,,,,,,,,,,,,,,,17:11,10:10,
BUSSOLENO,,,,,,,,,,,,,,,,,,,,,,,,,,,,,,,,,,,,,,,,,,,,,,,,,,,,,,,,,,,,,,,,,,,,,,,,,,,,,,,,,,,,,,,,,,,,,,,,,,,,,,,,,,,,,,,,,,,,,,,,17:35,9:50,
OULX FS,,,,,,,,,,,,,,,,,,,,,,,,,,,,,,,,,,,,,,,,,,,,,,,,,,,,,,,,,,,,,,,,,,,,,,,,,,,,,,,,,,,,,,,,,,,,,,,,,,,,,,,,,,,,,,,,,,,,,,,16:25,16:25,10:40,10:40
SAN MARCO,,,,,,,,,,,,,,,,,,,,,,,,,,,,,,,,,,,,,,,,,,,,,,,,,,,,,,,,,,,,,5:50,6:50,7:55,8:20,8:50,9:20,9:50,10:20,10:50,11:20,11:50,12:35,13:10,13:50,14:20,15:00,15:10,15:20,15:50,16:50,17:20,17:50,18:20,18:50,19:20,19:50,6:10,7:35,8:15,8:40,9:10,9:40,10:10,10:40,11:10,11:40,12:10,12:55,13:30,14:10,14:40,15:20,15:30,16:10,16:40,17:10,17:40,18:10,18:40,19:10,19:40,20:10,,,,,,,,,,
FENILS,6:42,6:59,,8:59,9:29,9:29,11:29,11:29,11:34,11:59,,13:19,13:19,13:29,,15:29,16.59,17.29,17.29,18:59,19:29,6:06,7:31,7:31,8:35,7:29,7:31,7:31,,9:06,10:01,10:01,10:35,11:01,11:01,11:36,12:35,12:35,12:35,12:35,12:35,12:16,13:01,,,14:11,14:35,15:01,,16:11,,16:01,16:35,17:01,18:06,18:35,18:35,18:35,20:01,20:35,,,,,,,,,,,,,,,,,,,,,,,,,,,,,,,,,,,,,,,,,,,,,,,,,,,,,,,,,,,,,,

Linea,285,285,285,285,285,285,285,285,285,285,285,285,285,285,285,285,285,285,285
ID_Corsa,C0770,C0771,C0772,C0773,C0774,C0775,C0776,C0777,C0778,C0779,C0780,C0781,C0782,C0783,C0784,C0785,C0786,C0787,C0788
Giorni,,,,,,,,,,,,,,,,,,,
Stagionalita,FEST,FER,FEST,GG,GG,SCO,SCO,FER,FER,FER,FER,FER,FER,FEST,FER,FER,FER,FEST,FER
Note,,,25dic.,,,SCOL,SCOL,NS,,,INV,INV,25/12,,EST,,INV,25dic.,
OULX - Stazione FS,7:15,7:50,9:15,10:40,,13:05,13:05,13:05,13:45,,,,14:45,,15:15,15:45,16:45,17:15,17:45
OULX -Scuole,,,,,,13:07,13:07,,,,,,,,,,,,
AMAZAS,7:23,7:58,9:23,10:48,,13:13,13:13,13:13,13:53,,,,14:53,,15:23,15:53,16:53,17:23,17:53
FENILS,7:29,8:04,9:29,10:54,,13:19,13:22,13:22,13:59,,,,14:59,,15:29,15:59,16.59,17.29,17:59
CESANA,7:35,8:10,9:35,11:00,11:00,13:25,13:30,13:30,14:05,13:25,15:10,15:35,15:05,15:35,15:35,16:05,17:05,17:35,18:05
SAUZE DI CESANA,,,,-,-,-,,,,13:35,-,-,-,-,-,-,-,,-
CLAVIERE,,-,,11:15,-,13:40,,,,,15:25,15:50,-,15:50,15:50,-,-,,-
Bivio SEGUIN,7:45,8:20,9:45,,11:10,,13:35,13:35,14:15,,,,15:15,,,16:15,17:20,17:50,18:15
SESTRIERE,8:00,8:35,10:00,,11:25,,13:50,13:50,14:30,,,,15:30,,,16:30,17:30,18:00,18:30
PINEROLO - Stazione FS,,,,,,,,,,,,,17:12,,,,19:12,,
TO - Autostazione c.so Bolzano,,,,,,,,,,,,,18:19,,,,20:19,,

Linea,267,267,267,267,267,267,267,267,267,267,267,267,267,267,267,267,267,267,267,267,267,267,267,267,267,267,267,267,267,267,267,267,267,267,267,267,267,267,267,267,267,267,267,267,267,267,267,267,267,267,267,267,267,267,267,267,267,267,267,267,267,267,267,267,267,267,267,267,267,267,267,267,267,267
ID_Corsa,C0789,C0790,C0791,C0792,C0793,C0794,C0795,C0796,C0797,C0798,C0799,C0800,C0801,C0802,C0803,C0804,C0805,C0806,C0807,C0808,C0809,C0810,C0811,C0812,C0813,C0814,C0815,C0816,C0817,C0818,C0819,C0820,C0821,C0822,C0823,C0824,C0825,C0826,C0827,C0828,C0829,C0830,C0831,C0832,C0833,C0834,C0835,C0836,C0837,C0838,C0839,C0840,C0841,C0842,C0843,C0844,C0845,C0846,C0847,C0848,C0849,C0850,C0851,C0852,C0853,C0854,C0855,C0856,C0857,C0858,C0859,C0860,C0861,C0862
Giorni,6,78,12345,12345,6,12345,6,12345,123456,12345,78,123456,12345,123456,123456,123456,78,12345,6,12345,123456,12345,123456,123456,123456,123456,12345,6,12345,6,123456,12345,12345,8,12345,6,123456,12345,12345,6,123456,12345,6,6,123456,8,123456,123456,123456,12345,8,12345,12345,12345,6,12345,12345,12345,6,12345,123456,8,123456,123456,12345,123456,12345,6,8,123456,12345,6,8,123456
Stagionalita,SCO,FEST,SCO,FER,FER,SCO,FER,FER,FER,SCO,FEST,SCO,SCO,FER,FER,FER,FEST,FER,FER,FER,FER,FER,FER,FER,FER,FER,SCO,SCO,SCO,SCO,FER,FER,FER,FEST,SCO,FER,FER,FER,SCO,FER,FER,FER,FER,FER,FER,FEST,FER,FER,SCO,SCO,FEST,SCO,SCO,FER,FER,FER,SCO,FER,FER,SCO,FER,FEST,FER,SCO,FER,FER,FER,FER,FEST,FER,FER,FER,FEST,FER
Note,Scol,,Scol,D,D,Scol,D,D,al,Scol,,Scol,Scol,D,H,AGO,,D,D,V,,D,,D,H,P,Scol,Scol,Scol,Scol,,D,D,,Scol,D,AGO,D,Scol,D,H,,AGO,D,D,,,al,Scol,Scol,,Scol,Scol,NS,,D,Scol,H,H,Scol,D,,NS,Scol,D,H,,AGO,,D,,AGO,,D
TORINO - c.soUnione Soviet.-PoveriVecchi,,,,,,,,,,,,,,18.00,,,,,,,,,,,,,,,,,,,,,,,,,,,,,,,,,,,,,,,,,,,,,,,,,,,,,,,,,,,,
NICHELINO- strada Debouchè 1-5,12.17,,13.30,13.30,13.30,14.12,14.05,14.20,,,,,16.10,18.15,,,,,,,,,,,,,,,,,,,,,,,,,,,,,,,,,,,,,,,,,,,,,,,,,,,,,,,,,,,,
TORINO - via Nizza -Lingotto Fiere,,12:29,,,,,,,14:39,,15:34,,,,19.24,20:04,20.09,20.09,21.19,,,,,,,,,,,,,,,,,,,,,,,,,,,,,,,,,,,,,,,,,,,,,,,,,,,,,,,
VINOVO - Ippodromo -Mondo Juve,12:20,12:50,13:32,13:32,13:32,14:15,14:07,14:22,15:06,,15:56,,16.13,18.17,19.50,20:25,20.30,20.30,21.40,,,,,7:05,,,7:40,7:31,7:40,7:40,,7.56,,,,,,9:20,9:20,9:20,,,,,,,,,,13:58,,,14:48,,,,15.55,,,,,,,,,,,,19:18,,,,,
TORINO - strada del Drosso,,,13.28,13.28,13.28,,14.03,14.18,,,,,,18.13,,,,,,,,,,7:14,,,7:51,7:39,,,,8.03,,,,,,9.27,9.27,9.27,,,,,,,,,,,,,,,,,,,,,,,,,,,,,,,21.32,,,
VINOVO - v. S. Desiderio,12.35,13.02,13.43,13.43,13.43,14.33,14.18,14.33,15.18,,16.08,,16.25,18.28,20.02,20.37,20.41,20.41,21.52,,,,,,,,,,,,,,,,,,,,,,,,,,,,,,,,,,,,,,,,,,,,,,,,,,,,,,,
PIOBESI T.SE-v.Torino 41-Capol,12.42,13:11,,13:51,13:51,14:41,14:26,14:41,15:26,15.26,16.18,16.21,16.33,18.36,20.10,20:46,20.50,20.50,22.01,4:49,5:39,5:59,6:34,6:49,6:59,7:09,7:14,7:14,7:19,7:19,7:29,7.38,7.59,8.09,,8.24,8.24,9:04,,9:04,10:04,10:29,10:29,10:59,11:29,11:29,12:24,13:34,,,13:59,,,14:29,14:29,15:09,15.40,15:44,15:44,,16:20,16.59,16.59,,17:29,18.19,18:59,18:59,18:59,20.20,20:59,20:59,21:29,22:09
PIOBESI T.SE - c.so Italia 50d,,,,,,,,,,,,,,,,,,,,,,,,,,,,,,,,,,,,,,,,,,,,,,,,,,13.39,,,14.29,,,,,,,,,,,,,,,,,,,,,
NICHELINO-v.XXV Aprile -Scuole,12:15,,,,,14:10,,,,,,,16.08,,,,,,,,,,,,,,7:44,,7.45,7.45,,,,,,,,,,,,,,,,,,,,14.05,,,,,,,16.01,,,,,,,,,,,,,,,,,
TORINO - c.so Unione Sov. 409 (p.zza Caio Mario),,,13:23,13:23,13:23,,13:58,14:13,,,,,,18.08,,,,,,,,,,,,,,,,,,,,,,,,,,,,,,,,,,,,,,,,,,,,,,,,,,,,,,,,,,,,
CARIGNANO-P.zza Donatori Avis,,,14:00,,,,,,,15:41,,16:37,,,,,,,,,,,,,,,,,,,,,,,8.00,,,,8.50,,,,,,,,,,13.20,13.20,,14.10,14.10,,,,,,,15.50,,,,16.50,,,,,,,,,,
PIOBESI T.SE-v.Torino/Costituz,12:43,13:10,13:48,13:50,13:50,14:40,14:25,14:40,15:25,,16:17,,16.32,18:35,20:09,20:45,20:49,20:49,22:00,4:50,5:40,6:00,6:35,6:50,7:00,7:10,7:15,7:15,7:20,7:20,7:30,7.39,8.00,8:10,8:15,8.25,8.25,9:05,9:05,9:05,10:05,10:30,10:30,11:00,11:30,11:30,12:25,13:35,13:35,13:35,14:00,14:20,14:25,14:30,14:30,15:10,,15:45,15:45,16:05,16:21,17:00,17:00,17:05,17:30,18.20,19:00,19:00,19:00,20.21,21:00,21:00,21:30,22:10
PIOBESI T.SE - Municipio,12.40,13:08,13:51,13:48,13:48,14:38,14:23,14:38,15:23,15.29,16:15,16.24,16.30,18.33,20.07,20:43,20.47,20.47,21.58,4:52,5:42,6:02,6:37,6:52,7:02,7:12,7:17,7:17,7:22,7:22,7:32,7.44,8.02,8:12,8:17,8.27,8.27,9:07,9:07,9:07,10:07,10:32,10:32,11:02,11:32,11:32,12:27,13:37,13:37,13:37,14:02,14:23,14:27,14:32,14:32,15:12,,15:47,15:47,16:07,16:23,17:02,17:02,17:07,17:32,18.22,19:02,19:02,19:02,20.23,21:02,21:02,21:32,22:12
VINOVO - Tetti Rosa,12.33,12:55,13:35,13:35,13:35,14:29,14:10,14:25,15:10,,16:00,,16.17,18.20,19.54,20:30,20.34,20.34,21.45,5:02,5:52,6:12,6:47,7:02,7:12,7:22,7:30,7:27,7:31,7:31,7:42,7.51,8.12,8:22,8:27,8.37,8.37,9:17,9:17,9:17,10:17,10:42,10:42,11:12,11:42,11:42,12:37,13:47,13:47,13:50,14:12,14:33,14:40,14:42,14:42,15:22,15.52,15:57,15:57,16:17,16:33,17:12,17:12,17:17,17:42,18.32,19:12,19:12,19:12,20.33,21:12,21:12,21:42,22:22
VINOVO - Bivio Torrette,12.32,12:53,13:34,13:34,13:34,14:28,14:09,14:24,15:08,,15:58,,16.15,18.19,19.52,20:28,20.32,20.32,21.43,5:03,5:53,6:13,6:48,7:03,7:13,7:23,7:34,7:29,7:34,7:34,7.43,7.54,8.13,8:23,8:30,8.38,8.38,9:18,9:18,9:18,10:18,10:43,10:43,11:13,11:43,11:43,12:38,13:48,13:48,13:51,14:13,14:34,14:41,14:43,14:43,15:23,15.53,15:58,15:58,16:18,16:34,17:13,17:13,17:18,17:43,18.33,19:13,19:13,19:13,20.34,21:13,21:13,21:43,22:23
GARINO,12:25,12:48,,,,14:20,,,15:01,,15:51,,,,19.48,20:23,20.28,20.27,21.28,5:05,5:55,6:15,6:50,,7:15,7:25,7:36,,,7.37,7.45,,8.15,8:25,8:33,8.40,8.40,,,,10.23,10:45,10:45,11:15,11:45,11:45,12:40,13:50,13:50,13:56,14:15,14:36,14:46,14:45,14:45,15:25,,16:00,16:00,16:20,16:36,17:15,17:15,17:20,17:45,18.35,19:15,19.15,19:20,20.36,21:15,21:15,21:45,22:25
NICHELINO - Stazione FS,,12.44,,,,,,,14.58,,15.48,,,,19.44,20.19,20.24,20.24,21.34,5.09,5.59,6.19,6.56,,7.20,7.30,,,,,7.53,,8.19,8.29,8.39,8.44,8.44,,,,10.26,10.51,10.49,11.21,11.49,11.49,12.46,13.56,13.56,,14.21,14.42,,14.51,14.51,15.31,,16.06,16.06,16.26,16.42,17.21,17.21,17.26,17.51,18.41,19.21,19.21,19.24,20.40,21.19,21.19,21.49,22.29
NICHELINO - Municipio,,12:43,,,,,,,14:57,,15:47,,,,19.43,20:18,20:23,20:23,21.33,5:10,6:00,6:20,6:57,,7:22,7:32,,,,,7:55,,8.20,8.30,8:40,8.45,8.45,,,,10:27,10:52,10:52,11:22,11:52,11:50,12:47,13:57,13:57,,14:22,14:43,,14:52,14:52,15:32,,16:07,16:07,16:27,16:43,17:22,17:22,17:27,17:52,18:42,19:22,19:22,19:25,20.41,21:20,21:20,21:50,22:30
Bivio MONCALIERI,,12:40,,,,,,,14:52,,15:43,,,,19.36,20:15,20.20,20.20,21.29,5:18,6:06,6:26,7:03,,7:28,7:38,,,7:55,7:55,8:01,,8.26,8:36,8:46,8.51,8.51,,,,10:33,10:58,10.56,11:28,11:58,11:56,12:53,14:03,14:03,,14:28,14:49,,14:58,14:58,15:38,,16:13,16:13,16:33,16:49,17:28,17:28,17:33,17:58,18.47,19:28,19.28,19:31,20.47,21:26,21:26,21:56,22:36
TORINO - p.za Bengasi,,12:35,,,,,,,14:47,,15:40,,,,19.30,20:10,20.15,20.15,21.25,5:20,6:10,6:30,7:09,,7:34,7.45,,,8:02,8:02,8:08,,8.30,8:40,8:53,8.55,8.55,,,,10:39,11:04,11.00,11:34,12:04,12:00,12:59,14:09,14:09,,14:34,14.58,,15:04,15:04,15:44,,16.19,16:19,16:39,16:55,17:34,17:34,17:39,18.07,18.54,19:34,19.34,19:35,20.51,21.28,21:30,22:00,22:40
TORINO - Piazza Carducci,,12:27,,,,,,,14:37,,15:32,,,,19.22,20:02,20.07,20.07,21.17,5.38,6:18,6:38,7:18,,7.46,7.57,,,8:12,8:12,8:17,,8.38,8:48,9:03,9.03,9.03,,,,10:48,11:13,11.08,11:43,12:13,12:08,13:08,14:18,14:18,,14:43,15.08,,15:13,15:13,15:53,,16:28,16:28,16:48,17:04,17:43,17:43,17:48,18.17,19.03,19:43,19:43,19:43,20.59,,21:38,22:08,22:48
TORINO - Via De Cristoforis (Capolinea),,12:20,,,,,,,14:30,,15:25,,,17:55,19.15,19:55,20.00,20.00,21.10,5.45,6:25,6:45,7:25,7:30,7.54,8.05,,,8:20,8:20,8:25,,8.45,8:55,9:15,9.10,9.10,,,,10:55,11:20,11.15,11:50,12:20,12:15,13:15,14:25,14:25,,14:50,15.16,,15:20,15:20,16:00,,16:35,16:35,16:55,17:11,17:50,17:50,17:55,18.25,19.10,19:50,19:50,19:50,21.05,,21:45,22:15,22:55

Linea,267,267,267,267,267,267,267,267,267,267,267,267,267,267,267,267,267,267,267,267,267,267,267,267,267,267,267,267,267,267,267,267,267
ID_Corsa,C0863,C0864,C0865,C0866,C0867,C0868,C0869,C0870,C0871,C0872,C0873,C0874,C0875,C0876,C0877,C0878,C0879,C0880,C0881,C0882,C0883,C0884,C0885,C0886,C0887,C0888,C0889,C0890,C0891,C0892,C0893,C0894,C0895
Giorni,12345,12345,6,12345,12345,12345,123456,123456,123456,12345,123456,GG,12345,6,123456,123456,123456,123456,12345,123456,123456,12345,6,12345,6,78,123456,12345,12345,123456,12345,78,123456
Stagionalita,FER,FER,FER,FER,SCO,SCO,FER,FER,FER,FER,FER,FER,FER,FER,FER,SCO,FER,FER,SCO,SCO,FER,FER,FER,FER,FER,FEST,FER,FER,FER,FER,FER,FEST,FER
Note,D,M,,D,Scol,Scol,,D,H,D,,,H,AGO-H,NS,Scol,D,NS,Scol,Scol,,D,D,H,AGO-H,,,D,D,AGO-H,D,,
TORINO - Via De Cristoforis (Capolinea),6:10,6:30,6:30,6:50,6:50,,7:30,8:00,8:30,9:00,9:30,10:25,11:00,11:00,12:05,12:10,13:20,13:40,,14:05,15:30,16.30,16:40,17:15,17:20,18:00,18.00,18:30,21.10,22:10,,22:30,23:05
CANDIOLO - via Pinerolo 61/B,,,,,,7:18,,,,,,,,,,,,,,,,,,,,,,,,,,,
TORINO - Piazza Carducci,6:17,6:37,6:37,6:57,6:57,,7:37,8:07,8:37,9:07,9:37,10:32,11:07,11:07,12:12,12:17,13:27,13:47,,14:12,15:37,16.40,16.49,17.24,17:27,18:07,18.09,18.38,21.17,22:17,,22:37,23:12
TORINO - via Nizza -Lingotto Fiere,6:19,6:39,6:39,6:59,6:59,,7:39,8:09,8:39,9:09,9:39,10:34,11:09,11:09,12:14,12:19,13:29,13:49,,14:14,15:39,16.42,16.51,17.26,17:29,18:09,18.11,18.40,21.19,22:19,,22:39,23:14
TORINO - p.za Bengasi,6:25,6:45,6:45,7:05,7:05,,7:45,8:15,8:45,9:15,9:45,10:40,11:15,11:15,12:20,12:25,13:35,13:55,14:15,14:20,15:45,16.51,16.54,17.36,17:35,18:15,18.19,18.48,21.25,22.25,22.35,22.45,23.20
TORINO - c.so Unione Sov. 409 (p.zza Caio Mario),,,,,,,,,,,,,,,,,,,,,,,,,,,,,,,22.31,,
Bivio MONCALIERI,6:28,6:48,6:48,7:08,7:08,,7:50,8:20,8:50,9:20,9:50,10:45,11:20,11.18,12:25,12:30,13:40,14:00,14.21,14:25,15:50,16.57,17.05,17.43,17:38,18:20,18.24,18.54,21.28,22.28,22.38,22:48,23:23
NICHELINO - Municipio,6:32,6:52,6:52,7:12,7:12,,7:55,8:25,8:55,9:25,9:55,10:50,11:25,11.22,12:30,12:35,13:45,14:05,14:26,14:30,15:55,17.04,17.10,17.50,17:42,18:25,18.29,18:55,21.32,22.32,22:42,22:52,23:27
NICHELINO - Stazione FS,6.33,6.53,6.53,7.13,7.13,,7.56,8.26,8.56,9.26,9.56,10.51,11.26,11.23,12.31,12.36,13.46,14.06,14.27,14.31,15.56,17.05,17.11,17.51,17.43,18.26,18.30,19.00,21.33,22.33,22.43,22.53,23.28
GARINO,6:36,6:56,6:56,7:16,7:16,,8:00,8:30,9:00,9:30,10:00,10:55,11:30,11.26,12:35,12:40,13:50,14:10,14.30,14:35,16:00,17.09,17.15,17.55,17:46,18:30,18:35,19.04,21.36,22.36,22:46,22.55,23:31
VINOVO - Bivio Torrette,6:39,6:59,6:59,7:19,7:19,7:26,8:03,8:33,9:03,9:33,10:03,10:58,11:33,11.29,12:38,12:43,13:53,14:13,14.33,14:38,16:03,17.12,17.18,17.58,17:49,18:33,18:38,19.07,21.39,22.39,22:49,22.57,23:34
VINOVO - Tetti Rosa,6:40,7:00,7:00,7:20,7:20,7:28,8:05,8:35,9:05,9:35,10:05,11:00,11:35,11.30,12:40,12:45,13:55,14:15,14.34,14:40,16:05,17.14,17.20,18.00,17:50,18:35,18:40,19.09,21.40,22.40,22:50,22.58,23:35
VINOVO - v. S. Desiderio,6.48,7.08,7.08,7.28,7.28,,8.13,8.43,9.13,9.43,10.13,11.08,11.43,11.38,12.48,12.53,14.03,14.23,14.42,14.48,16.13,17.22,17.28,18.08,17.58,18.43,18.48,19.17,21.48,22.48,22.58,23.05,23.43
PIOBESI T.SE - Municipio,6:53,7.17,7:13,7:35,7:35,7:37,8:18,8:48,9:18,9:48,10:18,11:13,11:48,11.43,12:53,13:00,14.08,14:28,14.47,14:53,16:18,17.27,17.33,18.13,18:03,18:48,18:53,19.22,21.53,22.53,23:03,23.09,23:48
PIOBESI T.SE-v.Torino/Costituz,6.55,7:20,7:15,7:33,7:33,7:35,8:20,8:50,9:20,9:50,10:20,11:15,11:50,11.44,12:55,12:58,14:09,14:30,14:49,14:55,16:20,17:29,17:35,18:15,18:05,18:50,18:55,19:24,21.55,22.55,23:04,23:11,23.50
PIOBESI T.SE - c.so Italia 50d,,,,,,7:39,,,,,,,,,,,,,,,,,,,,,,,,,,,
PIOBESI T.SE-v.Torino 41-Capol,6:56,7:21,7:16,7.38,,,8:21,8:51,9:21,9:51,10:21,11:16,11:51,11.46,12:56,,14:10,14:31,14.50,14:56,16:21,17.30,17.36,18.16,18:06,18:51,18:56,19.25,21.56,22.56,23:05,23.12,23.51
CARIGNANO-P.zza Donatori Avis,,,,,7:50,7:55,,,,,,,,,,13:15,,,,,,,,,,,,,,,,,

Linea,268,268,268,268,268,268,268,268,268,268,268,268,268,268,268,268,268,268,268,268,268,268,268,268,268,268,268,268,268,268,268,268,268,268,268,268,268,268,268,268,268,268,268,268,268,268,268,268,268,268,268,268,268,268,268,268,268,268,268,268,268,268,268,268,268,268,268,268,268,268,268,268,268,268,268,268,268,268,268,268,268,268,268,268,268,268,268,268,268,268,268,268,268,268,268,268,268,268,268,268,268,268,268,268,268,268,268,268,268,268,268,268,268,268,268,268,268,268,268,268,268,268,268,268,268,268,268,268,268,268,268,268,268,268,268,268,268,268,268,268,268,268,268,268,268,268,268,268,268,268,268,268,268,268,268,268,268,268,268,268,268,268,268,268,268,268,268,268,268,268,268,268,268,268,268,268,268,268,268,268,268,268,268,268,268,268,268,268,268,268,268,268,268,268,268,268,268,268,268,268,268,268,268,268,268,268,268,268,268,268
ID_Corsa,C0896,C0897,C0898,C0899,C0900,C0901,C0902,C0903,C0904,C0905,C0906,C0907,C0908,C0909,C0910,C0911,C0912,C0913,C0914,C0915,C0916,C0917,C0918,C0919,C0920,C0921,C0922,C0923,C0924,C0925,C0926,C0927,C0928,C0929,C0930,C0931,C0932,C0933,C0934,C0935,C0936,C0937,C0938,C0939,C0940,C0941,C0942,C0943,C0944,C0945,C0946,C0947,C0948,C0949,C0950,C0951,C0952,C0953,C0954,C0955,C0956,C0957,C0958,C0959,C0960,C0961,C0962,C0963,C0964,C0965,C0966,C0967,C0968,C0969,C0970,C0971,C0972,C0973,C0974,C0975,C0976,C0977,C0978,C0979,C0980,C0981,C0982,C0983,C0984,C0985,C0986,C0987,C0988,C0989,C0990,C0991,C0992,C0993,C0994,C0995,C0996,C0997,C0998,C0999,C1000,C1001,C1002,C1003,C1004,C1005,C1006,C1007,C1008,C1009,C1010,C1011,C1012,C1013,C1014,C1015,C1016,C1017,C1018,C1019,C1020,C1021,C1022,C1023,C1024,C1025,C1026,C1027,C1028,C1029,C1030,C1031,C1032,C1033,C1034,C1035,C1036,C1037,C1038,C1039,C1040,C1041,C1042,C1043,C1044,C1045,C1046,C1047,C1048,C1049,C1050,C1051,C1052,C1053,C1054,C1055,C1056,C1057,C1058,C1059,C1060,C1061,C1062,C1063,C1064,C1065,C1066,C1067,C1068,C1069,C1070,C1071,C1072,C1073,C1074,C1075,C1076,C1077,C1078,C1079,C1080,C1081,C1082,C1083,C1084,C1085,C1086,C1087,C1088,C1089,C1090,C1091,C1092,C1093,C1094,C1095,C1096,C1097,C1098,C1099,C1100,C1101,C1102,C1103,C1104,C1105
Giorni,12345,12345,12345,12345,12345,12345,12345,12345,12345,12345,12345,12345,12345,12345,12345,12345,12345,12345,12345,12345,12345,12345,12345,12345,12345,12345,12345,12345,12345,12345,12345,12345,12345,12345,12345,12345,12345,12345,12345,12345,12345,12345,12345,12345,12345,12345,12345,12345,12345,12345,12345,12345,12345,12345,12345,12345,12345,12345,12345,12345,12345,12345,12345,12345,12345,6,8,6,8,6,8,8,8,8,8,8,8,8,8,8,8,8,8,8,8,8,8,8,8,8,8,8,6,8,8,8,8,8,8,8,8,8,8,8,8,12345,12345,12345,12345,12345,12345,12345,12345,12345,12345,12345,12345,12345,12345,12345,12345,12345,12345,12345,12345,12345,12345,12345,12345,12345,12345,12345,12345,12345,12345,12345,12345,12345,12345,12345,12345,12345,12345,12345,12345,12345,12345,12345,12345,12345,12345,12345,12345,12345,12345,12345,12345,12345,12345,12345,12345,12345,12345,12345,12345,12345,12345,12345,12345,2345,6,6,8,6,8,8,8,8,8,8,8,8,8,8,8,8,8,8,8,8,8,8,8,8,8,8,8,6,8,8,8,8,8,8,8,8,8,8,8,8
Stagionalita,FER,FER,FER,SCO,FER,SCO,FER,FER,FER,FER,FER,FER,FER,FER,FER,FER,FER,FER,FER,FER,FER,FER,FER,FER,FER,FER,FER,FER,FER,FER,FER,FER,FER,FER,FER,FER,FER,FER,FER,FER,FER,FER,FER,FER,FER,FER,FER,FER,FER,FER,FER,FER,FER,FER,FER,FER,FER,FER,FER,FER,FER,FER,FER,FER,FER,FER,FEST,FER,FEST,FER,,,,,,,,,,,,,,,,,,,,,,,FER,,,,,,,,,,,,,FER,FER,FER,SCO,FER,SCO,FER,FER,FER,FER,FER,FER,FER,FER,FER,FER,FER,FER,FER,FER,FER,FER,FER,FER,FER,FER,FER,FER,FER,FER,FER,FER,FER,FER,FER,FER,FER,FER,FER,FER,FER,FER,FER,FER,FER,FER,FER,FER,FER,FER,FER,FER,FER,FER,FER,FER,FER,FER,FER,FER,FER,FER,FER,FER,FER,FER,FER,FEST,FER,,,,,,,,,,,,,,,,,,,,,,,,FER,,,,,,,,,,,,
Note,,,,Scol,,Scol,EXPRESS,,EXPRESS,,EXPRESS,,EXPRESS,,EXPRESS,,EXPRESS,,EXPRESS,,EXPRESS,,EXPRESS,,EXPRESS,,EXPRESS,,EXPRESS,,EXPRESS,,,,EXPRESS,,EXPRESS,,EXPRESS,,EXPRESS,,EXPRESS,,EXPRESS,,EXPRESS,,,,,,,,,,,EXPRESS,,EXPRESS,,,K,,K,,#,,,,,,EXPRESS,#,EXPRESS,,EXPRESS,#,EXPRESS,,EXPRESS,#,EXPRESS,,EXPRESS,#,EXPRESS,,EXPRESS,#,EXPRESS,,K,EXPRESS,#,EXPRESS,,EXPRESS,#,EXPRESS,,EXPRESS,K,,K,,,,Scol,,Scol,,,,,,,EXPRESS,,EXPRESS,,EXPRESS,,EXPRESS,,EXPRESS,,EXPRESS,,EXPRESS,,EXPRESS,,EXPRESS,,EXPRESS,,EXPRESS,,EXPRESS,,EXPRESS,,EXPRESS,,EXPRESS,,EXPRESS,,EXPRESS,,EXPRESS,,EXPRESS,,EXPRESS,,EXPRESS,,EXPRESS,,EXPRESS,,EXPRESS,,EXPRESS,,EXPRESS,K,NFF,,,,,,#,EXPRESS,,EXPRESS,#,EXPRESS,,EXPRESS,#,EXPRESS,,EXPRESS,#,EXPRESS,,EXPRESS,#,EXPRESS,,EXPRESS,#,EXPRESS,K,,EXPRESS,#,EXPRESS,,EXPRESS,#,EXPRESS,,,K,K
CASELLE T.SE - str.Aerop. (fronte n° 36),,,,,,,,,,,,,,,,,,,,,,,,,,,,,,,,,,,,,,,,,,,,,,,,,,,,,,,,,,,,,,,,,,,,,,,,,,,,,,,,,,,,,,,,,,,,,,,,,,,,,,,,,,6:13,6:33,6:48,7:03,7:08,7:13,7:28,7:38,7:48,8:03,8:18,8:33,-,9:03,-,9:33,-,10:03,-,10:33,-,11:03,-,11:33,-,12:03,-,12:33,-,13:03,-,13:33,-,14:03,-,14:33,-,15:03,-,15:33,-,16:03,-,16:33,-,17:03,-,17:33,-,18:03,-,18:33,-,19:03,-,19:43,-,20:33,-,21:33,-,22:33,-,23:33,0:03,6:13,6:53,7:03,7:08,5:13,6:38,-,8:03,-,9:03,-,10:03,-,11:03,-,12:03,-,13:03,-,14:03,-,15:03,-,16:03,-,17:03,-,0:03,18:03,-,19:03,-,20:03,-,21:03,-,22:03,-,23:18,23:48
CASELLE T.SE - via Torino (fronte n° 99),,,,,,,,,,,,,,,,,,,,,,,,,,,,,,,,,,,,,,,,,,,,,,,,,,,,,,,,,,,,,,,,,,,,,,,,,,,,,,,,,,,,,,,,,,,,,,,,,,,,,,,,,,6:15,6:35,6:50,7:05,7:10,7:15,7:30,7:40,7:50,8:05,8:20,8:35,-,9:05,-,9:35,-,10:05,-,10:35,-,11:05,-,11:35,-,12:05,-,12:35,-,13:05,-,13:35,-,14:05,-,14:35,-,15:05,-,15:35,-,16:05,-,16:35,-,17:05,-,17:35,-,18:05,-,18:35,-,19:05,-,19:45,-,20:35,-,21:35,-,22:35,-,23:35,0:05,6:15,6:55,7:05,7:10,5:15,6:40,-,8:05,-,9:05,-,10:05,-,11:05,-,12:05,-,13:05,-,14:05,-,15:05,-,16:05,-,17:05,-,0:05,18:05,-,19:05,-,20:05,-,21:05,-,22:05,-,23:20,23:50
"BORGARO T.SE - via Lanzo, 157",,,,,,,,,,,,,,,,,,,,,,,,,,,,,,,,,,,,,,,,,,,,,,,,,,,,,,,,,,,,,,,,,,,,,,,,,,,,,,,,,,,,,,,,,,,,,,,,,,,,,,,,,,6:22,6:42,6:57,7:12,7:17,7:22,7:37,7:47,7:57,8:12,8:27,8:42,-,9:12,-,9:42,-,10:12,-,10:42,-,11:12,-,11:42,-,12:12,-,12:42,-,13:12,-,13:42,-,14:12,-,14:42,-,15:12,-,15:42,-,16:12,-,16:42,-,17:12,-,17:42,-,18:12,-,18:42,-,19:12,-,19:52,-,20:42,-,21:42,-,22:42,-,23:42,0:12,6:22,7:02,7:12,7:17,5:22,6:47,-,8:12,-,9:12,-,10:12,-,11:12,-,12:12,-,13:12,-,14:12,-,15:12,-,16:12,-,17:12,-,0:12,18:12,-,19:12,-,20:12,-,21:12,-,22:12,-,23:27,23:57
"TO - Str Aeroporto (Ferm.""VERONESE"")",,,,,,,,,,,,,,,,,,,,,,,,,,,,,,,,,,,,,,,,,,,,,,,,,,,,,,,,,,,,,,,,,,,,,,,,,,,,,,,,,,,,,,,,,,,,,,,,,,,,,,,,,,6:32,6:52,7:07,7:22,7:27,7:32,7:47,7:57,8:07,8:22,8:37,8:52,-,9:22,-,9:52,-,10:22,-,10:52,-,11:22,-,11:52,-,12:22,-,12:52,-,13:22,-,13:52,-,14:22,-,14:52,-,15:22,-,15:52,-,16:22,-,16:52,-,17:22,-,17:52,-,18:22,-,18:52,-,19:22,-,20:02,-,20:52,-,21:52,-,22:52,-,23:52,0:22,6:32,7:12,7:22,7:27,5:32,6:57,-,8:22,-,9:22,-,10:22,-,11:22,-,12:22,-,13:22,-,14:22,-,15:22,-,16:22,-,17:22,-,0:22,18:22,-,19:22,-,20:22,-,21:22,-,22:22,-,23:37,0:07
TO – via Stradella,5:03,5:33,6:03,6:33,6:48,7:03,-,7:33,-,8:03,-,8:33,-,9:03,-,9:33,-,10:03,-,10:33,-,11:03,-,11:33,-,12:03,-,12:33,-,13:03,-,13:33,13:48,14:03,-,14:33,-,15:03,-,15:33,-,16:03,-,16:33,-,17:03,-,17:33,17:48,18:03,18:18,18:33,18:48,19:03,19:18,19:38,19:58,-,20:48,-,21:48,-,22:48,-,23:48,5:33,5:48,6:03,6:33,6:48,4:33,7:18,-,8:18,-,9:18,-,10:18,-,11:18,-,12:18,-,13:18,-,14:18,-,15:18,-,16:18,-,17:18,23:48,-,18:18,-,19:18,-,20:18,-,21:18,-,22:18,-,23:18,6:35,6:55,7:10,7:25,7:30,7:35,7:50,8:00,8:10,8:25,8:40,8:55,-,9:25,-,9:55,-,10:25,-,10:55,-,11:25,-,11:55,-,12:25,-,12:55,-,13:25,-,13:55,-,14:25,-,14:55,-,15:25,-,15:55,-,16:25,-,16:55,-,17:25,-,17:55,-,18:25,-,18:55,-,19:25,-,20:05,-,20:55,-,21:55,-,22:55,-,23:55,0:25,6:35,7:15,7:25,7:30,5:35,7:00,-,8:25,-,9:25,-,10:25,-,11:25,-,12:25,-,13:25,-,14:25,-,15:25,-,16:25,-,17:25,-,0:25,18:25,-,19:25,-,20:25,-,21:25,-,22:25,-,23:40,0:10
TORINO - c.so Umbria/via Livorno,4:58,5:28,5:58,6:28,6:43,6:58,-,7:28,-,7:58,-,8:28,-,8:58,-,9:28,-,9:58,-,10:28,-,10:58,-,11:28,-,11:58,-,12:28,-,12:58,-,13:28,13:43,13:58,-,14:28,-,14:58,-,15:28,-,15:58,-,16:28,-,16:58,-,17:28,17:43,17:58,18:13,18:28,18:43,18:58,19:13,19:33,19:53,-,20:43,-,21:43,-,22:43,-,23:43,5:28,5:43,5:58,6:28,6:43,4:28,7:13,-,8:13,-,9:13,-,10:13,-,11:13,-,12:13,-,13:13,-,14:13,-,15:13,-,16:13,-,17:13,23:43,-,18:13,-,19:13,-,20:13,-,21:13,-,22:13,-,23:13,6:40,7:00,7:15,7:30,7:35,7:40,7:55,8:05,8:15,8:30,8:45,9:00,-,9:30,-,10:00,-,10:30,-,11:00,-,11:30,-,12:00,-,12:30,-,13:00,-,13:30,-,14:00,-,14:30,-,15:00,-,15:30,-,16:00,-,16:30,-,17:00,-,17:30,-,18:00,-,18:30,-,19:00,-,19:30,-,20:10,-,21:00,-,22:00,-,23:00,-,0:00,0:30,6:40,7:20,7:30,7:35,5:40,7:05,-,8:30,-,9:30,-,10:30,-,11:30,-,12:30,-,13:30,-,14:30,-,15:30,-,16:30,-,17:30,-,0:30,18:30,-,19:30,-,20:30,-,21:30,-,22:30,-,23:45,0:15
TO - Via Stampini,5:07,5:37,6:07,6:37,6:52,7:07,-,7:37,-,8:07,-,8:37,-,9:07,-,9:37,-,10:07,-,10:37,-,11:07,-,11:37,-,12:07,-,12:37,-,13:07,-,13:37,13:52,14:07,-,14:37,-,15:07,-,15:37,-,16:07,-,16:37,-,17:07,-,17:37,17:52,18:07,18:22,18:37,18:52,19:07,19:22,19:42,20:02,-,20:52,-,21:52,-,22:52,-,23:52,5:37,5:52,6:07,6:37,6:52,4:37,7:22,-,8:22,-,9:22,-,10:22,-,11:22,-,12:22,-,13:22,-,14:22,-,15:22,-,16:22,-,17:22,23:52,-,18:22,-,19:22,-,20:22,-,21:22,-,22:22,-,23:22,,,,,,,,,,,,,,,,,,,,,,,,,,,,,,,,,,,,,,,,,,,,,,,,,,,,,,,,,,,,,,,,,,,,,,,,,,,,,,,,,,,,,,,,,,,,,,,,,,,,,,,,,
TORINO - Porta Susa,4:53,5:23,5:53,6:23,6:38,6:53,7:08,7:23,7:38,7:53,8:08,8:23,8:38,8:53,9:08,9:23,9:38,9:53,10:08,10:23,10:38,10:53,11:08,11:23,11:38,11:53,12:08,12:23,12:38,12:53,13:08,13:23,13:38,13:53,14:08,14:23,14:38,14:53,15:08,15:23,15:38,15:53,16:08,16:23,16:38,16:53,17:08,17:23,17:38,17:53,18:08,18:23,18:38,18:53,19:08,19:28,19:48,20:08,20:38,21:08,21:38,22:08,22:38,23:08,23:38,5:23,5:38,5:53,6:23,6:38,4:23,7:08,7:38,8:08,8:38,9:08,9:38,10:08,10:38,11:08,11:38,12:08,12:38,13:08,13:38,14:08,14:38,15:08,15:38,16:08,16:38,17:08,23:38,17:38,18:08,18:38,19:08,19:38,20:08,20:38,21:08,21:38,22:08,22:38,23:08,6:45,7:05,7:20,7:35,7:40,7:45,8:00,8:10,8:20,8:35,8:50,9:05,9:14,9:35,9:44,10:05,10:14,10:35,10:44,11:05,11:14,11:35,11:44,12:05,12:14,12:35,12:44,13:05,13:14,13:35,13:44,14:05,14:14,14:35,14:44,15:05,15:14,15:35,15:44,16:05,16:14,16:35,16:44,17:05,17:14,17:35,17:44,18:05,18:14,18:35,18:44,19:05,19:14,19:35,19:49,20:15,20:29,21:05,21:29,22:05,22:29,23:05,23:29,0:05,0:35,6:45,7:25,7:35,7:40,5:45,7:10,7:59,8:35,8:59,9:35,9:59,10:35,10:59,11:35,11:59,12:35,12:59,13:35,13:59,14:35,14:59,15:35,15:59,16:35,16:59,17:35,17:59,0:35,18:35,18:59,19:35,19:59,20:35,20:59,21:35,21:59,22:35,22:59,23:50,0:20
BORGARO T.SE - via Lanzo/via Martiri,5:18,5:48,6:18,6:48,7:03,7:18,-,7:48,-,8:18,-,8:48,-,9:18,-,9:48,-,10:18,-,10:48,-,11:18,-,11:48,-,12:18,-,12:48,-,13:18,-,13:48,14:03,14:18,-,14:48,-,15:18,-,15:48,-,16:18,-,16:48,-,17:18,-,17:48,18:03,18:18,18:33,18:48,19:03,19:18,19:33,19:53,20:13,-,21:03,-,22:03,-,23:03,-,0:03,5:48,6:03,6:18,6:48,7:03,4:48,7:33,-,8:33,-,9:33,-,10:33,-,11:33,-,12:33,-,13:33,-,14:33,-,15:33,-,16:33,-,17:33,0:03,-,18:33,-,19:33,-,20:33,-,21:33,-,22:33,-,23:33,,,,,,,,,,,,,,,,,,,,,,,,,,,,,,,,,,,,,,,,,,,,,,,,,,,,,,,,,,,,,,,,,,,,,,,,,,,,,,,,,,,,,,,,,,,,,,,,,,,,,,,,,
TORINO - Porta Nuova,4:45,5:15,5:45,6:15,6:30,6:45,7:00,7:15,7:30,7:45,8:00,8:15,8:30,8:45,9:00,9:15,9:30,9:45,10:00,10:15,10:30,10:45,11:00,11:15,11:30,11:45,12:00,12:15,12:30,12:45,13:00,13:15,13:30,13:45,14:00,14:15,14:30,14:45,15:00,15:15,15:30,15:45,16:00,16:15,16:30,16:45,17:00,17:15,17:30,17:45,18:00,18:15,18:30,18:45,19:00,19:20,19:40,20:00,20:30,21:00,21:30,22:00,22:30,23:00,23:30,5:15,5:30,5:45,6:15,6:30,4:15,7:00,7:30,8:00,8:30,9:00,9:30,10:00,10:30,11:00,11:30,12:00,12:30,13:00,13:30,14:00,14:30,15:00,15:30,16:00,16:30,17:00,23:30,17:30,18:00,18:30,19:00,19:30,20:00,20:30,21:00,21:30,22:00,22:30,23:00,6:55,7:15,7:30,7:45,7:50,7:55,8:10,8:20,8:30,8:45,9:00,9:15,9:24,9:45,9:54,10:15,10:24,10:45,10:54,11:15,11:24,11:45,11:54,12:15,12:24,12:45,12:54,13:15,13:24,13:45,13:54,14:15,14:24,14:45,14:54,15:15,15:24,15:45,15:54,16:15,16:24,16:45,16:54,17:15,17:24,17:45,17:54,18:15,18:24,18:45,18:54,19:15,19:24,19:45,19:59,20:25,20:39,21:15,21:39,22:15,22:39,23:15,23:39,0:15,0:45,6:55,7:35,7:45,7:50,5:55,7:20,8:09,8:45,9:09,9:45,10:09,10:45,11:09,11:45,12:09,12:45,13:09,13:45,14:09,14:45,15:09,15:45,16:09,16:45,17:09,17:45,18:09,0:45,18:45,19:09,19:45,20:09,20:45,21:09,21:45,22:09,22:45,23:09,0:00,0:30
"CASELLE T.SE - via Torino, 99",5:25,5:55,6:25,6:55,7:10,7:25,-,7:55,-,8:25,-,8:55,-,9:25,-,9:55,-,10:25,-,10:55,-,11:25,-,11:55,-,12:25,-,12:55,-,13:25,-,13:55,14:10,14:25,-,14:55,-,15:25,-,15:55,-,16:25,-,16:55,-,17:25,-,17:55,18:10,18:25,18:40,18:55,19:10,19:25,19:40,20:00,20:20,-,21:10,-,22:10,-,23:10,-,0:10,5:55,6:10,6:25,6:55,7:10,4:55,7:40,-,8:40,-,9:40,-,10:40,-,11:40,-,12:40,-,13:40,-,14:40,-,15:40,-,16:40,-,17:40,0:10,-,18:40,-,19:40,-,20:40,-,21:40,-,22:40,-,23:40,,,,,,,,,,,,,,,,,,,,,,,,,,,,,,,,,,,,,,,,,,,,,,,,,,,,,,,,,,,,,,,,,,,,,,,,,,,,,,,,,,,,,,,,,,,,,,,,,,,,,,,,,
"CASELLE T.SE - str. Aeroporto, 44",5:27,5:57,6:27,6:57,7:12,7:27,-,7:57,-,8:27,-,8:57,-,9:27,-,9:57,-,10:27,-,10:57,-,11:27,-,11:57,-,12:27,-,12:57,-,13:27,-,13:57,14:12,14:27,-,14:57,-,15:27,-,15:57,-,16:27,-,16:57,-,17:27,-,17:57,18:12,18:27,18:42,18:57,19:12,19:27,19:42,20:02,20:22,-,21:12,-,22:12,-,23:12,-,0:12,5:57,6:12,6:27,6:57,7:12,4:57,7:42,-,8:42,-,9:42,-,10:42,-,11:42,-,12:42,-,13:42,-,14:42,-,15:42,-,16:42,-,17:42,0:12,-,18:42,-,19:42,-,20:42,-,21:42,-,22:42,-,23:42,,,,,,,,,,,,,,,,,,,,,,,,,,,,,,,,,,,,,,,,,,,,,,,,,,,,,,,,,,,,,,,,,,,,,,,,,,,,,,,,,,,,,,,,,,,,,,,,,,,,,,,,,
TORINO - Aeroporto (Caselle),5:30,6:00,6:30,7:00,7:15,7:30,7:37,8:00,8:07,8:30,8:37,9:00,9:07,9:30,9:37,10:00,10:07,10:30,10:37,11:00,11:07,11:30,11:37,12:00,12:07,12:30,12:37,13:00,13:07,13:30,13:37,14:00,14:15,14:30,14:37,15:00,15:07,15:30,15:37,16:00,16:07,16:30,16:37,17:00,17:07,17:30,17:37,18:00,18:15,18:30,18:45,19:00,19:15,19:30,19:45,20:05,20:25,20:37,21:15,21:37,22:15,22:37,23:15,23:37,0:15,6:00,6:15,6:30,7:00,7:15,5:00,7:45,8:07,8:45,9:07,9:45,10:07,10:45,11:07,11:45,12:07,12:45,13:07,13:45,14:07,14:45,15:07,15:45,16:07,16:45,17:07,17:45,0:15,18:07,18:45,19:07,19:45,20:07,20:45,21:07,21:45,22:07,22:45,23:07,23:45,6:10,6:30,6:45,7:00,7:05,7:10,7:25,,7:45,8:00,8:15,8:30,8:45,9:00,9:15,9:30,9:45,10:00,10:15,10:30,10:45,11:00,11:15,11:30,11:45,12:00,12:15,12:30,12:45,13:00,13:15,13:30,13:45,14:00,14:15,14:30,14:45,15:00,15:15,15:30,15:45,16:00,16:15,16:30,16:45,17:00,17:15,17:30,17:45,18:00,18:15,18:30,18:45,19:00,19:20,19:40,20:00,20:30,21:00,21:30,22:00,22:30,23:00,23:30,0:00,6:10,6:50,7:00,7:05,5:10,6:35,7:30,8:00,8:30,9:00,9:30,10:00,10:30,11:00,11:30,12:00,12:30,13:00,13:30,14:00,14:30,15:00,15:30,16:00,16:30,17:00,17:30,0:00,18:00,18:30,19:00,19:30,20:00,20:30,21:00,21:30,22:00,22:30,23:15,23:45

Linea,274,274,274,274,274,274,274,274,274,274,274,274,274,274,274,274,274,274,274,274,274,274,274
ID_Corsa,C1106,C1107,C1108,C1109,C1110,C1111,C1112,C1113,C1114,C1115,C1116,C1117,C1118,C1119,C1120,C1121,C1122,C1123,C1124,C1125,C1126,C1127,C1128
Giorni,123456,2,12345,12345,123456,123456,12345,12345,12345,2,2,5,5,3,4,5,4,4,5,12345,12345,12345,12345
Stagionalita,FER,FER,FER,SCO,FER,FER,FER,SCO,FER,FER,FER,SCO,SCO,SCO,SCO,SCO,SCO,FER,FER,FER,FER,FER,FER
Note,S,,S,SCOL,S,S,S,SCOL,S,,,SCOL,SCOL,SCOL,SCOL,SCOL,SCOL,S,NS-S,S,,S,S
LUTHER KING - TEKFOR,5:45,,13:45,,6:15,6:15,7:15,,,,,,,,,,,14:15,14:15,14:15,16:50,17:20,22:15
FORESTO,,11:01,,,,,,,,8:05,,,,,,,,,,,,,
CASCINE VICA,,,,,,,,,,,,,,,,,,,,,16:30,,
AVIGLIANA - Stazione FS,,,,,6:19,6:20,7:20,,,,,,13:53,14:38,14:43,13:53,14:43,14:20,14:20,,16:56,17:23,
S.AMBROGIO,5:35,,,,6:24,6:25,7:24,,,,,,13:58,14:43,14:48,13:58,14:48,,,,17:00,17:25,
Bivio CONDOVE,,,13:30,,6:29,6:29,7:28,,,,,,14:04,14:49,14:54,14:07,14:57,14:30,14:30,14.24,17:05,17:29,22:25
Bivio VAIE,,,,,6:30,6:30,7:30,,,,,13:40,14:06,14:51,14:56,14:09,14:59,14:32,14:32,,17:07,17:31,
SANT'ANTONINO - Stazione FS,,,13:20,14:37,6:33,6:33,7:39,,,,,13:44,14:09,14:54,14:59,14:11,15:01,,,14.29,17:10,17:35,22:30
Bivio VILLAR FOCCHIARDO,,,13:18,14:34,6:36,6:36,,7:43,7:43,,,13:52,14:12,14:57,15:02,14:12,15:02,14:38,14:38,,17:13,17:37,
Bivio S.DIDERO,5:17,,,,,6:42,,,,,,,,15:02,,14:15,15:05,,,,17:17,17:44,
BRUZOLO,5:16,,13:15,,6:44,6:43,,7:55,7:55,,8:40,13:58,14:18,15:03,15:08,14:16,15:06,14:46,14:46,14.41,17:19,17:45,22:40
Bivio S.GIORIO,5:14,,,,,6:45,,,,,,,,15:04,,14:17,15:07,,,14.44,17:21,17:47,22:42
Bivio FORESTO,5:05,11:00,13:05,,,6:52,,,,,,,,,,14:25,15:15,,,14.52,17:30,17:52,22:47
SUSA - Stazione FS,5:00,10:50,13:00,14:10,7:00,7:00,,8:10,8:10,8:15,9:00,14:15,14:35,15:23,15:25,14:35,15:25,15:00,15:00,15.00,17:35,18:05,22:55

Linea,274,274,274,274,274,274,274,274,274,274
ID_Corsa,C1129,C1130,C1131,C1132,C1133,C1134,C1135,C1136,C1137,C1138
Giorni,123456,12345,12345,12345,12345,12345,12345,12345,12345,12345
Stagionalita,FER,FER,FER,SCO,SCO,FER,SCO,FER,FER,FER
Note,S,,S,SCOL,SCOL,S,SCOL,S,S,S
SUSA - Stazione FS,5:00,6:05,6:30,7:05,7:05,7:05,12:20,13:05,16:35,21:00
Bivio FORESTO,,6.14,6:38,7:13,,7.12,,,,21:07
Bivio S.GIORIO,,6.22,6:46,7:20,,7:19,,,,21:15
BRUZOLO,,6.23,6:48,7:23,,7:21,,,,21.17
Bivio S.DIDERO,,6.25,6:49,7:24,,7:22,,,,21.19
Bivio VILLAR FOCCHIARDO,5:22,6.29,6:54,7:29,7:29,7.26,12:43,13:28,16:58,21.23
SANT'ANTONINO - Stazione FS,5:25,6.33,6:57,7:33,7:33,7.30,12:51,13:31,17:01,21:27
Bivio VAIE,5:31,6.35,7:00,7:36,7:37,7.33,12:55,13:34,17:05,21:30
Bivio CONDOVE,5:33,6.37,7:01,7:38,7:39,7.34,,13:35,17:06,21.31
S.AMBROGIO,,6.42,7:06,7:43,7:44,7.39,,,17:11,21.35
AVIGLIANA - Stazione FS,5:42,6:48,7:11,7:48,7:49,7.44,,13:43,17:18,21:42
LUTHER KING - TEKFOR,5:45,6.50,7:15,,,,,13:45,17:20,21:45
CASCINE VICA,,7:10,,,,,,,,

