ID_Corsa,Linea,Giorni,Stagionalita,Note,Ordine_Fermata,Nome_Fermata,Ora
C0001,275/282,12345,FER,A,1,PEROSA ARG.-pzza Terzo Alpini (Partenza),4.20
C0001,275/282,12345,FER,A,2,PINASCA,4.24
C0001,275/282,12345,FER,A,3,DUBBIONE - via Nazionale,4.25
C0001,275/282,12345,FER,A,4,VILLAR PEROSA - via Nazionale,4.30
C0001,275/282,12345,FER,A,5,S. GERMANO CHISONE,4.36
C0001,275/282,12345,FER,A,6,PORTE,4.38
C0001,275/282,12345,FER,A,7,S. MARTINO,4.39
C0001,275/282,12345,FER,A,8,ABBADIA ALPINA,4.41
C0001,275/282,12345,FER,A,9,PONTE LEMINA,4.42
C0001,275/282,12345,FER,A,10,PINEROLO - piazza Cavour,4.45
C0001,275/282,12345,FER,A,11,PINEROLO - Movicentro,4.52
C0001,275/282,12345,FER,A,12,PINEROLO - c.so Torino-MACUMBA,4.56
C0001,275/282,12345,FER,A,13,RIVA di Pinerolo,5.02
C0001,275/282,12345,FER,A,14,Bivio BOTTEGHE,5.07
C0001,275/282,12345,FER,A,15,AIRASCA,5.10
C0001,275/282,12345,FER,A,16,NONE Bivio,5.15
C0001,275/282,12345,FER,A,17,STUPINIGI - Palazzina di Caccia,5.25
C0001,275/282,12345,FER,A,18,TORINO - Porta Nuova,5.46
C0001,275/282,12345,FER,A,19,TORINO - Porta Susa,5.51
C0002,275/282,12345,FER,A,1,PINEROLO - piazza Cavour,5.10
C0002,275/282,12345,FER,A,2,PINEROLO - Movicentro,5.16
C0002,275/282,12345,FER,A,3,PINEROLO - c.so Torino-MACUMBA,5.20
C0002,275/282,12345,FER,A,4,RIVA di Pinerolo,5.26
C0002,275/282,12345,FER,A,5,AIRASCA,D
C0002,275/282,12345,FER,A,6,NONE Bivio,I
C0002,275/282,12345,FER,A,7,CANDIOLO IRCCS-Centro Ricerche,R
C0002,275/282,12345,FER,A,8,TORINO - Porta Nuova,6.14
C0002,275/282,12345,FER,A,9,TORINO - Porta Susa,6.19
C0003,275/282,12345,FER,A,1,PEROSA ARG.-pzza Terzo Alpini (Partenza),4.50
C0003,275/282,12345,FER,A,2,PINASCA,4.54
C0003,275/282,12345,FER,A,3,DUBBIONE - via Nazionale,4.55
C0003,275/282,12345,FER,A,4,VILLAR PEROSA - via Nazionale,5.00
C0003,275/282,12345,FER,A,5,S. GERMANO CHISONE,5.06
C0003,275/282,12345,FER,A,6,PORTE,5.08
C0003,275/282,12345,FER,A,7,S. MARTINO,5.10
C0003,275/282,12345,FER,A,8,ABBADIA ALPINA,5.16
C0003,275/282,12345,FER,A,9,PONTE LEMINA,5.17
C0003,275/282,12345,FER,A,10,PINEROLO - piazza Cavour,5.20
C0003,275/282,12345,FER,A,11,PINEROLO - Movicentro,5.26
C0003,275/282,12345,FER,A,12,PINEROLO - c.so Torino-MACUMBA,5.30
C0003,275/282,12345,FER,A,13,RIVA di Pinerolo,5:36
C0003,275/282,12345,FER,A,14,Bivio BOTTEGHE,5:41
C0003,275/282,12345,FER,A,15,AIRASCA,5:44
C0003,275/282,12345,FER,A,16,NONE Bivio,5:49
C0003,275/282,12345,FER,A,17,CANDIOLO IRCCS-Centro Ricerche,5:54
C0003,275/282,12345,FER,A,18,STUPINIGI - Palazzina di Caccia,6:04
C0003,275/282,12345,FER,A,19,TORINO - Porta Nuova,6:32
C0003,275/282,12345,FER,A,20,TORINO - Porta Susa,6:37
C0004,275/282,12345,FER,A,1,PEROSA ARG.-pzza Terzo Alpini (Partenza),5.40
C0004,275/282,12345,FER,A,2,PINASCA,5.44
C0004,275/282,12345,FER,A,3,DUBBIONE - via Nazionale,5.45
C0004,275/282,12345,FER,A,4,VILLAR PEROSA - via Nazionale,5.50
C0004,275/282,12345,FER,A,5,S. GERMANO CHISONE,5.56
C0004,275/282,12345,FER,A,6,PORTE,5.58
C0004,275/282,12345,FER,A,7,S. MARTINO,6.00
C0004,275/282,12345,FER,A,8,ABBADIA ALPINA,6.06
C0004,275/282,12345,FER,A,9,PONTE LEMINA,6.07
C0004,275/282,12345,FER,A,10,PINEROLO - piazza Cavour,6.10
C0004,275/282,12345,FER,A,11,PINEROLO - Movicentro,6.16
C0004,275/282,12345,FER,A,12,PINEROLO - c.so Torino-MACUMBA,6.20
C0004,275/282,12345,FER,A,13,RIVA di Pinerolo,6.26
C0004,275/282,12345,FER,A,14,AIRASCA,D
C0004,275/282,12345,FER,A,15,NONE Bivio,I
C0004,275/282,12345,FER,A,16,CANDIOLO IRCCS-Centro Ricerche,R
C0004,275/282,12345,FER,A,17,TORINO - Porta Nuova,7.14
C0004,275/282,12345,FER,A,18,TORINO - Porta Susa,7.19
C0005,275/282,12345,FER,F,1,PEROSA ARG.-pzza Terzo Alpini (Partenza),5.50
C0005,275/282,12345,FER,F,2,PINASCA,5.54
C0005,275/282,12345,FER,F,3,DUBBIONE - via Nazionale,5.55
C0005,275/282,12345,FER,F,4,VILLAR PEROSA - via Nazionale,6.00
C0005,275/282,12345,FER,F,5,S. GERMANO CHISONE,6.06
C0005,275/282,12345,FER,F,6,PORTE,6.08
C0005,275/282,12345,FER,F,7,S. MARTINO,6.10
C0005,275/282,12345,FER,F,8,ABBADIA ALPINA,6.16
C0005,275/282,12345,FER,F,9,PONTE LEMINA,6.17
C0005,275/282,12345,FER,F,10,PINEROLO - piazza Cavour,6.20
C0005,275/282,12345,FER,F,11,PINEROLO - Movicentro,6.26
C0005,275/282,12345,FER,F,12,PINEROLO - c.so Torino-MACUMBA,6.30
C0005,275/282,12345,FER,F,13,RIVA di Pinerolo,6.36
C0005,275/282,12345,FER,F,14,Bivio BOTTEGHE,6.41
C0005,275/282,12345,FER,F,15,AIRASCA,6.44
C0005,275/282,12345,FER,F,16,NONE Bivio,6.49
C0005,275/282,12345,FER,F,17,CANDIOLO IRCCS-Centro Ricerche,6.54
C0005,275/282,12345,FER,F,18,STUPINIGI - Palazzina di Caccia,7.04
C0005,275/282,12345,FER,F,19,TORINO - Porta Nuova,7.32
C0005,275/282,12345,FER,F,20,TORINO - Porta Susa,7.37
C0006,275/282,123456,FER,A,1,PEROSA ARG.-pzza Terzo Alpini (Partenza),5.50
C0006,275/282,123456,FER,A,2,PINASCA,5.54
C0006,275/282,123456,FER,A,3,DUBBIONE - via Nazionale,5.55
C0006,275/282,123456,FER,A,4,VILLAR PEROSA - via Nazionale,6.00
C0006,275/282,123456,FER,A,5,S. GERMANO CHISONE,6.06
C0006,275/282,123456,FER,A,6,PORTE,6.08
C0006,275/282,123456,FER,A,7,S. MARTINO,6.10
C0006,275/282,123456,FER,A,8,ABBADIA ALPINA,6.16
C0006,275/282,123456,FER,A,9,PONTE LEMINA,6.17
C0006,275/282,123456,FER,A,10,PINEROLO - piazza Cavour,6.20
C0006,275/282,123456,FER,A,11,PINEROLO - Movicentro,6.26
C0006,275/282,123456,FER,A,12,PINEROLO - c.so Torino-MACUMBA,6.30
C0006,275/282,123456,FER,A,13,RIVA di Pinerolo,6.36
C0006,275/282,123456,FER,A,14,Bivio BOTTEGHE,6.41
C0006,275/282,123456,FER,A,15,AIRASCA,6.44
C0006,275/282,123456,FER,A,16,NONE Bivio,6.49
C0006,275/282,123456,FER,A,17,CANDIOLO IRCCS-Centro Ricerche,6.54
C0006,275/282,123456,FER,A,18,STUPINIGI - Palazzina di Caccia,7.04
C0006,275/282,123456,FER,A,19,TORINO - Porta Nuova,7.32
C0006,275/282,123456,FER,A,20,TORINO - Porta Susa,7.37
C0007,275/282,12345,FER,A,1,PEROSA ARG.-pzza Terzo Alpini (Partenza),6.00
C0007,275/282,12345,FER,A,2,PINASCA,6.04
C0007,275/282,12345,FER,A,3,DUBBIONE - via Nazionale,6.05
C0007,275/282,12345,FER,A,4,VILLAR PEROSA - via Nazionale,6.10
C0007,275/282,12345,FER,A,5,S. GERMANO CHISONE,6.16
C0007,275/282,12345,FER,A,6,PORTE,6.18
C0007,275/282,12345,FER,A,7,S. MARTINO,6.20
C0007,275/282,12345,FER,A,8,ABBADIA ALPINA,6.26
C0007,275/282,12345,FER,A,9,PONTE LEMINA,6.27
C0007,275/282,12345,FER,A,10,PINEROLO - piazza Cavour,6.30
C0007,275/282,12345,FER,A,11,PINEROLO - Movicentro,6.36
C0007,275/282,12345,FER,A,12,PINEROLO - c.so Torino-MACUMBA,6.40
C0007,275/282,12345,FER,A,13,RIVA di Pinerolo,6.46
C0007,275/282,12345,FER,A,14,Bivio BOTTEGHE,6.51
C0007,275/282,12345,FER,A,15,AIRASCA,6.54
C0007,275/282,12345,FER,A,16,NONE Bivio,6.59
C0007,275/282,12345,FER,A,17,CANDIOLO IRCCS-Centro Ricerche,7.04
C0007,275/282,12345,FER,A,18,STUPINIGI - Palazzina di Caccia,7.14
C0007,275/282,12345,FER,A,19,TORINO - Piazza Carducci,7.34
C0007,275/282,12345,FER,A,20,TORINO - Porta Nuova,7.42
C0007,275/282,12345,FER,A,21,TORINO - Porta Susa,7.47
C0008,275/282,12345,FER,A,1,OULX - Liceo,D
C0008,275/282,12345,FER,A,2,OULX - p.zza Garambois,A
C0008,275/282,12345,FER,A,3,SESTRIERE,T
C0008,275/282,12345,FER,A,4,PRAGELATO,O
C0008,275/282,12345,FER,A,5,FENESTRELLE - via Nazionale,R
C0008,275/282,12345,FER,A,6,PEROSA ARG.-pzza Terzo Alpini (Partenza),R
C0008,275/282,12345,FER,A,7,PINASCA,E
C0008,275/282,12345,FER,A,8,VILLAR PEROSA - via Nazionale,F
C0008,275/282,12345,FER,A,9,S. GERMANO CHISONE,S
C0008,275/282,12345,FER,A,10,PINEROLO - piazza Cavour,6.40
C0008,275/282,12345,FER,A,11,PINEROLO - Movicentro,6:43
C0008,275/282,12345,FER,A,12,PINEROLO - c.so Torino-MACUMBA,6.50
C0008,275/282,12345,FER,A,13,RIVA di Pinerolo,6.56
C0008,275/282,12345,FER,A,14,AIRASCA,D
C0008,275/282,12345,FER,A,15,NONE Bivio,I
C0008,275/282,12345,FER,A,16,CANDIOLO IRCCS-Centro Ricerche,R
C0008,275/282,12345,FER,A,17,TORINO - Porta Nuova,7.45
C0008,275/282,12345,FER,A,18,TORINO - Porta Susa,7.50
C0009,275/282,12345,FER,A,1,PINEROLO - Movicentro,7.06
C0009,275/282,12345,FER,A,2,PINEROLO - c.so Torino-MACUMBA,7.10
C0009,275/282,12345,FER,A,3,RIVA di Pinerolo,7.16
C0009,275/282,12345,FER,A,4,AIRASCA,D
C0009,275/282,12345,FER,A,5,NONE Bivio,I
C0009,275/282,12345,FER,A,6,CANDIOLO IRCCS-Centro Ricerche,R
C0009,275/282,12345,FER,A,7,TORINO - Porta Nuova,8.04
C0009,275/282,12345,FER,A,8,TORINO - Porta Susa,8.09
C0010,275/282,12345,FER,A,1,PEROSA ARG.-pzza Terzo Alpini (Partenza),6.20
C0010,275/282,12345,FER,A,2,PINASCA,6.24
C0010,275/282,12345,FER,A,3,DUBBIONE - via Nazionale,6.25
C0010,275/282,12345,FER,A,4,VILLAR PEROSA - via Nazionale,6.30
C0010,275/282,12345,FER,A,5,S. GERMANO CHISONE,6.36
C0010,275/282,12345,FER,A,6,PORTE,6.38
C0010,275/282,12345,FER,A,7,S. MARTINO,6.40
C0010,275/282,12345,FER,A,8,ABBADIA ALPINA,6.43
C0010,275/282,12345,FER,A,9,AIRASCA,D
C0010,275/282,12345,FER,A,10,NONE Bivio,I
C0010,275/282,12345,FER,A,11,CANDIOLO IRCCS-Centro Ricerche,R
C0010,275/282,12345,FER,A,12,TORINO - Porta Nuova,7.43
C0010,275/282,12345,FER,A,13,TORINO - Porta Susa,7.48
C0011,275/282,12345,FER,A,1,FENESTRELLE - via Nazionale,6.10
C0011,275/282,12345,FER,A,2,PEROSA ARG.-pzza Terzo Alpini (Arrivo),6.40
C0011,275/282,12345,FER,A,3,PEROSA ARG.-pzza Terzo Alpini (Partenza),6.40
C0011,275/282,12345,FER,A,4,PINASCA,6.44
C0011,275/282,12345,FER,A,5,DUBBIONE - via Nazionale,6.45
C0011,275/282,12345,FER,A,6,VILLAR PEROSA - via Nazionale,6.50
C0011,275/282,12345,FER,A,7,S. GERMANO CHISONE,6.56
C0011,275/282,12345,FER,A,8,PORTE,6.58
C0011,275/282,12345,FER,A,9,S. MARTINO,7.00
C0011,275/282,12345,FER,A,10,ABBADIA ALPINA,7.03
C0011,275/282,12345,FER,A,11,AIRASCA,D
C0011,275/282,12345,FER,A,12,NONE Bivio,I
C0011,275/282,12345,FER,A,13,CANDIOLO IRCCS-Centro Ricerche,R
C0011,275/282,12345,FER,A,14,TORINO - Porta Nuova,8.03
C0011,275/282,12345,FER,A,15,TORINO - Porta Susa,8.08
C0012,275/282,12345,FER,F,1,FENESTRELLE - via Nazionale,6.10
C0012,275/282,12345,FER,F,2,PEROSA ARG.-pzza Terzo Alpini (Arrivo),6.40
C0012,275/282,12345,FER,F,3,PEROSA ARG.-pzza Terzo Alpini (Partenza),6.40
C0012,275/282,12345,FER,F,4,PINASCA,6.44
C0012,275/282,12345,FER,F,5,DUBBIONE - via Nazionale,6.45
C0012,275/282,12345,FER,F,6,VILLAR PEROSA - via Nazionale,6.50
C0012,275/282,12345,FER,F,7,S. GERMANO CHISONE,6.56
C0012,275/282,12345,FER,F,8,PORTE,6.58
C0012,275/282,12345,FER,F,9,S. MARTINO,7.00
C0012,275/282,12345,FER,F,10,ABBADIA ALPINA,7.06
C0012,275/282,12345,FER,F,11,PONTE LEMINA,7.07
C0012,275/282,12345,FER,F,12,PINEROLO - piazza Cavour,7.10
C0012,275/282,12345,FER,F,13,PINEROLO - Movicentro,7.16
C0012,275/282,12345,FER,F,14,PINEROLO - c.so Torino-MACUMBA,7.20
C0012,275/282,12345,FER,F,15,RIVA di Pinerolo,7.26
C0012,275/282,12345,FER,F,16,Bivio BOTTEGHE,7.31
C0012,275/282,12345,FER,F,17,AIRASCA,7.34
C0012,275/282,12345,FER,F,18,NONE Bivio,7.39
C0012,275/282,12345,FER,F,19,CANDIOLO IRCCS-Centro Ricerche,7.44
C0012,275/282,12345,FER,F,20,STUPINIGI - Palazzina di Caccia,7.54
C0012,275/282,12345,FER,F,21,TORINO - Piazza Carducci,8.14
C0012,275/282,12345,FER,F,22,TORINO - Porta Nuova,8.22
C0012,275/282,12345,FER,F,23,TORINO - Porta Susa,8.27
C0013,275/282,12345,FER,A,1,PINEROLO - Movicentro,7.16
C0013,275/282,12345,FER,A,2,PINEROLO - c.so Torino-MACUMBA,7.20
C0013,275/282,12345,FER,A,3,RIVA di Pinerolo,7.26
C0013,275/282,12345,FER,A,4,AIRASCA,D
C0013,275/282,12345,FER,A,5,NONE Bivio,I
C0013,275/282,12345,FER,A,6,CANDIOLO IRCCS-Centro Ricerche,R
C0013,275/282,12345,FER,A,7,TORINO - Porta Nuova,8.14
C0013,275/282,12345,FER,A,8,TORINO - Porta Susa,8.19
C0014,275/282,12345,FER,A,1,PEROSA ARG.-pzza Terzo Alpini (Partenza),6.50
C0014,275/282,12345,FER,A,2,PINASCA,6.54
C0014,275/282,12345,FER,A,3,DUBBIONE - via Nazionale,6.55
C0014,275/282,12345,FER,A,4,VILLAR PEROSA - via Nazionale,7.00
C0014,275/282,12345,FER,A,5,S. GERMANO CHISONE,7.06
C0014,275/282,12345,FER,A,6,PORTE,7.08
C0014,275/282,12345,FER,A,7,S. MARTINO,7.10
C0014,275/282,12345,FER,A,8,ABBADIA ALPINA,7.16
C0014,275/282,12345,FER,A,9,PONTE LEMINA,7.17
C0014,275/282,12345,FER,A,10,PINEROLO - piazza Cavour,7.20
C0014,275/282,12345,FER,A,11,PINEROLO - Movicentro,7.26
C0014,275/282,12345,FER,A,12,PINEROLO - c.so Torino-MACUMBA,7.30
C0014,275/282,12345,FER,A,13,RIVA di Pinerolo,7.36
C0014,275/282,12345,FER,A,14,AIRASCA,D
C0014,275/282,12345,FER,A,15,NONE Bivio,I
C0014,275/282,12345,FER,A,16,CANDIOLO IRCCS-Centro Ricerche,R
C0014,275/282,12345,FER,A,17,TORINO - Porta Nuova,8.24
C0014,275/282,12345,FER,A,18,TORINO - Porta Susa,8.29
C0015,275/282,12345,FER,A,1,PEROSA ARG.-pzza Terzo Alpini (Partenza),7.00
C0015,275/282,12345,FER,A,2,PINASCA,7.04
C0015,275/282,12345,FER,A,3,DUBBIONE - via Nazionale,7.05
C0015,275/282,12345,FER,A,4,VILLAR PEROSA - via Nazionale,7.10
C0015,275/282,12345,FER,A,5,S. GERMANO CHISONE,7.16
C0015,275/282,12345,FER,A,6,PORTE,7.18
C0015,275/282,12345,FER,A,7,S. MARTINO,7.20
C0015,275/282,12345,FER,A,8,ABBADIA ALPINA,7.23
C0015,275/282,12345,FER,A,9,AIRASCA,D
C0015,275/282,12345,FER,A,10,NONE Bivio,I
C0015,275/282,12345,FER,A,11,CANDIOLO IRCCS-Centro Ricerche,R
C0015,275/282,12345,FER,A,12,TORINO - Porta Nuova,8.23
C0015,275/282,12345,FER,A,13,TORINO - Porta Susa,8.28
C0016,275/282,12345,FER,A,1,PEROSA ARG.-pzza Terzo Alpini (Partenza),7.10
C0016,275/282,12345,FER,A,2,PINASCA,7:15
C0016,275/282,12345,FER,A,3,DUBBIONE - via Nazionale,7:16
C0016,275/282,12345,FER,A,4,VILLAR PEROSA - via Nazionale,7.20
C0016,275/282,12345,FER,A,5,S. GERMANO CHISONE,7:25
C0016,275/282,12345,FER,A,6,PORTE,7.28
C0016,275/282,12345,FER,A,7,S. MARTINO,7.30
C0016,275/282,12345,FER,A,8,ABBADIA ALPINA,7:32
C0016,275/282,12345,FER,A,9,PONTE LEMINA,7:33
C0016,275/282,12345,FER,A,10,PINEROLO - piazza Cavour,7:38
C0016,275/282,12345,FER,A,11,PINEROLO - Movicentro,7:40
C0017,275/282,123456,FER,A,1,PEROSA ARG.-pzza Terzo Alpini (Partenza),7.10
C0017,275/282,123456,FER,A,2,PINASCA,7.14
C0017,275/282,123456,FER,A,3,DUBBIONE - via Nazionale,7.15
C0017,275/282,123456,FER,A,4,VILLAR PEROSA - via Nazionale,7.20
C0017,275/282,123456,FER,A,5,S. GERMANO CHISONE,7.26
C0017,275/282,123456,FER,A,6,PORTE,7.28
C0017,275/282,123456,FER,A,7,S. MARTINO,7.30
C0017,275/282,123456,FER,A,8,ABBADIA ALPINA,7.36
C0017,275/282,123456,FER,A,9,PONTE LEMINA,7.37
C0017,275/282,123456,FER,A,10,PINEROLO - piazza Cavour,7.40
C0017,275/282,123456,FER,A,11,PINEROLO - Movicentro,7.46
C0017,275/282,123456,FER,A,12,PINEROLO - c.so Torino-MACUMBA,7.50
C0017,275/282,123456,FER,A,13,RIVA di Pinerolo,7.56
C0017,275/282,123456,FER,A,14,Bivio BOTTEGHE,8.01
C0017,275/282,123456,FER,A,15,AIRASCA,8.04
C0017,275/282,123456,FER,A,16,NONE Bivio,8.09
C0017,275/282,123456,FER,A,17,CANDIOLO IRCCS-Centro Ricerche,8.14
C0017,275/282,123456,FER,A,18,STUPINIGI - Palazzina di Caccia,8.24
C0017,275/282,123456,FER,A,19,TORINO - Porta Nuova,8.52
C0017,275/282,123456,FER,A,20,TORINO - Porta Susa,8.57
C0018,275/282,12345,FER,A,1,VILLAR PEROSA - via Nazionale,7.30
C0018,275/282,12345,FER,A,2,S. GERMANO CHISONE,7.36
C0018,275/282,12345,FER,A,3,PORTE,7.38
C0018,275/282,12345,FER,A,4,S. MARTINO,7.40
C0018,275/282,12345,FER,A,5,ABBADIA ALPINA,7.46
C0018,275/282,12345,FER,A,6,PONTE LEMINA,7.47
C0018,275/282,12345,FER,A,7,PINEROLO - piazza Cavour,7.50
C0019,275/282,123456,FER,A,1,SESTRIERE,6.10
C0019,275/282,123456,FER,A,2,PRAGELATO,6.30
C0019,275/282,123456,FER,A,3,FENESTRELLE - via Nazionale,6.50
C0019,275/282,123456,FER,A,4,PEROSA ARG.-pzza Terzo Alpini (Arrivo),7.20
C0020,275/282,12345,FER,A,1,PEROSA ARG.-pzza Terzo Alpini (Partenza),7.24
C0020,275/282,12345,FER,A,2,PINASCA,7.28
C0020,275/282,12345,FER,A,3,DUBBIONE - via Nazionale,7.29
C0020,275/282,12345,FER,A,4,VILLAR PEROSA - via Nazionale,7.34
C0020,275/282,12345,FER,A,5,S. GERMANO CHISONE,7.40
C0020,275/282,12345,FER,A,6,PORTE,7.42
C0020,275/282,12345,FER,A,7,S. MARTINO,7.44
C0020,275/282,12345,FER,A,8,ABBADIA ALPINA,7.50
C0020,275/282,12345,FER,A,9,PONTE LEMINA,7.51
C0020,275/282,12345,FER,A,10,PINEROLO - piazza Cavour,7.54
C0020,275/282,12345,FER,A,11,PINEROLO - Movicentro,7.56
C0020,275/282,12345,FER,A,12,PINEROLO - c.so Torino-MACUMBA,8.00
C0021,275/282,12345,FER,A,1,PINEROLO - Movicentro,07.56
C0021,275/282,12345,FER,A,2,PINEROLO - c.so Torino-MACUMBA,8.00
C0021,275/282,12345,FER,A,3,RIVA di Pinerolo,8:06
C0021,275/282,12345,FER,A,4,AIRASCA,D
C0021,275/282,12345,FER,A,5,NONE Bivio,I
C0021,275/282,12345,FER,A,6,CANDIOLO IRCCS-Centro Ricerche,R
C0021,275/282,12345,FER,A,7,TORINO - Porta Nuova,8:54
C0021,275/282,12345,FER,A,8,TORINO - Porta Susa,8:59
C0022,275/282,12345,FER,A,1,PEROSA ARG.-pzza Terzo Alpini (Partenza),7.40
C0022,275/282,12345,FER,A,2,PINASCA,7.44
C0022,275/282,12345,FER,A,3,DUBBIONE - via Nazionale,7.45
C0022,275/282,12345,FER,A,4,VILLAR PEROSA - via Nazionale,7.50
C0022,275/282,12345,FER,A,5,S. GERMANO CHISONE,7.56
C0022,275/282,12345,FER,A,6,PORTE,7.58
C0022,275/282,12345,FER,A,7,S. MARTINO,8.00
C0022,275/282,12345,FER,A,8,ABBADIA ALPINA,8.06
C0022,275/282,12345,FER,A,9,PONTE LEMINA,8.07
C0022,275/282,12345,FER,A,10,PINEROLO - piazza Cavour,8.10
C0022,275/282,12345,FER,A,11,PINEROLO - Movicentro,8.16
C0022,275/282,12345,FER,A,12,PINEROLO - c.so Torino-MACUMBA,8.20
C0022,275/282,12345,FER,A,13,RIVA di Pinerolo,8.26
C0022,275/282,12345,FER,A,14,AIRASCA,D
C0022,275/282,12345,FER,A,15,NONE Bivio,I
C0022,275/282,12345,FER,A,16,CANDIOLO IRCCS-Centro Ricerche,R
C0022,275/282,12345,FER,A,17,TORINO - Porta Nuova,9.14
C0022,275/282,12345,FER,A,18,TORINO - Porta Susa,9.19
C0023,275/282,12345,FER,A,1,PINEROLO - piazza Cavour,8.10
C0023,275/282,12345,FER,A,2,PINEROLO - Movicentro,8.16
C0023,275/282,12345,FER,A,3,PINEROLO - c.so Torino-MACUMBA,8.20
C0023,275/282,12345,FER,A,4,RIVA di Pinerolo,8.26
C0023,275/282,12345,FER,A,5,Bivio BOTTEGHE,8.31
C0023,275/282,12345,FER,A,6,AIRASCA,8.34
C0023,275/282,12345,FER,A,7,NONE Bivio,8.39
C0023,275/282,12345,FER,A,8,CANDIOLO IRCCS-Centro Ricerche,8.44
C0023,275/282,12345,FER,A,9,STUPINIGI - Palazzina di Caccia,8.54
C0023,275/282,12345,FER,A,10,TORINO - Porta Nuova,9.22
C0023,275/282,12345,FER,A,11,TORINO - Porta Susa,9.27
C0024,275/282,78,FEST,J,1,PINEROLO - piazza Cavour,8.10
C0024,275/282,78,FEST,J,2,PINEROLO - Movicentro,8.16
C0024,275/282,78,FEST,J,3,PINEROLO - c.so Torino-MACUMBA,8.20
C0024,275/282,78,FEST,J,4,RIVA di Pinerolo,8.26
C0024,275/282,78,FEST,J,5,Bivio BOTTEGHE,8.31
C0024,275/282,78,FEST,J,6,AIRASCA,8.34
C0024,275/282,78,FEST,J,7,NONE Bivio,8.39
C0024,275/282,78,FEST,J,8,CANDIOLO IRCCS-Centro Ricerche,8.44
C0024,275/282,78,FEST,J,9,STUPINIGI - Palazzina di Caccia,8.54
C0024,275/282,78,FEST,J,10,TORINO - Porta Nuova,9.22
C0024,275/282,78,FEST,J,11,TORINO - Porta Susa,9.27
C0025,275/282,6,FER,#,1,PINEROLO - piazza Cavour,8.20
C0025,275/282,6,FER,#,2,PINEROLO - Movicentro,8.26
C0025,275/282,6,FER,#,3,PINEROLO - c.so Torino-MACUMBA,8.30
C0025,275/282,6,FER,#,4,RIVA di Pinerolo,8.36
C0025,275/282,6,FER,#,5,Bivio BOTTEGHE,8.41
C0025,275/282,6,FER,#,6,AIRASCA,8.44
C0025,275/282,6,FER,#,7,NONE Bivio,8.49
C0025,275/282,6,FER,#,8,CANDIOLO IRCCS-Centro Ricerche,8.54
C0025,275/282,6,FER,#,9,STUPINIGI - Palazzina di Caccia,9.04
C0025,275/282,6,FER,#,10,TORINO - Porta Nuova,9.32
C0025,275/282,6,FER,#,11,TORINO - Porta Susa,9.37
C0026,275/282,123456,SCO,Scol,1,FENESTRELLE - via Nazionale,7.10
C0026,275/282,123456,SCO,Scol,2,PEROSA ARG.-pzza Terzo Alpini (Partenza),7.40
C0026,275/282,123456,SCO,Scol,3,PINASCA,7.44
C0026,275/282,123456,SCO,Scol,4,DUBBIONE - via Nazionale,7.45
C0026,275/282,123456,SCO,Scol,5,VILLAR PEROSA - via Nazionale,7.49
C0026,275/282,123456,SCO,Scol,6,S. GERMANO CHISONE,7.54
C0026,275/282,123456,SCO,Scol,7,PORTE,7.56
C0026,275/282,123456,SCO,Scol,8,S. MARTINO,7.58
C0026,275/282,123456,SCO,Scol,9,ABBADIA ALPINA,8.02
C0026,275/282,123456,SCO,Scol,10,PONTE LEMINA,8.03
C0026,275/282,123456,SCO,Scol,11,PINEROLO - piazza Cavour,8.06
C0026,275/282,123456,SCO,Scol,12,PINEROLO Centro Studi,8:10
C0027,275/282,12345,FER,A,1,PEROSA ARG.-pzza Terzo Alpini (Partenza),7.40
C0027,275/282,12345,FER,A,2,PINASCA,7.44
C0027,275/282,12345,FER,A,3,DUBBIONE - via Nazionale,7.45
C0027,275/282,12345,FER,A,4,VILLAR PEROSA - via Nazionale,7.49
C0027,275/282,12345,FER,A,5,S. GERMANO CHISONE,7.54
C0027,275/282,12345,FER,A,6,PORTE,7.56
C0027,275/282,12345,FER,A,7,S. MARTINO,7.58
C0027,275/282,12345,FER,A,8,ABBADIA ALPINA,8.02
C0027,275/282,12345,FER,A,9,PONTE LEMINA,8.03
C0027,275/282,12345,FER,A,10,PINEROLO - piazza Cavour,8.06
C0027,275/282,12345,FER,A,11,PINEROLO Centro Studi,8:10
C0028,275/282,12345,FER,A,1,FENESTRELLE - via Nazionale,7.40
C0028,275/282,12345,FER,A,2,PEROSA ARG.-pzza Terzo Alpini (Partenza),8.10
C0028,275/282,12345,FER,A,3,PINASCA,8.14
C0028,275/282,12345,FER,A,4,DUBBIONE - via Nazionale,8.15
C0028,275/282,12345,FER,A,5,VILLAR PEROSA - via Nazionale,8.20
C0028,275/282,12345,FER,A,6,S. GERMANO CHISONE,8.26
C0028,275/282,12345,FER,A,7,PORTE,8.28
C0028,275/282,12345,FER,A,8,S. MARTINO,8.30
C0028,275/282,12345,FER,A,9,ABBADIA ALPINA,8.36
C0028,275/282,12345,FER,A,10,PONTE LEMINA,8.37
C0028,275/282,12345,FER,A,11,PINEROLO - piazza Cavour,8.40
C0028,275/282,12345,FER,A,12,PINEROLO - Movicentro,8.46
C0028,275/282,12345,FER,A,13,PINEROLO - c.so Torino-MACUMBA,8.50
C0028,275/282,12345,FER,A,14,RIVA di Pinerolo,8.56
C0028,275/282,12345,FER,A,15,Bivio BOTTEGHE,9.01
C0028,275/282,12345,FER,A,16,AIRASCA,9.04
C0028,275/282,12345,FER,A,17,NONE Bivio,9.09
C0028,275/282,12345,FER,A,18,CANDIOLO IRCCS-Centro Ricerche,9.14
C0028,275/282,12345,FER,A,19,STUPINIGI - Palazzina di Caccia,9.24
C0028,275/282,12345,FER,A,20,TORINO - Porta Nuova,9.52
C0028,275/282,12345,FER,A,21,TORINO - Porta Susa,9.57
C0029,275/282,123456,FER,,1,OULX - Stazione FS,6.45
C0029,275/282,123456,FER,,2,OULX - Liceo,6.46
C0029,275/282,123456,FER,,3,OULX - p.zza Garambois,6.48
C0029,275/282,123456,FER,,4,CESANA TORINESE,7.05
C0029,275/282,123456,FER,,5,SESTRIERE,7.30
C0029,275/282,123456,FER,,6,PRAGELATO,7.50
C0029,275/282,123456,FER,,7,FENESTRELLE - via Nazionale,8.10
C0029,275/282,123456,FER,,8,PEROSA ARG.-pzza Terzo Alpini (Arrivo),8.40
C0029,275/282,123456,FER,,9,PEROSA ARG.-pzza Terzo Alpini (Partenza),8.40
C0029,275/282,123456,FER,,10,PINASCA,8.44
C0029,275/282,123456,FER,,11,DUBBIONE - via Nazionale,8.45
C0029,275/282,123456,FER,,12,VILLAR PEROSA - via Nazionale,8.50
C0029,275/282,123456,FER,,13,S. GERMANO CHISONE,8.56
C0029,275/282,123456,FER,,14,PORTE,8.58
C0029,275/282,123456,FER,,15,S. MARTINO,9.00
C0029,275/282,123456,FER,,16,ABBADIA ALPINA,9.06
C0029,275/282,123456,FER,,17,PONTE LEMINA,9.07
C0029,275/282,123456,FER,,18,PINEROLO - piazza Cavour,9.10
C0029,275/282,123456,FER,,19,PINEROLO - Movicentro,9.16
C0029,275/282,123456,FER,,20,PINEROLO - c.so Torino-MACUMBA,9.20
C0029,275/282,123456,FER,,21,RIVA di Pinerolo,9.26
C0029,275/282,123456,FER,,22,AIRASCA,D
C0029,275/282,123456,FER,,23,NONE Bivio,I
C0029,275/282,123456,FER,,24,CANDIOLO IRCCS-Centro Ricerche,R
C0029,275/282,123456,FER,,25,TORINO - Porta Nuova,10.14
C0029,275/282,123456,FER,,26,TORINO - Porta Susa,10.19
C0030,275/282,78,FEST,J,1,OULX - Stazione FS,7.15
C0030,275/282,78,FEST,J,2,OULX - Liceo,7.16
C0030,275/282,78,FEST,J,3,OULX - p.zza Garambois,7.18
C0030,275/282,78,FEST,J,4,CESANA TORINESE,7.35
C0030,275/282,78,FEST,J,5,SESTRIERE,8.00
C0030,275/282,78,FEST,J,6,PRAGELATO,8.20
C0030,275/282,78,FEST,J,7,FENESTRELLE - via Nazionale,8.40
C0030,275/282,78,FEST,J,8,PEROSA ARG.-pzza Terzo Alpini (Arrivo),9.10
C0031,275/282,78,FEST,#,1,PEROSA ARG.-pzza Terzo Alpini (Partenza),9.10
C0031,275/282,78,FEST,#,2,PINASCA,9.14
C0031,275/282,78,FEST,#,3,DUBBIONE - via Nazionale,9.15
C0031,275/282,78,FEST,#,4,VILLAR PEROSA - via Nazionale,9.20
C0031,275/282,78,FEST,#,5,S. GERMANO CHISONE,9.26
C0031,275/282,78,FEST,#,6,PORTE,9.28
C0031,275/282,78,FEST,#,7,S. MARTINO,9.30
C0031,275/282,78,FEST,#,8,ABBADIA ALPINA,9.36
C0031,275/282,78,FEST,#,9,PONTE LEMINA,9.37
C0031,275/282,78,FEST,#,10,PINEROLO - piazza Cavour,9.40
C0031,275/282,78,FEST,#,11,PINEROLO - Movicentro,9.42
C0032,275/282,NAT,FEST,,1,PINEROLO - Movicentro,9.46
C0032,275/282,NAT,FEST,,2,PINEROLO - c.so Torino-MACUMBA,9.50
C0032,275/282,NAT,FEST,,3,RIVA di Pinerolo,9.56
C0032,275/282,NAT,FEST,,4,AIRASCA,D
C0032,275/282,NAT,FEST,,5,NONE Bivio,I
C0032,275/282,NAT,FEST,,6,CANDIOLO IRCCS-Centro Ricerche,R
C0032,275/282,NAT,FEST,,7,TORINO - Porta Nuova,10.44
C0032,275/282,NAT,FEST,,8,TORINO - Porta Susa,10.49
C0033,275/282,12345,FER,A,1,PEROSA ARG.-pzza Terzo Alpini (Partenza),9.10
C0033,275/282,12345,FER,A,2,PINASCA,9.14
C0033,275/282,12345,FER,A,3,DUBBIONE - via Nazionale,9.15
C0033,275/282,12345,FER,A,4,VILLAR PEROSA - via Nazionale,9.20
C0033,275/282,12345,FER,A,5,S. GERMANO CHISONE,9.26
C0033,275/282,12345,FER,A,6,PORTE,9.28
C0033,275/282,12345,FER,A,7,S. MARTINO,9.30
C0033,275/282,12345,FER,A,8,ABBADIA ALPINA,9.36
C0033,275/282,12345,FER,A,9,PONTE LEMINA,9.37
C0033,275/282,12345,FER,A,10,PINEROLO - piazza Cavour,9.40
C0033,275/282,12345,FER,A,11,PINEROLO - Movicentro,9.46
C0033,275/282,12345,FER,A,12,PINEROLO - c.so Torino-MACUMBA,9.50
C0033,275/282,12345,FER,A,13,RIVA di Pinerolo,9.56
C0033,275/282,12345,FER,A,14,Bivio BOTTEGHE,10.01
C0033,275/282,12345,FER,A,15,AIRASCA,10.04
C0033,275/282,12345,FER,A,16,NONE Bivio,10.09
C0033,275/282,12345,FER,A,17,CANDIOLO IRCCS-Centro Ricerche,10.14
C0033,275/282,12345,FER,A,18,STUPINIGI - Palazzina di Caccia,10.24
C0033,275/282,12345,FER,A,19,TORINO - Porta Nuova,10.52
C0033,275/282,12345,FER,A,20,TORINO - Porta Susa,10.57
C0034,275/282,12345,FER,A,1,PEROSA ARG.-pzza Terzo Alpini (Partenza),9.40
C0034,275/282,12345,FER,A,2,PINASCA,9.44
C0034,275/282,12345,FER,A,3,DUBBIONE - via Nazionale,9.45
C0034,275/282,12345,FER,A,4,VILLAR PEROSA - via Nazionale,9.50
C0034,275/282,12345,FER,A,5,S. GERMANO CHISONE,9.56
C0034,275/282,12345,FER,A,6,PORTE,9.58
C0034,275/282,12345,FER,A,7,S. MARTINO,10.00
C0034,275/282,12345,FER,A,8,ABBADIA ALPINA,10.06
C0034,275/282,12345,FER,A,9,PONTE LEMINA,10.07
C0034,275/282,12345,FER,A,10,PINEROLO - piazza Cavour,10.10
C0034,275/282,12345,FER,A,11,PINEROLO - Movicentro,10.16
C0034,275/282,12345,FER,A,12,PINEROLO - c.so Torino-MACUMBA,10.20
C0034,275/282,12345,FER,A,13,RIVA di Pinerolo,10.26
C0034,275/282,12345,FER,A,14,AIRASCA,D
C0034,275/282,12345,FER,A,15,NONE Bivio,I
C0034,275/282,12345,FER,A,16,CANDIOLO IRCCS-Centro Ricerche,R
C0034,275/282,12345,FER,A,17,TORINO - Porta Nuova,11.14
C0034,275/282,12345,FER,A,18,TORINO - Porta Susa,11.19
C0035,275/282,12345,FER,A,1,PEROSA ARG.-pzza Terzo Alpini (Partenza),10.10
C0035,275/282,12345,FER,A,2,PINASCA,10.14
C0035,275/282,12345,FER,A,3,DUBBIONE - via Nazionale,10.15
C0035,275/282,12345,FER,A,4,VILLAR PEROSA - via Nazionale,10.20
C0035,275/282,12345,FER,A,5,S. GERMANO CHISONE,10.26
C0035,275/282,12345,FER,A,6,PORTE,10.28
C0035,275/282,12345,FER,A,7,S. MARTINO,10.30
C0035,275/282,12345,FER,A,8,ABBADIA ALPINA,10.36
C0035,275/282,12345,FER,A,9,PONTE LEMINA,10.37
C0035,275/282,12345,FER,A,10,PINEROLO - piazza Cavour,10.40
C0035,275/282,12345,FER,A,11,PINEROLO - Movicentro,10.46
C0035,275/282,12345,FER,A,12,PINEROLO - c.so Torino-MACUMBA,10.50
C0035,275/282,12345,FER,A,13,RIVA di Pinerolo,10.56
C0035,275/282,12345,FER,A,14,Bivio BOTTEGHE,11.01
C0035,275/282,12345,FER,A,15,AIRASCA,11.04
C0035,275/282,12345,FER,A,16,NONE Bivio,11.09
C0035,275/282,12345,FER,A,17,CANDIOLO IRCCS-Centro Ricerche,11.14
C0035,275/282,12345,FER,A,18,STUPINIGI - Palazzina di Caccia,11.24
C0035,275/282,12345,FER,A,19,TORINO - Porta Nuova,11.52
C0035,275/282,12345,FER,A,20,TORINO - Porta Susa,11.57
C0036,275/282,6,FER,A,1,PINEROLO - piazza Cavour,10.40
C0036,275/282,6,FER,A,2,PINEROLO - Movicentro,10.46
C0036,275/282,6,FER,A,3,PINEROLO - c.so Torino-MACUMBA,10.50
C0036,275/282,6,FER,A,4,RIVA di Pinerolo,10.56
C0036,275/282,6,FER,A,5,Bivio BOTTEGHE,11.01
C0036,275/282,6,FER,A,6,AIRASCA,11.04
C0036,275/282,6,FER,A,7,NONE Bivio,11.09
C0036,275/282,6,FER,A,8,CANDIOLO IRCCS-Centro Ricerche,11.14
C0036,275/282,6,FER,A,9,STUPINIGI - Palazzina di Caccia,11.24
C0036,275/282,6,FER,A,10,TORINO - Porta Nuova,11.52
C0036,275/282,6,FER,A,11,TORINO - Porta Susa,11.57
C0037,275/282,123456,FER,,1,OULX - Stazione FS,8.45
C0037,275/282,123456,FER,,2,OULX - Liceo,8.46
C0037,275/282,123456,FER,,3,OULX - p.zza Garambois,8.48
C0037,275/282,123456,FER,,4,CESANA TORINESE,9.05
C0037,275/282,123456,FER,,5,SESTRIERE,9.30
C0037,275/282,123456,FER,,6,PRAGELATO,9.50
C0037,275/282,123456,FER,,7,FENESTRELLE - via Nazionale,10.10
C0037,275/282,123456,FER,,8,PEROSA ARG.-pzza Terzo Alpini (Arrivo),10.40
C0037,275/282,123456,FER,,9,PEROSA ARG.-pzza Terzo Alpini (Partenza),10.40
C0037,275/282,123456,FER,,10,PINASCA,10.44
C0037,275/282,123456,FER,,11,DUBBIONE - via Nazionale,10.45
C0037,275/282,123456,FER,,12,VILLAR PEROSA - via Nazionale,10.50
C0037,275/282,123456,FER,,13,S. GERMANO CHISONE,10.56
C0037,275/282,123456,FER,,14,PORTE,10.58
C0037,275/282,123456,FER,,15,S. MARTINO,11.00
C0037,275/282,123456,FER,,16,ABBADIA ALPINA,11.06
C0037,275/282,123456,FER,,17,PONTE LEMINA,11.07
C0037,275/282,123456,FER,,18,PINEROLO - piazza Cavour,11.10
C0037,275/282,123456,FER,,19,PINEROLO - Movicentro,11.16
C0037,275/282,123456,FER,,20,PINEROLO - c.so Torino-MACUMBA,11.20
C0037,275/282,123456,FER,,21,RIVA di Pinerolo,11.26
C0037,275/282,123456,FER,,22,AIRASCA,D
C0037,275/282,123456,FER,,23,NONE Bivio,I
C0037,275/282,123456,FER,,24,CANDIOLO IRCCS-Centro Ricerche,R
C0037,275/282,123456,FER,,25,TORINO - Porta Nuova,12.14
C0037,275/282,123456,FER,,26,TORINO - Porta Susa,12.19
C0038,275/282,78,FEST,#,1,OULX - Stazione FS,9.15
C0038,275/282,78,FEST,#,2,OULX - Liceo,9.16
C0038,275/282,78,FEST,#,3,OULX - p.zza Garambois,9.18
C0038,275/282,78,FEST,#,4,CESANA TORINESE,9.35
C0038,275/282,78,FEST,#,5,SESTRIERE,10.00
C0039,275/282,78,FEST,J,1,SESTRIERE,10.00
C0039,275/282,78,FEST,J,2,PRAGELATO,10.20
C0039,275/282,78,FEST,J,3,FENESTRELLE - via Nazionale,10.40
C0039,275/282,78,FEST,J,4,PEROSA ARG.-pzza Terzo Alpini (Arrivo),11.10
C0039,275/282,78,FEST,J,5,PEROSA ARG.-pzza Terzo Alpini (Partenza),11.10
C0039,275/282,78,FEST,J,6,PINASCA,11.14
C0039,275/282,78,FEST,J,7,DUBBIONE - via Nazionale,11.15
C0039,275/282,78,FEST,J,8,VILLAR PEROSA - via Nazionale,11.20
C0039,275/282,78,FEST,J,9,S. GERMANO CHISONE,11.26
C0039,275/282,78,FEST,J,10,PORTE,11.28
C0039,275/282,78,FEST,J,11,S. MARTINO,11.30
C0039,275/282,78,FEST,J,12,ABBADIA ALPINA,11.36
C0039,275/282,78,FEST,J,13,PONTE LEMINA,11.37
C0039,275/282,78,FEST,J,14,PINEROLO - piazza Cavour,11.40
C0039,275/282,78,FEST,J,15,PINEROLO - Movicentro,11.42
C0040,275/282,12345,FER,A,1,PEROSA ARG.-pzza Terzo Alpini (Partenza),11.10
C0040,275/282,12345,FER,A,2,PINASCA,11.14
C0040,275/282,12345,FER,A,3,DUBBIONE - via Nazionale,11.15
C0040,275/282,12345,FER,A,4,VILLAR PEROSA - via Nazionale,11.20
C0040,275/282,12345,FER,A,5,S. GERMANO CHISONE,11.26
C0040,275/282,12345,FER,A,6,PORTE,11.28
C0040,275/282,12345,FER,A,7,S. MARTINO,11.30
C0040,275/282,12345,FER,A,8,ABBADIA ALPINA,11.36
C0040,275/282,12345,FER,A,9,PONTE LEMINA,11.37
C0040,275/282,12345,FER,A,10,PINEROLO - piazza Cavour,11.40
C0040,275/282,12345,FER,A,11,PINEROLO - Movicentro,11.46
C0040,275/282,12345,FER,A,12,PINEROLO - c.so Torino-MACUMBA,11.50
C0040,275/282,12345,FER,A,13,RIVA di Pinerolo,11.56
C0040,275/282,12345,FER,A,14,Bivio BOTTEGHE,12.01
C0040,275/282,12345,FER,A,15,AIRASCA,12.04
C0040,275/282,12345,FER,A,16,NONE Bivio,12.09
C0040,275/282,12345,FER,A,17,CANDIOLO IRCCS-Centro Ricerche,12.14
C0040,275/282,12345,FER,A,18,STUPINIGI - Palazzina di Caccia,12.24
C0040,275/282,12345,FER,A,19,TORINO - Porta Nuova,12.52
C0040,275/282,12345,FER,A,20,TORINO - Porta Susa,12.57
C0041,275/282,12345,FER,A,1,FENESTRELLE - via Nazionale,11.10
C0041,275/282,12345,FER,A,2,PEROSA ARG.-pzza Terzo Alpini (Arrivo),11.40
C0041,275/282,12345,FER,A,3,PEROSA ARG.-pzza Terzo Alpini (Partenza),11.40
C0041,275/282,12345,FER,A,4,PINASCA,11.44
C0041,275/282,12345,FER,A,5,DUBBIONE - via Nazionale,11.45
C0041,275/282,12345,FER,A,6,VILLAR PEROSA - via Nazionale,11.50
C0041,275/282,12345,FER,A,7,S. GERMANO CHISONE,11.56
C0041,275/282,12345,FER,A,8,PORTE,11.58
C0041,275/282,12345,FER,A,9,S. MARTINO,12.00
C0041,275/282,12345,FER,A,10,ABBADIA ALPINA,12.06
C0041,275/282,12345,FER,A,11,PONTE LEMINA,12.07
C0041,275/282,12345,FER,A,12,PINEROLO - piazza Cavour,12.10
C0041,275/282,12345,FER,A,13,PINEROLO - Movicentro,12.16
C0041,275/282,12345,FER,A,14,PINEROLO - c.so Torino-MACUMBA,12.20
C0041,275/282,12345,FER,A,15,RIVA di Pinerolo,12.26
C0041,275/282,12345,FER,A,16,AIRASCA,D
C0041,275/282,12345,FER,A,17,NONE Bivio,I
C0041,275/282,12345,FER,A,18,CANDIOLO IRCCS-Centro Ricerche,R
C0041,275/282,12345,FER,A,19,TORINO - Porta Nuova,13.14
C0041,275/282,12345,FER,A,20,TORINO - Porta Susa,13.19
C0042,275/282,12345,FER,A,1,PEROSA ARG.-pzza Terzo Alpini (Partenza),12.10
C0042,275/282,12345,FER,A,2,PINASCA,12.14
C0042,275/282,12345,FER,A,3,DUBBIONE - via Nazionale,12.15
C0042,275/282,12345,FER,A,4,VILLAR PEROSA - via Nazionale,12.20
C0042,275/282,12345,FER,A,5,S. GERMANO CHISONE,12.26
C0042,275/282,12345,FER,A,6,PORTE,12.28
C0042,275/282,12345,FER,A,7,S. MARTINO,12.30
C0042,275/282,12345,FER,A,8,ABBADIA ALPINA,12.36
C0042,275/282,12345,FER,A,9,PONTE LEMINA,12.37
C0042,275/282,12345,FER,A,10,PINEROLO - piazza Cavour,12.40
C0042,275/282,12345,FER,A,11,PINEROLO - Movicentro,12.46
C0042,275/282,12345,FER,A,12,PINEROLO - c.so Torino-MACUMBA,12.50
C0042,275/282,12345,FER,A,13,RIVA di Pinerolo,12.56
C0042,275/282,12345,FER,A,14,Bivio BOTTEGHE,13.01
C0042,275/282,12345,FER,A,15,AIRASCA,13.04
C0042,275/282,12345,FER,A,16,NONE Bivio,13.09
C0042,275/282,12345,FER,A,17,CANDIOLO IRCCS-Centro Ricerche,13.14
C0042,275/282,12345,FER,A,18,STUPINIGI - Palazzina di Caccia,13.24
C0042,275/282,12345,FER,A,19,TORINO - Porta Nuova,13.52
C0042,275/282,12345,FER,A,20,TORINO - Porta Susa,13.57
C0043,275/282,78,FEST,J,1,PEROSA ARG.-pzza Terzo Alpini (Partenza),12.10
C0043,275/282,78,FEST,J,2,PINASCA,12.14
C0043,275/282,78,FEST,J,3,DUBBIONE - via Nazionale,12.15
C0043,275/282,78,FEST,J,4,VILLAR PEROSA - via Nazionale,12.20
C0043,275/282,78,FEST,J,5,S. GERMANO CHISONE,12.26
C0043,275/282,78,FEST,J,6,PORTE,12.28
C0043,275/282,78,FEST,J,7,S. MARTINO,12.30
C0043,275/282,78,FEST,J,8,ABBADIA ALPINA,12.36
C0043,275/282,78,FEST,J,9,PONTE LEMINA,12.37
C0043,275/282,78,FEST,J,10,PINEROLO - piazza Cavour,12.40
C0043,275/282,78,FEST,J,11,PINEROLO - Movicentro,12.46
C0043,275/282,78,FEST,J,12,PINEROLO - c.so Torino-MACUMBA,12.50
C0043,275/282,78,FEST,J,13,RIVA di Pinerolo,12.56
C0043,275/282,78,FEST,J,14,Bivio BOTTEGHE,13.01
C0043,275/282,78,FEST,J,15,AIRASCA,13.04
C0043,275/282,78,FEST,J,16,NONE Bivio,13.09
C0043,275/282,78,FEST,J,17,CANDIOLO IRCCS-Centro Ricerche,13.14
C0043,275/282,78,FEST,J,18,STUPINIGI - Palazzina di Caccia,13.24
C0043,275/282,78,FEST,J,19,TORINO - Porta Nuova,13.52
C0043,275/282,78,FEST,J,20,TORINO - Porta Susa,13.57
C0044,275/282,123456,FER,,1,PEROSA ARG.-pzza Terzo Alpini (Partenza),12.40
C0044,275/282,123456,FER,,2,PINASCA,12.44
C0044,275/282,123456,FER,,3,DUBBIONE - via Nazionale,12.45
C0044,275/282,123456,FER,,4,VILLAR PEROSA - via Nazionale,12.50
C0044,275/282,123456,FER,,5,S. GERMANO CHISONE,12.56
C0044,275/282,123456,FER,,6,PORTE,12.58
C0044,275/282,123456,FER,,7,S. MARTINO,13.00
C0044,275/282,123456,FER,,8,ABBADIA ALPINA,13.06
C0044,275/282,123456,FER,,9,PONTE LEMINA,13.07
C0044,275/282,123456,FER,,10,PINEROLO - piazza Cavour,13.10
C0044,275/282,123456,FER,,11,PINEROLO - Movicentro,13.16
C0044,275/282,123456,FER,,12,PINEROLO - c.so Torino-MACUMBA,13.20
C0044,275/282,123456,FER,,13,RIVA di Pinerolo,13.26
C0044,275/282,123456,FER,,14,AIRASCA,D
C0044,275/282,123456,FER,,15,NONE Bivio,I
C0044,275/282,123456,FER,,16,CANDIOLO IRCCS-Centro Ricerche,R
C0044,275/282,123456,FER,,17,TORINO - Porta Nuova,14.14
C0044,275/282,123456,FER,,18,TORINO - Porta Susa,14.19
C0045,275/282,12345,FER,A,1,PEROSA ARG.-pzza Terzo Alpini (Partenza),12.50
C0045,275/282,12345,FER,A,2,PINASCA,12.54
C0045,275/282,12345,FER,A,3,DUBBIONE - via Nazionale,12.55
C0045,275/282,12345,FER,A,4,VILLAR PEROSA - via Nazionale,13.00
C0045,275/282,12345,FER,A,5,S. GERMANO CHISONE,13.06
C0045,275/282,12345,FER,A,6,PORTE,13.08
C0045,275/282,12345,FER,A,7,S. MARTINO,13.10
C0045,275/282,12345,FER,A,8,ABBADIA ALPINA,13.16
C0045,275/282,12345,FER,A,9,PONTE LEMINA,13.17
C0045,275/282,12345,FER,A,10,PINEROLO - piazza Cavour,13.20
C0045,275/282,12345,FER,A,11,PINEROLO - Movicentro,13.26
C0045,275/282,12345,FER,A,12,PINEROLO - c.so Torino-MACUMBA,13.30
C0045,275/282,12345,FER,A,13,RIVA di Pinerolo,13.36
C0045,275/282,12345,FER,A,14,Bivio BOTTEGHE,13.41
C0045,275/282,12345,FER,A,15,AIRASCA,13.44
C0045,275/282,12345,FER,A,16,NONE Bivio,13.49
C0045,275/282,12345,FER,A,17,CANDIOLO IRCCS-Centro Ricerche,13.54
C0045,275/282,12345,FER,A,18,STUPINIGI - Palazzina di Caccia,14.04
C0045,275/282,12345,FER,A,19,TORINO - Porta Nuova,14.32
C0045,275/282,12345,FER,A,20,TORINO - Porta Susa,14.37
C0046,275/282,6,FER,A,1,PINEROLO - piazza Cavour,13.20
C0046,275/282,6,FER,A,2,PINEROLO - Movicentro,13.26
C0046,275/282,6,FER,A,3,PINEROLO - c.so Torino-MACUMBA,13.30
C0046,275/282,6,FER,A,4,RIVA di Pinerolo,13.36
C0046,275/282,6,FER,A,5,Bivio BOTTEGHE,13.41
C0046,275/282,6,FER,A,6,AIRASCA,13.44
C0046,275/282,6,FER,A,7,NONE Bivio,13.49
C0046,275/282,6,FER,A,8,CANDIOLO IRCCS-Centro Ricerche,13.54
C0046,275/282,6,FER,A,9,STUPINIGI - Palazzina di Caccia,14.04
C0046,275/282,6,FER,A,10,TORINO - Porta Nuova,14.32
C0046,275/282,6,FER,A,11,TORINO - Porta Susa,14.37
C0047,275/282,78,FEST,J,1,OULX - Stazione FS,11.15
C0047,275/282,78,FEST,J,2,OULX - Liceo,11.16
C0047,275/282,78,FEST,J,3,OULX - p.zza Garambois,11.18
C0047,275/282,78,FEST,J,4,CESANA TORINESE,11.35
C0047,275/282,78,FEST,J,5,SESTRIERE,12.00
C0047,275/282,78,FEST,J,6,PRAGELATO,12.20
C0047,275/282,78,FEST,J,7,FENESTRELLE - via Nazionale,12.40
C0047,275/282,78,FEST,J,8,PEROSA ARG.-pzza Terzo Alpini (Arrivo),13.10
C0047,275/282,78,FEST,J,9,PEROSA ARG.-pzza Terzo Alpini (Partenza),13.10
C0047,275/282,78,FEST,J,10,PINASCA,13.14
C0047,275/282,78,FEST,J,11,DUBBIONE - via Nazionale,13.15
C0047,275/282,78,FEST,J,12,VILLAR PEROSA - via Nazionale,13.20
C0047,275/282,78,FEST,J,13,S. GERMANO CHISONE,13.26
C0047,275/282,78,FEST,J,14,PORTE,13.28
C0047,275/282,78,FEST,J,15,S. MARTINO,13.30
C0047,275/282,78,FEST,J,16,ABBADIA ALPINA,13.36
C0047,275/282,78,FEST,J,17,PONTE LEMINA,13.37
C0047,275/282,78,FEST,J,18,PINEROLO - piazza Cavour,13.40
C0047,275/282,78,FEST,J,19,PINEROLO - Movicentro,13.46
C0047,275/282,78,FEST,J,20,PINEROLO - c.so Torino-MACUMBA,13.50
C0047,275/282,78,FEST,J,21,RIVA di Pinerolo,13.56
C0047,275/282,78,FEST,J,22,AIRASCA,D
C0047,275/282,78,FEST,J,23,NONE Bivio,I
C0047,275/282,78,FEST,J,24,CANDIOLO IRCCS-Centro Ricerche,R
C0047,275/282,78,FEST,J,25,TORINO - Porta Nuova,14.44
C0047,275/282,78,FEST,J,26,TORINO - Porta Susa,14.49
C0048,275/282,123456,FER,,1,OULX - Stazione FS,11.45
C0048,275/282,123456,FER,,2,OULX - Liceo,11.46
C0048,275/282,123456,FER,,3,OULX - p.zza Garambois,11.48
C0048,275/282,123456,FER,,4,CESANA TORINESE,12.05
C0048,275/282,123456,FER,,5,SESTRIERE,12.30
C0048,275/282,123456,FER,,6,PRAGELATO,12.50
C0048,275/282,123456,FER,,7,FENESTRELLE - via Nazionale,13.10
C0048,275/282,123456,FER,,8,PEROSA ARG.-pzza Terzo Alpini (Arrivo),13.40
C0048,275/282,123456,FER,,9,PEROSA ARG.-pzza Terzo Alpini (Partenza),13.40
C0048,275/282,123456,FER,,10,PINASCA,13.44
C0048,275/282,123456,FER,,11,DUBBIONE - via Nazionale,13.45
C0048,275/282,123456,FER,,12,VILLAR PEROSA - via Nazionale,13.50
C0048,275/282,123456,FER,,13,S. GERMANO CHISONE,13.56
C0048,275/282,123456,FER,,14,PORTE,13.58
C0048,275/282,123456,FER,,15,S. MARTINO,14.00
C0048,275/282,123456,FER,,16,ABBADIA ALPINA,14.06
C0048,275/282,123456,FER,,17,PONTE LEMINA,14.07
C0048,275/282,123456,FER,,18,PINEROLO - piazza Cavour,14.10
C0048,275/282,123456,FER,,19,PINEROLO - Movicentro,14.16
C0048,275/282,123456,FER,,20,PINEROLO - c.so Torino-MACUMBA,14.20
C0048,275/282,123456,FER,,21,RIVA di Pinerolo,14.26
C0048,275/282,123456,FER,,22,AIRASCA,D
C0048,275/282,123456,FER,,23,NONE Bivio,I
C0048,275/282,123456,FER,,24,CANDIOLO IRCCS-Centro Ricerche,R
C0048,275/282,123456,FER,,25,TORINO - Porta Nuova,15.14
C0048,275/282,123456,FER,,26,TORINO - Porta Susa,15.19
C0049,275/282,12345,FER,A,1,FENESTRELLE - via Nazionale,13.40
C0049,275/282,12345,FER,A,2,PEROSA ARG.-pzza Terzo Alpini (Arrivo),14.10
C0049,275/282,12345,FER,A,3,PEROSA ARG.-pzza Terzo Alpini (Partenza),14.10
C0049,275/282,12345,FER,A,4,PINASCA,14.14
C0049,275/282,12345,FER,A,5,DUBBIONE - via Nazionale,14.15
C0049,275/282,12345,FER,A,6,VILLAR PEROSA - via Nazionale,14.20
C0049,275/282,12345,FER,A,7,S. GERMANO CHISONE,14.26
C0049,275/282,12345,FER,A,8,PORTE,14.28
C0049,275/282,12345,FER,A,9,S. MARTINO,14.30
C0049,275/282,12345,FER,A,10,ABBADIA ALPINA,14.36
C0049,275/282,12345,FER,A,11,PONTE LEMINA,14.37
C0049,275/282,12345,FER,A,12,PINEROLO - piazza Cavour,14.40
C0049,275/282,12345,FER,A,13,PINEROLO - Movicentro,14.46
C0049,275/282,12345,FER,A,14,PINEROLO - c.so Torino-MACUMBA,14.50
C0049,275/282,12345,FER,A,15,RIVA di Pinerolo,14.56
C0049,275/282,12345,FER,A,16,Bivio BOTTEGHE,15.01
C0049,275/282,12345,FER,A,17,AIRASCA,15.04
C0049,275/282,12345,FER,A,18,NONE Bivio,15.09
C0049,275/282,12345,FER,A,19,CANDIOLO IRCCS-Centro Ricerche,15.14
C0049,275/282,12345,FER,A,20,STUPINIGI - Palazzina di Caccia,15.24
C0049,275/282,12345,FER,A,21,TORINO - Porta Nuova,15.52
C0049,275/282,12345,FER,A,22,TORINO - Porta Susa,15.57
C0050,275/282,6,FER,A,1,PINEROLO - piazza Cavour,14.40
C0050,275/282,6,FER,A,2,PINEROLO - Movicentro,14.46
C0050,275/282,6,FER,A,3,PINEROLO - c.so Torino-MACUMBA,14.50
C0050,275/282,6,FER,A,4,RIVA di Pinerolo,14.56
C0050,275/282,6,FER,A,5,Bivio BOTTEGHE,15.01
C0050,275/282,6,FER,A,6,AIRASCA,15.04
C0050,275/282,6,FER,A,7,NONE Bivio,15.09
C0050,275/282,6,FER,A,8,CANDIOLO IRCCS-Centro Ricerche,15.14
C0050,275/282,6,FER,A,9,STUPINIGI - Palazzina di Caccia,15.24
C0050,275/282,6,FER,A,10,TORINO - Porta Nuova,15.52
C0050,275/282,6,FER,A,11,TORINO - Porta Susa,15.57
C0051,275/282,12345,FER,A,1,PEROSA ARG.-pzza Terzo Alpini (Partenza),14.40
C0051,275/282,12345,FER,A,2,PINASCA,14.44
C0051,275/282,12345,FER,A,3,DUBBIONE - via Nazionale,14.45
C0051,275/282,12345,FER,A,4,VILLAR PEROSA - via Nazionale,14.50
C0051,275/282,12345,FER,A,5,S. GERMANO CHISONE,14.56
C0051,275/282,12345,FER,A,6,PORTE,14.58
C0051,275/282,12345,FER,A,7,S. MARTINO,15.00
C0051,275/282,12345,FER,A,8,ABBADIA ALPINA,15.06
C0051,275/282,12345,FER,A,9,PONTE LEMINA,15.07
C0051,275/282,12345,FER,A,10,PINEROLO - piazza Cavour,15.10
C0051,275/282,12345,FER,A,11,PINEROLO - Movicentro,15.16
C0051,275/282,12345,FER,A,12,PINEROLO - c.so Torino-MACUMBA,15.20
C0051,275/282,12345,FER,A,13,RIVA di Pinerolo,15.26
C0051,275/282,12345,FER,A,14,AIRASCA,D
C0051,275/282,12345,FER,A,15,NONE Bivio,I
C0051,275/282,12345,FER,A,16,CANDIOLO IRCCS-Centro Ricerche,R
C0051,275/282,12345,FER,A,17,TORINO - Porta Nuova,16.14
C0051,275/282,12345,FER,A,18,TORINO - Porta Susa,16.19
C0052,275/282,6,FER,#,1,PINEROLO - piazza Cavour,15.10
C0052,275/282,6,FER,#,2,PINEROLO - Movicentro,15.16
C0052,275/282,6,FER,#,3,PINEROLO - c.so Torino-MACUMBA,15.20
C0052,275/282,6,FER,#,4,RIVA di Pinerolo,15.26
C0052,275/282,6,FER,#,5,AIRASCA,D
C0052,275/282,6,FER,#,6,NONE Bivio,I
C0052,275/282,6,FER,#,7,CANDIOLO IRCCS-Centro Ricerche,R
C0052,275/282,6,FER,#,8,TORINO - Porta Nuova,16.14
C0052,275/282,6,FER,#,9,TORINO - Porta Susa,16.19
C0053,275/282,12345,FER,A,1,PEROSA ARG.-pzza Terzo Alpini (Partenza),15.10
C0053,275/282,12345,FER,A,2,PINASCA,15.14
C0053,275/282,12345,FER,A,3,DUBBIONE - via Nazionale,15.15
C0053,275/282,12345,FER,A,4,VILLAR PEROSA - via Nazionale,15.20
C0053,275/282,12345,FER,A,5,S. GERMANO CHISONE,15.26
C0053,275/282,12345,FER,A,6,PORTE,15.28
C0053,275/282,12345,FER,A,7,S. MARTINO,15.30
C0053,275/282,12345,FER,A,8,ABBADIA ALPINA,15.36
C0053,275/282,12345,FER,A,9,PONTE LEMINA,15.37
C0053,275/282,12345,FER,A,10,PINEROLO - piazza Cavour,15.40
C0053,275/282,12345,FER,A,11,PINEROLO - Movicentro,15.46
C0053,275/282,12345,FER,A,12,PINEROLO - c.so Torino-MACUMBA,15:52
C0053,275/282,12345,FER,A,13,RIVA di Pinerolo,15:58
C0053,275/282,12345,FER,A,14,Bivio BOTTEGHE,16:04
C0053,275/282,12345,FER,A,15,AIRASCA,16:10
C0053,275/282,12345,FER,A,16,NONE Bivio,16:16
C0053,275/282,12345,FER,A,17,CANDIOLO IRCCS-Centro Ricerche,16:25
C0053,275/282,12345,FER,A,18,STUPINIGI - Palazzina di Caccia,16:35
C0053,275/282,12345,FER,A,19,TORINO - Porta Nuova,17:05
C0053,275/282,12345,FER,A,20,TORINO - Porta Susa,17:10
C0054,275/282,78,FEST,J,1,OULX - Stazione FS,13.15
C0054,275/282,78,FEST,J,2,OULX - Liceo,13.16
C0054,275/282,78,FEST,J,3,OULX - p.zza Garambois,13.18
C0054,275/282,78,FEST,J,4,CESANA TORINESE,13.35
C0054,275/282,78,FEST,J,5,SESTRIERE,14.00
C0054,275/282,78,FEST,J,6,PRAGELATO,14.20
C0054,275/282,78,FEST,J,7,FENESTRELLE - via Nazionale,14.40
C0054,275/282,78,FEST,J,8,PEROSA ARG.-pzza Terzo Alpini (Arrivo),15.10
C0054,275/282,78,FEST,J,9,PEROSA ARG.-pzza Terzo Alpini (Partenza),15.10
C0054,275/282,78,FEST,J,10,PINASCA,15.14
C0054,275/282,78,FEST,J,11,DUBBIONE - via Nazionale,15.15
C0054,275/282,78,FEST,J,12,VILLAR PEROSA - via Nazionale,15.20
C0054,275/282,78,FEST,J,13,S. GERMANO CHISONE,15.26
C0054,275/282,78,FEST,J,14,PORTE,15.28
C0054,275/282,78,FEST,J,15,S. MARTINO,15.30
C0054,275/282,78,FEST,J,16,ABBADIA ALPINA,15.36
C0054,275/282,78,FEST,J,17,PONTE LEMINA,15.37
C0054,275/282,78,FEST,J,18,PINEROLO - piazza Cavour,15.40
C0054,275/282,78,FEST,J,19,PINEROLO - Movicentro,15.46
C0054,275/282,78,FEST,J,20,PINEROLO - c.so Torino-MACUMBA,15.50
C0054,275/282,78,FEST,J,21,RIVA di Pinerolo,15.56
C0054,275/282,78,FEST,J,22,AIRASCA,D
C0054,275/282,78,FEST,J,23,NONE Bivio,I
C0054,275/282,78,FEST,J,24,CANDIOLO IRCCS-Centro Ricerche,R
C0054,275/282,78,FEST,J,25,TORINO - Porta Nuova,16.44
C0054,275/282,78,FEST,J,26,TORINO - Porta Susa,16.49
C0055,275/282,123456,SCO,Scol,1,OULX - Stazione FS,13:05
C0055,275/282,123456,SCO,Scol,2,OULX - Liceo,13:06
C0055,275/282,123456,SCO,Scol,3,OULX - p.zza Garambois,13:08
C0055,275/282,123456,SCO,Scol,4,CESANA TORINESE,13:30
C0055,275/282,123456,SCO,Scol,5,SESTRIERE,13:50
C0055,275/282,123456,SCO,Scol,6,PRAGELATO,14:10
C0055,275/282,123456,SCO,Scol,7,FENESTRELLE - via Nazionale,14:30
C0055,275/282,123456,SCO,Scol,8,PEROSA ARG.-pzza Terzo Alpini (Arrivo),15:00
C0055,275/282,123456,SCO,Scol,9,PEROSA ARG.-pzza Terzo Alpini (Partenza),15.40
C0055,275/282,123456,SCO,Scol,10,PINASCA,15.44
C0055,275/282,123456,SCO,Scol,11,DUBBIONE - via Nazionale,15.45
C0055,275/282,123456,SCO,Scol,12,VILLAR PEROSA - via Nazionale,15.50
C0055,275/282,123456,SCO,Scol,13,S. GERMANO CHISONE,15.56
C0055,275/282,123456,SCO,Scol,14,PORTE,15.58
C0055,275/282,123456,SCO,Scol,15,S. MARTINO,16.00
C0055,275/282,123456,SCO,Scol,16,ABBADIA ALPINA,16.06
C0055,275/282,123456,SCO,Scol,17,PONTE LEMINA,16.07
C0055,275/282,123456,SCO,Scol,18,PINEROLO - piazza Cavour,16.10
C0055,275/282,123456,SCO,Scol,19,PINEROLO - Movicentro,16.16
C0055,275/282,123456,SCO,Scol,20,PINEROLO - c.so Torino-MACUMBA,16.20
C0055,275/282,123456,SCO,Scol,21,RIVA di Pinerolo,16.26
C0055,275/282,123456,SCO,Scol,22,AIRASCA,D
C0055,275/282,123456,SCO,Scol,23,NONE Bivio,I
C0055,275/282,123456,SCO,Scol,24,CANDIOLO IRCCS-Centro Ricerche,R
C0055,275/282,123456,SCO,Scol,25,TORINO - Porta Nuova,17.14
C0055,275/282,123456,SCO,Scol,26,TORINO - Porta Susa,17.19
C0056,275/282,123456,FER,,1,OULX - Stazione FS,13.45
C0056,275/282,123456,FER,,2,OULX - Liceo,13.46
C0056,275/282,123456,FER,,3,OULX - p.zza Garambois,13.48
C0056,275/282,123456,FER,,4,CESANA TORINESE,14.05
C0056,275/282,123456,FER,,5,SESTRIERE,14.30
C0057,275/282,123456,FER,NS#,1,SESTRIERE,14:30
C0057,275/282,123456,FER,NS#,2,PRAGELATO,14.50
C0057,275/282,123456,FER,NS#,3,FENESTRELLE - via Nazionale,15.10
C0057,275/282,123456,FER,NS#,4,PEROSA ARG.-pzza Terzo Alpini (Arrivo),15.40
C0057,275/282,123456,FER,NS#,5,PEROSA ARG.-pzza Terzo Alpini (Partenza),15.40
C0057,275/282,123456,FER,NS#,6,PINASCA,15.44
C0057,275/282,123456,FER,NS#,7,DUBBIONE - via Nazionale,15.45
C0057,275/282,123456,FER,NS#,8,VILLAR PEROSA - via Nazionale,15.50
C0057,275/282,123456,FER,NS#,9,S. GERMANO CHISONE,15.56
C0057,275/282,123456,FER,NS#,10,PORTE,15.58
C0057,275/282,123456,FER,NS#,11,S. MARTINO,16.00
C0057,275/282,123456,FER,NS#,12,ABBADIA ALPINA,16.06
C0057,275/282,123456,FER,NS#,13,PONTE LEMINA,16.07
C0057,275/282,123456,FER,NS#,14,PINEROLO - piazza Cavour,16.10
C0057,275/282,123456,FER,NS#,15,PINEROLO - Movicentro,16.16
C0057,275/282,123456,FER,NS#,16,PINEROLO - c.so Torino-MACUMBA,16.20
C0057,275/282,123456,FER,NS#,17,RIVA di Pinerolo,16.26
C0057,275/282,123456,FER,NS#,18,AIRASCA,D
C0057,275/282,123456,FER,NS#,19,NONE Bivio,I
C0057,275/282,123456,FER,NS#,20,CANDIOLO IRCCS-Centro Ricerche,R
C0057,275/282,123456,FER,NS#,21,TORINO - Porta Nuova,17.14
C0057,275/282,123456,FER,NS#,22,TORINO - Porta Susa,17.19
C0058,275/282,12345,FER,A,1,PEROSA ARG.-pzza Terzo Alpini (Partenza),16.10
C0058,275/282,12345,FER,A,2,PINASCA,16.14
C0058,275/282,12345,FER,A,3,DUBBIONE - via Nazionale,16.15
C0058,275/282,12345,FER,A,4,VILLAR PEROSA - via Nazionale,16.20
C0058,275/282,12345,FER,A,5,S. GERMANO CHISONE,16.26
C0058,275/282,12345,FER,A,6,PORTE,16.28
C0058,275/282,12345,FER,A,7,S. MARTINO,16.30
C0058,275/282,12345,FER,A,8,ABBADIA ALPINA,16.36
C0058,275/282,12345,FER,A,9,PONTE LEMINA,16.37
C0058,275/282,12345,FER,A,10,PINEROLO - piazza Cavour,16.40
C0059,275/282,,GG,I,1,PINEROLO - piazza Cavour,16.40
C0059,275/282,,GG,I,2,PINEROLO - Movicentro,16.46
C0059,275/282,,GG,I,3,PINEROLO - c.so Torino-MACUMBA,16:52
C0059,275/282,,GG,I,4,RIVA di Pinerolo,17:00
C0059,275/282,,GG,I,5,Bivio BOTTEGHE,17:05
C0059,275/282,,GG,I,6,AIRASCA,17:11
C0059,275/282,,GG,I,7,NONE Bivio,17:17
C0059,275/282,,GG,I,8,CANDIOLO IRCCS-Centro Ricerche,17:30
C0059,275/282,,GG,I,9,STUPINIGI - Palazzina di Caccia,17:40
C0059,275/282,,GG,I,10,TORINO - Porta Nuova,18:07
C0059,275/282,,GG,I,11,TORINO - Porta Susa,18:15
C0060,275/282,123456,FER,,1,OULX - Stazione FS,14.45
C0060,275/282,123456,FER,,2,OULX - Liceo,14.46
C0060,275/282,123456,FER,,3,OULX - p.zza Garambois,14.48
C0060,275/282,123456,FER,,4,CESANA TORINESE,15.05
C0060,275/282,123456,FER,,5,SESTRIERE,15.30
C0060,275/282,123456,FER,,6,PRAGELATO,15.50
C0060,275/282,123456,FER,,7,FENESTRELLE - via Nazionale,16.10
C0060,275/282,123456,FER,,8,PEROSA ARG.-pzza Terzo Alpini (Arrivo),16.40
C0061,275/282,123456,FER,I,1,PEROSA ARG.-pzza Terzo Alpini (Partenza),16.40
C0061,275/282,123456,FER,I,2,PINASCA,16.44
C0061,275/282,123456,FER,I,3,DUBBIONE - via Nazionale,16.45
C0061,275/282,123456,FER,I,4,VILLAR PEROSA - via Nazionale,16.50
C0061,275/282,123456,FER,I,5,S. GERMANO CHISONE,16.56
C0061,275/282,123456,FER,I,6,PORTE,16.58
C0061,275/282,123456,FER,I,7,S. MARTINO,17.00
C0061,275/282,123456,FER,I,8,ABBADIA ALPINA,17.06
C0061,275/282,123456,FER,I,9,PONTE LEMINA,17.07
C0061,275/282,123456,FER,I,10,PINEROLO - piazza Cavour,17.10
C0061,275/282,123456,FER,I,11,PINEROLO - Movicentro,17:16
C0061,275/282,123456,FER,I,12,PINEROLO - c.so Torino-MACUMBA,17:22
C0061,275/282,123456,FER,I,13,RIVA di Pinerolo,17:28
C0061,275/282,123456,FER,I,14,Bivio BOTTEGHE,17:33
C0061,275/282,123456,FER,I,15,AIRASCA,17:40
C0061,275/282,123456,FER,I,16,NONE Bivio,17:45
C0061,275/282,123456,FER,I,17,CANDIOLO IRCCS-Centro Ricerche,17:55
C0061,275/282,123456,FER,I,18,STUPINIGI - Palazzina di Caccia,18:05
C0061,275/282,123456,FER,I,19,TORINO - Porta Nuova,18:35
C0061,275/282,123456,FER,I,20,TORINO - Porta Susa,18:40
C0062,275/282,NAT,FEST,,1,PEROSA ARG.-pzza Terzo Alpini (Partenza),16.40
C0062,275/282,NAT,FEST,,2,PINASCA,16.44
C0062,275/282,NAT,FEST,,3,DUBBIONE - via Nazionale,16.45
C0062,275/282,NAT,FEST,,4,VILLAR PEROSA - via Nazionale,16.50
C0062,275/282,NAT,FEST,,5,S. GERMANO CHISONE,16.56
C0062,275/282,NAT,FEST,,6,PORTE,16.58
C0062,275/282,NAT,FEST,,7,S. MARTINO,17.00
C0062,275/282,NAT,FEST,,8,ABBADIA ALPINA,17.06
C0062,275/282,NAT,FEST,,9,PONTE LEMINA,17.07
C0062,275/282,NAT,FEST,,10,PINEROLO - piazza Cavour,17.10
C0062,275/282,NAT,FEST,,11,PINEROLO - Movicentro,17.16
C0062,275/282,NAT,FEST,,12,PINEROLO - c.so Torino-MACUMBA,17.20
C0062,275/282,NAT,FEST,,13,RIVA di Pinerolo,17.26
C0062,275/282,NAT,FEST,,14,AIRASCA,D
C0062,275/282,NAT,FEST,,15,NONE Bivio,I
C0062,275/282,NAT,FEST,,16,CANDIOLO IRCCS-Centro Ricerche,R
C0062,275/282,NAT,FEST,,17,TORINO - Porta Nuova,18.14
C0062,275/282,NAT,FEST,,18,TORINO - Porta Susa,18.19
C0063,275/282,78,FEST,J,1,OULX - Stazione FS,15.15
C0063,275/282,78,FEST,J,2,OULX - Liceo,15.16
C0063,275/282,78,FEST,J,3,OULX - p.zza Garambois,15.18
C0063,275/282,78,FEST,J,4,CESANA TORINESE,15.35
C0063,275/282,78,FEST,J,5,SESTRIERE,16.00
C0063,275/282,78,FEST,J,6,PRAGELATO,16.20
C0063,275/282,78,FEST,J,7,FENESTRELLE - via Nazionale,16.40
C0063,275/282,78,FEST,J,8,PEROSA ARG.-pzza Terzo Alpini (Arrivo),17.10
C0063,275/282,78,FEST,J,9,PEROSA ARG.-pzza Terzo Alpini (Partenza),17.10
C0063,275/282,78,FEST,J,10,PINASCA,17.14
C0063,275/282,78,FEST,J,11,DUBBIONE - via Nazionale,17.15
C0063,275/282,78,FEST,J,12,VILLAR PEROSA - via Nazionale,17.20
C0063,275/282,78,FEST,J,13,S. GERMANO CHISONE,17.26
C0063,275/282,78,FEST,J,14,PORTE,17.28
C0063,275/282,78,FEST,J,15,S. MARTINO,17.30
C0063,275/282,78,FEST,J,16,ABBADIA ALPINA,17.36
C0063,275/282,78,FEST,J,17,PONTE LEMINA,17.37
C0063,275/282,78,FEST,J,18,PINEROLO - piazza Cavour,17.40
C0063,275/282,78,FEST,J,19,PINEROLO - Movicentro,17.46
C0063,275/282,78,FEST,J,20,PINEROLO - c.so Torino-MACUMBA,17.50
C0063,275/282,78,FEST,J,21,RIVA di Pinerolo,17.56
C0063,275/282,78,FEST,J,22,AIRASCA,D
C0063,275/282,78,FEST,J,23,NONE Bivio,I
C0063,275/282,78,FEST,J,24,CANDIOLO IRCCS-Centro Ricerche,R
C0063,275/282,78,FEST,J,25,TORINO - Porta Nuova,18.44
C0063,275/282,78,FEST,J,26,TORINO - Porta Susa,18.49
C0064,275/282,12345,FER,A,1,PEROSA ARG.-pzza Terzo Alpini (Partenza),17.10
C0064,275/282,12345,FER,A,2,PINASCA,17.14
C0064,275/282,12345,FER,A,3,DUBBIONE - via Nazionale,17.15
C0064,275/282,12345,FER,A,4,VILLAR PEROSA - via Nazionale,17.20
C0064,275/282,12345,FER,A,5,S. GERMANO CHISONE,17.26
C0064,275/282,12345,FER,A,6,PORTE,17.28
C0064,275/282,12345,FER,A,7,S. MARTINO,17.30
C0064,275/282,12345,FER,A,8,ABBADIA ALPINA,17.36
C0064,275/282,12345,FER,A,9,PONTE LEMINA,17.37
C0064,275/282,12345,FER,A,10,PINEROLO - piazza Cavour,17.40
C0064,275/282,12345,FER,A,11,PINEROLO - Movicentro,17.46
C0064,275/282,12345,FER,A,12,PINEROLO - c.so Torino-MACUMBA,17.50
C0064,275/282,12345,FER,A,13,RIVA di Pinerolo,17.56
C0064,275/282,12345,FER,A,14,Bivio BOTTEGHE,18.01
C0064,275/282,12345,FER,A,15,AIRASCA,18.04
C0064,275/282,12345,FER,A,16,NONE Bivio,18.09
C0064,275/282,12345,FER,A,17,CANDIOLO IRCCS-Centro Ricerche,18.14
C0064,275/282,12345,FER,A,18,STUPINIGI - Palazzina di Caccia,18.24
C0064,275/282,12345,FER,A,19,TORINO - Porta Nuova,18.52
C0064,275/282,12345,FER,A,20,TORINO - Porta Susa,18.57
C0065,275/282,6,FER,A,1,SESTRIERE,16.00
C0065,275/282,6,FER,A,2,PRAGELATO,16.20
C0065,275/282,6,FER,A,3,FENESTRELLE - via Nazionale,16.40
C0065,275/282,6,FER,A,4,PEROSA ARG.-pzza Terzo Alpini (Arrivo),17.10
C0065,275/282,6,FER,A,5,PEROSA ARG.-pzza Terzo Alpini (Partenza),17.10
C0065,275/282,6,FER,A,6,PINASCA,17.14
C0065,275/282,6,FER,A,7,DUBBIONE - via Nazionale,17.15
C0065,275/282,6,FER,A,8,VILLAR PEROSA - via Nazionale,17.20
C0065,275/282,6,FER,A,9,S. GERMANO CHISONE,17.26
C0065,275/282,6,FER,A,10,PORTE,17.28
C0065,275/282,6,FER,A,11,S. MARTINO,17.30
C0065,275/282,6,FER,A,12,ABBADIA ALPINA,17.36
C0065,275/282,6,FER,A,13,PONTE LEMINA,17.37
C0065,275/282,6,FER,A,14,PINEROLO - piazza Cavour,17.40
C0066,275/282,12345,FER,A,1,SESTRIERE,16.30
C0066,275/282,12345,FER,A,2,PRAGELATO,16.50
C0066,275/282,12345,FER,A,3,FENESTRELLE - via Nazionale,17.10
C0066,275/282,12345,FER,A,4,PEROSA ARG.-pzza Terzo Alpini (Arrivo),17.40
C0066,275/282,12345,FER,A,5,PEROSA ARG.-pzza Terzo Alpini (Partenza),17.40
C0066,275/282,12345,FER,A,6,PINASCA,17.44
C0066,275/282,12345,FER,A,7,DUBBIONE - via Nazionale,17.45
C0066,275/282,12345,FER,A,8,VILLAR PEROSA - via Nazionale,17.50
C0066,275/282,12345,FER,A,9,S. GERMANO CHISONE,17.56
C0066,275/282,12345,FER,A,10,PORTE,17.58
C0066,275/282,12345,FER,A,11,S. MARTINO,18.00
C0066,275/282,12345,FER,A,12,ABBADIA ALPINA,18.06
C0066,275/282,12345,FER,A,13,PONTE LEMINA,18.07
C0066,275/282,12345,FER,A,14,PINEROLO - piazza Cavour,18.10
C0066,275/282,12345,FER,A,15,PINEROLO - Movicentro,18.16
C0066,275/282,12345,FER,A,16,PINEROLO - c.so Torino-MACUMBA,18.20
C0066,275/282,12345,FER,A,17,RIVA di Pinerolo,18.26
C0066,275/282,12345,FER,A,18,AIRASCA,D
C0066,275/282,12345,FER,A,19,NONE Bivio,I
C0066,275/282,12345,FER,A,20,CANDIOLO IRCCS-Centro Ricerche,R
C0066,275/282,12345,FER,A,21,TORINO - Porta Nuova,19.14
C0066,275/282,12345,FER,A,22,TORINO - Porta Susa,19.19
C0067,275/282,6,FER,A,1,PEROSA ARG.-pzza Terzo Alpini (Partenza),17.40
C0067,275/282,6,FER,A,2,PINASCA,17.44
C0067,275/282,6,FER,A,3,DUBBIONE - via Nazionale,17.45
C0067,275/282,6,FER,A,4,VILLAR PEROSA - via Nazionale,17.50
C0067,275/282,6,FER,A,5,S. GERMANO CHISONE,17.56
C0067,275/282,6,FER,A,6,PORTE,17.58
C0067,275/282,6,FER,A,7,S. MARTINO,18.00
C0067,275/282,6,FER,A,8,ABBADIA ALPINA,18.06
C0067,275/282,6,FER,A,9,PONTE LEMINA,18.07
C0067,275/282,6,FER,A,10,PINEROLO - piazza Cavour,18.10
C0067,275/282,6,FER,A,11,PINEROLO - Movicentro,18.12
C0068,275/282,12345,FER,A,1,PINEROLO - Movicentro,18.46
C0068,275/282,12345,FER,A,2,PINEROLO - c.so Torino-MACUMBA,18.50
C0068,275/282,12345,FER,A,3,RIVA di Pinerolo,18.56
C0068,275/282,12345,FER,A,4,Bivio BOTTEGHE,19.01
C0068,275/282,12345,FER,A,5,AIRASCA,19.04
C0068,275/282,12345,FER,A,6,NONE Bivio,19.09
C0068,275/282,12345,FER,A,7,CANDIOLO IRCCS-Centro Ricerche,19.14
C0068,275/282,12345,FER,A,8,STUPINIGI - Palazzina di Caccia,19.24
C0068,275/282,12345,FER,A,9,TORINO - Porta Nuova,19.52
C0068,275/282,12345,FER,A,10,TORINO - Porta Susa,19.57
C0069,275/282,6,FER,A,1,PEROSA ARG.-pzza Terzo Alpini (Partenza),18.10
C0069,275/282,6,FER,A,2,PINASCA,18.14
C0069,275/282,6,FER,A,3,DUBBIONE - via Nazionale,18.15
C0069,275/282,6,FER,A,4,VILLAR PEROSA - via Nazionale,18.20
C0069,275/282,6,FER,A,5,S. GERMANO CHISONE,18.26
C0069,275/282,6,FER,A,6,PORTE,18.28
C0069,275/282,6,FER,A,7,S. MARTINO,18.30
C0069,275/282,6,FER,A,8,ABBADIA ALPINA,18.36
C0069,275/282,6,FER,A,9,PONTE LEMINA,18.37
C0069,275/282,6,FER,A,10,PINEROLO - piazza Cavour,18.40
C0069,275/282,6,FER,A,11,PINEROLO - Movicentro,18:42
C0070,275/282,123456,FER,,1,OULX - Stazione FS,16.45
C0070,275/282,123456,FER,,2,OULX - Liceo,16.46
C0070,275/282,123456,FER,,3,OULX - p.zza Garambois,16.48
C0070,275/282,123456,FER,,4,CESANA TORINESE,17.05
C0070,275/282,123456,FER,,5,SESTRIERE,17.30
C0070,275/282,123456,FER,,6,PRAGELATO,17.50
C0070,275/282,123456,FER,,7,FENESTRELLE - via Nazionale,18.10
C0070,275/282,123456,FER,,8,PEROSA ARG.-pzza Terzo Alpini (Arrivo),18.40
C0070,275/282,123456,FER,,9,PEROSA ARG.-pzza Terzo Alpini (Partenza),18.40
C0070,275/282,123456,FER,,10,PINASCA,18.44
C0070,275/282,123456,FER,,11,DUBBIONE - via Nazionale,18.45
C0070,275/282,123456,FER,,12,VILLAR PEROSA - via Nazionale,18.50
C0070,275/282,123456,FER,,13,S. GERMANO CHISONE,18.56
C0070,275/282,123456,FER,,14,PORTE,18.58
C0070,275/282,123456,FER,,15,S. MARTINO,19.00
C0070,275/282,123456,FER,,16,ABBADIA ALPINA,19.06
C0070,275/282,123456,FER,,17,PONTE LEMINA,19.07
C0070,275/282,123456,FER,,18,PINEROLO - piazza Cavour,19.10
C0070,275/282,123456,FER,,19,PINEROLO - Movicentro,19.16
C0070,275/282,123456,FER,,20,PINEROLO - c.so Torino-MACUMBA,19.20
C0070,275/282,123456,FER,,21,RIVA di Pinerolo,19.26
C0070,275/282,123456,FER,,22,AIRASCA,D
C0070,275/282,123456,FER,,23,NONE Bivio,I
C0070,275/282,123456,FER,,24,CANDIOLO IRCCS-Centro Ricerche,R
C0070,275/282,123456,FER,,25,TORINO - Porta Nuova,20.14
C0070,275/282,123456,FER,,26,TORINO - Porta Susa,20.19
C0071,275/282,78,FEST,#,1,OULX - Stazione FS,17.15
C0071,275/282,78,FEST,#,2,OULX - Liceo,17.16
C0071,275/282,78,FEST,#,3,OULX - p.zza Garambois,17.18
C0071,275/282,78,FEST,#,4,CESANA TORINESE,17.35
C0071,275/282,78,FEST,#,5,SESTRIERE,18.00
C0072,275/282,78,FEST,J,1,SESTRIERE,18.00
C0072,275/282,78,FEST,J,2,PRAGELATO,18.20
C0072,275/282,78,FEST,J,3,FENESTRELLE - via Nazionale,18.40
C0072,275/282,78,FEST,J,4,PEROSA ARG.-pzza Terzo Alpini (Arrivo),19.10
C0072,275/282,78,FEST,J,5,PEROSA ARG.-pzza Terzo Alpini (Partenza),19.10
C0072,275/282,78,FEST,J,6,PINASCA,19.14
C0072,275/282,78,FEST,J,7,DUBBIONE - via Nazionale,19.15
C0072,275/282,78,FEST,J,8,VILLAR PEROSA - via Nazionale,19.20
C0072,275/282,78,FEST,J,9,S. GERMANO CHISONE,19.26
C0072,275/282,78,FEST,J,10,PORTE,19.28
C0072,275/282,78,FEST,J,11,S. MARTINO,19.30
C0072,275/282,78,FEST,J,12,ABBADIA ALPINA,19.36
C0072,275/282,78,FEST,J,13,PONTE LEMINA,19.37
C0072,275/282,78,FEST,J,14,PINEROLO - piazza Cavour,19.40
C0072,275/282,78,FEST,J,15,PINEROLO - Movicentro,19.46
C0072,275/282,78,FEST,J,16,PINEROLO - c.so Torino-MACUMBA,19.50
C0072,275/282,78,FEST,J,17,RIVA di Pinerolo,19.56
C0072,275/282,78,FEST,J,18,AIRASCA,D
C0072,275/282,78,FEST,J,19,NONE Bivio,I
C0072,275/282,78,FEST,J,20,CANDIOLO IRCCS-Centro Ricerche,R
C0072,275/282,78,FEST,J,21,TORINO - Porta Nuova,20.44
C0072,275/282,78,FEST,J,22,TORINO - Porta Susa,20.49
C0073,275/282,12345,FER,A,1,PEROSA ARG.-pzza Terzo Alpini (Partenza),19.40
C0073,275/282,12345,FER,A,2,PINASCA,19.44
C0073,275/282,12345,FER,A,3,DUBBIONE - via Nazionale,19.45
C0073,275/282,12345,FER,A,4,VILLAR PEROSA - via Nazionale,19.50
C0073,275/282,12345,FER,A,5,S. GERMANO CHISONE,19.56
C0073,275/282,12345,FER,A,6,PORTE,19.58
C0073,275/282,12345,FER,A,7,S. MARTINO,20.00
C0073,275/282,12345,FER,A,8,ABBADIA ALPINA,20.06
C0073,275/282,12345,FER,A,9,PONTE LEMINA,20.07
C0073,275/282,12345,FER,A,10,PINEROLO - piazza Cavour,20.10
C0073,275/282,12345,FER,A,11,PINEROLO - Movicentro,20.16
C0073,275/282,12345,FER,A,12,PINEROLO - c.so Torino-MACUMBA,20.20
C0073,275/282,12345,FER,A,13,RIVA di Pinerolo,20.26
C0073,275/282,12345,FER,A,14,AIRASCA,D
C0073,275/282,12345,FER,A,15,NONE Bivio,I
C0073,275/282,12345,FER,A,16,CANDIOLO IRCCS-Centro Ricerche,R
C0073,275/282,12345,FER,A,17,TORINO - Porta Nuova,21.14
C0073,275/282,12345,FER,A,18,TORINO - Porta Susa,21.19
C0074,275/282,12345,FER,A,1,PEROSA ARG.-pzza Terzo Alpini (Partenza),20.10
C0074,275/282,12345,FER,A,2,PINASCA,20.14
C0074,275/282,12345,FER,A,3,DUBBIONE - via Nazionale,20.15
C0074,275/282,12345,FER,A,4,VILLAR PEROSA - via Nazionale,20.20
C0074,275/282,12345,FER,A,5,S. GERMANO CHISONE,20.26
C0074,275/282,12345,FER,A,6,PORTE,20.28
C0074,275/282,12345,FER,A,7,S. MARTINO,20.30
C0074,275/282,12345,FER,A,8,ABBADIA ALPINA,20.36
C0074,275/282,12345,FER,A,9,PONTE LEMINA,20.37
C0074,275/282,12345,FER,A,10,PINEROLO - piazza Cavour,20.40
C0074,275/282,12345,FER,A,11,PINEROLO - Movicentro,20.46
C0074,275/282,12345,FER,A,12,PINEROLO - c.so Torino-MACUMBA,20.50
C0074,275/282,12345,FER,A,13,RIVA di Pinerolo,20.56
C0074,275/282,12345,FER,A,14,Bivio BOTTEGHE,21.01
C0074,275/282,12345,FER,A,15,AIRASCA,21.04
C0074,275/282,12345,FER,A,16,NONE Bivio,21.09
C0074,275/282,12345,FER,A,17,CANDIOLO IRCCS-Centro Ricerche,21.14
C0074,275/282,12345,FER,A,18,STUPINIGI - Palazzina di Caccia,21.24
C0074,275/282,12345,FER,A,19,TORINO - Porta Nuova,21.52
C0074,275/282,12345,FER,A,20,TORINO - Porta Susa,21.57
C0075,275/282,123456,FER,,1,OULX - Stazione FS,18.45
C0075,275/282,123456,FER,,2,OULX - Liceo,18.46
C0075,275/282,123456,FER,,3,OULX - p.zza Garambois,18.48
C0075,275/282,123456,FER,,4,CESANA TORINESE,19.05
C0075,275/282,123456,FER,,5,SESTRIERE,19.30
C0075,275/282,123456,FER,,6,PRAGELATO,19.50
C0075,275/282,123456,FER,,7,FENESTRELLE - via Nazionale,20.10
C0075,275/282,123456,FER,,8,PEROSA ARG.-pzza Terzo Alpini (Arrivo),20.40
C0075,275/282,123456,FER,,9,PEROSA ARG.-pzza Terzo Alpini (Partenza),20.40
C0075,275/282,123456,FER,,10,PINASCA,20.44
C0075,275/282,123456,FER,,11,DUBBIONE - via Nazionale,20.45
C0075,275/282,123456,FER,,12,VILLAR PEROSA - via Nazionale,20.50
C0075,275/282,123456,FER,,13,S. GERMANO CHISONE,20.56
C0075,275/282,123456,FER,,14,PORTE,20.58
C0075,275/282,123456,FER,,15,S. MARTINO,21.00
C0075,275/282,123456,FER,,16,ABBADIA ALPINA,21.06
C0075,275/282,123456,FER,,17,PONTE LEMINA,21.07
C0075,275/282,123456,FER,,18,PINEROLO - piazza Cavour,21.10
C0075,275/282,123456,FER,,19,PINEROLO - Movicentro,21:12
C0076,275/282,123456,FER,#,1,PINEROLO - Movicentro,21.16
C0076,275/282,123456,FER,#,2,PINEROLO - c.so Torino-MACUMBA,21.20
C0076,275/282,123456,FER,#,3,RIVA di Pinerolo,21.26
C0076,275/282,123456,FER,#,4,AIRASCA,D
C0076,275/282,123456,FER,#,5,NONE Bivio,I
C0076,275/282,123456,FER,#,6,CANDIOLO IRCCS-Centro Ricerche,R
C0076,275/282,123456,FER,#,7,TORINO - Porta Nuova,22.14
C0076,275/282,123456,FER,#,8,TORINO - Porta Susa,22.19
C0077,275/282,78,FEST,J,1,OULX - Stazione FS,19.15
C0077,275/282,78,FEST,J,2,OULX - Liceo,19.16
C0077,275/282,78,FEST,J,3,OULX - p.zza Garambois,19.18
C0077,275/282,78,FEST,J,4,CESANA TORINESE,19.35
C0077,275/282,78,FEST,J,5,SESTRIERE,20.00
C0077,275/282,78,FEST,J,6,PRAGELATO,20.20
C0077,275/282,78,FEST,J,7,FENESTRELLE - via Nazionale,20.40
C0077,275/282,78,FEST,J,8,PEROSA ARG.-pzza Terzo Alpini (Arrivo),21.10
C0077,275/282,78,FEST,J,9,PEROSA ARG.-pzza Terzo Alpini (Partenza),21.10
C0077,275/282,78,FEST,J,10,PINASCA,21.14
C0077,275/282,78,FEST,J,11,DUBBIONE - via Nazionale,21.15
C0077,275/282,78,FEST,J,12,VILLAR PEROSA - via Nazionale,21.20
C0077,275/282,78,FEST,J,13,S. GERMANO CHISONE,21.26
C0077,275/282,78,FEST,J,14,PORTE,21.28
C0077,275/282,78,FEST,J,15,S. MARTINO,21.30
C0077,275/282,78,FEST,J,16,ABBADIA ALPINA,21.36
C0077,275/282,78,FEST,J,17,PONTE LEMINA,21.37
C0077,275/282,78,FEST,J,18,PINEROLO - piazza Cavour,21.40
C0077,275/282,78,FEST,J,19,PINEROLO - Movicentro,21.46
C0077,275/282,78,FEST,J,20,PINEROLO - c.so Torino-MACUMBA,21.50
C0077,275/282,78,FEST,J,21,RIVA di Pinerolo,21.56
C0077,275/282,78,FEST,J,22,AIRASCA,D
C0077,275/282,78,FEST,J,23,NONE Bivio,I
C0077,275/282,78,FEST,J,24,CANDIOLO IRCCS-Centro Ricerche,R
C0077,275/282,78,FEST,J,25,TORINO - Porta Nuova,22.44
C0077,275/282,78,FEST,J,26,TORINO - Porta Susa,22.49
C0078,275/282,12345,FER,A,1,PEROSA ARG.-pzza Terzo Alpini (Partenza),21.10
C0078,275/282,12345,FER,A,2,PINASCA,21.14
C0078,275/282,12345,FER,A,3,DUBBIONE - via Nazionale,21.15
C0078,275/282,12345,FER,A,4,VILLAR PEROSA - via Nazionale,21.20
C0078,275/282,12345,FER,A,5,S. GERMANO CHISONE,21.26
C0078,275/282,12345,FER,A,6,PORTE,21.28
C0078,275/282,12345,FER,A,7,S. MARTINO,21.30
C0078,275/282,12345,FER,A,8,ABBADIA ALPINA,21.36
C0078,275/282,12345,FER,A,9,PONTE LEMINA,21.37
C0078,275/282,12345,FER,A,10,PINEROLO - piazza Cavour,21.40
C0078,275/282,12345,FER,A,11,PINEROLO - Movicentro,21.46
C0078,275/282,12345,FER,A,12,PINEROLO - c.so Torino-MACUMBA,21.50
C0078,275/282,12345,FER,A,13,RIVA di Pinerolo,21.56
C0078,275/282,12345,FER,A,14,Bivio BOTTEGHE,22.01
C0078,275/282,12345,FER,A,15,AIRASCA,22.04
C0078,275/282,12345,FER,A,16,NONE Bivio,22.09
C0078,275/282,12345,FER,A,17,CANDIOLO IRCCS-Centro Ricerche,22.14
C0078,275/282,12345,FER,A,18,STUPINIGI - Palazzina di Caccia,22.24
C0078,275/282,12345,FER,A,19,TORINO - Porta Nuova,22.52
C0078,275/282,12345,FER,A,20,TORINO - Porta Susa,22.57
C0079,275/282,123456,FER,A,1,PINEROLO - Movicentro,4:28
C0079,275/282,123456,FER,A,2,PINEROLO - piazza Cavour,4:30
C0079,275/282,123456,FER,A,3,PONTE LEMINA,4:33
C0079,275/282,123456,FER,A,4,ABBADIA ALPINA,4:34
C0079,275/282,123456,FER,A,5,S. MARTINO,4:40
C0079,275/282,123456,FER,A,6,PORTE,4:42
C0079,275/282,123456,FER,A,7,VILLAR PEROSA - via Nazionale,4:50
C0079,275/282,123456,FER,A,8,DUBBIONE - via Nazionale,4:55
C0079,275/282,123456,FER,A,9,PINASCA,4:56
C0079,275/282,123456,FER,A,10,PEROSA ARG.-pzza Terzo Alpini (Arrivo),5:00
C0079,275/282,123456,FER,A,11,PEROSA ARG.-pzza Terzo Alpini (Partenza),5:00
C0079,275/282,123456,FER,A,12,FENESTRELLE - via Nazionale,5:30
C0079,275/282,123456,FER,A,13,PRAGELATO,5:50
C0079,275/282,123456,FER,A,14,SESTRIERE,6:10
C0080,275/282,123456,FER,,1,PEROSA ARG.-pzza Terzo Alpini (Partenza),5.50
C0080,275/282,123456,FER,,2,FENESTRELLE - via Nazionale,6.20
C0080,275/282,123456,FER,,3,PRAGELATO,6.40
C0080,275/282,123456,FER,,4,SESTRIERE,7.00
C0080,275/282,123456,FER,,5,CESANA TORINESE,7.25
C0080,275/282,123456,FER,,6,OULX - p.zza Garambois,7.42
C0080,275/282,123456,FER,,7,OULX - Liceo,7.44
C0080,275/282,123456,FER,,8,OULX - Stazione FS,7.45
C0081,275/282,78,FEST,J,1,PEROSA ARG.-pzza Terzo Alpini (Partenza),6.54
C0081,275/282,78,FEST,J,2,FENESTRELLE - via Nazionale,7.24
C0081,275/282,78,FEST,J,3,PRAGELATO,7.44
C0081,275/282,78,FEST,J,4,SESTRIERE,8.04
C0081,275/282,78,FEST,J,5,CESANA TORINESE,8.29
C0081,275/282,78,FEST,J,6,OULX - p.zza Garambois,8.46
C0081,275/282,78,FEST,J,7,OULX - Liceo,8.48
C0081,275/282,78,FEST,J,8,OULX - Stazione FS,8.49
C0082,275/282,12345,FER,A,1,PINEROLO - Movicentro,5.48
C0082,275/282,12345,FER,A,2,PINEROLO - piazza Cavour,5.50
C0082,275/282,12345,FER,A,3,PONTE LEMINA,5.53
C0082,275/282,12345,FER,A,4,ABBADIA ALPINA,5.54
C0082,275/282,12345,FER,A,5,S. MARTINO,6.00
C0082,275/282,12345,FER,A,6,PORTE,6.02
C0082,275/282,12345,FER,A,7,VILLAR PEROSA - via Nazionale,6.10
C0082,275/282,12345,FER,A,8,DUBBIONE - via Nazionale,6.15
C0082,275/282,12345,FER,A,9,PINASCA,6.16
C0082,275/282,12345,FER,A,10,PEROSA ARG.-pzza Terzo Alpini (Arrivo),6.20
C0083,275/282,12345,FER,A,1,PINEROLO - Movicentro,6.18
C0083,275/282,12345,FER,A,2,PINEROLO - piazza Cavour,6.20
C0083,275/282,12345,FER,A,3,PONTE LEMINA,6.23
C0083,275/282,12345,FER,A,4,ABBADIA ALPINA,6.24
C0083,275/282,12345,FER,A,5,S. MARTINO,6.30
C0083,275/282,12345,FER,A,6,PORTE,6.32
C0083,275/282,12345,FER,A,7,VILLAR PEROSA - via Nazionale,6.40
C0083,275/282,12345,FER,A,8,DUBBIONE - via Nazionale,6.45
C0083,275/282,12345,FER,A,9,PINASCA,6.46
C0083,275/282,12345,FER,A,10,PEROSA ARG.-pzza Terzo Alpini (Arrivo),6.50
C0083,275/282,12345,FER,A,11,PEROSA ARG.-pzza Terzo Alpini (Partenza),6.50
C0083,275/282,12345,FER,A,12,FENESTRELLE - via Nazionale,7.20
C0084,275/282,12345,FER,A,1,PINEROLO - Movicentro,7.18
C0084,275/282,12345,FER,A,2,PINEROLO - piazza Cavour,7.20
C0084,275/282,12345,FER,A,3,PONTE LEMINA,7.23
C0084,275/282,12345,FER,A,4,ABBADIA ALPINA,7.24
C0084,275/282,12345,FER,A,5,S. MARTINO,7.30
C0084,275/282,12345,FER,A,6,PORTE,7.32
C0084,275/282,12345,FER,A,7,VILLAR PEROSA - via Nazionale,7.40
C0084,275/282,12345,FER,A,8,DUBBIONE - via Nazionale,7.45
C0084,275/282,12345,FER,A,9,PINASCA,7.46
C0084,275/282,12345,FER,A,10,PEROSA ARG.-pzza Terzo Alpini (Arrivo),7.50
C0085,275/282,123456,FER,,1,TORINO - Porta Susa,6.41
C0085,275/282,123456,FER,,2,TORINO - Porta Nuova,6.46
C0085,275/282,123456,FER,,3,STUPINIGI - Palazzina di Caccia,D
C0085,275/282,123456,FER,,4,CANDIOLO IRCCS-Centro Ricerche,I
C0085,275/282,123456,FER,,5,NONE Bivio,R
C0085,275/282,123456,FER,,6,RIVA di Pinerolo,7.34
C0085,275/282,123456,FER,,7,PINEROLO - c.so Torino-MACUMBA,7.40
C0085,275/282,123456,FER,,8,PINEROLO - Movicentro,7.48
C0085,275/282,123456,FER,,9,PINEROLO - piazza Cavour,7.50
C0085,275/282,123456,FER,,10,PONTE LEMINA,7.53
C0085,275/282,123456,FER,,11,ABBADIA ALPINA,7.54
C0085,275/282,123456,FER,,12,S. MARTINO,8.00
C0085,275/282,123456,FER,,13,PORTE,8.02
C0085,275/282,123456,FER,,14,VILLAR PEROSA - via Nazionale,8.10
C0085,275/282,123456,FER,,15,DUBBIONE - via Nazionale,8.15
C0085,275/282,123456,FER,,16,PINASCA,8.16
C0085,275/282,123456,FER,,17,PEROSA ARG.-pzza Terzo Alpini (Arrivo),8.20
C0085,275/282,123456,FER,,18,PEROSA ARG.-pzza Terzo Alpini (Partenza),8.20
C0085,275/282,123456,FER,,19,FENESTRELLE - via Nazionale,8.50
C0085,275/282,123456,FER,,20,PRAGELATO,9.10
C0085,275/282,123456,FER,,21,SESTRIERE,9.30
C0085,275/282,123456,FER,,22,CESANA TORINESE,9.55
C0085,275/282,123456,FER,,23,OULX - p.zza Garambois,10.12
C0085,275/282,123456,FER,,24,OULX - Liceo,10.14
C0085,275/282,123456,FER,,25,OULX - Stazione FS,10.15
C0086,275/282,12345,FER,I,1,TORINO - Porta Susa,6.43
C0086,275/282,12345,FER,I,2,TORINO - Porta Nuova,6.48
C0086,275/282,12345,FER,I,3,STUPINIGI - Palazzina di Caccia,7.16
C0086,275/282,12345,FER,I,4,CANDIOLO IRCCS-Centro Ricerche,7.26
C0086,275/282,12345,FER,I,5,NONE Bivio,7.31
C0086,275/282,12345,FER,I,6,AIRASCA,7.36
C0086,275/282,12345,FER,I,7,Bivio BOTTEGHE,7.39
C0086,275/282,12345,FER,I,8,RIVA di Pinerolo,7.44
C0086,275/282,12345,FER,I,9,PINEROLO - c.so Torino-MACUMBA,7.50
C0086,275/282,12345,FER,I,10,PINEROLO - Movicentro,7.58
C0086,275/282,12345,FER,I,11,PINEROLO - piazza Cavour,8.00
C0087,275/282,12345,FER,I,1,TORINO - Porta Susa,6.53
C0087,275/282,12345,FER,I,2,TORINO - Porta Nuova,6.58
C0087,275/282,12345,FER,I,3,STUPINIGI - Palazzina di Caccia,7.26
C0087,275/282,12345,FER,I,4,CANDIOLO IRCCS-Centro Ricerche,7.36
C0087,275/282,12345,FER,I,5,NONE Bivio,7.41
C0087,275/282,12345,FER,I,6,AIRASCA,7.46
C0087,275/282,12345,FER,I,7,Bivio BOTTEGHE,7.49
C0087,275/282,12345,FER,I,8,RIVA di Pinerolo,7.54
C0087,275/282,12345,FER,I,9,PINEROLO - c.so Torino-MACUMBA,8.00
C0087,275/282,12345,FER,I,10,PINEROLO - Movicentro,8.08
C0087,275/282,12345,FER,I,11,PINEROLO - piazza Cavour,8.10
C0087,275/282,12345,FER,I,12,PONTE LEMINA,8.13
C0087,275/282,12345,FER,I,13,ABBADIA ALPINA,8.14
C0087,275/282,12345,FER,I,14,S. MARTINO,8.20
C0087,275/282,12345,FER,I,15,PORTE,8.22
C0087,275/282,12345,FER,I,16,VILLAR PEROSA - via Nazionale,8.30
C0087,275/282,12345,FER,I,17,DUBBIONE - via Nazionale,8.35
C0087,275/282,12345,FER,I,18,PINASCA,8.36
C0087,275/282,12345,FER,I,19,PEROSA ARG.-pzza Terzo Alpini (Arrivo),8.40
C0088,275/282,12345,FER,A,1,PINEROLO - piazza Cavour,8.10
C0088,275/282,12345,FER,A,2,PONTE LEMINA,8.13
C0088,275/282,12345,FER,A,3,ABBADIA ALPINA,8.14
C0088,275/282,12345,FER,A,4,S. MARTINO,8.20
C0088,275/282,12345,FER,A,5,PORTE,8.22
C0088,275/282,12345,FER,A,6,VILLAR PEROSA - via Nazionale,8.30
C0088,275/282,12345,FER,A,7,DUBBIONE - via Nazionale,8.35
C0088,275/282,12345,FER,A,8,PINASCA,8.36
C0088,275/282,12345,FER,A,9,PEROSA ARG.-pzza Terzo Alpini (Arrivo),8.40
C0089,275/282,78,FEST,J,1,TORINO - Porta Susa,7.15
C0089,275/282,78,FEST,J,2,TORINO - Porta Nuova,7.20
C0089,275/282,78,FEST,J,3,STUPINIGI - Palazzina di Caccia,D
C0089,275/282,78,FEST,J,4,CANDIOLO IRCCS-Centro Ricerche,I
C0089,275/282,78,FEST,J,5,NONE Bivio,R
C0089,275/282,78,FEST,J,6,RIVA di Pinerolo,8.08
C0089,275/282,78,FEST,J,7,PINEROLO - c.so Torino-MACUMBA,8.14
C0089,275/282,78,FEST,J,8,PINEROLO - Movicentro,8.22
C0089,275/282,78,FEST,J,9,PINEROLO - piazza Cavour,8.24
C0089,275/282,78,FEST,J,10,PONTE LEMINA,8.27
C0089,275/282,78,FEST,J,11,ABBADIA ALPINA,8.28
C0089,275/282,78,FEST,J,12,S. MARTINO,8.34
C0089,275/282,78,FEST,J,13,PORTE,8.36
C0089,275/282,78,FEST,J,14,VILLAR PEROSA - via Nazionale,8.44
C0089,275/282,78,FEST,J,15,DUBBIONE - via Nazionale,8.49
C0089,275/282,78,FEST,J,16,PINASCA,8.50
C0089,275/282,78,FEST,J,17,PEROSA ARG.-pzza Terzo Alpini (Arrivo),8.54
C0089,275/282,78,FEST,J,18,PEROSA ARG.-pzza Terzo Alpini (Partenza),8.54
C0089,275/282,78,FEST,J,19,FENESTRELLE - via Nazionale,9.24
C0089,275/282,78,FEST,J,20,PRAGELATO,9.44
C0089,275/282,78,FEST,J,21,SESTRIERE,10.04
C0089,275/282,78,FEST,J,22,CESANA TORINESE,10.29
C0089,275/282,78,FEST,J,23,OULX - p.zza Garambois,10.46
C0089,275/282,78,FEST,J,24,OULX - Liceo,10.48
C0089,275/282,78,FEST,J,25,OULX - Stazione FS,10.49
C0090,275/282,123456,FER,,1,TORINO - Porta Susa,7.41
C0090,275/282,123456,FER,,2,TORINO - Porta Nuova,7.46
C0090,275/282,123456,FER,,3,STUPINIGI - Palazzina di Caccia,D
C0090,275/282,123456,FER,,4,CANDIOLO IRCCS-Centro Ricerche,I
C0090,275/282,123456,FER,,5,NONE Bivio,R
C0090,275/282,123456,FER,,6,RIVA di Pinerolo,8.34
C0090,275/282,123456,FER,,7,PINEROLO - c.so Torino-MACUMBA,8.40
C0090,275/282,123456,FER,,8,PINEROLO - Movicentro,8.48
C0090,275/282,123456,FER,,9,PINEROLO - piazza Cavour,8.50
C0090,275/282,123456,FER,,10,PONTE LEMINA,8.53
C0090,275/282,123456,FER,,11,ABBADIA ALPINA,8.54
C0090,275/282,123456,FER,,12,S. MARTINO,9.00
C0090,275/282,123456,FER,,13,PORTE,9.02
C0090,275/282,123456,FER,,14,VILLAR PEROSA - via Nazionale,9.10
C0090,275/282,123456,FER,,15,DUBBIONE - via Nazionale,9.15
C0090,275/282,123456,FER,,16,PINASCA,9.16
C0090,275/282,123456,FER,,17,PEROSA ARG.-pzza Terzo Alpini (Arrivo),9.20
C0090,275/282,123456,FER,,18,PEROSA ARG.-pzza Terzo Alpini (Partenza),9.20
C0090,275/282,123456,FER,,19,FENESTRELLE - via Nazionale,9.50
C0090,275/282,123456,FER,,20,PRAGELATO,10.10
C0090,275/282,123456,FER,,21,SESTRIERE,10.30
C0090,275/282,123456,FER,,22,CESANA TORINESE,10.55
C0090,275/282,123456,FER,,23,OULX - p.zza Garambois,11.12
C0090,275/282,123456,FER,,24,OULX - Liceo,11.14
C0090,275/282,123456,FER,,25,OULX - Stazione FS,11.15
C0091,275/282,12345,FER,,1,TORINO - Porta Susa,8.03
C0091,275/282,12345,FER,,2,TORINO - Porta Nuova,8.08
C0091,275/282,12345,FER,,3,STUPINIGI - Palazzina di Caccia,8.36
C0091,275/282,12345,FER,,4,CANDIOLO IRCCS-Centro Ricerche,8.46
C0091,275/282,12345,FER,,5,NONE Bivio,8.51
C0091,275/282,12345,FER,,6,AIRASCA,8.56
C0091,275/282,12345,FER,,7,Bivio BOTTEGHE,8.59
C0091,275/282,12345,FER,,8,RIVA di Pinerolo,9.04
C0091,275/282,12345,FER,,9,PINEROLO - c.so Torino-MACUMBA,9.10
C0091,275/282,12345,FER,,10,PINEROLO - Movicentro,9.18
C0091,275/282,12345,FER,,11,PINEROLO - piazza Cavour,9.20
C0091,275/282,12345,FER,,12,PONTE LEMINA,9.23
C0091,275/282,12345,FER,,13,ABBADIA ALPINA,9.24
C0091,275/282,12345,FER,,14,S. MARTINO,9.30
C0091,275/282,12345,FER,,15,PORTE,9.32
C0091,275/282,12345,FER,,16,VILLAR PEROSA - via Nazionale,9.40
C0091,275/282,12345,FER,,17,DUBBIONE - via Nazionale,9.45
C0091,275/282,12345,FER,,18,PINASCA,9.46
C0091,275/282,12345,FER,,19,PEROSA ARG.-pzza Terzo Alpini (Arrivo),9.50
C0092,275/282,12345,FER,A,1,TORINO - Porta Susa,8.11
C0092,275/282,12345,FER,A,2,TORINO - Porta Nuova,8.16
C0092,275/282,12345,FER,A,3,STUPINIGI - Palazzina di Caccia,D
C0092,275/282,12345,FER,A,4,CANDIOLO IRCCS-Centro Ricerche,I
C0092,275/282,12345,FER,A,5,NONE Bivio,R
C0092,275/282,12345,FER,A,6,RIVA di Pinerolo,9.04
C0092,275/282,12345,FER,A,7,PINEROLO - c.so Torino-MACUMBA,9.10
C0092,275/282,12345,FER,A,8,PINEROLO - Movicentro,9.18
C0092,275/282,12345,FER,A,9,PINEROLO - piazza Cavour,9.20
C0093,275/282,12345,FER,A,1,TORINO - Porta Susa,8.41
C0093,275/282,12345,FER,A,2,TORINO - Porta Nuova,8.46
C0093,275/282,12345,FER,A,3,STUPINIGI - Palazzina di Caccia,D
C0093,275/282,12345,FER,A,4,CANDIOLO IRCCS-Centro Ricerche,I
C0093,275/282,12345,FER,A,5,NONE Bivio,R
C0093,275/282,12345,FER,A,6,RIVA di Pinerolo,9.34
C0093,275/282,12345,FER,A,7,PINEROLO - c.so Torino-MACUMBA,9.40
C0093,275/282,12345,FER,A,8,PINEROLO - Movicentro,9.48
C0093,275/282,12345,FER,A,9,PINEROLO - piazza Cavour,9.50
C0093,275/282,12345,FER,A,10,PONTE LEMINA,9.53
C0093,275/282,12345,FER,A,11,ABBADIA ALPINA,9.54
C0093,275/282,12345,FER,A,12,S. MARTINO,10.00
C0093,275/282,12345,FER,A,13,PORTE,10.02
C0093,275/282,12345,FER,A,14,VILLAR PEROSA - via Nazionale,10.10
C0093,275/282,12345,FER,A,15,DUBBIONE - via Nazionale,10.15
C0093,275/282,12345,FER,A,16,PINASCA,10.16
C0093,275/282,12345,FER,A,17,PEROSA ARG.-pzza Terzo Alpini (Arrivo),10.20
C0093,275/282,12345,FER,A,18,PEROSA ARG.-pzza Terzo Alpini (Partenza),10.20
C0093,275/282,12345,FER,A,19,FENESTRELLE - via Nazionale,10.50
C0094,275/282,123456,FER,A,1,TORINO - Porta Susa,9.03
C0094,275/282,123456,FER,A,2,TORINO - Porta Nuova,9.08
C0094,275/282,123456,FER,A,3,STUPINIGI - Palazzina di Caccia,9.36
C0094,275/282,123456,FER,A,4,CANDIOLO IRCCS-Centro Ricerche,9.46
C0094,275/282,123456,FER,A,5,NONE Bivio,9.51
C0094,275/282,123456,FER,A,6,AIRASCA,9.56
C0094,275/282,123456,FER,A,7,Bivio BOTTEGHE,9.59
C0094,275/282,123456,FER,A,8,RIVA di Pinerolo,10.04
C0094,275/282,123456,FER,A,9,PINEROLO - c.so Torino-MACUMBA,10.10
C0094,275/282,123456,FER,A,10,PINEROLO - Movicentro,10.18
C0094,275/282,123456,FER,A,11,PINEROLO - piazza Cavour,10.20
C0094,275/282,123456,FER,A,12,PONTE LEMINA,10.23
C0094,275/282,123456,FER,A,13,ABBADIA ALPINA,10.24
C0094,275/282,123456,FER,A,14,S. MARTINO,10.30
C0094,275/282,123456,FER,A,15,PORTE,10.32
C0094,275/282,123456,FER,A,16,VILLAR PEROSA - via Nazionale,10.40
C0094,275/282,123456,FER,A,17,DUBBIONE - via Nazionale,10.45
C0094,275/282,123456,FER,A,18,PINASCA,10.46
C0094,275/282,123456,FER,A,19,PEROSA ARG.-pzza Terzo Alpini (Arrivo),10.50
C0095,275/282,78,FEST,J,1,TORINO - Porta Susa,9.15
C0095,275/282,78,FEST,J,2,TORINO - Porta Nuova,9.20
C0095,275/282,78,FEST,J,3,STUPINIGI - Palazzina di Caccia,D
C0095,275/282,78,FEST,J,4,CANDIOLO IRCCS-Centro Ricerche,I
C0095,275/282,78,FEST,J,5,NONE Bivio,R
C0095,275/282,78,FEST,J,6,RIVA di Pinerolo,10.08
C0095,275/282,78,FEST,J,7,PINEROLO - c.so Torino-MACUMBA,10.14
C0095,275/282,78,FEST,J,8,PINEROLO - Movicentro,10.22
C0095,275/282,78,FEST,J,9,PINEROLO - piazza Cavour,10.24
C0095,275/282,78,FEST,J,10,PONTE LEMINA,10.27
C0095,275/282,78,FEST,J,11,ABBADIA ALPINA,10.28
C0095,275/282,78,FEST,J,12,S. MARTINO,10.34
C0095,275/282,78,FEST,J,13,PORTE,10.36
C0095,275/282,78,FEST,J,14,VILLAR PEROSA - via Nazionale,10.44
C0095,275/282,78,FEST,J,15,DUBBIONE - via Nazionale,10.49
C0095,275/282,78,FEST,J,16,PINASCA,10.50
C0095,275/282,78,FEST,J,17,PEROSA ARG.-pzza Terzo Alpini (Arrivo),10.54
C0095,275/282,78,FEST,J,18,PEROSA ARG.-pzza Terzo Alpini (Partenza),10.54
C0095,275/282,78,FEST,J,19,FENESTRELLE - via Nazionale,11.24
C0095,275/282,78,FEST,J,20,PRAGELATO,11.44
C0095,275/282,78,FEST,J,21,SESTRIERE,12.04
C0096,275/282,78,FEST,#,1,SESTRIERE,12.04
C0096,275/282,78,FEST,#,2,CESANA TORINESE,12.29
C0096,275/282,78,FEST,#,3,OULX - p.zza Garambois,12.46
C0096,275/282,78,FEST,#,4,OULX - Liceo,12.48
C0096,275/282,78,FEST,#,5,OULX - Stazione FS,12.49
C0097,275/282,12345,FER,A,1,TORINO - Porta Susa,9.33
C0097,275/282,12345,FER,A,2,TORINO - Porta Nuova,9.38
C0097,275/282,12345,FER,A,3,STUPINIGI - Palazzina di Caccia,10.06
C0097,275/282,12345,FER,A,4,CANDIOLO IRCCS-Centro Ricerche,10.16
C0097,275/282,12345,FER,A,5,NONE Bivio,10.21
C0097,275/282,12345,FER,A,6,AIRASCA,10.26
C0097,275/282,12345,FER,A,7,Bivio BOTTEGHE,10.29
C0097,275/282,12345,FER,A,8,RIVA di Pinerolo,10.34
C0097,275/282,12345,FER,A,9,PINEROLO - c.so Torino-MACUMBA,10.40
C0097,275/282,12345,FER,A,10,PINEROLO - Movicentro,10.44
C0098,275/282,123456,FER,,1,TORINO - Porta Susa,9.41
C0098,275/282,123456,FER,,2,TORINO - Porta Nuova,9.46
C0098,275/282,123456,FER,,3,STUPINIGI - Palazzina di Caccia,D
C0098,275/282,123456,FER,,4,CANDIOLO IRCCS-Centro Ricerche,I
C0098,275/282,123456,FER,,5,NONE Bivio,R
C0098,275/282,123456,FER,,6,RIVA di Pinerolo,10.34
C0098,275/282,123456,FER,,7,PINEROLO - c.so Torino-MACUMBA,10.40
C0098,275/282,123456,FER,,8,PINEROLO - Movicentro,10.48
C0098,275/282,123456,FER,,9,PINEROLO - piazza Cavour,10.50
C0098,275/282,123456,FER,,10,PONTE LEMINA,10.53
C0098,275/282,123456,FER,,11,ABBADIA ALPINA,10.54
C0098,275/282,123456,FER,,12,S. MARTINO,11.00
C0098,275/282,123456,FER,,13,PORTE,11.02
C0098,275/282,123456,FER,,14,VILLAR PEROSA - via Nazionale,11.10
C0098,275/282,123456,FER,,15,DUBBIONE - via Nazionale,11.15
C0098,275/282,123456,FER,,16,PINASCA,11.16
C0098,275/282,123456,FER,,17,PEROSA ARG.-pzza Terzo Alpini (Arrivo),11.20
C0098,275/282,123456,FER,,18,PEROSA ARG.-pzza Terzo Alpini (Partenza),11.20
C0098,275/282,123456,FER,,19,FENESTRELLE - via Nazionale,11.50
C0098,275/282,123456,FER,,20,PRAGELATO,12.10
C0098,275/282,123456,FER,,21,SESTRIERE,12.30
C0098,275/282,123456,FER,,22,CESANA TORINESE,12.55
C0098,275/282,123456,FER,,23,OULX - p.zza Garambois,13.12
C0098,275/282,123456,FER,,24,OULX - Liceo,13.14
C0098,275/282,123456,FER,,25,OULX - Stazione FS,13.15
C0099,275/282,12345,FER,#,1,TORINO - Porta Susa,10.03
C0099,275/282,12345,FER,#,2,TORINO - Porta Nuova,10.08
C0099,275/282,12345,FER,#,3,STUPINIGI - Palazzina di Caccia,10.36
C0099,275/282,12345,FER,#,4,CANDIOLO IRCCS-Centro Ricerche,10.46
C0099,275/282,12345,FER,#,5,NONE Bivio,10.51
C0099,275/282,12345,FER,#,6,AIRASCA,10.56
C0099,275/282,12345,FER,#,7,Bivio BOTTEGHE,10.59
C0099,275/282,12345,FER,#,8,RIVA di Pinerolo,11.04
C0099,275/282,12345,FER,#,9,PINEROLO - c.so Torino-MACUMBA,11.10
C0099,275/282,12345,FER,#,10,PINEROLO - Movicentro,11.14
C0100,275/282,12345,FER,A,1,PINEROLO - Movicentro,11.18
C0100,275/282,12345,FER,A,2,PINEROLO - piazza Cavour,11.20
C0100,275/282,12345,FER,A,3,PONTE LEMINA,11.23
C0100,275/282,12345,FER,A,4,ABBADIA ALPINA,11.24
C0100,275/282,12345,FER,A,5,S. MARTINO,11.30
C0100,275/282,12345,FER,A,6,PORTE,11.32
C0100,275/282,12345,FER,A,7,VILLAR PEROSA - via Nazionale,11.40
C0100,275/282,12345,FER,A,8,DUBBIONE - via Nazionale,11.45
C0100,275/282,12345,FER,A,9,PINASCA,11.46
C0100,275/282,12345,FER,A,10,PEROSA ARG.-pzza Terzo Alpini (Arrivo),11.50
C0101,275/282,12345,FER,A,1,TORINO - Porta Susa,10.41
C0101,275/282,12345,FER,A,2,TORINO - Porta Nuova,10.46
C0101,275/282,12345,FER,A,3,STUPINIGI - Palazzina di Caccia,D
C0101,275/282,12345,FER,A,4,CANDIOLO IRCCS-Centro Ricerche,I
C0101,275/282,12345,FER,A,5,NONE Bivio,R
C0101,275/282,12345,FER,A,6,RIVA di Pinerolo,11.34
C0101,275/282,12345,FER,A,7,PINEROLO - c.so Torino-MACUMBA,11.40
C0101,275/282,12345,FER,A,8,PINEROLO - Movicentro,11.48
C0101,275/282,12345,FER,A,9,PINEROLO - piazza Cavour,11.50
C0101,275/282,12345,FER,A,10,PONTE LEMINA,11.53
C0101,275/282,12345,FER,A,11,ABBADIA ALPINA,11.54
C0101,275/282,12345,FER,A,12,S. MARTINO,12.00
C0101,275/282,12345,FER,A,13,PORTE,12.02
C0101,275/282,12345,FER,A,14,VILLAR PEROSA - via Nazionale,12.10
C0101,275/282,12345,FER,A,15,DUBBIONE - via Nazionale,12.15
C0101,275/282,12345,FER,A,16,PINASCA,12.16
C0101,275/282,12345,FER,A,17,PEROSA ARG.-pzza Terzo Alpini (Arrivo),12.20
C0101,275/282,12345,FER,A,18,PEROSA ARG.-pzza Terzo Alpini (Partenza),12.20
C0101,275/282,12345,FER,A,19,FENESTRELLE - via Nazionale,12.50
C0102,275/282,6,FER,A,1,TORINO - Porta Susa,10.41
C0102,275/282,6,FER,A,2,TORINO - Porta Nuova,10.46
C0102,275/282,6,FER,A,3,STUPINIGI - Palazzina di Caccia,D
C0102,275/282,6,FER,A,4,CANDIOLO IRCCS-Centro Ricerche,I
C0102,275/282,6,FER,A,5,NONE Bivio,R
C0102,275/282,6,FER,A,6,RIVA di Pinerolo,11.34
C0102,275/282,6,FER,A,7,PINEROLO - c.so Torino-MACUMBA,11.40
C0102,275/282,6,FER,A,8,PINEROLO - Movicentro,11.48
C0102,275/282,6,FER,A,9,PINEROLO - piazza Cavour,11.50
C0103,275/282,78,FEST,J,1,TORINO - Porta Susa,10.41
C0103,275/282,78,FEST,J,2,TORINO - Porta Nuova,10.46
C0103,275/282,78,FEST,J,3,STUPINIGI - Palazzina di Caccia,11.14
C0103,275/282,78,FEST,J,4,CANDIOLO IRCCS-Centro Ricerche,11.24
C0103,275/282,78,FEST,J,5,NONE Bivio,11.29
C0103,275/282,78,FEST,J,6,AIRASCA,11.34
C0103,275/282,78,FEST,J,7,Bivio BOTTEGHE,11.37
C0103,275/282,78,FEST,J,8,RIVA di Pinerolo,11.42
C0103,275/282,78,FEST,J,9,PINEROLO - c.so Torino-MACUMBA,11.48
C0103,275/282,78,FEST,J,10,PINEROLO - Movicentro,11.56
C0103,275/282,78,FEST,J,11,PINEROLO - piazza Cavour,11.58
C0104,275/282,12345,FER,#,1,TORINO - Porta Susa,11.03
C0104,275/282,12345,FER,#,2,TORINO - Porta Nuova,11.08
C0104,275/282,12345,FER,#,3,STUPINIGI - Palazzina di Caccia,11.36
C0104,275/282,12345,FER,#,4,CANDIOLO IRCCS-Centro Ricerche,11.46
C0104,275/282,12345,FER,#,5,NONE Bivio,11.51
C0104,275/282,12345,FER,#,6,AIRASCA,11.56
C0104,275/282,12345,FER,#,7,Bivio BOTTEGHE,11.59
C0104,275/282,12345,FER,#,8,RIVA di Pinerolo,12.04
C0104,275/282,12345,FER,#,9,PINEROLO - c.so Torino-MACUMBA,12.10
C0104,275/282,12345,FER,#,10,PINEROLO - Movicentro,12.18
C0104,275/282,12345,FER,#,11,PINEROLO - piazza Cavour,12.20
C0104,275/282,12345,FER,#,12,PONTE LEMINA,12.23
C0104,275/282,12345,FER,#,13,ABBADIA ALPINA,12.24
C0104,275/282,12345,FER,#,14,S. MARTINO,12.30
C0104,275/282,12345,FER,#,15,PORTE,12.32
C0104,275/282,12345,FER,#,16,VILLAR PEROSA - via Nazionale,12.40
C0104,275/282,12345,FER,#,17,DUBBIONE - via Nazionale,12.45
C0104,275/282,12345,FER,#,18,PINASCA,12.46
C0104,275/282,12345,FER,#,19,PEROSA ARG.-pzza Terzo Alpini (Arrivo),12.50
C0105,275/282,12345,FER,A,1,PEROSA ARG.-pzza Terzo Alpini (Partenza),12.50
C0105,275/282,12345,FER,A,2,FENESTRELLE - via Nazionale,13.20
C0106,275/282,78,FEST,J,1,PINEROLO - piazza Cavour,12.24
C0106,275/282,78,FEST,J,2,PONTE LEMINA,12.27
C0106,275/282,78,FEST,J,3,ABBADIA ALPINA,12.28
C0106,275/282,78,FEST,J,4,S. MARTINO,12.34
C0106,275/282,78,FEST,J,5,PORTE,12.36
C0106,275/282,78,FEST,J,6,VILLAR PEROSA - via Nazionale,12.44
C0106,275/282,78,FEST,J,7,DUBBIONE - via Nazionale,12.49
C0106,275/282,78,FEST,J,8,PINASCA,12.50
C0106,275/282,78,FEST,J,9,PEROSA ARG.-pzza Terzo Alpini (Arrivo),12.54
C0106,275/282,78,FEST,J,10,PEROSA ARG.-pzza Terzo Alpini (Partenza),12.54
C0106,275/282,78,FEST,J,11,FENESTRELLE - via Nazionale,13.24
C0106,275/282,78,FEST,J,12,PRAGELATO,13.44
C0106,275/282,78,FEST,J,13,SESTRIERE,14.04
C0106,275/282,78,FEST,J,14,CESANA TORINESE,14.29
C0106,275/282,78,FEST,J,15,OULX - p.zza Garambois,14.46
C0106,275/282,78,FEST,J,16,OULX - Liceo,14.48
C0106,275/282,78,FEST,J,17,OULX - Stazione FS,14.49
C0107,275/282,123456,FER,,1,TORINO - Porta Susa,11.41
C0107,275/282,123456,FER,,2,TORINO - Porta Nuova,11.46
C0107,275/282,123456,FER,,3,STUPINIGI - Palazzina di Caccia,D
C0107,275/282,123456,FER,,4,CANDIOLO IRCCS-Centro Ricerche,I
C0107,275/282,123456,FER,,5,NONE Bivio,R
C0107,275/282,123456,FER,,6,RIVA di Pinerolo,12.34
C0107,275/282,123456,FER,,7,PINEROLO - c.so Torino-MACUMBA,12.40
C0107,275/282,123456,FER,,8,PINEROLO - Movicentro,12.48
C0107,275/282,123456,FER,,9,PINEROLO - piazza Cavour,12.50
C0107,275/282,123456,FER,,10,PONTE LEMINA,12.53
C0107,275/282,123456,FER,,11,ABBADIA ALPINA,12.54
C0107,275/282,123456,FER,,12,S. MARTINO,13.00
C0107,275/282,123456,FER,,13,PORTE,13.02
C0107,275/282,123456,FER,,14,VILLAR PEROSA - via Nazionale,13.10
C0107,275/282,123456,FER,,15,DUBBIONE - via Nazionale,13.15
C0107,275/282,123456,FER,,16,PINASCA,13.16
C0107,275/282,123456,FER,,17,PEROSA ARG.-pzza Terzo Alpini (Arrivo),13.20
C0107,275/282,123456,FER,,18,PEROSA ARG.-pzza Terzo Alpini (Partenza),13.20
C0107,275/282,123456,FER,,19,FENESTRELLE - via Nazionale,13.50
C0107,275/282,123456,FER,,20,PRAGELATO,14.10
C0107,275/282,123456,FER,,21,SESTRIERE,14.30
C0107,275/282,123456,FER,,22,CESANA TORINESE,14.55
C0107,275/282,123456,FER,,23,OULX - p.zza Garambois,15.12
C0107,275/282,123456,FER,,24,OULX - Liceo,15.14
C0107,275/282,123456,FER,,25,OULX - Stazione FS,15.15
C0108,275/282,12345,FER,A,1,TORINO - Porta Susa,12.03
C0108,275/282,12345,FER,A,2,TORINO - Porta Nuova,12.08
C0108,275/282,12345,FER,A,3,STUPINIGI - Palazzina di Caccia,12.38
C0108,275/282,12345,FER,A,4,CANDIOLO IRCCS-Centro Ricerche,12.46
C0108,275/282,12345,FER,A,5,NONE Bivio,12.51
C0108,275/282,12345,FER,A,6,AIRASCA,12.56
C0108,275/282,12345,FER,A,7,Bivio BOTTEGHE,12.59
C0108,275/282,12345,FER,A,8,RIVA di Pinerolo,13.04
C0108,275/282,12345,FER,A,9,PINEROLO - c.so Torino-MACUMBA,13.10
C0108,275/282,12345,FER,A,10,PINEROLO - Movicentro,13.18
C0108,275/282,12345,FER,A,11,PINEROLO - piazza Cavour,13.20
C0108,275/282,12345,FER,A,12,PONTE LEMINA,13.23
C0108,275/282,12345,FER,A,13,ABBADIA ALPINA,13.24
C0108,275/282,12345,FER,A,14,S. MARTINO,13.30
C0108,275/282,12345,FER,A,15,PORTE,13.32
C0108,275/282,12345,FER,A,16,VILLAR PEROSA - via Nazionale,13.40
C0108,275/282,12345,FER,A,17,DUBBIONE - via Nazionale,13.45
C0108,275/282,12345,FER,A,18,PINASCA,13.46
C0108,275/282,12345,FER,A,19,PEROSA ARG.-pzza Terzo Alpini (Arrivo),13.50
C0109,275/282,6,FER,A,1,TORINO - Porta Susa,12.31
C0109,275/282,6,FER,A,2,TORINO - Porta Nuova,12.36
C0109,275/282,6,FER,A,3,STUPINIGI - Palazzina di Caccia,D
C0109,275/282,6,FER,A,4,CANDIOLO IRCCS-Centro Ricerche,I
C0109,275/282,6,FER,A,5,NONE Bivio,R
C0109,275/282,6,FER,A,6,RIVA di Pinerolo,13.24
C0109,275/282,6,FER,A,7,PINEROLO Centro Studi,13.30
C0109,275/282,6,FER,A,8,PINEROLO - c.so Torino-MACUMBA,13:29
C0109,275/282,6,FER,A,9,PINEROLO - Movicentro,13.38
C0109,275/282,6,FER,A,10,PINEROLO - piazza Cavour,13.40
C0109,275/282,6,FER,A,11,PONTE LEMINA,13.43
C0109,275/282,6,FER,A,12,ABBADIA ALPINA,13.44
C0109,275/282,6,FER,A,13,S. MARTINO,13.50
C0109,275/282,6,FER,A,14,PORTE,13.52
C0109,275/282,6,FER,A,15,VILLAR PEROSA - via Nazionale,14.00
C0109,275/282,6,FER,A,16,DUBBIONE - via Nazionale,14.05
C0109,275/282,6,FER,A,17,PINASCA,14.06
C0109,275/282,6,FER,A,18,PEROSA ARG.-pzza Terzo Alpini (Arrivo),14.10
C0109,275/282,6,FER,A,19,PEROSA ARG.-pzza Terzo Alpini (Partenza),14.10
C0109,275/282,6,FER,A,20,FENESTRELLE - via Nazionale,14:40
C0109,275/282,6,FER,A,21,PRAGELATO,15:00
C0109,275/282,6,FER,A,22,SESTRIERE,15:20
C0110,275/282,123456,FER,A,1,PINEROLO - Movicentro,13.48
C0110,275/282,123456,FER,A,2,PINEROLO - piazza Cavour,13.50
C0110,275/282,123456,FER,A,3,PONTE LEMINA,13.53
C0110,275/282,123456,FER,A,4,ABBADIA ALPINA,13.54
C0110,275/282,123456,FER,A,5,S. MARTINO,14.00
C0110,275/282,123456,FER,A,6,PORTE,14.02
C0110,275/282,123456,FER,A,7,VILLAR PEROSA - via Nazionale,14.10
C0110,275/282,123456,FER,A,8,DUBBIONE - via Nazionale,14.15
C0110,275/282,123456,FER,A,9,PINASCA,14.16
C0110,275/282,123456,FER,A,10,PEROSA ARG.-pzza Terzo Alpini (Arrivo),14.20
C0111,275/282,12345,FER,A,1,TORINO - Porta Susa,12.41
C0111,275/282,12345,FER,A,2,TORINO - Porta Nuova,12.46
C0111,275/282,12345,FER,A,3,STUPINIGI - Palazzina di Caccia,D
C0111,275/282,12345,FER,A,4,CANDIOLO IRCCS-Centro Ricerche,I
C0111,275/282,12345,FER,A,5,NONE Bivio,R
C0111,275/282,12345,FER,A,6,RIVA di Pinerolo,13.34
C0111,275/282,12345,FER,A,7,PINEROLO - c.so Torino-MACUMBA,13.40
C0111,275/282,12345,FER,A,8,PINEROLO - Movicentro,13.48
C0111,275/282,12345,FER,A,9,PINEROLO - piazza Cavour,13.50
C0111,275/282,12345,FER,A,10,PONTE LEMINA,13.53
C0111,275/282,12345,FER,A,11,ABBADIA ALPINA,13.54
C0111,275/282,12345,FER,A,12,S. MARTINO,14.00
C0111,275/282,12345,FER,A,13,PORTE,14.02
C0111,275/282,12345,FER,A,14,VILLAR PEROSA - via Nazionale,14.10
C0111,275/282,12345,FER,A,15,DUBBIONE - via Nazionale,14.15
C0111,275/282,12345,FER,A,16,PINASCA,14.16
C0111,275/282,12345,FER,A,17,PEROSA ARG.-pzza Terzo Alpini (Arrivo),14.20
C0111,275/282,12345,FER,A,18,PEROSA ARG.-pzza Terzo Alpini (Partenza),14.20
C0111,275/282,12345,FER,A,19,FENESTRELLE - via Nazionale,14.50
C0111,275/282,12345,FER,A,20,PRAGELATO,15.10
C0111,275/282,12345,FER,A,21,SESTRIERE,15.30
C0112,275/282,12345,FER,A,1,TORINO - Porta Susa,13.03
C0112,275/282,12345,FER,A,2,TORINO - Porta Nuova,13.08
C0112,275/282,12345,FER,A,3,STUPINIGI - Palazzina di Caccia,13.36
C0112,275/282,12345,FER,A,4,CANDIOLO IRCCS-Centro Ricerche,13.46
C0112,275/282,12345,FER,A,5,NONE Bivio,13.51
C0112,275/282,12345,FER,A,6,AIRASCA,13.56
C0112,275/282,12345,FER,A,7,Bivio BOTTEGHE,13.59
C0112,275/282,12345,FER,A,8,RIVA di Pinerolo,14.04
C0112,275/282,12345,FER,A,9,PINEROLO - c.so Torino-MACUMBA,14.10
C0112,275/282,12345,FER,A,10,PINEROLO - Movicentro,14.18
C0112,275/282,12345,FER,A,11,PINEROLO - piazza Cavour,14.20
C0112,275/282,12345,FER,A,12,PONTE LEMINA,14.23
C0112,275/282,12345,FER,A,13,ABBADIA ALPINA,14.24
C0112,275/282,12345,FER,A,14,S. MARTINO,14.30
C0112,275/282,12345,FER,A,15,PORTE,14.32
C0112,275/282,12345,FER,A,16,VILLAR PEROSA - via Nazionale,14.40
C0112,275/282,12345,FER,A,17,DUBBIONE - via Nazionale,14.45
C0112,275/282,12345,FER,A,18,PINASCA,14.46
C0112,275/282,12345,FER,A,19,PEROSA ARG.-pzza Terzo Alpini (Arrivo),14.50
C0113,275/282,78,FEST,J,1,PINEROLO - piazza Cavour,14.24
C0113,275/282,78,FEST,J,2,PONTE LEMINA,14.27
C0113,275/282,78,FEST,J,3,ABBADIA ALPINA,14.28
C0113,275/282,78,FEST,J,4,S. MARTINO,14.34
C0113,275/282,78,FEST,J,5,PORTE,14.36
C0113,275/282,78,FEST,J,6,VILLAR PEROSA - via Nazionale,14.44
C0113,275/282,78,FEST,J,7,DUBBIONE - via Nazionale,14.49
C0113,275/282,78,FEST,J,8,PINASCA,14.50
C0113,275/282,78,FEST,J,9,PEROSA ARG.-pzza Terzo Alpini (Arrivo),14.54
C0113,275/282,78,FEST,J,10,PEROSA ARG.-pzza Terzo Alpini (Partenza),14.54
C0113,275/282,78,FEST,J,11,FENESTRELLE - via Nazionale,15.24
C0113,275/282,78,FEST,J,12,PRAGELATO,15.44
C0113,275/282,78,FEST,J,13,SESTRIERE,16.04
C0113,275/282,78,FEST,J,14,CESANA TORINESE,16.29
C0113,275/282,78,FEST,J,15,OULX - p.zza Garambois,16.46
C0113,275/282,78,FEST,J,16,OULX - Liceo,16.48
C0113,275/282,78,FEST,J,17,OULX - Stazione FS,16.49
C0114,275/282,12345,FER,A,1,TORINO - Porta Susa,13.33
C0114,275/282,12345,FER,A,2,TORINO - Porta Nuova,13.38
C0114,275/282,12345,FER,A,3,STUPINIGI - Palazzina di Caccia,14.06
C0114,275/282,12345,FER,A,4,CANDIOLO IRCCS-Centro Ricerche,14.16
C0114,275/282,12345,FER,A,5,NONE Bivio,14.21
C0114,275/282,12345,FER,A,6,AIRASCA,14.26
C0114,275/282,12345,FER,A,7,Bivio BOTTEGHE,14.29
C0114,275/282,12345,FER,A,8,RIVA di Pinerolo,14.34
C0114,275/282,12345,FER,A,9,PINEROLO - c.so Torino-MACUMBA,14.40
C0114,275/282,12345,FER,A,10,PINEROLO - Movicentro,14.44
C0115,275/282,123456,FER,,1,TORINO - Porta Susa,13.41
C0115,275/282,123456,FER,,2,TORINO - Porta Nuova,13.46
C0115,275/282,123456,FER,,3,STUPINIGI - Palazzina di Caccia,D
C0115,275/282,123456,FER,,4,CANDIOLO IRCCS-Centro Ricerche,I
C0115,275/282,123456,FER,,5,NONE Bivio,R
C0115,275/282,123456,FER,,6,RIVA di Pinerolo,14.34
C0115,275/282,123456,FER,,7,PINEROLO - c.so Torino-MACUMBA,14.40
C0115,275/282,123456,FER,,8,PINEROLO - Movicentro,14.48
C0115,275/282,123456,FER,,9,PINEROLO - piazza Cavour,14.50
C0115,275/282,123456,FER,,10,PONTE LEMINA,14.53
C0115,275/282,123456,FER,,11,ABBADIA ALPINA,14.54
C0115,275/282,123456,FER,,12,S. MARTINO,15.00
C0115,275/282,123456,FER,,13,PORTE,15.02
C0115,275/282,123456,FER,,14,VILLAR PEROSA - via Nazionale,15.10
C0115,275/282,123456,FER,,15,DUBBIONE - via Nazionale,15.15
C0115,275/282,123456,FER,,16,PINASCA,15.16
C0115,275/282,123456,FER,,17,PEROSA ARG.-pzza Terzo Alpini (Arrivo),15.20
C0115,275/282,123456,FER,,18,PEROSA ARG.-pzza Terzo Alpini (Partenza),15.20
C0115,275/282,123456,FER,,19,FENESTRELLE - via Nazionale,15.50
C0115,275/282,123456,FER,,20,PRAGELATO,16.10
C0115,275/282,123456,FER,,21,SESTRIERE,16.30
C0115,275/282,123456,FER,,22,CESANA TORINESE,16.55
C0115,275/282,123456,FER,,23,OULX - p.zza Garambois,17.12
C0115,275/282,123456,FER,,24,OULX - Liceo,17.14
C0115,275/282,123456,FER,,25,OULX - Stazione FS,17.15
C0116,275/282,12345,FER,A,1,TORINO - Porta Susa,14.03
C0116,275/282,12345,FER,A,2,TORINO - Porta Nuova,14.08
C0116,275/282,12345,FER,A,3,STUPINIGI - Palazzina di Caccia,14.36
C0116,275/282,12345,FER,A,4,CANDIOLO IRCCS-Centro Ricerche,14.46
C0116,275/282,12345,FER,A,5,NONE Bivio,14.51
C0116,275/282,12345,FER,A,6,AIRASCA,14.56
C0116,275/282,12345,FER,A,7,Bivio BOTTEGHE,14.59
C0116,275/282,12345,FER,A,8,RIVA di Pinerolo,15.04
C0116,275/282,12345,FER,A,9,PINEROLO - c.so Torino-MACUMBA,15.10
C0116,275/282,12345,FER,A,10,PINEROLO - Movicentro,15.18
C0116,275/282,12345,FER,A,11,PINEROLO - piazza Cavour,15.20
C0116,275/282,12345,FER,A,12,PONTE LEMINA,15.23
C0116,275/282,12345,FER,A,13,ABBADIA ALPINA,15.24
C0116,275/282,12345,FER,A,14,S. MARTINO,15.30
C0116,275/282,12345,FER,A,15,PORTE,15.32
C0116,275/282,12345,FER,A,16,VILLAR PEROSA - via Nazionale,15.40
C0116,275/282,12345,FER,A,17,DUBBIONE - via Nazionale,15.45
C0116,275/282,12345,FER,A,18,PINASCA,15.46
C0116,275/282,12345,FER,A,19,PEROSA ARG.-pzza Terzo Alpini (Arrivo),15.50
C0117,275/282,78,FEST,J,1,TORINO - Porta Susa,14.03
C0117,275/282,78,FEST,J,2,TORINO - Porta Nuova,14.08
C0117,275/282,78,FEST,J,3,STUPINIGI - Palazzina di Caccia,14.36
C0117,275/282,78,FEST,J,4,CANDIOLO IRCCS-Centro Ricerche,14.46
C0117,275/282,78,FEST,J,5,NONE Bivio,14.51
C0117,275/282,78,FEST,J,6,AIRASCA,14.56
C0117,275/282,78,FEST,J,7,Bivio BOTTEGHE,14.59
C0117,275/282,78,FEST,J,8,RIVA di Pinerolo,15.04
C0117,275/282,78,FEST,J,9,PINEROLO - c.so Torino-MACUMBA,15.10
C0117,275/282,78,FEST,J,10,PINEROLO - Movicentro,15.18
C0117,275/282,78,FEST,J,11,PINEROLO - piazza Cavour,15.20
C0117,275/282,78,FEST,J,12,PONTE LEMINA,15.23
C0117,275/282,78,FEST,J,13,ABBADIA ALPINA,15.24
C0117,275/282,78,FEST,J,14,S. MARTINO,15.30
C0117,275/282,78,FEST,J,15,PORTE,15.32
C0117,275/282,78,FEST,J,16,VILLAR PEROSA - via Nazionale,15.40
C0117,275/282,78,FEST,J,17,DUBBIONE - via Nazionale,15.45
C0117,275/282,78,FEST,J,18,PINASCA,15.46
C0117,275/282,78,FEST,J,19,PEROSA ARG.-pzza Terzo Alpini (Arrivo),15.50
C0118,275/282,123456,FER,,1,TORINO - Porta Susa,14.41
C0118,275/282,123456,FER,,2,TORINO - Porta Nuova,14.46
C0118,275/282,123456,FER,,3,STUPINIGI - Palazzina di Caccia,D
C0118,275/282,123456,FER,,4,CANDIOLO IRCCS-Centro Ricerche,I
C0118,275/282,123456,FER,,5,NONE Bivio,R
C0118,275/282,123456,FER,,6,RIVA di Pinerolo,15.34
C0118,275/282,123456,FER,,7,PINEROLO - c.so Torino-MACUMBA,15.40
C0118,275/282,123456,FER,,8,PINEROLO - Movicentro,15.48
C0118,275/282,123456,FER,,9,PINEROLO - piazza Cavour,15.50
C0118,275/282,123456,FER,,10,PONTE LEMINA,15.53
C0118,275/282,123456,FER,,11,ABBADIA ALPINA,15.54
C0118,275/282,123456,FER,,12,S. MARTINO,16.00
C0118,275/282,123456,FER,,13,PORTE,16.02
C0118,275/282,123456,FER,,14,VILLAR PEROSA - via Nazionale,16.10
C0118,275/282,123456,FER,,15,DUBBIONE - via Nazionale,16.15
C0118,275/282,123456,FER,,16,PINASCA,16.16
C0118,275/282,123456,FER,,17,PEROSA ARG.-pzza Terzo Alpini (Arrivo),16.20
C0119,275/282,123456,FER,,1,TORINO - Porta Susa,15.03
C0119,275/282,123456,FER,,2,TORINO - Porta Nuova,15.08
C0119,275/282,123456,FER,,3,STUPINIGI - Palazzina di Caccia,15.36
C0119,275/282,123456,FER,,4,CANDIOLO IRCCS-Centro Ricerche,15.46
C0119,275/282,123456,FER,,5,NONE Bivio,15.51
C0119,275/282,123456,FER,,6,AIRASCA,15.56
C0119,275/282,123456,FER,,7,Bivio BOTTEGHE,15.59
C0119,275/282,123456,FER,,8,RIVA di Pinerolo,16.04
C0119,275/282,123456,FER,,9,PINEROLO - c.so Torino-MACUMBA,16.10
C0119,275/282,123456,FER,,10,PINEROLO - Movicentro,16.18
C0119,275/282,123456,FER,,11,PINEROLO - piazza Cavour,16.20
C0120,275/282,12345,FER,A,1,PINEROLO - piazza Cavour,16.20
C0120,275/282,12345,FER,A,2,PONTE LEMINA,16.23
C0120,275/282,12345,FER,A,3,ABBADIA ALPINA,16.24
C0120,275/282,12345,FER,A,4,S. MARTINO,16.30
C0120,275/282,12345,FER,A,5,PORTE,16.32
C0120,275/282,12345,FER,A,6,VILLAR PEROSA - via Nazionale,16.40
C0121,275/282,12345,FER,A,1,TORINO - Porta Susa,15.11
C0121,275/282,12345,FER,A,2,TORINO - Porta Nuova,15.16
C0121,275/282,12345,FER,A,3,STUPINIGI - Palazzina di Caccia,D
C0121,275/282,12345,FER,A,4,CANDIOLO IRCCS-Centro Ricerche,I
C0121,275/282,12345,FER,A,5,NONE Bivio,R
C0121,275/282,12345,FER,A,6,RIVA di Pinerolo,16.04
C0121,275/282,12345,FER,A,7,PINEROLO - c.so Torino-MACUMBA,16.10
C0121,275/282,12345,FER,A,8,PINEROLO - Movicentro,16.18
C0121,275/282,12345,FER,A,9,PINEROLO - piazza Cavour,16.20
C0121,275/282,12345,FER,A,10,PONTE LEMINA,16.23
C0121,275/282,12345,FER,A,11,ABBADIA ALPINA,16.24
C0121,275/282,12345,FER,A,12,S. MARTINO,16.30
C0121,275/282,12345,FER,A,13,PORTE,16.32
C0121,275/282,12345,FER,A,14,VILLAR PEROSA - via Nazionale,16.40
C0121,275/282,12345,FER,A,15,DUBBIONE - via Nazionale,16.45
C0121,275/282,12345,FER,A,16,PINASCA,16.46
C0121,275/282,12345,FER,A,17,PEROSA ARG.-pzza Terzo Alpini (Arrivo),16.50
C0122,275/282,78,FEST,J,1,TORINO - Porta Susa,15.15
C0122,275/282,78,FEST,J,2,TORINO - Porta Nuova,15.20
C0122,275/282,78,FEST,J,3,STUPINIGI - Palazzina di Caccia,D
C0122,275/282,78,FEST,J,4,CANDIOLO IRCCS-Centro Ricerche,I
C0122,275/282,78,FEST,J,5,NONE Bivio,R
C0122,275/282,78,FEST,J,6,RIVA di Pinerolo,16.08
C0122,275/282,78,FEST,J,7,PINEROLO - c.so Torino-MACUMBA,16.14
C0122,275/282,78,FEST,J,8,PINEROLO - Movicentro,16.22
C0122,275/282,78,FEST,J,9,PINEROLO - piazza Cavour,16.24
C0122,275/282,78,FEST,J,10,PONTE LEMINA,16.27
C0122,275/282,78,FEST,J,11,ABBADIA ALPINA,16.28
C0122,275/282,78,FEST,J,12,S. MARTINO,16.34
C0122,275/282,78,FEST,J,13,PORTE,16.36
C0122,275/282,78,FEST,J,14,VILLAR PEROSA - via Nazionale,16.44
C0122,275/282,78,FEST,J,15,DUBBIONE - via Nazionale,16.49
C0122,275/282,78,FEST,J,16,PINASCA,16.50
C0122,275/282,78,FEST,J,17,PEROSA ARG.-pzza Terzo Alpini (Arrivo),16.54
C0122,275/282,78,FEST,J,18,PEROSA ARG.-pzza Terzo Alpini (Partenza),16.54
C0122,275/282,78,FEST,J,19,FENESTRELLE - via Nazionale,17.24
C0122,275/282,78,FEST,J,20,PRAGELATO,17.44
C0122,275/282,78,FEST,J,21,SESTRIERE,18.04
C0123,275/282,78,FEST,#,1,SESTRIERE,18.04
C0123,275/282,78,FEST,#,2,CESANA TORINESE,18.29
C0123,275/282,78,FEST,#,3,OULX - p.zza Garambois,18.46
C0123,275/282,78,FEST,#,4,OULX - Liceo,18.48
C0123,275/282,78,FEST,#,5,OULX - Stazione FS,18.49
C0124,275/282,12345,FER,A,1,TORINO - Porta Susa,15.41
C0124,275/282,12345,FER,A,2,TORINO - Porta Nuova,15.46
C0124,275/282,12345,FER,A,3,STUPINIGI - Palazzina di Caccia,D
C0124,275/282,12345,FER,A,4,CANDIOLO IRCCS-Centro Ricerche,I
C0124,275/282,12345,FER,A,5,NONE Bivio,R
C0124,275/282,12345,FER,A,6,RIVA di Pinerolo,16.34
C0124,275/282,12345,FER,A,7,PINEROLO - c.so Torino-MACUMBA,16.40
C0124,275/282,12345,FER,A,8,PINEROLO - Movicentro,16.48
C0124,275/282,12345,FER,A,9,PINEROLO - piazza Cavour,16.50
C0124,275/282,12345,FER,A,10,PONTE LEMINA,16.53
C0124,275/282,12345,FER,A,11,ABBADIA ALPINA,16.54
C0124,275/282,12345,FER,A,12,S. MARTINO,17.00
C0124,275/282,12345,FER,A,13,PORTE,17.02
C0124,275/282,12345,FER,A,14,VILLAR PEROSA - via Nazionale,17.10
C0124,275/282,12345,FER,A,15,DUBBIONE - via Nazionale,17.15
C0124,275/282,12345,FER,A,16,PINASCA,17.16
C0124,275/282,12345,FER,A,17,PEROSA ARG.-pzza Terzo Alpini (Arrivo),17.20
C0125,275/282,12345,FER,A,1,TORINO - Porta Susa,16.03
C0125,275/282,12345,FER,A,2,TORINO - Porta Nuova,16.08
C0125,275/282,12345,FER,A,3,TORINO - Piazza Carducci,16.16
C0125,275/282,12345,FER,A,4,STUPINIGI - Palazzina di Caccia,16.36
C0125,275/282,12345,FER,A,5,CANDIOLO IRCCS-Centro Ricerche,16.46
C0125,275/282,12345,FER,A,6,NONE Bivio,16.51
C0125,275/282,12345,FER,A,7,AIRASCA,16.56
C0125,275/282,12345,FER,A,8,Bivio BOTTEGHE,16.59
C0125,275/282,12345,FER,A,9,RIVA di Pinerolo,17.04
C0125,275/282,12345,FER,A,10,PINEROLO - c.so Torino-MACUMBA,17.10
C0125,275/282,12345,FER,A,11,PINEROLO - Movicentro,17.18
C0125,275/282,12345,FER,A,12,PINEROLO - piazza Cavour,17.20
C0125,275/282,12345,FER,A,13,PONTE LEMINA,17.23
C0125,275/282,12345,FER,A,14,ABBADIA ALPINA,17.24
C0125,275/282,12345,FER,A,15,S. MARTINO,17.30
C0125,275/282,12345,FER,A,16,PORTE,17.32
C0125,275/282,12345,FER,A,17,VILLAR PEROSA - via Nazionale,17.40
C0125,275/282,12345,FER,A,18,DUBBIONE - via Nazionale,17.45
C0125,275/282,12345,FER,A,19,PINASCA,17.46
C0125,275/282,12345,FER,A,20,PEROSA ARG.-pzza Terzo Alpini (Arrivo),17.50
C0126,275/282,6,FER,A,1,TORINO - Porta Susa,16.03
C0126,275/282,6,FER,A,2,TORINO - Porta Nuova,16.08
C0126,275/282,6,FER,A,3,TORINO - Piazza Carducci,16.16
C0126,275/282,6,FER,A,4,STUPINIGI - Palazzina di Caccia,16.36
C0126,275/282,6,FER,A,5,CANDIOLO IRCCS-Centro Ricerche,16.46
C0126,275/282,6,FER,A,6,NONE Bivio,16.51
C0126,275/282,6,FER,A,7,AIRASCA,16.56
C0126,275/282,6,FER,A,8,Bivio BOTTEGHE,16.59
C0126,275/282,6,FER,A,9,RIVA di Pinerolo,17.04
C0126,275/282,6,FER,A,10,PINEROLO - c.so Torino-MACUMBA,17.10
C0126,275/282,6,FER,A,11,PINEROLO - Movicentro,17.18
C0126,275/282,6,FER,A,12,PINEROLO - piazza Cavour,17.20
C0127,275/282,12345,FER,A,1,TORINO - Porta Susa,16.15
C0127,275/282,12345,FER,A,2,TORINO - Porta Nuova,16.22
C0127,275/282,12345,FER,A,3,STUPINIGI - Palazzina di Caccia,D
C0127,275/282,12345,FER,A,4,CANDIOLO IRCCS-Centro Ricerche,I
C0127,275/282,12345,FER,A,5,NONE Bivio,R
C0127,275/282,12345,FER,A,6,RIVA di Pinerolo,17:10
C0127,275/282,12345,FER,A,7,PINEROLO - c.so Torino-MACUMBA,17:16
C0127,275/282,12345,FER,A,8,PINEROLO - piazza Cavour,17:27
C0127,275/282,12345,FER,A,9,PONTE LEMINA,P
C0127,275/282,12345,FER,A,10,ABBADIA ALPINA,E
C0127,275/282,12345,FER,A,11,S. MARTINO,R
C0127,275/282,12345,FER,A,12,VILLAR PEROSA - via Nazionale,O
C0127,275/282,12345,FER,A,13,DUBBIONE - via Nazionale,R
C0127,275/282,12345,FER,A,14,PINASCA,R
C0127,275/282,12345,FER,A,15,PEROSA ARG.-pzza Terzo Alpini (Arrivo),E
C0127,275/282,12345,FER,A,16,PEROSA ARG.-pzza Terzo Alpini (Partenza),F
C0127,275/282,12345,FER,A,17,FENESTRELLE - via Nazionale,S
C0128,275/282,12345,FER,#,1,TORINO - Porta Susa,16.33
C0128,275/282,12345,FER,#,2,TORINO - Porta Nuova,16.38
C0128,275/282,12345,FER,#,3,STUPINIGI - Palazzina di Caccia,17.06
C0128,275/282,12345,FER,#,4,CANDIOLO IRCCS-Centro Ricerche,17.16
C0128,275/282,12345,FER,#,5,NONE Bivio,17.21
C0128,275/282,12345,FER,#,6,AIRASCA,17.26
C0128,275/282,12345,FER,#,7,Bivio BOTTEGHE,17.29
C0128,275/282,12345,FER,#,8,RIVA di Pinerolo,17.34
C0128,275/282,12345,FER,#,9,PINEROLO - c.so Torino-MACUMBA,17.40
C0128,275/282,12345,FER,#,10,PINEROLO - Movicentro,17.44
C0129,275/282,123456,FER,,1,TORINO - Porta Susa,16:31
C0129,275/282,123456,FER,,2,TORINO - Porta Nuova,16:36
C0129,275/282,123456,FER,,3,STUPINIGI - Palazzina di Caccia,D
C0129,275/282,123456,FER,,4,CANDIOLO IRCCS-Centro Ricerche,I
C0129,275/282,123456,FER,,5,NONE Bivio,R
C0129,275/282,123456,FER,,6,RIVA di Pinerolo,17:35
C0129,275/282,123456,FER,,7,PINEROLO - c.so Torino-MACUMBA,17:40
C0129,275/282,123456,FER,,8,PINEROLO - Movicentro,17.48
C0129,275/282,123456,FER,,9,PINEROLO - piazza Cavour,17.50
C0129,275/282,123456,FER,,10,PONTE LEMINA,17.53
C0129,275/282,123456,FER,,11,ABBADIA ALPINA,17.54
C0129,275/282,123456,FER,,12,S. MARTINO,18.00
C0129,275/282,123456,FER,,13,PORTE,18.02
C0129,275/282,123456,FER,,14,VILLAR PEROSA - via Nazionale,18.10
C0129,275/282,123456,FER,,15,DUBBIONE - via Nazionale,18.15
C0129,275/282,123456,FER,,16,PINASCA,18.16
C0129,275/282,123456,FER,,17,PEROSA ARG.-pzza Terzo Alpini (Arrivo),18.20
C0129,275/282,123456,FER,,18,PEROSA ARG.-pzza Terzo Alpini (Partenza),18.20
C0129,275/282,123456,FER,,19,FENESTRELLE - via Nazionale,18.50
C0129,275/282,123456,FER,,20,PRAGELATO,19.10
C0129,275/282,123456,FER,,21,SESTRIERE,19.30
C0129,275/282,123456,FER,,22,CESANA TORINESE,19.55
C0129,275/282,123456,FER,,23,OULX - p.zza Garambois,20.12
C0129,275/282,123456,FER,,24,OULX - Liceo,20.14
C0129,275/282,123456,FER,,25,OULX - Stazione FS,20.15
C0130,275/282,12345,FER,A,1,TORINO - Porta Susa,17.03
C0130,275/282,12345,FER,A,2,TORINO - Porta Nuova,17.08
C0130,275/282,12345,FER,A,3,STUPINIGI - Palazzina di Caccia,17.36
C0130,275/282,12345,FER,A,4,CANDIOLO IRCCS-Centro Ricerche,17.46
C0130,275/282,12345,FER,A,5,NONE Bivio,17.51
C0130,275/282,12345,FER,A,6,AIRASCA,17.56
C0130,275/282,12345,FER,A,7,Bivio BOTTEGHE,17.59
C0130,275/282,12345,FER,A,8,RIVA di Pinerolo,18.04
C0130,275/282,12345,FER,A,9,PINEROLO - c.so Torino-MACUMBA,18.10
C0130,275/282,12345,FER,A,10,PINEROLO - Movicentro,18.18
C0130,275/282,12345,FER,A,11,PINEROLO - piazza Cavour,18.20
C0130,275/282,12345,FER,A,12,PONTE LEMINA,18.23
C0130,275/282,12345,FER,A,13,ABBADIA ALPINA,18.24
C0130,275/282,12345,FER,A,14,S. MARTINO,18.30
C0130,275/282,12345,FER,A,15,PORTE,18.32
C0130,275/282,12345,FER,A,16,VILLAR PEROSA - via Nazionale,18.40
C0130,275/282,12345,FER,A,17,DUBBIONE - via Nazionale,18.45
C0130,275/282,12345,FER,A,18,PINASCA,18.46
C0130,275/282,12345,FER,A,19,PEROSA ARG.-pzza Terzo Alpini (Arrivo),18.50
C0131,275/282,12345,FER,A,1,TORINO - Porta Susa,17:15
C0131,275/282,12345,FER,A,2,TORINO - Porta Nuova,17:20
C0131,275/282,12345,FER,A,3,STUPINIGI - Palazzina di Caccia,D
C0131,275/282,12345,FER,A,4,CANDIOLO IRCCS-Centro Ricerche,I
C0131,275/282,12345,FER,A,5,NONE Bivio,R
C0131,275/282,12345,FER,A,6,RIVA di Pinerolo,18:08
C0131,275/282,12345,FER,A,7,PINEROLO - c.so Torino-MACUMBA,18:14
C0131,275/282,12345,FER,A,8,PINEROLO - Movicentro,18:22
C0131,275/282,12345,FER,A,9,PINEROLO - piazza Cavour,18:24
C0132,275/282,78,FEST,J,1,TORINO - Porta Susa,17.15
C0132,275/282,78,FEST,J,2,TORINO - Porta Nuova,17.20
C0132,275/282,78,FEST,J,3,STUPINIGI - Palazzina di Caccia,D
C0132,275/282,78,FEST,J,4,CANDIOLO IRCCS-Centro Ricerche,I
C0132,275/282,78,FEST,J,5,NONE Bivio,R
C0132,275/282,78,FEST,J,6,RIVA di Pinerolo,18.08
C0132,275/282,78,FEST,J,7,PINEROLO - c.so Torino-MACUMBA,18.14
C0132,275/282,78,FEST,J,8,PINEROLO - Movicentro,18.22
C0132,275/282,78,FEST,J,9,PINEROLO - piazza Cavour,18.24
C0132,275/282,78,FEST,J,10,PONTE LEMINA,18.27
C0132,275/282,78,FEST,J,11,ABBADIA ALPINA,18.28
C0132,275/282,78,FEST,J,12,S. MARTINO,18.34
C0132,275/282,78,FEST,J,13,PORTE,18.36
C0132,275/282,78,FEST,J,14,VILLAR PEROSA - via Nazionale,18.44
C0132,275/282,78,FEST,J,15,DUBBIONE - via Nazionale,18.49
C0132,275/282,78,FEST,J,16,PINASCA,18.50
C0132,275/282,78,FEST,J,17,PEROSA ARG.-pzza Terzo Alpini (Arrivo),18.54
C0132,275/282,78,FEST,J,18,PEROSA ARG.-pzza Terzo Alpini (Partenza),18.54
C0132,275/282,78,FEST,J,19,FENESTRELLE - via Nazionale,19.24
C0132,275/282,78,FEST,J,20,PRAGELATO,19.44
C0132,275/282,78,FEST,J,21,SESTRIERE,20.04
C0132,275/282,78,FEST,J,22,CESANA TORINESE,20.29
C0132,275/282,78,FEST,J,23,OULX - p.zza Garambois,20.46
C0132,275/282,78,FEST,J,24,OULX - Liceo,20.48
C0132,275/282,78,FEST,J,25,OULX - Stazione FS,20.49
C0133,275/282,12345,FER,A,1,TORINO - Porta Susa,17.33
C0133,275/282,12345,FER,A,2,TORINO - Porta Nuova,17.38
C0133,275/282,12345,FER,A,3,STUPINIGI - Palazzina di Caccia,18.06
C0133,275/282,12345,FER,A,4,CANDIOLO IRCCS-Centro Ricerche,18.16
C0133,275/282,12345,FER,A,5,NONE Bivio,18.21
C0133,275/282,12345,FER,A,6,AIRASCA,18.26
C0133,275/282,12345,FER,A,7,Bivio BOTTEGHE,18.29
C0133,275/282,12345,FER,A,8,RIVA di Pinerolo,18.34
C0133,275/282,12345,FER,A,9,PINEROLO - c.so Torino-MACUMBA,18.40
C0133,275/282,12345,FER,A,10,PINEROLO - Movicentro,18.44
C0134,275/282,12345,FER,A,1,TORINO - Porta Susa,17.30
C0134,275/282,12345,FER,A,2,TORINO - Porta Nuova,17.35
C0134,275/282,12345,FER,A,3,STUPINIGI - Palazzina di Caccia,D
C0134,275/282,12345,FER,A,4,CANDIOLO IRCCS-Centro Ricerche,I
C0134,275/282,12345,FER,A,5,NONE Bivio,R
C0134,275/282,12345,FER,A,6,ABBADIA ALPINA,18:34
C0134,275/282,12345,FER,A,7,S. MARTINO,18:37
C0134,275/282,12345,FER,A,8,PORTE,18.38
C0134,275/282,12345,FER,A,9,VILLAR PEROSA - via Nazionale,18.46
C0134,275/282,12345,FER,A,10,DUBBIONE - via Nazionale,18.51
C0134,275/282,12345,FER,A,11,PINASCA,18.52
C0134,275/282,12345,FER,A,12,PEROSA ARG.-pzza Terzo Alpini (Arrivo),18.56
C0135,275/282,12345,FER,#,1,TORINO - Porta Susa,17.41
C0135,275/282,12345,FER,#,2,TORINO - Porta Nuova,17.46
C0135,275/282,12345,FER,#,3,STUPINIGI - Palazzina di Caccia,D
C0135,275/282,12345,FER,#,4,CANDIOLO IRCCS-Centro Ricerche,I
C0135,275/282,12345,FER,#,5,NONE Bivio,R
C0135,275/282,12345,FER,#,6,RIVA di Pinerolo,18.34
C0135,275/282,12345,FER,#,7,PINEROLO - c.so Torino-MACUMBA,18.40
C0135,275/282,12345,FER,#,8,PINEROLO - Movicentro,18.48
C0135,275/282,12345,FER,#,9,PINEROLO - piazza Cavour,18.50
C0135,275/282,12345,FER,#,10,PONTE LEMINA,18.53
C0135,275/282,12345,FER,#,11,ABBADIA ALPINA,18.54
C0135,275/282,12345,FER,#,12,S. MARTINO,19.00
C0135,275/282,12345,FER,#,13,PORTE,19.02
C0135,275/282,12345,FER,#,14,VILLAR PEROSA - via Nazionale,19.10
C0135,275/282,12345,FER,#,15,DUBBIONE - via Nazionale,19.15
C0135,275/282,12345,FER,#,16,PINASCA,19.16
C0135,275/282,12345,FER,#,17,PEROSA ARG.-pzza Terzo Alpini (Arrivo),19.20
C0136,275/282,12345,FER,A,1,PEROSA ARG.-pzza Terzo Alpini (Partenza),19.20
C0136,275/282,12345,FER,A,2,FENESTRELLE - via Nazionale,19.50
C0137,275/282,12345,FER,F,1,TORINO - Porta Susa,17.41
C0137,275/282,12345,FER,F,2,TORINO - Porta Nuova,17.46
C0137,275/282,12345,FER,F,3,TORINO - Piazza Carducci,17.54
C0137,275/282,12345,FER,F,4,STUPINIGI - Palazzina di Caccia,18.14
C0137,275/282,12345,FER,F,5,CANDIOLO IRCCS-Centro Ricerche,18.24
C0137,275/282,12345,FER,F,6,NONE Bivio,18.29
C0137,275/282,12345,FER,F,7,AIRASCA,18.34
C0137,275/282,12345,FER,F,8,Bivio BOTTEGHE,18.37
C0137,275/282,12345,FER,F,9,RIVA di Pinerolo,18.42
C0137,275/282,12345,FER,F,10,PINEROLO - c.so Torino-MACUMBA,18.48
C0137,275/282,12345,FER,F,11,PINEROLO - Movicentro,18.56
C0137,275/282,12345,FER,F,12,PINEROLO - piazza Cavour,18.58
C0137,275/282,12345,FER,F,13,PONTE LEMINA,19.01
C0137,275/282,12345,FER,F,14,ABBADIA ALPINA,19.02
C0137,275/282,12345,FER,F,15,S. MARTINO,19.08
C0137,275/282,12345,FER,F,16,PORTE,19.10
C0137,275/282,12345,FER,F,17,VILLAR PEROSA - via Nazionale,19.18
C0137,275/282,12345,FER,F,18,DUBBIONE - via Nazionale,19.23
C0137,275/282,12345,FER,F,19,PINASCA,19.24
C0137,275/282,12345,FER,F,20,PEROSA ARG.-pzza Terzo Alpini (Arrivo),19.28
C0137,275/282,12345,FER,F,21,PEROSA ARG.-pzza Terzo Alpini (Partenza),19.28
C0137,275/282,12345,FER,F,22,FENESTRELLE - via Nazionale,19.58
C0138,275/282,12345,FER,A,1,TORINO - Porta Susa,18.03
C0138,275/282,12345,FER,A,2,TORINO - Porta Nuova,18.08
C0138,275/282,12345,FER,A,3,STUPINIGI - Palazzina di Caccia,18.36
C0138,275/282,12345,FER,A,4,CANDIOLO IRCCS-Centro Ricerche,18.46
C0138,275/282,12345,FER,A,5,NONE Bivio,18.51
C0138,275/282,12345,FER,A,6,AIRASCA,18.56
C0138,275/282,12345,FER,A,7,Bivio BOTTEGHE,18.59
C0138,275/282,12345,FER,A,8,RIVA di Pinerolo,19.04
C0138,275/282,12345,FER,A,9,PINEROLO - c.so Torino-MACUMBA,19.10
C0138,275/282,12345,FER,A,10,PINEROLO - Movicentro,19.18
C0138,275/282,12345,FER,A,11,PINEROLO - piazza Cavour,19.20
C0138,275/282,12345,FER,A,12,PONTE LEMINA,19.23
C0138,275/282,12345,FER,A,13,ABBADIA ALPINA,19.24
C0138,275/282,12345,FER,A,14,S. MARTINO,19.30
C0138,275/282,12345,FER,A,15,PORTE,19.32
C0138,275/282,12345,FER,A,16,VILLAR PEROSA - via Nazionale,19.40
C0138,275/282,12345,FER,A,17,DUBBIONE - via Nazionale,19.45
C0138,275/282,12345,FER,A,18,PINASCA,19.46
C0138,275/282,12345,FER,A,19,PEROSA ARG.-pzza Terzo Alpini (Arrivo),19.50
C0139,275/282,12345,FER,A,1,TORINO - Porta Susa,18.33
C0139,275/282,12345,FER,A,2,TORINO - Porta Nuova,18.38
C0139,275/282,12345,FER,A,3,STUPINIGI - Palazzina di Caccia,19.06
C0139,275/282,12345,FER,A,4,CANDIOLO IRCCS-Centro Ricerche,19.16
C0139,275/282,12345,FER,A,5,NONE Bivio,19.21
C0139,275/282,12345,FER,A,6,AIRASCA,19.26
C0139,275/282,12345,FER,A,7,Bivio BOTTEGHE,19.29
C0139,275/282,12345,FER,A,8,RIVA di Pinerolo,19.34
C0139,275/282,12345,FER,A,9,PINEROLO - c.so Torino-MACUMBA,19.40
C0139,275/282,12345,FER,A,10,PINEROLO - Movicentro,19.44
C0140,275/282,123456,FER,,1,TORINO - Porta Susa,18.41
C0140,275/282,123456,FER,,2,TORINO - Porta Nuova,18.46
C0140,275/282,123456,FER,,3,STUPINIGI - Palazzina di Caccia,D
C0140,275/282,123456,FER,,4,CANDIOLO IRCCS-Centro Ricerche,I
C0140,275/282,123456,FER,,5,NONE Bivio,R
C0140,275/282,123456,FER,,6,RIVA di Pinerolo,19.34
C0140,275/282,123456,FER,,7,PINEROLO - c.so Torino-MACUMBA,19.40
C0140,275/282,123456,FER,,8,PINEROLO - Movicentro,19.48
C0140,275/282,123456,FER,,9,PINEROLO - piazza Cavour,19.50
C0140,275/282,123456,FER,,10,PONTE LEMINA,19.53
C0140,275/282,123456,FER,,11,ABBADIA ALPINA,19.54
C0140,275/282,123456,FER,,12,S. MARTINO,20.00
C0140,275/282,123456,FER,,13,PORTE,20.02
C0140,275/282,123456,FER,,14,VILLAR PEROSA - via Nazionale,20.10
C0140,275/282,123456,FER,,15,DUBBIONE - via Nazionale,20.15
C0140,275/282,123456,FER,,16,PINASCA,20.16
C0140,275/282,123456,FER,,17,PEROSA ARG.-pzza Terzo Alpini (Arrivo),20.20
C0141,275/282,6,FER,A,1,TORINO - Porta Susa,18.48
C0141,275/282,6,FER,A,2,TORINO - Porta Nuova,18.53
C0141,275/282,6,FER,A,3,STUPINIGI - Palazzina di Caccia,19.21
C0141,275/282,6,FER,A,4,CANDIOLO IRCCS-Centro Ricerche,19.31
C0141,275/282,6,FER,A,5,NONE Bivio,19.36
C0141,275/282,6,FER,A,6,AIRASCA,19.41
C0141,275/282,6,FER,A,7,Bivio BOTTEGHE,19.44
C0141,275/282,6,FER,A,8,RIVA di Pinerolo,19.49
C0141,275/282,6,FER,A,9,PINEROLO - c.so Torino-MACUMBA,19.55
C0141,275/282,6,FER,A,10,PINEROLO - Movicentro,19.59
C0142,275/282,12345,FER,#,1,TORINO - Porta Susa,19.03
C0142,275/282,12345,FER,#,2,TORINO - Porta Nuova,19.08
C0142,275/282,12345,FER,#,3,STUPINIGI - Palazzina di Caccia,19.36
C0142,275/282,12345,FER,#,4,CANDIOLO IRCCS-Centro Ricerche,19.46
C0142,275/282,12345,FER,#,5,NONE Bivio,19.51
C0142,275/282,12345,FER,#,6,AIRASCA,19.56
C0142,275/282,12345,FER,#,7,Bivio BOTTEGHE,19.59
C0142,275/282,12345,FER,#,8,RIVA di Pinerolo,20.04
C0142,275/282,12345,FER,#,9,PINEROLO - c.so Torino-MACUMBA,20.10
C0142,275/282,12345,FER,#,10,PINEROLO - Movicentro,20.14
C0143,275/282,12345,FER,A,1,PINEROLO - Movicentro,20.18
C0143,275/282,12345,FER,A,2,PINEROLO - piazza Cavour,20.20
C0143,275/282,12345,FER,A,3,PONTE LEMINA,20.23
C0143,275/282,12345,FER,A,4,ABBADIA ALPINA,20.24
C0143,275/282,12345,FER,A,5,S. MARTINO,20.30
C0143,275/282,12345,FER,A,6,PORTE,20.32
C0143,275/282,12345,FER,A,7,VILLAR PEROSA - via Nazionale,20.40
C0143,275/282,12345,FER,A,8,DUBBIONE - via Nazionale,20.45
C0143,275/282,12345,FER,A,9,PINASCA,20.46
C0143,275/282,12345,FER,A,10,PEROSA ARG.-pzza Terzo Alpini (Arrivo),20.50
C0144,275/282,78,FEST,J,1,TORINO - Porta Susa,19.03
C0144,275/282,78,FEST,J,2,TORINO - Porta Nuova,19.08
C0144,275/282,78,FEST,J,3,STUPINIGI - Palazzina di Caccia,19.36
C0144,275/282,78,FEST,J,4,CANDIOLO IRCCS-Centro Ricerche,19.46
C0144,275/282,78,FEST,J,5,NONE Bivio,19.51
C0144,275/282,78,FEST,J,6,AIRASCA,19.56
C0144,275/282,78,FEST,J,7,Bivio BOTTEGHE,19.59
C0144,275/282,78,FEST,J,8,RIVA di Pinerolo,20.04
C0144,275/282,78,FEST,J,9,PINEROLO - c.so Torino-MACUMBA,20.10
C0144,275/282,78,FEST,J,10,PINEROLO - Movicentro,20.18
C0144,275/282,78,FEST,J,11,PINEROLO - piazza Cavour,20.20
C0144,275/282,78,FEST,J,12,PONTE LEMINA,20.23
C0144,275/282,78,FEST,J,13,ABBADIA ALPINA,20.24
C0144,275/282,78,FEST,J,14,S. MARTINO,20.30
C0144,275/282,78,FEST,J,15,PORTE,20.32
C0144,275/282,78,FEST,J,16,VILLAR PEROSA - via Nazionale,20.40
C0144,275/282,78,FEST,J,17,DUBBIONE - via Nazionale,20.45
C0144,275/282,78,FEST,J,18,PINASCA,20.46
C0144,275/282,78,FEST,J,19,PEROSA ARG.-pzza Terzo Alpini (Arrivo),20.50
C0145,275/282,12345,FER,A,1,TORINO - Porta Susa,19.18
C0145,275/282,12345,FER,A,2,TORINO - Porta Nuova,19.23
C0145,275/282,12345,FER,A,3,TORINO - Piazza Carducci,19.32
C0145,275/282,12345,FER,A,4,STUPINIGI - Palazzina di Caccia,19.51
C0145,275/282,12345,FER,A,5,CANDIOLO IRCCS-Centro Ricerche,20.01
C0145,275/282,12345,FER,A,6,NONE Bivio,20.06
C0145,275/282,12345,FER,A,7,AIRASCA,20.11
C0145,275/282,12345,FER,A,8,Bivio BOTTEGHE,20.14
C0145,275/282,12345,FER,A,9,RIVA di Pinerolo,20.19
C0145,275/282,12345,FER,A,10,PINEROLO - c.so Torino-MACUMBA,20.25
C0145,275/282,12345,FER,A,11,PINEROLO - Movicentro,20.33
C0145,275/282,12345,FER,A,12,PINEROLO - piazza Cavour,20.35
C0145,275/282,12345,FER,A,13,PONTE LEMINA,20.38
C0145,275/282,12345,FER,A,14,ABBADIA ALPINA,20.39
C0145,275/282,12345,FER,A,15,S. MARTINO,20.45
C0145,275/282,12345,FER,A,16,PORTE,20.47
C0145,275/282,12345,FER,A,17,VILLAR PEROSA - via Nazionale,20.55
C0145,275/282,12345,FER,A,18,DUBBIONE - via Nazionale,21.00
C0145,275/282,12345,FER,A,19,PINASCA,21.01
C0145,275/282,12345,FER,A,20,PEROSA ARG.-pzza Terzo Alpini (Arrivo),21.05
C0146,275/282,12345,FER,A,1,TORINO - Porta Susa,19.41
C0146,275/282,12345,FER,A,2,TORINO - Porta Nuova,19.46
C0146,275/282,12345,FER,A,3,STUPINIGI - Palazzina di Caccia,D
C0146,275/282,12345,FER,A,4,CANDIOLO IRCCS-Centro Ricerche,I
C0146,275/282,12345,FER,A,5,NONE Bivio,R
C0146,275/282,12345,FER,A,6,RIVA di Pinerolo,20.34
C0146,275/282,12345,FER,A,7,PINEROLO - c.so Torino-MACUMBA,20.40
C0146,275/282,12345,FER,A,8,PINEROLO - Movicentro,20.48
C0146,275/282,12345,FER,A,9,PINEROLO - piazza Cavour,20.50
C0146,275/282,12345,FER,A,10,PONTE LEMINA,20.53
C0146,275/282,12345,FER,A,11,ABBADIA ALPINA,20.54
C0146,275/282,12345,FER,A,12,S. MARTINO,21.00
C0146,275/282,12345,FER,A,13,PORTE,21.02
C0146,275/282,12345,FER,A,14,VILLAR PEROSA - via Nazionale,21.10
C0146,275/282,12345,FER,A,15,DUBBIONE - via Nazionale,21.15
C0146,275/282,12345,FER,A,16,PINASCA,21.16
C0146,275/282,12345,FER,A,17,PEROSA ARG.-pzza Terzo Alpini (Arrivo),21.20
C0147,275/282,12345,FER,A,1,TORINO - Porta Susa,20.03
C0147,275/282,12345,FER,A,2,TORINO - Porta Nuova,20.08
C0147,275/282,12345,FER,A,3,STUPINIGI - Palazzina di Caccia,20.36
C0147,275/282,12345,FER,A,4,CANDIOLO IRCCS-Centro Ricerche,20.46
C0147,275/282,12345,FER,A,5,NONE Bivio,20.51
C0147,275/282,12345,FER,A,6,AIRASCA,20.56
C0147,275/282,12345,FER,A,7,Bivio BOTTEGHE,20.59
C0147,275/282,12345,FER,A,8,RIVA di Pinerolo,21.04
C0147,275/282,12345,FER,A,9,PINEROLO - c.so Torino-MACUMBA,21.10
C0147,275/282,12345,FER,A,10,PINEROLO - Movicentro,21.18
C0147,275/282,12345,FER,A,11,PINEROLO - piazza Cavour,21.20
C0147,275/282,12345,FER,A,12,PONTE LEMINA,21.23
C0147,275/282,12345,FER,A,13,ABBADIA ALPINA,21.24
C0147,275/282,12345,FER,A,14,S. MARTINO,21.30
C0147,275/282,12345,FER,A,15,PORTE,21.32
C0147,275/282,12345,FER,A,16,VILLAR PEROSA - via Nazionale,21.40
C0147,275/282,12345,FER,A,17,DUBBIONE - via Nazionale,21.45
C0147,275/282,12345,FER,A,18,PINASCA,21.46
C0147,275/282,12345,FER,A,19,PEROSA ARG.-pzza Terzo Alpini (Arrivo),21.50
C0148,275/282,12345,FER,A,1,TORINO - Porta Susa,21.03
C0148,275/282,12345,FER,A,2,TORINO - Porta Nuova,21.08
C0148,275/282,12345,FER,A,3,STUPINIGI - Palazzina di Caccia,D
C0148,275/282,12345,FER,A,4,CANDIOLO IRCCS-Centro Ricerche,I
C0148,275/282,12345,FER,A,5,NONE Bivio,R
C0148,275/282,12345,FER,A,6,RIVA di Pinerolo,21.56
C0148,275/282,12345,FER,A,7,PINEROLO - c.so Torino-MACUMBA,22.02
C0148,275/282,12345,FER,A,8,PINEROLO - Movicentro,22.10
C0148,275/282,12345,FER,A,9,PINEROLO - piazza Cavour,22.12
C0148,275/282,12345,FER,A,10,PONTE LEMINA,22.15
C0148,275/282,12345,FER,A,11,ABBADIA ALPINA,22.16
C0148,275/282,12345,FER,A,12,S. MARTINO,22.22
C0148,275/282,12345,FER,A,13,PORTE,22.24
C0148,275/282,12345,FER,A,14,VILLAR PEROSA - via Nazionale,22.32
C0148,275/282,12345,FER,A,15,DUBBIONE - via Nazionale,22.37
C0148,275/282,12345,FER,A,16,PINASCA,22.38
C0148,275/282,12345,FER,A,17,PEROSA ARG.-pzza Terzo Alpini (Arrivo),22.42
C0149,275/282,6,FER,A,1,TORINO - Porta Susa,20.41
C0149,275/282,6,FER,A,2,TORINO - Porta Nuova,20.46
C0149,275/282,6,FER,A,3,STUPINIGI - Palazzina di Caccia,D
C0149,275/282,6,FER,A,4,CANDIOLO IRCCS-Centro Ricerche,I
C0149,275/282,6,FER,A,5,NONE Bivio,R
C0149,275/282,6,FER,A,6,RIVA di Pinerolo,21.34
C0149,275/282,6,FER,A,7,PINEROLO - c.so Torino-MACUMBA,21.40
C0149,275/282,6,FER,A,8,PINEROLO - Movicentro,21.48
C0149,275/282,6,FER,A,9,PINEROLO - piazza Cavour,21.50
C0150,275/282,12345,FER,A,1,TORINO - Porta Susa,21.41
C0150,275/282,12345,FER,A,2,TORINO - Porta Nuova,21.46
C0150,275/282,12345,FER,A,3,STUPINIGI - Palazzina di Caccia,22.14
C0150,275/282,12345,FER,A,4,CANDIOLO IRCCS-Centro Ricerche,22.24
C0150,275/282,12345,FER,A,5,NONE Bivio,22.29
C0150,275/282,12345,FER,A,6,AIRASCA,22.34
C0150,275/282,12345,FER,A,7,Bivio BOTTEGHE,22.37
C0150,275/282,12345,FER,A,8,RIVA di Pinerolo,22.42
C0150,275/282,12345,FER,A,9,PINEROLO - c.so Torino-MACUMBA,22.48
C0150,275/282,12345,FER,A,10,PINEROLO - Movicentro,22.52
C0151,275/282,12345,FER,A,1,TORINO - Porta Susa,22.03
C0151,275/282,12345,FER,A,2,TORINO - Porta Nuova,22.08
C0151,275/282,12345,FER,A,3,STUPINIGI - Palazzina di Caccia,22.36
C0151,275/282,12345,FER,A,4,CANDIOLO IRCCS-Centro Ricerche,22.46
C0151,275/282,12345,FER,A,5,NONE Bivio,22.51
C0151,275/282,12345,FER,A,6,AIRASCA,22.56
C0151,275/282,12345,FER,A,7,Bivio BOTTEGHE,22.59
C0151,275/282,12345,FER,A,8,RIVA di Pinerolo,23.04
C0151,275/282,12345,FER,A,9,PINEROLO - c.so Torino-MACUMBA,23.10
C0151,275/282,12345,FER,A,10,PINEROLO - Movicentro,23.18
C0151,275/282,12345,FER,A,11,PINEROLO - piazza Cavour,23.20
C0151,275/282,12345,FER,A,12,PONTE LEMINA,23.23
C0151,275/282,12345,FER,A,13,ABBADIA ALPINA,23.24
C0151,275/282,12345,FER,A,14,S. MARTINO,23.30
C0151,275/282,12345,FER,A,15,PORTE,23.32
C0151,275/282,12345,FER,A,16,VILLAR PEROSA - via Nazionale,23.40
C0151,275/282,12345,FER,A,17,DUBBIONE - via Nazionale,23.45
C0151,275/282,12345,FER,A,18,PINASCA,23.46
C0151,275/282,12345,FER,A,19,PEROSA ARG.-pzza Terzo Alpini (Arrivo),23.50
C0152,275/282,,GG,#,1,TORINO - Porta Susa,23.03
C0152,275/282,,GG,#,2,TORINO - Porta Nuova,23.08
C0152,275/282,,GG,#,3,STUPINIGI - Palazzina di Caccia,23.36
C0152,275/282,,GG,#,4,CANDIOLO IRCCS-Centro Ricerche,23.46
C0152,275/282,,GG,#,5,NONE Bivio,23.51
C0152,275/282,,GG,#,6,AIRASCA,23.56
C0152,275/282,,GG,#,7,Bivio BOTTEGHE,23.59
C0152,275/282,,GG,#,8,RIVA di Pinerolo,00.04
C0152,275/282,,GG,#,9,PINEROLO - c.so Torino-MACUMBA,00.10
C0152,275/282,,GG,#,10,PINEROLO - Movicentro,00.18
C0152,275/282,,GG,#,11,PINEROLO - piazza Cavour,00.20
C0152,275/282,,GG,#,12,PONTE LEMINA,00.23
C0152,275/282,,GG,#,13,ABBADIA ALPINA,00.24
C0152,275/282,,GG,#,14,S. MARTINO,00.30
C0152,275/282,,GG,#,15,PORTE,00.32
C0152,275/282,,GG,#,16,VILLAR PEROSA - via Nazionale,00.40
C0152,275/282,,GG,#,17,DUBBIONE - via Nazionale,00.45
C0152,275/282,,GG,#,18,PINASCA,00.46
C0152,275/282,,GG,#,19,PEROSA ARG.-pzza Terzo Alpini (Arrivo),00.50
C0153,275/282,12345,FER,A,1,PEROSA ARG.-pzza Terzo Alpini (Partenza),4.20
C0153,275/282,12345,FER,A,2,PINASCA,4.24
C0153,275/282,12345,FER,A,3,DUBBIONE - via Nazionale,4.25
C0153,275/282,12345,FER,A,4,VILLAR PEROSA - via Nazionale,4.30
C0153,275/282,12345,FER,A,5,S. GERMANO CHISONE,4.36
C0153,275/282,12345,FER,A,6,PORTE,4.38
C0153,275/282,12345,FER,A,7,S. MARTINO,4.39
C0153,275/282,12345,FER,A,8,ABBADIA ALPINA,4.41
C0153,275/282,12345,FER,A,9,PONTE LEMINA,4.42
C0153,275/282,12345,FER,A,10,PINEROLO - piazza Cavour,4.45
C0153,275/282,12345,FER,A,11,PINEROLO - Movicentro,4.52
C0153,275/282,12345,FER,A,12,PINEROLO - c.so Torino-MACUMBA,4.56
C0153,275/282,12345,FER,A,13,RIVA di Pinerolo,5.02
C0153,275/282,12345,FER,A,14,Bivio BOTTEGHE,5.07
C0153,275/282,12345,FER,A,15,AIRASCA,5.10
C0153,275/282,12345,FER,A,16,NONE Bivio,5.15
C0153,275/282,12345,FER,A,17,STUPINIGI - Palazzina di Caccia,5.25
C0153,275/282,12345,FER,A,18,TORINO - Porta Nuova,5.46
C0153,275/282,12345,FER,A,19,TORINO - Porta Susa,5.51
C0154,275/282,12345,FER,A,1,PINEROLO - piazza Cavour,5.10
C0154,275/282,12345,FER,A,2,PINEROLO - Movicentro,5.16
C0154,275/282,12345,FER,A,3,PINEROLO - c.so Torino-MACUMBA,5.20
C0154,275/282,12345,FER,A,4,RIVA di Pinerolo,5.26
C0154,275/282,12345,FER,A,5,AIRASCA,D
C0154,275/282,12345,FER,A,6,NONE Bivio,I
C0154,275/282,12345,FER,A,7,CANDIOLO IRCCS-Centro Ricerche,R
C0154,275/282,12345,FER,A,8,TORINO - Porta Nuova,6.14
C0154,275/282,12345,FER,A,9,TORINO - Porta Susa,6.19
C0155,275/282,12345,FER,A,1,PEROSA ARG.-pzza Terzo Alpini (Partenza),4.50
C0155,275/282,12345,FER,A,2,PINASCA,4.54
C0155,275/282,12345,FER,A,3,DUBBIONE - via Nazionale,4.55
C0155,275/282,12345,FER,A,4,VILLAR PEROSA - via Nazionale,5.00
C0155,275/282,12345,FER,A,5,S. GERMANO CHISONE,5.06
C0155,275/282,12345,FER,A,6,PORTE,5.08
C0155,275/282,12345,FER,A,7,S. MARTINO,5.10
C0155,275/282,12345,FER,A,8,ABBADIA ALPINA,5.16
C0155,275/282,12345,FER,A,9,PONTE LEMINA,5.17
C0155,275/282,12345,FER,A,10,PINEROLO - piazza Cavour,5.20
C0155,275/282,12345,FER,A,11,PINEROLO - Movicentro,5.26
C0155,275/282,12345,FER,A,12,PINEROLO - c.so Torino-MACUMBA,5.30
C0155,275/282,12345,FER,A,13,RIVA di Pinerolo,5:36
C0155,275/282,12345,FER,A,14,Bivio BOTTEGHE,5:41
C0155,275/282,12345,FER,A,15,AIRASCA,5:44
C0155,275/282,12345,FER,A,16,NONE Bivio,5:49
C0155,275/282,12345,FER,A,17,CANDIOLO IRCCS-Centro Ricerche,5:54
C0155,275/282,12345,FER,A,18,STUPINIGI - Palazzina di Caccia,6:04
C0155,275/282,12345,FER,A,19,TORINO - Porta Nuova,6:32
C0155,275/282,12345,FER,A,20,TORINO - Porta Susa,6:37
C0156,275/282,12345,FER,A,1,PEROSA ARG.-pzza Terzo Alpini (Partenza),5.40
C0156,275/282,12345,FER,A,2,PINASCA,5.44
C0156,275/282,12345,FER,A,3,DUBBIONE - via Nazionale,5.45
C0156,275/282,12345,FER,A,4,VILLAR PEROSA - via Nazionale,5.50
C0156,275/282,12345,FER,A,5,S. GERMANO CHISONE,5.56
C0156,275/282,12345,FER,A,6,PORTE,5.58
C0156,275/282,12345,FER,A,7,S. MARTINO,6.00
C0156,275/282,12345,FER,A,8,ABBADIA ALPINA,6.06
C0156,275/282,12345,FER,A,9,PONTE LEMINA,6.07
C0156,275/282,12345,FER,A,10,PINEROLO - piazza Cavour,6.10
C0156,275/282,12345,FER,A,11,PINEROLO - Movicentro,6.16
C0156,275/282,12345,FER,A,12,PINEROLO - c.so Torino-MACUMBA,6.20
C0156,275/282,12345,FER,A,13,RIVA di Pinerolo,6.26
C0156,275/282,12345,FER,A,14,AIRASCA,D
C0156,275/282,12345,FER,A,15,NONE Bivio,I
C0156,275/282,12345,FER,A,16,CANDIOLO IRCCS-Centro Ricerche,R
C0156,275/282,12345,FER,A,17,TORINO - Porta Nuova,7.14
C0156,275/282,12345,FER,A,18,TORINO - Porta Susa,7.19
C0157,275/282,12345,FER,F,1,PEROSA ARG.-pzza Terzo Alpini (Partenza),5.50
C0157,275/282,12345,FER,F,2,PINASCA,5.54
C0157,275/282,12345,FER,F,3,DUBBIONE - via Nazionale,5.55
C0157,275/282,12345,FER,F,4,VILLAR PEROSA - via Nazionale,6.00
C0157,275/282,12345,FER,F,5,S. GERMANO CHISONE,6.06
C0157,275/282,12345,FER,F,6,PORTE,6.08
C0157,275/282,12345,FER,F,7,S. MARTINO,6.10
C0157,275/282,12345,FER,F,8,ABBADIA ALPINA,6.16
C0157,275/282,12345,FER,F,9,PONTE LEMINA,6.17
C0157,275/282,12345,FER,F,10,PINEROLO - piazza Cavour,6.20
C0157,275/282,12345,FER,F,11,PINEROLO - Movicentro,6.26
C0157,275/282,12345,FER,F,12,PINEROLO - c.so Torino-MACUMBA,6.30
C0157,275/282,12345,FER,F,13,RIVA di Pinerolo,6.36
C0157,275/282,12345,FER,F,14,Bivio BOTTEGHE,6.41
C0157,275/282,12345,FER,F,15,AIRASCA,6.44
C0157,275/282,12345,FER,F,16,NONE Bivio,6.49
C0157,275/282,12345,FER,F,17,CANDIOLO IRCCS-Centro Ricerche,6.54
C0157,275/282,12345,FER,F,18,STUPINIGI - Palazzina di Caccia,7.04
C0157,275/282,12345,FER,F,19,TORINO - Porta Nuova,7.32
C0157,275/282,12345,FER,F,20,TORINO - Porta Susa,7.37
C0158,275/282,123456,FER,A,1,PEROSA ARG.-pzza Terzo Alpini (Partenza),5.50
C0158,275/282,123456,FER,A,2,PINASCA,5.54
C0158,275/282,123456,FER,A,3,DUBBIONE - via Nazionale,5.55
C0158,275/282,123456,FER,A,4,VILLAR PEROSA - via Nazionale,6.00
C0158,275/282,123456,FER,A,5,S. GERMANO CHISONE,6.06
C0158,275/282,123456,FER,A,6,PORTE,6.08
C0158,275/282,123456,FER,A,7,S. MARTINO,6.10
C0158,275/282,123456,FER,A,8,ABBADIA ALPINA,6.16
C0158,275/282,123456,FER,A,9,PONTE LEMINA,6.17
C0158,275/282,123456,FER,A,10,PINEROLO - piazza Cavour,6.20
C0158,275/282,123456,FER,A,11,PINEROLO - Movicentro,6.26
C0158,275/282,123456,FER,A,12,PINEROLO - c.so Torino-MACUMBA,6.30
C0158,275/282,123456,FER,A,13,RIVA di Pinerolo,6.36
C0158,275/282,123456,FER,A,14,Bivio BOTTEGHE,6.41
C0158,275/282,123456,FER,A,15,AIRASCA,6.44
C0158,275/282,123456,FER,A,16,NONE Bivio,6.49
C0158,275/282,123456,FER,A,17,CANDIOLO IRCCS-Centro Ricerche,6.54
C0158,275/282,123456,FER,A,18,STUPINIGI - Palazzina di Caccia,7.04
C0158,275/282,123456,FER,A,19,TORINO - Porta Nuova,7.32
C0158,275/282,123456,FER,A,20,TORINO - Porta Susa,7.37
C0159,275/282,12345,FER,A,1,PEROSA ARG.-pzza Terzo Alpini (Partenza),6.00
C0159,275/282,12345,FER,A,2,PINASCA,6.04
C0159,275/282,12345,FER,A,3,DUBBIONE - via Nazionale,6.05
C0159,275/282,12345,FER,A,4,VILLAR PEROSA - via Nazionale,6.10
C0159,275/282,12345,FER,A,5,S. GERMANO CHISONE,6.16
C0159,275/282,12345,FER,A,6,PORTE,6.18
C0159,275/282,12345,FER,A,7,S. MARTINO,6.20
C0159,275/282,12345,FER,A,8,ABBADIA ALPINA,6.26
C0159,275/282,12345,FER,A,9,PONTE LEMINA,6.27
C0159,275/282,12345,FER,A,10,PINEROLO - piazza Cavour,6.30
C0159,275/282,12345,FER,A,11,PINEROLO - Movicentro,6.36
C0159,275/282,12345,FER,A,12,PINEROLO - c.so Torino-MACUMBA,6.40
C0159,275/282,12345,FER,A,13,RIVA di Pinerolo,6.46
C0159,275/282,12345,FER,A,14,Bivio BOTTEGHE,6.51
C0159,275/282,12345,FER,A,15,AIRASCA,6.54
C0159,275/282,12345,FER,A,16,NONE Bivio,6.59
C0159,275/282,12345,FER,A,17,CANDIOLO IRCCS-Centro Ricerche,7.04
C0159,275/282,12345,FER,A,18,STUPINIGI - Palazzina di Caccia,7.14
C0159,275/282,12345,FER,A,19,TORINO - Piazza Carducci,7.34
C0159,275/282,12345,FER,A,20,TORINO - Porta Nuova,7.42
C0159,275/282,12345,FER,A,21,TORINO - Porta Susa,7.47
C0160,275/282,12345,FER,A,1,OULX - Liceo,D
C0160,275/282,12345,FER,A,2,OULX - p.zza Garambois,A
C0160,275/282,12345,FER,A,3,SESTRIERE,T
C0160,275/282,12345,FER,A,4,PRAGELATO,O
C0160,275/282,12345,FER,A,5,FENESTRELLE - via Nazionale,R
C0160,275/282,12345,FER,A,6,PEROSA ARG.-pzza Terzo Alpini (Partenza),R
C0160,275/282,12345,FER,A,7,PINASCA,E
C0160,275/282,12345,FER,A,8,VILLAR PEROSA - via Nazionale,F
C0160,275/282,12345,FER,A,9,S. GERMANO CHISONE,S
C0160,275/282,12345,FER,A,10,PINEROLO - piazza Cavour,6.40
C0160,275/282,12345,FER,A,11,PINEROLO - Movicentro,6:43
C0160,275/282,12345,FER,A,12,PINEROLO - c.so Torino-MACUMBA,6.50
C0160,275/282,12345,FER,A,13,RIVA di Pinerolo,6.56
C0160,275/282,12345,FER,A,14,AIRASCA,D
C0160,275/282,12345,FER,A,15,NONE Bivio,I
C0160,275/282,12345,FER,A,16,CANDIOLO IRCCS-Centro Ricerche,R
C0160,275/282,12345,FER,A,17,TORINO - Porta Nuova,7.45
C0160,275/282,12345,FER,A,18,TORINO - Porta Susa,7.50
C0161,275/282,12345,FER,A,1,PINEROLO - Movicentro,7.06
C0161,275/282,12345,FER,A,2,PINEROLO - c.so Torino-MACUMBA,7.10
C0161,275/282,12345,FER,A,3,RIVA di Pinerolo,7.16
C0161,275/282,12345,FER,A,4,AIRASCA,D
C0161,275/282,12345,FER,A,5,NONE Bivio,I
C0161,275/282,12345,FER,A,6,CANDIOLO IRCCS-Centro Ricerche,R
C0161,275/282,12345,FER,A,7,TORINO - Porta Nuova,8.04
C0161,275/282,12345,FER,A,8,TORINO - Porta Susa,8.09
C0162,275/282,12345,FER,A,1,PEROSA ARG.-pzza Terzo Alpini (Partenza),6.20
C0162,275/282,12345,FER,A,2,PINASCA,6.24
C0162,275/282,12345,FER,A,3,DUBBIONE - via Nazionale,6.25
C0162,275/282,12345,FER,A,4,VILLAR PEROSA - via Nazionale,6.30
C0162,275/282,12345,FER,A,5,S. GERMANO CHISONE,6.36
C0162,275/282,12345,FER,A,6,PORTE,6.38
C0162,275/282,12345,FER,A,7,S. MARTINO,6.40
C0162,275/282,12345,FER,A,8,ABBADIA ALPINA,6.43
C0162,275/282,12345,FER,A,9,AIRASCA,D
C0162,275/282,12345,FER,A,10,NONE Bivio,I
C0162,275/282,12345,FER,A,11,CANDIOLO IRCCS-Centro Ricerche,R
C0162,275/282,12345,FER,A,12,TORINO - Porta Nuova,7.43
C0162,275/282,12345,FER,A,13,TORINO - Porta Susa,7.48
C0163,275/282,12345,FER,A,1,FENESTRELLE - via Nazionale,6.10
C0163,275/282,12345,FER,A,2,PEROSA ARG.-pzza Terzo Alpini (Arrivo),6.40
C0163,275/282,12345,FER,A,3,PEROSA ARG.-pzza Terzo Alpini (Partenza),6.40
C0163,275/282,12345,FER,A,4,PINASCA,6.44
C0163,275/282,12345,FER,A,5,DUBBIONE - via Nazionale,6.45
C0163,275/282,12345,FER,A,6,VILLAR PEROSA - via Nazionale,6.50
C0163,275/282,12345,FER,A,7,S. GERMANO CHISONE,6.56
C0163,275/282,12345,FER,A,8,PORTE,6.58
C0163,275/282,12345,FER,A,9,S. MARTINO,7.00
C0163,275/282,12345,FER,A,10,ABBADIA ALPINA,7.03
C0163,275/282,12345,FER,A,11,AIRASCA,D
C0163,275/282,12345,FER,A,12,NONE Bivio,I
C0163,275/282,12345,FER,A,13,CANDIOLO IRCCS-Centro Ricerche,R
C0163,275/282,12345,FER,A,14,TORINO - Porta Nuova,8.03
C0163,275/282,12345,FER,A,15,TORINO - Porta Susa,8.08
C0164,275/282,12345,FER,F,1,FENESTRELLE - via Nazionale,6.10
C0164,275/282,12345,FER,F,2,PEROSA ARG.-pzza Terzo Alpini (Arrivo),6.40
C0164,275/282,12345,FER,F,3,PEROSA ARG.-pzza Terzo Alpini (Partenza),6.40
C0164,275/282,12345,FER,F,4,PINASCA,6.44
C0164,275/282,12345,FER,F,5,DUBBIONE - via Nazionale,6.45
C0164,275/282,12345,FER,F,6,VILLAR PEROSA - via Nazionale,6.50
C0164,275/282,12345,FER,F,7,S. GERMANO CHISONE,6.56
C0164,275/282,12345,FER,F,8,PORTE,6.58
C0164,275/282,12345,FER,F,9,S. MARTINO,7.00
C0164,275/282,12345,FER,F,10,ABBADIA ALPINA,7.06
C0164,275/282,12345,FER,F,11,PONTE LEMINA,7.07
C0164,275/282,12345,FER,F,12,PINEROLO - piazza Cavour,7.10
C0164,275/282,12345,FER,F,13,PINEROLO - Movicentro,7.16
C0164,275/282,12345,FER,F,14,PINEROLO - c.so Torino-MACUMBA,7.20
C0164,275/282,12345,FER,F,15,RIVA di Pinerolo,7.26
C0164,275/282,12345,FER,F,16,Bivio BOTTEGHE,7.31
C0164,275/282,12345,FER,F,17,AIRASCA,7.34
C0164,275/282,12345,FER,F,18,NONE Bivio,7.39
C0164,275/282,12345,FER,F,19,CANDIOLO IRCCS-Centro Ricerche,7.44
C0164,275/282,12345,FER,F,20,STUPINIGI - Palazzina di Caccia,7.54
C0164,275/282,12345,FER,F,21,TORINO - Piazza Carducci,8.14
C0164,275/282,12345,FER,F,22,TORINO - Porta Nuova,8.22
C0164,275/282,12345,FER,F,23,TORINO - Porta Susa,8.27
C0165,275/282,12345,FER,A,1,PINEROLO - Movicentro,7.16
C0165,275/282,12345,FER,A,2,PINEROLO - c.so Torino-MACUMBA,7.20
C0165,275/282,12345,FER,A,3,RIVA di Pinerolo,7.26
C0165,275/282,12345,FER,A,4,AIRASCA,D
C0165,275/282,12345,FER,A,5,NONE Bivio,I
C0165,275/282,12345,FER,A,6,CANDIOLO IRCCS-Centro Ricerche,R
C0165,275/282,12345,FER,A,7,TORINO - Porta Nuova,8.14
C0165,275/282,12345,FER,A,8,TORINO - Porta Susa,8.19
C0166,275/282,12345,FER,A,1,PEROSA ARG.-pzza Terzo Alpini (Partenza),6.50
C0166,275/282,12345,FER,A,2,PINASCA,6.54
C0166,275/282,12345,FER,A,3,DUBBIONE - via Nazionale,6.55
C0166,275/282,12345,FER,A,4,VILLAR PEROSA - via Nazionale,7.00
C0166,275/282,12345,FER,A,5,S. GERMANO CHISONE,7.06
C0166,275/282,12345,FER,A,6,PORTE,7.08
C0166,275/282,12345,FER,A,7,S. MARTINO,7.10
C0166,275/282,12345,FER,A,8,ABBADIA ALPINA,7.16
C0166,275/282,12345,FER,A,9,PONTE LEMINA,7.17
C0166,275/282,12345,FER,A,10,PINEROLO - piazza Cavour,7.20
C0166,275/282,12345,FER,A,11,PINEROLO - Movicentro,7.26
C0166,275/282,12345,FER,A,12,PINEROLO - c.so Torino-MACUMBA,7.30
C0166,275/282,12345,FER,A,13,RIVA di Pinerolo,7.36
C0166,275/282,12345,FER,A,14,AIRASCA,D
C0166,275/282,12345,FER,A,15,NONE Bivio,I
C0166,275/282,12345,FER,A,16,CANDIOLO IRCCS-Centro Ricerche,R
C0166,275/282,12345,FER,A,17,TORINO - Porta Nuova,8.24
C0166,275/282,12345,FER,A,18,TORINO - Porta Susa,8.29
C0167,275/282,12345,FER,A,1,PEROSA ARG.-pzza Terzo Alpini (Partenza),7.00
C0167,275/282,12345,FER,A,2,PINASCA,7.04
C0167,275/282,12345,FER,A,3,DUBBIONE - via Nazionale,7.05
C0167,275/282,12345,FER,A,4,VILLAR PEROSA - via Nazionale,7.10
C0167,275/282,12345,FER,A,5,S. GERMANO CHISONE,7.16
C0167,275/282,12345,FER,A,6,PORTE,7.18
C0167,275/282,12345,FER,A,7,S. MARTINO,7.20
C0167,275/282,12345,FER,A,8,ABBADIA ALPINA,7.23
C0167,275/282,12345,FER,A,9,AIRASCA,D
C0167,275/282,12345,FER,A,10,NONE Bivio,I
C0167,275/282,12345,FER,A,11,CANDIOLO IRCCS-Centro Ricerche,R
C0167,275/282,12345,FER,A,12,TORINO - Porta Nuova,8.23
C0167,275/282,12345,FER,A,13,TORINO - Porta Susa,8.28
C0168,275/282,12345,FER,A,1,PEROSA ARG.-pzza Terzo Alpini (Partenza),7.10
C0168,275/282,12345,FER,A,2,PINASCA,7:15
C0168,275/282,12345,FER,A,3,DUBBIONE - via Nazionale,7:16
C0168,275/282,12345,FER,A,4,VILLAR PEROSA - via Nazionale,7.20
C0168,275/282,12345,FER,A,5,S. GERMANO CHISONE,7:25
C0168,275/282,12345,FER,A,6,PORTE,7.28
C0168,275/282,12345,FER,A,7,S. MARTINO,7.30
C0168,275/282,12345,FER,A,8,ABBADIA ALPINA,7:32
C0168,275/282,12345,FER,A,9,PONTE LEMINA,7:33
C0168,275/282,12345,FER,A,10,PINEROLO - piazza Cavour,7:38
C0168,275/282,12345,FER,A,11,PINEROLO - Movicentro,7:40
C0169,275/282,123456,FER,A,1,PEROSA ARG.-pzza Terzo Alpini (Partenza),7.10
C0169,275/282,123456,FER,A,2,PINASCA,7.14
C0169,275/282,123456,FER,A,3,DUBBIONE - via Nazionale,7.15
C0169,275/282,123456,FER,A,4,VILLAR PEROSA - via Nazionale,7.20
C0169,275/282,123456,FER,A,5,S. GERMANO CHISONE,7.26
C0169,275/282,123456,FER,A,6,PORTE,7.28
C0169,275/282,123456,FER,A,7,S. MARTINO,7.30
C0169,275/282,123456,FER,A,8,ABBADIA ALPINA,7.36
C0169,275/282,123456,FER,A,9,PONTE LEMINA,7.37
C0169,275/282,123456,FER,A,10,PINEROLO - piazza Cavour,7.40
C0169,275/282,123456,FER,A,11,PINEROLO - Movicentro,7.46
C0169,275/282,123456,FER,A,12,PINEROLO - c.so Torino-MACUMBA,7.50
C0169,275/282,123456,FER,A,13,RIVA di Pinerolo,7.56
C0169,275/282,123456,FER,A,14,Bivio BOTTEGHE,8.01
C0169,275/282,123456,FER,A,15,AIRASCA,8.04
C0169,275/282,123456,FER,A,16,NONE Bivio,8.09
C0169,275/282,123456,FER,A,17,CANDIOLO IRCCS-Centro Ricerche,8.14
C0169,275/282,123456,FER,A,18,STUPINIGI - Palazzina di Caccia,8.24
C0169,275/282,123456,FER,A,19,TORINO - Porta Nuova,8.52
C0169,275/282,123456,FER,A,20,TORINO - Porta Susa,8.57
C0170,275/282,12345,FER,A,1,VILLAR PEROSA - via Nazionale,7.30
C0170,275/282,12345,FER,A,2,S. GERMANO CHISONE,7.36
C0170,275/282,12345,FER,A,3,PORTE,7.38
C0170,275/282,12345,FER,A,4,S. MARTINO,7.40
C0170,275/282,12345,FER,A,5,ABBADIA ALPINA,7.46
C0170,275/282,12345,FER,A,6,PONTE LEMINA,7.47
C0170,275/282,12345,FER,A,7,PINEROLO - piazza Cavour,7.50
C0171,275/282,123456,FER,A,1,SESTRIERE,6.10
C0171,275/282,123456,FER,A,2,PRAGELATO,6.30
C0171,275/282,123456,FER,A,3,FENESTRELLE - via Nazionale,6.50
C0171,275/282,123456,FER,A,4,PEROSA ARG.-pzza Terzo Alpini (Arrivo),7.20
C0172,275/282,12345,FER,A,1,PEROSA ARG.-pzza Terzo Alpini (Partenza),7.24
C0172,275/282,12345,FER,A,2,PINASCA,7.28
C0172,275/282,12345,FER,A,3,DUBBIONE - via Nazionale,7.29
C0172,275/282,12345,FER,A,4,VILLAR PEROSA - via Nazionale,7.34
C0172,275/282,12345,FER,A,5,S. GERMANO CHISONE,7.40
C0172,275/282,12345,FER,A,6,PORTE,7.42
C0172,275/282,12345,FER,A,7,S. MARTINO,7.44
C0172,275/282,12345,FER,A,8,ABBADIA ALPINA,7.50
C0172,275/282,12345,FER,A,9,PONTE LEMINA,7.51
C0172,275/282,12345,FER,A,10,PINEROLO - piazza Cavour,7.54
C0172,275/282,12345,FER,A,11,PINEROLO - Movicentro,7.56
C0172,275/282,12345,FER,A,12,PINEROLO - c.so Torino-MACUMBA,8.00
C0173,275/282,12345,FER,A,1,PINEROLO - Movicentro,07.56
C0173,275/282,12345,FER,A,2,PINEROLO - c.so Torino-MACUMBA,8.00
C0173,275/282,12345,FER,A,3,RIVA di Pinerolo,8:06
C0173,275/282,12345,FER,A,4,AIRASCA,D
C0173,275/282,12345,FER,A,5,NONE Bivio,I
C0173,275/282,12345,FER,A,6,CANDIOLO IRCCS-Centro Ricerche,R
C0173,275/282,12345,FER,A,7,TORINO - Porta Nuova,8:54
C0173,275/282,12345,FER,A,8,TORINO - Porta Susa,8:59
C0174,275/282,12345,FER,A,1,PEROSA ARG.-pzza Terzo Alpini (Partenza),7.40
C0174,275/282,12345,FER,A,2,PINASCA,7.44
C0174,275/282,12345,FER,A,3,DUBBIONE - via Nazionale,7.45
C0174,275/282,12345,FER,A,4,VILLAR PEROSA - via Nazionale,7.50
C0174,275/282,12345,FER,A,5,S. GERMANO CHISONE,7.56
C0174,275/282,12345,FER,A,6,PORTE,7.58
C0174,275/282,12345,FER,A,7,S. MARTINO,8.00
C0174,275/282,12345,FER,A,8,ABBADIA ALPINA,8.06
C0174,275/282,12345,FER,A,9,PONTE LEMINA,8.07
C0174,275/282,12345,FER,A,10,PINEROLO - piazza Cavour,8.10
C0174,275/282,12345,FER,A,11,PINEROLO - Movicentro,8.16
C0174,275/282,12345,FER,A,12,PINEROLO - c.so Torino-MACUMBA,8.20
C0174,275/282,12345,FER,A,13,RIVA di Pinerolo,8.26
C0174,275/282,12345,FER,A,14,AIRASCA,D
C0174,275/282,12345,FER,A,15,NONE Bivio,I
C0174,275/282,12345,FER,A,16,CANDIOLO IRCCS-Centro Ricerche,R
C0174,275/282,12345,FER,A,17,TORINO - Porta Nuova,9.14
C0174,275/282,12345,FER,A,18,TORINO - Porta Susa,9.19
C0175,275/282,12345,FER,A,1,PINEROLO - piazza Cavour,8.10
C0175,275/282,12345,FER,A,2,PINEROLO - Movicentro,8.16
C0175,275/282,12345,FER,A,3,PINEROLO - c.so Torino-MACUMBA,8.20
C0175,275/282,12345,FER,A,4,RIVA di Pinerolo,8.26
C0175,275/282,12345,FER,A,5,Bivio BOTTEGHE,8.31
C0175,275/282,12345,FER,A,6,AIRASCA,8.34
C0175,275/282,12345,FER,A,7,NONE Bivio,8.39
C0175,275/282,12345,FER,A,8,CANDIOLO IRCCS-Centro Ricerche,8.44
C0175,275/282,12345,FER,A,9,STUPINIGI - Palazzina di Caccia,8.54
C0175,275/282,12345,FER,A,10,TORINO - Porta Nuova,9.22
C0175,275/282,12345,FER,A,11,TORINO - Porta Susa,9.27
C0176,275/282,78,FEST,J,1,PINEROLO - piazza Cavour,8.10
C0176,275/282,78,FEST,J,2,PINEROLO - Movicentro,8.16
C0176,275/282,78,FEST,J,3,PINEROLO - c.so Torino-MACUMBA,8.20
C0176,275/282,78,FEST,J,4,RIVA di Pinerolo,8.26
C0176,275/282,78,FEST,J,5,Bivio BOTTEGHE,8.31
C0176,275/282,78,FEST,J,6,AIRASCA,8.34
C0176,275/282,78,FEST,J,7,NONE Bivio,8.39
C0176,275/282,78,FEST,J,8,CANDIOLO IRCCS-Centro Ricerche,8.44
C0176,275/282,78,FEST,J,9,STUPINIGI - Palazzina di Caccia,8.54
C0176,275/282,78,FEST,J,10,TORINO - Porta Nuova,9.22
C0176,275/282,78,FEST,J,11,TORINO - Porta Susa,9.27
C0177,275/282,6,FER,#,1,PINEROLO - piazza Cavour,8.20
C0177,275/282,6,FER,#,2,PINEROLO - Movicentro,8.26
C0177,275/282,6,FER,#,3,PINEROLO - c.so Torino-MACUMBA,8.30
C0177,275/282,6,FER,#,4,RIVA di Pinerolo,8.36
C0177,275/282,6,FER,#,5,Bivio BOTTEGHE,8.41
C0177,275/282,6,FER,#,6,AIRASCA,8.44
C0177,275/282,6,FER,#,7,NONE Bivio,8.49
C0177,275/282,6,FER,#,8,CANDIOLO IRCCS-Centro Ricerche,8.54
C0177,275/282,6,FER,#,9,STUPINIGI - Palazzina di Caccia,9.04
C0177,275/282,6,FER,#,10,TORINO - Porta Nuova,9.32
C0177,275/282,6,FER,#,11,TORINO - Porta Susa,9.37
C0178,275/282,123456,SCO,Scol,1,FENESTRELLE - via Nazionale,7.10
C0178,275/282,123456,SCO,Scol,2,PEROSA ARG.-pzza Terzo Alpini (Partenza),7.40
C0178,275/282,123456,SCO,Scol,3,PINASCA,7.44
C0178,275/282,123456,SCO,Scol,4,DUBBIONE - via Nazionale,7.45
C0178,275/282,123456,SCO,Scol,5,VILLAR PEROSA - via Nazionale,7.49
C0178,275/282,123456,SCO,Scol,6,S. GERMANO CHISONE,7.54
C0178,275/282,123456,SCO,Scol,7,PORTE,7.56
C0178,275/282,123456,SCO,Scol,8,S. MARTINO,7.58
C0178,275/282,123456,SCO,Scol,9,ABBADIA ALPINA,8.02
C0178,275/282,123456,SCO,Scol,10,PONTE LEMINA,8.03
C0178,275/282,123456,SCO,Scol,11,PINEROLO - piazza Cavour,8.06
C0178,275/282,123456,SCO,Scol,12,PINEROLO Centro Studi,8:10
C0179,275/282,12345,FER,A,1,PEROSA ARG.-pzza Terzo Alpini (Partenza),7.40
C0179,275/282,12345,FER,A,2,PINASCA,7.44
C0179,275/282,12345,FER,A,3,DUBBIONE - via Nazionale,7.45
C0179,275/282,12345,FER,A,4,VILLAR PEROSA - via Nazionale,7.49
C0179,275/282,12345,FER,A,5,S. GERMANO CHISONE,7.54
C0179,275/282,12345,FER,A,6,PORTE,7.56
C0179,275/282,12345,FER,A,7,S. MARTINO,7.58
C0179,275/282,12345,FER,A,8,ABBADIA ALPINA,8.02
C0179,275/282,12345,FER,A,9,PONTE LEMINA,8.03
C0179,275/282,12345,FER,A,10,PINEROLO - piazza Cavour,8.06
C0179,275/282,12345,FER,A,11,PINEROLO Centro Studi,8:10
C0180,275/282,12345,FER,A,1,FENESTRELLE - via Nazionale,7.40
C0180,275/282,12345,FER,A,2,PEROSA ARG.-pzza Terzo Alpini (Partenza),8.10
C0180,275/282,12345,FER,A,3,PINASCA,8.14
C0180,275/282,12345,FER,A,4,DUBBIONE - via Nazionale,8.15
C0180,275/282,12345,FER,A,5,VILLAR PEROSA - via Nazionale,8.20
C0180,275/282,12345,FER,A,6,S. GERMANO CHISONE,8.26
C0180,275/282,12345,FER,A,7,PORTE,8.28
C0180,275/282,12345,FER,A,8,S. MARTINO,8.30
C0180,275/282,12345,FER,A,9,ABBADIA ALPINA,8.36
C0180,275/282,12345,FER,A,10,PONTE LEMINA,8.37
C0180,275/282,12345,FER,A,11,PINEROLO - piazza Cavour,8.40
C0180,275/282,12345,FER,A,12,PINEROLO - Movicentro,8.46
C0180,275/282,12345,FER,A,13,PINEROLO - c.so Torino-MACUMBA,8.50
C0180,275/282,12345,FER,A,14,RIVA di Pinerolo,8.56
C0180,275/282,12345,FER,A,15,Bivio BOTTEGHE,9.01
C0180,275/282,12345,FER,A,16,AIRASCA,9.04
C0180,275/282,12345,FER,A,17,NONE Bivio,9.09
C0180,275/282,12345,FER,A,18,CANDIOLO IRCCS-Centro Ricerche,9.14
C0180,275/282,12345,FER,A,19,STUPINIGI - Palazzina di Caccia,9.24
C0180,275/282,12345,FER,A,20,TORINO - Porta Nuova,9.52
C0180,275/282,12345,FER,A,21,TORINO - Porta Susa,9.57
C0181,275/282,123456,FER,,1,OULX - Stazione FS,6.45
C0181,275/282,123456,FER,,2,OULX - Liceo,6.46
C0181,275/282,123456,FER,,3,OULX - p.zza Garambois,6.48
C0181,275/282,123456,FER,,4,CESANA TORINESE,7.05
C0181,275/282,123456,FER,,5,SESTRIERE,7.30
C0181,275/282,123456,FER,,6,PRAGELATO,7.50
C0181,275/282,123456,FER,,7,FENESTRELLE - via Nazionale,8.10
C0181,275/282,123456,FER,,8,PEROSA ARG.-pzza Terzo Alpini (Arrivo),8.40
C0181,275/282,123456,FER,,9,PEROSA ARG.-pzza Terzo Alpini (Partenza),8.40
C0181,275/282,123456,FER,,10,PINASCA,8.44
C0181,275/282,123456,FER,,11,DUBBIONE - via Nazionale,8.45
C0181,275/282,123456,FER,,12,VILLAR PEROSA - via Nazionale,8.50
C0181,275/282,123456,FER,,13,S. GERMANO CHISONE,8.56
C0181,275/282,123456,FER,,14,PORTE,8.58
C0181,275/282,123456,FER,,15,S. MARTINO,9.00
C0181,275/282,123456,FER,,16,ABBADIA ALPINA,9.06
C0181,275/282,123456,FER,,17,PONTE LEMINA,9.07
C0181,275/282,123456,FER,,18,PINEROLO - piazza Cavour,9.10
C0181,275/282,123456,FER,,19,PINEROLO - Movicentro,9.16
C0181,275/282,123456,FER,,20,PINEROLO - c.so Torino-MACUMBA,9.20
C0181,275/282,123456,FER,,21,RIVA di Pinerolo,9.26
C0181,275/282,123456,FER,,22,AIRASCA,D
C0181,275/282,123456,FER,,23,NONE Bivio,I
C0181,275/282,123456,FER,,24,CANDIOLO IRCCS-Centro Ricerche,R
C0181,275/282,123456,FER,,25,TORINO - Porta Nuova,10.14
C0181,275/282,123456,FER,,26,TORINO - Porta Susa,10.19
C0182,275/282,78,FEST,J,1,OULX - Stazione FS,7.15
C0182,275/282,78,FEST,J,2,OULX - Liceo,7.16
C0182,275/282,78,FEST,J,3,OULX - p.zza Garambois,7.18
C0182,275/282,78,FEST,J,4,CESANA TORINESE,7.35
C0182,275/282,78,FEST,J,5,SESTRIERE,8.00
C0182,275/282,78,FEST,J,6,PRAGELATO,8.20
C0182,275/282,78,FEST,J,7,FENESTRELLE - via Nazionale,8.40
C0182,275/282,78,FEST,J,8,PEROSA ARG.-pzza Terzo Alpini (Arrivo),9.10
C0183,275/282,78,FEST,#,1,PEROSA ARG.-pzza Terzo Alpini (Partenza),9.10
C0183,275/282,78,FEST,#,2,PINASCA,9.14
C0183,275/282,78,FEST,#,3,DUBBIONE - via Nazionale,9.15
C0183,275/282,78,FEST,#,4,VILLAR PEROSA - via Nazionale,9.20
C0183,275/282,78,FEST,#,5,S. GERMANO CHISONE,9.26
C0183,275/282,78,FEST,#,6,PORTE,9.28
C0183,275/282,78,FEST,#,7,S. MARTINO,9.30
C0183,275/282,78,FEST,#,8,ABBADIA ALPINA,9.36
C0183,275/282,78,FEST,#,9,PONTE LEMINA,9.37
C0183,275/282,78,FEST,#,10,PINEROLO - piazza Cavour,9.40
C0183,275/282,78,FEST,#,11,PINEROLO - Movicentro,9.42
C0184,275/282,NAT,FEST,,1,PINEROLO - Movicentro,9.46
C0184,275/282,NAT,FEST,,2,PINEROLO - c.so Torino-MACUMBA,9.50
C0184,275/282,NAT,FEST,,3,RIVA di Pinerolo,9.56
C0184,275/282,NAT,FEST,,4,AIRASCA,D
C0184,275/282,NAT,FEST,,5,NONE Bivio,I
C0184,275/282,NAT,FEST,,6,CANDIOLO IRCCS-Centro Ricerche,R
C0184,275/282,NAT,FEST,,7,TORINO - Porta Nuova,10.44
C0184,275/282,NAT,FEST,,8,TORINO - Porta Susa,10.49
C0185,275/282,12345,FER,A,1,PEROSA ARG.-pzza Terzo Alpini (Partenza),9.10
C0185,275/282,12345,FER,A,2,PINASCA,9.14
C0185,275/282,12345,FER,A,3,DUBBIONE - via Nazionale,9.15
C0185,275/282,12345,FER,A,4,VILLAR PEROSA - via Nazionale,9.20
C0185,275/282,12345,FER,A,5,S. GERMANO CHISONE,9.26
C0185,275/282,12345,FER,A,6,PORTE,9.28
C0185,275/282,12345,FER,A,7,S. MARTINO,9.30
C0185,275/282,12345,FER,A,8,ABBADIA ALPINA,9.36
C0185,275/282,12345,FER,A,9,PONTE LEMINA,9.37
C0185,275/282,12345,FER,A,10,PINEROLO - piazza Cavour,9.40
C0185,275/282,12345,FER,A,11,PINEROLO - Movicentro,9.46
C0185,275/282,12345,FER,A,12,PINEROLO - c.so Torino-MACUMBA,9.50
C0185,275/282,12345,FER,A,13,RIVA di Pinerolo,9.56
C0185,275/282,12345,FER,A,14,Bivio BOTTEGHE,10.01
C0185,275/282,12345,FER,A,15,AIRASCA,10.04
C0185,275/282,12345,FER,A,16,NONE Bivio,10.09
C0185,275/282,12345,FER,A,17,CANDIOLO IRCCS-Centro Ricerche,10.14
C0185,275/282,12345,FER,A,18,STUPINIGI - Palazzina di Caccia,10.24
C0185,275/282,12345,FER,A,19,TORINO - Porta Nuova,10.52
C0185,275/282,12345,FER,A,20,TORINO - Porta Susa,10.57
C0186,275/282,12345,FER,A,1,PEROSA ARG.-pzza Terzo Alpini (Partenza),9.40
C0186,275/282,12345,FER,A,2,PINASCA,9.44
C0186,275/282,12345,FER,A,3,DUBBIONE - via Nazionale,9.45
C0186,275/282,12345,FER,A,4,VILLAR PEROSA - via Nazionale,9.50
C0186,275/282,12345,FER,A,5,S. GERMANO CHISONE,9.56
C0186,275/282,12345,FER,A,6,PORTE,9.58
C0186,275/282,12345,FER,A,7,S. MARTINO,10.00
C0186,275/282,12345,FER,A,8,ABBADIA ALPINA,10.06
C0186,275/282,12345,FER,A,9,PONTE LEMINA,10.07
C0186,275/282,12345,FER,A,10,PINEROLO - piazza Cavour,10.10
C0186,275/282,12345,FER,A,11,PINEROLO - Movicentro,10.16
C0186,275/282,12345,FER,A,12,PINEROLO - c.so Torino-MACUMBA,10.20
C0186,275/282,12345,FER,A,13,RIVA di Pinerolo,10.26
C0186,275/282,12345,FER,A,14,AIRASCA,D
C0186,275/282,12345,FER,A,15,NONE Bivio,I
C0186,275/282,12345,FER,A,16,CANDIOLO IRCCS-Centro Ricerche,R
C0186,275/282,12345,FER,A,17,TORINO - Porta Nuova,11.14
C0186,275/282,12345,FER,A,18,TORINO - Porta Susa,11.19
C0187,275/282,12345,FER,A,1,PEROSA ARG.-pzza Terzo Alpini (Partenza),10.10
C0187,275/282,12345,FER,A,2,PINASCA,10.14
C0187,275/282,12345,FER,A,3,DUBBIONE - via Nazionale,10.15
C0187,275/282,12345,FER,A,4,VILLAR PEROSA - via Nazionale,10.20
C0187,275/282,12345,FER,A,5,S. GERMANO CHISONE,10.26
C0187,275/282,12345,FER,A,6,PORTE,10.28
C0187,275/282,12345,FER,A,7,S. MARTINO,10.30
C0187,275/282,12345,FER,A,8,ABBADIA ALPINA,10.36
C0187,275/282,12345,FER,A,9,PONTE LEMINA,10.37
C0187,275/282,12345,FER,A,10,PINEROLO - piazza Cavour,10.40
C0187,275/282,12345,FER,A,11,PINEROLO - Movicentro,10.46
C0187,275/282,12345,FER,A,12,PINEROLO - c.so Torino-MACUMBA,10.50
C0187,275/282,12345,FER,A,13,RIVA di Pinerolo,10.56
C0187,275/282,12345,FER,A,14,Bivio BOTTEGHE,11.01
C0187,275/282,12345,FER,A,15,AIRASCA,11.04
C0187,275/282,12345,FER,A,16,NONE Bivio,11.09
C0187,275/282,12345,FER,A,17,CANDIOLO IRCCS-Centro Ricerche,11.14
C0187,275/282,12345,FER,A,18,STUPINIGI - Palazzina di Caccia,11.24
C0187,275/282,12345,FER,A,19,TORINO - Porta Nuova,11.52
C0187,275/282,12345,FER,A,20,TORINO - Porta Susa,11.57
C0188,275/282,6,FER,A,1,PINEROLO - piazza Cavour,10.40
C0188,275/282,6,FER,A,2,PINEROLO - Movicentro,10.46
C0188,275/282,6,FER,A,3,PINEROLO - c.so Torino-MACUMBA,10.50
C0188,275/282,6,FER,A,4,RIVA di Pinerolo,10.56
C0188,275/282,6,FER,A,5,Bivio BOTTEGHE,11.01
C0188,275/282,6,FER,A,6,AIRASCA,11.04
C0188,275/282,6,FER,A,7,NONE Bivio,11.09
C0188,275/282,6,FER,A,8,CANDIOLO IRCCS-Centro Ricerche,11.14
C0188,275/282,6,FER,A,9,STUPINIGI - Palazzina di Caccia,11.24
C0188,275/282,6,FER,A,10,TORINO - Porta Nuova,11.52
C0188,275/282,6,FER,A,11,TORINO - Porta Susa,11.57
C0189,275/282,123456,FER,,1,OULX - Stazione FS,8.45
C0189,275/282,123456,FER,,2,OULX - Liceo,8.46
C0189,275/282,123456,FER,,3,OULX - p.zza Garambois,8.48
C0189,275/282,123456,FER,,4,CESANA TORINESE,9.05
C0189,275/282,123456,FER,,5,SESTRIERE,9.30
C0189,275/282,123456,FER,,6,PRAGELATO,9.50
C0189,275/282,123456,FER,,7,FENESTRELLE - via Nazionale,10.10
C0189,275/282,123456,FER,,8,PEROSA ARG.-pzza Terzo Alpini (Arrivo),10.40
C0189,275/282,123456,FER,,9,PEROSA ARG.-pzza Terzo Alpini (Partenza),10.40
C0189,275/282,123456,FER,,10,PINASCA,10.44
C0189,275/282,123456,FER,,11,DUBBIONE - via Nazionale,10.45
C0189,275/282,123456,FER,,12,VILLAR PEROSA - via Nazionale,10.50
C0189,275/282,123456,FER,,13,S. GERMANO CHISONE,10.56
C0189,275/282,123456,FER,,14,PORTE,10.58
C0189,275/282,123456,FER,,15,S. MARTINO,11.00
C0189,275/282,123456,FER,,16,ABBADIA ALPINA,11.06
C0189,275/282,123456,FER,,17,PONTE LEMINA,11.07
C0189,275/282,123456,FER,,18,PINEROLO - piazza Cavour,11.10
C0189,275/282,123456,FER,,19,PINEROLO - Movicentro,11.16
C0189,275/282,123456,FER,,20,PINEROLO - c.so Torino-MACUMBA,11.20
C0189,275/282,123456,FER,,21,RIVA di Pinerolo,11.26
C0189,275/282,123456,FER,,22,AIRASCA,D
C0189,275/282,123456,FER,,23,NONE Bivio,I
C0189,275/282,123456,FER,,24,CANDIOLO IRCCS-Centro Ricerche,R
C0189,275/282,123456,FER,,25,TORINO - Porta Nuova,12.14
C0189,275/282,123456,FER,,26,TORINO - Porta Susa,12.19
C0190,275/282,78,FEST,#,1,OULX - Stazione FS,9.15
C0190,275/282,78,FEST,#,2,OULX - Liceo,9.16
C0190,275/282,78,FEST,#,3,OULX - p.zza Garambois,9.18
C0190,275/282,78,FEST,#,4,CESANA TORINESE,9.35
C0190,275/282,78,FEST,#,5,SESTRIERE,10.00
C0191,275/282,78,FEST,J,1,SESTRIERE,10.00
C0191,275/282,78,FEST,J,2,PRAGELATO,10.20
C0191,275/282,78,FEST,J,3,FENESTRELLE - via Nazionale,10.40
C0191,275/282,78,FEST,J,4,PEROSA ARG.-pzza Terzo Alpini (Arrivo),11.10
C0191,275/282,78,FEST,J,5,PEROSA ARG.-pzza Terzo Alpini (Partenza),11.10
C0191,275/282,78,FEST,J,6,PINASCA,11.14
C0191,275/282,78,FEST,J,7,DUBBIONE - via Nazionale,11.15
C0191,275/282,78,FEST,J,8,VILLAR PEROSA - via Nazionale,11.20
C0191,275/282,78,FEST,J,9,S. GERMANO CHISONE,11.26
C0191,275/282,78,FEST,J,10,PORTE,11.28
C0191,275/282,78,FEST,J,11,S. MARTINO,11.30
C0191,275/282,78,FEST,J,12,ABBADIA ALPINA,11.36
C0191,275/282,78,FEST,J,13,PONTE LEMINA,11.37
C0191,275/282,78,FEST,J,14,PINEROLO - piazza Cavour,11.40
C0191,275/282,78,FEST,J,15,PINEROLO - Movicentro,11.42
C0192,275/282,12345,FER,A,1,PEROSA ARG.-pzza Terzo Alpini (Partenza),11.10
C0192,275/282,12345,FER,A,2,PINASCA,11.14
C0192,275/282,12345,FER,A,3,DUBBIONE - via Nazionale,11.15
C0192,275/282,12345,FER,A,4,VILLAR PEROSA - via Nazionale,11.20
C0192,275/282,12345,FER,A,5,S. GERMANO CHISONE,11.26
C0192,275/282,12345,FER,A,6,PORTE,11.28
C0192,275/282,12345,FER,A,7,S. MARTINO,11.30
C0192,275/282,12345,FER,A,8,ABBADIA ALPINA,11.36
C0192,275/282,12345,FER,A,9,PONTE LEMINA,11.37
C0192,275/282,12345,FER,A,10,PINEROLO - piazza Cavour,11.40
C0192,275/282,12345,FER,A,11,PINEROLO - Movicentro,11.46
C0192,275/282,12345,FER,A,12,PINEROLO - c.so Torino-MACUMBA,11.50
C0192,275/282,12345,FER,A,13,RIVA di Pinerolo,11.56
C0192,275/282,12345,FER,A,14,Bivio BOTTEGHE,12.01
C0192,275/282,12345,FER,A,15,AIRASCA,12.04
C0192,275/282,12345,FER,A,16,NONE Bivio,12.09
C0192,275/282,12345,FER,A,17,CANDIOLO IRCCS-Centro Ricerche,12.14
C0192,275/282,12345,FER,A,18,STUPINIGI - Palazzina di Caccia,12.24
C0192,275/282,12345,FER,A,19,TORINO - Porta Nuova,12.52
C0192,275/282,12345,FER,A,20,TORINO - Porta Susa,12.57
C0193,275/282,12345,FER,A,1,FENESTRELLE - via Nazionale,11.10
C0193,275/282,12345,FER,A,2,PEROSA ARG.-pzza Terzo Alpini (Arrivo),11.40
C0193,275/282,12345,FER,A,3,PEROSA ARG.-pzza Terzo Alpini (Partenza),11.40
C0193,275/282,12345,FER,A,4,PINASCA,11.44
C0193,275/282,12345,FER,A,5,DUBBIONE - via Nazionale,11.45
C0193,275/282,12345,FER,A,6,VILLAR PEROSA - via Nazionale,11.50
C0193,275/282,12345,FER,A,7,S. GERMANO CHISONE,11.56
C0193,275/282,12345,FER,A,8,PORTE,11.58
C0193,275/282,12345,FER,A,9,S. MARTINO,12.00
C0193,275/282,12345,FER,A,10,ABBADIA ALPINA,12.06
C0193,275/282,12345,FER,A,11,PONTE LEMINA,12.07
C0193,275/282,12345,FER,A,12,PINEROLO - piazza Cavour,12.10
C0193,275/282,12345,FER,A,13,PINEROLO - Movicentro,12.16
C0193,275/282,12345,FER,A,14,PINEROLO - c.so Torino-MACUMBA,12.20
C0193,275/282,12345,FER,A,15,RIVA di Pinerolo,12.26
C0193,275/282,12345,FER,A,16,AIRASCA,D
C0193,275/282,12345,FER,A,17,NONE Bivio,I
C0193,275/282,12345,FER,A,18,CANDIOLO IRCCS-Centro Ricerche,R
C0193,275/282,12345,FER,A,19,TORINO - Porta Nuova,13.14
C0193,275/282,12345,FER,A,20,TORINO - Porta Susa,13.19
C0194,275/282,12345,FER,A,1,PEROSA ARG.-pzza Terzo Alpini (Partenza),12.10
C0194,275/282,12345,FER,A,2,PINASCA,12.14
C0194,275/282,12345,FER,A,3,DUBBIONE - via Nazionale,12.15
C0194,275/282,12345,FER,A,4,VILLAR PEROSA - via Nazionale,12.20
C0194,275/282,12345,FER,A,5,S. GERMANO CHISONE,12.26
C0194,275/282,12345,FER,A,6,PORTE,12.28
C0194,275/282,12345,FER,A,7,S. MARTINO,12.30
C0194,275/282,12345,FER,A,8,ABBADIA ALPINA,12.36
C0194,275/282,12345,FER,A,9,PONTE LEMINA,12.37
C0194,275/282,12345,FER,A,10,PINEROLO - piazza Cavour,12.40
C0194,275/282,12345,FER,A,11,PINEROLO - Movicentro,12.46
C0194,275/282,12345,FER,A,12,PINEROLO - c.so Torino-MACUMBA,12.50
C0194,275/282,12345,FER,A,13,RIVA di Pinerolo,12.56
C0194,275/282,12345,FER,A,14,Bivio BOTTEGHE,13.01
C0194,275/282,12345,FER,A,15,AIRASCA,13.04
C0194,275/282,12345,FER,A,16,NONE Bivio,13.09
C0194,275/282,12345,FER,A,17,CANDIOLO IRCCS-Centro Ricerche,13.14
C0194,275/282,12345,FER,A,18,STUPINIGI - Palazzina di Caccia,13.24
C0194,275/282,12345,FER,A,19,TORINO - Porta Nuova,13.52
C0194,275/282,12345,FER,A,20,TORINO - Porta Susa,13.57
C0195,275/282,78,FEST,J,1,PEROSA ARG.-pzza Terzo Alpini (Partenza),12.10
C0195,275/282,78,FEST,J,2,PINASCA,12.14
C0195,275/282,78,FEST,J,3,DUBBIONE - via Nazionale,12.15
C0195,275/282,78,FEST,J,4,VILLAR PEROSA - via Nazionale,12.20
C0195,275/282,78,FEST,J,5,S. GERMANO CHISONE,12.26
C0195,275/282,78,FEST,J,6,PORTE,12.28
C0195,275/282,78,FEST,J,7,S. MARTINO,12.30
C0195,275/282,78,FEST,J,8,ABBADIA ALPINA,12.36
C0195,275/282,78,FEST,J,9,PONTE LEMINA,12.37
C0195,275/282,78,FEST,J,10,PINEROLO - piazza Cavour,12.40
C0195,275/282,78,FEST,J,11,PINEROLO - Movicentro,12.46
C0195,275/282,78,FEST,J,12,PINEROLO - c.so Torino-MACUMBA,12.50
C0195,275/282,78,FEST,J,13,RIVA di Pinerolo,12.56
C0195,275/282,78,FEST,J,14,Bivio BOTTEGHE,13.01
C0195,275/282,78,FEST,J,15,AIRASCA,13.04
C0195,275/282,78,FEST,J,16,NONE Bivio,13.09
C0195,275/282,78,FEST,J,17,CANDIOLO IRCCS-Centro Ricerche,13.14
C0195,275/282,78,FEST,J,18,STUPINIGI - Palazzina di Caccia,13.24
C0195,275/282,78,FEST,J,19,TORINO - Porta Nuova,13.52
C0195,275/282,78,FEST,J,20,TORINO - Porta Susa,13.57
C0196,275/282,123456,FER,,1,PEROSA ARG.-pzza Terzo Alpini (Partenza),12.40
C0196,275/282,123456,FER,,2,PINASCA,12.44
C0196,275/282,123456,FER,,3,DUBBIONE - via Nazionale,12.45
C0196,275/282,123456,FER,,4,VILLAR PEROSA - via Nazionale,12.50
C0196,275/282,123456,FER,,5,S. GERMANO CHISONE,12.56
C0196,275/282,123456,FER,,6,PORTE,12.58
C0196,275/282,123456,FER,,7,S. MARTINO,13.00
C0196,275/282,123456,FER,,8,ABBADIA ALPINA,13.06
C0196,275/282,123456,FER,,9,PONTE LEMINA,13.07
C0196,275/282,123456,FER,,10,PINEROLO - piazza Cavour,13.10
C0196,275/282,123456,FER,,11,PINEROLO - Movicentro,13.16
C0196,275/282,123456,FER,,12,PINEROLO - c.so Torino-MACUMBA,13.20
C0196,275/282,123456,FER,,13,RIVA di Pinerolo,13.26
C0196,275/282,123456,FER,,14,AIRASCA,D
C0196,275/282,123456,FER,,15,NONE Bivio,I
C0196,275/282,123456,FER,,16,CANDIOLO IRCCS-Centro Ricerche,R
C0196,275/282,123456,FER,,17,TORINO - Porta Nuova,14.14
C0196,275/282,123456,FER,,18,TORINO - Porta Susa,14.19
C0197,275/282,12345,FER,A,1,PEROSA ARG.-pzza Terzo Alpini (Partenza),12.50
C0197,275/282,12345,FER,A,2,PINASCA,12.54
C0197,275/282,12345,FER,A,3,DUBBIONE - via Nazionale,12.55
C0197,275/282,12345,FER,A,4,VILLAR PEROSA - via Nazionale,13.00
C0197,275/282,12345,FER,A,5,S. GERMANO CHISONE,13.06
C0197,275/282,12345,FER,A,6,PORTE,13.08
C0197,275/282,12345,FER,A,7,S. MARTINO,13.10
C0197,275/282,12345,FER,A,8,ABBADIA ALPINA,13.16
C0197,275/282,12345,FER,A,9,PONTE LEMINA,13.17
C0197,275/282,12345,FER,A,10,PINEROLO - piazza Cavour,13.20
C0197,275/282,12345,FER,A,11,PINEROLO - Movicentro,13.26
C0197,275/282,12345,FER,A,12,PINEROLO - c.so Torino-MACUMBA,13.30
C0197,275/282,12345,FER,A,13,RIVA di Pinerolo,13.36
C0197,275/282,12345,FER,A,14,Bivio BOTTEGHE,13.41
C0197,275/282,12345,FER,A,15,AIRASCA,13.44
C0197,275/282,12345,FER,A,16,NONE Bivio,13.49
C0197,275/282,12345,FER,A,17,CANDIOLO IRCCS-Centro Ricerche,13.54
C0197,275/282,12345,FER,A,18,STUPINIGI - Palazzina di Caccia,14.04
C0197,275/282,12345,FER,A,19,TORINO - Porta Nuova,14.32
C0197,275/282,12345,FER,A,20,TORINO - Porta Susa,14.37
C0198,275/282,6,FEST,A,1,PINEROLO - piazza Cavour,13.20
C0198,275/282,6,FEST,A,2,PINEROLO - Movicentro,13.26
C0198,275/282,6,FEST,A,3,PINEROLO - c.so Torino-MACUMBA,13.30
C0198,275/282,6,FEST,A,4,RIVA di Pinerolo,13.36
C0198,275/282,6,FEST,A,5,Bivio BOTTEGHE,13.41
C0198,275/282,6,FEST,A,6,AIRASCA,13.44
C0198,275/282,6,FEST,A,7,NONE Bivio,13.49
C0198,275/282,6,FEST,A,8,CANDIOLO IRCCS-Centro Ricerche,13.54
C0198,275/282,6,FEST,A,9,STUPINIGI - Palazzina di Caccia,14.04
C0198,275/282,6,FEST,A,10,TORINO - Porta Nuova,14.32
C0198,275/282,6,FEST,A,11,TORINO - Porta Susa,14.37
C0199,275/282,78,FEST,J,1,OULX - Stazione FS,11.15
C0199,275/282,78,FEST,J,2,OULX - Liceo,11.16
C0199,275/282,78,FEST,J,3,OULX - p.zza Garambois,11.18
C0199,275/282,78,FEST,J,4,CESANA TORINESE,11.35
C0199,275/282,78,FEST,J,5,SESTRIERE,12.00
C0199,275/282,78,FEST,J,6,PRAGELATO,12.20
C0199,275/282,78,FEST,J,7,FENESTRELLE - via Nazionale,12.40
C0199,275/282,78,FEST,J,8,PEROSA ARG.-pzza Terzo Alpini (Arrivo),13.10
C0199,275/282,78,FEST,J,9,PEROSA ARG.-pzza Terzo Alpini (Partenza),13.10
C0199,275/282,78,FEST,J,10,PINASCA,13.14
C0199,275/282,78,FEST,J,11,DUBBIONE - via Nazionale,13.15
C0199,275/282,78,FEST,J,12,VILLAR PEROSA - via Nazionale,13.20
C0199,275/282,78,FEST,J,13,S. GERMANO CHISONE,13.26
C0199,275/282,78,FEST,J,14,PORTE,13.28
C0199,275/282,78,FEST,J,15,S. MARTINO,13.30
C0199,275/282,78,FEST,J,16,ABBADIA ALPINA,13.36
C0199,275/282,78,FEST,J,17,PONTE LEMINA,13.37
C0199,275/282,78,FEST,J,18,PINEROLO - piazza Cavour,13.40
C0199,275/282,78,FEST,J,19,PINEROLO - Movicentro,13.46
C0199,275/282,78,FEST,J,20,PINEROLO - c.so Torino-MACUMBA,13.50
C0199,275/282,78,FEST,J,21,RIVA di Pinerolo,13.56
C0199,275/282,78,FEST,J,22,AIRASCA,D
C0199,275/282,78,FEST,J,23,NONE Bivio,I
C0199,275/282,78,FEST,J,24,CANDIOLO IRCCS-Centro Ricerche,R
C0199,275/282,78,FEST,J,25,TORINO - Porta Nuova,14.44
C0199,275/282,78,FEST,J,26,TORINO - Porta Susa,14.49
C0200,275/282,123456,FER,,1,OULX - Stazione FS,11.45
C0200,275/282,123456,FER,,2,OULX - Liceo,11.46
C0200,275/282,123456,FER,,3,OULX - p.zza Garambois,11.48
C0200,275/282,123456,FER,,4,CESANA TORINESE,12.05
C0200,275/282,123456,FER,,5,SESTRIERE,12.30
C0200,275/282,123456,FER,,6,PRAGELATO,12.50
C0200,275/282,123456,FER,,7,FENESTRELLE - via Nazionale,13.10
C0200,275/282,123456,FER,,8,PEROSA ARG.-pzza Terzo Alpini (Arrivo),13.40
C0200,275/282,123456,FER,,9,PEROSA ARG.-pzza Terzo Alpini (Partenza),13.40
C0200,275/282,123456,FER,,10,PINASCA,13.44
C0200,275/282,123456,FER,,11,DUBBIONE - via Nazionale,13.45
C0200,275/282,123456,FER,,12,VILLAR PEROSA - via Nazionale,13.50
C0200,275/282,123456,FER,,13,S. GERMANO CHISONE,13.56
C0200,275/282,123456,FER,,14,PORTE,13.58
C0200,275/282,123456,FER,,15,S. MARTINO,14.00
C0200,275/282,123456,FER,,16,ABBADIA ALPINA,14.06
C0200,275/282,123456,FER,,17,PONTE LEMINA,14.07
C0200,275/282,123456,FER,,18,PINEROLO - piazza Cavour,14.10
C0200,275/282,123456,FER,,19,PINEROLO - Movicentro,14.16
C0200,275/282,123456,FER,,20,PINEROLO - c.so Torino-MACUMBA,14.20
C0200,275/282,123456,FER,,21,RIVA di Pinerolo,14.26
C0200,275/282,123456,FER,,22,AIRASCA,D
C0200,275/282,123456,FER,,23,NONE Bivio,I
C0200,275/282,123456,FER,,24,CANDIOLO IRCCS-Centro Ricerche,R
C0200,275/282,123456,FER,,25,TORINO - Porta Nuova,15.14
C0200,275/282,123456,FER,,26,TORINO - Porta Susa,15.19
C0201,275/282,12345,FER,A,1,FENESTRELLE - via Nazionale,13.40
C0201,275/282,12345,FER,A,2,PEROSA ARG.-pzza Terzo Alpini (Arrivo),14.10
C0201,275/282,12345,FER,A,3,PEROSA ARG.-pzza Terzo Alpini (Partenza),14.10
C0201,275/282,12345,FER,A,4,PINASCA,14.14
C0201,275/282,12345,FER,A,5,DUBBIONE - via Nazionale,14.15
C0201,275/282,12345,FER,A,6,VILLAR PEROSA - via Nazionale,14.20
C0201,275/282,12345,FER,A,7,S. GERMANO CHISONE,14.26
C0201,275/282,12345,FER,A,8,PORTE,14.28
C0201,275/282,12345,FER,A,9,S. MARTINO,14.30
C0201,275/282,12345,FER,A,10,ABBADIA ALPINA,14.36
C0201,275/282,12345,FER,A,11,PONTE LEMINA,14.37
C0201,275/282,12345,FER,A,12,PINEROLO - piazza Cavour,14.40
C0201,275/282,12345,FER,A,13,PINEROLO - Movicentro,14.46
C0201,275/282,12345,FER,A,14,PINEROLO - c.so Torino-MACUMBA,14.50
C0201,275/282,12345,FER,A,15,RIVA di Pinerolo,14.56
C0201,275/282,12345,FER,A,16,Bivio BOTTEGHE,15.01
C0201,275/282,12345,FER,A,17,AIRASCA,15.04
C0201,275/282,12345,FER,A,18,NONE Bivio,15.09
C0201,275/282,12345,FER,A,19,CANDIOLO IRCCS-Centro Ricerche,15.14
C0201,275/282,12345,FER,A,20,STUPINIGI - Palazzina di Caccia,15.24
C0201,275/282,12345,FER,A,21,TORINO - Porta Nuova,15.52
C0201,275/282,12345,FER,A,22,TORINO - Porta Susa,15.57
C0202,275/282,6,FER,A,1,PINEROLO - piazza Cavour,14.40
C0202,275/282,6,FER,A,2,PINEROLO - Movicentro,14.46
C0202,275/282,6,FER,A,3,PINEROLO - c.so Torino-MACUMBA,14.50
C0202,275/282,6,FER,A,4,RIVA di Pinerolo,14.56
C0202,275/282,6,FER,A,5,Bivio BOTTEGHE,15.01
C0202,275/282,6,FER,A,6,AIRASCA,15.04
C0202,275/282,6,FER,A,7,NONE Bivio,15.09
C0202,275/282,6,FER,A,8,CANDIOLO IRCCS-Centro Ricerche,15.14
C0202,275/282,6,FER,A,9,STUPINIGI - Palazzina di Caccia,15.24
C0202,275/282,6,FER,A,10,TORINO - Porta Nuova,15.52
C0202,275/282,6,FER,A,11,TORINO - Porta Susa,15.57
C0203,275/282,12345,FER,A,1,PEROSA ARG.-pzza Terzo Alpini (Partenza),14.40
C0203,275/282,12345,FER,A,2,PINASCA,14.44
C0203,275/282,12345,FER,A,3,DUBBIONE - via Nazionale,14.45
C0203,275/282,12345,FER,A,4,VILLAR PEROSA - via Nazionale,14.50
C0203,275/282,12345,FER,A,5,S. GERMANO CHISONE,14.56
C0203,275/282,12345,FER,A,6,PORTE,14.58
C0203,275/282,12345,FER,A,7,S. MARTINO,15.00
C0203,275/282,12345,FER,A,8,ABBADIA ALPINA,15.06
C0203,275/282,12345,FER,A,9,PONTE LEMINA,15.07
C0203,275/282,12345,FER,A,10,PINEROLO - piazza Cavour,15.10
C0203,275/282,12345,FER,A,11,PINEROLO - Movicentro,15.16
C0203,275/282,12345,FER,A,12,PINEROLO - c.so Torino-MACUMBA,15.20
C0203,275/282,12345,FER,A,13,RIVA di Pinerolo,15.26
C0203,275/282,12345,FER,A,14,AIRASCA,D
C0203,275/282,12345,FER,A,15,NONE Bivio,I
C0203,275/282,12345,FER,A,16,CANDIOLO IRCCS-Centro Ricerche,R
C0203,275/282,12345,FER,A,17,TORINO - Porta Nuova,16.14
C0203,275/282,12345,FER,A,18,TORINO - Porta Susa,16.19
C0204,275/282,6,FER,#,1,PINEROLO - piazza Cavour,15.10
C0204,275/282,6,FER,#,2,PINEROLO - Movicentro,15.16
C0204,275/282,6,FER,#,3,PINEROLO - c.so Torino-MACUMBA,15.20
C0204,275/282,6,FER,#,4,RIVA di Pinerolo,15.26
C0204,275/282,6,FER,#,5,AIRASCA,D
C0204,275/282,6,FER,#,6,NONE Bivio,I
C0204,275/282,6,FER,#,7,CANDIOLO IRCCS-Centro Ricerche,R
C0204,275/282,6,FER,#,8,TORINO - Porta Nuova,16.14
C0204,275/282,6,FER,#,9,TORINO - Porta Susa,16.19
C0205,275/282,12345,FER,A,1,PEROSA ARG.-pzza Terzo Alpini (Partenza),15.10
C0205,275/282,12345,FER,A,2,PINASCA,15.14
C0205,275/282,12345,FER,A,3,DUBBIONE - via Nazionale,15.15
C0205,275/282,12345,FER,A,4,VILLAR PEROSA - via Nazionale,15.20
C0205,275/282,12345,FER,A,5,S. GERMANO CHISONE,15.26
C0205,275/282,12345,FER,A,6,PORTE,15.28
C0205,275/282,12345,FER,A,7,S. MARTINO,15.30
C0205,275/282,12345,FER,A,8,ABBADIA ALPINA,15.36
C0205,275/282,12345,FER,A,9,PONTE LEMINA,15.37
C0205,275/282,12345,FER,A,10,PINEROLO - piazza Cavour,15.40
C0205,275/282,12345,FER,A,11,PINEROLO - Movicentro,15.46
C0205,275/282,12345,FER,A,12,PINEROLO - c.so Torino-MACUMBA,15:52
C0205,275/282,12345,FER,A,13,RIVA di Pinerolo,15:58
C0205,275/282,12345,FER,A,14,Bivio BOTTEGHE,16:04
C0205,275/282,12345,FER,A,15,AIRASCA,16:10
C0205,275/282,12345,FER,A,16,NONE Bivio,16:16
C0205,275/282,12345,FER,A,17,CANDIOLO IRCCS-Centro Ricerche,16:25
C0205,275/282,12345,FER,A,18,STUPINIGI - Palazzina di Caccia,16:35
C0205,275/282,12345,FER,A,19,TORINO - Porta Nuova,17:05
C0205,275/282,12345,FER,A,20,TORINO - Porta Susa,17:10
C0206,275/282,78,FEST,J,1,OULX - Stazione FS,13.15
C0206,275/282,78,FEST,J,2,OULX - Liceo,13.16
C0206,275/282,78,FEST,J,3,OULX - p.zza Garambois,13.18
C0206,275/282,78,FEST,J,4,CESANA TORINESE,13.35
C0206,275/282,78,FEST,J,5,SESTRIERE,14.00
C0206,275/282,78,FEST,J,6,PRAGELATO,14.20
C0206,275/282,78,FEST,J,7,FENESTRELLE - via Nazionale,14.40
C0206,275/282,78,FEST,J,8,PEROSA ARG.-pzza Terzo Alpini (Arrivo),15.10
C0206,275/282,78,FEST,J,9,PEROSA ARG.-pzza Terzo Alpini (Partenza),15.10
C0206,275/282,78,FEST,J,10,PINASCA,15.14
C0206,275/282,78,FEST,J,11,DUBBIONE - via Nazionale,15.15
C0206,275/282,78,FEST,J,12,VILLAR PEROSA - via Nazionale,15.20
C0206,275/282,78,FEST,J,13,S. GERMANO CHISONE,15.26
C0206,275/282,78,FEST,J,14,PORTE,15.28
C0206,275/282,78,FEST,J,15,S. MARTINO,15.30
C0206,275/282,78,FEST,J,16,ABBADIA ALPINA,15.36
C0206,275/282,78,FEST,J,17,PONTE LEMINA,15.37
C0206,275/282,78,FEST,J,18,PINEROLO - piazza Cavour,15.40
C0206,275/282,78,FEST,J,19,PINEROLO - Movicentro,15.46
C0206,275/282,78,FEST,J,20,PINEROLO - c.so Torino-MACUMBA,15.50
C0206,275/282,78,FEST,J,21,RIVA di Pinerolo,15.56
C0206,275/282,78,FEST,J,22,AIRASCA,D
C0206,275/282,78,FEST,J,23,NONE Bivio,I
C0206,275/282,78,FEST,J,24,CANDIOLO IRCCS-Centro Ricerche,R
C0206,275/282,78,FEST,J,25,TORINO - Porta Nuova,16.44
C0206,275/282,78,FEST,J,26,TORINO - Porta Susa,16.49
C0207,275/282,123456,SCO,Scol,1,OULX - Stazione FS,13:05
C0207,275/282,123456,SCO,Scol,2,OULX - Liceo,13:06
C0207,275/282,123456,SCO,Scol,3,OULX - p.zza Garambois,13:08
C0207,275/282,123456,SCO,Scol,4,CESANA TORINESE,13:30
C0207,275/282,123456,SCO,Scol,5,SESTRIERE,13:50
C0207,275/282,123456,SCO,Scol,6,PRAGELATO,14:10
C0207,275/282,123456,SCO,Scol,7,FENESTRELLE - via Nazionale,14:30
C0207,275/282,123456,SCO,Scol,8,PEROSA ARG.-pzza Terzo Alpini (Arrivo),15:00
C0207,275/282,123456,SCO,Scol,9,PEROSA ARG.-pzza Terzo Alpini (Partenza),15.40
C0207,275/282,123456,SCO,Scol,10,PINASCA,15.44
C0207,275/282,123456,SCO,Scol,11,DUBBIONE - via Nazionale,15.45
C0207,275/282,123456,SCO,Scol,12,VILLAR PEROSA - via Nazionale,15.50
C0207,275/282,123456,SCO,Scol,13,S. GERMANO CHISONE,15.56
C0207,275/282,123456,SCO,Scol,14,PORTE,15.58
C0207,275/282,123456,SCO,Scol,15,S. MARTINO,16.00
C0207,275/282,123456,SCO,Scol,16,ABBADIA ALPINA,16.06
C0207,275/282,123456,SCO,Scol,17,PONTE LEMINA,16.07
C0207,275/282,123456,SCO,Scol,18,PINEROLO - piazza Cavour,16.10
C0207,275/282,123456,SCO,Scol,19,PINEROLO - Movicentro,16.16
C0207,275/282,123456,SCO,Scol,20,PINEROLO - c.so Torino-MACUMBA,16.20
C0207,275/282,123456,SCO,Scol,21,RIVA di Pinerolo,16.26
C0207,275/282,123456,SCO,Scol,22,AIRASCA,D
C0207,275/282,123456,SCO,Scol,23,NONE Bivio,I
C0207,275/282,123456,SCO,Scol,24,CANDIOLO IRCCS-Centro Ricerche,R
C0207,275/282,123456,SCO,Scol,25,TORINO - Porta Nuova,17.14
C0207,275/282,123456,SCO,Scol,26,TORINO - Porta Susa,17.19
C0208,275/282,123456,FER,,1,OULX - Stazione FS,13.45
C0208,275/282,123456,FER,,2,OULX - Liceo,13.46
C0208,275/282,123456,FER,,3,OULX - p.zza Garambois,13.48
C0208,275/282,123456,FER,,4,CESANA TORINESE,14.05
C0208,275/282,123456,FER,,5,SESTRIERE,14.30
C0209,275/282,123456,FER,NS#,1,SESTRIERE,14:30
C0209,275/282,123456,FER,NS#,2,PRAGELATO,14.50
C0209,275/282,123456,FER,NS#,3,FENESTRELLE - via Nazionale,15.10
C0209,275/282,123456,FER,NS#,4,PEROSA ARG.-pzza Terzo Alpini (Arrivo),15.40
C0209,275/282,123456,FER,NS#,5,PEROSA ARG.-pzza Terzo Alpini (Partenza),15.40
C0209,275/282,123456,FER,NS#,6,PINASCA,15.44
C0209,275/282,123456,FER,NS#,7,DUBBIONE - via Nazionale,15.45
C0209,275/282,123456,FER,NS#,8,VILLAR PEROSA - via Nazionale,15.50
C0209,275/282,123456,FER,NS#,9,S. GERMANO CHISONE,15.56
C0209,275/282,123456,FER,NS#,10,PORTE,15.58
C0209,275/282,123456,FER,NS#,11,S. MARTINO,16.00
C0209,275/282,123456,FER,NS#,12,ABBADIA ALPINA,16.06
C0209,275/282,123456,FER,NS#,13,PONTE LEMINA,16.07
C0209,275/282,123456,FER,NS#,14,PINEROLO - piazza Cavour,16.10
C0209,275/282,123456,FER,NS#,15,PINEROLO - Movicentro,16.16
C0209,275/282,123456,FER,NS#,16,PINEROLO - c.so Torino-MACUMBA,16.20
C0209,275/282,123456,FER,NS#,17,RIVA di Pinerolo,16.26
C0209,275/282,123456,FER,NS#,18,AIRASCA,D
C0209,275/282,123456,FER,NS#,19,NONE Bivio,I
C0209,275/282,123456,FER,NS#,20,CANDIOLO IRCCS-Centro Ricerche,R
C0209,275/282,123456,FER,NS#,21,TORINO - Porta Nuova,17.14
C0209,275/282,123456,FER,NS#,22,TORINO - Porta Susa,17.19
C0210,275/282,12345,FER,A,1,PEROSA ARG.-pzza Terzo Alpini (Partenza),16.10
C0210,275/282,12345,FER,A,2,PINASCA,16.14
C0210,275/282,12345,FER,A,3,DUBBIONE - via Nazionale,16.15
C0210,275/282,12345,FER,A,4,VILLAR PEROSA - via Nazionale,16.20
C0210,275/282,12345,FER,A,5,S. GERMANO CHISONE,16.26
C0210,275/282,12345,FER,A,6,PORTE,16.28
C0210,275/282,12345,FER,A,7,S. MARTINO,16.30
C0210,275/282,12345,FER,A,8,ABBADIA ALPINA,16.36
C0210,275/282,12345,FER,A,9,PONTE LEMINA,16.37
C0210,275/282,12345,FER,A,10,PINEROLO - piazza Cavour,16.40
C0211,275/282,,GG,I,1,PINEROLO - piazza Cavour,16.40
C0211,275/282,,GG,I,2,PINEROLO - Movicentro,16.46
C0211,275/282,,GG,I,3,PINEROLO - c.so Torino-MACUMBA,16:52
C0211,275/282,,GG,I,4,RIVA di Pinerolo,17:00
C0211,275/282,,GG,I,5,Bivio BOTTEGHE,17:05
C0211,275/282,,GG,I,6,AIRASCA,17:11
C0211,275/282,,GG,I,7,NONE Bivio,17:17
C0211,275/282,,GG,I,8,CANDIOLO IRCCS-Centro Ricerche,17:30
C0211,275/282,,GG,I,9,STUPINIGI - Palazzina di Caccia,17:40
C0211,275/282,,GG,I,10,TORINO - Porta Nuova,18:07
C0211,275/282,,GG,I,11,TORINO - Porta Susa,18:15
C0212,275/282,123456,FER,,1,OULX - Stazione FS,14.45
C0212,275/282,123456,FER,,2,OULX - Liceo,14.46
C0212,275/282,123456,FER,,3,OULX - p.zza Garambois,14.48
C0212,275/282,123456,FER,,4,CESANA TORINESE,15.05
C0212,275/282,123456,FER,,5,SESTRIERE,15.30
C0212,275/282,123456,FER,,6,PRAGELATO,15.50
C0212,275/282,123456,FER,,7,FENESTRELLE - via Nazionale,16.10
C0212,275/282,123456,FER,,8,PEROSA ARG.-pzza Terzo Alpini (Arrivo),16.40
C0213,275/282,123456,FER,I,1,PEROSA ARG.-pzza Terzo Alpini (Partenza),16.40
C0213,275/282,123456,FER,I,2,PINASCA,16.44
C0213,275/282,123456,FER,I,3,DUBBIONE - via Nazionale,16.45
C0213,275/282,123456,FER,I,4,VILLAR PEROSA - via Nazionale,16.50
C0213,275/282,123456,FER,I,5,S. GERMANO CHISONE,16.56
C0213,275/282,123456,FER,I,6,PORTE,16.58
C0213,275/282,123456,FER,I,7,S. MARTINO,17.00
C0213,275/282,123456,FER,I,8,ABBADIA ALPINA,17.06
C0213,275/282,123456,FER,I,9,PONTE LEMINA,17.07
C0213,275/282,123456,FER,I,10,PINEROLO - piazza Cavour,17.10
C0213,275/282,123456,FER,I,11,PINEROLO - Movicentro,17:16
C0213,275/282,123456,FER,I,12,PINEROLO - c.so Torino-MACUMBA,17:22
C0213,275/282,123456,FER,I,13,RIVA di Pinerolo,17:28
C0213,275/282,123456,FER,I,14,Bivio BOTTEGHE,17:33
C0213,275/282,123456,FER,I,15,AIRASCA,17:40
C0213,275/282,123456,FER,I,16,NONE Bivio,17:45
C0213,275/282,123456,FER,I,17,CANDIOLO IRCCS-Centro Ricerche,17:55
C0213,275/282,123456,FER,I,18,STUPINIGI - Palazzina di Caccia,18:05
C0213,275/282,123456,FER,I,19,TORINO - Porta Nuova,18:35
C0213,275/282,123456,FER,I,20,TORINO - Porta Susa,18:40
C0214,275/282,NAT,FEST,,1,PEROSA ARG.-pzza Terzo Alpini (Partenza),16.40
C0214,275/282,NAT,FEST,,2,PINASCA,16.44
C0214,275/282,NAT,FEST,,3,DUBBIONE - via Nazionale,16.45
C0214,275/282,NAT,FEST,,4,VILLAR PEROSA - via Nazionale,16.50
C0214,275/282,NAT,FEST,,5,S. GERMANO CHISONE,16.56
C0214,275/282,NAT,FEST,,6,PORTE,16.58
C0214,275/282,NAT,FEST,,7,S. MARTINO,17.00
C0214,275/282,NAT,FEST,,8,ABBADIA ALPINA,17.06
C0214,275/282,NAT,FEST,,9,PONTE LEMINA,17.07
C0214,275/282,NAT,FEST,,10,PINEROLO - piazza Cavour,17.10
C0214,275/282,NAT,FEST,,11,PINEROLO - Movicentro,17.16
C0214,275/282,NAT,FEST,,12,PINEROLO - c.so Torino-MACUMBA,17.20
C0214,275/282,NAT,FEST,,13,RIVA di Pinerolo,17.26
C0214,275/282,NAT,FEST,,14,AIRASCA,D
C0214,275/282,NAT,FEST,,15,NONE Bivio,I
C0214,275/282,NAT,FEST,,16,CANDIOLO IRCCS-Centro Ricerche,R
C0214,275/282,NAT,FEST,,17,TORINO - Porta Nuova,18.14
C0214,275/282,NAT,FEST,,18,TORINO - Porta Susa,18.19
C0215,275/282,78,FEST,J,1,OULX - Stazione FS,15.15
C0215,275/282,78,FEST,J,2,OULX - Liceo,15.16
C0215,275/282,78,FEST,J,3,OULX - p.zza Garambois,15.18
C0215,275/282,78,FEST,J,4,CESANA TORINESE,15.35
C0215,275/282,78,FEST,J,5,SESTRIERE,16.00
C0215,275/282,78,FEST,J,6,PRAGELATO,16.20
C0215,275/282,78,FEST,J,7,FENESTRELLE - via Nazionale,16.40
C0215,275/282,78,FEST,J,8,PEROSA ARG.-pzza Terzo Alpini (Arrivo),17.10
C0215,275/282,78,FEST,J,9,PEROSA ARG.-pzza Terzo Alpini (Partenza),17.10
C0215,275/282,78,FEST,J,10,PINASCA,17.14
C0215,275/282,78,FEST,J,11,DUBBIONE - via Nazionale,17.15
C0215,275/282,78,FEST,J,12,VILLAR PEROSA - via Nazionale,17.20
C0215,275/282,78,FEST,J,13,S. GERMANO CHISONE,17.26
C0215,275/282,78,FEST,J,14,PORTE,17.28
C0215,275/282,78,FEST,J,15,S. MARTINO,17.30
C0215,275/282,78,FEST,J,16,ABBADIA ALPINA,17.36
C0215,275/282,78,FEST,J,17,PONTE LEMINA,17.37
C0215,275/282,78,FEST,J,18,PINEROLO - piazza Cavour,17.40
C0215,275/282,78,FEST,J,19,PINEROLO - Movicentro,17.46
C0215,275/282,78,FEST,J,20,PINEROLO - c.so Torino-MACUMBA,17.50
C0215,275/282,78,FEST,J,21,RIVA di Pinerolo,17.56
C0215,275/282,78,FEST,J,22,AIRASCA,D
C0215,275/282,78,FEST,J,23,NONE Bivio,I
C0215,275/282,78,FEST,J,24,CANDIOLO IRCCS-Centro Ricerche,R
C0215,275/282,78,FEST,J,25,TORINO - Porta Nuova,18.44
C0215,275/282,78,FEST,J,26,TORINO - Porta Susa,18.49
C0216,275/282,12345,FER,A,1,PEROSA ARG.-pzza Terzo Alpini (Partenza),17.10
C0216,275/282,12345,FER,A,2,PINASCA,17.14
C0216,275/282,12345,FER,A,3,DUBBIONE - via Nazionale,17.15
C0216,275/282,12345,FER,A,4,VILLAR PEROSA - via Nazionale,17.20
C0216,275/282,12345,FER,A,5,S. GERMANO CHISONE,17.26
C0216,275/282,12345,FER,A,6,PORTE,17.28
C0216,275/282,12345,FER,A,7,S. MARTINO,17.30
C0216,275/282,12345,FER,A,8,ABBADIA ALPINA,17.36
C0216,275/282,12345,FER,A,9,PONTE LEMINA,17.37
C0216,275/282,12345,FER,A,10,PINEROLO - piazza Cavour,17.40
C0216,275/282,12345,FER,A,11,PINEROLO - Movicentro,17.46
C0216,275/282,12345,FER,A,12,PINEROLO - c.so Torino-MACUMBA,17.50
C0216,275/282,12345,FER,A,13,RIVA di Pinerolo,17.56
C0216,275/282,12345,FER,A,14,Bivio BOTTEGHE,18.01
C0216,275/282,12345,FER,A,15,AIRASCA,18.04
C0216,275/282,12345,FER,A,16,NONE Bivio,18.09
C0216,275/282,12345,FER,A,17,CANDIOLO IRCCS-Centro Ricerche,18.14
C0216,275/282,12345,FER,A,18,STUPINIGI - Palazzina di Caccia,18.24
C0216,275/282,12345,FER,A,19,TORINO - Porta Nuova,18.52
C0216,275/282,12345,FER,A,20,TORINO - Porta Susa,18.57
C0217,275/282,6,FER,A,1,SESTRIERE,16.00
C0217,275/282,6,FER,A,2,PRAGELATO,16.20
C0217,275/282,6,FER,A,3,FENESTRELLE - via Nazionale,16.40
C0217,275/282,6,FER,A,4,PEROSA ARG.-pzza Terzo Alpini (Arrivo),17.10
C0217,275/282,6,FER,A,5,PEROSA ARG.-pzza Terzo Alpini (Partenza),17.10
C0217,275/282,6,FER,A,6,PINASCA,17.14
C0217,275/282,6,FER,A,7,DUBBIONE - via Nazionale,17.15
C0217,275/282,6,FER,A,8,VILLAR PEROSA - via Nazionale,17.20
C0217,275/282,6,FER,A,9,S. GERMANO CHISONE,17.26
C0217,275/282,6,FER,A,10,PORTE,17.28
C0217,275/282,6,FER,A,11,S. MARTINO,17.30
C0217,275/282,6,FER,A,12,ABBADIA ALPINA,17.36
C0217,275/282,6,FER,A,13,PONTE LEMINA,17.37
C0217,275/282,6,FER,A,14,PINEROLO - piazza Cavour,17.40
C0218,275/282,12345,FER,A,1,SESTRIERE,16.30
C0218,275/282,12345,FER,A,2,PRAGELATO,16.50
C0218,275/282,12345,FER,A,3,FENESTRELLE - via Nazionale,17.10
C0218,275/282,12345,FER,A,4,PEROSA ARG.-pzza Terzo Alpini (Arrivo),17.40
C0218,275/282,12345,FER,A,5,PEROSA ARG.-pzza Terzo Alpini (Partenza),17.40
C0218,275/282,12345,FER,A,6,PINASCA,17.44
C0218,275/282,12345,FER,A,7,DUBBIONE - via Nazionale,17.45
C0218,275/282,12345,FER,A,8,VILLAR PEROSA - via Nazionale,17.50
C0218,275/282,12345,FER,A,9,S. GERMANO CHISONE,17.56
C0218,275/282,12345,FER,A,10,PORTE,17.58
C0218,275/282,12345,FER,A,11,S. MARTINO,18.00
C0218,275/282,12345,FER,A,12,ABBADIA ALPINA,18.06
C0218,275/282,12345,FER,A,13,PONTE LEMINA,18.07
C0218,275/282,12345,FER,A,14,PINEROLO - piazza Cavour,18.10
C0218,275/282,12345,FER,A,15,PINEROLO - Movicentro,18.16
C0218,275/282,12345,FER,A,16,PINEROLO - c.so Torino-MACUMBA,18.20
C0218,275/282,12345,FER,A,17,RIVA di Pinerolo,18.26
C0218,275/282,12345,FER,A,18,AIRASCA,D
C0218,275/282,12345,FER,A,19,NONE Bivio,I
C0218,275/282,12345,FER,A,20,CANDIOLO IRCCS-Centro Ricerche,R
C0218,275/282,12345,FER,A,21,TORINO - Porta Nuova,19.14
C0218,275/282,12345,FER,A,22,TORINO - Porta Susa,19.19
C0219,275/282,6,FER,A,1,PEROSA ARG.-pzza Terzo Alpini (Partenza),17.40
C0219,275/282,6,FER,A,2,PINASCA,17.44
C0219,275/282,6,FER,A,3,DUBBIONE - via Nazionale,17.45
C0219,275/282,6,FER,A,4,VILLAR PEROSA - via Nazionale,17.50
C0219,275/282,6,FER,A,5,S. GERMANO CHISONE,17.56
C0219,275/282,6,FER,A,6,PORTE,17.58
C0219,275/282,6,FER,A,7,S. MARTINO,18.00
C0219,275/282,6,FER,A,8,ABBADIA ALPINA,18.06
C0219,275/282,6,FER,A,9,PONTE LEMINA,18.07
C0219,275/282,6,FER,A,10,PINEROLO - piazza Cavour,18.10
C0219,275/282,6,FER,A,11,PINEROLO - Movicentro,18.12
C0220,275/282,12345,FER,A,1,PINEROLO - Movicentro,18.46
C0220,275/282,12345,FER,A,2,PINEROLO - c.so Torino-MACUMBA,18.50
C0220,275/282,12345,FER,A,3,RIVA di Pinerolo,18.56
C0220,275/282,12345,FER,A,4,Bivio BOTTEGHE,19.01
C0220,275/282,12345,FER,A,5,AIRASCA,19.04
C0220,275/282,12345,FER,A,6,NONE Bivio,19.09
C0220,275/282,12345,FER,A,7,CANDIOLO IRCCS-Centro Ricerche,19.14
C0220,275/282,12345,FER,A,8,STUPINIGI - Palazzina di Caccia,19.24
C0220,275/282,12345,FER,A,9,TORINO - Porta Nuova,19.52
C0220,275/282,12345,FER,A,10,TORINO - Porta Susa,19.57
C0221,275/282,6,FER,A,1,PEROSA ARG.-pzza Terzo Alpini (Partenza),18.10
C0221,275/282,6,FER,A,2,PINASCA,18.14
C0221,275/282,6,FER,A,3,DUBBIONE - via Nazionale,18.15
C0221,275/282,6,FER,A,4,VILLAR PEROSA - via Nazionale,18.20
C0221,275/282,6,FER,A,5,S. GERMANO CHISONE,18.26
C0221,275/282,6,FER,A,6,PORTE,18.28
C0221,275/282,6,FER,A,7,S. MARTINO,18.30
C0221,275/282,6,FER,A,8,ABBADIA ALPINA,18.36
C0221,275/282,6,FER,A,9,PONTE LEMINA,18.37
C0221,275/282,6,FER,A,10,PINEROLO - piazza Cavour,18.40
C0221,275/282,6,FER,A,11,PINEROLO - Movicentro,18:42
C0222,275/282,123456,FER,,1,OULX - Stazione FS,16.45
C0222,275/282,123456,FER,,2,OULX - Liceo,16.46
C0222,275/282,123456,FER,,3,OULX - p.zza Garambois,16.48
C0222,275/282,123456,FER,,4,CESANA TORINESE,17.05
C0222,275/282,123456,FER,,5,SESTRIERE,17.30
C0222,275/282,123456,FER,,6,PRAGELATO,17.50
C0222,275/282,123456,FER,,7,FENESTRELLE - via Nazionale,18.10
C0222,275/282,123456,FER,,8,PEROSA ARG.-pzza Terzo Alpini (Arrivo),18.40
C0222,275/282,123456,FER,,9,PEROSA ARG.-pzza Terzo Alpini (Partenza),18.40
C0222,275/282,123456,FER,,10,PINASCA,18.44
C0222,275/282,123456,FER,,11,DUBBIONE - via Nazionale,18.45
C0222,275/282,123456,FER,,12,VILLAR PEROSA - via Nazionale,18.50
C0222,275/282,123456,FER,,13,S. GERMANO CHISONE,18.56
C0222,275/282,123456,FER,,14,PORTE,18.58
C0222,275/282,123456,FER,,15,S. MARTINO,19.00
C0222,275/282,123456,FER,,16,ABBADIA ALPINA,19.06
C0222,275/282,123456,FER,,17,PONTE LEMINA,19.07
C0222,275/282,123456,FER,,18,PINEROLO - piazza Cavour,19.10
C0222,275/282,123456,FER,,19,PINEROLO - Movicentro,19.16
C0222,275/282,123456,FER,,20,PINEROLO - c.so Torino-MACUMBA,19.20
C0222,275/282,123456,FER,,21,RIVA di Pinerolo,19.26
C0222,275/282,123456,FER,,22,AIRASCA,D
C0222,275/282,123456,FER,,23,NONE Bivio,I
C0222,275/282,123456,FER,,24,CANDIOLO IRCCS-Centro Ricerche,R
C0222,275/282,123456,FER,,25,TORINO - Porta Nuova,20.14
C0222,275/282,123456,FER,,26,TORINO - Porta Susa,20.19
C0223,275/282,78,FEST,#,1,OULX - Stazione FS,17.15
C0223,275/282,78,FEST,#,2,OULX - Liceo,17.16
C0223,275/282,78,FEST,#,3,OULX - p.zza Garambois,17.18
C0223,275/282,78,FEST,#,4,CESANA TORINESE,17.35
C0223,275/282,78,FEST,#,5,SESTRIERE,18.00
C0224,275/282,78,FEST,J,1,SESTRIERE,18.00
C0224,275/282,78,FEST,J,2,PRAGELATO,18.20
C0224,275/282,78,FEST,J,3,FENESTRELLE - via Nazionale,18.40
C0224,275/282,78,FEST,J,4,PEROSA ARG.-pzza Terzo Alpini (Arrivo),19.10
C0224,275/282,78,FEST,J,5,PEROSA ARG.-pzza Terzo Alpini (Partenza),19.10
C0224,275/282,78,FEST,J,6,PINASCA,19.14
C0224,275/282,78,FEST,J,7,DUBBIONE - via Nazionale,19.15
C0224,275/282,78,FEST,J,8,VILLAR PEROSA - via Nazionale,19.20
C0224,275/282,78,FEST,J,9,S. GERMANO CHISONE,19.26
C0224,275/282,78,FEST,J,10,PORTE,19.28
C0224,275/282,78,FEST,J,11,S. MARTINO,19.30
C0224,275/282,78,FEST,J,12,ABBADIA ALPINA,19.36
C0224,275/282,78,FEST,J,13,PONTE LEMINA,19.37
C0224,275/282,78,FEST,J,14,PINEROLO - piazza Cavour,19.40
C0224,275/282,78,FEST,J,15,PINEROLO - Movicentro,19.46
C0224,275/282,78,FEST,J,16,PINEROLO - c.so Torino-MACUMBA,19.50
C0224,275/282,78,FEST,J,17,RIVA di Pinerolo,19.56
C0224,275/282,78,FEST,J,18,AIRASCA,D
C0224,275/282,78,FEST,J,19,NONE Bivio,I
C0224,275/282,78,FEST,J,20,CANDIOLO IRCCS-Centro Ricerche,R
C0224,275/282,78,FEST,J,21,TORINO - Porta Nuova,20.44
C0224,275/282,78,FEST,J,22,TORINO - Porta Susa,20.49
C0225,275/282,12345,FER,A,1,PEROSA ARG.-pzza Terzo Alpini (Partenza),19.40
C0225,275/282,12345,FER,A,2,PINASCA,19.44
C0225,275/282,12345,FER,A,3,DUBBIONE - via Nazionale,19.45
C0225,275/282,12345,FER,A,4,VILLAR PEROSA - via Nazionale,19.50
C0225,275/282,12345,FER,A,5,S. GERMANO CHISONE,19.56
C0225,275/282,12345,FER,A,6,PORTE,19.58
C0225,275/282,12345,FER,A,7,S. MARTINO,20.00
C0225,275/282,12345,FER,A,8,ABBADIA ALPINA,20.06
C0225,275/282,12345,FER,A,9,PONTE LEMINA,20.07
C0225,275/282,12345,FER,A,10,PINEROLO - piazza Cavour,20.10
C0225,275/282,12345,FER,A,11,PINEROLO - Movicentro,20.16
C0225,275/282,12345,FER,A,12,PINEROLO - c.so Torino-MACUMBA,20.20
C0225,275/282,12345,FER,A,13,RIVA di Pinerolo,20.26
C0225,275/282,12345,FER,A,14,AIRASCA,D
C0225,275/282,12345,FER,A,15,NONE Bivio,I
C0225,275/282,12345,FER,A,16,CANDIOLO IRCCS-Centro Ricerche,R
C0225,275/282,12345,FER,A,17,TORINO - Porta Nuova,21.14
C0225,275/282,12345,FER,A,18,TORINO - Porta Susa,21.19
C0226,275/282,12345,FER,A,1,PEROSA ARG.-pzza Terzo Alpini (Partenza),20.10
C0226,275/282,12345,FER,A,2,PINASCA,20.14
C0226,275/282,12345,FER,A,3,DUBBIONE - via Nazionale,20.15
C0226,275/282,12345,FER,A,4,VILLAR PEROSA - via Nazionale,20.20
C0226,275/282,12345,FER,A,5,S. GERMANO CHISONE,20.26
C0226,275/282,12345,FER,A,6,PORTE,20.28
C0226,275/282,12345,FER,A,7,S. MARTINO,20.30
C0226,275/282,12345,FER,A,8,ABBADIA ALPINA,20.36
C0226,275/282,12345,FER,A,9,PONTE LEMINA,20.37
C0226,275/282,12345,FER,A,10,PINEROLO - piazza Cavour,20.40
C0226,275/282,12345,FER,A,11,PINEROLO - Movicentro,20.46
C0226,275/282,12345,FER,A,12,PINEROLO - c.so Torino-MACUMBA,20.50
C0226,275/282,12345,FER,A,13,RIVA di Pinerolo,20.56
C0226,275/282,12345,FER,A,14,Bivio BOTTEGHE,21.01
C0226,275/282,12345,FER,A,15,AIRASCA,21.04
C0226,275/282,12345,FER,A,16,NONE Bivio,21.09
C0226,275/282,12345,FER,A,17,CANDIOLO IRCCS-Centro Ricerche,21.14
C0226,275/282,12345,FER,A,18,STUPINIGI - Palazzina di Caccia,21.24
C0226,275/282,12345,FER,A,19,TORINO - Porta Nuova,21.52
C0226,275/282,12345,FER,A,20,TORINO - Porta Susa,21.57
C0227,275/282,123456,FER,,1,OULX - Stazione FS,18.45
C0227,275/282,123456,FER,,2,OULX - Liceo,18.46
C0227,275/282,123456,FER,,3,OULX - p.zza Garambois,18.48
C0227,275/282,123456,FER,,4,CESANA TORINESE,19.05
C0227,275/282,123456,FER,,5,SESTRIERE,19.30
C0227,275/282,123456,FER,,6,PRAGELATO,19.50
C0227,275/282,123456,FER,,7,FENESTRELLE - via Nazionale,20.10
C0227,275/282,123456,FER,,8,PEROSA ARG.-pzza Terzo Alpini (Arrivo),20.40
C0227,275/282,123456,FER,,9,PEROSA ARG.-pzza Terzo Alpini (Partenza),20.40
C0227,275/282,123456,FER,,10,PINASCA,20.44
C0227,275/282,123456,FER,,11,DUBBIONE - via Nazionale,20.45
C0227,275/282,123456,FER,,12,VILLAR PEROSA - via Nazionale,20.50
C0227,275/282,123456,FER,,13,S. GERMANO CHISONE,20.56
C0227,275/282,123456,FER,,14,PORTE,20.58
C0227,275/282,123456,FER,,15,S. MARTINO,21.00
C0227,275/282,123456,FER,,16,ABBADIA ALPINA,21.06
C0227,275/282,123456,FER,,17,PONTE LEMINA,21.07
C0227,275/282,123456,FER,,18,PINEROLO - piazza Cavour,21.10
C0227,275/282,123456,FER,,19,PINEROLO - Movicentro,21:12
C0228,275/282,123456,FER,#,1,PINEROLO - Movicentro,21.16
C0228,275/282,123456,FER,#,2,PINEROLO - c.so Torino-MACUMBA,21.20
C0228,275/282,123456,FER,#,3,RIVA di Pinerolo,21.26
C0228,275/282,123456,FER,#,4,AIRASCA,D
C0228,275/282,123456,FER,#,5,NONE Bivio,I
C0228,275/282,123456,FER,#,6,CANDIOLO IRCCS-Centro Ricerche,R
C0228,275/282,123456,FER,#,7,TORINO - Porta Nuova,22.14
C0228,275/282,123456,FER,#,8,TORINO - Porta Susa,22.19
C0229,275/282,78,FEST,J,1,OULX - Stazione FS,19.15
C0229,275/282,78,FEST,J,2,OULX - Liceo,19.16
C0229,275/282,78,FEST,J,3,OULX - p.zza Garambois,19.18
C0229,275/282,78,FEST,J,4,CESANA TORINESE,19.35
C0229,275/282,78,FEST,J,5,SESTRIERE,20.00
C0229,275/282,78,FEST,J,6,PRAGELATO,20.20
C0229,275/282,78,FEST,J,7,FENESTRELLE - via Nazionale,20.40
C0229,275/282,78,FEST,J,8,PEROSA ARG.-pzza Terzo Alpini (Arrivo),21.10
C0229,275/282,78,FEST,J,9,PEROSA ARG.-pzza Terzo Alpini (Partenza),21.10
C0229,275/282,78,FEST,J,10,PINASCA,21.14
C0229,275/282,78,FEST,J,11,DUBBIONE - via Nazionale,21.15
C0229,275/282,78,FEST,J,12,VILLAR PEROSA - via Nazionale,21.20
C0229,275/282,78,FEST,J,13,S. GERMANO CHISONE,21.26
C0229,275/282,78,FEST,J,14,PORTE,21.28
C0229,275/282,78,FEST,J,15,S. MARTINO,21.30
C0229,275/282,78,FEST,J,16,ABBADIA ALPINA,21.36
C0229,275/282,78,FEST,J,17,PONTE LEMINA,21.37
C0229,275/282,78,FEST,J,18,PINEROLO - piazza Cavour,21.40
C0229,275/282,78,FEST,J,19,PINEROLO - Movicentro,21.46
C0229,275/282,78,FEST,J,20,PINEROLO - c.so Torino-MACUMBA,21.50
C0229,275/282,78,FEST,J,21,RIVA di Pinerolo,21.56
C0229,275/282,78,FEST,J,22,AIRASCA,D
C0229,275/282,78,FEST,J,23,NONE Bivio,I
C0229,275/282,78,FEST,J,24,CANDIOLO IRCCS-Centro Ricerche,R
C0229,275/282,78,FEST,J,25,TORINO - Porta Nuova,22.44
C0229,275/282,78,FEST,J,26,TORINO - Porta Susa,22.49
C0230,275/282,12345,FER,A,1,PEROSA ARG.-pzza Terzo Alpini (Partenza),21.10
C0230,275/282,12345,FER,A,2,PINASCA,21.14
C0230,275/282,12345,FER,A,3,DUBBIONE - via Nazionale,21.15
C0230,275/282,12345,FER,A,4,VILLAR PEROSA - via Nazionale,21.20
C0230,275/282,12345,FER,A,5,S. GERMANO CHISONE,21.26
C0230,275/282,12345,FER,A,6,PORTE,21.28
C0230,275/282,12345,FER,A,7,S. MARTINO,21.30
C0230,275/282,12345,FER,A,8,ABBADIA ALPINA,21.36
C0230,275/282,12345,FER,A,9,PONTE LEMINA,21.37
C0230,275/282,12345,FER,A,10,PINEROLO - piazza Cavour,21.40
C0230,275/282,12345,FER,A,11,PINEROLO - Movicentro,21.46
C0230,275/282,12345,FER,A,12,PINEROLO - c.so Torino-MACUMBA,21.50
C0230,275/282,12345,FER,A,13,RIVA di Pinerolo,21.56
C0230,275/282,12345,FER,A,14,Bivio BOTTEGHE,22.01
C0230,275/282,12345,FER,A,15,AIRASCA,22.04
C0230,275/282,12345,FER,A,16,NONE Bivio,22.09
C0230,275/282,12345,FER,A,17,CANDIOLO IRCCS-Centro Ricerche,22.14
C0230,275/282,12345,FER,A,18,STUPINIGI - Palazzina di Caccia,22.24
C0230,275/282,12345,FER,A,19,TORINO - Porta Nuova,22.52
C0230,275/282,12345,FER,A,20,TORINO - Porta Susa,22.57
C0231,275/282,123456,FER,A,1,PINEROLO - Movicentro,4:28
C0231,275/282,123456,FER,A,2,PINEROLO - piazza Cavour,4:30
C0231,275/282,123456,FER,A,3,PONTE LEMINA,4:33
C0231,275/282,123456,FER,A,4,ABBADIA ALPINA,4:34
C0231,275/282,123456,FER,A,5,S. MARTINO,4:40
C0231,275/282,123456,FER,A,6,PORTE,4:42
C0231,275/282,123456,FER,A,7,VILLAR PEROSA - via Nazionale,4:50
C0231,275/282,123456,FER,A,8,DUBBIONE - via Nazionale,4:55
C0231,275/282,123456,FER,A,9,PINASCA,4:56
C0231,275/282,123456,FER,A,10,PEROSA ARG.-pzza Terzo Alpini (Arrivo),5:00
C0231,275/282,123456,FER,A,11,PEROSA ARG.-pzza Terzo Alpini (Partenza),5:00
C0231,275/282,123456,FER,A,12,FENESTRELLE - via Nazionale,5:30
C0231,275/282,123456,FER,A,13,PRAGELATO,5:50
C0231,275/282,123456,FER,A,14,SESTRIERE,6:10
C0232,275/282,123456,FER,,1,PEROSA ARG.-pzza Terzo Alpini (Partenza),5.50
C0232,275/282,123456,FER,,2,FENESTRELLE - via Nazionale,6.20
C0232,275/282,123456,FER,,3,PRAGELATO,6.40
C0232,275/282,123456,FER,,4,SESTRIERE,7.00
C0232,275/282,123456,FER,,5,CESANA TORINESE,7.25
C0232,275/282,123456,FER,,6,OULX - p.zza Garambois,7.42
C0232,275/282,123456,FER,,7,OULX - Liceo,7.44
C0232,275/282,123456,FER,,8,OULX - Stazione FS,7.45
C0233,275/282,78,FEST,J,1,PEROSA ARG.-pzza Terzo Alpini (Partenza),6.54
C0233,275/282,78,FEST,J,2,FENESTRELLE - via Nazionale,7.24
C0233,275/282,78,FEST,J,3,PRAGELATO,7.44
C0233,275/282,78,FEST,J,4,SESTRIERE,8.04
C0233,275/282,78,FEST,J,5,CESANA TORINESE,8.29
C0233,275/282,78,FEST,J,6,OULX - p.zza Garambois,8.46
C0233,275/282,78,FEST,J,7,OULX - Liceo,8.48
C0233,275/282,78,FEST,J,8,OULX - Stazione FS,8.49
C0234,275/282,12345,FER,A,1,PINEROLO - Movicentro,5.48
C0234,275/282,12345,FER,A,2,PINEROLO - piazza Cavour,5.50
C0234,275/282,12345,FER,A,3,PONTE LEMINA,5.53
C0234,275/282,12345,FER,A,4,ABBADIA ALPINA,5.54
C0234,275/282,12345,FER,A,5,S. MARTINO,6.00
C0234,275/282,12345,FER,A,6,PORTE,6.02
C0234,275/282,12345,FER,A,7,VILLAR PEROSA - via Nazionale,6.10
C0234,275/282,12345,FER,A,8,DUBBIONE - via Nazionale,6.15
C0234,275/282,12345,FER,A,9,PINASCA,6.16
C0234,275/282,12345,FER,A,10,PEROSA ARG.-pzza Terzo Alpini (Arrivo),6.20
C0235,275/282,12345,FER,A,1,PINEROLO - Movicentro,6.18
C0235,275/282,12345,FER,A,2,PINEROLO - piazza Cavour,6.20
C0235,275/282,12345,FER,A,3,PONTE LEMINA,6.23
C0235,275/282,12345,FER,A,4,ABBADIA ALPINA,6.24
C0235,275/282,12345,FER,A,5,S. MARTINO,6.30
C0235,275/282,12345,FER,A,6,PORTE,6.32
C0235,275/282,12345,FER,A,7,VILLAR PEROSA - via Nazionale,6.40
C0235,275/282,12345,FER,A,8,DUBBIONE - via Nazionale,6.45
C0235,275/282,12345,FER,A,9,PINASCA,6.46
C0235,275/282,12345,FER,A,10,PEROSA ARG.-pzza Terzo Alpini (Arrivo),6.50
C0235,275/282,12345,FER,A,11,PEROSA ARG.-pzza Terzo Alpini (Partenza),6.50
C0235,275/282,12345,FER,A,12,FENESTRELLE - via Nazionale,7.20
C0236,275/282,12345,FER,A,1,PINEROLO - Movicentro,7.18
C0236,275/282,12345,FER,A,2,PINEROLO - piazza Cavour,7.20
C0236,275/282,12345,FER,A,3,PONTE LEMINA,7.23
C0236,275/282,12345,FER,A,4,ABBADIA ALPINA,7.24
C0236,275/282,12345,FER,A,5,S. MARTINO,7.30
C0236,275/282,12345,FER,A,6,PORTE,7.32
C0236,275/282,12345,FER,A,7,VILLAR PEROSA - via Nazionale,7.40
C0236,275/282,12345,FER,A,8,DUBBIONE - via Nazionale,7.45
C0236,275/282,12345,FER,A,9,PINASCA,7.46
C0236,275/282,12345,FER,A,10,PEROSA ARG.-pzza Terzo Alpini (Arrivo),7.50
C0237,275/282,123456,FER,,1,TORINO - Porta Susa,6:33
C0237,275/282,123456,FER,,2,TORINO - Porta Nuova,6:38
C0237,275/282,123456,FER,,3,STUPINIGI - Palazzina di Caccia,7:06
C0237,275/282,123456,FER,,4,CANDIOLO IRCCS-Centro Ricerche,7:16
C0237,275/282,123456,FER,,5,NONE Bivio,7:21
C0237,275/282,123456,FER,,6,AIRASCA,7:26
C0237,275/282,123456,FER,,7,Bivio BOTTEGHE,7:29
C0237,275/282,123456,FER,,8,RIVA di Pinerolo,7:34
C0237,275/282,123456,FER,,9,PINEROLO - c.so Torino-MACUMBA,7:40
C0237,275/282,123456,FER,,10,PINEROLO - Movicentro,7.48
C0237,275/282,123456,FER,,11,PINEROLO - piazza Cavour,7.50
C0237,275/282,123456,FER,,12,PONTE LEMINA,7.53
C0237,275/282,123456,FER,,13,ABBADIA ALPINA,7.54
C0237,275/282,123456,FER,,14,S. MARTINO,8.00
C0237,275/282,123456,FER,,15,PORTE,8.02
C0237,275/282,123456,FER,,16,VILLAR PEROSA - via Nazionale,8.10
C0237,275/282,123456,FER,,17,DUBBIONE - via Nazionale,8.15
C0237,275/282,123456,FER,,18,PINASCA,8.16
C0237,275/282,123456,FER,,19,PEROSA ARG.-pzza Terzo Alpini (Arrivo),8.20
C0237,275/282,123456,FER,,20,PEROSA ARG.-pzza Terzo Alpini (Partenza),8.20
C0237,275/282,123456,FER,,21,FENESTRELLE - via Nazionale,8.50
C0237,275/282,123456,FER,,22,PRAGELATO,9.10
C0237,275/282,123456,FER,,23,SESTRIERE,9.30
C0237,275/282,123456,FER,,24,CESANA TORINESE,9.55
C0237,275/282,123456,FER,,25,OULX - p.zza Garambois,10.12
C0237,275/282,123456,FER,,26,OULX - Liceo,10.14
C0237,275/282,123456,FER,,27,OULX - Stazione FS,10.15
C0238,275/282,12345,FER,I,1,TORINO - Porta Susa,6.43
C0238,275/282,12345,FER,I,2,TORINO - Porta Nuova,6.48
C0238,275/282,12345,FER,I,3,STUPINIGI - Palazzina di Caccia,7.16
C0238,275/282,12345,FER,I,4,CANDIOLO IRCCS-Centro Ricerche,7.26
C0238,275/282,12345,FER,I,5,NONE Bivio,7.31
C0238,275/282,12345,FER,I,6,AIRASCA,7.36
C0238,275/282,12345,FER,I,7,Bivio BOTTEGHE,7.39
C0238,275/282,12345,FER,I,8,RIVA di Pinerolo,7.44
C0238,275/282,12345,FER,I,9,PINEROLO - c.so Torino-MACUMBA,7.50
C0238,275/282,12345,FER,I,10,PINEROLO - Movicentro,7.58
C0238,275/282,12345,FER,I,11,PINEROLO - piazza Cavour,8.00
C0239,275/282,12345,FER,I,1,TORINO - Porta Susa,6.53
C0239,275/282,12345,FER,I,2,TORINO - Porta Nuova,6.58
C0239,275/282,12345,FER,I,3,STUPINIGI - Palazzina di Caccia,7.26
C0239,275/282,12345,FER,I,4,CANDIOLO IRCCS-Centro Ricerche,7.36
C0239,275/282,12345,FER,I,5,NONE Bivio,7.41
C0239,275/282,12345,FER,I,6,AIRASCA,7.46
C0239,275/282,12345,FER,I,7,Bivio BOTTEGHE,7.49
C0239,275/282,12345,FER,I,8,RIVA di Pinerolo,7.54
C0239,275/282,12345,FER,I,9,PINEROLO - c.so Torino-MACUMBA,8.00
C0239,275/282,12345,FER,I,10,PINEROLO - Movicentro,8.08
C0239,275/282,12345,FER,I,11,PINEROLO - piazza Cavour,8.10
C0239,275/282,12345,FER,I,12,PONTE LEMINA,8.13
C0239,275/282,12345,FER,I,13,ABBADIA ALPINA,8.14
C0239,275/282,12345,FER,I,14,S. MARTINO,8.20
C0239,275/282,12345,FER,I,15,PORTE,8.22
C0239,275/282,12345,FER,I,16,VILLAR PEROSA - via Nazionale,8.30
C0239,275/282,12345,FER,I,17,DUBBIONE - via Nazionale,8.35
C0239,275/282,12345,FER,I,18,PINASCA,8.36
C0239,275/282,12345,FER,I,19,PEROSA ARG.-pzza Terzo Alpini (Arrivo),8.40
C0240,275/282,12345,FER,A,1,PINEROLO - piazza Cavour,8.10
C0240,275/282,12345,FER,A,2,PONTE LEMINA,8.13
C0240,275/282,12345,FER,A,3,ABBADIA ALPINA,8.14
C0240,275/282,12345,FER,A,4,S. MARTINO,8.20
C0240,275/282,12345,FER,A,5,PORTE,8.22
C0240,275/282,12345,FER,A,6,VILLAR PEROSA - via Nazionale,8.30
C0240,275/282,12345,FER,A,7,DUBBIONE - via Nazionale,8.35
C0240,275/282,12345,FER,A,8,PINASCA,8.36
C0240,275/282,12345,FER,A,9,PEROSA ARG.-pzza Terzo Alpini (Arrivo),8.40
C0241,275/282,6,SCO,Scol,1,PINEROLO - piazza Cavour,8.20
C0241,275/282,6,SCO,Scol,2,PONTE LEMINA,8.23
C0241,275/282,6,SCO,Scol,3,ABBADIA ALPINA,8.24
C0241,275/282,6,SCO,Scol,4,S. MARTINO,8.30
C0241,275/282,6,SCO,Scol,5,PORTE,8.32
C0241,275/282,6,SCO,Scol,6,VILLAR PEROSA - via Nazionale,8.40
C0241,275/282,6,SCO,Scol,7,DUBBIONE - via Nazionale,8.45
C0241,275/282,6,SCO,Scol,8,PINASCA,8.46
C0241,275/282,6,SCO,Scol,9,PEROSA ARG.-pzza Terzo Alpini (Arrivo),8.50
C0242,275/282,78,FEST,J,1,TORINO - Porta Susa,7.15
C0242,275/282,78,FEST,J,2,TORINO - Porta Nuova,7.20
C0242,275/282,78,FEST,J,3,STUPINIGI - Palazzina di Caccia,D
C0242,275/282,78,FEST,J,4,CANDIOLO IRCCS-Centro Ricerche,I
C0242,275/282,78,FEST,J,5,NONE Bivio,R
C0242,275/282,78,FEST,J,6,RIVA di Pinerolo,8.08
C0242,275/282,78,FEST,J,7,PINEROLO - c.so Torino-MACUMBA,8.14
C0242,275/282,78,FEST,J,8,PINEROLO - Movicentro,8.22
C0242,275/282,78,FEST,J,9,PINEROLO - piazza Cavour,8.24
C0242,275/282,78,FEST,J,10,PONTE LEMINA,8.27
C0242,275/282,78,FEST,J,11,ABBADIA ALPINA,8.28
C0242,275/282,78,FEST,J,12,S. MARTINO,8.34
C0242,275/282,78,FEST,J,13,PORTE,8.36
C0242,275/282,78,FEST,J,14,VILLAR PEROSA - via Nazionale,8.44
C0242,275/282,78,FEST,J,15,DUBBIONE - via Nazionale,8.49
C0242,275/282,78,FEST,J,16,PINASCA,8.50
C0242,275/282,78,FEST,J,17,PEROSA ARG.-pzza Terzo Alpini (Arrivo),8.54
C0242,275/282,78,FEST,J,18,PEROSA ARG.-pzza Terzo Alpini (Partenza),8.54
C0242,275/282,78,FEST,J,19,FENESTRELLE - via Nazionale,9.24
C0242,275/282,78,FEST,J,20,PRAGELATO,9.44
C0242,275/282,78,FEST,J,21,SESTRIERE,10.04
C0242,275/282,78,FEST,J,22,CESANA TORINESE,10.29
C0242,275/282,78,FEST,J,23,OULX - p.zza Garambois,10.46
C0242,275/282,78,FEST,J,24,OULX - Liceo,10.48
C0242,275/282,78,FEST,J,25,OULX - Stazione FS,10.49
C0243,275/282,123456,FER,,1,TORINO - Porta Susa,7.41
C0243,275/282,123456,FER,,2,TORINO - Porta Nuova,7.46
C0243,275/282,123456,FER,,3,STUPINIGI - Palazzina di Caccia,D
C0243,275/282,123456,FER,,4,CANDIOLO IRCCS-Centro Ricerche,I
C0243,275/282,123456,FER,,5,NONE Bivio,R
C0243,275/282,123456,FER,,6,RIVA di Pinerolo,8.34
C0243,275/282,123456,FER,,7,PINEROLO - c.so Torino-MACUMBA,8.40
C0243,275/282,123456,FER,,8,PINEROLO - Movicentro,8.48
C0243,275/282,123456,FER,,9,PINEROLO - piazza Cavour,8.50
C0243,275/282,123456,FER,,10,PONTE LEMINA,8.53
C0243,275/282,123456,FER,,11,ABBADIA ALPINA,8.54
C0243,275/282,123456,FER,,12,S. MARTINO,9.00
C0243,275/282,123456,FER,,13,PORTE,9.02
C0243,275/282,123456,FER,,14,VILLAR PEROSA - via Nazionale,9.10
C0243,275/282,123456,FER,,15,DUBBIONE - via Nazionale,9.15
C0243,275/282,123456,FER,,16,PINASCA,9.16
C0243,275/282,123456,FER,,17,PEROSA ARG.-pzza Terzo Alpini (Arrivo),9.20
C0243,275/282,123456,FER,,18,PEROSA ARG.-pzza Terzo Alpini (Partenza),9.20
C0243,275/282,123456,FER,,19,FENESTRELLE - via Nazionale,9.50
C0243,275/282,123456,FER,,20,PRAGELATO,10.10
C0243,275/282,123456,FER,,21,SESTRIERE,10.30
C0243,275/282,123456,FER,,22,CESANA TORINESE,10.55
C0243,275/282,123456,FER,,23,OULX - p.zza Garambois,11.12
C0243,275/282,123456,FER,,24,OULX - Liceo,11.14
C0243,275/282,123456,FER,,25,OULX - Stazione FS,11.15
C0244,275/282,12345,FER,,1,TORINO - Porta Susa,8.03
C0244,275/282,12345,FER,,2,TORINO - Porta Nuova,8.08
C0244,275/282,12345,FER,,3,STUPINIGI - Palazzina di Caccia,8.36
C0244,275/282,12345,FER,,4,CANDIOLO IRCCS-Centro Ricerche,8.46
C0244,275/282,12345,FER,,5,NONE Bivio,8.51
C0244,275/282,12345,FER,,6,AIRASCA,8.56
C0244,275/282,12345,FER,,7,Bivio BOTTEGHE,8.59
C0244,275/282,12345,FER,,8,RIVA di Pinerolo,9.04
C0244,275/282,12345,FER,,9,PINEROLO - c.so Torino-MACUMBA,9.10
C0244,275/282,12345,FER,,10,PINEROLO - Movicentro,9.18
C0244,275/282,12345,FER,,11,PINEROLO - piazza Cavour,9.20
C0244,275/282,12345,FER,,12,PONTE LEMINA,9.23
C0244,275/282,12345,FER,,13,ABBADIA ALPINA,9.24
C0244,275/282,12345,FER,,14,S. MARTINO,9.30
C0244,275/282,12345,FER,,15,PORTE,9.32
C0244,275/282,12345,FER,,16,VILLAR PEROSA - via Nazionale,9.40
C0244,275/282,12345,FER,,17,DUBBIONE - via Nazionale,9.45
C0244,275/282,12345,FER,,18,PINASCA,9.46
C0244,275/282,12345,FER,,19,PEROSA ARG.-pzza Terzo Alpini (Arrivo),9.50
C0245,275/282,12345,FER,A,1,TORINO - Porta Susa,8.11
C0245,275/282,12345,FER,A,2,TORINO - Porta Nuova,8.16
C0245,275/282,12345,FER,A,3,STUPINIGI - Palazzina di Caccia,D
C0245,275/282,12345,FER,A,4,CANDIOLO IRCCS-Centro Ricerche,I
C0245,275/282,12345,FER,A,5,NONE Bivio,R
C0245,275/282,12345,FER,A,6,RIVA di Pinerolo,9.04
C0245,275/282,12345,FER,A,7,PINEROLO - c.so Torino-MACUMBA,9.10
C0245,275/282,12345,FER,A,8,PINEROLO - Movicentro,9.18
C0245,275/282,12345,FER,A,9,PINEROLO - piazza Cavour,9.20
C0246,275/282,12345,FER,A,1,TORINO - Porta Susa,8.41
C0246,275/282,12345,FER,A,2,TORINO - Porta Nuova,8.46
C0246,275/282,12345,FER,A,3,STUPINIGI - Palazzina di Caccia,D
C0246,275/282,12345,FER,A,4,CANDIOLO IRCCS-Centro Ricerche,I
C0246,275/282,12345,FER,A,5,NONE Bivio,R
C0246,275/282,12345,FER,A,6,RIVA di Pinerolo,9.34
C0246,275/282,12345,FER,A,7,PINEROLO - c.so Torino-MACUMBA,9.40
C0246,275/282,12345,FER,A,8,PINEROLO - Movicentro,9.48
C0246,275/282,12345,FER,A,9,PINEROLO - piazza Cavour,9.50
C0246,275/282,12345,FER,A,10,PONTE LEMINA,9.53
C0246,275/282,12345,FER,A,11,ABBADIA ALPINA,9.54
C0246,275/282,12345,FER,A,12,S. MARTINO,10.00
C0246,275/282,12345,FER,A,13,PORTE,10.02
C0246,275/282,12345,FER,A,14,VILLAR PEROSA - via Nazionale,10.10
C0246,275/282,12345,FER,A,15,DUBBIONE - via Nazionale,10.15
C0246,275/282,12345,FER,A,16,PINASCA,10.16
C0246,275/282,12345,FER,A,17,PEROSA ARG.-pzza Terzo Alpini (Arrivo),10.20
C0246,275/282,12345,FER,A,18,PEROSA ARG.-pzza Terzo Alpini (Partenza),10.20
C0246,275/282,12345,FER,A,19,FENESTRELLE - via Nazionale,10.50
C0247,275/282,123456,FER,A,1,TORINO - Porta Susa,9.03
C0247,275/282,123456,FER,A,2,TORINO - Porta Nuova,9.08
C0247,275/282,123456,FER,A,3,STUPINIGI - Palazzina di Caccia,9.36
C0247,275/282,123456,FER,A,4,CANDIOLO IRCCS-Centro Ricerche,9.46
C0247,275/282,123456,FER,A,5,NONE Bivio,9.51
C0247,275/282,123456,FER,A,6,AIRASCA,9.56
C0247,275/282,123456,FER,A,7,Bivio BOTTEGHE,9.59
C0247,275/282,123456,FER,A,8,RIVA di Pinerolo,10.04
C0247,275/282,123456,FER,A,9,PINEROLO - c.so Torino-MACUMBA,10.10
C0247,275/282,123456,FER,A,10,PINEROLO - Movicentro,10.18
C0247,275/282,123456,FER,A,11,PINEROLO - piazza Cavour,10.20
C0247,275/282,123456,FER,A,12,PONTE LEMINA,10.23
C0247,275/282,123456,FER,A,13,ABBADIA ALPINA,10.24
C0247,275/282,123456,FER,A,14,S. MARTINO,10.30
C0247,275/282,123456,FER,A,15,PORTE,10.32
C0247,275/282,123456,FER,A,16,VILLAR PEROSA - via Nazionale,10.40
C0247,275/282,123456,FER,A,17,DUBBIONE - via Nazionale,10.45
C0247,275/282,123456,FER,A,18,PINASCA,10.46
C0247,275/282,123456,FER,A,19,PEROSA ARG.-pzza Terzo Alpini (Arrivo),10.50
C0248,275/282,78,FEST,J,1,TORINO - Porta Susa,9.15
C0248,275/282,78,FEST,J,2,TORINO - Porta Nuova,9.20
C0248,275/282,78,FEST,J,3,STUPINIGI - Palazzina di Caccia,D
C0248,275/282,78,FEST,J,4,CANDIOLO IRCCS-Centro Ricerche,I
C0248,275/282,78,FEST,J,5,NONE Bivio,R
C0248,275/282,78,FEST,J,6,RIVA di Pinerolo,10.08
C0248,275/282,78,FEST,J,7,PINEROLO - c.so Torino-MACUMBA,10.14
C0248,275/282,78,FEST,J,8,PINEROLO - Movicentro,10.22
C0248,275/282,78,FEST,J,9,PINEROLO - piazza Cavour,10.24
C0248,275/282,78,FEST,J,10,PONTE LEMINA,10.27
C0248,275/282,78,FEST,J,11,ABBADIA ALPINA,10.28
C0248,275/282,78,FEST,J,12,S. MARTINO,10.34
C0248,275/282,78,FEST,J,13,PORTE,10.36
C0248,275/282,78,FEST,J,14,VILLAR PEROSA - via Nazionale,10.44
C0248,275/282,78,FEST,J,15,DUBBIONE - via Nazionale,10.49
C0248,275/282,78,FEST,J,16,PINASCA,10.50
C0248,275/282,78,FEST,J,17,PEROSA ARG.-pzza Terzo Alpini (Arrivo),10.54
C0248,275/282,78,FEST,J,18,PEROSA ARG.-pzza Terzo Alpini (Partenza),10.54
C0248,275/282,78,FEST,J,19,FENESTRELLE - via Nazionale,11.24
C0248,275/282,78,FEST,J,20,PRAGELATO,11.44
C0248,275/282,78,FEST,J,21,SESTRIERE,12.04
C0249,275/282,78,FEST,#,1,SESTRIERE,12.04
C0249,275/282,78,FEST,#,2,CESANA TORINESE,12.29
C0249,275/282,78,FEST,#,3,OULX - p.zza Garambois,12.46
C0249,275/282,78,FEST,#,4,OULX - Liceo,12.48
C0249,275/282,78,FEST,#,5,OULX - Stazione FS,12.49
C0250,275/282,12345,FER,A,1,TORINO - Porta Susa,9.33
C0250,275/282,12345,FER,A,2,TORINO - Porta Nuova,9.38
C0250,275/282,12345,FER,A,3,STUPINIGI - Palazzina di Caccia,10.06
C0250,275/282,12345,FER,A,4,CANDIOLO IRCCS-Centro Ricerche,10.16
C0250,275/282,12345,FER,A,5,NONE Bivio,10.21
C0250,275/282,12345,FER,A,6,AIRASCA,10.26
C0250,275/282,12345,FER,A,7,Bivio BOTTEGHE,10.29
C0250,275/282,12345,FER,A,8,RIVA di Pinerolo,10.34
C0250,275/282,12345,FER,A,9,PINEROLO - c.so Torino-MACUMBA,10.40
C0250,275/282,12345,FER,A,10,PINEROLO - Movicentro,10.44
C0251,275/282,123456,FER,,1,TORINO - Porta Susa,9.41
C0251,275/282,123456,FER,,2,TORINO - Porta Nuova,9.46
C0251,275/282,123456,FER,,3,STUPINIGI - Palazzina di Caccia,D
C0251,275/282,123456,FER,,4,CANDIOLO IRCCS-Centro Ricerche,I
C0251,275/282,123456,FER,,5,NONE Bivio,R
C0251,275/282,123456,FER,,6,RIVA di Pinerolo,10.34
C0251,275/282,123456,FER,,7,PINEROLO - c.so Torino-MACUMBA,10.40
C0251,275/282,123456,FER,,8,PINEROLO - Movicentro,10.48
C0251,275/282,123456,FER,,9,PINEROLO - piazza Cavour,10.50
C0251,275/282,123456,FER,,10,PONTE LEMINA,10.53
C0251,275/282,123456,FER,,11,ABBADIA ALPINA,10.54
C0251,275/282,123456,FER,,12,S. MARTINO,11.00
C0251,275/282,123456,FER,,13,PORTE,11.02
C0251,275/282,123456,FER,,14,VILLAR PEROSA - via Nazionale,11.10
C0251,275/282,123456,FER,,15,DUBBIONE - via Nazionale,11.15
C0251,275/282,123456,FER,,16,PINASCA,11.16
C0251,275/282,123456,FER,,17,PEROSA ARG.-pzza Terzo Alpini (Arrivo),11.20
C0251,275/282,123456,FER,,18,PEROSA ARG.-pzza Terzo Alpini (Partenza),11.20
C0251,275/282,123456,FER,,19,FENESTRELLE - via Nazionale,11.50
C0251,275/282,123456,FER,,20,PRAGELATO,12.10
C0251,275/282,123456,FER,,21,SESTRIERE,12.30
C0251,275/282,123456,FER,,22,CESANA TORINESE,12.55
C0251,275/282,123456,FER,,23,OULX - p.zza Garambois,13.12
C0251,275/282,123456,FER,,24,OULX - Liceo,13.14
C0251,275/282,123456,FER,,25,OULX - Stazione FS,13.15
C0252,275/282,12345,FER,#,1,TORINO - Porta Susa,10.03
C0252,275/282,12345,FER,#,2,TORINO - Porta Nuova,10.08
C0252,275/282,12345,FER,#,3,STUPINIGI - Palazzina di Caccia,10.36
C0252,275/282,12345,FER,#,4,CANDIOLO IRCCS-Centro Ricerche,10.46
C0252,275/282,12345,FER,#,5,NONE Bivio,10.51
C0252,275/282,12345,FER,#,6,AIRASCA,10.56
C0252,275/282,12345,FER,#,7,Bivio BOTTEGHE,10.59
C0252,275/282,12345,FER,#,8,RIVA di Pinerolo,11.04
C0252,275/282,12345,FER,#,9,PINEROLO - c.so Torino-MACUMBA,11.10
C0252,275/282,12345,FER,#,10,PINEROLO - Movicentro,11.14
C0253,275/282,12345,FER,A,1,PINEROLO - Movicentro,11.18
C0253,275/282,12345,FER,A,2,PINEROLO - piazza Cavour,11.20
C0253,275/282,12345,FER,A,3,PONTE LEMINA,11.23
C0253,275/282,12345,FER,A,4,ABBADIA ALPINA,11.24
C0253,275/282,12345,FER,A,5,S. MARTINO,11.30
C0253,275/282,12345,FER,A,6,PORTE,11.32
C0253,275/282,12345,FER,A,7,VILLAR PEROSA - via Nazionale,11.40
C0253,275/282,12345,FER,A,8,DUBBIONE - via Nazionale,11.45
C0253,275/282,12345,FER,A,9,PINASCA,11.46
C0253,275/282,12345,FER,A,10,PEROSA ARG.-pzza Terzo Alpini (Arrivo),11.50
C0254,275/282,12345,FER,A,1,TORINO - Porta Susa,10.41
C0254,275/282,12345,FER,A,2,TORINO - Porta Nuova,10.46
C0254,275/282,12345,FER,A,3,STUPINIGI - Palazzina di Caccia,D
C0254,275/282,12345,FER,A,4,CANDIOLO IRCCS-Centro Ricerche,I
C0254,275/282,12345,FER,A,5,NONE Bivio,R
C0254,275/282,12345,FER,A,6,RIVA di Pinerolo,11.34
C0254,275/282,12345,FER,A,7,PINEROLO - c.so Torino-MACUMBA,11.40
C0254,275/282,12345,FER,A,8,PINEROLO - Movicentro,11.48
C0254,275/282,12345,FER,A,9,PINEROLO - piazza Cavour,11.50
C0254,275/282,12345,FER,A,10,PONTE LEMINA,11.53
C0254,275/282,12345,FER,A,11,ABBADIA ALPINA,11.54
C0254,275/282,12345,FER,A,12,S. MARTINO,12.00
C0254,275/282,12345,FER,A,13,PORTE,12.02
C0254,275/282,12345,FER,A,14,VILLAR PEROSA - via Nazionale,12.10
C0254,275/282,12345,FER,A,15,DUBBIONE - via Nazionale,12.15
C0254,275/282,12345,FER,A,16,PINASCA,12.16
C0254,275/282,12345,FER,A,17,PEROSA ARG.-pzza Terzo Alpini (Arrivo),12.20
C0254,275/282,12345,FER,A,18,PEROSA ARG.-pzza Terzo Alpini (Partenza),12.20
C0254,275/282,12345,FER,A,19,FENESTRELLE - via Nazionale,12.50
C0255,275/282,6,FER,A,1,TORINO - Porta Susa,10.41
C0255,275/282,6,FER,A,2,TORINO - Porta Nuova,10.46
C0255,275/282,6,FER,A,3,STUPINIGI - Palazzina di Caccia,D
C0255,275/282,6,FER,A,4,CANDIOLO IRCCS-Centro Ricerche,I
C0255,275/282,6,FER,A,5,NONE Bivio,R
C0255,275/282,6,FER,A,6,RIVA di Pinerolo,11.34
C0255,275/282,6,FER,A,7,PINEROLO - c.so Torino-MACUMBA,11.40
C0255,275/282,6,FER,A,8,PINEROLO - Movicentro,11.48
C0255,275/282,6,FER,A,9,PINEROLO - piazza Cavour,11.50
C0256,275/282,78,FEST,J,1,TORINO - Porta Susa,10.41
C0256,275/282,78,FEST,J,2,TORINO - Porta Nuova,10.46
C0256,275/282,78,FEST,J,3,STUPINIGI - Palazzina di Caccia,11.14
C0256,275/282,78,FEST,J,4,CANDIOLO IRCCS-Centro Ricerche,11.24
C0256,275/282,78,FEST,J,5,NONE Bivio,11.29
C0256,275/282,78,FEST,J,6,AIRASCA,11.34
C0256,275/282,78,FEST,J,7,Bivio BOTTEGHE,11.37
C0256,275/282,78,FEST,J,8,RIVA di Pinerolo,11.42
C0256,275/282,78,FEST,J,9,PINEROLO - c.so Torino-MACUMBA,11.48
C0256,275/282,78,FEST,J,10,PINEROLO - Movicentro,11.56
C0256,275/282,78,FEST,J,11,PINEROLO - piazza Cavour,11.58
C0257,275/282,12345,FER,#,1,TORINO - Porta Susa,11.03
C0257,275/282,12345,FER,#,2,TORINO - Porta Nuova,11.08
C0257,275/282,12345,FER,#,3,STUPINIGI - Palazzina di Caccia,11.36
C0257,275/282,12345,FER,#,4,CANDIOLO IRCCS-Centro Ricerche,11.46
C0257,275/282,12345,FER,#,5,NONE Bivio,11.51
C0257,275/282,12345,FER,#,6,AIRASCA,11.56
C0257,275/282,12345,FER,#,7,Bivio BOTTEGHE,11.59
C0257,275/282,12345,FER,#,8,RIVA di Pinerolo,12.04
C0257,275/282,12345,FER,#,9,PINEROLO - c.so Torino-MACUMBA,12.10
C0257,275/282,12345,FER,#,10,PINEROLO - Movicentro,12.18
C0257,275/282,12345,FER,#,11,PINEROLO - piazza Cavour,12.20
C0257,275/282,12345,FER,#,12,PONTE LEMINA,12.23
C0257,275/282,12345,FER,#,13,ABBADIA ALPINA,12.24
C0257,275/282,12345,FER,#,14,S. MARTINO,12.30
C0257,275/282,12345,FER,#,15,PORTE,12.32
C0257,275/282,12345,FER,#,16,VILLAR PEROSA - via Nazionale,12.40
C0257,275/282,12345,FER,#,17,DUBBIONE - via Nazionale,12.45
C0257,275/282,12345,FER,#,18,PINASCA,12.46
C0257,275/282,12345,FER,#,19,PEROSA ARG.-pzza Terzo Alpini (Arrivo),12.50
C0258,275/282,12345,FER,A,1,PEROSA ARG.-pzza Terzo Alpini (Partenza),12.50
C0258,275/282,12345,FER,A,2,FENESTRELLE - via Nazionale,13.20
C0259,275/282,78,FEST,J,1,PINEROLO - piazza Cavour,12.24
C0259,275/282,78,FEST,J,2,PONTE LEMINA,12.27
C0259,275/282,78,FEST,J,3,ABBADIA ALPINA,12.28
C0259,275/282,78,FEST,J,4,S. MARTINO,12.34
C0259,275/282,78,FEST,J,5,PORTE,12.36
C0259,275/282,78,FEST,J,6,VILLAR PEROSA - via Nazionale,12.44
C0259,275/282,78,FEST,J,7,DUBBIONE - via Nazionale,12.49
C0259,275/282,78,FEST,J,8,PINASCA,12.50
C0259,275/282,78,FEST,J,9,PEROSA ARG.-pzza Terzo Alpini (Arrivo),12.54
C0259,275/282,78,FEST,J,10,PEROSA ARG.-pzza Terzo Alpini (Partenza),12.54
C0259,275/282,78,FEST,J,11,FENESTRELLE - via Nazionale,13.24
C0259,275/282,78,FEST,J,12,PRAGELATO,13.44
C0259,275/282,78,FEST,J,13,SESTRIERE,14.04
C0259,275/282,78,FEST,J,14,CESANA TORINESE,14.29
C0259,275/282,78,FEST,J,15,OULX - p.zza Garambois,14.46
C0259,275/282,78,FEST,J,16,OULX - Liceo,14.48
C0259,275/282,78,FEST,J,17,OULX - Stazione FS,14.49
C0260,275/282,123456,FER,,1,TORINO - Porta Susa,11.41
C0260,275/282,123456,FER,,2,TORINO - Porta Nuova,11.46
C0260,275/282,123456,FER,,3,STUPINIGI - Palazzina di Caccia,D
C0260,275/282,123456,FER,,4,CANDIOLO IRCCS-Centro Ricerche,I
C0260,275/282,123456,FER,,5,NONE Bivio,R
C0260,275/282,123456,FER,,6,RIVA di Pinerolo,12.34
C0260,275/282,123456,FER,,7,PINEROLO - c.so Torino-MACUMBA,12.40
C0260,275/282,123456,FER,,8,PINEROLO - Movicentro,12.48
C0260,275/282,123456,FER,,9,PINEROLO - piazza Cavour,12.50
C0260,275/282,123456,FER,,10,PONTE LEMINA,12.53
C0260,275/282,123456,FER,,11,ABBADIA ALPINA,12.54
C0260,275/282,123456,FER,,12,S. MARTINO,13.00
C0260,275/282,123456,FER,,13,PORTE,13.02
C0260,275/282,123456,FER,,14,VILLAR PEROSA - via Nazionale,13.10
C0260,275/282,123456,FER,,15,DUBBIONE - via Nazionale,13.15
C0260,275/282,123456,FER,,16,PINASCA,13.16
C0260,275/282,123456,FER,,17,PEROSA ARG.-pzza Terzo Alpini (Arrivo),13.20
C0260,275/282,123456,FER,,18,PEROSA ARG.-pzza Terzo Alpini (Partenza),13.20
C0260,275/282,123456,FER,,19,FENESTRELLE - via Nazionale,13.50
C0260,275/282,123456,FER,,20,PRAGELATO,14.10
C0260,275/282,123456,FER,,21,SESTRIERE,14.30
C0260,275/282,123456,FER,,22,CESANA TORINESE,14.55
C0260,275/282,123456,FER,,23,OULX - p.zza Garambois,15.12
C0260,275/282,123456,FER,,24,OULX - Liceo,15.14
C0260,275/282,123456,FER,,25,OULX - Stazione FS,15.15
C0261,275/282,12345,FER,A,1,TORINO - Porta Susa,12.03
C0261,275/282,12345,FER,A,2,TORINO - Porta Nuova,12.08
C0261,275/282,12345,FER,A,3,STUPINIGI - Palazzina di Caccia,12.38
C0261,275/282,12345,FER,A,4,CANDIOLO IRCCS-Centro Ricerche,12.46
C0261,275/282,12345,FER,A,5,NONE Bivio,12.51
C0261,275/282,12345,FER,A,6,AIRASCA,12.56
C0261,275/282,12345,FER,A,7,Bivio BOTTEGHE,12.59
C0261,275/282,12345,FER,A,8,RIVA di Pinerolo,13.04
C0261,275/282,12345,FER,A,9,PINEROLO - c.so Torino-MACUMBA,13.10
C0261,275/282,12345,FER,A,10,PINEROLO - Movicentro,13.18
C0261,275/282,12345,FER,A,11,PINEROLO - piazza Cavour,13.20
C0261,275/282,12345,FER,A,12,PONTE LEMINA,13.23
C0261,275/282,12345,FER,A,13,ABBADIA ALPINA,13.24
C0261,275/282,12345,FER,A,14,S. MARTINO,13.30
C0261,275/282,12345,FER,A,15,PORTE,13.32
C0261,275/282,12345,FER,A,16,VILLAR PEROSA - via Nazionale,13.40
C0261,275/282,12345,FER,A,17,DUBBIONE - via Nazionale,13.45
C0261,275/282,12345,FER,A,18,PINASCA,13.46
C0261,275/282,12345,FER,A,19,PEROSA ARG.-pzza Terzo Alpini (Arrivo),13.50
C0262,275/282,6,FER,A,1,TORINO - Porta Susa,12.31
C0262,275/282,6,FER,A,2,TORINO - Porta Nuova,12.36
C0262,275/282,6,FER,A,3,STUPINIGI - Palazzina di Caccia,D
C0262,275/282,6,FER,A,4,CANDIOLO IRCCS-Centro Ricerche,I
C0262,275/282,6,FER,A,5,NONE Bivio,R
C0262,275/282,6,FER,A,6,RIVA di Pinerolo,13.24
C0262,275/282,6,FER,A,7,PINEROLO Centro Studi,13.30
C0262,275/282,6,FER,A,8,PINEROLO - c.so Torino-MACUMBA,13:29
C0262,275/282,6,FER,A,9,PINEROLO - Movicentro,13.38
C0262,275/282,6,FER,A,10,PINEROLO - piazza Cavour,13.40
C0262,275/282,6,FER,A,11,PONTE LEMINA,13.43
C0262,275/282,6,FER,A,12,ABBADIA ALPINA,13.44
C0262,275/282,6,FER,A,13,S. MARTINO,13.50
C0262,275/282,6,FER,A,14,PORTE,13.52
C0262,275/282,6,FER,A,15,VILLAR PEROSA - via Nazionale,14.00
C0262,275/282,6,FER,A,16,DUBBIONE - via Nazionale,14.05
C0262,275/282,6,FER,A,17,PINASCA,14.06
C0262,275/282,6,FER,A,18,PEROSA ARG.-pzza Terzo Alpini (Arrivo),14.10
C0262,275/282,6,FER,A,19,PEROSA ARG.-pzza Terzo Alpini (Partenza),14.10
C0262,275/282,6,FER,A,20,FENESTRELLE - via Nazionale,14:40
C0262,275/282,6,FER,A,21,PRAGELATO,15:00
C0262,275/282,6,FER,A,22,SESTRIERE,15:20
C0263,275/282,123456,FER,A,1,PINEROLO - Movicentro,13.48
C0263,275/282,123456,FER,A,2,PINEROLO - piazza Cavour,13.50
C0263,275/282,123456,FER,A,3,PONTE LEMINA,13.53
C0263,275/282,123456,FER,A,4,ABBADIA ALPINA,13.54
C0263,275/282,123456,FER,A,5,S. MARTINO,14.00
C0263,275/282,123456,FER,A,6,PORTE,14.02
C0263,275/282,123456,FER,A,7,VILLAR PEROSA - via Nazionale,14.10
C0263,275/282,123456,FER,A,8,DUBBIONE - via Nazionale,14.15
C0263,275/282,123456,FER,A,9,PINASCA,14.16
C0263,275/282,123456,FER,A,10,PEROSA ARG.-pzza Terzo Alpini (Arrivo),14.20
C0264,275/282,12345,FER,A,1,TORINO - Porta Susa,12.41
C0264,275/282,12345,FER,A,2,TORINO - Porta Nuova,12.46
C0264,275/282,12345,FER,A,3,STUPINIGI - Palazzina di Caccia,D
C0264,275/282,12345,FER,A,4,CANDIOLO IRCCS-Centro Ricerche,I
C0264,275/282,12345,FER,A,5,NONE Bivio,R
C0264,275/282,12345,FER,A,6,RIVA di Pinerolo,13.34
C0264,275/282,12345,FER,A,7,PINEROLO - c.so Torino-MACUMBA,13.40
C0264,275/282,12345,FER,A,8,PINEROLO - Movicentro,13.48
C0264,275/282,12345,FER,A,9,PINEROLO - piazza Cavour,13.50
C0264,275/282,12345,FER,A,10,PONTE LEMINA,13.53
C0264,275/282,12345,FER,A,11,ABBADIA ALPINA,13.54
C0264,275/282,12345,FER,A,12,S. MARTINO,14.00
C0264,275/282,12345,FER,A,13,PORTE,14.02
C0264,275/282,12345,FER,A,14,VILLAR PEROSA - via Nazionale,14.10
C0264,275/282,12345,FER,A,15,DUBBIONE - via Nazionale,14.15
C0264,275/282,12345,FER,A,16,PINASCA,14.16
C0264,275/282,12345,FER,A,17,PEROSA ARG.-pzza Terzo Alpini (Arrivo),14.20
C0264,275/282,12345,FER,A,18,PEROSA ARG.-pzza Terzo Alpini (Partenza),14.20
C0264,275/282,12345,FER,A,19,FENESTRELLE - via Nazionale,14.50
C0264,275/282,12345,FER,A,20,PRAGELATO,15.10
C0264,275/282,12345,FER,A,21,SESTRIERE,15.30
C0265,275/282,12345,FER,A,1,TORINO - Porta Susa,13.03
C0265,275/282,12345,FER,A,2,TORINO - Porta Nuova,13.08
C0265,275/282,12345,FER,A,3,STUPINIGI - Palazzina di Caccia,13.36
C0265,275/282,12345,FER,A,4,CANDIOLO IRCCS-Centro Ricerche,13.46
C0265,275/282,12345,FER,A,5,NONE Bivio,13.51
C0265,275/282,12345,FER,A,6,AIRASCA,13.56
C0265,275/282,12345,FER,A,7,Bivio BOTTEGHE,13.59
C0265,275/282,12345,FER,A,8,RIVA di Pinerolo,14.04
C0265,275/282,12345,FER,A,9,PINEROLO - c.so Torino-MACUMBA,14.10
C0265,275/282,12345,FER,A,10,PINEROLO - Movicentro,14.18
C0265,275/282,12345,FER,A,11,PINEROLO - piazza Cavour,14.20
C0265,275/282,12345,FER,A,12,PONTE LEMINA,14.23
C0265,275/282,12345,FER,A,13,ABBADIA ALPINA,14.24
C0265,275/282,12345,FER,A,14,S. MARTINO,14.30
C0265,275/282,12345,FER,A,15,PORTE,14.32
C0265,275/282,12345,FER,A,16,VILLAR PEROSA - via Nazionale,14.40
C0265,275/282,12345,FER,A,17,DUBBIONE - via Nazionale,14.45
C0265,275/282,12345,FER,A,18,PINASCA,14.46
C0265,275/282,12345,FER,A,19,PEROSA ARG.-pzza Terzo Alpini (Arrivo),14.50
C0266,275/282,78,FEST,J,1,PINEROLO - piazza Cavour,14.24
C0266,275/282,78,FEST,J,2,PONTE LEMINA,14.27
C0266,275/282,78,FEST,J,3,ABBADIA ALPINA,14.28
C0266,275/282,78,FEST,J,4,S. MARTINO,14.34
C0266,275/282,78,FEST,J,5,PORTE,14.36
C0266,275/282,78,FEST,J,6,VILLAR PEROSA - via Nazionale,14.44
C0266,275/282,78,FEST,J,7,DUBBIONE - via Nazionale,14.49
C0266,275/282,78,FEST,J,8,PINASCA,14.50
C0266,275/282,78,FEST,J,9,PEROSA ARG.-pzza Terzo Alpini (Arrivo),14.54
C0266,275/282,78,FEST,J,10,PEROSA ARG.-pzza Terzo Alpini (Partenza),14.54
C0266,275/282,78,FEST,J,11,FENESTRELLE - via Nazionale,15.24
C0266,275/282,78,FEST,J,12,PRAGELATO,15.44
C0266,275/282,78,FEST,J,13,SESTRIERE,16.04
C0266,275/282,78,FEST,J,14,CESANA TORINESE,16.29
C0266,275/282,78,FEST,J,15,OULX - p.zza Garambois,16.46
C0266,275/282,78,FEST,J,16,OULX - Liceo,16.48
C0266,275/282,78,FEST,J,17,OULX - Stazione FS,16.49
C0267,275/282,12345,FER,A,1,TORINO - Porta Susa,13.33
C0267,275/282,12345,FER,A,2,TORINO - Porta Nuova,13.38
C0267,275/282,12345,FER,A,3,STUPINIGI - Palazzina di Caccia,14.06
C0267,275/282,12345,FER,A,4,CANDIOLO IRCCS-Centro Ricerche,14.16
C0267,275/282,12345,FER,A,5,NONE Bivio,14.21
C0267,275/282,12345,FER,A,6,AIRASCA,14.26
C0267,275/282,12345,FER,A,7,Bivio BOTTEGHE,14.29
C0267,275/282,12345,FER,A,8,RIVA di Pinerolo,14.34
C0267,275/282,12345,FER,A,9,PINEROLO - c.so Torino-MACUMBA,14.40
C0267,275/282,12345,FER,A,10,PINEROLO - Movicentro,14.44
C0268,275/282,123456,FER,,1,TORINO - Porta Susa,13.41
C0268,275/282,123456,FER,,2,TORINO - Porta Nuova,13.46
C0268,275/282,123456,FER,,3,STUPINIGI - Palazzina di Caccia,D
C0268,275/282,123456,FER,,4,CANDIOLO IRCCS-Centro Ricerche,I
C0268,275/282,123456,FER,,5,NONE Bivio,R
C0268,275/282,123456,FER,,6,RIVA di Pinerolo,14.34
C0268,275/282,123456,FER,,7,PINEROLO - c.so Torino-MACUMBA,14.40
C0268,275/282,123456,FER,,8,PINEROLO - Movicentro,14.48
C0268,275/282,123456,FER,,9,PINEROLO - piazza Cavour,14.50
C0268,275/282,123456,FER,,10,PONTE LEMINA,14.53
C0268,275/282,123456,FER,,11,ABBADIA ALPINA,14.54
C0268,275/282,123456,FER,,12,S. MARTINO,15.00
C0268,275/282,123456,FER,,13,PORTE,15.02
C0268,275/282,123456,FER,,14,VILLAR PEROSA - via Nazionale,15.10
C0268,275/282,123456,FER,,15,DUBBIONE - via Nazionale,15.15
C0268,275/282,123456,FER,,16,PINASCA,15.16
C0268,275/282,123456,FER,,17,PEROSA ARG.-pzza Terzo Alpini (Arrivo),15.20
C0268,275/282,123456,FER,,18,PEROSA ARG.-pzza Terzo Alpini (Partenza),15.20
C0268,275/282,123456,FER,,19,FENESTRELLE - via Nazionale,15.50
C0268,275/282,123456,FER,,20,PRAGELATO,16.10
C0268,275/282,123456,FER,,21,SESTRIERE,16.30
C0268,275/282,123456,FER,,22,CESANA TORINESE,16.55
C0268,275/282,123456,FER,,23,OULX - p.zza Garambois,17.12
C0268,275/282,123456,FER,,24,OULX - Liceo,17.14
C0268,275/282,123456,FER,,25,OULX - Stazione FS,17.15
C0269,275/282,12345,FER,A,1,TORINO - Porta Susa,14.03
C0269,275/282,12345,FER,A,2,TORINO - Porta Nuova,14.08
C0269,275/282,12345,FER,A,3,STUPINIGI - Palazzina di Caccia,14.36
C0269,275/282,12345,FER,A,4,CANDIOLO IRCCS-Centro Ricerche,14.46
C0269,275/282,12345,FER,A,5,NONE Bivio,14.51
C0269,275/282,12345,FER,A,6,AIRASCA,14.56
C0269,275/282,12345,FER,A,7,Bivio BOTTEGHE,14.59
C0269,275/282,12345,FER,A,8,RIVA di Pinerolo,15.04
C0269,275/282,12345,FER,A,9,PINEROLO - c.so Torino-MACUMBA,15.10
C0269,275/282,12345,FER,A,10,PINEROLO - Movicentro,15.18
C0269,275/282,12345,FER,A,11,PINEROLO - piazza Cavour,15.20
C0269,275/282,12345,FER,A,12,PONTE LEMINA,15.23
C0269,275/282,12345,FER,A,13,ABBADIA ALPINA,15.24
C0269,275/282,12345,FER,A,14,S. MARTINO,15.30
C0269,275/282,12345,FER,A,15,PORTE,15.32
C0269,275/282,12345,FER,A,16,VILLAR PEROSA - via Nazionale,15.40
C0269,275/282,12345,FER,A,17,DUBBIONE - via Nazionale,15.45
C0269,275/282,12345,FER,A,18,PINASCA,15.46
C0269,275/282,12345,FER,A,19,PEROSA ARG.-pzza Terzo Alpini (Arrivo),15.50
C0270,275/282,78,FEST,J,1,TORINO - Porta Susa,14.03
C0270,275/282,78,FEST,J,2,TORINO - Porta Nuova,14.08
C0270,275/282,78,FEST,J,3,STUPINIGI - Palazzina di Caccia,14.36
C0270,275/282,78,FEST,J,4,CANDIOLO IRCCS-Centro Ricerche,14.46
C0270,275/282,78,FEST,J,5,NONE Bivio,14.51
C0270,275/282,78,FEST,J,6,AIRASCA,14.56
C0270,275/282,78,FEST,J,7,Bivio BOTTEGHE,14.59
C0270,275/282,78,FEST,J,8,RIVA di Pinerolo,15.04
C0270,275/282,78,FEST,J,9,PINEROLO - c.so Torino-MACUMBA,15.10
C0270,275/282,78,FEST,J,10,PINEROLO - Movicentro,15.18
C0270,275/282,78,FEST,J,11,PINEROLO - piazza Cavour,15.20
C0270,275/282,78,FEST,J,12,PONTE LEMINA,15.23
C0270,275/282,78,FEST,J,13,ABBADIA ALPINA,15.24
C0270,275/282,78,FEST,J,14,S. MARTINO,15.30
C0270,275/282,78,FEST,J,15,PORTE,15.32
C0270,275/282,78,FEST,J,16,VILLAR PEROSA - via Nazionale,15.40
C0270,275/282,78,FEST,J,17,DUBBIONE - via Nazionale,15.45
C0270,275/282,78,FEST,J,18,PINASCA,15.46
C0270,275/282,78,FEST,J,19,PEROSA ARG.-pzza Terzo Alpini (Arrivo),15.50
C0271,275/282,123456,FER,,1,TORINO - Porta Susa,14.41
C0271,275/282,123456,FER,,2,TORINO - Porta Nuova,14.46
C0271,275/282,123456,FER,,3,STUPINIGI - Palazzina di Caccia,D
C0271,275/282,123456,FER,,4,CANDIOLO IRCCS-Centro Ricerche,I
C0271,275/282,123456,FER,,5,NONE Bivio,R
C0271,275/282,123456,FER,,6,RIVA di Pinerolo,15.34
C0271,275/282,123456,FER,,7,PINEROLO - c.so Torino-MACUMBA,15.40
C0271,275/282,123456,FER,,8,PINEROLO - Movicentro,15.48
C0271,275/282,123456,FER,,9,PINEROLO - piazza Cavour,15.50
C0271,275/282,123456,FER,,10,PONTE LEMINA,15.53
C0271,275/282,123456,FER,,11,ABBADIA ALPINA,15.54
C0271,275/282,123456,FER,,12,S. MARTINO,16.00
C0271,275/282,123456,FER,,13,PORTE,16.02
C0271,275/282,123456,FER,,14,VILLAR PEROSA - via Nazionale,16.10
C0271,275/282,123456,FER,,15,DUBBIONE - via Nazionale,16.15
C0271,275/282,123456,FER,,16,PINASCA,16.16
C0271,275/282,123456,FER,,17,PEROSA ARG.-pzza Terzo Alpini (Arrivo),16.20
C0272,275/282,123456,FER,,1,TORINO - Porta Susa,15.03
C0272,275/282,123456,FER,,2,TORINO - Porta Nuova,15.08
C0272,275/282,123456,FER,,3,STUPINIGI - Palazzina di Caccia,15.36
C0272,275/282,123456,FER,,4,CANDIOLO IRCCS-Centro Ricerche,15.46
C0272,275/282,123456,FER,,5,NONE Bivio,15.51
C0272,275/282,123456,FER,,6,AIRASCA,15.56
C0272,275/282,123456,FER,,7,Bivio BOTTEGHE,15.59
C0272,275/282,123456,FER,,8,RIVA di Pinerolo,16.04
C0272,275/282,123456,FER,,9,PINEROLO - c.so Torino-MACUMBA,16.10
C0272,275/282,123456,FER,,10,PINEROLO - Movicentro,16.18
C0272,275/282,123456,FER,,11,PINEROLO - piazza Cavour,16.20
C0273,275/282,12345,FER,A,1,PINEROLO - piazza Cavour,16.20
C0273,275/282,12345,FER,A,2,PONTE LEMINA,16.23
C0273,275/282,12345,FER,A,3,ABBADIA ALPINA,16.24
C0273,275/282,12345,FER,A,4,S. MARTINO,16.30
C0273,275/282,12345,FER,A,5,PORTE,16.32
C0273,275/282,12345,FER,A,6,VILLAR PEROSA - via Nazionale,16.40
C0274,275/282,12345,FER,A,1,TORINO - Porta Susa,15.11
C0274,275/282,12345,FER,A,2,TORINO - Porta Nuova,15.16
C0274,275/282,12345,FER,A,3,STUPINIGI - Palazzina di Caccia,D
C0274,275/282,12345,FER,A,4,CANDIOLO IRCCS-Centro Ricerche,I
C0274,275/282,12345,FER,A,5,NONE Bivio,R
C0274,275/282,12345,FER,A,6,RIVA di Pinerolo,16.04
C0274,275/282,12345,FER,A,7,PINEROLO - c.so Torino-MACUMBA,16.10
C0274,275/282,12345,FER,A,8,PINEROLO - Movicentro,16.18
C0274,275/282,12345,FER,A,9,PINEROLO - piazza Cavour,16.20
C0274,275/282,12345,FER,A,10,PONTE LEMINA,16.23
C0274,275/282,12345,FER,A,11,ABBADIA ALPINA,16.24
C0274,275/282,12345,FER,A,12,S. MARTINO,16.30
C0274,275/282,12345,FER,A,13,PORTE,16.32
C0274,275/282,12345,FER,A,14,VILLAR PEROSA - via Nazionale,16.40
C0274,275/282,12345,FER,A,15,DUBBIONE - via Nazionale,16.45
C0274,275/282,12345,FER,A,16,PINASCA,16.46
C0274,275/282,12345,FER,A,17,PEROSA ARG.-pzza Terzo Alpini (Arrivo),16.50
C0275,275/282,78,FEST,J,1,TORINO - Porta Susa,15.15
C0275,275/282,78,FEST,J,2,TORINO - Porta Nuova,15.20
C0275,275/282,78,FEST,J,3,STUPINIGI - Palazzina di Caccia,D
C0275,275/282,78,FEST,J,4,CANDIOLO IRCCS-Centro Ricerche,I
C0275,275/282,78,FEST,J,5,NONE Bivio,R
C0275,275/282,78,FEST,J,6,RIVA di Pinerolo,16.08
C0275,275/282,78,FEST,J,7,PINEROLO - c.so Torino-MACUMBA,16.14
C0275,275/282,78,FEST,J,8,PINEROLO - Movicentro,16.22
C0275,275/282,78,FEST,J,9,PINEROLO - piazza Cavour,16.24
C0275,275/282,78,FEST,J,10,PONTE LEMINA,16.27
C0275,275/282,78,FEST,J,11,ABBADIA ALPINA,16.28
C0275,275/282,78,FEST,J,12,S. MARTINO,16.34
C0275,275/282,78,FEST,J,13,PORTE,16.36
C0275,275/282,78,FEST,J,14,VILLAR PEROSA - via Nazionale,16.44
C0275,275/282,78,FEST,J,15,DUBBIONE - via Nazionale,16.49
C0275,275/282,78,FEST,J,16,PINASCA,16.50
C0275,275/282,78,FEST,J,17,PEROSA ARG.-pzza Terzo Alpini (Arrivo),16.54
C0275,275/282,78,FEST,J,18,PEROSA ARG.-pzza Terzo Alpini (Partenza),16.54
C0275,275/282,78,FEST,J,19,FENESTRELLE - via Nazionale,17.24
C0275,275/282,78,FEST,J,20,PRAGELATO,17.44
C0275,275/282,78,FEST,J,21,SESTRIERE,18.04
C0276,275/282,78,FEST,#,1,SESTRIERE,18.04
C0276,275/282,78,FEST,#,2,CESANA TORINESE,18.29
C0276,275/282,78,FEST,#,3,OULX - p.zza Garambois,18.46
C0276,275/282,78,FEST,#,4,OULX - Liceo,18.48
C0276,275/282,78,FEST,#,5,OULX - Stazione FS,18.49
C0277,275/282,12345,FER,A,1,TORINO - Porta Susa,15.41
C0277,275/282,12345,FER,A,2,TORINO - Porta Nuova,15.46
C0277,275/282,12345,FER,A,3,STUPINIGI - Palazzina di Caccia,D
C0277,275/282,12345,FER,A,4,CANDIOLO IRCCS-Centro Ricerche,I
C0277,275/282,12345,FER,A,5,NONE Bivio,R
C0277,275/282,12345,FER,A,6,RIVA di Pinerolo,16.34
C0277,275/282,12345,FER,A,7,PINEROLO - c.so Torino-MACUMBA,16.40
C0277,275/282,12345,FER,A,8,PINEROLO - Movicentro,16.48
C0277,275/282,12345,FER,A,9,PINEROLO - piazza Cavour,16.50
C0277,275/282,12345,FER,A,10,PONTE LEMINA,16.53
C0277,275/282,12345,FER,A,11,ABBADIA ALPINA,16.54
C0277,275/282,12345,FER,A,12,S. MARTINO,17.00
C0277,275/282,12345,FER,A,13,PORTE,17.02
C0277,275/282,12345,FER,A,14,VILLAR PEROSA - via Nazionale,17.10
C0277,275/282,12345,FER,A,15,DUBBIONE - via Nazionale,17.15
C0277,275/282,12345,FER,A,16,PINASCA,17.16
C0277,275/282,12345,FER,A,17,PEROSA ARG.-pzza Terzo Alpini (Arrivo),17.20
C0278,275/282,12345,FER,A,1,TORINO - Porta Susa,16.03
C0278,275/282,12345,FER,A,2,TORINO - Porta Nuova,16.08
C0278,275/282,12345,FER,A,3,TORINO - Piazza Carducci,16.16
C0278,275/282,12345,FER,A,4,STUPINIGI - Palazzina di Caccia,16.36
C0278,275/282,12345,FER,A,5,CANDIOLO IRCCS-Centro Ricerche,16.46
C0278,275/282,12345,FER,A,6,NONE Bivio,16.51
C0278,275/282,12345,FER,A,7,AIRASCA,16.56
C0278,275/282,12345,FER,A,8,Bivio BOTTEGHE,16.59
C0278,275/282,12345,FER,A,9,RIVA di Pinerolo,17.04
C0278,275/282,12345,FER,A,10,PINEROLO - c.so Torino-MACUMBA,17.10
C0278,275/282,12345,FER,A,11,PINEROLO - Movicentro,17.18
C0278,275/282,12345,FER,A,12,PINEROLO - piazza Cavour,17.20
C0278,275/282,12345,FER,A,13,PONTE LEMINA,17.23
C0278,275/282,12345,FER,A,14,ABBADIA ALPINA,17.24
C0278,275/282,12345,FER,A,15,S. MARTINO,17.30
C0278,275/282,12345,FER,A,16,PORTE,17.32
C0278,275/282,12345,FER,A,17,VILLAR PEROSA - via Nazionale,17.40
C0278,275/282,12345,FER,A,18,DUBBIONE - via Nazionale,17.45
C0278,275/282,12345,FER,A,19,PINASCA,17.46
C0278,275/282,12345,FER,A,20,PEROSA ARG.-pzza Terzo Alpini (Arrivo),17.50
C0279,275/282,6,FER,A,1,TORINO - Porta Susa,16.03
C0279,275/282,6,FER,A,2,TORINO - Porta Nuova,16.08
C0279,275/282,6,FER,A,3,TORINO - Piazza Carducci,16.16
C0279,275/282,6,FER,A,4,STUPINIGI - Palazzina di Caccia,16.36
C0279,275/282,6,FER,A,5,CANDIOLO IRCCS-Centro Ricerche,16.46
C0279,275/282,6,FER,A,6,NONE Bivio,16.51
C0279,275/282,6,FER,A,7,AIRASCA,16.56
C0279,275/282,6,FER,A,8,Bivio BOTTEGHE,16.59
C0279,275/282,6,FER,A,9,RIVA di Pinerolo,17.04
C0279,275/282,6,FER,A,10,PINEROLO - c.so Torino-MACUMBA,17.10
C0279,275/282,6,FER,A,11,PINEROLO - Movicentro,17.18
C0279,275/282,6,FER,A,12,PINEROLO - piazza Cavour,17.20
C0280,275/282,12345,FER,A,1,TORINO - Porta Susa,16.15
C0280,275/282,12345,FER,A,2,TORINO - Porta Nuova,16.22
C0280,275/282,12345,FER,A,3,STUPINIGI - Palazzina di Caccia,D
C0280,275/282,12345,FER,A,4,CANDIOLO IRCCS-Centro Ricerche,I
C0280,275/282,12345,FER,A,5,NONE Bivio,R
C0280,275/282,12345,FER,A,6,RIVA di Pinerolo,17:10
C0280,275/282,12345,FER,A,7,PINEROLO - c.so Torino-MACUMBA,17:16
C0280,275/282,12345,FER,A,8,PINEROLO - piazza Cavour,17:27
C0280,275/282,12345,FER,A,9,PONTE LEMINA,P
C0280,275/282,12345,FER,A,10,ABBADIA ALPINA,E
C0280,275/282,12345,FER,A,11,S. MARTINO,R
C0280,275/282,12345,FER,A,12,VILLAR PEROSA - via Nazionale,O
C0280,275/282,12345,FER,A,13,DUBBIONE - via Nazionale,R
C0280,275/282,12345,FER,A,14,PINASCA,R
C0280,275/282,12345,FER,A,15,PEROSA ARG.-pzza Terzo Alpini (Arrivo),E
C0280,275/282,12345,FER,A,16,PEROSA ARG.-pzza Terzo Alpini (Partenza),F
C0280,275/282,12345,FER,A,17,FENESTRELLE - via Nazionale,S
C0281,275/282,12345,FER,#,1,TORINO - Porta Susa,16.33
C0281,275/282,12345,FER,#,2,TORINO - Porta Nuova,16.38
C0281,275/282,12345,FER,#,3,STUPINIGI - Palazzina di Caccia,17.06
C0281,275/282,12345,FER,#,4,CANDIOLO IRCCS-Centro Ricerche,17.16
C0281,275/282,12345,FER,#,5,NONE Bivio,17.21
C0281,275/282,12345,FER,#,6,AIRASCA,17.26
C0281,275/282,12345,FER,#,7,Bivio BOTTEGHE,17.29
C0281,275/282,12345,FER,#,8,RIVA di Pinerolo,17.34
C0281,275/282,12345,FER,#,9,PINEROLO - c.so Torino-MACUMBA,17.40
C0281,275/282,12345,FER,#,10,PINEROLO - Movicentro,17.44
C0282,275/282,123456,FER,,1,TORINO - Porta Susa,16:31
C0282,275/282,123456,FER,,2,TORINO - Porta Nuova,16:36
C0282,275/282,123456,FER,,3,STUPINIGI - Palazzina di Caccia,D
C0282,275/282,123456,FER,,4,CANDIOLO IRCCS-Centro Ricerche,I
C0282,275/282,123456,FER,,5,NONE Bivio,R
C0282,275/282,123456,FER,,6,RIVA di Pinerolo,17:35
C0282,275/282,123456,FER,,7,PINEROLO - c.so Torino-MACUMBA,17:40
C0282,275/282,123456,FER,,8,PINEROLO - Movicentro,17.48
C0282,275/282,123456,FER,,9,PINEROLO - piazza Cavour,17.50
C0282,275/282,123456,FER,,10,PONTE LEMINA,17.53
C0282,275/282,123456,FER,,11,ABBADIA ALPINA,17.54
C0282,275/282,123456,FER,,12,S. MARTINO,18.00
C0282,275/282,123456,FER,,13,PORTE,18.02
C0282,275/282,123456,FER,,14,VILLAR PEROSA - via Nazionale,18.10
C0282,275/282,123456,FER,,15,DUBBIONE - via Nazionale,18.15
C0282,275/282,123456,FER,,16,PINASCA,18.16
C0282,275/282,123456,FER,,17,PEROSA ARG.-pzza Terzo Alpini (Arrivo),18.20
C0282,275/282,123456,FER,,18,PEROSA ARG.-pzza Terzo Alpini (Partenza),18.20
C0282,275/282,123456,FER,,19,FENESTRELLE - via Nazionale,18.50
C0282,275/282,123456,FER,,20,PRAGELATO,19.10
C0282,275/282,123456,FER,,21,SESTRIERE,19.30
C0282,275/282,123456,FER,,22,CESANA TORINESE,19.55
C0282,275/282,123456,FER,,23,OULX - p.zza Garambois,20.12
C0282,275/282,123456,FER,,24,OULX - Liceo,20.14
C0282,275/282,123456,FER,,25,OULX - Stazione FS,20.15
C0283,275/282,12345,FER,A,1,TORINO - Porta Susa,17.03
C0283,275/282,12345,FER,A,2,TORINO - Porta Nuova,17.08
C0283,275/282,12345,FER,A,3,STUPINIGI - Palazzina di Caccia,17.36
C0283,275/282,12345,FER,A,4,CANDIOLO IRCCS-Centro Ricerche,17.46
C0283,275/282,12345,FER,A,5,NONE Bivio,17.51
C0283,275/282,12345,FER,A,6,AIRASCA,17.56
C0283,275/282,12345,FER,A,7,Bivio BOTTEGHE,17.59
C0283,275/282,12345,FER,A,8,RIVA di Pinerolo,18.04
C0283,275/282,12345,FER,A,9,PINEROLO - c.so Torino-MACUMBA,18.10
C0283,275/282,12345,FER,A,10,PINEROLO - Movicentro,18.18
C0283,275/282,12345,FER,A,11,PINEROLO - piazza Cavour,18.20
C0283,275/282,12345,FER,A,12,PONTE LEMINA,18.23
C0283,275/282,12345,FER,A,13,ABBADIA ALPINA,18.24
C0283,275/282,12345,FER,A,14,S. MARTINO,18.30
C0283,275/282,12345,FER,A,15,PORTE,18.32
C0283,275/282,12345,FER,A,16,VILLAR PEROSA - via Nazionale,18.40
C0283,275/282,12345,FER,A,17,DUBBIONE - via Nazionale,18.45
C0283,275/282,12345,FER,A,18,PINASCA,18.46
C0283,275/282,12345,FER,A,19,PEROSA ARG.-pzza Terzo Alpini (Arrivo),18.50
C0284,275/282,12345,FER,A,1,TORINO - Porta Susa,17:15
C0284,275/282,12345,FER,A,2,TORINO - Porta Nuova,17:20
C0284,275/282,12345,FER,A,3,STUPINIGI - Palazzina di Caccia,D
C0284,275/282,12345,FER,A,4,CANDIOLO IRCCS-Centro Ricerche,I
C0284,275/282,12345,FER,A,5,NONE Bivio,R
C0284,275/282,12345,FER,A,6,RIVA di Pinerolo,18:08
C0284,275/282,12345,FER,A,7,PINEROLO - c.so Torino-MACUMBA,18:14
C0284,275/282,12345,FER,A,8,PINEROLO - Movicentro,18:22
C0284,275/282,12345,FER,A,9,PINEROLO - piazza Cavour,18:24
C0285,275/282,78,FEST,J,1,TORINO - Porta Susa,17.15
C0285,275/282,78,FEST,J,2,TORINO - Porta Nuova,17.20
C0285,275/282,78,FEST,J,3,STUPINIGI - Palazzina di Caccia,D
C0285,275/282,78,FEST,J,4,CANDIOLO IRCCS-Centro Ricerche,I
C0285,275/282,78,FEST,J,5,NONE Bivio,R
C0285,275/282,78,FEST,J,6,RIVA di Pinerolo,18.08
C0285,275/282,78,FEST,J,7,PINEROLO - c.so Torino-MACUMBA,18.14
C0285,275/282,78,FEST,J,8,PINEROLO - Movicentro,18.22
C0285,275/282,78,FEST,J,9,PINEROLO - piazza Cavour,18.24
C0285,275/282,78,FEST,J,10,PONTE LEMINA,18.27
C0285,275/282,78,FEST,J,11,ABBADIA ALPINA,18.28
C0285,275/282,78,FEST,J,12,S. MARTINO,18.34
C0285,275/282,78,FEST,J,13,PORTE,18.36
C0285,275/282,78,FEST,J,14,VILLAR PEROSA - via Nazionale,18.44
C0285,275/282,78,FEST,J,15,DUBBIONE - via Nazionale,18.49
C0285,275/282,78,FEST,J,16,PINASCA,18.50
C0285,275/282,78,FEST,J,17,PEROSA ARG.-pzza Terzo Alpini (Arrivo),18.54
C0285,275/282,78,FEST,J,18,PEROSA ARG.-pzza Terzo Alpini (Partenza),18.54
C0285,275/282,78,FEST,J,19,FENESTRELLE - via Nazionale,19.24
C0285,275/282,78,FEST,J,20,PRAGELATO,19.44
C0285,275/282,78,FEST,J,21,SESTRIERE,20.04
C0285,275/282,78,FEST,J,22,CESANA TORINESE,20.29
C0285,275/282,78,FEST,J,23,OULX - p.zza Garambois,20.46
C0285,275/282,78,FEST,J,24,OULX - Liceo,20.48
C0285,275/282,78,FEST,J,25,OULX - Stazione FS,20.49
C0286,275/282,12345,FER,A,1,TORINO - Porta Susa,17.33
C0286,275/282,12345,FER,A,2,TORINO - Porta Nuova,17.38
C0286,275/282,12345,FER,A,3,STUPINIGI - Palazzina di Caccia,18.06
C0286,275/282,12345,FER,A,4,CANDIOLO IRCCS-Centro Ricerche,18.16
C0286,275/282,12345,FER,A,5,NONE Bivio,18.21
C0286,275/282,12345,FER,A,6,AIRASCA,18.26
C0286,275/282,12345,FER,A,7,Bivio BOTTEGHE,18.29
C0286,275/282,12345,FER,A,8,RIVA di Pinerolo,18.34
C0286,275/282,12345,FER,A,9,PINEROLO - c.so Torino-MACUMBA,18.40
C0286,275/282,12345,FER,A,10,PINEROLO - Movicentro,18.44
C0287,275/282,12345,FER,A,1,TORINO - Porta Susa,17.30
C0287,275/282,12345,FER,A,2,TORINO - Porta Nuova,17.35
C0287,275/282,12345,FER,A,3,STUPINIGI - Palazzina di Caccia,D
C0287,275/282,12345,FER,A,4,CANDIOLO IRCCS-Centro Ricerche,I
C0287,275/282,12345,FER,A,5,NONE Bivio,R
C0287,275/282,12345,FER,A,6,ABBADIA ALPINA,18:34
C0287,275/282,12345,FER,A,7,S. MARTINO,18:37
C0287,275/282,12345,FER,A,8,PORTE,18.38
C0287,275/282,12345,FER,A,9,VILLAR PEROSA - via Nazionale,18.46
C0287,275/282,12345,FER,A,10,DUBBIONE - via Nazionale,18.51
C0287,275/282,12345,FER,A,11,PINASCA,18.52
C0287,275/282,12345,FER,A,12,PEROSA ARG.-pzza Terzo Alpini (Arrivo),18.56
C0288,275/282,12345,FER,#,1,TORINO - Porta Susa,17.41
C0288,275/282,12345,FER,#,2,TORINO - Porta Nuova,17.46
C0288,275/282,12345,FER,#,3,STUPINIGI - Palazzina di Caccia,D
C0288,275/282,12345,FER,#,4,CANDIOLO IRCCS-Centro Ricerche,I
C0288,275/282,12345,FER,#,5,NONE Bivio,R
C0288,275/282,12345,FER,#,6,RIVA di Pinerolo,18.34
C0288,275/282,12345,FER,#,7,PINEROLO - c.so Torino-MACUMBA,18.40
C0288,275/282,12345,FER,#,8,PINEROLO - Movicentro,18.48
C0288,275/282,12345,FER,#,9,PINEROLO - piazza Cavour,18.50
C0288,275/282,12345,FER,#,10,PONTE LEMINA,18.53
C0288,275/282,12345,FER,#,11,ABBADIA ALPINA,18.54
C0288,275/282,12345,FER,#,12,S. MARTINO,19.00
C0288,275/282,12345,FER,#,13,PORTE,19.02
C0288,275/282,12345,FER,#,14,VILLAR PEROSA - via Nazionale,19.10
C0288,275/282,12345,FER,#,15,DUBBIONE - via Nazionale,19.15
C0288,275/282,12345,FER,#,16,PINASCA,19.16
C0288,275/282,12345,FER,#,17,PEROSA ARG.-pzza Terzo Alpini (Arrivo),19.20
C0289,275/282,12345,FER,A,1,PEROSA ARG.-pzza Terzo Alpini (Partenza),19.20
C0289,275/282,12345,FER,A,2,FENESTRELLE - via Nazionale,19.50
C0290,275/282,12345,FER,F,1,TORINO - Porta Susa,17.41
C0290,275/282,12345,FER,F,2,TORINO - Porta Nuova,17.46
C0290,275/282,12345,FER,F,3,TORINO - Piazza Carducci,17.54
C0290,275/282,12345,FER,F,4,STUPINIGI - Palazzina di Caccia,18.14
C0290,275/282,12345,FER,F,5,CANDIOLO IRCCS-Centro Ricerche,18.24
C0290,275/282,12345,FER,F,6,NONE Bivio,18.29
C0290,275/282,12345,FER,F,7,AIRASCA,18.34
C0290,275/282,12345,FER,F,8,Bivio BOTTEGHE,18.37
C0290,275/282,12345,FER,F,9,RIVA di Pinerolo,18.42
C0290,275/282,12345,FER,F,10,PINEROLO - c.so Torino-MACUMBA,18.48
C0290,275/282,12345,FER,F,11,PINEROLO - Movicentro,18.56
C0290,275/282,12345,FER,F,12,PINEROLO - piazza Cavour,18.58
C0290,275/282,12345,FER,F,13,PONTE LEMINA,19.01
C0290,275/282,12345,FER,F,14,ABBADIA ALPINA,19.02
C0290,275/282,12345,FER,F,15,S. MARTINO,19.08
C0290,275/282,12345,FER,F,16,PORTE,19.10
C0290,275/282,12345,FER,F,17,VILLAR PEROSA - via Nazionale,19.18
C0290,275/282,12345,FER,F,18,DUBBIONE - via Nazionale,19.23
C0290,275/282,12345,FER,F,19,PINASCA,19.24
C0290,275/282,12345,FER,F,20,PEROSA ARG.-pzza Terzo Alpini (Arrivo),19.28
C0290,275/282,12345,FER,F,21,PEROSA ARG.-pzza Terzo Alpini (Partenza),19.28
C0290,275/282,12345,FER,F,22,FENESTRELLE - via Nazionale,19.58
C0291,275/282,12345,FER,A,1,TORINO - Porta Susa,18.03
C0291,275/282,12345,FER,A,2,TORINO - Porta Nuova,18.08
C0291,275/282,12345,FER,A,3,STUPINIGI - Palazzina di Caccia,18.36
C0291,275/282,12345,FER,A,4,CANDIOLO IRCCS-Centro Ricerche,18.46
C0291,275/282,12345,FER,A,5,NONE Bivio,18.51
C0291,275/282,12345,FER,A,6,AIRASCA,18.56
C0291,275/282,12345,FER,A,7,Bivio BOTTEGHE,18.59
C0291,275/282,12345,FER,A,8,RIVA di Pinerolo,19.04
C0291,275/282,12345,FER,A,9,PINEROLO - c.so Torino-MACUMBA,19.10
C0291,275/282,12345,FER,A,10,PINEROLO - Movicentro,19.18
C0291,275/282,12345,FER,A,11,PINEROLO - piazza Cavour,19.20
C0291,275/282,12345,FER,A,12,PONTE LEMINA,19.23
C0291,275/282,12345,FER,A,13,ABBADIA ALPINA,19.24
C0291,275/282,12345,FER,A,14,S. MARTINO,19.30
C0291,275/282,12345,FER,A,15,PORTE,19.32
C0291,275/282,12345,FER,A,16,VILLAR PEROSA - via Nazionale,19.40
C0291,275/282,12345,FER,A,17,DUBBIONE - via Nazionale,19.45
C0291,275/282,12345,FER,A,18,PINASCA,19.46
C0291,275/282,12345,FER,A,19,PEROSA ARG.-pzza Terzo Alpini (Arrivo),19.50
C0292,275/282,12345,FER,A,1,TORINO - Porta Susa,18.33
C0292,275/282,12345,FER,A,2,TORINO - Porta Nuova,18.38
C0292,275/282,12345,FER,A,3,STUPINIGI - Palazzina di Caccia,19.06
C0292,275/282,12345,FER,A,4,CANDIOLO IRCCS-Centro Ricerche,19.16
C0292,275/282,12345,FER,A,5,NONE Bivio,19.21
C0292,275/282,12345,FER,A,6,AIRASCA,19.26
C0292,275/282,12345,FER,A,7,Bivio BOTTEGHE,19.29
C0292,275/282,12345,FER,A,8,RIVA di Pinerolo,19.34
C0292,275/282,12345,FER,A,9,PINEROLO - c.so Torino-MACUMBA,19.40
C0292,275/282,12345,FER,A,10,PINEROLO - Movicentro,19.44
C0293,275/282,123456,FER,,1,TORINO - Porta Susa,18.41
C0293,275/282,123456,FER,,2,TORINO - Porta Nuova,18.46
C0293,275/282,123456,FER,,3,STUPINIGI - Palazzina di Caccia,D
C0293,275/282,123456,FER,,4,CANDIOLO IRCCS-Centro Ricerche,I
C0293,275/282,123456,FER,,5,NONE Bivio,R
C0293,275/282,123456,FER,,6,RIVA di Pinerolo,19.34
C0293,275/282,123456,FER,,7,PINEROLO - c.so Torino-MACUMBA,19.40
C0293,275/282,123456,FER,,8,PINEROLO - Movicentro,19.48
C0293,275/282,123456,FER,,9,PINEROLO - piazza Cavour,19.50
C0293,275/282,123456,FER,,10,PONTE LEMINA,19.53
C0293,275/282,123456,FER,,11,ABBADIA ALPINA,19.54
C0293,275/282,123456,FER,,12,S. MARTINO,20.00
C0293,275/282,123456,FER,,13,PORTE,20.02
C0293,275/282,123456,FER,,14,VILLAR PEROSA - via Nazionale,20.10
C0293,275/282,123456,FER,,15,DUBBIONE - via Nazionale,20.15
C0293,275/282,123456,FER,,16,PINASCA,20.16
C0293,275/282,123456,FER,,17,PEROSA ARG.-pzza Terzo Alpini (Arrivo),20.20
C0294,275/282,6,FER,A,1,TORINO - Porta Susa,18.48
C0294,275/282,6,FER,A,2,TORINO - Porta Nuova,18.53
C0294,275/282,6,FER,A,3,STUPINIGI - Palazzina di Caccia,19.21
C0294,275/282,6,FER,A,4,CANDIOLO IRCCS-Centro Ricerche,19.31
C0294,275/282,6,FER,A,5,NONE Bivio,19.36
C0294,275/282,6,FER,A,6,AIRASCA,19.41
C0294,275/282,6,FER,A,7,Bivio BOTTEGHE,19.44
C0294,275/282,6,FER,A,8,RIVA di Pinerolo,19.49
C0294,275/282,6,FER,A,9,PINEROLO - c.so Torino-MACUMBA,19.55
C0294,275/282,6,FER,A,10,PINEROLO - Movicentro,19.59
C0295,275/282,12345,FER,#,1,TORINO - Porta Susa,19.03
C0295,275/282,12345,FER,#,2,TORINO - Porta Nuova,19.08
C0295,275/282,12345,FER,#,3,STUPINIGI - Palazzina di Caccia,19.36
C0295,275/282,12345,FER,#,4,CANDIOLO IRCCS-Centro Ricerche,19.46
C0295,275/282,12345,FER,#,5,NONE Bivio,19.51
C0295,275/282,12345,FER,#,6,AIRASCA,19.56
C0295,275/282,12345,FER,#,7,Bivio BOTTEGHE,19.59
C0295,275/282,12345,FER,#,8,RIVA di Pinerolo,20.04
C0295,275/282,12345,FER,#,9,PINEROLO - c.so Torino-MACUMBA,20.10
C0295,275/282,12345,FER,#,10,PINEROLO - Movicentro,20.14
C0296,275/282,12345,FER,A,1,PINEROLO - Movicentro,20.18
C0296,275/282,12345,FER,A,2,PINEROLO - piazza Cavour,20.20
C0296,275/282,12345,FER,A,3,PONTE LEMINA,20.23
C0296,275/282,12345,FER,A,4,ABBADIA ALPINA,20.24
C0296,275/282,12345,FER,A,5,S. MARTINO,20.30
C0296,275/282,12345,FER,A,6,PORTE,20.32
C0296,275/282,12345,FER,A,7,VILLAR PEROSA - via Nazionale,20.40
C0296,275/282,12345,FER,A,8,DUBBIONE - via Nazionale,20.45
C0296,275/282,12345,FER,A,9,PINASCA,20.46
C0296,275/282,12345,FER,A,10,PEROSA ARG.-pzza Terzo Alpini (Arrivo),20.50
C0297,275/282,78,FEST,J,1,TORINO - Porta Susa,19.03
C0297,275/282,78,FEST,J,2,TORINO - Porta Nuova,19.08
C0297,275/282,78,FEST,J,3,STUPINIGI - Palazzina di Caccia,19.36
C0297,275/282,78,FEST,J,4,CANDIOLO IRCCS-Centro Ricerche,19.46
C0297,275/282,78,FEST,J,5,NONE Bivio,19.51
C0297,275/282,78,FEST,J,6,AIRASCA,19.56
C0297,275/282,78,FEST,J,7,Bivio BOTTEGHE,19.59
C0297,275/282,78,FEST,J,8,RIVA di Pinerolo,20.04
C0297,275/282,78,FEST,J,9,PINEROLO - c.so Torino-MACUMBA,20.10
C0297,275/282,78,FEST,J,10,PINEROLO - Movicentro,20.18
C0297,275/282,78,FEST,J,11,PINEROLO - piazza Cavour,20.20
C0297,275/282,78,FEST,J,12,PONTE LEMINA,20.23
C0297,275/282,78,FEST,J,13,ABBADIA ALPINA,20.24
C0297,275/282,78,FEST,J,14,S. MARTINO,20.30
C0297,275/282,78,FEST,J,15,PORTE,20.32
C0297,275/282,78,FEST,J,16,VILLAR PEROSA - via Nazionale,20.40
C0297,275/282,78,FEST,J,17,DUBBIONE - via Nazionale,20.45
C0297,275/282,78,FEST,J,18,PINASCA,20.46
C0297,275/282,78,FEST,J,19,PEROSA ARG.-pzza Terzo Alpini (Arrivo),20.50
C0298,275/282,12345,FER,A,1,TORINO - Porta Susa,19.18
C0298,275/282,12345,FER,A,2,TORINO - Porta Nuova,19.23
C0298,275/282,12345,FER,A,3,TORINO - Piazza Carducci,19.32
C0298,275/282,12345,FER,A,4,STUPINIGI - Palazzina di Caccia,19.51
C0298,275/282,12345,FER,A,5,CANDIOLO IRCCS-Centro Ricerche,20.01
C0298,275/282,12345,FER,A,6,NONE Bivio,20.06
C0298,275/282,12345,FER,A,7,AIRASCA,20.11
C0298,275/282,12345,FER,A,8,Bivio BOTTEGHE,20.14
C0298,275/282,12345,FER,A,9,RIVA di Pinerolo,20.19
C0298,275/282,12345,FER,A,10,PINEROLO - c.so Torino-MACUMBA,20.25
C0298,275/282,12345,FER,A,11,PINEROLO - Movicentro,20.33
C0298,275/282,12345,FER,A,12,PINEROLO - piazza Cavour,20.35
C0298,275/282,12345,FER,A,13,PONTE LEMINA,20.38
C0298,275/282,12345,FER,A,14,ABBADIA ALPINA,20.39
C0298,275/282,12345,FER,A,15,S. MARTINO,20.45
C0298,275/282,12345,FER,A,16,PORTE,20.47
C0298,275/282,12345,FER,A,17,VILLAR PEROSA - via Nazionale,20.55
C0298,275/282,12345,FER,A,18,DUBBIONE - via Nazionale,21.00
C0298,275/282,12345,FER,A,19,PINASCA,21.01
C0298,275/282,12345,FER,A,20,PEROSA ARG.-pzza Terzo Alpini (Arrivo),21.05
C0299,275/282,12345,FER,A,1,TORINO - Porta Susa,19.41
C0299,275/282,12345,FER,A,2,TORINO - Porta Nuova,19.46
C0299,275/282,12345,FER,A,3,STUPINIGI - Palazzina di Caccia,D
C0299,275/282,12345,FER,A,4,CANDIOLO IRCCS-Centro Ricerche,I
C0299,275/282,12345,FER,A,5,NONE Bivio,R
C0299,275/282,12345,FER,A,6,RIVA di Pinerolo,20.34
C0299,275/282,12345,FER,A,7,PINEROLO - c.so Torino-MACUMBA,20.40
C0299,275/282,12345,FER,A,8,PINEROLO - Movicentro,20.48
C0299,275/282,12345,FER,A,9,PINEROLO - piazza Cavour,20.50
C0299,275/282,12345,FER,A,10,PONTE LEMINA,20.53
C0299,275/282,12345,FER,A,11,ABBADIA ALPINA,20.54
C0299,275/282,12345,FER,A,12,S. MARTINO,21.00
C0299,275/282,12345,FER,A,13,PORTE,21.02
C0299,275/282,12345,FER,A,14,VILLAR PEROSA - via Nazionale,21.10
C0299,275/282,12345,FER,A,15,DUBBIONE - via Nazionale,21.15
C0299,275/282,12345,FER,A,16,PINASCA,21.16
C0299,275/282,12345,FER,A,17,PEROSA ARG.-pzza Terzo Alpini (Arrivo),21.20
C0300,275/282,12345,FER,A,1,TORINO - Porta Susa,20.03
C0300,275/282,12345,FER,A,2,TORINO - Porta Nuova,20.08
C0300,275/282,12345,FER,A,3,STUPINIGI - Palazzina di Caccia,20.36
C0300,275/282,12345,FER,A,4,CANDIOLO IRCCS-Centro Ricerche,20.46
C0300,275/282,12345,FER,A,5,NONE Bivio,20.51
C0300,275/282,12345,FER,A,6,AIRASCA,20.56
C0300,275/282,12345,FER,A,7,Bivio BOTTEGHE,20.59
C0300,275/282,12345,FER,A,8,RIVA di Pinerolo,21.04
C0300,275/282,12345,FER,A,9,PINEROLO - c.so Torino-MACUMBA,21.10
C0300,275/282,12345,FER,A,10,PINEROLO - Movicentro,21.18
C0300,275/282,12345,FER,A,11,PINEROLO - piazza Cavour,21.20
C0300,275/282,12345,FER,A,12,PONTE LEMINA,21.23
C0300,275/282,12345,FER,A,13,ABBADIA ALPINA,21.24
C0300,275/282,12345,FER,A,14,S. MARTINO,21.30
C0300,275/282,12345,FER,A,15,PORTE,21.32
C0300,275/282,12345,FER,A,16,VILLAR PEROSA - via Nazionale,21.40
C0300,275/282,12345,FER,A,17,DUBBIONE - via Nazionale,21.45
C0300,275/282,12345,FER,A,18,PINASCA,21.46
C0300,275/282,12345,FER,A,19,PEROSA ARG.-pzza Terzo Alpini (Arrivo),21.50
C0301,275/282,12345,FER,A,1,TORINO - Porta Susa,21.03
C0301,275/282,12345,FER,A,2,TORINO - Porta Nuova,21.08
C0301,275/282,12345,FER,A,3,STUPINIGI - Palazzina di Caccia,D
C0301,275/282,12345,FER,A,4,CANDIOLO IRCCS-Centro Ricerche,I
C0301,275/282,12345,FER,A,5,NONE Bivio,R
C0301,275/282,12345,FER,A,6,RIVA di Pinerolo,21.56
C0301,275/282,12345,FER,A,7,PINEROLO - c.so Torino-MACUMBA,22.02
C0301,275/282,12345,FER,A,8,PINEROLO - Movicentro,22.10
C0301,275/282,12345,FER,A,9,PINEROLO - piazza Cavour,22.12
C0301,275/282,12345,FER,A,10,PONTE LEMINA,22.15
C0301,275/282,12345,FER,A,11,ABBADIA ALPINA,22.16
C0301,275/282,12345,FER,A,12,S. MARTINO,22.22
C0301,275/282,12345,FER,A,13,PORTE,22.24
C0301,275/282,12345,FER,A,14,VILLAR PEROSA - via Nazionale,22.32
C0301,275/282,12345,FER,A,15,DUBBIONE - via Nazionale,22.37
C0301,275/282,12345,FER,A,16,PINASCA,22.38
C0301,275/282,12345,FER,A,17,PEROSA ARG.-pzza Terzo Alpini (Arrivo),22.42
C0302,275/282,6,FER,A,1,TORINO - Porta Susa,20.41
C0302,275/282,6,FER,A,2,TORINO - Porta Nuova,20.46
C0302,275/282,6,FER,A,3,STUPINIGI - Palazzina di Caccia,D
C0302,275/282,6,FER,A,4,CANDIOLO IRCCS-Centro Ricerche,I
C0302,275/282,6,FER,A,5,NONE Bivio,R
C0302,275/282,6,FER,A,6,RIVA di Pinerolo,21.34
C0302,275/282,6,FER,A,7,PINEROLO - c.so Torino-MACUMBA,21.40
C0302,275/282,6,FER,A,8,PINEROLO - Movicentro,21.48
C0302,275/282,6,FER,A,9,PINEROLO - piazza Cavour,21.50
C0303,275/282,12345,FER,A,1,TORINO - Porta Susa,21.41
C0303,275/282,12345,FER,A,2,TORINO - Porta Nuova,21.46
C0303,275/282,12345,FER,A,3,STUPINIGI - Palazzina di Caccia,22.14
C0303,275/282,12345,FER,A,4,CANDIOLO IRCCS-Centro Ricerche,22.24
C0303,275/282,12345,FER,A,5,NONE Bivio,22.29
C0303,275/282,12345,FER,A,6,AIRASCA,22.34
C0303,275/282,12345,FER,A,7,Bivio BOTTEGHE,22.37
C0303,275/282,12345,FER,A,8,RIVA di Pinerolo,22.42
C0303,275/282,12345,FER,A,9,PINEROLO - c.so Torino-MACUMBA,22.48
C0303,275/282,12345,FER,A,10,PINEROLO - Movicentro,22.52
C0304,275/282,12345,FER,A,1,AIRASCA,22.30
C0304,275/282,12345,FER,A,2,Bivio BOTTEGHE,22.33
C0304,275/282,12345,FER,A,3,PINEROLO - Movicentro,22.54
C0304,275/282,12345,FER,A,4,PINEROLO - piazza Cavour,22.56
C0304,275/282,12345,FER,A,5,PONTE LEMINA,22.59
C0304,275/282,12345,FER,A,6,ABBADIA ALPINA,23.00
C0304,275/282,12345,FER,A,7,S. MARTINO,23.06
C0304,275/282,12345,FER,A,8,PORTE,23.08
C0304,275/282,12345,FER,A,9,VILLAR PEROSA - via Nazionale,23.16
C0304,275/282,12345,FER,A,10,DUBBIONE - via Nazionale,23.21
C0304,275/282,12345,FER,A,11,PINASCA,23.22
C0304,275/282,12345,FER,A,12,PEROSA ARG.-pzza Terzo Alpini (Arrivo),23.26
C0305,275/282,12345,FER,A,1,TORINO - Porta Susa,22.03
C0305,275/282,12345,FER,A,2,TORINO - Porta Nuova,22.08
C0305,275/282,12345,FER,A,3,STUPINIGI - Palazzina di Caccia,22.36
C0305,275/282,12345,FER,A,4,CANDIOLO IRCCS-Centro Ricerche,22.46
C0305,275/282,12345,FER,A,5,NONE Bivio,22.51
C0305,275/282,12345,FER,A,6,AIRASCA,22.56
C0305,275/282,12345,FER,A,7,Bivio BOTTEGHE,22.59
C0305,275/282,12345,FER,A,8,RIVA di Pinerolo,23.04
C0305,275/282,12345,FER,A,9,PINEROLO - c.so Torino-MACUMBA,23.10
C0305,275/282,12345,FER,A,10,PINEROLO - Movicentro,23.18
C0305,275/282,12345,FER,A,11,PINEROLO - piazza Cavour,23.20
C0305,275/282,12345,FER,A,12,PONTE LEMINA,23.23
C0305,275/282,12345,FER,A,13,ABBADIA ALPINA,23.24
C0305,275/282,12345,FER,A,14,S. MARTINO,23.30
C0305,275/282,12345,FER,A,15,PORTE,23.32
C0305,275/282,12345,FER,A,16,VILLAR PEROSA - via Nazionale,23.40
C0305,275/282,12345,FER,A,17,DUBBIONE - via Nazionale,23.45
C0305,275/282,12345,FER,A,18,PINASCA,23.46
C0305,275/282,12345,FER,A,19,PEROSA ARG.-pzza Terzo Alpini (Arrivo),23.50
C0306,275/282,,GG,#,1,TORINO - Porta Susa,23.03
C0306,275/282,,GG,#,2,TORINO - Porta Nuova,23.08
C0306,275/282,,GG,#,3,STUPINIGI - Palazzina di Caccia,23.36
C0306,275/282,,GG,#,4,CANDIOLO IRCCS-Centro Ricerche,23.46
C0306,275/282,,GG,#,5,NONE Bivio,23.51
C0306,275/282,,GG,#,6,AIRASCA,23.56
C0306,275/282,,GG,#,7,Bivio BOTTEGHE,23.59
C0306,275/282,,GG,#,8,RIVA di Pinerolo,00.04
C0306,275/282,,GG,#,9,PINEROLO - c.so Torino-MACUMBA,00.10
C0306,275/282,,GG,#,10,PINEROLO - Movicentro,00.18
C0306,275/282,,GG,#,11,PINEROLO - piazza Cavour,00.20
C0306,275/282,,GG,#,12,PONTE LEMINA,00.23
C0306,275/282,,GG,#,13,ABBADIA ALPINA,00.24
C0306,275/282,,GG,#,14,S. MARTINO,00.30
C0306,275/282,,GG,#,15,PORTE,00.32
C0306,275/282,,GG,#,16,VILLAR PEROSA - via Nazionale,00.40
C0306,275/282,,GG,#,17,DUBBIONE - via Nazionale,00.45
C0306,275/282,,GG,#,18,PINASCA,00.46
C0306,275/282,,GG,#,19,PEROSA ARG.-pzza Terzo Alpini (Arrivo),00.50
C0307,278,12345,SCO,chiusura,1,PINEROLO - piazza Cavour,7:00
C0307,278,12345,SCO,chiusura,2,VIGONE,7:20
C0308,278,12345,SCO,stabilimenti,1,PINEROLO - c.so Torino-MACUMBA,7:15
C0308,278,12345,SCO,stabilimenti,2,CERCENASCO,7:35
C0308,278,12345,SCO,stabilimenti,3,APPENDINI,7:30
C0309,278,123456,FER,ferie,1,PINEROLO - Stazione FS,7:30
C0309,278,123456,FER,ferie,2,PINEROLO - c.so Torino-MACUMBA,7:35
C0309,278,123456,FER,ferie,3,RIVA di Pinerolo,7:40
C0309,278,123456,FER,ferie,4,BURIASCO,7:50
C0309,278,123456,FER,ferie,5,MACELLO,7:55
C0309,278,123456,FER,ferie,6,Bivio MURISENGHI,7:45
C0310,278,123456,FER,NS,1,PINEROLO - piazza Cavour,12:45
C0310,278,123456,FER,NS,2,PINEROLO - Movicentro,12:47
C0310,278,123456,FER,NS,3,PINEROLO Poste - via Bignone,12:50
C0310,278,123456,FER,NS,4,BAUDENASCA,13:00
C0310,278,123456,FER,NS,5,MACELLO,13:05
C0310,278,123456,FER,NS,6,BURIASCO,13:10
C0311,278,6,SCO,vedasi,1,PINEROLO - piazza Cavour,12:45
C0311,278,6,SCO,vedasi,2,PINEROLO - Movicentro,12:47
C0311,278,6,SCO,vedasi,3,PINEROLO Poste - via Bignone,12:50
C0311,278,6,SCO,vedasi,4,BAUDENASCA,13:00
C0311,278,6,SCO,vedasi,5,MACELLO,13:05
C0311,278,6,SCO,vedasi,6,BURIASCO,13:10
C0312,278,123456,FER,come,1,PINEROLO - Osp. Cottolengo,12:45
C0312,278,123456,FER,come,2,PINEROLO - p.za S. Croce,12:46
C0312,278,123456,FER,come,3,PINEROLO - piazza Cavour,12:47
C0312,278,123456,FER,come,4,PINEROLO - Movicentro,12:48
C0312,278,123456,FER,come,5,PINEROLO Poste - via Bignone,12:50
C0312,278,123456,FER,come,6,BURIASCO,12:59
C0312,278,123456,FER,come,7,MACELLO,13:04
C0312,278,123456,FER,come,8,STELLA,13:09
C0312,278,123456,FER,come,9,VIGONE,13:18
C0312,278,123456,FER,come,10,CERCENASCO,13:23
C0313,278,6,SCO,Scol,1,PINEROLO - Osp. Cottolengo,12:45
C0313,278,6,SCO,Scol,2,PINEROLO - p.za S. Croce,12:46
C0313,278,6,SCO,Scol,3,PINEROLO - piazza Cavour,12:47
C0313,278,6,SCO,Scol,4,PINEROLO - Movicentro,12:48
C0313,278,6,SCO,Scol,5,PINEROLO Poste - via Bignone,12:50
C0313,278,6,SCO,Scol,6,BURIASCO,12:59
C0313,278,6,SCO,Scol,7,MACELLO,13:04
C0313,278,6,SCO,Scol,8,STELLA,13:09
C0313,278,6,SCO,Scol,9,VIGONE,13:18
C0313,278,6,SCO,Scol,10,CERCENASCO,13:23
C0314,278,12345,SCO,Scol,1,PINEROLO - Stazione FS,13:25
C0314,278,12345,SCO,Scol,2,PINEROLO - Stazione Olimpica,13:30
C0314,278,12345,SCO,Scol,3,VIGONE,13:50
C0314,278,12345,SCO,Scol,4,CERCENASCO,13:45
C0314,278,12345,SCO,Scol,5,APPENDINI,13:40
C0315,278,12345,SCO,Scol,1,PINEROLO - piazza Cavour,13:30
C0315,278,12345,SCO,Scol,2,PINEROLO - Movicentro,13:32
C0315,278,12345,SCO,Scol,3,PINEROLO Poste - via Bignone,13:35
C0315,278,12345,SCO,Scol,4,BAUDENASCA,13:43
C0315,278,12345,SCO,Scol,5,MACELLO,13:45
C0315,278,12345,SCO,Scol,6,BURIASCO,13:55
C0316,278,1245,SCO,Scol,1,PINEROLO - Stazione FS,13:30
C0316,278,1245,SCO,Scol,2,PINEROLO Centro Studi,13:35
C0316,278,1245,SCO,Scol,3,Bivio STELLA,13:50
C0316,278,1245,SCO,Scol,4,VIGONE,13:55
C0316,278,1245,SCO,Scol,5,PANCALIERI - via Re Umberto 106,14.08
C0317,278,3,SCO,Scol,1,PINEROLO - Stazione FS,13:30
C0317,278,3,SCO,Scol,2,PINEROLO Centro Studi,13:35
C0317,278,3,SCO,Scol,3,Bivio STELLA,13:50
C0317,278,3,SCO,Scol,4,VIGONE,13:55
C0317,278,3,SCO,Scol,5,PANCALIERI - via Re Umberto 106,14.08
C0317,278,3,SCO,Scol,6,PANCALIERI - via P. Amedeo 62,14.10
C0318,278,12345,SCO,Scol,1,PINEROLO - piazza Cavour,14:10
C0318,278,12345,SCO,Scol,2,PINEROLO - Stazione FS,14:15
C0318,278,12345,SCO,Scol,3,PINEROLO Poste - via Bignone,14:20
C0318,278,12345,SCO,Scol,4,BURIASCO,14:25
C0318,278,12345,SCO,Scol,5,MACELLO,14:30
C0318,278,12345,SCO,Scol,6,STELLA,14:35
C0318,278,12345,SCO,Scol,7,VIGONE,14:40
C0318,278,12345,SCO,Scol,8,CERCENASCO,14:45
C0318,278,12345,SCO,Scol,9,VIRLE PIEMONTE - via Carignano,14:50
C0318,278,12345,SCO,Scol,10,OSASIO - piazza Castello,14:55
C0319,278,12345,SCO,Scol,1,PINEROLO - Stazione FS,14:15
C0319,278,12345,SCO,Scol,2,PINEROLO Poste - via Bignone,14:20
C0319,278,12345,SCO,Scol,3,BURIASCO,14:25
C0319,278,12345,SCO,Scol,4,MACELLO,14:30
C0319,278,12345,SCO,Scol,5,STELLA,14:35
C0319,278,12345,SCO,Scol,6,VIGONE,14:40
C0320,278,12345,SCO,B,1,PINEROLO - Ist. Immacolata,13:30
C0320,278,12345,SCO,B,2,PINEROLO - via Saluzzo (ENEL),13:25
C0320,278,12345,SCO,B,3,PINEROLO - piazza Cavour,13:27
C0320,278,12345,SCO,B,4,PINEROLO - Stazione FS,13:31
C0320,278,12345,SCO,B,5,PINEROLO Centro Studi,13:33
C0320,278,12345,SCO,B,6,PINEROLO - c.so Torino-MACUMBA,13:34
C0320,278,12345,SCO,B,7,BURIASCO,13:45
C0320,278,12345,SCO,B,8,Bivio STELLA,13:51
C0320,278,12345,SCO,B,9,VIGONE,13:57
C0320,278,12345,SCO,B,10,CERCENASCO,14:01
C0320,278,12345,SCO,B,11,SCALENGHE via Cavour,14:06
C0321,278,12345,SCO,Scol,1,PINEROLO - Stazione FS,14:30
C0321,278,12345,SCO,Scol,2,PINEROLO Poste - via Bignone,14:35
C0321,278,12345,SCO,Scol,3,BURIASCO,14:40
C0321,278,12345,SCO,Scol,4,MACELLO,14:45
C0321,278,12345,SCO,Scol,5,STELLA,14:55
C0321,278,12345,SCO,Scol,6,VIGONE,15:00
C0321,278,12345,SCO,Scol,7,CERCENASCO,15:05
C0321,278,12345,SCO,Scol,8,PANCALIERI - via Re Umberto 106,15:15
C0321,278,12345,SCO,Scol,9,VIRLE PIEMONTE - via Carignano,15:20
C0322,278,12345,SCO,Scol,1,PINEROLO - Stazione FS,15:15
C0322,278,12345,SCO,Scol,2,PINEROLO Poste - via Bignone,15:20
C0322,278,12345,SCO,Scol,3,BURIASCO,15:25
C0322,278,12345,SCO,Scol,4,MACELLO,15:30
C0322,278,12345,SCO,Scol,5,STELLA,15:40
C0322,278,12345,SCO,Scol,6,VIGONE,15:45
C0322,278,12345,SCO,Scol,7,CERCENASCO,15:50
C0322,278,12345,SCO,Scol,8,PANCALIERI - via Re Umberto 106,16:00
C0322,278,12345,SCO,Scol,9,VIRLE PIEMONTE - via Carignano,16:05
C0323,278,12345,SCO,Scol,1,PINEROLO - via Saluzzo (ENEL),16:30
C0323,278,12345,SCO,Scol,2,PINEROLO - piazza Cavour,16:32
C0323,278,12345,SCO,Scol,3,PINEROLO - Movicentro,16:33
C0323,278,12345,SCO,Scol,4,PINEROLO Poste - via Bignone,16:35
C0323,278,12345,SCO,Scol,5,BURIASCO,16:40
C0323,278,12345,SCO,Scol,6,MACELLO,16:50
C0324,278,12345,FER,EST-S,1,PINEROLO - piazza Cavour,16:30
C0324,278,12345,FER,EST-S,2,PINEROLO - Movicentro,16:33
C0324,278,12345,FER,EST-S,3,PINEROLO Poste - via Bignone,16:35
C0324,278,12345,FER,EST-S,4,BURIASCO,16:40
C0324,278,12345,FER,EST-S,5,MACELLO,16:50
C0325,278,12345,SCO,Scol,1,PINEROLO - Stazione FS,17:00
C0325,278,12345,SCO,Scol,2,PINEROLO Poste - via Bignone,17:05
C0325,278,12345,SCO,Scol,3,BURIASCO,17:10
C0325,278,12345,SCO,Scol,4,MACELLO,17:15
C0325,278,12345,SCO,Scol,5,STELLA,17:25
C0325,278,12345,SCO,Scol,6,VIGONE,17:30
C0325,278,12345,SCO,Scol,7,CERCENASCO,17:35
C0325,278,12345,SCO,Scol,8,PANCALIERI - via Re Umberto 106,17:45
C0325,278,12345,SCO,Scol,9,VIRLE PIEMONTE - via Carignano,17:50
C0325,278,12345,SCO,Scol,10,OSASIO - piazza Castello,17:55
C0326,278,123456,FER,,1,PINEROLO - piazza Cavour,17:40
C0326,278,123456,FER,,2,PINEROLO - Movicentro,17:42
C0326,278,123456,FER,,3,PINEROLO Poste - via Bignone,17:45
C0326,278,123456,FER,,4,BAUDENASCA,17:50
C0326,278,123456,FER,,5,MACELLO,17:55
C0326,278,123456,FER,,6,BURIASCO,18:05
C0326,278,123456,FER,,7,Bivio STELLA,18:10
C0326,278,123456,FER,,8,VIGONE,18:15
C0326,278,123456,FER,,9,CERCENASCO,18:20
C0327,278,123456,FER,,1,PINEROLO - piazza Cavour,19:10
C0327,278,123456,FER,,2,PINEROLO - Movicentro,19:12
C0327,278,123456,FER,,3,PINEROLO Poste - via Bignone,19:15
C0327,278,123456,FER,,4,BURIASCO,19:20
C0327,278,123456,FER,,5,MACELLO,19:25
C0327,278,123456,FER,,6,STELLA,19:30
C0327,278,123456,FER,,7,VIGONE,19:35
C0327,278,123456,FER,,8,CERCENASCO,19:40
C0328,278,123456,FER,chiusura,1,CERCENASCO,6:25
C0328,278,123456,FER,chiusura,2,VIGONE,6:30
C0328,278,123456,FER,chiusura,3,STELLA,6:35
C0328,278,123456,FER,chiusura,4,MACELLO,6:40
C0328,278,123456,FER,chiusura,5,BAUDENASCA,6:45
C0328,278,123456,FER,chiusura,6,PINEROLO Poste - via Bignone,6:50
C0328,278,123456,FER,chiusura,7,PINEROLO - Stazione FS,6:56
C0328,278,123456,FER,chiusura,8,PINEROLO - piazza Cavour,7:00
C0329,278,123456,FER,stabilimenti,1,CERCENASCO,6:55
C0329,278,123456,FER,stabilimenti,2,VIGONE,7:00
C0329,278,123456,FER,stabilimenti,3,Bivio STELLA,7:05
C0329,278,123456,FER,stabilimenti,4,BURIASCO,7:13
C0329,278,123456,FER,stabilimenti,5,PINEROLO Poste - via Bignone,7:18
C0329,278,123456,FER,stabilimenti,6,PINEROLO - Movicentro,7:20
C0330,278,12345,SCO,per,1,CERCENASCO,6:45
C0330,278,12345,SCO,per,2,VIGONE,6:50
C0330,278,12345,SCO,per,3,Bivio STELLA,6:55
C0330,278,12345,SCO,per,4,BURIASCO,7:05
C0330,278,12345,SCO,per,5,PINEROLO Poste - via Bignone,7:10
C0330,278,12345,SCO,per,6,PINEROLO - Stazione FS,7:15
C0330,278,12345,SCO,per,7,PINEROLO - Ist. Immacolata,7:20
C0331,278,12345,SCO,Scol,1,PANCALIERI - via P. Amedeo 62,7:23
C0331,278,12345,SCO,Scol,2,PANCALIERI - via Re Umberto 106,7:25
C0331,278,12345,SCO,Scol,3,VIGONE,7:35
C0331,278,12345,SCO,Scol,4,Bivio STELLA,7:40
C0331,278,12345,SCO,Scol,5,PINEROLO Centro Studi,7:55
C0331,278,12345,SCO,Scol,6,PINEROLO - piazza Cavour,8:05
C0332,278,12345,SCO,vedasi,1,OSASIO - piazza Castello,7:30
C0332,278,12345,SCO,vedasi,2,VIRLE PIEMONTE - via Carignano,7:35
C0332,278,12345,SCO,vedasi,3,VIGONE,7:45
C0332,278,12345,SCO,vedasi,4,STELLA,7:50
C0332,278,12345,SCO,vedasi,5,PINEROLO Centro Studi,8:13
C0332,278,12345,SCO,vedasi,6,PINEROLO - piazza Cavour,8:15
C0333,278,12345,SCO,come,1,VIRLE PIEMONTE - via Carignano,7:35
C0333,278,12345,SCO,come,2,VIGONE,7:45
C0333,278,12345,SCO,come,3,Bivio STELLA,7:50
C0333,278,12345,SCO,come,4,PINEROLO Centro Studi,8:10
C0333,278,12345,SCO,come,5,PINEROLO - piazza Cavour,8:15
C0334,278,12345,SCO,Scol,1,APPENDINI,7:50
C0334,278,12345,SCO,Scol,2,CERCENASCO,7:30
C0334,278,12345,SCO,Scol,3,VIGONE,7:25
C0334,278,12345,SCO,Scol,4,PINEROLO Centro Studi,8:02
C0334,278,12345,SCO,Scol,5,PINEROLO - Movicentro,8:10
C0335,278,12345,SCO,Scol,1,VIGONE,7:40
C0335,278,12345,SCO,Scol,2,Bivio STELLA,7:45
C0335,278,12345,SCO,Scol,3,PINEROLO Centro Studi,8:00
C0335,278,12345,SCO,Scol,4,PINEROLO - piazza Cavour,8:05
C0336,278,123456,FER,,1,MACELLO,7:55
C0336,278,123456,FER,,2,BAUDENASCA,8:00
C0336,278,123456,FER,,3,PINEROLO Poste - via Bignone,8:10
C0336,278,123456,FER,,4,PINEROLO - Stazione FS,8:15
C0337,278,123456,FER,NS,1,BURIASCO,13:10
C0337,278,123456,FER,NS,2,Bivio MURISENGHI,13:15
C0337,278,123456,FER,NS,3,RIVA di Pinerolo,13:20
C0337,278,123456,FER,NS,4,PINEROLO - c.so Torino-MACUMBA,13:23
C0337,278,123456,FER,NS,5,PINEROLO - Movicentro,13:25
C0338,278,6,SCO,Scol,1,BURIASCO,13:10
C0338,278,6,SCO,Scol,2,Bivio MURISENGHI,13:15
C0338,278,6,SCO,Scol,3,RIVA di Pinerolo,13:20
C0338,278,6,SCO,Scol,4,PINEROLO - c.so Torino-MACUMBA,13:23
C0338,278,6,SCO,Scol,5,PINEROLO - Movicentro,13:25
C0339,278,12345,SCO,Scol,1,BURIASCO,13:55
C0339,278,12345,SCO,Scol,2,Bivio MURISENGHI,13:57
C0339,278,12345,SCO,Scol,3,RIVA di Pinerolo,14:00
C0339,278,12345,SCO,Scol,4,PINEROLO - c.so Torino-MACUMBA,14:05
C0339,278,12345,SCO,Scol,5,PINEROLO - Stazione FS,14:10
C0340,278,123456,FER,NS,1,CERCENASCO,13:45
C0340,278,123456,FER,NS,2,VIGONE,13:50
C0340,278,123456,FER,NS,3,STELLA,13:55
C0340,278,123456,FER,NS,4,MACELLO,14:00
C0340,278,123456,FER,NS,5,BURIASCO,14:10
C0340,278,123456,FER,NS,6,PINEROLO Poste - via Bignone,14:15
C0340,278,123456,FER,NS,7,PINEROLO - Movicentro,14:18
C0340,278,123456,FER,NS,8,PINEROLO - piazza Cavour,14:20
C0341,278,6,SCO,Scol,1,CERCENASCO,13:45
C0341,278,6,SCO,Scol,2,VIGONE,13:50
C0341,278,6,SCO,Scol,3,STELLA,13:55
C0341,278,6,SCO,Scol,4,MACELLO,14:00
C0341,278,6,SCO,Scol,5,BURIASCO,14:10
C0341,278,6,SCO,Scol,6,PINEROLO Poste - via Bignone,14:15
C0341,278,6,SCO,Scol,7,PINEROLO - Movicentro,14:18
C0341,278,6,SCO,Scol,8,PINEROLO - piazza Cavour,14:20
C0342,278,12345,SCO,Scol,1,APPENDINI,14:50
C0342,278,12345,SCO,Scol,2,CERCENASCO,14:45
C0342,278,12345,SCO,Scol,3,VIGONE,14:40
C0342,278,12345,SCO,Scol,4,PINEROLO Centro Studi,15:02
C0342,278,12345,SCO,Scol,5,PINEROLO - Movicentro,15:10
C0343,278,12345,SCO,Scol,1,OSASIO - piazza Castello,15:00
C0343,278,12345,SCO,Scol,2,VIRLE PIEMONTE - via Carignano,15:05
C0343,278,12345,SCO,Scol,3,CERCENASCO,15:10
C0343,278,12345,SCO,Scol,4,VIGONE,15:15
C0343,278,12345,SCO,Scol,5,STELLA,15:20
C0343,278,12345,SCO,Scol,6,MACELLO,15:25
C0343,278,12345,SCO,Scol,7,BURIASCO,15:35
C0343,278,12345,SCO,Scol,8,PINEROLO Poste - via Bignone,15:45
C0343,278,12345,SCO,Scol,9,PINEROLO - Movicentro,15:48
C0343,278,12345,SCO,Scol,10,PINEROLO - piazza Cavour,15:50
C0344,278,12345,FER,S,1,MACELLO,16:50
C0344,278,12345,FER,S,2,BURIASCO,16:59
C0344,278,12345,FER,S,3,PINEROLO Poste - via Bignone,17:13
C0344,278,12345,FER,S,4,PINEROLO - Movicentro,17:15
C0344,278,12345,FER,S,5,PINEROLO - piazza Cavour,17:17
C0345,278,123456,FER,,1,CERCENASCO,18:25
C0345,278,123456,FER,,2,VIGONE,18:30
C0345,278,123456,FER,,3,Bivio STELLA,18:35
C0345,278,123456,FER,,4,BURIASCO,18:40
C0345,278,123456,FER,,5,MACELLO,18:50
C0345,278,123456,FER,,6,BAUDENASCA,18:55
C0345,278,123456,FER,,7,PINEROLO Poste - via Bignone,19:00
C0345,278,123456,FER,,8,PINEROLO - Movicentro,19:03
C0345,278,123456,FER,,9,PINEROLO - piazza Cavour,19:10
C0346,278,123456,FER,,1,CERCENASCO,19:40
C0346,278,123456,FER,,2,VIGONE,19:45
C0346,278,123456,FER,,3,STELLA,19:50
C0346,278,123456,FER,,4,MACELLO,19:55
C0346,278,123456,FER,,5,BURIASCO,20:00
C0346,278,123456,FER,,6,PINEROLO Poste - via Bignone,20:05
C0346,278,123456,FER,,7,PINEROLO - Movicentro,20:08
C0346,278,123456,FER,,8,PINEROLO - piazza Cavour,20:10
C0347,265,12345,FER,FS,1,CHIVASSO - Staz. FS Movicentro,5:40
C0347,265,12345,FER,FS,2,MONTANARO-v.Caviglietti-StazFS,5:49
C0347,265,12345,FER,FS,3,RODALLO - Stazione FS,5:59
C0347,265,12345,FER,FS,4,CALUSO - Stazione FS,6:09
C0347,265,12345,FER,FS,5,CANDIA - p.zza VII Martiri,6:14
C0347,265,12345,FER,FS,6,MERCENASCO - Stazione FS,6:18
C0347,265,12345,FER,FS,7,STRAMBINO - Stazione FS,6:22
C0347,265,12345,FER,FS,8,IVREA - Stazione FS,6:34
C0347,265,12345,FER,FS,9,IVREA - Porta Vercelli,6:37
C0347,265,12345,FER,FS,10,IVREA - Porta Aosta,6:38
C0347,265,12345,FER,FS,11,MONTALTO DORA,6:42
C0347,265,12345,FER,FS,12,BORGOFRANCO - Stazione FS,6:45
C0347,265,12345,FER,FS,13,MONTESTRUTTO,6:48
C0347,265,12345,FER,FS,14,SETTIMO VITTONE,6:49
C0347,265,12345,FER,FS,15,TAVAGNASCO - Stazione FS,6:51
C0347,265,12345,FER,FS,16,QUINCINETTO - largo Europa,6:55
C0347,265,12345,FER,FS,17,CAREMA - via Torino,6:58
C0347,265,12345,FER,FS,18,PONT S. MARTIN - Stazione FS,6:59
C0347,265,12345,FER,FS,19,PONT S.MARTIN-pzza IV Novembre,7:00
C0348,265,12345,SCO,Scol,1,CALUSO - via De Brissac,7:00
C0348,265,12345,SCO,Scol,2,CANDIA - p.zza VII Martiri,7:05
C0348,265,12345,SCO,Scol,3,MERCENASCO - Stazione FS,7:08
C0348,265,12345,SCO,Scol,4,MERCENASCO - via Nazionale,7:09
C0348,265,12345,SCO,Scol,5,STRAMBINO - c.so Torino,7:12
C0348,265,12345,SCO,Scol,6,CERONE - Bivio,7:15
C0348,265,12345,SCO,Scol,7,SAN BERNARDO - via Torino,7:25
C0348,265,12345,SCO,Scol,8,IVREA - Stazione FS,7:30
C0348,265,12345,SCO,Scol,9,IVREA - Porta Vercelli,7:35
C0348,265,12345,SCO,Scol,10,IVREA - Porta Aosta,7:38
C0349,265,123456,FER,S,1,TO-p.za Cattaneo-Mirafiori FCA,6.10
C0349,265,123456,FER,S,2,GRUGLIASCO - via Libertà,6:25
C0349,265,123456,FER,S,3,SETTIMO T.SE - casello A4,6:50
C0349,265,123456,FER,S,4,BRANDIZZO - casello A4,6:55
C0349,265,123456,FER,S,5,CHIVASSO - p.le Alfa-Lancia,7:01
C0349,265,123456,FER,S,6,CHIVASSO - Bivio Mosche,7:03
C0349,265,123456,FER,S,7,CHIVASSO - Bivio Boschetto (TEMP. SOPPRESSA),7:04
C0349,265,123456,FER,S,8,CALUSO - Bivio Carolina (TEMP. SOPPRESSA),7:06
C0349,265,123456,FER,S,9,VALLO - Bivio (TEMP. SOPPRESSA),7:07
C0349,265,123456,FER,S,10,ARÉ- via Duca degli Abruzzi,7:09
C0349,265,123456,FER,S,11,CALUSO - via De Brissac,7:14
C0349,265,123456,FER,S,12,CANDIA - p.zza VII Martiri,7:21
C0349,265,123456,FER,S,13,MERCENASCO - Stazione FS,7:27
C0349,265,123456,FER,S,14,MERCENASCO - via Nazionale,7:28
C0349,265,123456,FER,S,15,STRAMBINO - c.so Torino,7:32
C0349,265,123456,FER,S,16,CERONE - Bivio,7:35
C0349,265,123456,FER,S,17,SAN BERNARDO - via Torino,7:40
C0349,265,123456,FER,S,18,IVREA - Stazione FS,7:47
C0349,265,123456,FER,S,19,IVREA - Porta Vercelli,7:50
C0349,265,123456,FER,S,20,IVREA - Porta Aosta,7:52
C0350,265,123456,FER,A,1,CHIVASSO - Staz. FS Movicentro,6:35
C0350,265,123456,FER,A,2,MONTANARO-v.Caviglietti-StazFS,6:45
C0350,265,123456,FER,A,3,VALLO - Chiesa,6:53
C0350,265,123456,FER,A,4,RODALLO - Stazione FS,6:55
C0350,265,123456,FER,A,5,ARÉ- via Duca degli Abruzzi,7:00
C0350,265,123456,FER,A,6,CALUSO - via De Brissac,7:06
C0350,265,123456,FER,A,7,CANDIA - p.zza VII Martiri,7:11
C0350,265,123456,FER,A,8,MERCENASCO - Stazione FS,7:15
C0350,265,123456,FER,A,9,MERCENASCO - via Nazionale,7:16
C0350,265,123456,FER,A,10,STRAMBINO - c.so Torino,7:20
C0350,265,123456,FER,A,11,CERONE - Bivio,7:23
C0350,265,123456,FER,A,12,SAN BERNARDO - via Torino,7:28
C0350,265,123456,FER,A,13,IVREA - Stazione FS,7:35
C0350,265,123456,FER,A,14,IVREA - Porta Vercelli,7:37
C0350,265,123456,FER,A,15,IVREA - Porta Aosta,7:39
C0350,265,123456,FER,A,16,MONTALTO DORA,7:42
C0350,265,123456,FER,A,17,BORGOFRANCO - Stazione FS,7:47
C0350,265,123456,FER,A,18,MONTESTRUTTO,7:49
C0350,265,123456,FER,A,19,SETTIMO VITTONE,7:51
C0350,265,123456,FER,A,20,TAVAGNASCO - Stazione FS,7:54
C0350,265,123456,FER,A,21,QUINCINETTO - largo Europa,7:58
C0350,265,123456,FER,A,22,CAREMA - via Torino,8:03
C0350,265,123456,FER,A,23,PONT S. MARTIN - Stazione FS,8:04
C0350,265,123456,FER,A,24,PONT S.MARTIN-pzza IV Novembre,8:05
C0351,265,12345,SCO,Scol,1,STRAMBINO - c.so Torino,7:30
C0351,265,12345,SCO,Scol,2,CERONE - Bivio,7:33
C0351,265,12345,SCO,Scol,3,SAN BERNARDO - via Torino,7:37
C0351,265,12345,SCO,Scol,4,IVREA - Stazione FS,7:43
C0351,265,12345,SCO,Scol,5,IVREA - Porta Vercelli,7:46
C0351,265,12345,SCO,Scol,6,IVREA - Porta Aosta,7:48
C0351,265,12345,SCO,Scol,7,MONTALTO DORA,7:51
C0351,265,12345,SCO,Scol,8,BORGOFRANCO - Stazione FS,7:56
C0351,265,12345,SCO,Scol,9,MONTESTRUTTO,7:59
C0351,265,12345,SCO,Scol,10,SETTIMO VITTONE,8:00
C0351,265,12345,SCO,Scol,11,TAVAGNASCO - Stazione FS,8:03
C0351,265,12345,SCO,Scol,12,QUINCINETTO - largo Europa,8:07
C0351,265,12345,SCO,Scol,13,CAREMA - via Torino,8:12
C0351,265,12345,SCO,Scol,14,PONT S. MARTIN - Stazione FS,8:13
C0351,265,12345,SCO,Scol,15,PONT S.MARTIN-pzza IV Novembre,8:14
C0352,265,12345,SCO,Scol,1,CALUSO - Liceo,7:45
C0352,265,12345,SCO,Scol,2,CALUSO - via De Brissac,7:47
C0352,265,12345,SCO,Scol,3,CANDIA - p.zza VII Martiri,7:51
C0352,265,12345,SCO,Scol,4,MERCENASCO - Stazione FS,7:55
C0352,265,12345,SCO,Scol,5,MERCENASCO - via Nazionale,7:56
C0352,265,12345,SCO,Scol,6,STRAMBINO - c.so Torino,8:00
C0352,265,12345,SCO,Scol,7,CERONE - Bivio,8:02
C0352,265,12345,SCO,Scol,8,SAN BERNARDO - via Torino,8:07
C0352,265,12345,SCO,Scol,9,IVREA - Stazione FS,8:13
C0352,265,12345,SCO,Scol,10,IVREA - Porta Vercelli,8:18
C0352,265,12345,SCO,Scol,11,IVREA - Porta Aosta,8:20
C0352,265,12345,SCO,Scol,12,MONTALTO DORA,8:24
C0352,265,12345,SCO,Scol,13,BORGOFRANCO - Stazione FS,8:27
C0352,265,12345,SCO,Scol,14,MONTESTRUTTO,8:30
C0352,265,12345,SCO,Scol,15,SETTIMO VITTONE,8:31
C0352,265,12345,SCO,Scol,16,TAVAGNASCO - Stazione FS,8:33
C0352,265,12345,SCO,Scol,17,QUINCINETTO - largo Europa,8:38
C0352,265,12345,SCO,Scol,18,CAREMA - via Torino,8:42
C0352,265,12345,SCO,Scol,19,PONT S. MARTIN - Stazione FS,8:43
C0352,265,12345,SCO,Scol,20,PONT S.MARTIN-pzza IV Novembre,8:45
C0353,265,12345,FER,,1,TO - Autostazione c.so Bolzano,7:50
C0353,265,12345,FER,,2,TORINO - c.so Giulio Cesare,8:02
C0353,265,12345,FER,,3,TORINO - c.so G. Cesare,8:10
C0353,265,12345,FER,,4,TORINO - c.so G.Cesare (IVECO),8:17
C0353,265,12345,FER,,5,TORINO - c.so G.Cesare (SPAZIO CONAD),8:19
C0353,265,12345,FER,,6,SETTIMO T.SE - casello A4,|
C0353,265,12345,FER,,7,BRANDIZZO - casello A4,|
C0353,265,12345,FER,,8,CHIVASSO - Staz. FS Movicentro,|
C0353,265,12345,FER,,9,CHIVASSO - p.le Alfa-Lancia,|
C0353,265,12345,FER,,10,MONTANARO-v.Caviglietti-StazFS,|
C0353,265,12345,FER,,11,VALLO - Chiesa,|
C0353,265,12345,FER,,12,RODALLO - Stazione FS,|
C0353,265,12345,FER,,13,CHIVASSO - Bivio Mosche,|
C0353,265,12345,FER,,14,CHIVASSO - Bivio Boschetto (TEMP. SOPPRESSA),|
C0353,265,12345,FER,,15,CALUSO - Bivio Carolina (TEMP. SOPPRESSA),|
C0353,265,12345,FER,,16,VALLO - Bivio (TEMP. SOPPRESSA),|
C0353,265,12345,FER,,17,ARÉ- via Duca degli Abruzzi,|
C0353,265,12345,FER,,18,CALUSO - Stazione FS,|
C0353,265,12345,FER,,19,CALUSO - Liceo,|
C0353,265,12345,FER,,20,CALUSO - via De Brissac,|
C0353,265,12345,FER,,21,CANDIA - p.zza VII Martiri,|
C0353,265,12345,FER,,22,MERCENASCO - Stazione FS,|
C0353,265,12345,FER,,23,MERCENASCO - via Nazionale,|
C0353,265,12345,FER,,24,STRAMBINO - c.so Torino,|
C0353,265,12345,FER,,25,STRAMBINO - Stazione FS,|
C0353,265,12345,FER,,26,CERONE - Bivio,|
C0353,265,12345,FER,,27,SAN BERNARDO - via Torino,|
C0353,265,12345,FER,,28,IVREA - loc Banchette,8:53
C0353,265,12345,FER,,29,IVREA - Stazione FS,8:55
C0353,265,12345,FER,,30,IVREA - Porta Vercelli,8:58
C0353,265,12345,FER,,31,IVREA - Porta Aosta,9:00
C0353,265,12345,FER,,32,MONTALTO DORA,9:03
C0353,265,12345,FER,,33,BORGOFRANCO - Stazione FS,9:08
C0353,265,12345,FER,,34,MONTESTRUTTO,9:10
C0353,265,12345,FER,,35,SETTIMO VITTONE,9:12
C0353,265,12345,FER,,36,TAVAGNASCO - Stazione FS,9:15
C0353,265,12345,FER,,37,QUINCINETTO - largo Europa,9:19
C0353,265,12345,FER,,38,CAREMA - via Torino,9:24
C0353,265,12345,FER,,39,PONT S. MARTIN - Stazione FS,9:25
C0353,265,12345,FER,,40,PONT S.MARTIN-pzza IV Novembre,9:26
C0354,265,6,FER,A,1,CHIVASSO - Staz. FS Movicentro,8:43
C0354,265,6,FER,A,2,CHIVASSO - p.le Alfa-Lancia,8:47
C0354,265,6,FER,A,3,CHIVASSO - Bivio Mosche,8:54
C0354,265,6,FER,A,4,CHIVASSO - Bivio Boschetto (TEMP. SOPPRESSA),8:56
C0354,265,6,FER,A,5,CALUSO - Bivio Carolina (TEMP. SOPPRESSA),8:57
C0354,265,6,FER,A,6,VALLO - Bivio (TEMP. SOPPRESSA),8:58
C0354,265,6,FER,A,7,ARÉ- via Duca degli Abruzzi,9:00
C0354,265,6,FER,A,8,CALUSO - via De Brissac,9:06
C0354,265,6,FER,A,9,CANDIA - p.zza VII Martiri,9:11
C0354,265,6,FER,A,10,MERCENASCO - Stazione FS,9:15
C0354,265,6,FER,A,11,MERCENASCO - via Nazionale,9:16
C0354,265,6,FER,A,12,STRAMBINO - c.so Torino,9:20
C0354,265,6,FER,A,13,CERONE - Bivio,9:23
C0354,265,6,FER,A,14,SAN BERNARDO - via Torino,9:28
C0354,265,6,FER,A,15,IVREA - Stazione FS,9:35
C0354,265,6,FER,A,16,IVREA - Porta Vercelli,9:37
C0354,265,6,FER,A,17,IVREA - Porta Aosta,9:39
C0354,265,6,FER,A,18,MONTALTO DORA,9:42
C0354,265,6,FER,A,19,BORGOFRANCO - Stazione FS,9:47
C0354,265,6,FER,A,20,MONTESTRUTTO,9:49
C0354,265,6,FER,A,21,SETTIMO VITTONE,9:51
C0354,265,6,FER,A,22,TAVAGNASCO - Stazione FS,9:54
C0354,265,6,FER,A,23,QUINCINETTO - largo Europa,9:58
C0354,265,6,FER,A,24,CAREMA - via Torino,10:03
C0354,265,6,FER,A,25,PONT S. MARTIN - Stazione FS,10:04
C0355,265,12345,FER,A,1,TO - Autostazione c.so Bolzano,8:15
C0355,265,12345,FER,A,2,TORINO - c.so Giulio Cesare,8:27
C0355,265,12345,FER,A,3,TORINO - c.so G. Cesare,8:35
C0355,265,12345,FER,A,4,TORINO - c.so G.Cesare (IVECO),8:42
C0355,265,12345,FER,A,5,TORINO - c.so G.Cesare (SPAZIO CONAD),8:44
C0355,265,12345,FER,A,6,SETTIMO T.SE - casello A4,8:47
C0355,265,12345,FER,A,7,CHIVASSO - Bivio Mosche,8:58
C0355,265,12345,FER,A,8,CHIVASSO - Bivio Boschetto (TEMP. SOPPRESSA),9:00
C0355,265,12345,FER,A,9,CALUSO - Bivio Carolina (TEMP. SOPPRESSA),9:01
C0355,265,12345,FER,A,10,VALLO - Bivio (TEMP. SOPPRESSA),9:05
C0355,265,12345,FER,A,11,ARÉ- via Duca degli Abruzzi,9:07
C0355,265,12345,FER,A,12,CALUSO - via De Brissac,9:12
C0355,265,12345,FER,A,13,CANDIA - p.zza VII Martiri,9:17
C0355,265,12345,FER,A,14,MERCENASCO - Stazione FS,9:21
C0355,265,12345,FER,A,15,MERCENASCO - via Nazionale,9:22
C0355,265,12345,FER,A,16,STRAMBINO - c.so Torino,9:27
C0355,265,12345,FER,A,17,CERONE - Bivio,9:28
C0355,265,12345,FER,A,18,SAN BERNARDO - via Torino,9:34
C0355,265,12345,FER,A,19,IVREA - Stazione FS,9:40
C0355,265,12345,FER,A,20,IVREA - Porta Vercelli,9:42
C0355,265,12345,FER,A,21,IVREA - Porta Aosta,9:44
C0355,265,12345,FER,A,22,MONTALTO DORA,9:47
C0355,265,12345,FER,A,23,BORGOFRANCO - Stazione FS,9:52
C0355,265,12345,FER,A,24,MONTESTRUTTO,9:54
C0355,265,12345,FER,A,25,SETTIMO VITTONE,9:56
C0355,265,12345,FER,A,26,TAVAGNASCO - Stazione FS,9:59
C0355,265,12345,FER,A,27,QUINCINETTO - largo Europa,10:03
C0355,265,12345,FER,A,28,CAREMA - via Torino,10:08
C0355,265,12345,FER,A,29,PONT S. MARTIN - Stazione FS,10:09
C0355,265,12345,FER,A,30,PONT S.MARTIN-pzza IV Novembre,10:11
C0356,265,123456,FER,F,1,TO - Autostazione c.so Bolzano,9:06
C0356,265,123456,FER,F,2,TORINO - c.so Giulio Cesare,9:18
C0356,265,123456,FER,F,3,TORINO - c.so G. Cesare,9:26
C0356,265,123456,FER,F,4,TORINO - c.so G.Cesare (IVECO),9:33
C0356,265,123456,FER,F,5,TORINO - c.so G.Cesare (SPAZIO CONAD),9:35
C0356,265,123456,FER,F,6,SETTIMO T.SE - casello A4,|
C0356,265,123456,FER,F,7,BRANDIZZO - casello A4,|
C0356,265,123456,FER,F,8,CHIVASSO - Staz. FS Movicentro,|
C0356,265,123456,FER,F,9,CHIVASSO - p.le Alfa-Lancia,|
C0356,265,123456,FER,F,10,MONTANARO-v.Caviglietti-StazFS,|
C0356,265,123456,FER,F,11,VALLO - Chiesa,|
C0356,265,123456,FER,F,12,RODALLO - Stazione FS,|
C0356,265,123456,FER,F,13,CHIVASSO - Bivio Mosche,|
C0356,265,123456,FER,F,14,CHIVASSO - Bivio Boschetto (TEMP. SOPPRESSA),|
C0356,265,123456,FER,F,15,CALUSO - Bivio Carolina (TEMP. SOPPRESSA),|
C0356,265,123456,FER,F,16,VALLO - Bivio (TEMP. SOPPRESSA),|
C0356,265,123456,FER,F,17,ARÉ- via Duca degli Abruzzi,|
C0356,265,123456,FER,F,18,CALUSO - Stazione FS,|
C0356,265,123456,FER,F,19,CALUSO - Liceo,|
C0356,265,123456,FER,F,20,CALUSO - via De Brissac,|
C0356,265,123456,FER,F,21,CANDIA - p.zza VII Martiri,|
C0356,265,123456,FER,F,22,MERCENASCO - Stazione FS,|
C0356,265,123456,FER,F,23,MERCENASCO - via Nazionale,|
C0356,265,123456,FER,F,24,STRAMBINO - c.so Torino,|
C0356,265,123456,FER,F,25,STRAMBINO - Stazione FS,|
C0356,265,123456,FER,F,26,CERONE - Bivio,|
C0356,265,123456,FER,F,27,SAN BERNARDO - via Torino,|
C0356,265,123456,FER,F,28,IVREA - loc Banchette,10:09
C0356,265,123456,FER,F,29,IVREA - Stazione FS,10:11
C0356,265,123456,FER,F,30,IVREA - Porta Vercelli,10:14
C0357,265,123456,FER,A,1,CHIVASSO - Staz. FS Movicentro,9:43
C0357,265,123456,FER,A,2,CHIVASSO - p.le Alfa-Lancia,9.47
C0357,265,123456,FER,A,3,CHIVASSO - Bivio Mosche,9.54
C0357,265,123456,FER,A,4,CHIVASSO - Bivio Boschetto (TEMP. SOPPRESSA),9.56
C0357,265,123456,FER,A,5,CALUSO - Bivio Carolina (TEMP. SOPPRESSA),9.57
C0357,265,123456,FER,A,6,VALLO - Bivio (TEMP. SOPPRESSA),9.58
C0357,265,123456,FER,A,7,ARÉ- via Duca degli Abruzzi,10.00
C0357,265,123456,FER,A,8,CALUSO - via De Brissac,10.06
C0357,265,123456,FER,A,9,CANDIA - p.zza VII Martiri,10.11
C0357,265,123456,FER,A,10,MERCENASCO - Stazione FS,10:15
C0357,265,123456,FER,A,11,MERCENASCO - via Nazionale,10.16
C0357,265,123456,FER,A,12,STRAMBINO - c.so Torino,10.20
C0357,265,123456,FER,A,13,CERONE - Bivio,10.23
C0357,265,123456,FER,A,14,SAN BERNARDO - via Torino,10.28
C0357,265,123456,FER,A,15,IVREA - Stazione FS,10:35
C0357,265,123456,FER,A,16,IVREA - Porta Vercelli,10.37
C0357,265,123456,FER,A,17,IVREA - Porta Aosta,10.39
C0357,265,123456,FER,A,18,MONTALTO DORA,10.42
C0357,265,123456,FER,A,19,BORGOFRANCO - Stazione FS,10.47
C0357,265,123456,FER,A,20,MONTESTRUTTO,10.49
C0357,265,123456,FER,A,21,SETTIMO VITTONE,10.51
C0357,265,123456,FER,A,22,TAVAGNASCO - Stazione FS,10.54
C0357,265,123456,FER,A,23,QUINCINETTO - largo Europa,10.58
C0357,265,123456,FER,A,24,CAREMA - via Torino,11.03
C0357,265,123456,FER,A,25,PONT S. MARTIN - Stazione FS,11.04
C0357,265,123456,FER,A,26,PONT S.MARTIN-pzza IV Novembre,11.05
C0358,265,6,FER,F,1,CHIVASSO - Staz. FS Movicentro,10:43
C0358,265,6,FER,F,2,CHIVASSO - p.le Alfa-Lancia,10.47
C0358,265,6,FER,F,3,CHIVASSO - Bivio Mosche,10.54
C0358,265,6,FER,F,4,CHIVASSO - Bivio Boschetto (TEMP. SOPPRESSA),10.56
C0358,265,6,FER,F,5,CALUSO - Bivio Carolina (TEMP. SOPPRESSA),10.57
C0358,265,6,FER,F,6,VALLO - Bivio (TEMP. SOPPRESSA),10.58
C0358,265,6,FER,F,7,ARÉ- via Duca degli Abruzzi,11.00
C0358,265,6,FER,F,8,CALUSO - via De Brissac,11.06
C0358,265,6,FER,F,9,CANDIA - p.zza VII Martiri,11.11
C0358,265,6,FER,F,10,MERCENASCO - Stazione FS,11:15
C0358,265,6,FER,F,11,MERCENASCO - via Nazionale,11.16
C0358,265,6,FER,F,12,STRAMBINO - c.so Torino,11.20
C0358,265,6,FER,F,13,CERONE - Bivio,11.23
C0358,265,6,FER,F,14,SAN BERNARDO - via Torino,11.28
C0358,265,6,FER,F,15,IVREA - Stazione FS,11:35
C0358,265,6,FER,F,16,IVREA - Porta Vercelli,11.37
C0358,265,6,FER,F,17,IVREA - Porta Aosta,11.39
C0358,265,6,FER,F,18,MONTALTO DORA,11.42
C0358,265,6,FER,F,19,BORGOFRANCO - Stazione FS,11.47
C0358,265,6,FER,F,20,MONTESTRUTTO,11.49
C0358,265,6,FER,F,21,SETTIMO VITTONE,11.51
C0358,265,6,FER,F,22,TAVAGNASCO - Stazione FS,11.54
C0358,265,6,FER,F,23,QUINCINETTO - largo Europa,11.58
C0358,265,6,FER,F,24,CAREMA - via Torino,12.03
C0358,265,6,FER,F,25,PONT S. MARTIN - Stazione FS,12.04
C0359,265,8,FEST,J,1,CHIVASSO - Staz. FS Movicentro,10:43
C0359,265,8,FEST,J,2,CHIVASSO - p.le Alfa-Lancia,10.47
C0359,265,8,FEST,J,3,CHIVASSO - Bivio Mosche,10.54
C0359,265,8,FEST,J,4,CHIVASSO - Bivio Boschetto (TEMP. SOPPRESSA),10.56
C0359,265,8,FEST,J,5,CALUSO - Bivio Carolina (TEMP. SOPPRESSA),10.57
C0359,265,8,FEST,J,6,VALLO - Bivio (TEMP. SOPPRESSA),10.58
C0359,265,8,FEST,J,7,ARÉ- via Duca degli Abruzzi,11.00
C0359,265,8,FEST,J,8,CALUSO - via De Brissac,11.06
C0359,265,8,FEST,J,9,CANDIA - p.zza VII Martiri,11.11
C0359,265,8,FEST,J,10,MERCENASCO - Stazione FS,11:15
C0359,265,8,FEST,J,11,MERCENASCO - via Nazionale,11.16
C0359,265,8,FEST,J,12,STRAMBINO - c.so Torino,11.20
C0359,265,8,FEST,J,13,CERONE - Bivio,11.23
C0359,265,8,FEST,J,14,SAN BERNARDO - via Torino,11.28
C0359,265,8,FEST,J,15,IVREA - Stazione FS,11:35
C0359,265,8,FEST,J,16,IVREA - Porta Vercelli,11.37
C0359,265,8,FEST,J,17,IVREA - Porta Aosta,11.39
C0359,265,8,FEST,J,18,MONTALTO DORA,11.42
C0359,265,8,FEST,J,19,BORGOFRANCO - Stazione FS,11.47
C0359,265,8,FEST,J,20,MONTESTRUTTO,11.49
C0359,265,8,FEST,J,21,SETTIMO VITTONE,11.51
C0359,265,8,FEST,J,22,TAVAGNASCO - Stazione FS,11.54
C0359,265,8,FEST,J,23,QUINCINETTO - largo Europa,11.58
C0359,265,8,FEST,J,24,CAREMA - via Torino,12.03
C0359,265,8,FEST,J,25,PONT S. MARTIN - Stazione FS,12.04
C0359,265,8,FEST,J,26,PONT S.MARTIN-pzza IV Novembre,12.05
C0360,265,12345,FER,FS,1,CHIVASSO - Staz. FS Movicentro,10:45
C0360,265,12345,FER,FS,2,MONTANARO-v.Caviglietti-StazFS,10:58
C0360,265,12345,FER,FS,3,VALLO - Chiesa,11:05
C0360,265,12345,FER,FS,4,RODALLO - Stazione FS,11:07
C0360,265,12345,FER,FS,5,CALUSO - Stazione FS,11:14
C0360,265,12345,FER,FS,6,CALUSO - via De Brissac,11:20
C0360,265,12345,FER,FS,7,CANDIA - p.zza VII Martiri,11:24
C0360,265,12345,FER,FS,8,MERCENASCO - Stazione FS,11:28
C0360,265,12345,FER,FS,9,MERCENASCO - via Nazionale,11:29
C0360,265,12345,FER,FS,10,STRAMBINO - c.so Torino,11:32
C0360,265,12345,FER,FS,11,STRAMBINO - Stazione FS,11:34
C0360,265,12345,FER,FS,12,CERONE - Bivio,11:35
C0360,265,12345,FER,FS,13,SAN BERNARDO - via Torino,11:40
C0360,265,12345,FER,FS,14,IVREA - Stazione FS,11:45
C0361,265,12345,FER,,1,TO - Autostazione c.so Bolzano,12:06
C0361,265,12345,FER,,2,TORINO - c.so Giulio Cesare,12:18
C0361,265,12345,FER,,3,TORINO - c.so G. Cesare,12:26
C0361,265,12345,FER,,4,TORINO - c.so G.Cesare (IVECO),12:33
C0361,265,12345,FER,,5,TORINO - c.so G.Cesare (SPAZIO CONAD),12:35
C0361,265,12345,FER,,6,SETTIMO T.SE - casello A4,|
C0361,265,12345,FER,,7,BRANDIZZO - casello A4,|
C0361,265,12345,FER,,8,CHIVASSO - Staz. FS Movicentro,|
C0361,265,12345,FER,,9,CHIVASSO - p.le Alfa-Lancia,|
C0361,265,12345,FER,,10,MONTANARO-v.Caviglietti-StazFS,|
C0361,265,12345,FER,,11,VALLO - Chiesa,|
C0361,265,12345,FER,,12,RODALLO - Stazione FS,|
C0361,265,12345,FER,,13,CHIVASSO - Bivio Mosche,|
C0361,265,12345,FER,,14,CHIVASSO - Bivio Boschetto (TEMP. SOPPRESSA),|
C0361,265,12345,FER,,15,CALUSO - Bivio Carolina (TEMP. SOPPRESSA),|
C0361,265,12345,FER,,16,VALLO - Bivio (TEMP. SOPPRESSA),|
C0361,265,12345,FER,,17,ARÉ- via Duca degli Abruzzi,|
C0361,265,12345,FER,,18,CALUSO - Stazione FS,|
C0361,265,12345,FER,,19,CALUSO - Liceo,|
C0361,265,12345,FER,,20,CALUSO - via De Brissac,|
C0361,265,12345,FER,,21,CANDIA - p.zza VII Martiri,|
C0361,265,12345,FER,,22,MERCENASCO - Stazione FS,|
C0361,265,12345,FER,,23,MERCENASCO - via Nazionale,|
C0361,265,12345,FER,,24,STRAMBINO - c.so Torino,|
C0361,265,12345,FER,,25,STRAMBINO - Stazione FS,|
C0361,265,12345,FER,,26,CERONE - Bivio,|
C0361,265,12345,FER,,27,SAN BERNARDO - via Torino,|
C0361,265,12345,FER,,28,IVREA - loc Banchette,13:09
C0361,265,12345,FER,,29,IVREA - Stazione FS,13:11
C0361,265,12345,FER,,30,IVREA - Porta Vercelli,13:14
C0361,265,12345,FER,,31,IVREA - Porta Aosta,13:16
C0361,265,12345,FER,,32,MONTALTO DORA,13:19
C0361,265,12345,FER,,33,BORGOFRANCO - Stazione FS,13:24
C0361,265,12345,FER,,34,MONTESTRUTTO,13:26
C0361,265,12345,FER,,35,SETTIMO VITTONE,13:28
C0361,265,12345,FER,,36,TAVAGNASCO - Stazione FS,13:31
C0361,265,12345,FER,,37,QUINCINETTO - largo Europa,13:35
C0361,265,12345,FER,,38,CAREMA - via Torino,13:40
C0361,265,12345,FER,,39,PONT S. MARTIN - Stazione FS,13:41
C0361,265,12345,FER,,40,PONT S.MARTIN-pzza IV Novembre,13:42
C0362,265,123456,FER,A,1,CHIVASSO - Staz. FS Movicentro,12:23
C0362,265,123456,FER,A,2,CHIVASSO - p.le Alfa-Lancia,12.27
C0362,265,123456,FER,A,3,CHIVASSO - Bivio Mosche,12.34
C0362,265,123456,FER,A,4,CHIVASSO - Bivio Boschetto (TEMP. SOPPRESSA),12.36
C0362,265,123456,FER,A,5,CALUSO - Bivio Carolina (TEMP. SOPPRESSA),12.37
C0362,265,123456,FER,A,6,VALLO - Bivio (TEMP. SOPPRESSA),12.38
C0362,265,123456,FER,A,7,ARÉ- via Duca degli Abruzzi,12.40
C0362,265,123456,FER,A,8,CALUSO - via De Brissac,12.46
C0362,265,123456,FER,A,9,CANDIA - p.zza VII Martiri,12.51
C0362,265,123456,FER,A,10,MERCENASCO - Stazione FS,12:55
C0362,265,123456,FER,A,11,MERCENASCO - via Nazionale,12:56
C0362,265,123456,FER,A,12,STRAMBINO - c.so Torino,13:00
C0362,265,123456,FER,A,13,CERONE - Bivio,13:03
C0362,265,123456,FER,A,14,SAN BERNARDO - via Torino,13:08
C0362,265,123456,FER,A,15,IVREA - Stazione FS,13:15
C0362,265,123456,FER,A,16,IVREA - Porta Vercelli,13:17
C0362,265,123456,FER,A,17,IVREA - Porta Aosta,13:19
C0362,265,123456,FER,A,18,MONTALTO DORA,13:22
C0362,265,123456,FER,A,19,BORGOFRANCO - Stazione FS,13:27
C0362,265,123456,FER,A,20,MONTESTRUTTO,13:29
C0362,265,123456,FER,A,21,SETTIMO VITTONE,13:31
C0362,265,123456,FER,A,22,TAVAGNASCO - Stazione FS,13:34
C0362,265,123456,FER,A,23,QUINCINETTO - largo Europa,13:38
C0362,265,123456,FER,A,24,CAREMA - via Torino,13:43
C0362,265,123456,FER,A,25,PONT S. MARTIN - Stazione FS,13:44
C0362,265,123456,FER,A,26,PONT S.MARTIN-pzza IV Novembre,13:45
C0363,265,123456,FER,A,1,CHIVASSO - Staz. FS Movicentro,12:43
C0363,265,123456,FER,A,2,CHIVASSO - p.le Alfa-Lancia,12.47
C0363,265,123456,FER,A,3,CHIVASSO - Bivio Mosche,12.54
C0363,265,123456,FER,A,4,CHIVASSO - Bivio Boschetto (TEMP. SOPPRESSA),12.56
C0363,265,123456,FER,A,5,CALUSO - Bivio Carolina (TEMP. SOPPRESSA),12.57
C0363,265,123456,FER,A,6,VALLO - Bivio (TEMP. SOPPRESSA),12.58
C0363,265,123456,FER,A,7,ARÉ- via Duca degli Abruzzi,13.00
C0363,265,123456,FER,A,8,CALUSO - via De Brissac,13.06
C0363,265,123456,FER,A,9,CANDIA - p.zza VII Martiri,13.11
C0363,265,123456,FER,A,10,MERCENASCO - Stazione FS,13:15
C0363,265,123456,FER,A,11,MERCENASCO - via Nazionale,13.16
C0363,265,123456,FER,A,12,STRAMBINO - c.so Torino,13.20
C0363,265,123456,FER,A,13,CERONE - Bivio,13.23
C0363,265,123456,FER,A,14,SAN BERNARDO - via Torino,13.28
C0363,265,123456,FER,A,15,IVREA - Stazione FS,13:35
C0363,265,123456,FER,A,16,IVREA - Porta Vercelli,13.37
C0363,265,123456,FER,A,17,IVREA - Porta Aosta,13.39
C0363,265,123456,FER,A,18,MONTALTO DORA,13.42
C0363,265,123456,FER,A,19,BORGOFRANCO - Stazione FS,13.47
C0363,265,123456,FER,A,20,MONTESTRUTTO,13.49
C0363,265,123456,FER,A,21,SETTIMO VITTONE,13.51
C0363,265,123456,FER,A,22,TAVAGNASCO - Stazione FS,13.54
C0363,265,123456,FER,A,23,QUINCINETTO - largo Europa,13.58
C0363,265,123456,FER,A,24,CAREMA - via Torino,14.03
C0363,265,123456,FER,A,25,PONT S. MARTIN - Stazione FS,14.04
C0363,265,123456,FER,A,26,PONT S.MARTIN-pzza IV Novembre,14.05
C0364,265,123456,FER,F,1,CHIVASSO - Staz. FS Movicentro,12:43
C0364,265,123456,FER,F,2,CHIVASSO - p.le Alfa-Lancia,12.47
C0364,265,123456,FER,F,3,CHIVASSO - Bivio Mosche,12.54
C0364,265,123456,FER,F,4,CHIVASSO - Bivio Boschetto (TEMP. SOPPRESSA),12.56
C0364,265,123456,FER,F,5,CALUSO - Bivio Carolina (TEMP. SOPPRESSA),12.57
C0364,265,123456,FER,F,6,VALLO - Bivio (TEMP. SOPPRESSA),12.58
C0364,265,123456,FER,F,7,ARÉ- via Duca degli Abruzzi,13.00
C0364,265,123456,FER,F,8,CALUSO - via De Brissac,13.06
C0364,265,123456,FER,F,9,CANDIA - p.zza VII Martiri,13.11
C0364,265,123456,FER,F,10,MERCENASCO - Stazione FS,13:15
C0364,265,123456,FER,F,11,MERCENASCO - via Nazionale,13.16
C0364,265,123456,FER,F,12,STRAMBINO - c.so Torino,13.20
C0364,265,123456,FER,F,13,CERONE - Bivio,13.23
C0364,265,123456,FER,F,14,SAN BERNARDO - via Torino,13.28
C0364,265,123456,FER,F,15,IVREA - Stazione FS,13.34
C0364,265,123456,FER,F,16,IVREA - Porta Vercelli,13.37
C0365,265,12345,FER,A,1,TO - Autostazione c.so Bolzano,12:50
C0365,265,12345,FER,A,2,TORINO - c.so Giulio Cesare,13:00
C0365,265,12345,FER,A,3,TORINO - c.so G. Cesare,13:07
C0365,265,12345,FER,A,4,TORINO - c.so G.Cesare (IVECO),13:13
C0365,265,12345,FER,A,5,TORINO - c.so G.Cesare (SPAZIO CONAD),13:15
C0365,265,12345,FER,A,6,SETTIMO T.SE - casello A4,|
C0365,265,12345,FER,A,7,BRANDIZZO - casello A4,|
C0365,265,12345,FER,A,8,CHIVASSO - Staz. FS Movicentro,|
C0365,265,12345,FER,A,9,CHIVASSO - p.le Alfa-Lancia,|
C0365,265,12345,FER,A,10,MONTANARO-v.Caviglietti-StazFS,|
C0365,265,12345,FER,A,11,VALLO - Chiesa,|
C0365,265,12345,FER,A,12,RODALLO - Stazione FS,|
C0365,265,12345,FER,A,13,CHIVASSO - Bivio Mosche,|
C0365,265,12345,FER,A,14,CHIVASSO - Bivio Boschetto (TEMP. SOPPRESSA),|
C0365,265,12345,FER,A,15,CALUSO - Bivio Carolina (TEMP. SOPPRESSA),|
C0365,265,12345,FER,A,16,VALLO - Bivio (TEMP. SOPPRESSA),|
C0365,265,12345,FER,A,17,ARÉ- via Duca degli Abruzzi,|
C0365,265,12345,FER,A,18,CALUSO - Stazione FS,|
C0365,265,12345,FER,A,19,CALUSO - Liceo,|
C0365,265,12345,FER,A,20,CALUSO - via De Brissac,13:49
C0365,265,12345,FER,A,21,CANDIA - p.zza VII Martiri,13:53
C0365,265,12345,FER,A,22,MERCENASCO - Stazione FS,13:57
C0365,265,12345,FER,A,23,MERCENASCO - via Nazionale,13:58
C0365,265,12345,FER,A,24,STRAMBINO - c.so Torino,14:00
C0365,265,12345,FER,A,25,CERONE - Bivio,14:03
C0365,265,12345,FER,A,26,SAN BERNARDO - via Torino,14:07
C0365,265,12345,FER,A,27,IVREA - Stazione FS,14:10
C0365,265,12345,FER,A,28,IVREA - Porta Vercelli,14:16
C0365,265,12345,FER,A,29,IVREA - Porta Aosta,14:17
C0365,265,12345,FER,A,30,MONTALTO DORA,14:19
C0365,265,12345,FER,A,31,BORGOFRANCO - Stazione FS,14:23
C0365,265,12345,FER,A,32,MONTESTRUTTO,14:27
C0365,265,12345,FER,A,33,SETTIMO VITTONE,14:28
C0365,265,12345,FER,A,34,TAVAGNASCO - Stazione FS,14:31
C0365,265,12345,FER,A,35,QUINCINETTO - largo Europa,14:36
C0365,265,12345,FER,A,36,CAREMA - via Torino,14:41
C0365,265,12345,FER,A,37,PONT S. MARTIN - Stazione FS,14:43
C0365,265,12345,FER,A,38,PONT S.MARTIN-pzza IV Novembre,14:46
C0366,265,123456,FER,A,1,CHIVASSO - Staz. FS Movicentro,13:43
C0366,265,123456,FER,A,2,CHIVASSO - p.le Alfa-Lancia,13.47
C0366,265,123456,FER,A,3,CHIVASSO - Bivio Mosche,13.54
C0366,265,123456,FER,A,4,CHIVASSO - Bivio Boschetto (TEMP. SOPPRESSA),13.56
C0366,265,123456,FER,A,5,CALUSO - Bivio Carolina (TEMP. SOPPRESSA),13.57
C0366,265,123456,FER,A,6,VALLO - Bivio (TEMP. SOPPRESSA),13.58
C0366,265,123456,FER,A,7,ARÉ- via Duca degli Abruzzi,14.00
C0366,265,123456,FER,A,8,CALUSO - via De Brissac,14.06
C0366,265,123456,FER,A,9,CANDIA - p.zza VII Martiri,14.11
C0366,265,123456,FER,A,10,MERCENASCO - Stazione FS,14:15
C0366,265,123456,FER,A,11,MERCENASCO - via Nazionale,14.16
C0366,265,123456,FER,A,12,STRAMBINO - c.so Torino,14.20
C0366,265,123456,FER,A,13,CERONE - Bivio,14.23
C0366,265,123456,FER,A,14,SAN BERNARDO - via Torino,14.28
C0366,265,123456,FER,A,15,IVREA - Stazione FS,14:35
C0366,265,123456,FER,A,16,IVREA - Porta Vercelli,14.37
C0366,265,123456,FER,A,17,IVREA - Porta Aosta,14.39
C0366,265,123456,FER,A,18,MONTALTO DORA,14.42
C0366,265,123456,FER,A,19,BORGOFRANCO - Stazione FS,14.47
C0366,265,123456,FER,A,20,MONTESTRUTTO,14.49
C0366,265,123456,FER,A,21,SETTIMO VITTONE,14.51
C0366,265,123456,FER,A,22,TAVAGNASCO - Stazione FS,14.54
C0366,265,123456,FER,A,23,QUINCINETTO - largo Europa,14.58
C0366,265,123456,FER,A,24,CAREMA - via Torino,15.03
C0366,265,123456,FER,A,25,PONT S. MARTIN - Stazione FS,15.04
C0366,265,123456,FER,A,26,PONT S.MARTIN-pzza IV Novembre,15.05
C0367,265,12345,FER,,1,TO - Autostazione c.so Bolzano,14:06
C0367,265,12345,FER,,2,TORINO - c.so Giulio Cesare,14:18
C0367,265,12345,FER,,3,TORINO - c.so G. Cesare,14:26
C0367,265,12345,FER,,4,TORINO - c.so G.Cesare (IVECO),14:33
C0367,265,12345,FER,,5,TORINO - c.so G.Cesare (SPAZIO CONAD),14:35
C0367,265,12345,FER,,6,SETTIMO T.SE - casello A4,|
C0367,265,12345,FER,,7,BRANDIZZO - casello A4,|
C0367,265,12345,FER,,8,CHIVASSO - Staz. FS Movicentro,|
C0367,265,12345,FER,,9,CHIVASSO - p.le Alfa-Lancia,|
C0367,265,12345,FER,,10,MONTANARO-v.Caviglietti-StazFS,|
C0367,265,12345,FER,,11,VALLO - Chiesa,|
C0367,265,12345,FER,,12,RODALLO - Stazione FS,|
C0367,265,12345,FER,,13,CHIVASSO - Bivio Mosche,|
C0367,265,12345,FER,,14,CHIVASSO - Bivio Boschetto (TEMP. SOPPRESSA),|
C0367,265,12345,FER,,15,CALUSO - Bivio Carolina (TEMP. SOPPRESSA),|
C0367,265,12345,FER,,16,VALLO - Bivio (TEMP. SOPPRESSA),|
C0367,265,12345,FER,,17,ARÉ- via Duca degli Abruzzi,|
C0367,265,12345,FER,,18,CALUSO - Stazione FS,|
C0367,265,12345,FER,,19,CALUSO - Liceo,|
C0367,265,12345,FER,,20,CALUSO - via De Brissac,|
C0367,265,12345,FER,,21,CANDIA - p.zza VII Martiri,|
C0367,265,12345,FER,,22,MERCENASCO - Stazione FS,|
C0367,265,12345,FER,,23,MERCENASCO - via Nazionale,|
C0367,265,12345,FER,,24,STRAMBINO - c.so Torino,|
C0367,265,12345,FER,,25,STRAMBINO - Stazione FS,|
C0367,265,12345,FER,,26,CERONE - Bivio,|
C0367,265,12345,FER,,27,SAN BERNARDO - via Torino,|
C0367,265,12345,FER,,28,IVREA - loc Banchette,15:09
C0367,265,12345,FER,,29,IVREA - Stazione FS,15:11
C0367,265,12345,FER,,30,IVREA - Porta Vercelli,15:14
C0367,265,12345,FER,,31,IVREA - Porta Aosta,15:16
C0367,265,12345,FER,,32,MONTALTO DORA,15:19
C0367,265,12345,FER,,33,BORGOFRANCO - Stazione FS,15:24
C0367,265,12345,FER,,34,MONTESTRUTTO,15:26
C0367,265,12345,FER,,35,SETTIMO VITTONE,15:28
C0367,265,12345,FER,,36,TAVAGNASCO - Stazione FS,15:31
C0367,265,12345,FER,,37,QUINCINETTO - largo Europa,15:35
C0367,265,12345,FER,,38,CAREMA - via Torino,15:40
C0367,265,12345,FER,,39,PONT S. MARTIN - Stazione FS,15:41
C0367,265,12345,FER,,40,PONT S.MARTIN-pzza IV Novembre,15:42
C0368,265,12345,FER,S,1,TO-p.za Cattaneo-Mirafiori FCA,14.10
C0368,265,12345,FER,S,2,GRUGLIASCO - via Libertà,14:30
C0368,265,12345,FER,S,3,SETTIMO T.SE - casello A4,14:55
C0368,265,12345,FER,S,4,BRANDIZZO - casello A4,15:00
C0368,265,12345,FER,S,5,CHIVASSO - p.le Alfa-Lancia,15:06
C0368,265,12345,FER,S,6,VALLO - Chiesa,15:15
C0368,265,12345,FER,S,7,RODALLO - Stazione FS,15:20
C0368,265,12345,FER,S,8,ARÉ- via Duca degli Abruzzi,15:23
C0368,265,12345,FER,S,9,CALUSO - via De Brissac,15:29
C0368,265,12345,FER,S,10,CANDIA - p.zza VII Martiri,15:33
C0368,265,12345,FER,S,11,MERCENASCO - Stazione FS,15:36
C0368,265,12345,FER,S,12,MERCENASCO - via Nazionale,15:37
C0368,265,12345,FER,S,13,STRAMBINO - c.so Torino,15:40
C0368,265,12345,FER,S,14,CERONE - Bivio,15:42
C0368,265,12345,FER,S,15,SAN BERNARDO - via Torino,15:46
C0368,265,12345,FER,S,16,IVREA - Stazione FS,15:50
C0368,265,12345,FER,S,17,IVREA - Porta Vercelli,15:54
C0368,265,12345,FER,S,18,IVREA - Porta Aosta,15:55
C0369,265,12345,SCO,Scol,1,CALUSO - Liceo,14.58
C0369,265,12345,SCO,Scol,2,CALUSO - via De Brissac,15:00
C0369,265,12345,SCO,Scol,3,CANDIA - p.zza VII Martiri,15:04
C0369,265,12345,SCO,Scol,4,MERCENASCO - Stazione FS,15:08
C0369,265,12345,SCO,Scol,5,MERCENASCO - via Nazionale,15:09
C0369,265,12345,SCO,Scol,6,STRAMBINO - c.so Torino,15:13
C0369,265,12345,SCO,Scol,7,CERONE - Bivio,15:15
C0369,265,12345,SCO,Scol,8,SAN BERNARDO - via Torino,15:20
C0369,265,12345,SCO,Scol,9,IVREA - Stazione FS,15:26
C0369,265,12345,SCO,Scol,10,IVREA - Porta Vercelli,15:31
C0369,265,12345,SCO,Scol,11,IVREA - Porta Aosta,15:33
C0369,265,12345,SCO,Scol,12,MONTALTO DORA,15:37
C0369,265,12345,SCO,Scol,13,BORGOFRANCO - Stazione FS,15:40
C0369,265,12345,SCO,Scol,14,MONTESTRUTTO,15:43
C0369,265,12345,SCO,Scol,15,SETTIMO VITTONE,15:44
C0369,265,12345,SCO,Scol,16,TAVAGNASCO - Stazione FS,15:46
C0369,265,12345,SCO,Scol,17,QUINCINETTO - largo Europa,15:51
C0369,265,12345,SCO,Scol,18,CAREMA - via Torino,15:55
C0369,265,12345,SCO,Scol,19,PONT S. MARTIN - Stazione FS,15:56
C0369,265,12345,SCO,Scol,20,PONT S.MARTIN-pzza IV Novembre,15:58
C0370,265,123456,FER,A,1,CHIVASSO - Staz. FS Movicentro,14.43
C0370,265,123456,FER,A,2,CHIVASSO - p.le Alfa-Lancia,14.47
C0370,265,123456,FER,A,3,CHIVASSO - Bivio Mosche,14.54
C0370,265,123456,FER,A,4,CHIVASSO - Bivio Boschetto (TEMP. SOPPRESSA),14.56
C0370,265,123456,FER,A,5,CALUSO - Bivio Carolina (TEMP. SOPPRESSA),14.57
C0370,265,123456,FER,A,6,VALLO - Bivio (TEMP. SOPPRESSA),14.58
C0370,265,123456,FER,A,7,ARÉ- via Duca degli Abruzzi,15.00
C0370,265,123456,FER,A,8,CALUSO - via De Brissac,15.06
C0370,265,123456,FER,A,9,CANDIA - p.zza VII Martiri,15.11
C0370,265,123456,FER,A,10,MERCENASCO - Stazione FS,15:15
C0370,265,123456,FER,A,11,MERCENASCO - via Nazionale,15.16
C0370,265,123456,FER,A,12,STRAMBINO - c.so Torino,15.20
C0370,265,123456,FER,A,13,CERONE - Bivio,15.23
C0370,265,123456,FER,A,14,SAN BERNARDO - via Torino,15.28
C0370,265,123456,FER,A,15,IVREA - Stazione FS,15.34
C0370,265,123456,FER,A,16,IVREA - Porta Vercelli,15.37
C0371,265,6,FER,F,1,TO - Autostazione c.so Bolzano,15.06
C0371,265,6,FER,F,2,TORINO - c.so Giulio Cesare,15:18
C0371,265,6,FER,F,3,TORINO - c.so G. Cesare,15:26
C0371,265,6,FER,F,4,TORINO - c.so G.Cesare (IVECO),15:33
C0371,265,6,FER,F,5,TORINO - c.so G.Cesare (SPAZIO CONAD),15:35
C0371,265,6,FER,F,6,SETTIMO T.SE - casello A4,|
C0371,265,6,FER,F,7,BRANDIZZO - casello A4,|
C0371,265,6,FER,F,8,CHIVASSO - Staz. FS Movicentro,|
C0371,265,6,FER,F,9,CHIVASSO - p.le Alfa-Lancia,|
C0371,265,6,FER,F,10,MONTANARO-v.Caviglietti-StazFS,|
C0371,265,6,FER,F,11,VALLO - Chiesa,|
C0371,265,6,FER,F,12,RODALLO - Stazione FS,|
C0371,265,6,FER,F,13,CHIVASSO - Bivio Mosche,|
C0371,265,6,FER,F,14,CHIVASSO - Bivio Boschetto (TEMP. SOPPRESSA),|
C0371,265,6,FER,F,15,CALUSO - Bivio Carolina (TEMP. SOPPRESSA),|
C0371,265,6,FER,F,16,VALLO - Bivio (TEMP. SOPPRESSA),|
C0371,265,6,FER,F,17,ARÉ- via Duca degli Abruzzi,|
C0371,265,6,FER,F,18,CALUSO - Stazione FS,|
C0371,265,6,FER,F,19,CALUSO - Liceo,|
C0371,265,6,FER,F,20,CALUSO - via De Brissac,|
C0371,265,6,FER,F,21,CANDIA - p.zza VII Martiri,|
C0371,265,6,FER,F,22,MERCENASCO - Stazione FS,|
C0371,265,6,FER,F,23,MERCENASCO - via Nazionale,|
C0371,265,6,FER,F,24,STRAMBINO - c.so Torino,|
C0371,265,6,FER,F,25,STRAMBINO - Stazione FS,|
C0371,265,6,FER,F,26,CERONE - Bivio,|
C0371,265,6,FER,F,27,SAN BERNARDO - via Torino,|
C0371,265,6,FER,F,28,IVREA - loc Banchette,16:09
C0371,265,6,FER,F,29,IVREA - Stazione FS,16:11
C0371,265,6,FER,F,30,IVREA - Porta Vercelli,16:14
C0372,265,123456,FER,A,1,CHIVASSO - Staz. FS Movicentro,15.43
C0372,265,123456,FER,A,2,CHIVASSO - p.le Alfa-Lancia,15.47
C0372,265,123456,FER,A,3,CHIVASSO - Bivio Mosche,15.54
C0372,265,123456,FER,A,4,CHIVASSO - Bivio Boschetto (TEMP. SOPPRESSA),15.56
C0372,265,123456,FER,A,5,CALUSO - Bivio Carolina (TEMP. SOPPRESSA),15.57
C0372,265,123456,FER,A,6,VALLO - Bivio (TEMP. SOPPRESSA),15.58
C0372,265,123456,FER,A,7,ARÉ- via Duca degli Abruzzi,16.00
C0372,265,123456,FER,A,8,CALUSO - via De Brissac,16.06
C0372,265,123456,FER,A,9,CANDIA - p.zza VII Martiri,16.11
C0372,265,123456,FER,A,10,MERCENASCO - Stazione FS,16:15
C0372,265,123456,FER,A,11,MERCENASCO - via Nazionale,16.16
C0372,265,123456,FER,A,12,STRAMBINO - c.so Torino,16.20
C0372,265,123456,FER,A,13,CERONE - Bivio,16.23
C0372,265,123456,FER,A,14,SAN BERNARDO - via Torino,16.28
C0372,265,123456,FER,A,15,IVREA - Stazione FS,16:35
C0372,265,123456,FER,A,16,IVREA - Porta Vercelli,16.37
C0372,265,123456,FER,A,17,IVREA - Porta Aosta,16.39
C0372,265,123456,FER,A,18,MONTALTO DORA,16.42
C0372,265,123456,FER,A,19,BORGOFRANCO - Stazione FS,16.47
C0372,265,123456,FER,A,20,MONTESTRUTTO,16.49
C0372,265,123456,FER,A,21,SETTIMO VITTONE,16.51
C0372,265,123456,FER,A,22,TAVAGNASCO - Stazione FS,16.54
C0372,265,123456,FER,A,23,QUINCINETTO - largo Europa,16.58
C0372,265,123456,FER,A,24,CAREMA - via Torino,17.03
C0372,265,123456,FER,A,25,PONT S. MARTIN - Stazione FS,17.04
C0372,265,123456,FER,A,26,PONT S.MARTIN-pzza IV Novembre,17.05
C0373,265,12345,FER,,1,TO - Autostazione c.so Bolzano,15:36
C0373,265,12345,FER,,2,TORINO - c.so Giulio Cesare,15:48
C0373,265,12345,FER,,3,TORINO - c.so G. Cesare,15:56
C0373,265,12345,FER,,4,TORINO - c.so G.Cesare (IVECO),16:03
C0373,265,12345,FER,,5,TORINO - c.so G.Cesare (SPAZIO CONAD),16:05
C0373,265,12345,FER,,6,SETTIMO T.SE - casello A4,|
C0373,265,12345,FER,,7,BRANDIZZO - casello A4,|
C0373,265,12345,FER,,8,CHIVASSO - Staz. FS Movicentro,|
C0373,265,12345,FER,,9,CHIVASSO - p.le Alfa-Lancia,|
C0373,265,12345,FER,,10,MONTANARO-v.Caviglietti-StazFS,|
C0373,265,12345,FER,,11,VALLO - Chiesa,|
C0373,265,12345,FER,,12,RODALLO - Stazione FS,|
C0373,265,12345,FER,,13,CHIVASSO - Bivio Mosche,|
C0373,265,12345,FER,,14,CHIVASSO - Bivio Boschetto (TEMP. SOPPRESSA),|
C0373,265,12345,FER,,15,CALUSO - Bivio Carolina (TEMP. SOPPRESSA),|
C0373,265,12345,FER,,16,VALLO - Bivio (TEMP. SOPPRESSA),|
C0373,265,12345,FER,,17,ARÉ- via Duca degli Abruzzi,|
C0373,265,12345,FER,,18,CALUSO - Stazione FS,|
C0373,265,12345,FER,,19,CALUSO - Liceo,|
C0373,265,12345,FER,,20,CALUSO - via De Brissac,|
C0373,265,12345,FER,,21,CANDIA - p.zza VII Martiri,|
C0373,265,12345,FER,,22,MERCENASCO - Stazione FS,|
C0373,265,12345,FER,,23,MERCENASCO - via Nazionale,|
C0373,265,12345,FER,,24,STRAMBINO - c.so Torino,|
C0373,265,12345,FER,,25,STRAMBINO - Stazione FS,|
C0373,265,12345,FER,,26,CERONE - Bivio,|
C0373,265,12345,FER,,27,SAN BERNARDO - via Torino,|
C0373,265,12345,FER,,28,IVREA - loc Banchette,16:39
C0373,265,12345,FER,,29,IVREA - Stazione FS,16:41
C0373,265,12345,FER,,30,IVREA - Porta Vercelli,16:44
C0374,265,,GG,J,1,CHIVASSO - Staz. FS Movicentro,16.43
C0374,265,,GG,J,2,CHIVASSO - p.le Alfa-Lancia,16.47
C0374,265,,GG,J,3,CHIVASSO - Bivio Mosche,16.54
C0374,265,,GG,J,4,CHIVASSO - Bivio Boschetto (TEMP. SOPPRESSA),16.56
C0374,265,,GG,J,5,CALUSO - Bivio Carolina (TEMP. SOPPRESSA),16.57
C0374,265,,GG,J,6,VALLO - Bivio (TEMP. SOPPRESSA),16.58
C0374,265,,GG,J,7,ARÉ- via Duca degli Abruzzi,17.00
C0374,265,,GG,J,8,CALUSO - via De Brissac,17.06
C0374,265,,GG,J,9,CANDIA - p.zza VII Martiri,17.11
C0374,265,,GG,J,10,MERCENASCO - Stazione FS,17:15
C0374,265,,GG,J,11,MERCENASCO - via Nazionale,17.16
C0374,265,,GG,J,12,STRAMBINO - c.so Torino,17.20
C0374,265,,GG,J,13,CERONE - Bivio,17.23
C0374,265,,GG,J,14,SAN BERNARDO - via Torino,17.28
C0374,265,,GG,J,15,IVREA - Stazione FS,17:35
C0374,265,,GG,J,16,IVREA - Porta Vercelli,17.37
C0374,265,,GG,J,17,IVREA - Porta Aosta,17.39
C0374,265,,GG,J,18,MONTALTO DORA,17.42
C0374,265,,GG,J,19,BORGOFRANCO - Stazione FS,17.47
C0374,265,,GG,J,20,MONTESTRUTTO,17.49
C0374,265,,GG,J,21,SETTIMO VITTONE,17.51
C0374,265,,GG,J,22,TAVAGNASCO - Stazione FS,17.54
C0374,265,,GG,J,23,QUINCINETTO - largo Europa,17.58
C0374,265,,GG,J,24,CAREMA - via Torino,18.03
C0374,265,,GG,J,25,PONT S. MARTIN - Stazione FS,18.04
C0374,265,,GG,J,26,PONT S.MARTIN-pzza IV Novembre,18.05
C0375,265,678,FEST,F,1,CHIVASSO - Staz. FS Movicentro,16.43
C0375,265,678,FEST,F,2,CHIVASSO - p.le Alfa-Lancia,16.47
C0375,265,678,FEST,F,3,CHIVASSO - Bivio Mosche,16.54
C0375,265,678,FEST,F,4,CHIVASSO - Bivio Boschetto (TEMP. SOPPRESSA),16.56
C0375,265,678,FEST,F,5,CALUSO - Bivio Carolina (TEMP. SOPPRESSA),16.57
C0375,265,678,FEST,F,6,VALLO - Bivio (TEMP. SOPPRESSA),16.58
C0375,265,678,FEST,F,7,ARÉ- via Duca degli Abruzzi,17.00
C0375,265,678,FEST,F,8,CALUSO - via De Brissac,17.06
C0375,265,678,FEST,F,9,CANDIA - p.zza VII Martiri,17.11
C0375,265,678,FEST,F,10,MERCENASCO - Stazione FS,17:15
C0375,265,678,FEST,F,11,MERCENASCO - via Nazionale,17.16
C0375,265,678,FEST,F,12,STRAMBINO - c.so Torino,17.20
C0375,265,678,FEST,F,13,CERONE - Bivio,17.23
C0375,265,678,FEST,F,14,SAN BERNARDO - via Torino,17.28
C0375,265,678,FEST,F,15,IVREA - Stazione FS,17:35
C0375,265,678,FEST,F,16,IVREA - Porta Vercelli,17.37
C0375,265,678,FEST,F,17,IVREA - Porta Aosta,17.39
C0375,265,678,FEST,F,18,MONTALTO DORA,17.42
C0375,265,678,FEST,F,19,BORGOFRANCO - Stazione FS,17.47
C0375,265,678,FEST,F,20,MONTESTRUTTO,17.49
C0375,265,678,FEST,F,21,SETTIMO VITTONE,17.51
C0375,265,678,FEST,F,22,TAVAGNASCO - Stazione FS,17.54
C0375,265,678,FEST,F,23,QUINCINETTO - largo Europa,17.58
C0375,265,678,FEST,F,24,CAREMA - via Torino,18.03
C0375,265,678,FEST,F,25,PONT S. MARTIN - Stazione FS,18.04
C0375,265,678,FEST,F,26,PONT S.MARTIN-pzza IV Novembre,18.05
C0376,265,12345,FER,S,1,TO-p.za Cattaneo-Mirafiori FCA,16.10
C0376,265,12345,FER,S,2,GRUGLIASCO - via Libertà,16.30
C0376,265,12345,FER,S,3,SETTIMO T.SE - casello A4,16.57
C0376,265,12345,FER,S,4,BRANDIZZO - casello A4,17.01
C0376,265,12345,FER,S,5,CHIVASSO - p.le Alfa-Lancia,17:08
C0376,265,12345,FER,S,6,ARÉ- via Duca degli Abruzzi,17.15
C0376,265,12345,FER,S,7,CALUSO - via De Brissac,17.21
C0376,265,12345,FER,S,8,CANDIA - p.zza VII Martiri,17.25
C0376,265,12345,FER,S,9,MERCENASCO - Stazione FS,17:29
C0376,265,12345,FER,S,10,MERCENASCO - via Nazionale,17.30
C0376,265,12345,FER,S,11,STRAMBINO - c.so Torino,17.33
C0376,265,12345,FER,S,12,CERONE - Bivio,17.36
C0376,265,12345,FER,S,13,SAN BERNARDO - via Torino,17.41
C0376,265,12345,FER,S,14,IVREA - Stazione FS,17:48
C0376,265,12345,FER,S,15,IVREA - Porta Vercelli,17.50
C0376,265,12345,FER,S,16,IVREA - Porta Aosta,17.52
C0376,265,12345,FER,S,17,MONTALTO DORA,17.55
C0376,265,12345,FER,S,18,BORGOFRANCO - Stazione FS,18.00
C0376,265,12345,FER,S,19,MONTESTRUTTO,18.03
C0376,265,12345,FER,S,20,SETTIMO VITTONE,18.04
C0376,265,12345,FER,S,21,TAVAGNASCO - Stazione FS,18.07
C0376,265,12345,FER,S,22,QUINCINETTO - largo Europa,18.11
C0376,265,12345,FER,S,23,CAREMA - via Torino,18.16
C0376,265,12345,FER,S,24,PONT S. MARTIN - Stazione FS,18.17
C0376,265,12345,FER,S,25,PONT S.MARTIN-pzza IV Novembre,18.18
C0377,265,12345,FER,,1,TO - Autostazione c.so Bolzano,17.16
C0377,265,12345,FER,,2,TORINO - c.so Giulio Cesare,17.28
C0377,265,12345,FER,,3,TORINO - c.so G. Cesare,17.36
C0377,265,12345,FER,,4,TORINO - c.so G.Cesare (IVECO),17.43
C0377,265,12345,FER,,5,TORINO - c.so G.Cesare (SPAZIO CONAD),17:45
C0377,265,12345,FER,,6,SETTIMO T.SE - casello A4,|
C0377,265,12345,FER,,7,BRANDIZZO - casello A4,|
C0377,265,12345,FER,,8,CHIVASSO - Staz. FS Movicentro,|
C0377,265,12345,FER,,9,CHIVASSO - p.le Alfa-Lancia,|
C0377,265,12345,FER,,10,MONTANARO-v.Caviglietti-StazFS,|
C0377,265,12345,FER,,11,VALLO - Chiesa,|
C0377,265,12345,FER,,12,RODALLO - Stazione FS,|
C0377,265,12345,FER,,13,CHIVASSO - Bivio Mosche,|
C0377,265,12345,FER,,14,CHIVASSO - Bivio Boschetto (TEMP. SOPPRESSA),|
C0377,265,12345,FER,,15,CALUSO - Bivio Carolina (TEMP. SOPPRESSA),|
C0377,265,12345,FER,,16,VALLO - Bivio (TEMP. SOPPRESSA),|
C0377,265,12345,FER,,17,ARÉ- via Duca degli Abruzzi,|
C0377,265,12345,FER,,18,CALUSO - Stazione FS,|
C0377,265,12345,FER,,19,CALUSO - Liceo,|
C0377,265,12345,FER,,20,CALUSO - via De Brissac,|
C0377,265,12345,FER,,21,CANDIA - p.zza VII Martiri,|
C0377,265,12345,FER,,22,MERCENASCO - Stazione FS,|
C0377,265,12345,FER,,23,MERCENASCO - via Nazionale,|
C0377,265,12345,FER,,24,STRAMBINO - c.so Torino,|
C0377,265,12345,FER,,25,STRAMBINO - Stazione FS,|
C0377,265,12345,FER,,26,CERONE - Bivio,|
C0377,265,12345,FER,,27,SAN BERNARDO - via Torino,|
C0377,265,12345,FER,,28,IVREA - loc Banchette,18:19
C0377,265,12345,FER,,29,IVREA - Stazione FS,18.21
C0377,265,12345,FER,,30,IVREA - Porta Vercelli,18.24
C0378,265,123456,FER,A,1,CHIVASSO - Staz. FS Movicentro,17:43
C0378,265,123456,FER,A,2,CHIVASSO - p.le Alfa-Lancia,17.47
C0378,265,123456,FER,A,3,CHIVASSO - Bivio Mosche,17.54
C0378,265,123456,FER,A,4,CHIVASSO - Bivio Boschetto (TEMP. SOPPRESSA),17.56
C0378,265,123456,FER,A,5,CALUSO - Bivio Carolina (TEMP. SOPPRESSA),17.57
C0378,265,123456,FER,A,6,VALLO - Bivio (TEMP. SOPPRESSA),17.58
C0378,265,123456,FER,A,7,ARÉ- via Duca degli Abruzzi,18.00
C0378,265,123456,FER,A,8,CALUSO - via De Brissac,18.06
C0378,265,123456,FER,A,9,CANDIA - p.zza VII Martiri,18.11
C0378,265,123456,FER,A,10,MERCENASCO - Stazione FS,18:15
C0378,265,123456,FER,A,11,MERCENASCO - via Nazionale,18.16
C0378,265,123456,FER,A,12,STRAMBINO - c.so Torino,18.20
C0378,265,123456,FER,A,13,CERONE - Bivio,18.23
C0378,265,123456,FER,A,14,SAN BERNARDO - via Torino,18.28
C0378,265,123456,FER,A,15,IVREA - Stazione FS,18:35
C0378,265,123456,FER,A,16,IVREA - Porta Vercelli,18.37
C0378,265,123456,FER,A,17,IVREA - Porta Aosta,18.39
C0378,265,123456,FER,A,18,MONTALTO DORA,18.42
C0378,265,123456,FER,A,19,BORGOFRANCO - Stazione FS,18.47
C0378,265,123456,FER,A,20,MONTESTRUTTO,18.49
C0378,265,123456,FER,A,21,SETTIMO VITTONE,18.51
C0378,265,123456,FER,A,22,TAVAGNASCO - Stazione FS,18.54
C0378,265,123456,FER,A,23,QUINCINETTO - largo Europa,18.58
C0378,265,123456,FER,A,24,CAREMA - via Torino,19.03
C0378,265,123456,FER,A,25,PONT S. MARTIN - Stazione FS,19.04
C0378,265,123456,FER,A,26,PONT S.MARTIN-pzza IV Novembre,19.05
C0379,265,12345,FER,A,1,TO - Autostazione c.so Bolzano,18:06
C0379,265,12345,FER,A,2,TORINO - c.so Giulio Cesare,18:18
C0379,265,12345,FER,A,3,TORINO - c.so G. Cesare,18:26
C0379,265,12345,FER,A,4,TORINO - c.so G.Cesare (IVECO),18:33
C0379,265,12345,FER,A,5,TORINO - c.so G.Cesare (SPAZIO CONAD),18:35
C0379,265,12345,FER,A,6,SETTIMO T.SE - casello A4,|
C0379,265,12345,FER,A,7,BRANDIZZO - casello A4,|
C0379,265,12345,FER,A,8,CHIVASSO - Staz. FS Movicentro,|
C0379,265,12345,FER,A,9,CHIVASSO - p.le Alfa-Lancia,|
C0379,265,12345,FER,A,10,MONTANARO-v.Caviglietti-StazFS,|
C0379,265,12345,FER,A,11,VALLO - Chiesa,|
C0379,265,12345,FER,A,12,RODALLO - Stazione FS,|
C0379,265,12345,FER,A,13,CHIVASSO - Bivio Mosche,|
C0379,265,12345,FER,A,14,CHIVASSO - Bivio Boschetto (TEMP. SOPPRESSA),|
C0379,265,12345,FER,A,15,CALUSO - Bivio Carolina (TEMP. SOPPRESSA),|
C0379,265,12345,FER,A,16,VALLO - Bivio (TEMP. SOPPRESSA),|
C0379,265,12345,FER,A,17,ARÉ- via Duca degli Abruzzi,|
C0379,265,12345,FER,A,18,CALUSO - Stazione FS,|
C0379,265,12345,FER,A,19,CALUSO - Liceo,|
C0379,265,12345,FER,A,20,CALUSO - via De Brissac,|
C0379,265,12345,FER,A,21,CANDIA - p.zza VII Martiri,|
C0379,265,12345,FER,A,22,MERCENASCO - Stazione FS,|
C0379,265,12345,FER,A,23,MERCENASCO - via Nazionale,|
C0379,265,12345,FER,A,24,STRAMBINO - c.so Torino,|
C0379,265,12345,FER,A,25,STRAMBINO - Stazione FS,|
C0379,265,12345,FER,A,26,CERONE - Bivio,|
C0379,265,12345,FER,A,27,SAN BERNARDO - via Torino,|
C0379,265,12345,FER,A,28,IVREA - loc Banchette,19:09
C0379,265,12345,FER,A,29,IVREA - Stazione FS,19:11
C0379,265,12345,FER,A,30,IVREA - Porta Vercelli,19:14
C0380,265,12345,FER,,1,TO - Autostazione c.so Bolzano,18:15
C0380,265,12345,FER,,2,TORINO - c.so Giulio Cesare,18:27
C0380,265,12345,FER,,3,TORINO - c.so G. Cesare,18:35
C0380,265,12345,FER,,4,TORINO - c.so G.Cesare (IVECO),18:42
C0380,265,12345,FER,,5,TORINO - c.so G.Cesare (SPAZIO CONAD),18:44
C0380,265,12345,FER,,6,SETTIMO T.SE - casello A4,18:47
C0380,265,12345,FER,,7,CHIVASSO - Bivio Mosche,18:58
C0380,265,12345,FER,,8,CHIVASSO - Bivio Boschetto (TEMP. SOPPRESSA),19:00
C0380,265,12345,FER,,9,CALUSO - Bivio Carolina (TEMP. SOPPRESSA),19:01
C0380,265,12345,FER,,10,VALLO - Bivio (TEMP. SOPPRESSA),19:05
C0380,265,12345,FER,,11,ARÉ- via Duca degli Abruzzi,19:07
C0380,265,12345,FER,,12,CALUSO - via De Brissac,19:12
C0380,265,12345,FER,,13,CANDIA - p.zza VII Martiri,19:17
C0380,265,12345,FER,,14,MERCENASCO - Stazione FS,19:21
C0380,265,12345,FER,,15,MERCENASCO - via Nazionale,19:22
C0380,265,12345,FER,,16,STRAMBINO - c.so Torino,19:27
C0380,265,12345,FER,,17,CERONE - Bivio,19:28
C0380,265,12345,FER,,18,SAN BERNARDO - via Torino,19:34
C0380,265,12345,FER,,19,IVREA - Stazione FS,19:40
C0380,265,12345,FER,,20,IVREA - Porta Vercelli,19:43
C0380,265,12345,FER,,21,IVREA - Porta Aosta,19:45
C0380,265,12345,FER,,22,MONTALTO DORA,19:48
C0380,265,12345,FER,,23,BORGOFRANCO - Stazione FS,19:53
C0380,265,12345,FER,,24,MONTESTRUTTO,19:55
C0380,265,12345,FER,,25,SETTIMO VITTONE,19:57
C0380,265,12345,FER,,26,TAVAGNASCO - Stazione FS,20:00
C0380,265,12345,FER,,27,QUINCINETTO - largo Europa,20:04
C0380,265,12345,FER,,28,CAREMA - via Torino,20:09
C0380,265,12345,FER,,29,PONT S. MARTIN - Stazione FS,20:10
C0380,265,12345,FER,,30,PONT S.MARTIN-pzza IV Novembre,20:11
C0381,265,6,FER,A,1,TO - Autostazione c.so Bolzano,18:15
C0381,265,6,FER,A,2,TORINO - c.so Giulio Cesare,18:27
C0381,265,6,FER,A,3,TORINO - c.so G. Cesare,18:35
C0381,265,6,FER,A,4,TORINO - c.so G.Cesare (IVECO),18:42
C0381,265,6,FER,A,5,TORINO - c.so G.Cesare (SPAZIO CONAD),18:44
C0381,265,6,FER,A,6,SETTIMO T.SE - casello A4,18:47
C0381,265,6,FER,A,7,CHIVASSO - Bivio Mosche,18:58
C0381,265,6,FER,A,8,CHIVASSO - Bivio Boschetto (TEMP. SOPPRESSA),19:00
C0381,265,6,FER,A,9,CALUSO - Bivio Carolina (TEMP. SOPPRESSA),19:01
C0381,265,6,FER,A,10,VALLO - Bivio (TEMP. SOPPRESSA),19:05
C0381,265,6,FER,A,11,ARÉ- via Duca degli Abruzzi,19:07
C0381,265,6,FER,A,12,CALUSO - via De Brissac,19:12
C0381,265,6,FER,A,13,CANDIA - p.zza VII Martiri,19:17
C0381,265,6,FER,A,14,MERCENASCO - Stazione FS,19:21
C0381,265,6,FER,A,15,MERCENASCO - via Nazionale,19:22
C0381,265,6,FER,A,16,STRAMBINO - c.so Torino,19:27
C0381,265,6,FER,A,17,CERONE - Bivio,19:28
C0381,265,6,FER,A,18,SAN BERNARDO - via Torino,19:34
C0381,265,6,FER,A,19,IVREA - Stazione FS,19:40
C0381,265,6,FER,A,20,IVREA - Porta Vercelli,19:43
C0381,265,6,FER,A,21,IVREA - Porta Aosta,19:45
C0381,265,6,FER,A,22,MONTALTO DORA,19:48
C0381,265,6,FER,A,23,BORGOFRANCO - Stazione FS,19:53
C0381,265,6,FER,A,24,MONTESTRUTTO,19:55
C0381,265,6,FER,A,25,SETTIMO VITTONE,19:57
C0381,265,6,FER,A,26,TAVAGNASCO - Stazione FS,20:00
C0381,265,6,FER,A,27,QUINCINETTO - largo Europa,20:04
C0381,265,6,FER,A,28,CAREMA - via Torino,20:09
C0381,265,6,FER,A,29,PONT S. MARTIN - Stazione FS,20:10
C0381,265,6,FER,A,30,PONT S.MARTIN-pzza IV Novembre,20:11
C0382,265,6,FER,F,1,CHIVASSO - Staz. FS Movicentro,18:43
C0382,265,6,FER,F,2,CHIVASSO - p.le Alfa-Lancia,18.47
C0382,265,6,FER,F,3,CHIVASSO - Bivio Mosche,18.54
C0382,265,6,FER,F,4,CHIVASSO - Bivio Boschetto (TEMP. SOPPRESSA),18.56
C0382,265,6,FER,F,5,CALUSO - Bivio Carolina (TEMP. SOPPRESSA),18.57
C0382,265,6,FER,F,6,VALLO - Bivio (TEMP. SOPPRESSA),18.58
C0382,265,6,FER,F,7,ARÉ- via Duca degli Abruzzi,19.00
C0382,265,6,FER,F,8,CALUSO - via De Brissac,19.06
C0382,265,6,FER,F,9,CANDIA - p.zza VII Martiri,19.11
C0382,265,6,FER,F,10,MERCENASCO - Stazione FS,19:15
C0382,265,6,FER,F,11,MERCENASCO - via Nazionale,19.16
C0382,265,6,FER,F,12,STRAMBINO - c.so Torino,19.20
C0382,265,6,FER,F,13,CERONE - Bivio,19.23
C0382,265,6,FER,F,14,SAN BERNARDO - via Torino,19.28
C0382,265,6,FER,F,15,IVREA - Stazione FS,19.34
C0382,265,6,FER,F,16,IVREA - Porta Vercelli,19.37
C0383,265,123456,FER,A,1,CHIVASSO - Staz. FS Movicentro,19.43
C0383,265,123456,FER,A,2,CHIVASSO - p.le Alfa-Lancia,19.47
C0383,265,123456,FER,A,3,CHIVASSO - Bivio Mosche,19.54
C0383,265,123456,FER,A,4,CHIVASSO - Bivio Boschetto (TEMP. SOPPRESSA),19.56
C0383,265,123456,FER,A,5,CALUSO - Bivio Carolina (TEMP. SOPPRESSA),19.57
C0383,265,123456,FER,A,6,VALLO - Bivio (TEMP. SOPPRESSA),19.58
C0383,265,123456,FER,A,7,ARÉ- via Duca degli Abruzzi,20.00
C0383,265,123456,FER,A,8,CALUSO - via De Brissac,20.06
C0383,265,123456,FER,A,9,CANDIA - p.zza VII Martiri,20.11
C0383,265,123456,FER,A,10,MERCENASCO - Stazione FS,20:15
C0383,265,123456,FER,A,11,MERCENASCO - via Nazionale,20.16
C0383,265,123456,FER,A,12,STRAMBINO - c.so Torino,20.20
C0383,265,123456,FER,A,13,CERONE - Bivio,20.23
C0383,265,123456,FER,A,14,SAN BERNARDO - via Torino,20.28
C0383,265,123456,FER,A,15,IVREA - Stazione FS,20:35
C0383,265,123456,FER,A,16,IVREA - Porta Vercelli,20.37
C0383,265,123456,FER,A,17,IVREA - Porta Aosta,20.39
C0383,265,123456,FER,A,18,MONTALTO DORA,20.42
C0383,265,123456,FER,A,19,BORGOFRANCO - Stazione FS,20.47
C0383,265,123456,FER,A,20,MONTESTRUTTO,20.49
C0383,265,123456,FER,A,21,SETTIMO VITTONE,20.51
C0383,265,123456,FER,A,22,TAVAGNASCO - Stazione FS,20.54
C0383,265,123456,FER,A,23,QUINCINETTO - largo Europa,20.58
C0383,265,123456,FER,A,24,CAREMA - via Torino,21.03
C0383,265,123456,FER,A,25,PONT S. MARTIN - Stazione FS,21.04
C0383,265,123456,FER,A,26,PONT S.MARTIN-pzza IV Novembre,21.05
C0384,265,12345,FER,A,1,CHIVASSO - Staz. FS Movicentro,22:12
C0384,265,12345,FER,A,2,CHIVASSO - p.le Alfa-Lancia,22.16
C0384,265,12345,FER,A,3,CHIVASSO - Bivio Mosche,22.23
C0384,265,12345,FER,A,4,CHIVASSO - Bivio Boschetto (TEMP. SOPPRESSA),22.25
C0384,265,12345,FER,A,5,CALUSO - Bivio Carolina (TEMP. SOPPRESSA),22.26
C0384,265,12345,FER,A,6,VALLO - Bivio (TEMP. SOPPRESSA),22.27
C0384,265,12345,FER,A,7,ARÉ- via Duca degli Abruzzi,22.29
C0384,265,12345,FER,A,8,CALUSO - via De Brissac,22.35
C0384,265,12345,FER,A,9,CANDIA - p.zza VII Martiri,22.40
C0384,265,12345,FER,A,10,MERCENASCO - Stazione FS,22:44
C0384,265,12345,FER,A,11,MERCENASCO - via Nazionale,22.45
C0384,265,12345,FER,A,12,STRAMBINO - c.so Torino,22.49
C0384,265,12345,FER,A,13,CERONE - Bivio,22.52
C0384,265,12345,FER,A,14,SAN BERNARDO - via Torino,22.57
C0384,265,12345,FER,A,15,IVREA - Stazione FS,23:04
C0384,265,12345,FER,A,16,IVREA - Porta Vercelli,23.06
C0384,265,12345,FER,A,17,IVREA - Porta Aosta,23.08
C0384,265,12345,FER,A,18,MONTALTO DORA,23.11
C0384,265,12345,FER,A,19,BORGOFRANCO - Stazione FS,23.16
C0384,265,12345,FER,A,20,MONTESTRUTTO,23.18
C0384,265,12345,FER,A,21,SETTIMO VITTONE,23.20
C0384,265,12345,FER,A,22,TAVAGNASCO - Stazione FS,23.23
C0384,265,12345,FER,A,23,QUINCINETTO - largo Europa,23.27
C0384,265,12345,FER,A,24,CAREMA - via Torino,23.32
C0384,265,12345,FER,A,25,PONT S. MARTIN - Stazione FS,23.33
C0384,265,12345,FER,A,26,PONT S.MARTIN-pzza IV Novembre,23.34
C0385,265,12345,FER,S,1,TO-p.za Cattaneo-Mirafiori FCA,22.10
C0385,265,12345,FER,S,2,GRUGLIASCO - via Libertà,22:30
C0385,265,12345,FER,S,3,SETTIMO T.SE - casello A4,22:50
C0385,265,12345,FER,S,4,BRANDIZZO - casello A4,22:55
C0385,265,12345,FER,S,5,CHIVASSO - p.le Alfa-Lancia,23:01
C0385,265,12345,FER,S,6,VALLO - Chiesa,23:10
C0385,265,12345,FER,S,7,RODALLO - Stazione FS,23:12
C0385,265,12345,FER,S,8,ARÉ- via Duca degli Abruzzi,23:14
C0385,265,12345,FER,S,9,CALUSO - via De Brissac,23:19
C0385,265,12345,FER,S,10,CANDIA - p.zza VII Martiri,23:22
C0385,265,12345,FER,S,11,MERCENASCO - Stazione FS,23:26
C0385,265,12345,FER,S,12,MERCENASCO - via Nazionale,23:27
C0385,265,12345,FER,S,13,STRAMBINO - c.so Torino,23:30
C0385,265,12345,FER,S,14,CERONE - Bivio,23:32
C0385,265,12345,FER,S,15,SAN BERNARDO - via Torino,23:36
C0385,265,12345,FER,S,16,IVREA - Stazione FS,23:40
C0385,265,12345,FER,S,17,IVREA - Porta Vercelli,23:43
C0385,265,12345,FER,S,18,IVREA - Porta Aosta,23:44
C0386,265,123456,FER,S,1,IVREA - Porta Vercelli,4:05
C0386,265,123456,FER,S,2,IVREA - Porta Aosta,4:07
C0386,265,123456,FER,S,3,IVREA - Stazione FS,4:10
C0386,265,123456,FER,S,4,SAN BERNARDO - via Torino,4:14
C0386,265,123456,FER,S,5,CERONE - Bivio,4:18
C0386,265,123456,FER,S,6,STRAMBINO - c.so Torino,4:20
C0386,265,123456,FER,S,7,MERCENASCO - via Nazionale,4:22
C0386,265,123456,FER,S,8,MERCENASCO FS - Navoletto,4:23
C0386,265,123456,FER,S,9,CANDIA - p.zza VII Martiri,4:26
C0386,265,123456,FER,S,10,CALUSO - via De Brissac,4:30
C0386,265,123456,FER,S,11,ARÉ- via Duca degli Abruzzi,4:35
C0386,265,123456,FER,S,12,RODALLO - Stazione FS,4:37
C0386,265,123456,FER,S,13,VALLO - Chiesa,4:40
C0386,265,123456,FER,S,14,CHIVASSO - p.le Alfa-Lancia,4:51
C0386,265,123456,FER,S,15,BRANDIZZO - casello A4,4:55
C0386,265,123456,FER,S,16,SETTIMO T.SE - casello A4,5:00
C0386,265,123456,FER,S,17,GRUGLIASCO - via Libertà,5:20
C0386,265,123456,FER,S,18,TO-Settembrini-Mirafiori FCA,5:35
C0387,265,12345,FER,FS,1,IVREA - Stazione FS,4:40
C0387,265,12345,FER,FS,2,STRAMBINO - Stazione FS,4:56
C0387,265,12345,FER,FS,3,MERCENASCO FS - Navoletto,4:59
C0387,265,12345,FER,FS,4,CANDIA - p.zza VII Martiri,5:04
C0387,265,12345,FER,FS,5,CALUSO - Stazione FS,5:11
C0387,265,12345,FER,FS,6,RODALLO - Stazione FS,5:20
C0387,265,12345,FER,FS,7,MONTANARO-v.Caviglietti-StazFS,5:27
C0387,265,12345,FER,FS,8,CHIVASSO - Staz. FS Movicentro,5:35
C0388,265,123456,FER,A,1,PONT S.MARTIN-pzza IV Novembre,5:05
C0388,265,123456,FER,A,2,PONT S. MARTIN - Stazione FS,5:06
C0388,265,123456,FER,A,3,CAREMA - via Torino,5:07
C0388,265,123456,FER,A,4,QUINCINETTO - largo Europa,5:12
C0388,265,123456,FER,A,5,TAVAGNASCO - Stazione FS,5:16
C0388,265,123456,FER,A,6,SETTIMO VITTONE,5:19
C0388,265,123456,FER,A,7,MONTESTRUTTO,5:21
C0388,265,123456,FER,A,8,BORGOFRANCO - Stazione FS,5:23
C0388,265,123456,FER,A,9,MONTALTO DORA,5:28
C0388,265,123456,FER,A,10,IVREA - Porta Vercelli,5:33
C0388,265,123456,FER,A,11,IVREA - Porta Aosta,5:36
C0388,265,123456,FER,A,12,IVREA - Stazione FS,5:41
C0388,265,123456,FER,A,13,SAN BERNARDO - via Torino,5:46
C0388,265,123456,FER,A,14,CERONE - Bivio,5:51
C0388,265,123456,FER,A,15,STRAMBINO - c.so Torino,5:54
C0388,265,123456,FER,A,16,MERCENASCO - via Nazionale,5:58
C0388,265,123456,FER,A,17,MERCENASCO FS - Navoletto,5:59
C0388,265,123456,FER,A,18,CANDIA - p.zza VII Martiri,6:03
C0388,265,123456,FER,A,19,CALUSO - via De Brissac,6:08
C0388,265,123456,FER,A,20,ARÉ- via Duca degli Abruzzi,6:14
C0388,265,123456,FER,A,21,VALLO - Bivio (TEMP. SOPPRESSA),6:16
C0388,265,123456,FER,A,22,CALUSO - Bivio Carolina (TEMP. SOPPRESSA),6:17
C0388,265,123456,FER,A,23,CHIVASSO - Bivio Boschetto (TEMP. SOPPRESSA),6:18
C0388,265,123456,FER,A,24,CHIVASSO - Bivio Mosche,6:20
C0388,265,123456,FER,A,25,CHIVASSO - p.le Alfa-Lancia,6:27
C0388,265,123456,FER,A,26,CHIVASSO - Staz. FS Movicentro,6:31
C0389,265,12345,FER,S,1,PONT S.MARTIN-pzza IV Novembre,5:25
C0389,265,12345,FER,S,2,PONT S. MARTIN - Stazione FS,5:27
C0389,265,12345,FER,S,3,CAREMA - via Torino,5:29
C0389,265,12345,FER,S,4,QUINCINETTO - largo Europa,5:32
C0389,265,12345,FER,S,5,TAVAGNASCO - Stazione FS,5:37
C0389,265,12345,FER,S,6,SETTIMO VITTONE,5:39
C0389,265,12345,FER,S,7,MONTESTRUTTO,5:40
C0389,265,12345,FER,S,8,BORGOFRANCO - Stazione FS,5:43
C0389,265,12345,FER,S,9,MONTALTO DORA,5:47
C0389,265,12345,FER,S,10,IVREA - Porta Vercelli,5:53
C0389,265,12345,FER,S,11,IVREA - Porta Aosta,5:56
C0389,265,12345,FER,S,12,IVREA - Stazione FS,6:01
C0389,265,12345,FER,S,13,SAN BERNARDO - via Torino,6:04
C0389,265,12345,FER,S,14,CERONE - Bivio,6:08
C0389,265,12345,FER,S,15,STRAMBINO - c.so Torino,6:10
C0389,265,12345,FER,S,16,MERCENASCO - via Nazionale,6:12
C0389,265,12345,FER,S,17,MERCENASCO FS - Navoletto,6:13
C0389,265,12345,FER,S,18,CANDIA - p.zza VII Martiri,6:16
C0389,265,12345,FER,S,19,CALUSO - via De Brissac,6:22
C0389,265,12345,FER,S,20,ARÉ- via Duca degli Abruzzi,6:28
C0389,265,12345,FER,S,21,CHIVASSO - p.le Alfa-Lancia,6:40
C0389,265,12345,FER,S,22,BRANDIZZO - casello A4,6:45
C0389,265,12345,FER,S,23,SETTIMO T.SE - casello A4,6:50
C0389,265,12345,FER,S,24,GRUGLIASCO - via Libertà,7:21
C0389,265,12345,FER,S,25,TO-Settembrini-Mirafiori FCA,7:45
C0390,265,12345,FER,,1,PONT S.MARTIN-pzza IV Novembre,5.57
C0390,265,12345,FER,,2,PONT S. MARTIN - Stazione FS,5.58
C0390,265,12345,FER,,3,CAREMA - via Torino,5.59
C0390,265,12345,FER,,4,QUINCINETTO - largo Europa,6.04
C0390,265,12345,FER,,5,TAVAGNASCO - Stazione FS,6.08
C0390,265,12345,FER,,6,SETTIMO VITTONE,6.11
C0390,265,12345,FER,,7,MONTESTRUTTO,6.13
C0390,265,12345,FER,,8,BORGOFRANCO - Stazione FS,6.15
C0390,265,12345,FER,,9,MONTALTO DORA,6.20
C0390,265,12345,FER,,10,IVREA - Porta Vercelli,6.25
C0390,265,12345,FER,,11,IVREA - Porta Aosta,6.28
C0390,265,12345,FER,,12,IVREA - via Di Vittorio,6.32
C0390,265,12345,FER,,13,IVREA - Stazione FS,|
C0390,265,12345,FER,,14,IVREA - loc Banchette,6:36
C0390,265,12345,FER,,15,SAN BERNARDO - via Torino,|
C0390,265,12345,FER,,16,CERONE - Bivio,|
C0390,265,12345,FER,,17,STRAMBINO - Stazione FS,|
C0390,265,12345,FER,,18,STRAMBINO - c.so Torino,|
C0390,265,12345,FER,,19,MERCENASCO - via Nazionale,|
C0390,265,12345,FER,,20,MERCENASCO FS - Navoletto,|
C0390,265,12345,FER,,21,CANDIA - p.zza VII Martiri,|
C0390,265,12345,FER,,22,CALUSO - via De Brissac,I
C0390,265,12345,FER,,23,CALUSO - Stazione FS,I
C0390,265,12345,FER,,24,CALUSO - Liceo,|
C0390,265,12345,FER,,25,ARÉ- via Duca degli Abruzzi,|
C0390,265,12345,FER,,26,VALLO - Bivio (TEMP. SOPPRESSA),|
C0390,265,12345,FER,,27,CALUSO - Bivio Carolina (TEMP. SOPPRESSA),|
C0390,265,12345,FER,,28,CHIVASSO - Bivio Boschetto (TEMP. SOPPRESSA),|
C0390,265,12345,FER,,29,CHIVASSO - Bivio Mosche,|
C0390,265,12345,FER,,30,RODALLO - Stazione FS,|
C0390,265,12345,FER,,31,VALLO - Chiesa,|
C0390,265,12345,FER,,32,MONTANARO-v.Caviglietti-StazFS,|
C0390,265,12345,FER,,33,CHIVASSO - p.le Alfa-Lancia,|
C0390,265,12345,FER,,34,CHIVASSO - Staz. FS Movicentro,|
C0390,265,12345,FER,,35,BRANDIZZO - casello A4,|
C0390,265,12345,FER,,36,SETTIMO T.SE - casello A4,|
C0390,265,12345,FER,,37,TORINO-Parcheggio STURA (fermata a richiesta),7:05
C0390,265,12345,FER,,38,TORINO - c.so G.Cesare (IVECO),7.07
C0390,265,12345,FER,,39,TORINO - c.so G. Cesare,7.14
C0390,265,12345,FER,,40,TORINO - c.so Giulio Cesare,7.21
C0390,265,12345,FER,,41,TO - Autostazione c.so Bolzano,7.31
C0391,265,12345,FER,A,1,PONT S.MARTIN-pzza IV Novembre,6:22
C0391,265,12345,FER,A,2,PONT S. MARTIN - Stazione FS,6:23
C0391,265,12345,FER,A,3,CAREMA - via Torino,6:24
C0391,265,12345,FER,A,4,QUINCINETTO - largo Europa,6:29
C0391,265,12345,FER,A,5,TAVAGNASCO - Stazione FS,6:33
C0391,265,12345,FER,A,6,SETTIMO VITTONE,6:36
C0391,265,12345,FER,A,7,MONTESTRUTTO,6:38
C0391,265,12345,FER,A,8,BORGOFRANCO - Stazione FS,6:40
C0391,265,12345,FER,A,9,MONTALTO DORA,6:45
C0391,265,12345,FER,A,10,IVREA - Porta Vercelli,6:50
C0391,265,12345,FER,A,11,IVREA - Porta Aosta,6:53
C0391,265,12345,FER,A,12,IVREA - via Di Vittorio,6:57
C0391,265,12345,FER,A,13,IVREA - Stazione FS,|
C0391,265,12345,FER,A,14,IVREA - loc Banchette,7:01
C0391,265,12345,FER,A,15,SAN BERNARDO - via Torino,|
C0391,265,12345,FER,A,16,CERONE - Bivio,|
C0391,265,12345,FER,A,17,STRAMBINO - Stazione FS,|
C0391,265,12345,FER,A,18,STRAMBINO - c.so Torino,|
C0391,265,12345,FER,A,19,MERCENASCO - via Nazionale,|
C0391,265,12345,FER,A,20,MERCENASCO FS - Navoletto,|
C0391,265,12345,FER,A,21,CANDIA - p.zza VII Martiri,|
C0391,265,12345,FER,A,22,CALUSO - via De Brissac,I
C0391,265,12345,FER,A,23,CALUSO - Stazione FS,I
C0391,265,12345,FER,A,24,CALUSO - Liceo,|
C0391,265,12345,FER,A,25,ARÉ- via Duca degli Abruzzi,|
C0391,265,12345,FER,A,26,VALLO - Bivio (TEMP. SOPPRESSA),|
C0391,265,12345,FER,A,27,CALUSO - Bivio Carolina (TEMP. SOPPRESSA),|
C0391,265,12345,FER,A,28,CHIVASSO - Bivio Boschetto (TEMP. SOPPRESSA),|
C0391,265,12345,FER,A,29,CHIVASSO - Bivio Mosche,|
C0391,265,12345,FER,A,30,RODALLO - Stazione FS,|
C0391,265,12345,FER,A,31,VALLO - Chiesa,|
C0391,265,12345,FER,A,32,MONTANARO-v.Caviglietti-StazFS,|
C0391,265,12345,FER,A,33,CHIVASSO - p.le Alfa-Lancia,|
C0391,265,12345,FER,A,34,CHIVASSO - Staz. FS Movicentro,|
C0391,265,12345,FER,A,35,BRANDIZZO - casello A4,|
C0391,265,12345,FER,A,36,SETTIMO T.SE - casello A4,|
C0391,265,12345,FER,A,37,TORINO-Parcheggio STURA (fermata a richiesta),7:30
C0391,265,12345,FER,A,38,TORINO - c.so G.Cesare (IVECO),7:32
C0391,265,12345,FER,A,39,TORINO - c.so G. Cesare,7:39
C0391,265,12345,FER,A,40,TORINO - c.so Giulio Cesare,7:46
C0391,265,12345,FER,A,41,TO - Autostazione c.so Bolzano,7:56
C0392,265,12345,SCO,Scol,1,PONT S.MARTIN-pzza IV Novembre,6:40
C0392,265,12345,SCO,Scol,2,PONT S. MARTIN - Stazione FS,6:41
C0392,265,12345,SCO,Scol,3,CAREMA - via Torino,6:42
C0392,265,12345,SCO,Scol,4,QUINCINETTO - largo Europa,6:47
C0392,265,12345,SCO,Scol,5,TAVAGNASCO - Stazione FS,6:51
C0392,265,12345,SCO,Scol,6,SETTIMO VITTONE,6:54
C0392,265,12345,SCO,Scol,7,MONTESTRUTTO,6:56
C0392,265,12345,SCO,Scol,8,BORGOFRANCO - Stazione FS,6:58
C0392,265,12345,SCO,Scol,9,MONTALTO DORA,7:03
C0392,265,12345,SCO,Scol,10,IVREA - Porta Vercelli,7:08
C0392,265,12345,SCO,Scol,11,IVREA - Porta Aosta,7:11
C0392,265,12345,SCO,Scol,12,IVREA - Stazione FS,7:15
C0392,265,12345,SCO,Scol,13,SAN BERNARDO - via Torino,7:17
C0392,265,12345,SCO,Scol,14,CERONE - Bivio,7:21
C0392,265,12345,SCO,Scol,15,STRAMBINO - c.so Torino,7:27
C0392,265,12345,SCO,Scol,16,MERCENASCO - via Nazionale,7:31
C0392,265,12345,SCO,Scol,17,MERCENASCO FS - Navoletto,7:32
C0392,265,12345,SCO,Scol,18,CANDIA - p.zza VII Martiri,7:39
C0392,265,12345,SCO,Scol,19,CALUSO - via De Brissac,7:43
C0392,265,12345,SCO,Scol,20,CALUSO - Liceo,7:45
C0393,265,12345,SCO,Scol,1,PONT S.MARTIN-pzza IV Novembre,6:43
C0393,265,12345,SCO,Scol,2,PONT S. MARTIN - Stazione FS,6:42
C0393,265,12345,SCO,Scol,3,CAREMA - via Torino,6:45
C0393,265,12345,SCO,Scol,4,QUINCINETTO - largo Europa,6:50
C0393,265,12345,SCO,Scol,5,TAVAGNASCO - Stazione FS,6:54
C0393,265,12345,SCO,Scol,6,SETTIMO VITTONE,6:57
C0393,265,12345,SCO,Scol,7,MONTESTRUTTO,6:59
C0393,265,12345,SCO,Scol,8,BORGOFRANCO - Stazione FS,7:01
C0393,265,12345,SCO,Scol,9,MONTALTO DORA,7:06
C0393,265,12345,SCO,Scol,10,IVREA - Porta Aosta,7:11
C0393,265,12345,SCO,Scol,11,IVREA - Stazione FS,7:15
C0393,265,12345,SCO,Scol,12,SAN BERNARDO - via Torino,7:17
C0393,265,12345,SCO,Scol,13,CERONE - Bivio,7:21
C0393,265,12345,SCO,Scol,14,STRAMBINO - c.so Torino,7:27
C0394,265,12345,FER,,1,PONT S.MARTIN-pzza IV Novembre,6:47
C0394,265,12345,FER,,2,PONT S. MARTIN - Stazione FS,6:48
C0394,265,12345,FER,,3,CAREMA - via Torino,6:49
C0394,265,12345,FER,,4,QUINCINETTO - largo Europa,6:54
C0394,265,12345,FER,,5,TAVAGNASCO - Stazione FS,6.58
C0394,265,12345,FER,,6,SETTIMO VITTONE,6:59
C0394,265,12345,FER,,7,MONTESTRUTTO,7:00
C0394,265,12345,FER,,8,BORGOFRANCO - Stazione FS,7:02
C0394,265,12345,FER,,9,MONTALTO DORA,7:08
C0394,265,12345,FER,,10,IVREA - Porta Aosta,7:11
C0394,265,12345,FER,,11,IVREA - Stazione FS,7:14
C0394,265,12345,FER,,12,SAN BERNARDO - via Torino,7:21
C0394,265,12345,FER,,13,CERONE - Bivio,7:26
C0394,265,12345,FER,,14,STRAMBINO - c.so Torino,7:32
C0394,265,12345,FER,,15,MERCENASCO - via Nazionale,7:35
C0394,265,12345,FER,,16,MERCENASCO FS - Navoletto,7:36
C0394,265,12345,FER,,17,CANDIA - p.zza VII Martiri,7:43
C0394,265,12345,FER,,18,CALUSO - via De Brissac,7:47
C0394,265,12345,FER,,19,ARÉ- via Duca degli Abruzzi,7:55
C0394,265,12345,FER,,20,VALLO - Bivio (TEMP. SOPPRESSA),7:57
C0394,265,12345,FER,,21,CALUSO - Bivio Carolina (TEMP. SOPPRESSA),7:58
C0394,265,12345,FER,,22,CHIVASSO - Bivio Boschetto (TEMP. SOPPRESSA),8:00
C0394,265,12345,FER,,23,CHIVASSO - Bivio Mosche,8:02
C0394,265,12345,FER,,24,SETTIMO T.SE - casello A4,8:15
C0394,265,12345,FER,,25,TORINO-Parcheggio STURA (fermata a richiesta),8:22
C0394,265,12345,FER,,26,TORINO - c.so G.Cesare (IVECO),8:24
C0394,265,12345,FER,,27,TORINO - c.so G. Cesare,8:31
C0394,265,12345,FER,,28,TORINO - c.so Giulio Cesare,8:38
C0394,265,12345,FER,,29,TO - Autostazione c.so Bolzano,8:48
C0395,265,6,FER,A,1,PONT S. MARTIN - Stazione FS,6:53
C0395,265,6,FER,A,2,CAREMA - via Torino,6:54
C0395,265,6,FER,A,3,QUINCINETTO - largo Europa,6:59
C0395,265,6,FER,A,4,TAVAGNASCO - Stazione FS,7:03
C0395,265,6,FER,A,5,SETTIMO VITTONE,7:06
C0395,265,6,FER,A,6,MONTESTRUTTO,7:08
C0395,265,6,FER,A,7,BORGOFRANCO - Stazione FS,7:10
C0395,265,6,FER,A,8,MONTALTO DORA,7:15
C0395,265,6,FER,A,9,IVREA - Porta Vercelli,7:20
C0395,265,6,FER,A,10,IVREA - Porta Aosta,7:23
C0395,265,6,FER,A,11,IVREA - Stazione FS,7:28
C0395,265,6,FER,A,12,SAN BERNARDO - via Torino,7:33
C0395,265,6,FER,A,13,CERONE - Bivio,7:38
C0395,265,6,FER,A,14,STRAMBINO - c.so Torino,7:41
C0395,265,6,FER,A,15,MERCENASCO - via Nazionale,7:45
C0395,265,6,FER,A,16,MERCENASCO FS - Navoletto,7:46
C0395,265,6,FER,A,17,CANDIA - p.zza VII Martiri,7:50
C0395,265,6,FER,A,18,CALUSO - via De Brissac,7:55
C0395,265,6,FER,A,19,ARÉ- via Duca degli Abruzzi,8:01
C0395,265,6,FER,A,20,VALLO - Bivio (TEMP. SOPPRESSA),8:03
C0395,265,6,FER,A,21,CALUSO - Bivio Carolina (TEMP. SOPPRESSA),8:04
C0395,265,6,FER,A,22,CHIVASSO - Bivio Boschetto (TEMP. SOPPRESSA),8:05
C0395,265,6,FER,A,23,CHIVASSO - Bivio Mosche,8:07
C0395,265,6,FER,A,24,CHIVASSO - p.le Alfa-Lancia,8:14
C0395,265,6,FER,A,25,CHIVASSO - Staz. FS Movicentro,8:18
C0396,265,12345,FER,,1,IVREA - Porta Vercelli,7:40
C0396,265,12345,FER,,2,IVREA - Porta Aosta,7:43
C0396,265,12345,FER,,3,IVREA - via Di Vittorio,7:48
C0396,265,12345,FER,,4,IVREA - Stazione FS,|
C0396,265,12345,FER,,5,IVREA - loc Banchette,7:53
C0396,265,12345,FER,,6,SAN BERNARDO - via Torino,|
C0396,265,12345,FER,,7,CERONE - Bivio,|
C0396,265,12345,FER,,8,STRAMBINO - Stazione FS,|
C0396,265,12345,FER,,9,STRAMBINO - c.so Torino,|
C0396,265,12345,FER,,10,MERCENASCO - via Nazionale,|
C0396,265,12345,FER,,11,MERCENASCO FS - Navoletto,|
C0396,265,12345,FER,,12,CANDIA - p.zza VII Martiri,|
C0396,265,12345,FER,,13,CALUSO - via De Brissac,I
C0396,265,12345,FER,,14,CALUSO - Stazione FS,I
C0396,265,12345,FER,,15,CALUSO - Liceo,|
C0396,265,12345,FER,,16,ARÉ- via Duca degli Abruzzi,|
C0396,265,12345,FER,,17,VALLO - Bivio (TEMP. SOPPRESSA),|
C0396,265,12345,FER,,18,CALUSO - Bivio Carolina (TEMP. SOPPRESSA),|
C0396,265,12345,FER,,19,CHIVASSO - Bivio Boschetto (TEMP. SOPPRESSA),|
C0396,265,12345,FER,,20,CHIVASSO - Bivio Mosche,|
C0396,265,12345,FER,,21,RODALLO - Stazione FS,|
C0396,265,12345,FER,,22,VALLO - Chiesa,|
C0396,265,12345,FER,,23,MONTANARO-v.Caviglietti-StazFS,|
C0396,265,12345,FER,,24,CHIVASSO - p.le Alfa-Lancia,|
C0396,265,12345,FER,,25,CHIVASSO - Staz. FS Movicentro,|
C0396,265,12345,FER,,26,BRANDIZZO - casello A4,|
C0396,265,12345,FER,,27,SETTIMO T.SE - casello A4,|
C0396,265,12345,FER,,28,TORINO-Parcheggio STURA (fermata a richiesta),8:25
C0396,265,12345,FER,,29,TORINO - c.so G.Cesare (IVECO),8:27
C0396,265,12345,FER,,30,TORINO - c.so G. Cesare,8:33
C0396,265,12345,FER,,31,TORINO - c.so Giulio Cesare,8:43
C0396,265,12345,FER,,32,TO - Autostazione c.so Bolzano,8:56
C0397,265,,GG,J,1,PONT S.MARTIN-pzza IV Novembre,7:52
C0397,265,,GG,J,2,PONT S. MARTIN - Stazione FS,7:53
C0397,265,,GG,J,3,CAREMA - via Torino,7:54
C0397,265,,GG,J,4,QUINCINETTO - largo Europa,7:59
C0397,265,,GG,J,5,TAVAGNASCO - Stazione FS,8:03
C0397,265,,GG,J,6,SETTIMO VITTONE,8:06
C0397,265,,GG,J,7,MONTESTRUTTO,8:08
C0397,265,,GG,J,8,BORGOFRANCO - Stazione FS,8:10
C0397,265,,GG,J,9,MONTALTO DORA,8:15
C0397,265,,GG,J,10,IVREA - Porta Vercelli,8:20
C0397,265,,GG,J,11,IVREA - Porta Aosta,8:23
C0397,265,,GG,J,12,IVREA - Stazione FS,8:28
C0397,265,,GG,J,13,SAN BERNARDO - via Torino,8:33
C0397,265,,GG,J,14,CERONE - Bivio,8:38
C0397,265,,GG,J,15,STRAMBINO - c.so Torino,8:41
C0397,265,,GG,J,16,MERCENASCO - via Nazionale,8:45
C0397,265,,GG,J,17,MERCENASCO FS - Navoletto,8:46
C0397,265,,GG,J,18,CANDIA - p.zza VII Martiri,8:50
C0397,265,,GG,J,19,CALUSO - via De Brissac,8:55
C0397,265,,GG,J,20,ARÉ- via Duca degli Abruzzi,9:01
C0397,265,,GG,J,21,VALLO - Bivio (TEMP. SOPPRESSA),9:03
C0397,265,,GG,J,22,CALUSO - Bivio Carolina (TEMP. SOPPRESSA),9:04
C0397,265,,GG,J,23,CHIVASSO - Bivio Boschetto (TEMP. SOPPRESSA),9:05
C0397,265,,GG,J,24,CHIVASSO - Bivio Mosche,9:07
C0397,265,,GG,J,25,CHIVASSO - p.le Alfa-Lancia,9:14
C0397,265,,GG,J,26,CHIVASSO - Staz. FS Movicentro,9:18
C0398,265,678,FEST,F,1,PONT S.MARTIN-pzza IV Novembre,7:52
C0398,265,678,FEST,F,2,PONT S. MARTIN - Stazione FS,7:53
C0398,265,678,FEST,F,3,CAREMA - via Torino,7:54
C0398,265,678,FEST,F,4,QUINCINETTO - largo Europa,7:59
C0398,265,678,FEST,F,5,TAVAGNASCO - Stazione FS,8:03
C0398,265,678,FEST,F,6,SETTIMO VITTONE,8:06
C0398,265,678,FEST,F,7,MONTESTRUTTO,8:08
C0398,265,678,FEST,F,8,BORGOFRANCO - Stazione FS,8:10
C0398,265,678,FEST,F,9,MONTALTO DORA,8:15
C0398,265,678,FEST,F,10,IVREA - Porta Vercelli,8:20
C0398,265,678,FEST,F,11,IVREA - Porta Aosta,8:23
C0398,265,678,FEST,F,12,IVREA - Stazione FS,8:28
C0398,265,678,FEST,F,13,SAN BERNARDO - via Torino,8:33
C0398,265,678,FEST,F,14,CERONE - Bivio,8:38
C0398,265,678,FEST,F,15,STRAMBINO - c.so Torino,8:41
C0398,265,678,FEST,F,16,MERCENASCO - via Nazionale,8:45
C0398,265,678,FEST,F,17,MERCENASCO FS - Navoletto,8:46
C0398,265,678,FEST,F,18,CANDIA - p.zza VII Martiri,8:50
C0398,265,678,FEST,F,19,CALUSO - via De Brissac,8:55
C0398,265,678,FEST,F,20,ARÉ- via Duca degli Abruzzi,9:01
C0398,265,678,FEST,F,21,VALLO - Bivio (TEMP. SOPPRESSA),9:03
C0398,265,678,FEST,F,22,CALUSO - Bivio Carolina (TEMP. SOPPRESSA),9:04
C0398,265,678,FEST,F,23,CHIVASSO - Bivio Boschetto (TEMP. SOPPRESSA),9:05
C0398,265,678,FEST,F,24,CHIVASSO - Bivio Mosche,9:07
C0398,265,678,FEST,F,25,CHIVASSO - p.le Alfa-Lancia,9:14
C0398,265,678,FEST,F,26,CHIVASSO - Staz. FS Movicentro,9:18
C0399,265,12345,FER,FS,1,IVREA - Stazione FS,9:30
C0399,265,12345,FER,FS,2,SAN BERNARDO - via Torino,9:37
C0399,265,12345,FER,FS,3,CERONE - Bivio,9:42
C0399,265,12345,FER,FS,4,STRAMBINO - Stazione FS,9:44
C0399,265,12345,FER,FS,5,STRAMBINO - c.so Torino,9:47
C0399,265,12345,FER,FS,6,MERCENASCO - via Nazionale,9:51
C0399,265,12345,FER,FS,7,MERCENASCO FS - Navoletto,9:52
C0399,265,12345,FER,FS,8,CANDIA - p.zza VII Martiri,9:57
C0399,265,12345,FER,FS,9,CALUSO - via De Brissac,10:02
C0399,265,12345,FER,FS,10,CALUSO - Stazione FS,10:06
C0399,265,12345,FER,FS,11,RODALLO - Stazione FS,10:15
C0399,265,12345,FER,FS,12,VALLO - Chiesa,10:16
C0399,265,12345,FER,FS,13,MONTANARO-v.Caviglietti-StazFS,10:22
C0399,265,12345,FER,FS,14,CHIVASSO - Staz. FS Movicentro,10:30
C0400,265,123456,FER,A,1,PONT S.MARTIN-pzza IV Novembre,9:52
C0400,265,123456,FER,A,2,PONT S. MARTIN - Stazione FS,9:53
C0400,265,123456,FER,A,3,CAREMA - via Torino,9:54
C0400,265,123456,FER,A,4,QUINCINETTO - largo Europa,9:59
C0400,265,123456,FER,A,5,TAVAGNASCO - Stazione FS,10:03
C0400,265,123456,FER,A,6,SETTIMO VITTONE,10:06
C0400,265,123456,FER,A,7,MONTESTRUTTO,10:08
C0400,265,123456,FER,A,8,BORGOFRANCO - Stazione FS,10:10
C0400,265,123456,FER,A,9,MONTALTO DORA,10:15
C0400,265,123456,FER,A,10,IVREA - Porta Vercelli,10:20
C0400,265,123456,FER,A,11,IVREA - Porta Aosta,10:23
C0400,265,123456,FER,A,12,IVREA - Stazione FS,10:28
C0400,265,123456,FER,A,13,SAN BERNARDO - via Torino,10:33
C0400,265,123456,FER,A,14,CERONE - Bivio,10:38
C0400,265,123456,FER,A,15,STRAMBINO - c.so Torino,10:41
C0400,265,123456,FER,A,16,MERCENASCO - via Nazionale,10:45
C0400,265,123456,FER,A,17,MERCENASCO FS - Navoletto,10:46
C0400,265,123456,FER,A,18,CANDIA - p.zza VII Martiri,10:50
C0400,265,123456,FER,A,19,CALUSO - via De Brissac,10:55
C0400,265,123456,FER,A,20,ARÉ- via Duca degli Abruzzi,11:01
C0400,265,123456,FER,A,21,VALLO - Bivio (TEMP. SOPPRESSA),11:03
C0400,265,123456,FER,A,22,CALUSO - Bivio Carolina (TEMP. SOPPRESSA),11:04
C0400,265,123456,FER,A,23,CHIVASSO - Bivio Boschetto (TEMP. SOPPRESSA),11:05
C0400,265,123456,FER,A,24,CHIVASSO - Bivio Mosche,11:07
C0400,265,123456,FER,A,25,CHIVASSO - p.le Alfa-Lancia,11:14
C0400,265,123456,FER,A,26,CHIVASSO - Staz. FS Movicentro,11:18
C0401,265,123456,FER,F,1,IVREA - Porta Vercelli,10:20
C0401,265,123456,FER,F,2,IVREA - Porta Aosta,10:23
C0401,265,123456,FER,F,3,IVREA - Stazione FS,10:27
C0401,265,123456,FER,F,4,SAN BERNARDO - via Torino,10:33
C0401,265,123456,FER,F,5,CERONE - Bivio,10:38
C0401,265,123456,FER,F,6,STRAMBINO - c.so Torino,10:41
C0401,265,123456,FER,F,7,MERCENASCO - via Nazionale,10:45
C0401,265,123456,FER,F,8,MERCENASCO FS - Navoletto,10:46
C0401,265,123456,FER,F,9,CANDIA - p.zza VII Martiri,10:50
C0401,265,123456,FER,F,10,CALUSO - via De Brissac,10:55
C0401,265,123456,FER,F,11,ARÉ- via Duca degli Abruzzi,11:01
C0401,265,123456,FER,F,12,VALLO - Bivio (TEMP. SOPPRESSA),11:03
C0401,265,123456,FER,F,13,CALUSO - Bivio Carolina (TEMP. SOPPRESSA),11:04
C0401,265,123456,FER,F,14,CHIVASSO - Bivio Boschetto (TEMP. SOPPRESSA),11:05
C0401,265,123456,FER,F,15,CHIVASSO - Bivio Mosche,11:07
C0401,265,123456,FER,F,16,CHIVASSO - p.le Alfa-Lancia,11:14
C0401,265,123456,FER,F,17,CHIVASSO - Staz. FS Movicentro,11:18
C0402,265,123456,FER,A,1,PONT S.MARTIN-pzza IV Novembre,10:52
C0402,265,123456,FER,A,2,PONT S. MARTIN - Stazione FS,10:53
C0402,265,123456,FER,A,3,CAREMA - via Torino,10:54
C0402,265,123456,FER,A,4,QUINCINETTO - largo Europa,10:59
C0402,265,123456,FER,A,5,TAVAGNASCO - Stazione FS,11:03
C0402,265,123456,FER,A,6,SETTIMO VITTONE,11:06
C0402,265,123456,FER,A,7,MONTESTRUTTO,11:08
C0402,265,123456,FER,A,8,BORGOFRANCO - Stazione FS,11:10
C0402,265,123456,FER,A,9,MONTALTO DORA,11:15
C0402,265,123456,FER,A,10,IVREA - Porta Vercelli,11:20
C0402,265,123456,FER,A,11,IVREA - Porta Aosta,11:23
C0402,265,123456,FER,A,12,IVREA - Stazione FS,11:28
C0402,265,123456,FER,A,13,SAN BERNARDO - via Torino,11:33
C0402,265,123456,FER,A,14,CERONE - Bivio,11:38
C0402,265,123456,FER,A,15,STRAMBINO - c.so Torino,11:41
C0402,265,123456,FER,A,16,MERCENASCO - via Nazionale,11:45
C0402,265,123456,FER,A,17,MERCENASCO FS - Navoletto,11:46
C0402,265,123456,FER,A,18,CANDIA - p.zza VII Martiri,11:50
C0402,265,123456,FER,A,19,CALUSO - via De Brissac,11:55
C0402,265,123456,FER,A,20,ARÉ- via Duca degli Abruzzi,12:01
C0402,265,123456,FER,A,21,VALLO - Bivio (TEMP. SOPPRESSA),12:03
C0402,265,123456,FER,A,22,CALUSO - Bivio Carolina (TEMP. SOPPRESSA),12:04
C0402,265,123456,FER,A,23,CHIVASSO - Bivio Boschetto (TEMP. SOPPRESSA),12:05
C0402,265,123456,FER,A,24,CHIVASSO - Bivio Mosche,12:07
C0402,265,123456,FER,A,25,CHIVASSO - p.le Alfa-Lancia,12:14
C0402,265,123456,FER,A,26,CHIVASSO - Staz. FS Movicentro,12:18
C0403,265,12345,FER,S,1,IVREA - Porta Vercelli,12:00
C0403,265,12345,FER,S,2,IVREA - Porta Aosta,12:02
C0403,265,12345,FER,S,3,IVREA - Stazione FS,12:07
C0403,265,12345,FER,S,4,SAN BERNARDO - via Torino,12:09
C0403,265,12345,FER,S,5,CERONE - Bivio,12:13
C0403,265,12345,FER,S,6,STRAMBINO - c.so Torino,12:15
C0403,265,12345,FER,S,7,MERCENASCO - via Nazionale,12:17
C0403,265,12345,FER,S,8,MERCENASCO FS - Navoletto,12:18
C0403,265,12345,FER,S,9,CANDIA - p.zza VII Martiri,12:21
C0403,265,12345,FER,S,10,CALUSO - via De Brissac,12:25
C0403,265,12345,FER,S,11,ARÉ- via Duca degli Abruzzi,12:30
C0403,265,12345,FER,S,12,RODALLO - Stazione FS,12:32
C0403,265,12345,FER,S,13,VALLO - Chiesa,12:35
C0403,265,12345,FER,S,14,CHIVASSO - p.le Alfa-Lancia,12:46
C0403,265,12345,FER,S,15,BRANDIZZO - casello A4,12:50
C0403,265,12345,FER,S,16,SETTIMO T.SE - casello A4,12:55
C0403,265,12345,FER,S,17,GRUGLIASCO - via Libertà,13:19
C0403,265,12345,FER,S,18,TO-Settembrini-Mirafiori FCA,13:34
C0404,265,123456,FER,A,1,PONT S.MARTIN-pzza IV Novembre,11:52
C0404,265,123456,FER,A,2,PONT S. MARTIN - Stazione FS,11:53
C0404,265,123456,FER,A,3,CAREMA - via Torino,11:54
C0404,265,123456,FER,A,4,QUINCINETTO - largo Europa,11:59
C0404,265,123456,FER,A,5,TAVAGNASCO - Stazione FS,12:03
C0404,265,123456,FER,A,6,SETTIMO VITTONE,12:06
C0404,265,123456,FER,A,7,MONTESTRUTTO,12:08
C0404,265,123456,FER,A,8,BORGOFRANCO - Stazione FS,12:10
C0404,265,123456,FER,A,9,MONTALTO DORA,12:15
C0404,265,123456,FER,A,10,IVREA - Porta Vercelli,12:20
C0404,265,123456,FER,A,11,IVREA - Porta Aosta,12:23
C0404,265,123456,FER,A,12,IVREA - Stazione FS,12:28
C0404,265,123456,FER,A,13,SAN BERNARDO - via Torino,12:33
C0404,265,123456,FER,A,14,CERONE - Bivio,12:38
C0404,265,123456,FER,A,15,STRAMBINO - c.so Torino,12:41
C0404,265,123456,FER,A,16,MERCENASCO - via Nazionale,12:45
C0404,265,123456,FER,A,17,MERCENASCO FS - Navoletto,12:46
C0404,265,123456,FER,A,18,CANDIA - p.zza VII Martiri,12:50
C0404,265,123456,FER,A,19,CALUSO - via De Brissac,12:55
C0404,265,123456,FER,A,20,ARÉ- via Duca degli Abruzzi,13:01
C0404,265,123456,FER,A,21,VALLO - Bivio (TEMP. SOPPRESSA),13:03
C0404,265,123456,FER,A,22,CALUSO - Bivio Carolina (TEMP. SOPPRESSA),13:04
C0404,265,123456,FER,A,23,CHIVASSO - Bivio Boschetto (TEMP. SOPPRESSA),13:05
C0404,265,123456,FER,A,24,CHIVASSO - Bivio Mosche,13:07
C0404,265,123456,FER,A,25,CHIVASSO - p.le Alfa-Lancia,13:14
C0404,265,123456,FER,A,26,CHIVASSO - Staz. FS Movicentro,13:18
C0405,265,12345,FER,,1,PONT S.MARTIN-pzza IV Novembre,12:22
C0405,265,12345,FER,,2,PONT S. MARTIN - Stazione FS,12:23
C0405,265,12345,FER,,3,CAREMA - via Torino,12:24
C0405,265,12345,FER,,4,QUINCINETTO - largo Europa,12:29
C0405,265,12345,FER,,5,TAVAGNASCO - Stazione FS,12:33
C0405,265,12345,FER,,6,SETTIMO VITTONE,12:36
C0405,265,12345,FER,,7,MONTESTRUTTO,12:38
C0405,265,12345,FER,,8,BORGOFRANCO - Stazione FS,12:40
C0405,265,12345,FER,,9,MONTALTO DORA,12:45
C0405,265,12345,FER,,10,IVREA - Porta Vercelli,12:50
C0405,265,12345,FER,,11,IVREA - Porta Aosta,12:53
C0405,265,12345,FER,,12,IVREA - via Di Vittorio,12:57
C0405,265,12345,FER,,13,IVREA - Stazione FS,|
C0405,265,12345,FER,,14,IVREA - loc Banchette,13:01
C0405,265,12345,FER,,15,SAN BERNARDO - via Torino,|
C0405,265,12345,FER,,16,CERONE - Bivio,|
C0405,265,12345,FER,,17,STRAMBINO - Stazione FS,|
C0405,265,12345,FER,,18,STRAMBINO - c.so Torino,|
C0405,265,12345,FER,,19,MERCENASCO - via Nazionale,|
C0405,265,12345,FER,,20,MERCENASCO FS - Navoletto,|
C0405,265,12345,FER,,21,CANDIA - p.zza VII Martiri,|
C0405,265,12345,FER,,22,CALUSO - via De Brissac,I
C0405,265,12345,FER,,23,CALUSO - Stazione FS,I
C0405,265,12345,FER,,24,CALUSO - Liceo,|
C0405,265,12345,FER,,25,ARÉ- via Duca degli Abruzzi,|
C0405,265,12345,FER,,26,VALLO - Bivio (TEMP. SOPPRESSA),|
C0405,265,12345,FER,,27,CALUSO - Bivio Carolina (TEMP. SOPPRESSA),|
C0405,265,12345,FER,,28,CHIVASSO - Bivio Boschetto (TEMP. SOPPRESSA),|
C0405,265,12345,FER,,29,CHIVASSO - Bivio Mosche,|
C0405,265,12345,FER,,30,RODALLO - Stazione FS,|
C0405,265,12345,FER,,31,VALLO - Chiesa,|
C0405,265,12345,FER,,32,MONTANARO-v.Caviglietti-StazFS,|
C0405,265,12345,FER,,33,CHIVASSO - p.le Alfa-Lancia,|
C0405,265,12345,FER,,34,CHIVASSO - Staz. FS Movicentro,|
C0405,265,12345,FER,,35,BRANDIZZO - casello A4,|
C0405,265,12345,FER,,36,SETTIMO T.SE - casello A4,|
C0405,265,12345,FER,,37,TORINO-Parcheggio STURA (fermata a richiesta),13:30
C0405,265,12345,FER,,38,TORINO - c.so G.Cesare (IVECO),13:32
C0405,265,12345,FER,,39,TORINO - c.so G. Cesare,13:39
C0405,265,12345,FER,,40,TORINO - c.so Giulio Cesare,13:46
C0405,265,12345,FER,,41,TO - Autostazione c.so Bolzano,13:56
C0406,265,123456,FER,A,1,PONT S.MARTIN-pzza IV Novembre,12:52
C0406,265,123456,FER,A,2,PONT S. MARTIN - Stazione FS,12:53
C0406,265,123456,FER,A,3,CAREMA - via Torino,12:54
C0406,265,123456,FER,A,4,QUINCINETTO - largo Europa,12:59
C0406,265,123456,FER,A,5,TAVAGNASCO - Stazione FS,13.03
C0406,265,123456,FER,A,6,SETTIMO VITTONE,13:04
C0406,265,123456,FER,A,7,MONTESTRUTTO,13:05
C0406,265,123456,FER,A,8,BORGOFRANCO - Stazione FS,13:07
C0406,265,123456,FER,A,9,MONTALTO DORA,13:13
C0406,265,123456,FER,A,10,IVREA - Porta Aosta,13:16
C0406,265,123456,FER,A,11,IVREA - Stazione FS,13:19
C0406,265,123456,FER,A,12,SAN BERNARDO - via Torino,13:26
C0406,265,123456,FER,A,13,CERONE - Bivio,13:31
C0406,265,123456,FER,A,14,STRAMBINO - c.so Torino,13:37
C0406,265,123456,FER,A,15,MERCENASCO - via Nazionale,13:40
C0406,265,123456,FER,A,16,MERCENASCO FS - Navoletto,13:41
C0406,265,123456,FER,A,17,CANDIA - p.zza VII Martiri,13:48
C0406,265,123456,FER,A,18,CALUSO - via De Brissac,13:52
C0406,265,123456,FER,A,19,ARÉ- via Duca degli Abruzzi,14:00
C0406,265,123456,FER,A,20,VALLO - Bivio (TEMP. SOPPRESSA),|
C0406,265,123456,FER,A,21,CALUSO - Bivio Carolina (TEMP. SOPPRESSA),14:09
C0406,265,123456,FER,A,22,CHIVASSO - Bivio Boschetto (TEMP. SOPPRESSA),14:10
C0406,265,123456,FER,A,23,CHIVASSO - Bivio Mosche,14:12
C0406,265,123456,FER,A,24,RODALLO - Stazione FS,14:03
C0406,265,123456,FER,A,25,VALLO - Chiesa,14:05
C0406,265,123456,FER,A,26,SETTIMO T.SE - casello A4,14:25
C0406,265,123456,FER,A,27,TORINO-Parcheggio STURA (fermata a richiesta),14:32
C0406,265,123456,FER,A,28,TORINO - c.so G.Cesare (IVECO),14:34
C0406,265,123456,FER,A,29,TORINO - c.so G. Cesare,14:41
C0406,265,123456,FER,A,30,TORINO - c.so Giulio Cesare,14:48
C0406,265,123456,FER,A,31,TO - Autostazione c.so Bolzano,14:58
C0407,265,6,FER,F,1,IVREA - Porta Vercelli,13:50
C0407,265,6,FER,F,2,IVREA - Porta Aosta,13:53
C0407,265,6,FER,F,3,IVREA - via Di Vittorio,13:57
C0407,265,6,FER,F,4,IVREA - Stazione FS,|
C0407,265,6,FER,F,5,IVREA - loc Banchette,14:01
C0407,265,6,FER,F,6,SAN BERNARDO - via Torino,|
C0407,265,6,FER,F,7,CERONE - Bivio,|
C0407,265,6,FER,F,8,STRAMBINO - Stazione FS,|
C0407,265,6,FER,F,9,STRAMBINO - c.so Torino,|
C0407,265,6,FER,F,10,MERCENASCO - via Nazionale,|
C0407,265,6,FER,F,11,MERCENASCO FS - Navoletto,|
C0407,265,6,FER,F,12,CANDIA - p.zza VII Martiri,|
C0407,265,6,FER,F,13,CALUSO - via De Brissac,|
C0407,265,6,FER,F,14,CALUSO - Stazione FS,|
C0407,265,6,FER,F,15,CALUSO - Liceo,|
C0407,265,6,FER,F,16,ARÉ- via Duca degli Abruzzi,|
C0407,265,6,FER,F,17,VALLO - Bivio (TEMP. SOPPRESSA),|
C0407,265,6,FER,F,18,CALUSO - Bivio Carolina (TEMP. SOPPRESSA),|
C0407,265,6,FER,F,19,CHIVASSO - Bivio Boschetto (TEMP. SOPPRESSA),|
C0407,265,6,FER,F,20,CHIVASSO - Bivio Mosche,|
C0407,265,6,FER,F,21,RODALLO - Stazione FS,|
C0407,265,6,FER,F,22,VALLO - Chiesa,|
C0407,265,6,FER,F,23,MONTANARO-v.Caviglietti-StazFS,|
C0407,265,6,FER,F,24,CHIVASSO - p.le Alfa-Lancia,|
C0407,265,6,FER,F,25,CHIVASSO - Staz. FS Movicentro,|
C0407,265,6,FER,F,26,BRANDIZZO - casello A4,|
C0407,265,6,FER,F,27,SETTIMO T.SE - casello A4,|
C0407,265,6,FER,F,28,TORINO-Parcheggio STURA (fermata a richiesta),14:30
C0407,265,6,FER,F,29,TORINO - c.so G.Cesare (IVECO),14:32
C0407,265,6,FER,F,30,TORINO - c.so G. Cesare,14:39
C0407,265,6,FER,F,31,TORINO - c.so Giulio Cesare,14:46
C0407,265,6,FER,F,32,TO - Autostazione c.so Bolzano,14:56
C0408,265,12345,SCO,Scol,1,PONT S.MARTIN-pzza IV Novembre,13:47
C0408,265,12345,SCO,Scol,2,PONT S. MARTIN - Stazione FS,13:48
C0408,265,12345,SCO,Scol,3,CAREMA - via Torino,13:49
C0408,265,12345,SCO,Scol,4,QUINCINETTO - largo Europa,13:54
C0408,265,12345,SCO,Scol,5,TAVAGNASCO - Stazione FS,13:58
C0408,265,12345,SCO,Scol,6,SETTIMO VITTONE,14:01
C0408,265,12345,SCO,Scol,7,MONTESTRUTTO,14:03
C0408,265,12345,SCO,Scol,8,BORGOFRANCO - Stazione FS,14:05
C0408,265,12345,SCO,Scol,9,MONTALTO DORA,14:10
C0408,265,12345,SCO,Scol,10,IVREA - Porta Vercelli,14:15
C0408,265,12345,SCO,Scol,11,IVREA - Porta Aosta,14:18
C0408,265,12345,SCO,Scol,12,IVREA - Stazione FS,14:22
C0408,265,12345,SCO,Scol,13,SAN BERNARDO - via Torino,14:28
C0408,265,12345,SCO,Scol,14,CERONE - Bivio,14:33
C0408,265,12345,SCO,Scol,15,STRAMBINO - c.so Torino,14:36
C0408,265,12345,SCO,Scol,16,MERCENASCO - via Nazionale,14:40
C0408,265,12345,SCO,Scol,17,MERCENASCO FS - Navoletto,14:41
C0408,265,12345,SCO,Scol,18,CANDIA - p.zza VII Martiri,14:45
C0408,265,12345,SCO,Scol,19,CALUSO - via De Brissac,14:50
C0408,265,12345,SCO,Scol,20,CALUSO - Liceo,14:52
C0409,265,,GG,J,1,PONT S.MARTIN-pzza IV Novembre,13:52
C0409,265,,GG,J,2,PONT S. MARTIN - Stazione FS,13:53
C0409,265,,GG,J,3,CAREMA - via Torino,13:54
C0409,265,,GG,J,4,QUINCINETTO - largo Europa,13:59
C0409,265,,GG,J,5,TAVAGNASCO - Stazione FS,14.03
C0409,265,,GG,J,6,SETTIMO VITTONE,14.06
C0409,265,,GG,J,7,MONTESTRUTTO,14.08
C0409,265,,GG,J,8,BORGOFRANCO - Stazione FS,14.10
C0409,265,,GG,J,9,MONTALTO DORA,14:15
C0409,265,,GG,J,10,IVREA - Porta Vercelli,14:20
C0409,265,,GG,J,11,IVREA - Porta Aosta,14:23
C0409,265,,GG,J,12,IVREA - Stazione FS,14:28
C0409,265,,GG,J,13,SAN BERNARDO - via Torino,14.33
C0409,265,,GG,J,14,CERONE - Bivio,14.38
C0409,265,,GG,J,15,STRAMBINO - c.so Torino,14.41
C0409,265,,GG,J,16,MERCENASCO - via Nazionale,14.45
C0409,265,,GG,J,17,MERCENASCO FS - Navoletto,14:46
C0409,265,,GG,J,18,CANDIA - p.zza VII Martiri,14.50
C0409,265,,GG,J,19,CALUSO - via De Brissac,14.55
C0409,265,,GG,J,20,ARÉ- via Duca degli Abruzzi,15.01
C0409,265,,GG,J,21,VALLO - Bivio (TEMP. SOPPRESSA),|
C0409,265,,GG,J,22,CALUSO - Bivio Carolina (TEMP. SOPPRESSA),15.09
C0409,265,,GG,J,23,CHIVASSO - Bivio Boschetto (TEMP. SOPPRESSA),15.10
C0409,265,,GG,J,24,CHIVASSO - Bivio Mosche,15.12
C0409,265,,GG,J,25,RODALLO - Stazione FS,15.04
C0409,265,,GG,J,26,VALLO - Chiesa,15.06
C0409,265,,GG,J,27,CHIVASSO - p.le Alfa-Lancia,15.19
C0409,265,,GG,J,28,CHIVASSO - Staz. FS Movicentro,15.23
C0410,265,678,FEST,F,1,PONT S.MARTIN-pzza IV Novembre,13:52
C0410,265,678,FEST,F,2,PONT S. MARTIN - Stazione FS,13:53
C0410,265,678,FEST,F,3,CAREMA - via Torino,13:54
C0410,265,678,FEST,F,4,QUINCINETTO - largo Europa,13:59
C0410,265,678,FEST,F,5,TAVAGNASCO - Stazione FS,14.03
C0410,265,678,FEST,F,6,SETTIMO VITTONE,14.06
C0410,265,678,FEST,F,7,MONTESTRUTTO,14.08
C0410,265,678,FEST,F,8,BORGOFRANCO - Stazione FS,14.10
C0410,265,678,FEST,F,9,MONTALTO DORA,14:15
C0410,265,678,FEST,F,10,IVREA - Porta Vercelli,14:20
C0410,265,678,FEST,F,11,IVREA - Porta Aosta,14:23
C0410,265,678,FEST,F,12,IVREA - Stazione FS,14:28
C0410,265,678,FEST,F,13,SAN BERNARDO - via Torino,14.33
C0410,265,678,FEST,F,14,CERONE - Bivio,14.38
C0410,265,678,FEST,F,15,STRAMBINO - c.so Torino,14.41
C0410,265,678,FEST,F,16,MERCENASCO - via Nazionale,14.45
C0410,265,678,FEST,F,17,MERCENASCO FS - Navoletto,14:46
C0410,265,678,FEST,F,18,CANDIA - p.zza VII Martiri,14.50
C0410,265,678,FEST,F,19,CALUSO - via De Brissac,14.55
C0410,265,678,FEST,F,20,ARÉ- via Duca degli Abruzzi,15.01
C0410,265,678,FEST,F,21,VALLO - Bivio (TEMP. SOPPRESSA),15:03
C0410,265,678,FEST,F,22,CALUSO - Bivio Carolina (TEMP. SOPPRESSA),15:04
C0410,265,678,FEST,F,23,CHIVASSO - Bivio Boschetto (TEMP. SOPPRESSA),15:05
C0410,265,678,FEST,F,24,CHIVASSO - Bivio Mosche,15:07
C0410,265,678,FEST,F,25,CHIVASSO - p.le Alfa-Lancia,15:14
C0410,265,678,FEST,F,26,CHIVASSO - Staz. FS Movicentro,15:18
C0411,265,12345,FER,,1,PONT S.MARTIN-pzza IV Novembre,14:22
C0411,265,12345,FER,,2,PONT S. MARTIN - Stazione FS,14:23
C0411,265,12345,FER,,3,CAREMA - via Torino,14:24
C0411,265,12345,FER,,4,QUINCINETTO - largo Europa,14:29
C0411,265,12345,FER,,5,TAVAGNASCO - Stazione FS,14:33
C0411,265,12345,FER,,6,SETTIMO VITTONE,14:36
C0411,265,12345,FER,,7,MONTESTRUTTO,14:38
C0411,265,12345,FER,,8,BORGOFRANCO - Stazione FS,14:40
C0411,265,12345,FER,,9,MONTALTO DORA,14:45
C0411,265,12345,FER,,10,IVREA - Porta Vercelli,14:50
C0411,265,12345,FER,,11,IVREA - Porta Aosta,14:53
C0411,265,12345,FER,,12,IVREA - via Di Vittorio,14:57
C0411,265,12345,FER,,13,IVREA - Stazione FS,|
C0411,265,12345,FER,,14,IVREA - loc Banchette,15:01
C0411,265,12345,FER,,15,SAN BERNARDO - via Torino,|
C0411,265,12345,FER,,16,CERONE - Bivio,|
C0411,265,12345,FER,,17,STRAMBINO - Stazione FS,|
C0411,265,12345,FER,,18,STRAMBINO - c.so Torino,|
C0411,265,12345,FER,,19,MERCENASCO - via Nazionale,|
C0411,265,12345,FER,,20,MERCENASCO FS - Navoletto,|
C0411,265,12345,FER,,21,CANDIA - p.zza VII Martiri,|
C0411,265,12345,FER,,22,CALUSO - via De Brissac,|
C0411,265,12345,FER,,23,CALUSO - Stazione FS,|
C0411,265,12345,FER,,24,CALUSO - Liceo,|
C0411,265,12345,FER,,25,ARÉ- via Duca degli Abruzzi,|
C0411,265,12345,FER,,26,VALLO - Bivio (TEMP. SOPPRESSA),|
C0411,265,12345,FER,,27,CALUSO - Bivio Carolina (TEMP. SOPPRESSA),|
C0411,265,12345,FER,,28,CHIVASSO - Bivio Boschetto (TEMP. SOPPRESSA),|
C0411,265,12345,FER,,29,CHIVASSO - Bivio Mosche,|
C0411,265,12345,FER,,30,RODALLO - Stazione FS,|
C0411,265,12345,FER,,31,VALLO - Chiesa,|
C0411,265,12345,FER,,32,MONTANARO-v.Caviglietti-StazFS,|
C0411,265,12345,FER,,33,CHIVASSO - p.le Alfa-Lancia,|
C0411,265,12345,FER,,34,CHIVASSO - Staz. FS Movicentro,|
C0411,265,12345,FER,,35,BRANDIZZO - casello A4,|
C0411,265,12345,FER,,36,SETTIMO T.SE - casello A4,|
C0411,265,12345,FER,,37,TORINO-Parcheggio STURA (fermata a richiesta),15:30
C0411,265,12345,FER,,38,TORINO - c.so G.Cesare (IVECO),15:32
C0411,265,12345,FER,,39,TORINO - c.so G. Cesare,15:39
C0411,265,12345,FER,,40,TORINO - c.so Giulio Cesare,15:46
C0411,265,12345,FER,,41,TO - Autostazione c.so Bolzano,15:56
C0412,265,123456,FER,A,1,PONT S.MARTIN-pzza IV Novembre,14:52
C0412,265,123456,FER,A,2,PONT S. MARTIN - Stazione FS,14:53
C0412,265,123456,FER,A,3,CAREMA - via Torino,14:54
C0412,265,123456,FER,A,4,QUINCINETTO - largo Europa,14:59
C0412,265,123456,FER,A,5,TAVAGNASCO - Stazione FS,15.03
C0412,265,123456,FER,A,6,SETTIMO VITTONE,15.06
C0412,265,123456,FER,A,7,MONTESTRUTTO,15.08
C0412,265,123456,FER,A,8,BORGOFRANCO - Stazione FS,15.10
C0412,265,123456,FER,A,9,MONTALTO DORA,15:15
C0412,265,123456,FER,A,10,IVREA - Porta Vercelli,15:20
C0412,265,123456,FER,A,11,IVREA - Porta Aosta,15.23
C0412,265,123456,FER,A,12,IVREA - Stazione FS,15:28
C0412,265,123456,FER,A,13,SAN BERNARDO - via Torino,15.33
C0412,265,123456,FER,A,14,CERONE - Bivio,15.38
C0412,265,123456,FER,A,15,STRAMBINO - c.so Torino,15.41
C0412,265,123456,FER,A,16,MERCENASCO - via Nazionale,15.45
C0412,265,123456,FER,A,17,MERCENASCO FS - Navoletto,15:46
C0412,265,123456,FER,A,18,CANDIA - p.zza VII Martiri,15.50
C0412,265,123456,FER,A,19,CALUSO - via De Brissac,15.55
C0412,265,123456,FER,A,20,ARÉ- via Duca degli Abruzzi,16.01
C0412,265,123456,FER,A,21,VALLO - Bivio (TEMP. SOPPRESSA),16.03
C0412,265,123456,FER,A,22,CALUSO - Bivio Carolina (TEMP. SOPPRESSA),16.04
C0412,265,123456,FER,A,23,CHIVASSO - Bivio Boschetto (TEMP. SOPPRESSA),16.05
C0412,265,123456,FER,A,24,CHIVASSO - Bivio Mosche,16.07
C0412,265,123456,FER,A,25,CHIVASSO - p.le Alfa-Lancia,16.14
C0412,265,123456,FER,A,26,CHIVASSO - Staz. FS Movicentro,16.18
C0413,265,123456,FER,A,1,PONT S.MARTIN-pzza IV Novembre,16:02
C0413,265,123456,FER,A,2,PONT S. MARTIN - Stazione FS,16:03
C0413,265,123456,FER,A,3,CAREMA - via Torino,16:04
C0413,265,123456,FER,A,4,QUINCINETTO - largo Europa,16:09
C0413,265,123456,FER,A,5,TAVAGNASCO - Stazione FS,16:13
C0413,265,123456,FER,A,6,SETTIMO VITTONE,16:16
C0413,265,123456,FER,A,7,MONTESTRUTTO,16:18
C0413,265,123456,FER,A,8,BORGOFRANCO - Stazione FS,16:20
C0413,265,123456,FER,A,9,MONTALTO DORA,16:25
C0413,265,123456,FER,A,10,IVREA - Porta Vercelli,16:30
C0413,265,123456,FER,A,11,IVREA - Porta Aosta,16:33
C0413,265,123456,FER,A,12,IVREA - Stazione FS,16:38
C0413,265,123456,FER,A,13,SAN BERNARDO - via Torino,16:43
C0413,265,123456,FER,A,14,CERONE - Bivio,16:48
C0413,265,123456,FER,A,15,STRAMBINO - c.so Torino,16:51
C0413,265,123456,FER,A,16,MERCENASCO - via Nazionale,16:55
C0413,265,123456,FER,A,17,MERCENASCO FS - Navoletto,16:56
C0413,265,123456,FER,A,18,CANDIA - p.zza VII Martiri,17:00
C0413,265,123456,FER,A,19,CALUSO - via De Brissac,17:05
C0413,265,123456,FER,A,20,ARÉ- via Duca degli Abruzzi,17:11
C0413,265,123456,FER,A,21,VALLO - Bivio (TEMP. SOPPRESSA),|
C0413,265,123456,FER,A,22,CALUSO - Bivio Carolina (TEMP. SOPPRESSA),17.19
C0413,265,123456,FER,A,23,CHIVASSO - Bivio Boschetto (TEMP. SOPPRESSA),17.20
C0413,265,123456,FER,A,24,CHIVASSO - Bivio Mosche,17.22
C0413,265,123456,FER,A,25,RODALLO - Stazione FS,17.14
C0413,265,123456,FER,A,26,VALLO - Chiesa,17.16
C0413,265,123456,FER,A,27,CHIVASSO - p.le Alfa-Lancia,17.29
C0413,265,123456,FER,A,28,CHIVASSO - Staz. FS Movicentro,17.33
C0414,265,6,FER,F,1,IVREA - Porta Vercelli,16.20
C0414,265,6,FER,F,2,IVREA - Porta Aosta,16.23
C0414,265,6,FER,F,3,IVREA - Stazione FS,16:27
C0414,265,6,FER,F,4,SAN BERNARDO - via Torino,16.33
C0414,265,6,FER,F,5,CERONE - Bivio,16.38
C0414,265,6,FER,F,6,STRAMBINO - c.so Torino,16.41
C0414,265,6,FER,F,7,MERCENASCO - via Nazionale,16.45
C0414,265,6,FER,F,8,MERCENASCO FS - Navoletto,16:46
C0414,265,6,FER,F,9,CANDIA - p.zza VII Martiri,16.50
C0414,265,6,FER,F,10,CALUSO - via De Brissac,16.55
C0414,265,6,FER,F,11,ARÉ- via Duca degli Abruzzi,17.01
C0414,265,6,FER,F,12,VALLO - Bivio (TEMP. SOPPRESSA),17.03
C0414,265,6,FER,F,13,CALUSO - Bivio Carolina (TEMP. SOPPRESSA),17.04
C0414,265,6,FER,F,14,CHIVASSO - Bivio Boschetto (TEMP. SOPPRESSA),17.05
C0414,265,6,FER,F,15,CHIVASSO - Bivio Mosche,17.07
C0414,265,6,FER,F,16,CHIVASSO - p.le Alfa-Lancia,17.14
C0414,265,6,FER,F,17,CHIVASSO - Staz. FS Movicentro,17.18
C0415,265,12345,FER,,1,IVREA - Porta Vercelli,16.39
C0415,265,12345,FER,,2,IVREA - Porta Aosta,16:42
C0415,265,12345,FER,,3,IVREA - Stazione FS,16:46
C0415,265,12345,FER,,4,SAN BERNARDO - via Torino,16:52
C0415,265,12345,FER,,5,CERONE - Bivio,16:57
C0415,265,12345,FER,,6,STRAMBINO - c.so Torino,17:01
C0415,265,12345,FER,,7,MERCENASCO - via Nazionale,|
C0415,265,12345,FER,,8,MERCENASCO FS - Navoletto,|
C0415,265,12345,FER,,9,CANDIA - p.zza VII Martiri,|
C0415,265,12345,FER,,10,CALUSO - via De Brissac,|
C0415,265,12345,FER,,11,CALUSO - Stazione FS,|
C0415,265,12345,FER,,12,CALUSO - Liceo,|
C0415,265,12345,FER,,13,ARÉ- via Duca degli Abruzzi,|
C0415,265,12345,FER,,14,VALLO - Bivio (TEMP. SOPPRESSA),|
C0415,265,12345,FER,,15,CALUSO - Bivio Carolina (TEMP. SOPPRESSA),|
C0415,265,12345,FER,,16,CHIVASSO - Bivio Boschetto (TEMP. SOPPRESSA),|
C0415,265,12345,FER,,17,CHIVASSO - Bivio Mosche,|
C0415,265,12345,FER,,18,RODALLO - Stazione FS,|
C0415,265,12345,FER,,19,VALLO - Chiesa,|
C0415,265,12345,FER,,20,MONTANARO-v.Caviglietti-StazFS,|
C0415,265,12345,FER,,21,CHIVASSO - p.le Alfa-Lancia,|
C0415,265,12345,FER,,22,CHIVASSO - Staz. FS Movicentro,|
C0415,265,12345,FER,,23,BRANDIZZO - casello A4,|
C0415,265,12345,FER,,24,SETTIMO T.SE - casello A4,|
C0415,265,12345,FER,,25,TORINO-Parcheggio STURA (fermata a richiesta),17:30
C0415,265,12345,FER,,26,TORINO - c.so G.Cesare (IVECO),17.32
C0415,265,12345,FER,,27,TORINO - c.so G. Cesare,17.39
C0415,265,12345,FER,,28,TORINO - c.so Giulio Cesare,17.46
C0415,265,12345,FER,,29,TO - Autostazione c.so Bolzano,17:56
C0416,265,123456,FER,A,1,IVREA - Porta Vercelli,17.20
C0416,265,123456,FER,A,2,IVREA - Porta Aosta,17.23
C0416,265,123456,FER,A,3,IVREA - Stazione FS,17.27
C0416,265,123456,FER,A,4,SAN BERNARDO - via Torino,17.33
C0416,265,123456,FER,A,5,CERONE - Bivio,17.38
C0416,265,123456,FER,A,6,STRAMBINO - c.so Torino,17.41
C0416,265,123456,FER,A,7,MERCENASCO - via Nazionale,17.45
C0416,265,123456,FER,A,8,MERCENASCO FS - Navoletto,17:46
C0416,265,123456,FER,A,9,CANDIA - p.zza VII Martiri,17.50
C0416,265,123456,FER,A,10,CALUSO - via De Brissac,17.55
C0416,265,123456,FER,A,11,ARÉ- via Duca degli Abruzzi,18.01
C0416,265,123456,FER,A,12,VALLO - Bivio (TEMP. SOPPRESSA),18.03
C0416,265,123456,FER,A,13,CALUSO - Bivio Carolina (TEMP. SOPPRESSA),18.04
C0416,265,123456,FER,A,14,CHIVASSO - Bivio Boschetto (TEMP. SOPPRESSA),18.05
C0416,265,123456,FER,A,15,CHIVASSO - Bivio Mosche,18.07
C0416,265,123456,FER,A,16,CHIVASSO - p.le Alfa-Lancia,18.14
C0416,265,123456,FER,A,17,CHIVASSO - Staz. FS Movicentro,18.18
C0417,265,123456,FER,A,1,PONT S.MARTIN-pzza IV Novembre,17:52
C0417,265,123456,FER,A,2,PONT S. MARTIN - Stazione FS,17:53
C0417,265,123456,FER,A,3,CAREMA - via Torino,17:54
C0417,265,123456,FER,A,4,QUINCINETTO - largo Europa,17:59
C0417,265,123456,FER,A,5,TAVAGNASCO - Stazione FS,18.03
C0417,265,123456,FER,A,6,SETTIMO VITTONE,18.06
C0417,265,123456,FER,A,7,MONTESTRUTTO,18.08
C0417,265,123456,FER,A,8,BORGOFRANCO - Stazione FS,18.10
C0417,265,123456,FER,A,9,MONTALTO DORA,18:15
C0417,265,123456,FER,A,10,IVREA - Porta Vercelli,18.20
C0417,265,123456,FER,A,11,IVREA - Porta Aosta,18.23
C0417,265,123456,FER,A,12,IVREA - Stazione FS,18:28
C0417,265,123456,FER,A,13,SAN BERNARDO - via Torino,18.33
C0417,265,123456,FER,A,14,CERONE - Bivio,18.38
C0417,265,123456,FER,A,15,STRAMBINO - c.so Torino,18.41
C0417,265,123456,FER,A,16,MERCENASCO - via Nazionale,18.45
C0417,265,123456,FER,A,17,MERCENASCO FS - Navoletto,18:46
C0417,265,123456,FER,A,18,CANDIA - p.zza VII Martiri,18.50
C0417,265,123456,FER,A,19,CALUSO - via De Brissac,18.55
C0417,265,123456,FER,A,20,ARÉ- via Duca degli Abruzzi,19.01
C0417,265,123456,FER,A,21,VALLO - Bivio (TEMP. SOPPRESSA),19.03
C0417,265,123456,FER,A,22,CALUSO - Bivio Carolina (TEMP. SOPPRESSA),19.04
C0417,265,123456,FER,A,23,CHIVASSO - Bivio Boschetto (TEMP. SOPPRESSA),19.05
C0417,265,123456,FER,A,24,CHIVASSO - Bivio Mosche,19.07
C0417,265,123456,FER,A,25,CHIVASSO - p.le Alfa-Lancia,19.14
C0417,265,123456,FER,A,26,CHIVASSO - Staz. FS Movicentro,19.18
C0418,265,12345,FER,,1,IVREA - Porta Vercelli,18.30
C0418,265,12345,FER,,2,IVREA - Porta Aosta,18.33
C0418,265,12345,FER,,3,IVREA - via Di Vittorio,18.37
C0418,265,12345,FER,,4,IVREA - Stazione FS,|
C0418,265,12345,FER,,5,IVREA - loc Banchette,18:41
C0418,265,12345,FER,,6,SAN BERNARDO - via Torino,|
C0418,265,12345,FER,,7,CERONE - Bivio,|
C0418,265,12345,FER,,8,STRAMBINO - Stazione FS,|
C0418,265,12345,FER,,9,STRAMBINO - c.so Torino,|
C0418,265,12345,FER,,10,MERCENASCO - via Nazionale,|
C0418,265,12345,FER,,11,MERCENASCO FS - Navoletto,|
C0418,265,12345,FER,,12,CANDIA - p.zza VII Martiri,|
C0418,265,12345,FER,,13,CALUSO - via De Brissac,|
C0418,265,12345,FER,,14,CALUSO - Stazione FS,|
C0418,265,12345,FER,,15,CALUSO - Liceo,|
C0418,265,12345,FER,,16,ARÉ- via Duca degli Abruzzi,|
C0418,265,12345,FER,,17,VALLO - Bivio (TEMP. SOPPRESSA),|
C0418,265,12345,FER,,18,CALUSO - Bivio Carolina (TEMP. SOPPRESSA),|
C0418,265,12345,FER,,19,CHIVASSO - Bivio Boschetto (TEMP. SOPPRESSA),|
C0418,265,12345,FER,,20,CHIVASSO - Bivio Mosche,|
C0418,265,12345,FER,,21,RODALLO - Stazione FS,|
C0418,265,12345,FER,,22,VALLO - Chiesa,|
C0418,265,12345,FER,,23,MONTANARO-v.Caviglietti-StazFS,|
C0418,265,12345,FER,,24,CHIVASSO - p.le Alfa-Lancia,|
C0418,265,12345,FER,,25,CHIVASSO - Staz. FS Movicentro,|
C0418,265,12345,FER,,26,BRANDIZZO - casello A4,|
C0418,265,12345,FER,,27,SETTIMO T.SE - casello A4,|
C0418,265,12345,FER,,28,TORINO-Parcheggio STURA (fermata a richiesta),19:10
C0418,265,12345,FER,,29,TORINO - c.so G.Cesare (IVECO),19.12
C0418,265,12345,FER,,30,TORINO - c.so G. Cesare,19.19
C0418,265,12345,FER,,31,TORINO - c.so Giulio Cesare,19.26
C0418,265,12345,FER,,32,TO - Autostazione c.so Bolzano,19.36
C0419,265,6,FER,F,1,IVREA - Porta Vercelli,19:50
C0419,265,6,FER,F,2,IVREA - Porta Aosta,19:53
C0419,265,6,FER,F,3,IVREA - via Di Vittorio,19:57
C0419,265,6,FER,F,4,IVREA - Stazione FS,|
C0419,265,6,FER,F,5,IVREA - loc Banchette,20:01
C0419,265,6,FER,F,6,SAN BERNARDO - via Torino,|
C0419,265,6,FER,F,7,CERONE - Bivio,|
C0419,265,6,FER,F,8,STRAMBINO - Stazione FS,|
C0419,265,6,FER,F,9,STRAMBINO - c.so Torino,|
C0419,265,6,FER,F,10,MERCENASCO - via Nazionale,|
C0419,265,6,FER,F,11,MERCENASCO FS - Navoletto,|
C0419,265,6,FER,F,12,CANDIA - p.zza VII Martiri,|
C0419,265,6,FER,F,13,CALUSO - via De Brissac,|
C0419,265,6,FER,F,14,CALUSO - Stazione FS,|
C0419,265,6,FER,F,15,CALUSO - Liceo,|
C0419,265,6,FER,F,16,ARÉ- via Duca degli Abruzzi,|
C0419,265,6,FER,F,17,VALLO - Bivio (TEMP. SOPPRESSA),|
C0419,265,6,FER,F,18,CALUSO - Bivio Carolina (TEMP. SOPPRESSA),|
C0419,265,6,FER,F,19,CHIVASSO - Bivio Boschetto (TEMP. SOPPRESSA),|
C0419,265,6,FER,F,20,CHIVASSO - Bivio Mosche,|
C0419,265,6,FER,F,21,RODALLO - Stazione FS,|
C0419,265,6,FER,F,22,VALLO - Chiesa,|
C0419,265,6,FER,F,23,MONTANARO-v.Caviglietti-StazFS,|
C0419,265,6,FER,F,24,CHIVASSO - p.le Alfa-Lancia,|
C0419,265,6,FER,F,25,CHIVASSO - Staz. FS Movicentro,|
C0419,265,6,FER,F,26,BRANDIZZO - casello A4,|
C0419,265,6,FER,F,27,SETTIMO T.SE - casello A4,|
C0419,265,6,FER,F,28,TORINO-Parcheggio STURA (fermata a richiesta),20:30
C0419,265,6,FER,F,29,TORINO - c.so G.Cesare (IVECO),20:32
C0419,265,6,FER,F,30,TORINO - c.so G. Cesare,20:39
C0419,265,6,FER,F,31,TORINO - c.so Giulio Cesare,20:46
C0419,265,6,FER,F,32,TO - Autostazione c.so Bolzano,20:56
C0420,265,12345,FER,S,1,IVREA - Porta Vercelli,20:15
C0420,265,12345,FER,S,2,IVREA - Porta Aosta,20:17
C0420,265,12345,FER,S,3,IVREA - Stazione FS,20:20
C0420,265,12345,FER,S,4,SAN BERNARDO - via Torino,20:24
C0420,265,12345,FER,S,5,CERONE - Bivio,20:28
C0420,265,12345,FER,S,6,STRAMBINO - c.so Torino,20:30
C0420,265,12345,FER,S,7,MERCENASCO - via Nazionale,20:32
C0420,265,12345,FER,S,8,MERCENASCO FS - Navoletto,20:33
C0420,265,12345,FER,S,9,CANDIA - p.zza VII Martiri,20:36
C0420,265,12345,FER,S,10,CALUSO - via De Brissac,20:43
C0420,265,12345,FER,S,11,ARÉ- via Duca degli Abruzzi,20:48
C0420,265,12345,FER,S,12,CHIVASSO - p.le Alfa-Lancia,20:56
C0420,265,12345,FER,S,13,BRANDIZZO - casello A4,21:00
C0420,265,12345,FER,S,14,SETTIMO T.SE - casello A4,21:05
C0420,265,12345,FER,S,15,GRUGLIASCO - via Libertà,21:30
C0420,265,12345,FER,S,16,TO-Settembrini-Mirafiori FCA,21:45
C0421,265,12345,FER,A,1,PONT S.MARTIN-pzza IV Novembre,20:22
C0421,265,12345,FER,A,2,PONT S. MARTIN - Stazione FS,20:23
C0421,265,12345,FER,A,3,CAREMA - via Torino,20:24
C0421,265,12345,FER,A,4,QUINCINETTO - largo Europa,20:29
C0421,265,12345,FER,A,5,TAVAGNASCO - Stazione FS,20.33
C0421,265,12345,FER,A,6,SETTIMO VITTONE,20.36
C0421,265,12345,FER,A,7,MONTESTRUTTO,20.38
C0421,265,12345,FER,A,8,BORGOFRANCO - Stazione FS,20.40
C0421,265,12345,FER,A,9,MONTALTO DORA,20:45
C0421,265,12345,FER,A,10,IVREA - Porta Vercelli,20.50
C0421,265,12345,FER,A,11,IVREA - Porta Aosta,20.53
C0421,265,12345,FER,A,12,IVREA - Stazione FS,20:58
C0421,265,12345,FER,A,13,SAN BERNARDO - via Torino,21.03
C0421,265,12345,FER,A,14,CERONE - Bivio,21.08
C0421,265,12345,FER,A,15,STRAMBINO - c.so Torino,21.11
C0421,265,12345,FER,A,16,MERCENASCO - via Nazionale,21.15
C0421,265,12345,FER,A,17,MERCENASCO FS - Navoletto,21:16
C0421,265,12345,FER,A,18,CANDIA - p.zza VII Martiri,21.20
C0421,265,12345,FER,A,19,CALUSO - via De Brissac,21.25
C0421,265,12345,FER,A,20,ARÉ- via Duca degli Abruzzi,21.31
C0421,265,12345,FER,A,21,VALLO - Bivio (TEMP. SOPPRESSA),21.33
C0421,265,12345,FER,A,22,CALUSO - Bivio Carolina (TEMP. SOPPRESSA),21.34
C0421,265,12345,FER,A,23,CHIVASSO - Bivio Boschetto (TEMP. SOPPRESSA),21.35
C0421,265,12345,FER,A,24,CHIVASSO - Bivio Mosche,21.37
C0421,265,12345,FER,A,25,CHIVASSO - p.le Alfa-Lancia,21.44
C0421,265,12345,FER,A,26,CHIVASSO - Staz. FS Movicentro,21.48
C0422,283,123456,FER,03/08,1,CANTALUPA,6:15
C0422,283,123456,FER,03/08,2,FROSSASCO Bivio,6:25
C0422,283,123456,FER,03/08,3,ROLETTO,6:35
C0422,283,123456,FER,03/08,4,FRAZIONE RONCAGLIA,6:33
C0422,283,123456,FER,03/08,5,PINEROLO - via Martiri XXI,6:38
C0422,283,123456,FER,03/08,6,PINEROLO Ist. Immacolata,-
C0422,283,123456,FER,03/08,7,PINEROLO - Movicentro,-
C0422,283,123456,FER,03/08,8,PINEROLO - piazza Cavour,6:40
C0423,283,123456,FER,30/08/2026,1,CANTALUPA,7:10
C0423,283,123456,FER,30/08/2026,2,FROSSASCO Bivio,7:18
C0423,283,123456,FER,30/08/2026,3,ROLETTO,7:27
C0423,283,123456,FER,30/08/2026,4,FRAZIONE RONCAGLIA,7:26
C0423,283,123456,FER,30/08/2026,5,PINEROLO - via Martiri XXI,7:28
C0423,283,123456,FER,30/08/2026,6,PINEROLO - piazza Cavour,7:35
C0424,283,6,SCO,SCOL,1,CANTALUPA,7:10
C0424,283,6,SCO,SCOL,2,FROSSASCO Bivio,7:18
C0424,283,6,SCO,SCOL,3,ROLETTO,7:27
C0424,283,6,SCO,SCOL,4,FRAZIONE RONCAGLIA,7:26
C0424,283,6,SCO,SCOL,5,PINEROLO - via Martiri XXI,7:28
C0424,283,6,SCO,SCOL,6,PINEROLO - piazza Cavour,7:35
C0425,283,12345,SCO,SCOL,1,CANTALUPA,7:10
C0425,283,12345,SCO,SCOL,2,FROSSASCO Bivio,7:18
C0425,283,12345,SCO,SCOL,3,ROLETTO,7:27
C0425,283,12345,SCO,SCOL,4,FRAZIONE RONCAGLIA,7:26
C0425,283,12345,SCO,SCOL,5,PINEROLO - via Martiri XXI,7:28
C0425,283,12345,SCO,SCOL,6,PINEROLO Ist. Immacolata,7:35
C0426,283,12345,SCO,SCOL,1,PINEROLO Ist. Immacolata,7:40
C0426,283,12345,SCO,SCOL,2,PINEROLO - Movicentro,-
C0426,283,12345,SCO,SCOL,3,PINEROLO - piazza Cavour,7:45
C0427,283,123456,FER,,1,CANTALUPA,7:50
C0427,283,123456,FER,,2,FROSSASCO Bivio,7:56
C0427,283,123456,FER,,3,ROLETTO,8:01
C0427,283,123456,FER,,4,FRAZIONE RONCAGLIA,-
C0427,283,123456,FER,,5,PINEROLO - via Martiri XXI,8:05
C0427,283,123456,FER,,6,PINEROLO Ist. Immacolata,-
C0427,283,123456,FER,,7,PINEROLO - Movicentro,-
C0427,283,123456,FER,,8,PINEROLO - piazza Cavour,8:09
C0428,283,12345,SCO,SCOL,1,CANTALUPA,7:50
C0428,283,12345,SCO,SCOL,2,FROSSASCO Bivio,-
C0428,283,12345,SCO,SCOL,3,ROLETTO,8:02
C0428,283,12345,SCO,SCOL,4,FRAZIONE RONCAGLIA,8:01
C0428,283,12345,SCO,SCOL,5,PINEROLO - via Martiri XXI,8:04
C0428,283,12345,SCO,SCOL,6,PINEROLO Ist. Immacolata,-
C0428,283,12345,SCO,SCOL,7,PINEROLO - Movicentro,-
C0428,283,12345,SCO,SCOL,8,PINEROLO - piazza Cavour,8:13
C0429,283,12345,SCO,SCOL,1,FROSSASCO Bivio,7:59
C0429,283,12345,SCO,SCOL,2,ROLETTO,8:05
C0429,283,12345,SCO,SCOL,3,FRAZIONE RONCAGLIA,-
C0429,283,12345,SCO,SCOL,4,PINEROLO - via Martiri XXI,8:09
C0429,283,12345,SCO,SCOL,5,PINEROLO Ist. Immacolata,-
C0429,283,12345,SCO,SCOL,6,PINEROLO - Movicentro,-
C0429,283,12345,SCO,SCOL,7,PINEROLO - piazza Cavour,8:14
C0430,283,123456,FER,,1,CANTALUPA,8:30
C0430,283,123456,FER,,2,FROSSASCO Bivio,8:40
C0430,283,123456,FER,,3,ROLETTO,8:51
C0430,283,123456,FER,,4,FRAZIONE RONCAGLIA,8:47
C0430,283,123456,FER,,5,PINEROLO - via Martiri XXI,8:52
C0430,283,123456,FER,,6,PINEROLO Ist. Immacolata,-
C0430,283,123456,FER,,7,PINEROLO - Movicentro,-
C0430,283,123456,FER,,8,PINEROLO - piazza Cavour,9:00
C0431,283,123456,FER,SIMBOLOGIA,1,FROSSASCO Bivio,-
C0431,283,123456,FER,SIMBOLOGIA,2,ROLETTO,9:42
C0431,283,123456,FER,SIMBOLOGIA,3,FRAZIONE RONCAGLIA,-
C0431,283,123456,FER,SIMBOLOGIA,4,PINEROLO - via Martiri XXI,9:45
C0431,283,123456,FER,SIMBOLOGIA,5,PINEROLO Ist. Immacolata,-
C0431,283,123456,FER,SIMBOLOGIA,6,PINEROLO - Movicentro,-
C0431,283,123456,FER,SIMBOLOGIA,7,PINEROLO - piazza Cavour,9:50
C0432,283,78,FEST,CORSE:,1,CANTALUPA,9:45
C0432,283,78,FEST,CORSE:,2,FROSSASCO Bivio,9:55
C0432,283,78,FEST,CORSE:,3,ROLETTO,10:06
C0432,283,78,FEST,CORSE:,4,FRAZIONE RONCAGLIA,10:02
C0432,283,78,FEST,CORSE:,5,PINEROLO - via Martiri XXI,10:07
C0432,283,78,FEST,CORSE:,6,PINEROLO - piazza Cavour,10:15
C0433,283,123456,FER,D,1,FROSSASCO Bivio,-
C0433,283,123456,FER,D,2,ROLETTO,10:42
C0433,283,123456,FER,D,3,FRAZIONE RONCAGLIA,-
C0433,283,123456,FER,D,4,PINEROLO - via Martiri XXI,10:45
C0433,283,123456,FER,D,5,PINEROLO Ist. Immacolata,-
C0433,283,123456,FER,D,6,PINEROLO - Movicentro,-
C0433,283,123456,FER,D,7,PINEROLO - piazza Cavour,10:51
C0434,283,123456,FER,D,1,CANTALUPA,11:40
C0434,283,123456,FER,D,2,FROSSASCO Bivio,11:48
C0434,283,123456,FER,D,3,ROLETTO,12:00
C0434,283,123456,FER,D,4,FRAZIONE RONCAGLIA,11:57
C0434,283,123456,FER,D,5,PINEROLO - via Martiri XXI,12:05
C0434,283,123456,FER,D,6,PINEROLO Ist. Immacolata,-
C0434,283,123456,FER,D,7,PINEROLO - Movicentro,-
C0434,283,123456,FER,D,8,PINEROLO - piazza Cavour,12:10
C0435,283,6,SCO,AGO,1,CANTALUPA,11:30
C0435,283,6,SCO,AGO,2,FROSSASCO Bivio,11:40
C0435,283,6,SCO,AGO,3,ROLETTO,11:50
C0435,283,6,SCO,AGO,4,FRAZIONE RONCAGLIA,11:47
C0435,283,6,SCO,AGO,5,PINEROLO - via Martiri XXI,11:52
C0435,283,6,SCO,AGO,6,PINEROLO Ist. Immacolata,-
C0435,283,6,SCO,AGO,7,PINEROLO - Movicentro,-
C0435,283,6,SCO,AGO,8,PINEROLO - piazza Cavour,11:55
C0436,283,123456,FER,INV,1,CANTALUPA,12:50
C0436,283,123456,FER,INV,2,FROSSASCO Bivio,13:00
C0436,283,123456,FER,INV,3,ROLETTO,13:10
C0436,283,123456,FER,INV,4,FRAZIONE RONCAGLIA,13:07
C0436,283,123456,FER,INV,5,PINEROLO - via Martiri XXI,13:12
C0436,283,123456,FER,INV,6,PINEROLO Ist. Immacolata,-
C0436,283,123456,FER,INV,7,PINEROLO - Movicentro,-
C0436,283,123456,FER,INV,8,PINEROLO - piazza Cavour,13:15
C0437,283,6,FER,I,1,CANTALUPA,12:50
C0437,283,6,FER,I,2,FROSSASCO Bivio,13:00
C0437,283,6,FER,I,3,ROLETTO,13:10
C0437,283,6,FER,I,4,FRAZIONE RONCAGLIA,13:07
C0437,283,6,FER,I,5,PINEROLO - via Martiri XXI,13:12
C0437,283,6,FER,I,6,PINEROLO Ist. Immacolata,-
C0437,283,6,FER,I,7,PINEROLO - Movicentro,-
C0437,283,6,FER,I,8,PINEROLO - piazza Cavour,13:15
C0438,283,12345,SCO,SCOL,1,CANTALUPA,13:50
C0438,283,12345,SCO,SCOL,2,FROSSASCO Bivio,-
C0438,283,12345,SCO,SCOL,3,ROLETTO,14:01
C0438,283,12345,SCO,SCOL,4,FRAZIONE RONCAGLIA,-
C0438,283,12345,SCO,SCOL,5,PINEROLO - via Martiri XXI,14:03
C0438,283,12345,SCO,SCOL,6,PINEROLO Ist. Immacolata,-
C0438,283,12345,SCO,SCOL,7,PINEROLO - Movicentro,-
C0438,283,12345,SCO,SCOL,8,PINEROLO - piazza Cavour,14:07
C0439,283,12345,SCO,SCOL,1,CANTALUPA,14:45
C0439,283,12345,SCO,SCOL,2,FROSSASCO Bivio,14:52
C0439,283,12345,SCO,SCOL,3,ROLETTO,14:56
C0439,283,12345,SCO,SCOL,4,FRAZIONE RONCAGLIA,-
C0439,283,12345,SCO,SCOL,5,PINEROLO - via Martiri XXI,14:58
C0439,283,12345,SCO,SCOL,6,PINEROLO Ist. Immacolata,-
C0439,283,12345,SCO,SCOL,7,PINEROLO - Movicentro,-
C0439,283,12345,SCO,SCOL,8,PINEROLO - piazza Cavour,15:03
C0440,283,12345,SCO,SCOL,1,CANTALUPA,14:20
C0440,283,12345,SCO,SCOL,2,FROSSASCO Bivio,14:30
C0440,283,12345,SCO,SCOL,3,ROLETTO,14:43
C0440,283,12345,SCO,SCOL,4,FRAZIONE RONCAGLIA,14:37
C0440,283,12345,SCO,SCOL,5,PINEROLO - via Martiri XXI,14:45
C0440,283,12345,SCO,SCOL,6,PINEROLO Ist. Immacolata,-
C0440,283,12345,SCO,SCOL,7,PINEROLO - Movicentro,-
C0440,283,12345,SCO,SCOL,8,PINEROLO - piazza Cavour,14:50
C0441,283,12345,FER,NS,1,CANTALUPA,14:00
C0441,283,12345,FER,NS,2,FROSSASCO Bivio,14:10
C0441,283,12345,FER,NS,3,ROLETTO,14:23
C0441,283,12345,FER,NS,4,FRAZIONE RONCAGLIA,14:17
C0441,283,12345,FER,NS,5,PINEROLO - via Martiri XXI,14:25
C0441,283,12345,FER,NS,6,PINEROLO Ist. Immacolata,-
C0441,283,12345,FER,NS,7,PINEROLO - Movicentro,-
C0441,283,12345,FER,NS,8,PINEROLO - piazza Cavour,14:30
C0442,283,6,FER,,1,CANTALUPA,14:00
C0442,283,6,FER,,2,FROSSASCO Bivio,14:10
C0442,283,6,FER,,3,ROLETTO,14:23
C0442,283,6,FER,,4,FRAZIONE RONCAGLIA,14:17
C0442,283,6,FER,,5,PINEROLO - via Martiri XXI,14:25
C0442,283,6,FER,,6,PINEROLO Ist. Immacolata,-
C0442,283,6,FER,,7,PINEROLO - Movicentro,-
C0442,283,6,FER,,8,PINEROLO - piazza Cavour,14:30
C0443,283,123456,FER,D,1,CANTALUPA,15:30
C0443,283,123456,FER,D,2,FROSSASCO Bivio,-
C0443,283,123456,FER,D,3,ROLETTO,15:45
C0443,283,123456,FER,D,4,FRAZIONE RONCAGLIA,-
C0443,283,123456,FER,D,5,PINEROLO - via Martiri XXI,15:46
C0443,283,123456,FER,D,6,PINEROLO Ist. Immacolata,-
C0443,283,123456,FER,D,7,PINEROLO - Movicentro,-
C0443,283,123456,FER,D,8,PINEROLO - piazza Cavour,15:49
C0444,283,78,FEST,,1,CANTALUPA,16:30
C0444,283,78,FEST,,2,FROSSASCO Bivio,16:40
C0444,283,78,FEST,,3,ROLETTO,16:53
C0444,283,78,FEST,,4,FRAZIONE RONCAGLIA,16:47
C0444,283,78,FEST,,5,PINEROLO - via Martiri XXI,16:55
C0444,283,78,FEST,,6,PINEROLO Ist. Immacolata,-
C0444,283,78,FEST,,7,PINEROLO - Movicentro,-
C0444,283,78,FEST,,8,PINEROLO - piazza Cavour,17:00
C0445,283,123456,FER,D,1,CANTALUPA,16:40
C0445,283,123456,FER,D,2,FROSSASCO Bivio,-
C0445,283,123456,FER,D,3,ROLETTO,16:57
C0445,283,123456,FER,D,4,FRAZIONE RONCAGLIA,-
C0445,283,123456,FER,D,5,PINEROLO - via Martiri XXI,16:58
C0445,283,123456,FER,D,6,PINEROLO Ist. Immacolata,-
C0445,283,123456,FER,D,7,PINEROLO - Movicentro,-
C0445,283,123456,FER,D,8,PINEROLO - piazza Cavour,17:00
C0446,283,6,FER,,1,ROLETTO,17:28
C0446,283,6,FER,,2,FRAZIONE RONCAGLIA,-
C0446,283,6,FER,,3,PINEROLO - via Martiri XXI,17:30
C0446,283,6,FER,,4,PINEROLO Ist. Immacolata,-
C0446,283,6,FER,,5,PINEROLO - Movicentro,-
C0446,283,6,FER,,6,PINEROLO - piazza Cavour,17:35
C0447,283,12345,FER,NS,1,ROLETTO,17:28
C0447,283,12345,FER,NS,2,FRAZIONE RONCAGLIA,-
C0447,283,12345,FER,NS,3,PINEROLO - via Martiri XXI,17:30
C0447,283,12345,FER,NS,4,PINEROLO Ist. Immacolata,-
C0447,283,12345,FER,NS,5,PINEROLO - Movicentro,-
C0447,283,12345,FER,NS,6,PINEROLO - piazza Cavour,17:35
C0448,283,12345,SCO,SCOL,1,CANTALUPA,17:30
C0448,283,12345,SCO,SCOL,2,FROSSASCO Bivio,-
C0448,283,12345,SCO,SCOL,3,ROLETTO,17:47
C0448,283,12345,SCO,SCOL,4,FRAZIONE RONCAGLIA,-
C0448,283,12345,SCO,SCOL,5,PINEROLO - via Martiri XXI,17:50
C0448,283,12345,SCO,SCOL,6,PINEROLO Ist. Immacolata,-
C0448,283,12345,SCO,SCOL,7,PINEROLO - Movicentro,-
C0448,283,12345,SCO,SCOL,8,PINEROLO - piazza Cavour,17:55
C0449,283,123456,FER,,1,CANTALUPA,17:55
C0449,283,123456,FER,,2,FROSSASCO Bivio,18:05
C0449,283,123456,FER,,3,ROLETTO,18:17
C0449,283,123456,FER,,4,FRAZIONE RONCAGLIA,18:15
C0449,283,123456,FER,,5,PINEROLO - via Martiri XXI,18:20
C0449,283,123456,FER,,6,PINEROLO Ist. Immacolata,-
C0449,283,123456,FER,,7,PINEROLO - Movicentro,-
C0449,283,123456,FER,,8,PINEROLO - piazza Cavour,18:25
C0450,283,123456,FER,,1,CANTALUPA,19:00
C0450,283,123456,FER,,2,FROSSASCO Bivio,19:07
C0450,283,123456,FER,,3,ROLETTO,19:16
C0450,283,123456,FER,,4,FRAZIONE RONCAGLIA,-
C0450,283,123456,FER,,5,PINEROLO - via Martiri XXI,19:17
C0450,283,123456,FER,,6,PINEROLO Ist. Immacolata,-
C0450,283,123456,FER,,7,PINEROLO - Movicentro,-
C0450,283,123456,FER,,8,PINEROLO - piazza Cavour,19:20
C0451,283,123456,FER,,1,CANTALUPA,19:55
C0451,283,123456,FER,,2,FROSSASCO Bivio,-
C0451,283,123456,FER,,3,ROLETTO,20:07
C0451,283,123456,FER,,4,FRAZIONE RONCAGLIA,-
C0451,283,123456,FER,,5,PINEROLO - via Martiri XXI,20:09
C0451,283,123456,FER,,6,PINEROLO Ist. Immacolata,-
C0451,283,123456,FER,,7,PINEROLO - Movicentro,-
C0451,283,123456,FER,,8,PINEROLO - piazza Cavour,20:13
C0452,283,123456,FER,03/08,1,PINEROLO - piazza Cavour,6:45
C0452,283,123456,FER,03/08,2,PINEROLO - Movicentro,-
C0452,283,123456,FER,03/08,3,PINEROLO - via Martiri XXI,6:49
C0452,283,123456,FER,03/08,4,ROLETTO,6:53
C0452,283,123456,FER,03/08,5,FRAZIONE RONCAGLIA,-
C0452,283,123456,FER,03/08,6,FROSSASCO Bivio,6:57
C0452,283,123456,FER,03/08,7,CANTALUPA,7:05
C0453,283,123456,FER,30/08/2026,1,PINEROLO - piazza Cavour,7:15
C0453,283,123456,FER,30/08/2026,2,PINEROLO - Movicentro,-
C0453,283,123456,FER,30/08/2026,3,PINEROLO - via Martiri XXI,7:20
C0453,283,123456,FER,30/08/2026,4,ROLETTO,7:33
C0453,283,123456,FER,30/08/2026,5,FRAZIONE RONCAGLIA,7:25
C0453,283,123456,FER,30/08/2026,6,FROSSASCO Bivio,7:37
C0453,283,123456,FER,30/08/2026,7,CANTALUPA,7:45
C0454,283,123456,FER,,1,PINEROLO - piazza Cavour,8:00
C0454,283,123456,FER,,2,PINEROLO - Movicentro,-
C0454,283,123456,FER,,3,PINEROLO - via Martiri XXI,8:04
C0454,283,123456,FER,,4,ROLETTO,8:18
C0454,283,123456,FER,,5,FRAZIONE RONCAGLIA,8:10
C0454,283,123456,FER,,6,FROSSASCO Bivio,8:22
C0454,283,123456,FER,,7,CANTALUPA,8:30
C0455,283,123456,FER,D,1,PINEROLO - piazza Cavour,9:00
C0455,283,123456,FER,D,2,PINEROLO - Movicentro,-
C0455,283,123456,FER,D,3,PINEROLO - via Martiri XXI,9:05
C0455,283,123456,FER,D,4,ROLETTO,9:10
C0455,283,123456,FER,D,5,FRAZIONE RONCAGLIA,-
C0455,283,123456,FER,D,6,FROSSASCO Bivio,9:15
C0456,283,78,FEST,,1,PINEROLO - piazza Cavour,9:15
C0456,283,78,FEST,,2,PINEROLO - Movicentro,-
C0456,283,78,FEST,,3,PINEROLO - via Martiri XXI,9:20
C0456,283,78,FEST,,4,ROLETTO,9:33
C0456,283,78,FEST,,5,FRAZIONE RONCAGLIA,9:25
C0456,283,78,FEST,,6,FROSSASCO Bivio,9:37
C0456,283,78,FEST,,7,CANTALUPA,9:45
C0457,283,123456,FER,D,1,PINEROLO - piazza Cavour,10:00
C0457,283,123456,FER,D,2,PINEROLO - Movicentro,-
C0457,283,123456,FER,D,3,PINEROLO - via Martiri XXI,10:05
C0457,283,123456,FER,D,4,ROLETTO,10:10
C0457,283,123456,FER,D,5,FRAZIONE RONCAGLIA,-
C0457,283,123456,FER,D,6,FROSSASCO Bivio,10:15
C0458,283,6,FER,AGO,1,PINEROLO - piazza Cavour,11:00
C0458,283,6,FER,AGO,2,PINEROLO - Movicentro,-
C0458,283,6,FER,AGO,3,PINEROLO - via Martiri XXI,11:05
C0458,283,6,FER,AGO,4,ROLETTO,11:18
C0458,283,6,FER,AGO,5,FRAZIONE RONCAGLIA,11:10
C0458,283,6,FER,AGO,6,FROSSASCO Bivio,11:22
C0458,283,6,FER,AGO,7,CANTALUPA,11:30
C0459,283,123456,FER,D,1,PINEROLO - piazza Cavour,11:10
C0459,283,123456,FER,D,2,PINEROLO - Movicentro,-
C0459,283,123456,FER,D,3,PINEROLO - via Martiri XXI,11:15
C0459,283,123456,FER,D,4,ROLETTO,11:28
C0459,283,123456,FER,D,5,FRAZIONE RONCAGLIA,11:20
C0459,283,123456,FER,D,6,FROSSASCO Bivio,11:32
C0459,283,123456,FER,D,7,CANTALUPA,11:40
C0460,283,123456,FER,,1,PINEROLO - piazza Cavour,12:20
C0460,283,123456,FER,,2,PINEROLO - Movicentro,-
C0460,283,123456,FER,,3,PINEROLO - via Martiri XXI,12:25
C0460,283,123456,FER,,4,ROLETTO,12:38
C0460,283,123456,FER,,5,FRAZIONE RONCAGLIA,12:30
C0460,283,123456,FER,,6,FROSSASCO Bivio,12:42
C0460,283,123456,FER,,7,CANTALUPA,12:50
C0461,283,12345,FER,SIMBOLOGIA,1,PINEROLO - piazza Cavour,13:00
C0461,283,12345,FER,SIMBOLOGIA,2,PINEROLO - Movicentro,-
C0461,283,12345,FER,SIMBOLOGIA,3,PINEROLO - via Martiri XXI,13:05
C0461,283,12345,FER,SIMBOLOGIA,4,ROLETTO,13:18
C0461,283,12345,FER,SIMBOLOGIA,5,FRAZIONE RONCAGLIA,13:10
C0461,283,12345,FER,SIMBOLOGIA,6,FROSSASCO Bivio,13:22
C0461,283,12345,FER,SIMBOLOGIA,7,CANTALUPA,13:30
C0462,283,6,FER,CORSE:,1,PINEROLO - piazza Cavour,13:00
C0462,283,6,FER,CORSE:,2,PINEROLO - Movicentro,-
C0462,283,6,FER,CORSE:,3,PINEROLO - via Martiri XXI,13:05
C0462,283,6,FER,CORSE:,4,ROLETTO,13:18
C0462,283,6,FER,CORSE:,5,FRAZIONE RONCAGLIA,13:10
C0462,283,6,FER,CORSE:,6,FROSSASCO Bivio,13:22
C0462,283,6,FER,CORSE:,7,CANTALUPA,13:30
C0463,283,6,FER,I,1,PINEROLO - piazza Cavour,13:00
C0463,283,6,FER,I,2,PINEROLO - Movicentro,-
C0463,283,6,FER,I,3,PINEROLO - via Martiri XXI,13:05
C0463,283,6,FER,I,4,ROLETTO,13:18
C0463,283,6,FER,I,5,FRAZIONE RONCAGLIA,13:10
C0463,283,6,FER,I,6,FROSSASCO Bivio,13:22
C0463,283,6,FER,I,7,CANTALUPA,13:30
C0464,283,12345,SCO,SCOL,1,PINEROLO - Movicentro,-
C0464,283,12345,SCO,SCOL,2,PINEROLO - via Martiri XXI,13:38
C0464,283,12345,SCO,SCOL,3,ROLETTO,-
C0464,283,12345,SCO,SCOL,4,FRAZIONE RONCAGLIA,13:45
C0464,283,12345,SCO,SCOL,5,FROSSASCO Bivio,-
C0464,283,12345,SCO,SCOL,6,CANTALUPA,14:00
C0465,283,12345,SCO,SCOL,1,PINEROLO - piazza Cavour,13:20
C0465,283,12345,SCO,SCOL,2,PINEROLO - Movicentro,13:25
C0465,283,12345,SCO,SCOL,3,PINEROLO - via Martiri XXI,-
C0465,283,12345,SCO,SCOL,4,ROLETTO,13:36
C0465,283,12345,SCO,SCOL,5,FRAZIONE RONCAGLIA,-
C0465,283,12345,SCO,SCOL,6,FROSSASCO Bivio,13:40
C0465,283,12345,SCO,SCOL,7,CANTALUPA,13:47
C0466,283,12345,SCO,SCOL,1,PINEROLO - piazza Cavour,14:15
C0466,283,12345,SCO,SCOL,2,PINEROLO - Movicentro,-
C0466,283,12345,SCO,SCOL,3,PINEROLO - via Martiri XXI,14:20
C0466,283,12345,SCO,SCOL,4,ROLETTO,14:33
C0466,283,12345,SCO,SCOL,5,FRAZIONE RONCAGLIA,14:25
C0466,283,12345,SCO,SCOL,6,FROSSASCO Bivio,14:37
C0466,283,12345,SCO,SCOL,7,CANTALUPA,14:45
C0467,283,123456,FER,D,1,PINEROLO - piazza Cavour,15:05
C0467,283,123456,FER,D,2,PINEROLO - Movicentro,-
C0467,283,123456,FER,D,3,PINEROLO - via Martiri XXI,15:07
C0467,283,123456,FER,D,4,ROLETTO,15:18
C0467,283,123456,FER,D,5,FRAZIONE RONCAGLIA,15:10
C0467,283,123456,FER,D,6,FROSSASCO Bivio,15:22
C0467,283,123456,FER,D,7,CANTALUPA,15:30
C0468,283,78,FEST,,1,PINEROLO - piazza Cavour,16:00
C0468,283,78,FEST,,2,PINEROLO - Movicentro,-
C0468,283,78,FEST,,3,PINEROLO - via Martiri XXI,16:05
C0468,283,78,FEST,,4,ROLETTO,16:17
C0468,283,78,FEST,,5,FRAZIONE RONCAGLIA,16:13
C0468,283,78,FEST,,6,FROSSASCO Bivio,16:20
C0468,283,78,FEST,,7,CANTALUPA,16:30
C0469,283,12345,SCO,SCOL,1,PINEROLO - piazza Cavour,16:06
C0469,283,12345,SCO,SCOL,2,PINEROLO - Movicentro,-
C0469,283,12345,SCO,SCOL,3,PINEROLO - via Martiri XXI,16:15
C0469,283,12345,SCO,SCOL,4,ROLETTO,16:30
C0469,283,12345,SCO,SCOL,5,FRAZIONE RONCAGLIA,16:22
C0469,283,12345,SCO,SCOL,6,FROSSASCO Bivio,16:32
C0469,283,12345,SCO,SCOL,7,CANTALUPA,16:39
C0470,283,6,FER,D,1,PINEROLO - piazza Cavour,16:05
C0470,283,6,FER,D,2,PINEROLO - Movicentro,-
C0470,283,6,FER,D,3,PINEROLO - via Martiri XXI,16:07
C0470,283,6,FER,D,4,ROLETTO,16:15
C0470,283,6,FER,D,5,FRAZIONE RONCAGLIA,16:10
C0470,283,6,FER,D,6,FROSSASCO Bivio,16:20
C0470,283,6,FER,D,7,CANTALUPA,16:30
C0471,283,12345,FER,NS,1,PINEROLO - piazza Cavour,16:05
C0471,283,12345,FER,NS,2,PINEROLO - Movicentro,-
C0471,283,12345,FER,NS,3,PINEROLO - via Martiri XXI,16:07
C0471,283,12345,FER,NS,4,ROLETTO,16:15
C0471,283,12345,FER,NS,5,FRAZIONE RONCAGLIA,16:10
C0471,283,12345,FER,NS,6,FROSSASCO Bivio,16:20
C0471,283,12345,FER,NS,7,CANTALUPA,16:30
C0472,283,6,FER,,1,PINEROLO - piazza Cavour,17:00
C0472,283,6,FER,,2,PINEROLO - Movicentro,-
C0472,283,6,FER,,3,PINEROLO - via Martiri XXI,17:08
C0472,283,6,FER,,4,ROLETTO,17:20
C0472,283,6,FER,,5,FRAZIONE RONCAGLIA,17:14
C0473,283,12345,FER,NS,1,PINEROLO - piazza Cavour,17:00
C0473,283,12345,FER,NS,2,PINEROLO - Movicentro,-
C0473,283,12345,FER,NS,3,PINEROLO - via Martiri XXI,17:08
C0473,283,12345,FER,NS,4,ROLETTO,17:20
C0473,283,12345,FER,NS,5,FRAZIONE RONCAGLIA,17:14
C0474,283,12345,SCO,SCOL,1,PINEROLO - piazza Cavour,17:00
C0474,283,12345,SCO,SCOL,2,PINEROLO - Movicentro,-
C0474,283,12345,SCO,SCOL,3,PINEROLO - via Martiri XXI,17:05
C0474,283,12345,SCO,SCOL,4,ROLETTO,17:18
C0474,283,12345,SCO,SCOL,5,FRAZIONE RONCAGLIA,17:10
C0474,283,12345,SCO,SCOL,6,FROSSASCO Bivio,17:22
C0474,283,12345,SCO,SCOL,7,CANTALUPA,17:30
C0475,283,123456,FER,,1,PINEROLO - piazza Cavour,17:35
C0475,283,123456,FER,,2,PINEROLO - Movicentro,-
C0475,283,123456,FER,,3,PINEROLO - via Martiri XXI,17:39
C0475,283,123456,FER,,4,ROLETTO,17:43
C0475,283,123456,FER,,5,FRAZIONE RONCAGLIA,-
C0475,283,123456,FER,,6,FROSSASCO Bivio,17:47
C0475,283,123456,FER,,7,CANTALUPA,17:55
C0476,283,123456,FER,,1,PINEROLO - piazza Cavour,18:30
C0476,283,123456,FER,,2,PINEROLO - Movicentro,-
C0476,283,123456,FER,,3,PINEROLO - via Martiri XXI,18:35
C0476,283,123456,FER,,4,ROLETTO,18:47
C0476,283,123456,FER,,5,FRAZIONE RONCAGLIA,18:43
C0476,283,123456,FER,,6,FROSSASCO Bivio,18:50
C0476,283,123456,FER,,7,CANTALUPA,19:00
C0477,283,123456,FER,,1,PINEROLO - piazza Cavour,19:35
C0477,283,123456,FER,,2,PINEROLO - Movicentro,-
C0477,283,123456,FER,,3,PINEROLO - via Martiri XXI,19:39
C0477,283,123456,FER,,4,ROLETTO,19:43
C0477,283,123456,FER,,5,FRAZIONE RONCAGLIA,-
C0477,283,123456,FER,,6,FROSSASCO Bivio,19:47
C0477,283,123456,FER,,7,CANTALUPA,19:55
C0478,303,12345,FER,S,1,PINEROLO,4.30
C0478,303,12345,FER,S,2,PEROSA ARGENTINA arrivo,5.00
C0478,303,12345,FER,S,3,PEROSA ARGENTINA part.,5:20
C0478,303,12345,FER,S,4,POMARETTO OSPEDALE,5:22
C0478,303,12345,FER,S,5,POMARETTO P.LAUSA,5:23
C0478,303,12345,FER,S,6,CHIOTTI,5.28
C0478,303,12345,FER,S,7,TROSSIERI,5:30
C0478,303,12345,FER,S,8,PERRERO,5:34
C0478,303,12345,FER,S,9,PONTE RABBIOSO,5:36
C0478,303,12345,FER,S,10,POMEYFRE,5:39
C0479,303,123456,FER,,1,PERRERO,6:20
C0479,303,123456,FER,,2,PONTE RABBIOSO,6:25
C0479,303,123456,FER,,3,POMEYFRE,6:30
C0479,303,123456,FER,,4,CROSETTO MIN. GIANNA,6:35
C0479,303,123456,FER,,5,RODORETTO BIVIO,6:40
C0479,303,123456,FER,,6,VILLA DI PRALI,6:45
C0479,303,123456,FER,,7,PRALI GHIGO,6:50
C0480,303,123456,FER,S,1,PEROSA ARGENTINA part.,6:15
C0480,303,123456,FER,S,2,POMARETTO OSPEDALE,6:17
C0480,303,123456,FER,S,3,POMARETTO P.LAUSA,6:20
C0480,303,123456,FER,S,4,CHIOTTI,6:25
C0480,303,123456,FER,S,5,TROSSIERI,6:27
C0480,303,123456,FER,S,6,PERRERO,6:30
C0481,303,123456,SCO,SCOL,1,PERRERO,6:55
C0481,303,123456,SCO,SCOL,2,PONTE RABBIOSO,7:00
C0481,303,123456,SCO,SCOL,3,POMEYFRE,7:03
C0481,303,123456,SCO,SCOL,4,CROSETTO MIN. GIANNA,7:05
C0481,303,123456,SCO,SCOL,5,RODORETTO BIVIO,7:10
C0481,303,123456,SCO,SCOL,6,VILLA DI PRALI,7:15
C0481,303,123456,SCO,SCOL,7,PRALI GHIGO,7:19
C0481,303,123456,SCO,SCOL,8,SEGGIOVIE,7:20
C0482,303,123456,FER,,1,PEROSA ARGENTINA part.,8:15
C0482,303,123456,FER,,2,POMARETTO OSPEDALE,8:17
C0482,303,123456,FER,,3,POMARETTO P.LAUSA,8:20
C0482,303,123456,FER,,4,CHIOTTI,8:25
C0482,303,123456,FER,,5,TROSSIERI,8:27
C0482,303,123456,FER,,6,PERRERO,8:30
C0483,303,123456,FER,AGO,1,TORINO Autostazione,7:41
C0483,303,123456,FER,AGO,2,PINEROLO,8:50
C0483,303,123456,FER,AGO,3,PEROSA ARGENTINA arrivo,9:20
C0483,303,123456,FER,AGO,4,PEROSA ARGENTINA part.,9:20
C0483,303,123456,FER,AGO,5,POMARETTO OSPEDALE,9:22
C0483,303,123456,FER,AGO,6,POMARETTO P.LAUSA,9:24
C0483,303,123456,FER,AGO,7,CHIOTTI,9:29
C0483,303,123456,FER,AGO,8,TROSSIERI,9:30
C0483,303,123456,FER,AGO,9,PERRERO,9:35
C0483,303,123456,FER,AGO,10,PONTE RABBIOSO,9:37
C0483,303,123456,FER,AGO,11,POMEYFRE,9:40
C0483,303,123456,FER,AGO,12,CROSETTO MIN. GIANNA,9:41
C0483,303,123456,FER,AGO,13,RODORETTO BIVIO,9:48
C0483,303,123456,FER,AGO,14,VILLA DI PRALI,9:52
C0483,303,123456,FER,AGO,15,PRALI GHIGO,9:56
C0483,303,123456,FER,AGO,16,SEGGIOVIE,9:57
C0484,303,8,FEST,,1,TORINO Autostazione,7:15
C0484,303,8,FEST,,2,PINEROLO,8:24
C0484,303,8,FEST,,3,PEROSA ARGENTINA arrivo,8:54
C0484,303,8,FEST,,4,PEROSA ARGENTINA part.,9:20
C0484,303,8,FEST,,5,POMARETTO OSPEDALE,9:22
C0484,303,8,FEST,,6,POMARETTO P.LAUSA,9:24
C0484,303,8,FEST,,7,CHIOTTI,9:29
C0484,303,8,FEST,,8,TROSSIERI,9:30
C0484,303,8,FEST,,9,PERRERO,9:33
C0484,303,8,FEST,,10,PONTE RABBIOSO,9:36
C0484,303,8,FEST,,11,POMEYFRE,9:38
C0484,303,8,FEST,,12,CROSETTO MIN. GIANNA,9:39
C0484,303,8,FEST,,13,RODORETTO BIVIO,9:46
C0484,303,8,FEST,,14,VILLA DI PRALI,9:50
C0484,303,8,FEST,,15,PRALI GHIGO,9:54
C0484,303,8,FEST,,16,SEGGIOVIE,9:55
C0485,303,8,FEST,,1,TORINO Autostazione,9:15
C0485,303,8,FEST,,2,PINEROLO,10:24
C0485,303,8,FEST,,3,PEROSA ARGENTINA arrivo,10:54
C0485,303,8,FEST,,4,PEROSA ARGENTINA part.,11:00
C0485,303,8,FEST,,5,POMARETTO OSPEDALE,11:02
C0485,303,8,FEST,,6,POMARETTO P.LAUSA,11:05
C0485,303,8,FEST,,7,CHIOTTI,11:10
C0485,303,8,FEST,,8,TROSSIERI,11:12
C0485,303,8,FEST,,9,PERRERO,11:15
C0486,303,12345,FER,,1,TORINO Autostazione,9:41
C0486,303,12345,FER,,2,PINEROLO,10:50
C0486,303,12345,FER,,3,PEROSA ARGENTINA arrivo,11:20
C0486,303,12345,FER,,4,PEROSA ARGENTINA part.,11:25
C0486,303,12345,FER,,5,POMARETTO OSPEDALE,11:27
C0486,303,12345,FER,,6,POMARETTO P.LAUSA,11:28
C0486,303,12345,FER,,7,CHIOTTI,11:33
C0486,303,12345,FER,,8,TROSSIERI,11:35
C0486,303,12345,FER,,9,PERRERO,11:39
C0487,303,6,FER,A,1,PEROSA ARGENTINA part.,12:30
C0487,303,6,FER,A,2,POMARETTO OSPEDALE,12:32
C0487,303,6,FER,A,3,POMARETTO P.LAUSA,12:35
C0487,303,6,FER,A,4,CHIOTTI,12:40
C0487,303,6,FER,A,5,TROSSIERI,12:42
C0487,303,6,FER,A,6,PERRERO,12:45
C0488,303,12345,FER,NS,1,TORINO Autostazione,10:41
C0488,303,12345,FER,NS,2,PINEROLO,11:50
C0488,303,12345,FER,NS,3,PEROSA ARGENTINA arrivo,12:20
C0488,303,12345,FER,NS,4,PEROSA ARGENTINA part.,12:35
C0488,303,12345,FER,NS,5,POMARETTO OSPEDALE,12:37
C0488,303,12345,FER,NS,6,POMARETTO P.LAUSA,12:38
C0488,303,12345,FER,NS,7,CHIOTTI,12:45
C0488,303,12345,FER,NS,8,TROSSIERI,12:47
C0488,303,12345,FER,NS,9,PERRERO,12:50
C0488,303,12345,FER,NS,10,PONTE RABBIOSO,12:53
C0488,303,12345,FER,NS,11,POMEYFRE,12:57
C0488,303,12345,FER,NS,12,CROSETTO MIN. GIANNA,12:58
C0488,303,12345,FER,NS,13,RODORETTO BIVIO,13:05
C0488,303,12345,FER,NS,14,VILLA DI PRALI,13:10
C0488,303,12345,FER,NS,15,PRALI GHIGO,13:14
C0489,303,1245,SCO,SCOL,1,TORINO Autostazione,10:41
C0489,303,1245,SCO,SCOL,2,PINEROLO,11:50
C0489,303,1245,SCO,SCOL,3,PEROSA ARGENTINA arrivo,12:20
C0489,303,1245,SCO,SCOL,4,PEROSA ARGENTINA part.,12:35
C0489,303,1245,SCO,SCOL,5,POMARETTO OSPEDALE,12:37
C0489,303,1245,SCO,SCOL,6,POMARETTO P.LAUSA,12:38
C0489,303,1245,SCO,SCOL,7,CHIOTTI,12:45
C0489,303,1245,SCO,SCOL,8,TROSSIERI,12:47
C0489,303,1245,SCO,SCOL,9,PERRERO,12:50
C0489,303,1245,SCO,SCOL,10,PONTE RABBIOSO,12:53
C0489,303,1245,SCO,SCOL,11,POMEYFRE,12:57
C0489,303,1245,SCO,SCOL,12,CROSETTO MIN. GIANNA,12:58
C0489,303,1245,SCO,SCOL,13,RODORETTO BIVIO,13:05
C0489,303,1245,SCO,SCOL,14,VILLA DI PRALI,13:10
C0489,303,1245,SCO,SCOL,15,PRALI GHIGO,13:14
C0490,303,3,SCO,SCOL,1,TORINO Autostazione,10:41
C0490,303,3,SCO,SCOL,2,PINEROLO,11:50
C0490,303,3,SCO,SCOL,3,PEROSA ARGENTINA arrivo,12:20
C0490,303,3,SCO,SCOL,4,PEROSA ARGENTINA part.,12:45
C0490,303,3,SCO,SCOL,5,POMARETTO OSPEDALE,12:47
C0490,303,3,SCO,SCOL,6,POMARETTO P.LAUSA,12:48
C0490,303,3,SCO,SCOL,7,CHIOTTI,12:55
C0490,303,3,SCO,SCOL,8,TROSSIERI,12:57
C0490,303,3,SCO,SCOL,9,PERRERO,13:00
C0490,303,3,SCO,SCOL,10,PONTE RABBIOSO,13:03
C0490,303,3,SCO,SCOL,11,POMEYFRE,13:07
C0490,303,3,SCO,SCOL,12,CROSETTO MIN. GIANNA,13:08
C0490,303,3,SCO,SCOL,13,RODORETTO BIVIO,13:15
C0490,303,3,SCO,SCOL,14,VILLA DI PRALI,13:20
C0490,303,3,SCO,SCOL,15,PRALI GHIGO,13:24
C0491,303,123456,FER,NS,1,TORINO Autostazione,11:41
C0491,303,123456,FER,NS,2,PINEROLO,12:50
C0491,303,123456,FER,NS,3,PEROSA ARGENTINA arrivo,13:20
C0491,303,123456,FER,NS,4,PEROSA ARGENTINA part.,13:25
C0491,303,123456,FER,NS,5,POMARETTO OSPEDALE,13:27
C0491,303,123456,FER,NS,6,POMARETTO P.LAUSA,13:28
C0491,303,123456,FER,NS,7,CHIOTTI,13:35
C0491,303,123456,FER,NS,8,TROSSIERI,13:37
C0491,303,123456,FER,NS,9,PERRERO,13:41
C0491,303,123456,FER,NS,10,PONTE RABBIOSO,13:43
C0491,303,123456,FER,NS,11,POMEYFRE,13:46
C0491,303,123456,FER,NS,12,CROSETTO MIN. GIANNA,13:47
C0491,303,123456,FER,NS,13,RODORETTO BIVIO,13:55
C0491,303,123456,FER,NS,14,VILLA DI PRALI,13:59
C0491,303,123456,FER,NS,15,PRALI GHIGO,14:03
C0492,303,12345,SCO,SCOL,1,TORINO Autostazione,12:03
C0492,303,12345,SCO,SCOL,2,PINEROLO,13:20
C0492,303,12345,SCO,SCOL,3,PEROSA ARGENTINA arrivo,13:50
C0492,303,12345,SCO,SCOL,4,PEROSA ARGENTINA part.,14:05
C0492,303,12345,SCO,SCOL,5,POMARETTO OSPEDALE,14:07
C0492,303,12345,SCO,SCOL,6,POMARETTO P.LAUSA,14:09
C0492,303,12345,SCO,SCOL,7,CHIOTTI,14:13
C0492,303,12345,SCO,SCOL,8,TROSSIERI,14:14
C0492,303,12345,SCO,SCOL,9,PERRERO,14:19
C0492,303,12345,SCO,SCOL,10,PONTE RABBIOSO,14:21
C0492,303,12345,SCO,SCOL,11,POMEYFRE,14:23
C0492,303,12345,SCO,SCOL,12,CROSETTO MIN. GIANNA,14:24
C0492,303,12345,SCO,SCOL,13,RODORETTO BIVIO,14:31
C0492,303,12345,SCO,SCOL,14,VILLA DI PRALI,14:35
C0492,303,12345,SCO,SCOL,15,PRALI GHIGO,14:39
C0493,303,12345,FER,S,1,TORINO Autostazione,12:41
C0493,303,12345,FER,S,2,PINEROLO,13:50
C0493,303,12345,FER,S,3,PEROSA ARGENTINA arrivo,14:20
C0493,303,12345,FER,S,4,PEROSA ARGENTINA part.,14:30
C0493,303,12345,FER,S,5,POMARETTO OSPEDALE,14:32
C0493,303,12345,FER,S,6,POMARETTO P.LAUSA,14:35
C0493,303,12345,FER,S,7,CHIOTTI,14:40
C0493,303,12345,FER,S,8,TROSSIERI,14:42
C0493,303,12345,FER,S,9,PERRERO,14:45
C0494,303,12345,FER,A,1,TORINO Autostazione,13:41
C0494,303,12345,FER,A,2,PINEROLO,14:50
C0494,303,12345,FER,A,3,PEROSA ARGENTINA arrivo,15:20
C0494,303,12345,FER,A,4,PEROSA ARGENTINA part.,15:40
C0494,303,12345,FER,A,5,POMARETTO OSPEDALE,15:42
C0494,303,12345,FER,A,6,POMARETTO P.LAUSA,15:45
C0494,303,12345,FER,A,7,CHIOTTI,15:50
C0494,303,12345,FER,A,8,TROSSIERI,15:52
C0494,303,12345,FER,A,9,PERRERO,15:55
C0495,303,123456,FER,INV,1,PERRERO,16:05
C0495,303,123456,FER,INV,2,PONTE RABBIOSO,16:10
C0495,303,123456,FER,INV,3,POMEYFRE,16:15
C0495,303,123456,FER,INV,4,CROSETTO MIN. GIANNA,16:20
C0495,303,123456,FER,INV,5,RODORETTO BIVIO,16:22
C0495,303,123456,FER,INV,6,VILLA DI PRALI,16:25
C0495,303,123456,FER,INV,7,PRALI GHIGO,16:30
C0496,303,8,FEST,R,1,TORINO Autostazione,14:03
C0496,303,8,FEST,R,2,PINEROLO,15:20
C0496,303,8,FEST,R,3,PEROSA ARGENTINA arrivo,15:50
C0496,303,8,FEST,R,4,PEROSA ARGENTINA part.,15:52
C0496,303,8,FEST,R,5,POMARETTO OSPEDALE,15:54
C0496,303,8,FEST,R,6,POMARETTO P.LAUSA,15:57
C0496,303,8,FEST,R,7,CHIOTTI,16:02
C0496,303,8,FEST,R,8,TROSSIERI,16:04
C0496,303,8,FEST,R,9,PERRERO,16:07
C0496,303,8,FEST,R,10,PONTE RABBIOSO,16:12
C0496,303,8,FEST,R,11,POMEYFRE,16:17
C0496,303,8,FEST,R,12,CROSETTO MIN. GIANNA,16:22
C0496,303,8,FEST,R,13,RODORETTO BIVIO,16:27
C0496,303,8,FEST,R,14,VILLA DI PRALI,16:32
C0496,303,8,FEST,R,15,PRALI GHIGO,16:34
C0496,303,8,FEST,R,16,SEGGIOVIE,16:37
C0497,303,8,FEST,Q,1,PEROSA ARGENTINA part.,16:20
C0497,303,8,FEST,Q,2,POMARETTO OSPEDALE,16:22
C0497,303,8,FEST,Q,3,POMARETTO P.LAUSA,16:25
C0497,303,8,FEST,Q,4,CHIOTTI,16:30
C0497,303,8,FEST,Q,5,TROSSIERI,16:32
C0497,303,8,FEST,Q,6,PERRERO,16:35
C0497,303,8,FEST,Q,7,PONTE RABBIOSO,16:40
C0497,303,8,FEST,Q,8,POMEYFRE,16:45
C0497,303,8,FEST,Q,9,CROSETTO MIN. GIANNA,16:50
C0497,303,8,FEST,Q,10,RODORETTO BIVIO,16:55
C0497,303,8,FEST,Q,11,VILLA DI PRALI,17:00
C0497,303,8,FEST,Q,12,PRALI GHIGO,17:05
C0497,303,8,FEST,Q,13,SEGGIOVIE,17:10
C0498,303,12345,FER,S,1,TORINO Autostazione,15.11
C0498,303,12345,FER,S,2,PINEROLO,16.20
C0498,303,12345,FER,S,3,PEROSA ARGENTINA arrivo,16.50
C0498,303,12345,FER,S,4,PEROSA ARGENTINA part.,17:15
C0498,303,12345,FER,S,5,POMARETTO OSPEDALE,17:17
C0498,303,12345,FER,S,6,POMARETTO P.LAUSA,17:20
C0498,303,12345,FER,S,7,CHIOTTI,17:25
C0498,303,12345,FER,S,8,TROSSIERI,17:27
C0498,303,12345,FER,S,9,PERRERO,17:30
C0499,303,6,FER,03/08,1,PEROSA ARGENTINA part.,17:15
C0499,303,6,FER,03/08,2,POMARETTO OSPEDALE,17:17
C0499,303,6,FER,03/08,3,POMARETTO P.LAUSA,17:20
C0499,303,6,FER,03/08,4,CHIOTTI,17:25
C0499,303,6,FER,03/08,5,TROSSIERI,17:27
C0499,303,6,FER,03/08,6,PERRERO,17:30
C0500,303,123456,FER,EST,1,PERRERO,17:30
C0500,303,123456,FER,EST,2,PONTE RABBIOSO,17:31
C0500,303,123456,FER,EST,3,POMEYFRE,17:35
C0500,303,123456,FER,EST,4,CROSETTO MIN. GIANNA,17:40
C0500,303,123456,FER,EST,5,RODORETTO BIVIO,17:43
C0500,303,123456,FER,EST,6,VILLA DI PRALI,17:47
C0500,303,123456,FER,EST,7,PRALI GHIGO,17:50
C0500,303,123456,FER,EST,8,SEGGIOVIE,17:51
C0501,303,8,FEST,R,1,TORINO Autostazione,15:15
C0501,303,8,FEST,R,2,PINEROLO,16:24
C0501,303,8,FEST,R,3,PEROSA ARGENTINA arrivo,16:54
C0501,303,8,FEST,R,4,PEROSA ARGENTINA part.,17:22
C0501,303,8,FEST,R,5,POMARETTO OSPEDALE,17:24
C0501,303,8,FEST,R,6,POMARETTO P.LAUSA,17:27
C0501,303,8,FEST,R,7,CHIOTTI,17:32
C0501,303,8,FEST,R,8,TROSSIERI,17:34
C0501,303,8,FEST,R,9,PERRERO,17:37
C0502,303,12345,SCO,SCOL,1,TORINO Autostazione,16:03
C0502,303,12345,SCO,SCOL,2,PINEROLO,17:20
C0502,303,12345,SCO,SCOL,3,PEROSA ARGENTINA arrivo,17:50
C0502,303,12345,SCO,SCOL,4,PEROSA ARGENTINA part.,18.00
C0502,303,12345,SCO,SCOL,5,POMARETTO OSPEDALE,18.02
C0502,303,12345,SCO,SCOL,6,POMARETTO P.LAUSA,18.04
C0502,303,12345,SCO,SCOL,7,CHIOTTI,18:03
C0502,303,12345,SCO,SCOL,8,TROSSIERI,18.09
C0502,303,12345,SCO,SCOL,9,PERRERO,18.14
C0502,303,12345,SCO,SCOL,10,PONTE RABBIOSO,18.16
C0502,303,12345,SCO,SCOL,11,POMEYFRE,18.18
C0502,303,12345,SCO,SCOL,12,CROSETTO MIN. GIANNA,18.19
C0502,303,12345,SCO,SCOL,13,RODORETTO BIVIO,18.26
C0502,303,12345,SCO,SCOL,14,VILLA DI PRALI,18.30
C0502,303,12345,SCO,SCOL,15,PRALI GHIGO,18.34
C0503,303,8,FEST,Q,1,PEROSA ARGENTINA part.,18:30
C0503,303,8,FEST,Q,2,POMARETTO OSPEDALE,18:32
C0503,303,8,FEST,Q,3,POMARETTO P.LAUSA,18:35
C0503,303,8,FEST,Q,4,CHIOTTI,18:40
C0503,303,8,FEST,Q,5,TROSSIERI,18:42
C0503,303,8,FEST,Q,6,PERRERO,18:45
C0504,303,12345,FER,A,1,TORINO Autostazione,17:30
C0504,303,12345,FER,A,2,PINEROLO,-
C0504,303,12345,FER,A,3,PEROSA ARGENTINA arrivo,18:56
C0505,303,123456,FER,,1,PEROSA ARGENTINA part.,19:10
C0505,303,123456,FER,,2,POMARETTO OSPEDALE,19:12
C0505,303,123456,FER,,3,POMARETTO P.LAUSA,19:15
C0505,303,123456,FER,,4,CHIOTTI,19:20
C0505,303,123456,FER,,5,TROSSIERI,19:22
C0505,303,123456,FER,,6,PERRERO,19:25
C0506,303,12345,FER,S,1,TORINO Autostazione,18:03
C0506,303,12345,FER,S,2,PINEROLO,19:20
C0506,303,12345,FER,S,3,PEROSA ARGENTINA arrivo,19:50
C0506,303,12345,FER,S,4,PEROSA ARGENTINA part.,20:00
C0506,303,12345,FER,S,5,POMARETTO OSPEDALE,20:02
C0506,303,12345,FER,S,6,POMARETTO P.LAUSA,20:04
C0506,303,12345,FER,S,7,CHIOTTI,20:08
C0506,303,12345,FER,S,8,TROSSIERI,20:09
C0506,303,12345,FER,S,9,PERRERO,20:14
C0506,303,12345,FER,S,10,PONTE RABBIOSO,20:15
C0506,303,12345,FER,S,11,POMEYFRE,20:16
C0507,303,12345,FER,S,1,TORINO Autostazione,21.03
C0507,303,12345,FER,S,2,PINEROLO,22.12
C0507,303,12345,FER,S,3,PEROSA ARGENTINA arrivo,22.42
C0507,303,12345,FER,S,4,PEROSA ARGENTINA part.,22:45
C0507,303,12345,FER,S,5,POMARETTO OSPEDALE,22:47
C0507,303,12345,FER,S,6,POMARETTO P.LAUSA,22:50
C0507,303,12345,FER,S,7,CHIOTTI,22:55
C0507,303,12345,FER,S,8,TROSSIERI,22:57
C0507,303,12345,FER,S,9,PERRERO,23:00
C0508,303,12345,FER,S,1,PERRERO,5:10
C0508,303,12345,FER,S,2,TROSSIERI,5:13
C0508,303,12345,FER,S,3,CHIOTTI,5:15
C0508,303,12345,FER,S,4,POMARETTO P. LAUSA,5:20
C0508,303,12345,FER,S,5,POMARETTO OSPEDALE,5:23
C0508,303,12345,FER,S,6,PEROSA ARGENTINA arrivo,5:25
C0508,303,12345,FER,S,7,PEROSA ARGENTINA part.,5:40
C0508,303,12345,FER,S,8,PINEROLO,6:10
C0508,303,12345,FER,S,9,TORINO Autostazione,7:19
C0509,303,12345,FER,S,1,PERRERO,6:55
C0509,303,12345,FER,S,2,TROSSIERI,6:58
C0509,303,12345,FER,S,3,CHIOTTI,7:00
C0509,303,12345,FER,S,4,POMARETTO P. LAUSA,7:05
C0509,303,12345,FER,S,5,POMARETTO OSPEDALE,7:08
C0509,303,12345,FER,S,6,PEROSA ARGENTINA arrivo,7:10
C0509,303,12345,FER,S,7,PEROSA ARGENTINA part.,7:10
C0509,303,12345,FER,S,8,PINEROLO,7:40
C0509,303,12345,FER,S,9,TORINO Autostazione,8.57
C0510,303,123456,FER,,1,PRALI GHIGO,6:50
C0510,303,123456,FER,,2,VILLA DI PRALI,6:55
C0510,303,123456,FER,,3,RODORETTO BIVIO,7:00
C0510,303,123456,FER,,4,CROSETTO MIN. GIANNA,7:05
C0510,303,123456,FER,,5,POMEYFRE,7:10
C0510,303,123456,FER,,6,PONTE RABBIOSO,7:15
C0510,303,123456,FER,,7,PERRERO,7:17
C0510,303,123456,FER,,8,TROSSIERI,7:23
C0510,303,123456,FER,,9,CHIOTTI,7:25
C0510,303,123456,FER,,10,POMARETTO P. LAUSA,7:30
C0510,303,123456,FER,,11,POMARETTO OSPEDALE,7:33
C0510,303,123456,FER,,12,PEROSA ARGENTINA arrivo,7:35
C0511,303,12345,FER,A,1,PEROSA ARGENTINA part.,7:40
C0511,303,12345,FER,A,2,PINEROLO,8:10
C0511,303,12345,FER,A,3,TORINO Autostazione,9:19
C0512,303,123456,SCO,SCOL,1,SEGGIOVIE,7:20
C0512,303,123456,SCO,SCOL,2,PRALI GHIGO,7:21
C0512,303,123456,SCO,SCOL,3,VILLA DI PRALI,7:22
C0512,303,123456,SCO,SCOL,4,RODORETTO BIVIO,7:25
C0512,303,123456,SCO,SCOL,5,CROSETTO MIN. GIANNA,7:27
C0512,303,123456,SCO,SCOL,6,POMEYFRE,7:30
C0512,303,123456,SCO,SCOL,7,PONTE RABBIOSO,7:33
C0512,303,123456,SCO,SCOL,8,PERRERO,7:35
C0513,303,123456,FER,,1,PERRERO,8:00
C0513,303,123456,FER,,2,TROSSIERI,8:02
C0513,303,123456,FER,,3,CHIOTTI,8:05
C0513,303,123456,FER,,4,POMARETTO P. LAUSA,8:10
C0513,303,123456,FER,,5,POMARETTO OSPEDALE,8:13
C0513,303,123456,FER,,6,PEROSA ARGENTINA arrivo,8:15
C0513,303,123456,FER,,7,PEROSA ARGENTINA part.,8:40
C0513,303,123456,FER,,8,PINEROLO,9:10
C0513,303,123456,FER,,9,TORINO Autostazione,10:19
C0514,303,8,FEST,,1,PERRERO,8:10
C0514,303,8,FEST,,2,TROSSIERI,8:12
C0514,303,8,FEST,,3,CHIOTTI,8:15
C0514,303,8,FEST,,4,POMARETTO P. LAUSA,8:20
C0514,303,8,FEST,,5,POMARETTO OSPEDALE,8:23
C0514,303,8,FEST,,6,PEROSA ARGENTINA arrivo,8:25
C0514,303,8,FEST,,7,PEROSA ARGENTINA part.,9.10
C0514,303,8,FEST,,8,PINEROLO,9.40
C0515,303,8,FEST,,1,SEGGIOVIE,10:10
C0515,303,8,FEST,,2,PRALI GHIGO,10:12
C0515,303,8,FEST,,3,VILLA DI PRALI,10:15
C0515,303,8,FEST,,4,RODORETTO BIVIO,10:20
C0515,303,8,FEST,,5,CROSETTO MIN. GIANNA,10:25
C0515,303,8,FEST,,6,POMEYFRE,10:30
C0515,303,8,FEST,,7,PONTE RABBIOSO,10:37
C0515,303,8,FEST,,8,PERRERO,10:45
C0515,303,8,FEST,,9,TROSSIERI,10:47
C0515,303,8,FEST,,10,CHIOTTI,10:50
C0515,303,8,FEST,,11,POMARETTO P. LAUSA,10:52
C0515,303,8,FEST,,12,POMARETTO OSPEDALE,10:54
C0515,303,8,FEST,,13,PEROSA ARGENTINA arrivo,10:55
C0515,303,8,FEST,,14,PEROSA ARGENTINA part.,11:10
C0515,303,8,FEST,,15,PINEROLO,11:40
C0516,303,123456,FER,AGO,1,PRALI GHIGO,10:30
C0516,303,123456,FER,AGO,2,VILLA DI PRALI,10:35
C0516,303,123456,FER,AGO,3,RODORETTO BIVIO,10:40
C0516,303,123456,FER,AGO,4,CROSETTO MIN. GIANNA,10:45
C0516,303,123456,FER,AGO,5,POMEYFRE,10:50
C0516,303,123456,FER,AGO,6,PONTE RABBIOSO,10:55
C0516,303,123456,FER,AGO,7,PERRERO,11:00
C0516,303,123456,FER,AGO,8,TROSSIERI,11:03
C0516,303,123456,FER,AGO,9,CHIOTTI,11:05
C0516,303,123456,FER,AGO,10,POMARETTO P. LAUSA,11:10
C0516,303,123456,FER,AGO,11,POMARETTO OSPEDALE,11:13
C0516,303,123456,FER,AGO,12,PEROSA ARGENTINA arrivo,11:15
C0516,303,123456,FER,AGO,13,PEROSA ARGENTINA part.,12:40
C0516,303,123456,FER,AGO,14,PINEROLO,13:10
C0516,303,123456,FER,AGO,15,TORINO Autostazione,14:19
C0517,303,12345,FER,A,1,PERRERO,12:20
C0517,303,12345,FER,A,2,TROSSIERI,12:22
C0517,303,12345,FER,A,3,CHIOTTI,12:25
C0517,303,12345,FER,A,4,POMARETTO P. LAUSA,12:30
C0517,303,12345,FER,A,5,POMARETTO OSPEDALE,12:33
C0517,303,12345,FER,A,6,PEROSA ARGENTINA arrivo,12:35
C0517,303,12345,FER,A,7,PEROSA ARGENTINA part.,12:40
C0517,303,12345,FER,A,8,PINEROLO,13:10
C0517,303,12345,FER,A,9,TORINO Autostazione,14:19
C0518,303,12345,FER,S,1,PERRERO,13:20
C0518,303,12345,FER,S,2,TROSSIERI,13:23
C0518,303,12345,FER,S,3,CHIOTTI,13:25
C0518,303,12345,FER,S,4,POMARETTO P. LAUSA,13:30
C0518,303,12345,FER,S,5,POMARETTO OSPEDALE,13:33
C0518,303,12345,FER,S,6,PEROSA ARGENTINA arrivo,13:35
C0518,303,12345,FER,S,7,PEROSA ARGENTINA part.,13:40
C0518,303,12345,FER,S,8,PINEROLO,14:10
C0518,303,12345,FER,S,9,TORINO Autostazione,15:19
C0519,303,12345,FER,S,1,PRALI GHIGO,13:45
C0519,303,12345,FER,S,2,VILLA DI PRALI,13:50
C0519,303,12345,FER,S,3,RODORETTO BIVIO,13:54
C0519,303,12345,FER,S,4,CROSETTO MIN. GIANNA,14:00
C0519,303,12345,FER,S,5,POMEYFRE,14:05
C0519,303,12345,FER,S,6,PONTE RABBIOSO,14:09
C0519,303,12345,FER,S,7,PERRERO,14:12
C0519,303,12345,FER,S,8,TROSSIERI,14:15
C0519,303,12345,FER,S,9,CHIOTTI,14:17
C0519,303,12345,FER,S,10,POMARETTO P. LAUSA,14:23
C0519,303,12345,FER,S,11,POMARETTO OSPEDALE,14:25
C0519,303,12345,FER,S,12,PEROSA ARGENTINA arrivo,14:27
C0519,303,12345,FER,S,13,PEROSA ARGENTINA part.,14:40
C0519,303,12345,FER,S,14,PINEROLO,15:10
C0519,303,12345,FER,S,15,TORINO Autostazione,16:19
C0520,303,123456,FER,NS,1,PRALI GHIGO,14:10
C0520,303,123456,FER,NS,2,VILLA DI PRALI,14:15
C0520,303,123456,FER,NS,3,RODORETTO BIVIO,14:20
C0520,303,123456,FER,NS,4,CROSETTO MIN. GIANNA,14:25
C0520,303,123456,FER,NS,5,POMEYFRE,14:30
C0520,303,123456,FER,NS,6,PONTE RABBIOSO,14:35
C0520,303,123456,FER,NS,7,PERRERO,14:40
C0520,303,123456,FER,NS,8,TROSSIERI,14:43
C0520,303,123456,FER,NS,9,CHIOTTI,14:45
C0520,303,123456,FER,NS,10,POMARETTO P. LAUSA,14:50
C0520,303,123456,FER,NS,11,POMARETTO OSPEDALE,14:53
C0520,303,123456,FER,NS,12,PEROSA ARGENTINA arrivo,14:55
C0521,303,12345,FER,A,1,PEROSA ARGENTINA part.,15:10
C0521,303,12345,FER,A,2,PINEROLO,15:40
C0521,303,12345,FER,A,3,TORINO Autostazione,16:56
C0522,303,12345,SCO,SCOL,1,PRALI GHIGO,14:50
C0522,303,12345,SCO,SCOL,2,VILLA DI PRALI,14:55
C0522,303,12345,SCO,SCOL,3,RODORETTO BIVIO,15:00
C0522,303,12345,SCO,SCOL,4,CROSETTO MIN. GIANNA,15:05
C0522,303,12345,SCO,SCOL,5,POMEYFRE,15:10
C0522,303,12345,SCO,SCOL,6,PONTE RABBIOSO,15:15
C0522,303,12345,SCO,SCOL,7,PERRERO,15:20
C0522,303,12345,SCO,SCOL,8,TROSSIERI,15:23
C0522,303,12345,SCO,SCOL,9,CHIOTTI,15:25
C0522,303,12345,SCO,SCOL,10,POMARETTO P. LAUSA,15:30
C0522,303,12345,SCO,SCOL,11,POMARETTO OSPEDALE,15:33
C0522,303,12345,SCO,SCOL,12,PEROSA ARGENTINA arrivo,15:35
C0522,303,12345,SCO,SCOL,13,PEROSA ARGENTINA part.,15:40
C0522,303,12345,SCO,SCOL,14,PINEROLO,16:10
C0522,303,12345,SCO,SCOL,15,TORINO Autostazione,17:19
C0523,303,8,FEST,R,1,PERRERO,15:20
C0523,303,8,FEST,R,2,TROSSIERI,15:23
C0523,303,8,FEST,R,3,CHIOTTI,15:25
C0523,303,8,FEST,R,4,POMARETTO P. LAUSA,15:30
C0523,303,8,FEST,R,5,POMARETTO OSPEDALE,15:33
C0523,303,8,FEST,R,6,PEROSA ARGENTINA arrivo,15:35
C0524,303,8,FEST,Q,1,PERRERO,16:00
C0524,303,8,FEST,Q,2,TROSSIERI,16:02
C0524,303,8,FEST,Q,3,CHIOTTI,16:05
C0524,303,8,FEST,Q,4,POMARETTO P. LAUSA,16:10
C0524,303,8,FEST,Q,5,POMARETTO OSPEDALE,16:13
C0524,303,8,FEST,Q,6,PEROSA ARGENTINA arrivo,16:15
C0525,303,123456,FER,INV,1,PRALI GHIGO,16:30
C0525,303,123456,FER,INV,2,VILLA DI PRALI,16:35
C0525,303,123456,FER,INV,3,RODORETTO BIVIO,16:40
C0525,303,123456,FER,INV,4,CROSETTO MIN. GIANNA,16:45
C0525,303,123456,FER,INV,5,POMEYFRE,16:50
C0525,303,123456,FER,INV,6,PONTE RABBIOSO,16:55
C0525,303,123456,FER,INV,7,PERRERO,17:00
C0525,303,123456,FER,INV,8,TROSSIERI,17:03
C0525,303,123456,FER,INV,9,CHIOTTI,17:05
C0525,303,123456,FER,INV,10,POMARETTO P. LAUSA,17:10
C0525,303,123456,FER,INV,11,POMARETTO OSPEDALE,17:13
C0525,303,123456,FER,INV,12,PEROSA ARGENTINA arrivo,17:15
C0526,303,12345,FER,A,1,PEROSA ARGENTINA part.,17:40
C0526,303,12345,FER,A,2,PINEROLO,18:10
C0526,303,12345,FER,A,3,TORINO Autostazione,19:19
C0527,303,8,FEST,R,1,SEGGIOVIE,16:37
C0527,303,8,FEST,R,2,PRALI GHIGO,16:42
C0527,303,8,FEST,R,3,VILLA DI PRALI,16:47
C0527,303,8,FEST,R,4,RODORETTO BIVIO,16:52
C0527,303,8,FEST,R,5,CROSETTO MIN. GIANNA,16:57
C0527,303,8,FEST,R,6,POMEYFRE,17:02
C0527,303,8,FEST,R,7,PONTE RABBIOSO,17:04
C0527,303,8,FEST,R,8,PERRERO,17:07
C0527,303,8,FEST,R,9,TROSSIERI,17:09
C0527,303,8,FEST,R,10,CHIOTTI,17:12
C0527,303,8,FEST,R,11,POMARETTO P. LAUSA,17:17
C0527,303,8,FEST,R,12,POMARETTO OSPEDALE,17:19
C0527,303,8,FEST,R,13,PEROSA ARGENTINA arrivo,17:22
C0528,303,8,FEST,Q,1,SEGGIOVIE,17:40
C0528,303,8,FEST,Q,2,PRALI GHIGO,17:45
C0528,303,8,FEST,Q,3,VILLA DI PRALI,17:50
C0528,303,8,FEST,Q,4,RODORETTO BIVIO,17:55
C0528,303,8,FEST,Q,5,CROSETTO MIN. GIANNA,18:00
C0528,303,8,FEST,Q,6,POMEYFRE,18:05
C0528,303,8,FEST,Q,7,PONTE RABBIOSO,18:07
C0528,303,8,FEST,Q,8,PERRERO,18:10
C0528,303,8,FEST,Q,9,TROSSIERI,18:15
C0528,303,8,FEST,Q,10,CHIOTTI,18:20
C0528,303,8,FEST,Q,11,POMARETTO P. LAUSA,18:25
C0528,303,8,FEST,Q,12,POMARETTO OSPEDALE,18:27
C0528,303,8,FEST,Q,13,PEROSA ARGENTINA arrivo,18:30
C0528,303,8,FEST,Q,14,PEROSA ARGENTINA part.,19:10
C0528,303,8,FEST,Q,15,PINEROLO,19:40
C0528,303,8,FEST,Q,16,TORINO Autostazione,20:49
C0529,303,123456,FER,03/08,1,SEGGIOVIE,18.00
C0529,303,123456,FER,03/08,2,PRALI GHIGO,18.02
C0529,303,123456,FER,03/08,3,VILLA DI PRALI,18.06
C0529,303,123456,FER,03/08,4,RODORETTO BIVIO,18.11
C0529,303,123456,FER,03/08,5,CROSETTO MIN. GIANNA,18.14
C0529,303,123456,FER,03/08,6,POMEYFRE,18.20
C0529,303,123456,FER,03/08,7,PONTE RABBIOSO,18.23
C0529,303,123456,FER,03/08,8,PERRERO,18.25
C0529,303,123456,FER,03/08,9,TROSSIERI,18.28
C0529,303,123456,FER,03/08,10,CHIOTTI,18.31
C0529,303,123456,FER,03/08,11,POMARETTO P. LAUSA,18.36
C0529,303,123456,FER,03/08,12,POMARETTO OSPEDALE,18.37
C0529,303,123456,FER,03/08,13,PEROSA ARGENTINA arrivo,18.38
C0529,303,123456,FER,03/08,14,PEROSA ARGENTINA part.,18:40
C0529,303,123456,FER,03/08,15,PINEROLO,19:10
C0529,303,123456,FER,03/08,16,TORINO Autostazione,20:19
C0530,303,12345,SCO,SCOL,1,PRALI GHIGO,18:40
C0530,303,12345,SCO,SCOL,2,VILLA DI PRALI,18:45
C0530,303,12345,SCO,SCOL,3,RODORETTO BIVIO,18:50
C0530,303,12345,SCO,SCOL,4,CROSETTO MIN. GIANNA,18:55
C0530,303,12345,SCO,SCOL,5,POMEYFRE,19:00
C0530,303,12345,SCO,SCOL,6,PONTE RABBIOSO,19:05
C0530,303,12345,SCO,SCOL,7,PERRERO,19:10
C0530,303,12345,SCO,SCOL,8,TROSSIERI,19:13
C0530,303,12345,SCO,SCOL,9,CHIOTTI,19:15
C0530,303,12345,SCO,SCOL,10,POMARETTO P. LAUSA,19:20
C0530,303,12345,SCO,SCOL,11,POMARETTO OSPEDALE,19:23
C0530,303,12345,SCO,SCOL,12,PEROSA ARGENTINA arrivo,19:25
C0530,303,12345,SCO,SCOL,13,PEROSA ARGENTINA part.,19:40
C0530,303,12345,SCO,SCOL,14,PINEROLO,20:10
C0530,303,12345,SCO,SCOL,15,TORINO Autostazione,21:19
C0531,303,12345,FER,S,1,PERRERO,21:20
C0531,303,12345,FER,S,2,TROSSIERI,21:23
C0531,303,12345,FER,S,3,CHIOTTI,21:25
C0531,303,12345,FER,S,4,POMARETTO P. LAUSA,21:30
C0531,303,12345,FER,S,5,POMARETTO OSPEDALE,21:33
C0531,303,12345,FER,S,6,PEROSA ARGENTINA arrivo,21:35
C0532,303,12345,FER,S,1,POMEYFRE,21:20
C0532,303,12345,FER,S,2,PONTE RABBIOSO,21:23
C0532,303,12345,FER,S,3,PERRERO,21:25
C0532,303,12345,FER,S,4,TROSSIERI,21:28
C0532,303,12345,FER,S,5,CHIOTTI,21:31
C0532,303,12345,FER,S,6,POMARETTO P. LAUSA,21:34
C0532,303,12345,FER,S,7,POMARETTO OSPEDALE,21:35
C0532,303,12345,FER,S,8,PEROSA ARGENTINA arrivo,21:36
C0533,901,123456,FER,SA4,1,TORRE PELLICE,5.40
C0533,901,123456,FER,SA4,2,LUSERNA - piazza Partigiani,5:45
C0533,901,123456,FER,SA4,3,PONTE BIBIANA/FS,5:50
C0533,901,123456,FER,SA4,4,BRICHERASIO,5:55
C0533,901,123456,FER,SA4,5,CAPPELLA MORERI,5:57
C0533,901,123456,FER,SA4,6,SAN SECONDO CANTINE,5:58
C0533,901,123456,FER,SA4,7,SAN SECONDO BIVIO BIMA,6:00
C0533,901,123456,FER,SA4,8,PINEROLO Movicentro,6:10
C0534,901,123456,GG,EST,1,BOBBIO PELLICE,5:20
C0534,901,123456,GG,EST,2,VILLAR PELLICE,5:25
C0534,901,123456,GG,EST,3,CHABRIOLS,5:31
C0534,901,123456,GG,EST,4,SEGG. VANDALINO,5:32
C0534,901,123456,GG,EST,5,S. MARGHERITA,5:33
C0534,901,123456,GG,EST,6,TORRE PELLICE,5:34
C0535,901,,FER,,1,BOBBIO PELLICE,5:40
C0535,901,,FER,,2,VILLAR PELLICE,5:45
C0535,901,,FER,,3,CHABRIOLS,5:50
C0535,901,,FER,,4,SEGG. VANDALINO,5:55
C0535,901,,FER,,5,S. MARGHERITA,5:58
C0535,901,,FER,,6,TORRE PELLICE,6:00
C0536,901,123456,FER,,1,TORRE PELLICE,6:05
C0536,901,123456,FER,,2,LUSERNA - piazza Partigiani,6:10
C0536,901,123456,FER,,3,PONTE BIBIANA/FS,6:15
C0536,901,123456,FER,,4,BRICHERASIO,6:20
C0536,901,123456,FER,,5,CAPPELLA MORERI,6:22
C0536,901,123456,FER,,6,SAN SECONDO CANTINE,6:23
C0536,901,123456,FER,,7,SAN SECONDO BIVIO BIMA,6:25
C0536,901,123456,FER,,8,PINEROLO Movicentro,6:35
C0537,901,12345,FER,S,1,TORRE PELLICE,6.10
C0537,901,12345,FER,S,2,LUSERNA - piazza Partigiani,6.15
C0537,901,12345,FER,S,3,PONTE BIBIANA/FS,6.20
C0537,901,12345,FER,S,4,BRICHERASIO,6.25
C0537,901,12345,FER,S,5,CAPPELLA MORERI,6.27
C0537,901,12345,FER,S,6,SAN SECONDO CANTINE,6.30
C0537,901,12345,FER,S,7,SAN SECONDO BIVIO BIMA,6.32
C0537,901,12345,FER,S,8,PINEROLO - piazza Cavour,6:40
C0537,901,12345,FER,S,9,PINEROLO Movicentro,6:43
C0537,901,12345,FER,S,10,PINEROLO - Ist. Immacolata,D
C0537,901,12345,FER,S,11,PISCINA - v. Umberto I ang. V. Airasca,I
C0537,901,12345,FER,S,12,AIRASCA - Stazione FS,R
C0537,901,12345,FER,S,13,NONE - via Roma,E
C0537,901,12345,FER,S,14,CANDIOLO - Stazione FS,T
C0537,901,12345,FER,S,15,NICHELINO - Stazione FS,T
C0537,901,12345,FER,S,16,SANGONE - Stazione FS,O
C0537,901,12345,FER,S,17,TO-c.so V.Eman. II-Porta Nuova,7.45
C0537,901,12345,FER,S,18,TORINO - Porta Susa,7.50
C0538,901,123456,FER,,1,TORRE PELLICE,6:40
C0538,901,123456,FER,,2,LUSERNA - piazza Partigiani,6:45
C0538,901,123456,FER,,3,PONTE BIBIANA/FS,6:50
C0538,901,123456,FER,,4,BRICHERASIO,6:55
C0538,901,123456,FER,,5,CAPPELLA MORERI,6:57
C0538,901,123456,FER,,6,SAN SECONDO CANTINE,6:58
C0538,901,123456,FER,,7,SAN SECONDO BIVIO BIMA,7:00
C0538,901,123456,FER,,8,PINEROLO Movicentro,7:10
C0539,901,,GG,EST,1,BOBBIO PELLICE,6:20
C0539,901,,GG,EST,2,VILLAR PELLICE,6:25
C0539,901,,GG,EST,3,CHABRIOLS,6:31
C0539,901,,GG,EST,4,SEGG. VANDALINO,6:32
C0539,901,,GG,EST,5,S. MARGHERITA,6:33
C0539,901,,GG,EST,6,TORRE PELLICE,6:34
C0540,901,12345,SCO,Scol,1,TORRE PELLICE,6:50
C0540,901,12345,SCO,Scol,2,LUSERNA - piazza Partigiani,6:55
C0540,901,12345,SCO,Scol,3,PONTE BIBIANA/FS,7:05
C0540,901,12345,SCO,Scol,4,BIBIANA,7:01
C0540,901,12345,SCO,Scol,5,BRICHERASIO,7:08
C0540,901,12345,SCO,Scol,6,CAPPELLA MORERI,7:12
C0540,901,12345,SCO,Scol,7,SAN SECONDO CANTINE,7:14
C0540,901,12345,SCO,Scol,8,SAN SECONDO BIVIO BIMA,7:15
C0540,901,12345,SCO,Scol,9,PINEROLO - piazza Cavour,7:22
C0540,901,12345,SCO,Scol,10,PINEROLO Movicentro,7:23
C0540,901,12345,SCO,Scol,11,PINEROLO - Ist. Immacolata,7:25
C0541,901,123456,FER,,1,TORRE PELLICE,7:05
C0541,901,123456,FER,,2,LUSERNA - piazza Partigiani,7:10
C0541,901,123456,FER,,3,PONTE BIBIANA/FS,7:15
C0541,901,123456,FER,,4,BRICHERASIO,7:20
C0541,901,123456,FER,,5,CAPPELLA MORERI,7:22
C0541,901,123456,FER,,6,SAN SECONDO CANTINE,7:23
C0541,901,123456,FER,,7,SAN SECONDO BIVIO BIMA,7:25
C0541,901,123456,FER,,8,PINEROLO Movicentro,7:40
C0542,901,123456,FER,,1,TORRE PELLICE,7:35
C0542,901,123456,FER,,2,LUSERNA - piazza Partigiani,7:40
C0542,901,123456,FER,,3,PONTE BIBIANA/FS,7:45
C0542,901,123456,FER,,4,BRICHERASIO,7:50
C0542,901,123456,FER,,5,CAPPELLA MORERI,7:52
C0542,901,123456,FER,,6,SAN SECONDO CANTINE,7:53
C0542,901,123456,FER,,7,SAN SECONDO BIVIO BIMA,7:55
C0542,901,123456,FER,,8,PINEROLO Movicentro,8:10
C0543,901,123456,FER,T,1,BOBBIO PELLICE,7:00
C0543,901,123456,FER,T,2,VILLAR PELLICE,7:08
C0543,901,123456,FER,T,3,CHABRIOLS,7:14
C0543,901,123456,FER,T,4,SEGG. VANDALINO,7:17
C0543,901,123456,FER,T,5,S. MARGHERITA,7:19
C0543,901,123456,FER,T,6,TORRE PELLICE,7:22
C0543,901,123456,FER,T,7,LUSERNA - piazza Partigiani,7:25
C0543,901,123456,FER,T,8,PONTE BIBIANA/FS,7:30
C0543,901,123456,FER,T,9,BRICHERASIO,7:32
C0543,901,123456,FER,T,10,CAPPELLA MORERI,7:36
C0543,901,123456,FER,T,11,SAN SECONDO CANTINE,7:38
C0543,901,123456,FER,T,12,SAN SECONDO BIVIO BIMA,7:39
C0543,901,123456,FER,T,13,PINEROLO - piazza Cavour,7:46
C0543,901,123456,FER,T,14,PINEROLO - Centro Studi,7:51
C0544,901,12345,SCO,CT,1,S. MARGHERITA,7:33
C0544,901,12345,SCO,CT,2,TORRE PELLICE,7:35
C0544,901,12345,SCO,CT,3,LUSERNA - piazza Partigiani,7:40
C0544,901,12345,SCO,CT,4,PONTE BIBIANA/FS,7:45
C0544,901,12345,SCO,CT,5,BRICHERASIO,7:47
C0544,901,12345,SCO,CT,6,CAPPELLA MORERI,7:51
C0544,901,12345,SCO,CT,7,SAN SECONDO CANTINE,7:53
C0544,901,12345,SCO,CT,8,SAN SECONDO BIVIO BIMA,7:54
C0544,901,12345,SCO,CT,9,PINEROLO - piazza Cavour,8:03
C0544,901,12345,SCO,CT,10,PINEROLO - Centro Studi,8:09
C0545,901,123456,SCO,C,1,TORRE PELLICE,7:25
C0545,901,123456,SCO,C,2,LUSERNA - piazza Partigiani,7:30
C0545,901,123456,SCO,C,3,PONTE BIBIANA/FS,7:35
C0545,901,123456,SCO,C,4,BRICHERASIO,7:37
C0545,901,123456,SCO,C,5,CAPPELLA MORERI,7:41
C0545,901,123456,SCO,C,6,SAN SECONDO CANTINE,7:43
C0545,901,123456,SCO,C,7,SAN SECONDO BIVIO BIMA,7:44
C0545,901,123456,SCO,C,8,PINEROLO - piazza Cavour,7:53
C0545,901,123456,SCO,C,9,PINEROLO - Centro Studi,8:00
C0546,901,12345,SCO,C,1,LUSERNA - piazza Partigiani,7:40
C0546,901,12345,SCO,C,2,PONTE BIBIANA/FS,7:45
C0546,901,12345,SCO,C,3,BRICHERASIO,7:47
C0546,901,12345,SCO,C,4,CAPPELLA MORERI,7:51
C0546,901,12345,SCO,C,5,SAN SECONDO CANTINE,7:53
C0546,901,12345,SCO,C,6,SAN SECONDO BIVIO BIMA,7:54
C0546,901,12345,SCO,C,7,PINEROLO - piazza Cavour,8:01
C0546,901,12345,SCO,C,8,PINEROLO Movicentro,8:05
C0546,901,12345,SCO,C,9,PINEROLO - Centro Studi,8:08
C0547,901,12345,SCO,Scol,1,BIBIANA,7:45
C0547,901,12345,SCO,Scol,2,BRICHERASIO,7:50
C0547,901,12345,SCO,Scol,3,CAPPELLA MORERI,7:53
C0547,901,12345,SCO,Scol,4,SAN SECONDO CANTINE,7:58
C0547,901,12345,SCO,Scol,5,SAN SECONDO BIVIO BIMA,8:00
C0547,901,12345,SCO,Scol,6,PINEROLO - piazza Cavour,8:08
C0547,901,12345,SCO,Scol,7,PINEROLO - Centro Studi,8:15
C0548,901,123456,FER,EST,1,BOBBIO PELLICE,7:40
C0548,901,123456,FER,EST,2,VILLAR PELLICE,7:45
C0548,901,123456,FER,EST,3,CHABRIOLS,7:50
C0548,901,123456,FER,EST,4,SEGG. VANDALINO,7:55
C0548,901,123456,FER,EST,5,S. MARGHERITA,7:57
C0548,901,123456,FER,EST,6,TORRE PELLICE,8:00
C0549,901,123456,SCO,T,1,BOBBIO PELLICE,7:35
C0549,901,123456,SCO,T,2,VILLAR PELLICE,7:40
C0549,901,123456,SCO,T,3,CHABRIOLS,7:45
C0549,901,123456,SCO,T,4,SEGG. VANDALINO,7:50
C0549,901,123456,SCO,T,5,S. MARGHERITA,7:52
C0549,901,123456,SCO,T,6,TORRE PELLICE,7:55
C0549,901,123456,SCO,T,7,LUSERNA - piazza Partigiani,8:00
C0550,901,12345,SCO,,1,TORRE PELLICE,8:05
C0550,901,12345,SCO,,2,LUSERNA - piazza Partigiani,8:10
C0550,901,12345,SCO,,3,PONTE BIBIANA/FS,8:15
C0550,901,12345,SCO,,4,BRICHERASIO,8:20
C0550,901,12345,SCO,,5,CAPPELLA MORERI,8:22
C0550,901,12345,SCO,,6,SAN SECONDO CANTINE,8:23
C0550,901,12345,SCO,,7,SAN SECONDO BIVIO BIMA,8:25
C0550,901,12345,SCO,,8,PINEROLO Movicentro,8:40
C0551,901,12345,FER,EST,1,BOBBIO PELLICE,8:00
C0551,901,12345,FER,EST,2,VILLAR PELLICE,8:05
C0551,901,12345,FER,EST,3,CHABRIOLS,8:10
C0551,901,12345,FER,EST,4,SEGG. VANDALINO,8:11
C0551,901,12345,FER,EST,5,S. MARGHERITA,8:12
C0551,901,12345,FER,EST,6,TORRE PELLICE,8:13
C0552,901,78,FEST,INV,1,BOBBIO PELLICE,8:17
C0552,901,78,FEST,INV,2,VILLAR PELLICE,8:22
C0552,901,78,FEST,INV,3,CHABRIOLS,8:27
C0552,901,78,FEST,INV,4,SEGG. VANDALINO,8:28
C0552,901,78,FEST,INV,5,S. MARGHERITA,8:29
C0552,901,78,FEST,INV,6,TORRE PELLICE,8:30
C0553,901,123456,GG,EST,1,BOBBIO PELLICE,8:15
C0553,901,123456,GG,EST,2,VILLAR PELLICE,8:21
C0553,901,123456,GG,EST,3,CHABRIOLS,8:24
C0553,901,123456,GG,EST,4,SEGG. VANDALINO,8:26
C0553,901,123456,GG,EST,5,S. MARGHERITA,8:29
C0553,901,123456,GG,EST,6,TORRE PELLICE,8:30
C0554,901,,FER,SA4,1,TORRE PELLICE,8:40
C0554,901,,FER,SA4,2,LUSERNA - piazza Partigiani,8:45
C0554,901,,FER,SA4,3,PONTE BIBIANA/FS,8:49
C0554,901,,FER,SA4,4,BRICHERASIO,8:50
C0554,901,,FER,SA4,5,CAPPELLA MORERI,8:52
C0554,901,,FER,SA4,6,SAN SECONDO CANTINE,8:53
C0554,901,,FER,SA4,7,SAN SECONDO BIVIO BIMA,8:55
C0554,901,,FER,SA4,8,PINEROLO Movicentro,9:10
C0555,901,78,FEST,#,1,TORRE PELLICE,8:35
C0555,901,78,FEST,#,2,LUSERNA - piazza Partigiani,8:40
C0555,901,78,FEST,#,3,PONTE BIBIANA/FS,8:45
C0555,901,78,FEST,#,4,BRICHERASIO,8:50
C0555,901,78,FEST,#,5,CAPPELLA MORERI,8:52
C0555,901,78,FEST,#,6,SAN SECONDO CANTINE,8:53
C0555,901,78,FEST,#,7,SAN SECONDO BIVIO BIMA,8:55
C0555,901,78,FEST,#,8,PINEROLO Movicentro,9:10
C0556,901,123456,FER,,1,TORRE PELLICE,9:35
C0556,901,123456,FER,,2,LUSERNA - piazza Partigiani,9:40
C0556,901,123456,FER,,3,PONTE BIBIANA/FS,9:45
C0556,901,123456,FER,,4,BRICHERASIO,9:50
C0556,901,123456,FER,,5,CAPPELLA MORERI,9:52
C0556,901,123456,FER,,6,SAN SECONDO CANTINE,9:53
C0556,901,123456,FER,,7,SAN SECONDO BIVIO BIMA,9:55
C0556,901,123456,FER,,8,PINEROLO Movicentro,10:10
C0557,901,5,FER,,1,BOBBIO PELLICE,9:30
C0557,901,5,FER,,2,VILLAR PELLICE,9:36
C0557,901,5,FER,,3,CHABRIOLS,9:39
C0557,901,5,FER,,4,SEGG. VANDALINO,9:41
C0557,901,5,FER,,5,S. MARGHERITA,9:44
C0557,901,5,FER,,6,TORRE PELLICE,9:45
C0558,901,123456,GG,,1,BOBBIO PELLICE,10:13
C0558,901,123456,GG,,2,VILLAR PELLICE,10:19
C0558,901,123456,GG,,3,CHABRIOLS,10:23
C0558,901,123456,GG,,4,SEGG. VANDALINO,10:26
C0558,901,123456,GG,,5,S. MARGHERITA,10:28
C0558,901,123456,GG,,6,TORRE PELLICE,10:35
C0558,901,123456,GG,,7,LUSERNA - piazza Partigiani,10:40
C0558,901,123456,GG,,8,PONTE BIBIANA/FS,10:45
C0558,901,123456,GG,,9,BRICHERASIO,10:50
C0558,901,123456,GG,,10,CAPPELLA MORERI,10:52
C0558,901,123456,GG,,11,SAN SECONDO CANTINE,10:53
C0558,901,123456,GG,,12,SAN SECONDO BIVIO BIMA,10:55
C0558,901,123456,GG,,13,PINEROLO Movicentro,11:10
C0559,901,5,FER,INV,1,BOBBIO PELLICE,11:15
C0559,901,5,FER,INV,2,VILLAR PELLICE,11:21
C0559,901,5,FER,INV,3,CHABRIOLS,11:24
C0559,901,5,FER,INV,4,SEGG. VANDALINO,11:26
C0559,901,5,FER,INV,5,S. MARGHERITA,11:29
C0559,901,5,FER,INV,6,TORRE PELLICE,11:30
C0560,901,123456,FER,EST,1,BOBBIO PELLICE,11:15
C0560,901,123456,FER,EST,2,VILLAR PELLICE,11:21
C0560,901,123456,FER,EST,3,CHABRIOLS,11:24
C0560,901,123456,FER,EST,4,SEGG. VANDALINO,11:26
C0560,901,123456,FER,EST,5,S. MARGHERITA,11:29
C0560,901,123456,FER,EST,6,TORRE PELLICE,11:30
C0561,901,123456,FER,,1,BOBBIO PELLICE,12:15
C0561,901,123456,FER,,2,VILLAR PELLICE,12:21
C0561,901,123456,FER,,3,CHABRIOLS,12:24
C0561,901,123456,FER,,4,SEGG. VANDALINO,12:26
C0561,901,123456,FER,,5,S. MARGHERITA,12:29
C0561,901,123456,FER,,6,TORRE PELLICE,12:30
C0561,901,123456,FER,,7,LUSERNA - piazza Partigiani,11:40
C0561,901,123456,FER,,8,PONTE BIBIANA/FS,11:45
C0561,901,123456,FER,,9,BRICHERASIO,11:50
C0561,901,123456,FER,,10,CAPPELLA MORERI,11:52
C0561,901,123456,FER,,11,SAN SECONDO CANTINE,11:53
C0561,901,123456,FER,,12,SAN SECONDO BIVIO BIMA,11:55
C0561,901,123456,FER,,13,PINEROLO Movicentro,12:10
C0562,901,12345,FER,(NONE),1,LOMBARIDINI/VOLTA,12:25
C0562,901,12345,FER,(NONE),2,TORRE PELLICE,12:27
C0562,901,12345,FER,(NONE),3,LUSERNA - piazza Partigiani,12:31
C0562,901,12345,FER,(NONE),4,PONTE BIBIANA/FS,12:36
C0562,901,12345,FER,(NONE),5,BRICHERASIO,12:40
C0562,901,12345,FER,(NONE),6,CAPPELLA MORERI,12:43
C0562,901,12345,FER,(NONE),7,SAN SECONDO CANTINE,12:46
C0562,901,12345,FER,(NONE),8,SAN SECONDO BIVIO BIMA,12:47
C0562,901,12345,FER,(NONE),9,PINEROLO - piazza Cavour,12:55
C0562,901,12345,FER,(NONE),10,PINEROLO Movicentro,12:59
C0563,901,6,SCO,Scol,1,TORRE PELLICE,13:00
C0563,901,6,SCO,Scol,2,LUSERNA - piazza Partigiani,13:05
C0563,901,6,SCO,Scol,3,PONTE BIBIANA/FS,13:07
C0563,901,6,SCO,Scol,4,CAPPELLA MORERI,13:10
C0563,901,6,SCO,Scol,5,SAN SECONDO CANTINE,13:15
C0563,901,6,SCO,Scol,6,SAN SECONDO BIVIO BIMA,13:20
C0563,901,6,SCO,Scol,7,PINEROLO Movicentro,13:28
C0564,901,123456,FER,S,1,TORRE PELLICE,13:05
C0564,901,123456,FER,S,2,LUSERNA - piazza Partigiani,13:10
C0564,901,123456,FER,S,3,PONTE BIBIANA/FS,13:15
C0564,901,123456,FER,S,4,BRICHERASIO,13:20
C0564,901,123456,FER,S,5,CAPPELLA MORERI,13:22
C0564,901,123456,FER,S,6,SAN SECONDO CANTINE,13:23
C0564,901,123456,FER,S,7,SAN SECONDO BIVIO BIMA,13:25
C0564,901,123456,FER,S,8,PINEROLO Movicentro,13:40
C0565,901,12345,SCO,,1,TORRE PELLICE,13:05
C0565,901,12345,SCO,,2,LUSERNA - piazza Partigiani,13:10
C0565,901,12345,SCO,,3,PONTE BIBIANA/FS,13:15
C0565,901,12345,SCO,,4,BRICHERASIO,13:20
C0565,901,12345,SCO,,5,CAPPELLA MORERI,13:22
C0565,901,12345,SCO,,6,SAN SECONDO CANTINE,13:23
C0565,901,12345,SCO,,7,SAN SECONDO BIVIO BIMA,13:25
C0565,901,12345,SCO,,8,PINEROLO Movicentro,13:40
C0566,901,12345,SCO,Scol,1,BOBBIO PELLICE,13:15
C0566,901,12345,SCO,Scol,2,VILLAR PELLICE,13:20
C0566,901,12345,SCO,Scol,3,CHABRIOLS,13:25
C0566,901,12345,SCO,Scol,4,SEGG. VANDALINO,13:30
C0566,901,12345,SCO,Scol,5,S. MARGHERITA,13:32
C0566,901,12345,SCO,Scol,6,TORRE PELLICE,13:35
C0567,901,123456,FER,,1,TORRE PELLICE,13:35
C0567,901,123456,FER,,2,LUSERNA - piazza Partigiani,13:40
C0567,901,123456,FER,,3,PONTE BIBIANA/FS,13:45
C0567,901,123456,FER,,4,BRICHERASIO,13:50
C0567,901,123456,FER,,5,CAPPELLA MORERI,13:52
C0567,901,123456,FER,,6,SAN SECONDO CANTINE,13:53
C0567,901,123456,FER,,7,SAN SECONDO BIVIO BIMA,13:55
C0567,901,123456,FER,,8,PINEROLO Movicentro,14:10
C0568,901,,GG,EST,1,BOBBIO PELLICE,13:15
C0568,901,,GG,EST,2,VILLAR PELLICE,13:21
C0568,901,,GG,EST,3,CHABRIOLS,13:24
C0568,901,,GG,EST,4,SEGG. VANDALINO,13:26
C0568,901,,GG,EST,5,S. MARGHERITA,13:29
C0568,901,,GG,EST,6,TORRE PELLICE,13:30
C0569,901,12345,SCO,T,1,LOMBARIDINI/VOLTA,14.08
C0569,901,12345,SCO,T,2,TORRE PELLICE,14.11
C0569,901,12345,SCO,T,3,LUSERNA - piazza Partigiani,14.16
C0569,901,12345,SCO,T,4,PONTE BIBIANA/FS,14.20
C0569,901,12345,SCO,T,5,CAPPELLA MORERI,14.26
C0569,901,12345,SCO,T,6,SAN SECONDO CANTINE,14.28
C0569,901,12345,SCO,T,7,SAN SECONDO BIVIO BIMA,14.30
C0569,901,12345,SCO,T,8,PINEROLO - piazza Cavour,14.37
C0570,901,123456,FER,,1,TORRE PELLICE,14:10
C0570,901,123456,FER,,2,LUSERNA - piazza Partigiani,14:15
C0570,901,123456,FER,,3,PONTE BIBIANA/FS,14:20
C0570,901,123456,FER,,4,BRICHERASIO,14:25
C0570,901,123456,FER,,5,CAPPELLA MORERI,14:27
C0570,901,123456,FER,,6,SAN SECONDO CANTINE,14:28
C0570,901,123456,FER,,7,SAN SECONDO BIVIO BIMA,14:30
C0570,901,123456,FER,,8,PINEROLO Movicentro,14:45
C0571,901,12345,SCO,T,1,BOBBIO PELLICE,14:00
C0571,901,12345,SCO,T,2,VILLAR PELLICE,14:06
C0571,901,12345,SCO,T,3,CHABRIOLS,14:09
C0571,901,12345,SCO,T,4,SEGG. VANDALINO,14:12
C0571,901,12345,SCO,T,5,S. MARGHERITA,14:13
C0571,901,12345,SCO,T,6,TORRE PELLICE,14:18
C0571,901,12345,SCO,T,7,LUSERNA - piazza Partigiani,14:22
C0572,901,123456,FER,,1,TORRE PELLICE,14:35
C0572,901,123456,FER,,2,LUSERNA - piazza Partigiani,14:40
C0572,901,123456,FER,,3,PONTE BIBIANA/FS,14:45
C0572,901,123456,FER,,4,BRICHERASIO,14:50
C0572,901,123456,FER,,5,CAPPELLA MORERI,14:52
C0572,901,123456,FER,,6,SAN SECONDO CANTINE,14:53
C0572,901,123456,FER,,7,SAN SECONDO BIVIO BIMA,14:55
C0572,901,123456,FER,,8,PINEROLO Movicentro,15:10
C0573,901,12345,FER,NS,1,BOBBIO PELLICE,14:15
C0573,901,12345,FER,NS,2,VILLAR PELLICE,14:21
C0573,901,12345,FER,NS,3,CHABRIOLS,14:25
C0573,901,12345,FER,NS,4,SEGG. VANDALINO,14:28
C0573,901,12345,FER,NS,5,S. MARGHERITA,14:30
C0573,901,12345,FER,NS,6,TORRE PELLICE,14:32
C0574,901,12345,SCO,Scol,1,BOBBIO PELLICE,14:20
C0574,901,12345,SCO,Scol,2,VILLAR PELLICE,14:26
C0574,901,12345,SCO,Scol,3,CHABRIOLS,14:29
C0574,901,12345,SCO,Scol,4,SEGG. VANDALINO,14:31
C0574,901,12345,SCO,Scol,5,S. MARGHERITA,14:34
C0574,901,12345,SCO,Scol,6,TORRE PELLICE,14:38
C0575,901,123456,FER,,1,TORRE PELLICE,15:05
C0575,901,123456,FER,,2,LUSERNA - piazza Partigiani,15:10
C0575,901,123456,FER,,3,PONTE BIBIANA/FS,15:15
C0575,901,123456,FER,,4,BRICHERASIO,15:20
C0575,901,123456,FER,,5,CAPPELLA MORERI,15:22
C0575,901,123456,FER,,6,SAN SECONDO CANTINE,15:23
C0575,901,123456,FER,,7,SAN SECONDO BIVIO BIMA,15:25
C0575,901,123456,FER,,8,PINEROLO Movicentro,15:40
C0576,901,78,FEST,,1,BOBBIO PELLICE,15:05
C0576,901,78,FEST,,2,VILLAR PELLICE,15:10
C0576,901,78,FEST,,3,CHABRIOLS,15:15
C0576,901,78,FEST,,4,SEGG. VANDALINO,15:20
C0576,901,78,FEST,,5,S. MARGHERITA,15:22
C0576,901,78,FEST,,6,TORRE PELLICE,15:25
C0577,901,123456,FER,,1,TORRE PELLICE,15:35
C0577,901,123456,FER,,2,LUSERNA - piazza Partigiani,15:40
C0577,901,123456,FER,,3,PONTE BIBIANA/FS,15:45
C0577,901,123456,FER,,4,BRICHERASIO,15:50
C0577,901,123456,FER,,5,CAPPELLA MORERI,15:52
C0577,901,123456,FER,,6,SAN SECONDO CANTINE,15:53
C0577,901,123456,FER,,7,SAN SECONDO BIVIO BIMA,15:55
C0577,901,123456,FER,,8,PINEROLO Movicentro,16:10
C0578,901,12345,FER,,1,BOBBIO PELLICE,15:50
C0578,901,12345,FER,,2,VILLAR PELLICE,15:55
C0578,901,12345,FER,,3,CHABRIOLS,16:00
C0578,901,12345,FER,,4,SEGG. VANDALINO,16:05
C0578,901,12345,FER,,5,S. MARGHERITA,16:07
C0578,901,12345,FER,,6,TORRE PELLICE,16:10
C0579,901,678,,#,1,TORRE PELLICE,12:35
C0579,901,678,,#,2,LUSERNA - piazza Partigiani,12:40
C0579,901,678,,#,3,PONTE BIBIANA/FS,12:45
C0579,901,678,,#,4,BRICHERASIO,12:50
C0579,901,678,,#,5,CAPPELLA MORERI,12:52
C0579,901,678,,#,6,SAN SECONDO CANTINE,12:53
C0579,901,678,,#,7,SAN SECONDO BIVIO BIMA,12:55
C0579,901,678,,#,8,PINEROLO Movicentro,13:10
C0580,901,12345,FER,antecedente,1,TORRE PELLICE,16:10
C0580,901,12345,FER,antecedente,2,LUSERNA - piazza Partigiani,16:14
C0580,901,12345,FER,antecedente,3,PONTE BIBIANA/FS,16:20
C0580,901,12345,FER,antecedente,4,BRICHERASIO,16:23
C0580,901,12345,FER,antecedente,5,CAPPELLA MORERI,16:27
C0580,901,12345,FER,antecedente,6,SAN SECONDO CANTINE,16:30
C0580,901,12345,FER,antecedente,7,SAN SECONDO BIVIO BIMA,16:31
C0580,901,12345,FER,antecedente,8,PINEROLO - piazza Cavour,16:38
C0580,901,12345,FER,antecedente,9,PINEROLO Movicentro,16:40
C0581,901,,GG,infrasettimanale),1,BOBBIO PELLICE,16:47
C0581,901,,GG,infrasettimanale),2,VILLAR PELLICE,16:53
C0581,901,,GG,infrasettimanale),3,CHABRIOLS,16:57
C0581,901,,GG,infrasettimanale),4,SEGG. VANDALINO,17:00
C0581,901,,GG,infrasettimanale),5,S. MARGHERITA,17:02
C0581,901,,GG,infrasettimanale),6,TORRE PELLICE,17:04
C0581,901,,GG,infrasettimanale),7,LUSERNA - piazza Partigiani,16:40
C0581,901,,GG,infrasettimanale),8,PONTE BIBIANA/FS,16:45
C0581,901,,GG,infrasettimanale),9,BRICHERASIO,16:50
C0581,901,,GG,infrasettimanale),10,CAPPELLA MORERI,16:52
C0581,901,,GG,infrasettimanale),11,SAN SECONDO CANTINE,16:53
C0581,901,,GG,infrasettimanale),12,SAN SECONDO BIVIO BIMA,16:55
C0581,901,,GG,infrasettimanale),13,PINEROLO Movicentro,17:10
C0582,901,123456,FER,,1,BOBBIO PELLICE,17:21
C0582,901,123456,FER,,2,VILLAR PELLICE,17:26
C0582,901,123456,FER,,3,CHABRIOLS,17:32
C0582,901,123456,FER,,4,SEGG. VANDALINO,17:33
C0582,901,123456,FER,,5,S. MARGHERITA,17:34
C0582,901,123456,FER,,6,TORRE PELLICE,17:35
C0582,901,123456,FER,,7,LUSERNA - piazza Partigiani,17:10
C0582,901,123456,FER,,8,PONTE BIBIANA/FS,17:15
C0582,901,123456,FER,,9,BRICHERASIO,17:20
C0582,901,123456,FER,,10,CAPPELLA MORERI,17:22
C0582,901,123456,FER,,11,SAN SECONDO CANTINE,17:23
C0582,901,123456,FER,,12,SAN SECONDO BIVIO BIMA,17:25
C0582,901,123456,FER,,13,PINEROLO Movicentro,17:40
C0583,901,123456,GG,EST,1,TORRE PELLICE,17:35
C0583,901,123456,GG,EST,2,LUSERNA - piazza Partigiani,17:40
C0583,901,123456,GG,EST,3,PONTE BIBIANA/FS,17:45
C0583,901,123456,GG,EST,4,BRICHERASIO,17:50
C0583,901,123456,GG,EST,5,CAPPELLA MORERI,17:52
C0583,901,123456,GG,EST,6,SAN SECONDO CANTINE,17:53
C0583,901,123456,GG,EST,7,SAN SECONDO BIVIO BIMA,17:55
C0583,901,123456,GG,EST,8,PINEROLO Movicentro,18:10
C0584,901,,FER,,1,BOBBIO PELLICE,17:35
C0584,901,,FER,,2,VILLAR PELLICE,17:41
C0584,901,,FER,,3,CHABRIOLS,17:44
C0584,901,,FER,,4,SEGG. VANDALINO,17:46
C0584,901,,FER,,5,S. MARGHERITA,17:49
C0584,901,,FER,,6,TORRE PELLICE,17:50
C0585,901,12345,SCO,SIMBOLOGIA,1,TORRE PELLICE,18:05
C0585,901,12345,SCO,SIMBOLOGIA,2,LUSERNA - piazza Partigiani,18:10
C0585,901,12345,SCO,SIMBOLOGIA,3,PONTE BIBIANA/FS,18:15
C0585,901,12345,SCO,SIMBOLOGIA,4,BRICHERASIO,18:20
C0585,901,12345,SCO,SIMBOLOGIA,5,CAPPELLA MORERI,18:22
C0585,901,12345,SCO,SIMBOLOGIA,6,SAN SECONDO CANTINE,18:23
C0585,901,12345,SCO,SIMBOLOGIA,7,SAN SECONDO BIVIO BIMA,18:25
C0585,901,12345,SCO,SIMBOLOGIA,8,PINEROLO Movicentro,18:40
C0586,901,123456,GG,periodicità,1,BOBBIO PELLICE,18:16
C0586,901,123456,GG,periodicità,2,VILLAR PELLICE,18:23
C0586,901,123456,GG,periodicità,3,CHABRIOLS,18:26
C0586,901,123456,GG,periodicità,4,SEGG. VANDALINO,18:28
C0586,901,123456,GG,periodicità,5,S. MARGHERITA,18:29
C0586,901,123456,GG,periodicità,6,TORRE PELLICE,18:35
C0586,901,123456,GG,periodicità,7,LUSERNA - piazza Partigiani,18:40
C0586,901,123456,GG,periodicità,8,PONTE BIBIANA/FS,18:45
C0586,901,123456,GG,periodicità,9,BRICHERASIO,18:50
C0586,901,123456,GG,periodicità,10,CAPPELLA MORERI,18:52
C0586,901,123456,GG,periodicità,11,SAN SECONDO CANTINE,18:53
C0586,901,123456,GG,periodicità,12,SAN SECONDO BIVIO BIMA,18:55
C0586,901,123456,GG,periodicità,13,PINEROLO Movicentro,19:10
C0587,901,123456,GG,Feriale,1,BOBBIO PELLICE,19:11
C0587,901,123456,GG,Feriale,2,VILLAR PELLICE,19:16
C0587,901,123456,GG,Feriale,3,CHABRIOLS,19:20
C0587,901,123456,GG,Feriale,4,SEGG. VANDALINO,19:25
C0587,901,123456,GG,Feriale,5,S. MARGHERITA,19:27
C0587,901,123456,GG,Feriale,6,TORRE PELLICE,19:35
C0587,901,123456,GG,Feriale,7,LUSERNA - piazza Partigiani,19:40
C0587,901,123456,GG,Feriale,8,PONTE BIBIANA/FS,19:45
C0587,901,123456,GG,Feriale,9,BRICHERASIO,19:50
C0587,901,123456,GG,Feriale,10,CAPPELLA MORERI,19:52
C0587,901,123456,GG,Feriale,11,SAN SECONDO CANTINE,19:53
C0587,901,123456,GG,Feriale,12,SAN SECONDO BIVIO BIMA,19:55
C0587,901,123456,GG,Feriale,13,PINEROLO Movicentro,20:10
C0588,901,12345,SCO,giorni,1,TORRE PELLICE,22:20
C0588,901,12345,SCO,giorni,2,LUSERNA - piazza Partigiani,22:25
C0588,901,12345,SCO,giorni,3,PONTE BIBIANA/FS,22:30
C0588,901,12345,SCO,giorni,4,BRICHERASIO,22:35
C0588,901,12345,SCO,giorni,5,CAPPELLA MORERI,22:37
C0588,901,12345,SCO,giorni,6,SAN SECONDO CANTINE,22:38
C0588,901,12345,SCO,giorni,7,SAN SECONDO BIVIO BIMA,22:40
C0588,901,12345,SCO,giorni,8,PINEROLO Movicentro,22:50
C0589,901,678,,una,1,BOBBIO PELLICE,16:10
C0589,901,678,,una,2,VILLAR PELLICE,16:17
C0589,901,678,,una,3,CHABRIOLS,16:20
C0589,901,678,,una,4,SEGG. VANDALINO,16:22
C0589,901,678,,una,5,S. MARGHERITA,16:23
C0589,901,678,,una,6,TORRE PELLICE,16:26
C0590,901,123456,GG,EST,1,TORRE PELLICE,5:40
C0590,901,123456,GG,EST,2,S. MARGHERITA,5:45
C0590,901,123456,GG,EST,3,SEGG. VANDALINO,5:48
C0590,901,123456,GG,EST,4,CHABRIOLS,5:53
C0590,901,123456,GG,EST,5,VILLAR PELLICE,5:55
C0590,901,123456,GG,EST,6,BOBBIO PELLICE,6:00
C0591,901,,FER,,1,TORRE PELLICE,6:35
C0591,901,,FER,,2,S. MARGHERITA,6:39
C0591,901,,FER,,3,SEGG. VANDALINO,6:41
C0591,901,,FER,,4,CHABRIOLS,6:43
C0591,901,,FER,,5,VILLAR PELLICE,6:47
C0591,901,,FER,,6,BOBBIO PELLICE,6:53
C0592,901,123456,FER,,1,PINEROLO Movicentro,6:35
C0592,901,123456,FER,,2,SAN SECONDO BIVIO BIMA,6:47
C0592,901,123456,FER,,3,SAN SECONDO CANTINE,6:49
C0592,901,123456,FER,,4,CAPPELLA MORERI,6:50
C0592,901,123456,FER,,5,BRICHERASIO,6:52
C0592,901,123456,FER,,6,PONTE BIBIANA/FS,6:56
C0592,901,123456,FER,,7,LUSERNA - piazza Partigiani,7:01
C0592,901,123456,FER,,8,TORRE PELLICE,7:05
C0593,901,12345,FER,,1,PINEROLO - Centro Studi,6:42
C0593,901,12345,FER,,2,PINEROLO Movicentro,6:50
C0593,901,12345,FER,,3,SAN SECONDO BIVIO BIMA,7:02
C0593,901,12345,FER,,4,SAN SECONDO CANTINE,7:04
C0593,901,12345,FER,,5,CAPPELLA MORERI,7:05
C0593,901,12345,FER,,6,BRICHERASIO,7:07
C0593,901,12345,FER,,7,PONTE BIBIANA/FS,7:11
C0593,901,12345,FER,,8,LUSERNA - piazza Partigiani,7:16
C0593,901,12345,FER,,9,TORRE PELLICE,7:20
C0594,901,6,FER,S,1,PINEROLO Movicentro,7:00
C0594,901,6,FER,S,2,SAN SECONDO BIVIO BIMA,7:10
C0594,901,6,FER,S,3,SAN SECONDO CANTINE,7:11
C0594,901,6,FER,S,4,CAPPELLA MORERI,7:13
C0594,901,6,FER,S,5,BRICHERASIO,7:16
C0594,901,6,FER,S,6,PONTE BIBIANA/FS,7:19
C0594,901,6,FER,S,7,LUSERNA - piazza Partigiani,7:24
C0594,901,6,FER,S,8,TORRE PELLICE,7:27
C0594,901,6,FER,S,9,S. MARGHERITA,7:28
C0594,901,6,FER,S,10,SEGG. VANDALINO,7:29
C0594,901,6,FER,S,11,CHABRIOLS,7:31
C0594,901,6,FER,S,12,VILLAR PELLICE,7:33
C0594,901,6,FER,S,13,BOBBIO PELLICE,7:35
C0595,901,,GG,EST,1,TORRE PELLICE,7:25
C0595,901,,GG,EST,2,S. MARGHERITA,7:27
C0595,901,,GG,EST,3,SEGG. VANDALINO,7:29
C0595,901,,GG,EST,4,CHABRIOLS,7:32
C0595,901,,GG,EST,5,VILLAR PELLICE,7:33
C0595,901,,GG,EST,6,BOBBIO PELLICE,7:42
C0596,901,12345,FER,S,1,PINEROLO - piazza Cavour,7:10
C0596,901,12345,FER,S,2,SAN SECONDO BIVIO BIMA,7:16
C0596,901,12345,FER,S,3,SAN SECONDO CANTINE,7:17
C0596,901,12345,FER,S,4,CAPPELLA MORERI,7:19
C0596,901,12345,FER,S,5,BRICHERASIO,7:23
C0596,901,12345,FER,S,6,PONTE BIBIANA/FS,7:25
C0596,901,12345,FER,S,7,LUSERNA - piazza Partigiani,7:29
C0597,901,123456,FER,NS,1,PINEROLO - Centro Studi,7:12
C0597,901,123456,FER,NS,2,PINEROLO Movicentro,7:20
C0597,901,123456,FER,NS,3,SAN SECONDO BIVIO BIMA,7:28
C0597,901,123456,FER,NS,4,SAN SECONDO CANTINE,7:30
C0597,901,123456,FER,NS,5,CAPPELLA MORERI,7:33
C0597,901,123456,FER,NS,6,BRICHERASIO,7:35
C0597,901,123456,FER,NS,7,PONTE BIBIANA/FS,7:40
C0597,901,123456,FER,NS,8,LUSERNA - piazza Partigiani,7:50
C0597,901,123456,FER,NS,9,TORRE PELLICE,7:55
C0598,901,123456,SCO,Scol,1,PINEROLO - Centro Studi,7:12
C0598,901,123456,SCO,Scol,2,PINEROLO Movicentro,7:20
C0598,901,123456,SCO,Scol,3,PINEROLO - piazza Cavour,7.22
C0598,901,123456,SCO,Scol,4,SAN SECONDO BIVIO BIMA,7:28
C0598,901,123456,SCO,Scol,5,SAN SECONDO CANTINE,7:30
C0598,901,123456,SCO,Scol,6,CAPPELLA MORERI,7:33
C0598,901,123456,SCO,Scol,7,BRICHERASIO,7:35
C0598,901,123456,SCO,Scol,8,PONTE BIBIANA/FS,7:40
C0598,901,123456,SCO,Scol,9,LUSERNA - piazza Partigiani,7:50
C0598,901,123456,SCO,Scol,10,TORRE PELLICE,7:58
C0599,901,123456,FER,,1,TORRE PELLICE,8:05
C0599,901,123456,FER,,2,S. MARGHERITA,8:07
C0599,901,123456,FER,,3,SEGG. VANDALINO,8:08
C0599,901,123456,FER,,4,CHABRIOLS,8:09
C0599,901,123456,FER,,5,VILLAR PELLICE,8:14
C0599,901,123456,FER,,6,BOBBIO PELLICE,8:19
C0600,901,123456,FER,,1,PINEROLO - Centro Studi,7:42
C0600,901,123456,FER,,2,PINEROLO Movicentro,8:00
C0600,901,123456,FER,,3,SAN SECONDO BIVIO BIMA,8:15
C0600,901,123456,FER,,4,SAN SECONDO CANTINE,8:17
C0600,901,123456,FER,,5,CAPPELLA MORERI,8:18
C0600,901,123456,FER,,6,BRICHERASIO,8:20
C0600,901,123456,FER,,7,PONTE BIBIANA/FS,8:25
C0600,901,123456,FER,,8,LUSERNA - piazza Partigiani,8:30
C0600,901,123456,FER,,9,TORRE PELLICE,8:35
C0601,901,12345,FER,,1,TORRE PELLICE,8:46
C0601,901,12345,FER,,2,S. MARGHERITA,8:48
C0601,901,12345,FER,,3,SEGG. VANDALINO,8:49
C0601,901,12345,FER,,4,CHABRIOLS,8:50
C0601,901,12345,FER,,5,VILLAR PELLICE,8:55
C0601,901,12345,FER,,6,BOBBIO PELLICE,9:00
C0602,901,123456,FER,,1,PINEROLO - Centro Studi,8:12
C0602,901,123456,FER,,2,PINEROLO Movicentro,8:20
C0602,901,123456,FER,,3,SAN SECONDO BIVIO BIMA,8:35
C0602,901,123456,FER,,4,SAN SECONDO CANTINE,8:37
C0602,901,123456,FER,,5,CAPPELLA MORERI,8:38
C0602,901,123456,FER,,6,BRICHERASIO,8:40
C0602,901,123456,FER,,7,PONTE BIBIANA/FS,8:45
C0602,901,123456,FER,,8,LUSERNA - piazza Partigiani,8:50
C0602,901,123456,FER,,9,TORRE PELLICE,8:55
C0603,901,123456,FER,,1,PINEROLO - Centro Studi,8:42
C0603,901,123456,FER,,2,PINEROLO Movicentro,8:50
C0603,901,123456,FER,,3,SAN SECONDO BIVIO BIMA,9:05
C0603,901,123456,FER,,4,SAN SECONDO CANTINE,9:07
C0603,901,123456,FER,,5,CAPPELLA MORERI,9:08
C0603,901,123456,FER,,6,BRICHERASIO,9:10
C0603,901,123456,FER,,7,PONTE BIBIANA/FS,9:15
C0603,901,123456,FER,,8,LUSERNA - piazza Partigiani,9:20
C0603,901,123456,FER,,9,TORRE PELLICE,9:25
C0604,901,123456,FER,,1,PINEROLO - Centro Studi,9:12
C0604,901,123456,FER,,2,PINEROLO Movicentro,9:20
C0604,901,123456,FER,,3,SAN SECONDO BIVIO BIMA,9:35
C0604,901,123456,FER,,4,SAN SECONDO CANTINE,9:37
C0604,901,123456,FER,,5,CAPPELLA MORERI,9:38
C0604,901,123456,FER,,6,BRICHERASIO,9:40
C0604,901,123456,FER,,7,PONTE BIBIANA/FS,9:45
C0604,901,123456,FER,,8,LUSERNA - piazza Partigiani,9:50
C0604,901,123456,FER,,9,TORRE PELLICE,9:55
C0604,901,123456,FER,,10,SEGG. VANDALINO,10:01
C0604,901,123456,FER,,11,CHABRIOLS,10:03
C0604,901,123456,FER,,12,VILLAR PELLICE,10:07
C0604,901,123456,FER,,13,BOBBIO PELLICE,10:13
C0605,901,123456,GG,,1,SAN SECONDO BIVIO BIMA,10:05
C0605,901,123456,GG,,2,SAN SECONDO CANTINE,10:07
C0605,901,123456,GG,,3,CAPPELLA MORERI,10:08
C0605,901,123456,GG,,4,BRICHERASIO,10:10
C0605,901,123456,GG,,5,PONTE BIBIANA/FS,10:15
C0605,901,123456,GG,,6,LUSERNA - piazza Partigiani,10:20
C0605,901,123456,GG,,7,TORRE PELLICE,10:25
C0605,901,123456,GG,,8,S. MARGHERITA,9:59
C0606,901,,FER,,1,PINEROLO - Centro Studi,9:42
C0606,901,,FER,,2,PINEROLO Movicentro,9:50
C0607,901,GG,GG,EST,1,TORRE PELLICE,10:50
C0607,901,GG,GG,EST,2,S. MARGHERITA,10:52
C0607,901,GG,GG,EST,3,SEGG. VANDALINO,10:54
C0607,901,GG,GG,EST,4,CHABRIOLS,10:57
C0607,901,GG,GG,EST,5,VILLAR PELLICE,10:58
C0607,901,GG,GG,EST,6,BOBBIO PELLICE,11:07
C0608,901,78,FEST,INV,1,TORRE PELLICE,10:50
C0608,901,78,FEST,INV,2,S. MARGHERITA,10:53
C0608,901,78,FEST,INV,3,SEGG. VANDALINO,10:54
C0608,901,78,FEST,INV,4,CHABRIOLS,10:56
C0608,901,78,FEST,INV,5,VILLAR PELLICE,11:00
C0608,901,78,FEST,INV,6,BOBBIO PELLICE,11:05
C0609,901,78,FEST,#,1,PINEROLO - Centro Studi,10:42
C0609,901,78,FEST,#,2,PINEROLO Movicentro,10:50
C0609,901,78,FEST,#,3,SAN SECONDO BIVIO BIMA,11:05
C0609,901,78,FEST,#,4,SAN SECONDO CANTINE,11:07
C0609,901,78,FEST,#,5,CAPPELLA MORERI,11:08
C0609,901,78,FEST,#,6,BRICHERASIO,11:10
C0609,901,78,FEST,#,7,PONTE BIBIANA/FS,11:15
C0609,901,78,FEST,#,8,LUSERNA - piazza Partigiani,11:20
C0609,901,78,FEST,#,9,TORRE PELLICE,11:25
C0610,901,123456,FER,SA4,1,PINEROLO - Centro Studi,10:42
C0610,901,123456,FER,SA4,2,PINEROLO Movicentro,10:50
C0610,901,123456,FER,SA4,3,SAN SECONDO BIVIO BIMA,11:05
C0610,901,123456,FER,SA4,4,SAN SECONDO CANTINE,11:07
C0610,901,123456,FER,SA4,5,CAPPELLA MORERI,11:08
C0610,901,123456,FER,SA4,6,BRICHERASIO,11:10
C0610,901,123456,FER,SA4,7,PONTE BIBIANA/FS,11:15
C0610,901,123456,FER,SA4,8,LUSERNA - piazza Partigiani,11:20
C0610,901,123456,FER,SA4,9,TORRE PELLICE,11:25
C0611,901,5,FER,,1,TORRE PELLICE,12:00
C0611,901,5,FER,,2,S. MARGHERITA,12:03
C0611,901,5,FER,,3,SEGG. VANDALINO,12:04
C0611,901,5,FER,,4,CHABRIOLS,12:06
C0611,901,5,FER,,5,VILLAR PELLICE,12:10
C0611,901,5,FER,,6,BOBBIO PELLICE,12:15
C0612,901,123456,FER,,1,PINEROLO - Centro Studi,11:42
C0612,901,123456,FER,,2,PINEROLO Movicentro,11:50
C0612,901,123456,FER,,3,SAN SECONDO BIVIO BIMA,12:05
C0612,901,123456,FER,,4,SAN SECONDO CANTINE,12:07
C0612,901,123456,FER,,5,CAPPELLA MORERI,12:08
C0612,901,123456,FER,,6,BRICHERASIO,12:10
C0612,901,123456,FER,,7,PONTE BIBIANA/FS,12:15
C0612,901,123456,FER,,8,LUSERNA - piazza Partigiani,12:20
C0612,901,123456,FER,,9,TORRE PELLICE,12:25
C0613,901,6,FER,INV,1,TORRE PELLICE,12:30
C0613,901,6,FER,INV,2,S. MARGHERITA,12:35
C0613,901,6,FER,INV,3,SEGG. VANDALINO,12:38
C0613,901,6,FER,INV,4,CHABRIOLS,12:43
C0613,901,6,FER,INV,5,VILLAR PELLICE,12:45
C0613,901,6,FER,INV,6,BOBBIO PELLICE,12:50
C0614,901,,GG,EST,1,LUSERNA - piazza Partigiani,12:50
C0614,901,,GG,EST,2,TORRE PELLICE,12:55
C0614,901,,GG,EST,3,S. MARGHERITA,12:58
C0614,901,,GG,EST,4,SEGG. VANDALINO,13:00
C0614,901,,GG,EST,5,CHABRIOLS,13:05
C0614,901,,GG,EST,6,VILLAR PELLICE,13:10
C0614,901,,GG,EST,7,BOBBIO PELLICE,13:15
C0615,901,123456,FER,T,1,PINEROLO - Centro Studi,12:50
C0615,901,123456,FER,T,2,PINEROLO - piazza Cavour,12:53
C0615,901,123456,FER,T,3,SAN SECONDO BIVIO BIMA,12:55
C0615,901,123456,FER,T,4,SAN SECONDO CANTINE,12:57
C0615,901,123456,FER,T,5,CAPPELLA MORERI,13:00
C0615,901,123456,FER,T,6,BRICHERASIO,13:02
C0615,901,123456,FER,T,7,PONTE BIBIANA/FS,13:05
C0615,901,123456,FER,T,8,LUSERNA - piazza Partigiani,13:10
C0615,901,123456,FER,T,9,TORRE PELLICE,13:15
C0615,901,123456,FER,T,10,S. MARGHERITA,13:18
C0615,901,123456,FER,T,11,SEGG. VANDALINO,13:20
C0615,901,123456,FER,T,12,CHABRIOLS,13:25
C0615,901,123456,FER,T,13,VILLAR PELLICE,13:30
C0615,901,123456,FER,T,14,BOBBIO PELLICE,13:40
C0616,901,6,SCO,T,1,PINEROLO - Centro Studi,12:50
C0616,901,6,SCO,T,2,PINEROLO - piazza Cavour,12:53
C0616,901,6,SCO,T,3,SAN SECONDO BIVIO BIMA,12:55
C0616,901,6,SCO,T,4,SAN SECONDO CANTINE,12:57
C0616,901,6,SCO,T,5,CAPPELLA MORERI,13:00
C0616,901,6,SCO,T,6,BRICHERASIO,13:02
C0616,901,6,SCO,T,7,PONTE BIBIANA/FS,13:05
C0616,901,6,SCO,T,8,LUSERNA - piazza Partigiani,13:10
C0616,901,6,SCO,T,9,TORRE PELLICE,13:15
C0616,901,6,SCO,T,10,S. MARGHERITA,13:18
C0616,901,6,SCO,T,11,SEGG. VANDALINO,13:20
C0616,901,6,SCO,T,12,CHABRIOLS,13:25
C0616,901,6,SCO,T,13,VILLAR PELLICE,13:30
C0616,901,6,SCO,T,14,BOBBIO PELLICE,13:40
C0617,901,123456,FER,,1,PINEROLO Movicentro,12:50
C0617,901,123456,FER,,2,SAN SECONDO BIVIO BIMA,13:05
C0617,901,123456,FER,,3,SAN SECONDO CANTINE,13:07
C0617,901,123456,FER,,4,CAPPELLA MORERI,13:08
C0617,901,123456,FER,,5,BRICHERASIO,13:10
C0617,901,123456,FER,,6,PONTE BIBIANA/FS,13:15
C0617,901,123456,FER,,7,LUSERNA - piazza Partigiani,13:20
C0617,901,123456,FER,,8,TORRE PELLICE,13:30
C0617,901,123456,FER,,9,S. MARGHERITA,13:33
C0617,901,123456,FER,,10,SEGG. VANDALINO,13:34
C0617,901,123456,FER,,11,CHABRIOLS,13:38
C0617,901,123456,FER,,12,VILLAR PELLICE,13:42
C0617,901,123456,FER,,13,BOBBIO PELLICE,13:49
C0618,901,,GG,EST,1,TORRE PELLICE,13:35
C0618,901,,GG,EST,2,S. MARGHERITA,13:37
C0618,901,,GG,EST,3,SEGG. VANDALINO,13:39
C0618,901,,GG,EST,4,CHABRIOLS,13:42
C0618,901,,GG,EST,5,VILLAR PELLICE,13:43
C0618,901,,GG,EST,6,BOBBIO PELLICE,13:52
C0619,901,12345,SCO,Scol,1,TORRE PELLICE,13:35
C0619,901,12345,SCO,Scol,2,S. MARGHERITA,13:40
C0619,901,12345,SCO,Scol,3,SEGG. VANDALINO,13:42
C0619,901,12345,SCO,Scol,4,CHABRIOLS,13:45
C0619,901,12345,SCO,Scol,5,VILLAR PELLICE,13:46
C0619,901,12345,SCO,Scol,6,BOBBIO PELLICE,13:55
C0620,901,12345,SCO,CT,1,PINEROLO - Centro Studi,13:50
C0620,901,12345,SCO,CT,2,PINEROLO - piazza Cavour,13:55
C0620,901,12345,SCO,CT,3,SAN SECONDO BIVIO BIMA,14:00
C0620,901,12345,SCO,CT,4,SAN SECONDO CANTINE,14:01
C0620,901,12345,SCO,CT,5,CAPPELLA MORERI,14:03
C0620,901,12345,SCO,CT,6,BRICHERASIO,14:06
C0620,901,12345,SCO,CT,7,PONTE BIBIANA/FS,14:08
C0620,901,12345,SCO,CT,8,LUSERNA - piazza Partigiani,14:13
C0620,901,12345,SCO,CT,9,TORRE PELLICE,14:20
C0620,901,12345,SCO,CT,10,S. MARGHERITA,14:25
C0620,901,12345,SCO,CT,11,SEGG. VANDALINO,14:30
C0620,901,12345,SCO,CT,12,CHABRIOLS,14:35
C0620,901,12345,SCO,CT,13,VILLAR PELLICE,14:40
C0620,901,12345,SCO,CT,14,BOBBIO PELLICE,14:45
C0621,901,12345,SCO,CT,1,PINEROLO - Centro Studi,13:30
C0621,901,12345,SCO,CT,2,PINEROLO - piazza Cavour,13:33
C0621,901,12345,SCO,CT,3,SAN SECONDO BIVIO BIMA,13:35
C0621,901,12345,SCO,CT,4,SAN SECONDO CANTINE,13:36
C0621,901,12345,SCO,CT,5,CAPPELLA MORERI,13:40
C0621,901,12345,SCO,CT,6,BRICHERASIO,13:42
C0621,901,12345,SCO,CT,7,PONTE BIBIANA/FS,13:45
C0621,901,12345,SCO,CT,8,LUSERNA - piazza Partigiani,13:50
C0621,901,12345,SCO,CT,9,TORRE PELLICE,13:55
C0621,901,12345,SCO,CT,10,S. MARGHERITA,14:00
C0621,901,12345,SCO,CT,11,SEGG. VANDALINO,14:05
C0621,901,12345,SCO,CT,12,CHABRIOLS,14:10
C0621,901,12345,SCO,CT,13,VILLAR PELLICE,14:15
C0621,901,12345,SCO,CT,14,BOBBIO PELLICE,14:20
C0622,901,12345,SCO,C,1,PINEROLO - Centro Studi,14:20
C0622,901,12345,SCO,C,2,SAN SECONDO BIVIO BIMA,14:25
C0622,901,12345,SCO,C,3,SAN SECONDO CANTINE,14:26
C0622,901,12345,SCO,C,4,CAPPELLA MORERI,14:30
C0622,901,12345,SCO,C,5,BRICHERASIO,14:32
C0622,901,12345,SCO,C,6,PONTE BIBIANA/FS,14:35
C0622,901,12345,SCO,C,7,LUSERNA - piazza Partigiani,14:40
C0622,901,12345,SCO,C,8,TORRE PELLICE,14:45
C0623,901,12345,SCO,Scol,1,PINEROLO - Ist. Immacolata,13:30
C0623,901,12345,SCO,Scol,2,PINEROLO - piazza Cavour,13:34
C0623,901,12345,SCO,Scol,3,SAN SECONDO BIVIO BIMA,13:40
C0623,901,12345,SCO,Scol,4,SAN SECONDO CANTINE,13:41
C0623,901,12345,SCO,Scol,5,CAPPELLA MORERI,13:45
C0623,901,12345,SCO,Scol,6,BRICHERASIO,13:48
C0623,901,12345,SCO,Scol,7,PONTE BIBIANA/FS,13:52
C0623,901,12345,SCO,Scol,8,BIBIANA,13:54
C0623,901,12345,SCO,Scol,9,LUSERNA - piazza Partigiani,14:05
C0623,901,12345,SCO,Scol,10,TORRE PELLICE,14:07
C0624,901,12345,SCO,C,1,PINEROLO - Centro Studi,13:30
C0624,901,12345,SCO,C,2,PINEROLO - piazza Cavour,13:37
C0624,901,12345,SCO,C,3,SAN SECONDO BIVIO BIMA,13:43
C0624,901,12345,SCO,C,4,SAN SECONDO CANTINE,13:44
C0624,901,12345,SCO,C,5,CAPPELLA MORERI,13:49
C0624,901,12345,SCO,C,6,BRICHERASIO,13:54
C0624,901,12345,SCO,C,7,PONTE BIBIANA/FS,13:55
C0624,901,12345,SCO,C,8,BIBIANA,13:57
C0625,901,12345,SCO,,1,PINEROLO Movicentro,13:50
C0625,901,12345,SCO,,2,SAN SECONDO BIVIO BIMA,14:05
C0625,901,12345,SCO,,3,SAN SECONDO CANTINE,14:07
C0625,901,12345,SCO,,4,CAPPELLA MORERI,14:08
C0625,901,12345,SCO,,5,BRICHERASIO,14:10
C0625,901,12345,SCO,,6,PONTE BIBIANA/FS,14:15
C0625,901,12345,SCO,,7,LUSERNA - piazza Partigiani,14:20
C0625,901,12345,SCO,,8,TORRE PELLICE,14:25
C0626,901,123456,FER,S,1,PINEROLO Movicentro,14:20
C0626,901,123456,FER,S,2,SAN SECONDO BIVIO BIMA,14:35
C0626,901,123456,FER,S,3,SAN SECONDO CANTINE,14:37
C0626,901,123456,FER,S,4,CAPPELLA MORERI,14:38
C0626,901,123456,FER,S,5,BRICHERASIO,14:40
C0626,901,123456,FER,S,6,PONTE BIBIANA/FS,14:45
C0626,901,123456,FER,S,7,LUSERNA - piazza Partigiani,14:50
C0626,901,123456,FER,S,8,TORRE PELLICE,14:55
C0627,901,12345,FER,,1,TORRE PELLICE,15:10
C0627,901,12345,FER,,2,S. MARGHERITA,15:15
C0627,901,12345,FER,,3,SEGG. VANDALINO,15:16
C0627,901,12345,FER,,4,CHABRIOLS,15:19
C0627,901,12345,FER,,5,VILLAR PELLICE,15:21
C0627,901,12345,FER,,6,BOBBIO PELLICE,15:26
C0628,901,,GG,#,1,PINEROLO Movicentro,14:50
C0628,901,,GG,#,2,SAN SECONDO BIVIO BIMA,15:05
C0628,901,,GG,#,3,SAN SECONDO CANTINE,15:07
C0628,901,,GG,#,4,CAPPELLA MORERI,15:08
C0628,901,,GG,#,5,BRICHERASIO,15:10
C0628,901,,GG,#,6,PONTE BIBIANA/FS,15:15
C0628,901,,GG,#,7,LUSERNA - piazza Partigiani,15:20
C0628,901,,GG,#,8,TORRE PELLICE,15:30
C0628,901,,GG,#,9,S. MARGHERITA,15:34
C0628,901,,GG,#,10,SEGG. VANDALINO,15:36
C0628,901,,GG,#,11,CHABRIOLS,15:38
C0628,901,,GG,#,12,VILLAR PELLICE,15:42
C0628,901,,GG,#,13,BOBBIO PELLICE,15:48
C0629,901,123456,FER,,1,PINEROLO Movicentro,15:50
C0629,901,123456,FER,,2,SAN SECONDO BIVIO BIMA,16:05
C0629,901,123456,FER,,3,SAN SECONDO CANTINE,16:07
C0629,901,123456,FER,,4,CAPPELLA MORERI,16:08
C0629,901,123456,FER,,5,BRICHERASIO,16:10
C0629,901,123456,FER,,6,PONTE BIBIANA/FS,16:15
C0629,901,123456,FER,,7,LUSERNA - piazza Partigiani,16:20
C0629,901,123456,FER,,8,TORRE PELLICE,16:25
C0630,901,12345,FER,,1,TORRE PELLICE,16:25
C0630,901,12345,FER,,2,S. MARGHERITA,16:27
C0630,901,12345,FER,,3,SEGG. VANDALINO,16:29
C0630,901,12345,FER,,4,CHABRIOLS,16:32
C0630,901,12345,FER,,5,VILLAR PELLICE,16:33
C0630,901,12345,FER,,6,BOBBIO PELLICE,16:42
C0631,901,12345,SCO,Scol,1,PINEROLO - Ist. Immacolata,16:12
C0631,901,12345,SCO,Scol,2,PINEROLO - Centro Studi,16:22
C0631,901,12345,SCO,Scol,3,PINEROLO - piazza Cavour,16:28
C0631,901,12345,SCO,Scol,4,SAN SECONDO BIVIO BIMA,16:33
C0631,901,12345,SCO,Scol,5,SAN SECONDO CANTINE,16:36
C0631,901,12345,SCO,Scol,6,CAPPELLA MORERI,16:39
C0631,901,12345,SCO,Scol,7,BRICHERASIO,16:43
C0631,901,12345,SCO,Scol,8,PONTE BIBIANA/FS,16:45
C0631,901,12345,SCO,Scol,9,BIBIANA,16:50
C0631,901,12345,SCO,Scol,10,LUSERNA - piazza Partigiani,16:55
C0631,901,12345,SCO,Scol,11,TORRE PELLICE,16:58
C0632,901,12345,FER,,1,TORRE PELLICE,17:05
C0632,901,12345,FER,,2,S. MARGHERITA,17:10
C0632,901,12345,FER,,3,SEGG. VANDALINO,17:11
C0632,901,12345,FER,,4,CHABRIOLS,17:14
C0632,901,12345,FER,,5,VILLAR PELLICE,17:16
C0632,901,12345,FER,,6,BOBBIO PELLICE,17:21
C0633,901,123456,FER,,1,PINEROLO Movicentro,16:50
C0633,901,123456,FER,,2,SAN SECONDO BIVIO BIMA,17:05
C0633,901,123456,FER,,3,SAN SECONDO CANTINE,17:07
C0633,901,123456,FER,,4,CAPPELLA MORERI,17:08
C0633,901,123456,FER,,5,BRICHERASIO,17:10
C0633,901,123456,FER,,6,PONTE BIBIANA/FS,17:15
C0633,901,123456,FER,,7,LUSERNA - piazza Partigiani,17:20
C0633,901,123456,FER,,8,TORRE PELLICE,17:25
C0634,901,678,,,1,TORRE PELLICE,16.30
C0634,901,678,,,2,S. MARGHERITA,16:35
C0634,901,678,,,3,SEGG. VANDALINO,16:36
C0634,901,678,,,4,CHABRIOLS,16:39
C0634,901,678,,,5,VILLAR PELLICE,16:41
C0634,901,678,,,6,BOBBIO PELLICE,16:46
C0635,901,12345,FER,antecedente,1,TO - Autostazione c.so Bolzano,16:15
C0635,901,12345,FER,antecedente,2,TO-c.so V.Eman. II-Porta Nuova,16:22
C0635,901,12345,FER,antecedente,3,PINEROLO - piazza Cavour,17:27
C0635,901,12345,FER,antecedente,4,SAN SECONDO BIVIO BIMA,17:33
C0635,901,12345,FER,antecedente,5,SAN SECONDO CANTINE,17:34
C0635,901,12345,FER,antecedente,6,CAPPELLA MORERI,17:37
C0635,901,12345,FER,antecedente,7,BRICHERASIO,17:41
C0635,901,12345,FER,antecedente,8,PONTE BIBIANA/FS,17:44
C0635,901,12345,FER,antecedente,9,LUSERNA - piazza Partigiani,17:50
C0635,901,12345,FER,antecedente,10,TORRE PELLICE,17:53
C0636,901,,GG,festività,1,TORRE PELLICE,17:55
C0636,901,,GG,festività,2,S. MARGHERITA,17:59
C0636,901,,GG,festività,3,SEGG. VANDALINO,18:01
C0636,901,,GG,festività,4,CHABRIOLS,18:03
C0636,901,,GG,festività,5,VILLAR PELLICE,18:07
C0636,901,,GG,festività,6,BOBBIO PELLICE,18:13
C0637,901,123456,FER,,1,PINEROLO - Centro Studi,17:42
C0637,901,123456,FER,,2,PINEROLO Movicentro,17:50
C0637,901,123456,FER,,3,SAN SECONDO BIVIO BIMA,18:05
C0637,901,123456,FER,,4,SAN SECONDO CANTINE,18:07
C0637,901,123456,FER,,5,CAPPELLA MORERI,18:08
C0637,901,123456,FER,,6,BRICHERASIO,18:10
C0637,901,123456,FER,,7,PONTE BIBIANA/FS,18:15
C0637,901,123456,FER,,8,LUSERNA - piazza Partigiani,18:20
C0637,901,123456,FER,,9,TORRE PELLICE,18:25
C0638,901,78,FEST,INV,1,TORRE PELLICE,18:50
C0638,901,78,FEST,INV,2,S. MARGHERITA,18:52
C0638,901,78,FEST,INV,3,SEGG. VANDALINO,18:54
C0638,901,78,FEST,INV,4,CHABRIOLS,18:57
C0638,901,78,FEST,INV,5,VILLAR PELLICE,18:58
C0638,901,78,FEST,INV,6,BOBBIO PELLICE,19:07
C0639,901,123456,FER,,1,PINEROLO - Centro Studi,18:12
C0639,901,123456,FER,,2,PINEROLO Movicentro,18:20
C0639,901,123456,FER,,3,SAN SECONDO BIVIO BIMA,18:35
C0639,901,123456,FER,,4,SAN SECONDO CANTINE,18:37
C0639,901,123456,FER,,5,CAPPELLA MORERI,18:38
C0639,901,123456,FER,,6,BRICHERASIO,18:40
C0639,901,123456,FER,,7,PONTE BIBIANA/FS,18:45
C0639,901,123456,FER,,8,LUSERNA - piazza Partigiani,18:50
C0639,901,123456,FER,,9,TORRE PELLICE,18:55
C0640,901,123456,FER,,1,PINEROLO - Centro Studi,18:42
C0640,901,123456,FER,,2,PINEROLO Movicentro,18:50
C0640,901,123456,FER,,3,SAN SECONDO BIVIO BIMA,19:05
C0640,901,123456,FER,,4,SAN SECONDO CANTINE,19:07
C0640,901,123456,FER,,5,CAPPELLA MORERI,19:08
C0640,901,123456,FER,,6,BRICHERASIO,19:10
C0640,901,123456,FER,,7,PONTE BIBIANA/FS,19:15
C0640,901,123456,FER,,8,LUSERNA - piazza Partigiani,19:20
C0640,901,123456,FER,,9,TORRE PELLICE,19:25
C0640,901,123456,FER,,10,S. MARGHERITA,19:07
C0640,901,123456,FER,,11,SEGG. VANDALINO,19:08
C0640,901,123456,FER,,12,CHABRIOLS,19:09
C0640,901,123456,FER,,13,VILLAR PELLICE,19:14
C0640,901,123456,FER,,14,BOBBIO PELLICE,19:19
C0641,901,123456,FER,SIMBOLOGIA,1,PINEROLO - Centro Studi,18:42
C0641,901,123456,FER,SIMBOLOGIA,2,PINEROLO Movicentro,18:50
C0641,901,123456,FER,SIMBOLOGIA,3,SAN SECONDO BIVIO BIMA,19:05
C0641,901,123456,FER,SIMBOLOGIA,4,SAN SECONDO CANTINE,19:07
C0641,901,123456,FER,SIMBOLOGIA,5,CAPPELLA MORERI,19:08
C0641,901,123456,FER,SIMBOLOGIA,6,BRICHERASIO,19:10
C0641,901,123456,FER,SIMBOLOGIA,7,PONTE BIBIANA/FS,19:15
C0641,901,123456,FER,SIMBOLOGIA,8,LUSERNA - piazza Partigiani,19:20
C0641,901,123456,FER,SIMBOLOGIA,9,TORRE PELLICE,19:25
C0642,901,78,FEST,periodicità,1,PINEROLO - Centro Studi,18:42
C0642,901,78,FEST,periodicità,2,PINEROLO Movicentro,18:50
C0642,901,78,FEST,periodicità,3,SAN SECONDO BIVIO BIMA,19:05
C0642,901,78,FEST,periodicità,4,SAN SECONDO CANTINE,19:07
C0642,901,78,FEST,periodicità,5,CAPPELLA MORERI,19:08
C0642,901,78,FEST,periodicità,6,BRICHERASIO,19:10
C0642,901,78,FEST,periodicità,7,PONTE BIBIANA/FS,19:15
C0642,901,78,FEST,periodicità,8,LUSERNA - piazza Partigiani,19:20
C0642,901,78,FEST,periodicità,9,TORRE PELLICE,19:25
C0643,901,123456,FER,,1,PINEROLO - Centro Studi,19:12
C0643,901,123456,FER,,2,PINEROLO Movicentro,19:20
C0643,901,123456,FER,,3,SAN SECONDO BIVIO BIMA,19:35
C0643,901,123456,FER,,4,SAN SECONDO CANTINE,19:37
C0643,901,123456,FER,,5,CAPPELLA MORERI,19:38
C0643,901,123456,FER,,6,BRICHERASIO,19:40
C0643,901,123456,FER,,7,PONTE BIBIANA/FS,19:45
C0643,901,123456,FER,,8,LUSERNA - piazza Partigiani,19:50
C0643,901,123456,FER,,9,TORRE PELLICE,19:55
C0644,901,123456,FER,Feriale,1,TORRE PELLICE,20:05
C0644,901,123456,FER,Feriale,2,S. MARGHERITA,20:10
C0644,901,123456,FER,Feriale,3,SEGG. VANDALINO,20:11
C0644,901,123456,FER,Feriale,4,CHABRIOLS,20:14
C0644,901,123456,FER,Feriale,5,VILLAR PELLICE,20:16
C0644,901,123456,FER,Feriale,6,BOBBIO PELLICE,20:21
C0645,901,123456,FER,(effettuata,1,PINEROLO - Centro Studi,19:42
C0645,901,123456,FER,(effettuata,2,PINEROLO Movicentro,19:50
C0645,901,123456,FER,(effettuata,3,SAN SECONDO BIVIO BIMA,20:05
C0645,901,123456,FER,(effettuata,4,SAN SECONDO CANTINE,20:07
C0645,901,123456,FER,(effettuata,5,CAPPELLA MORERI,20:08
C0645,901,123456,FER,(effettuata,6,BRICHERASIO,20:10
C0645,901,123456,FER,(effettuata,7,PONTE BIBIANA/FS,20:15
C0645,901,123456,FER,(effettuata,8,LUSERNA - piazza Partigiani,20:20
C0645,901,123456,FER,(effettuata,9,TORRE PELLICE,20:25
C0646,901,78,FEST,giorni,1,TORRE PELLICE,20:30
C0646,901,78,FEST,giorni,2,S. MARGHERITA,20:35
C0646,901,78,FEST,giorni,3,SEGG. VANDALINO,20:36
C0646,901,78,FEST,giorni,4,CHABRIOLS,20:39
C0646,901,78,FEST,giorni,5,VILLAR PELLICE,20:41
C0646,901,78,FEST,giorni,6,BOBBIO PELLICE,20:46
C0647,901,123456,FER,non,1,PINEROLO - Centro Studi,21:42
C0647,901,123456,FER,non,2,PINEROLO Movicentro,21:50
C0647,901,123456,FER,non,3,SAN SECONDO BIVIO BIMA,22:02
C0647,901,123456,FER,non,4,SAN SECONDO CANTINE,22:04
C0647,901,123456,FER,non,5,CAPPELLA MORERI,22:05
C0647,901,123456,FER,non,6,BRICHERASIO,22:07
C0647,901,123456,FER,non,7,PONTE BIBIANA/FS,22:11
C0647,901,123456,FER,non,8,LUSERNA - piazza Partigiani,22:16
C0647,901,123456,FER,non,9,TORRE PELLICE,22:20
C0648,285,,SCO,SCOL,1,OULX - Stazione FS,6:30
C0648,285,,SCO,SCOL,2,AMAZAS,6:38
C0648,285,,SCO,SCOL,3,FENILS,6:42
C0648,285,,SCO,SCOL,4,CESANA,6:50
C0648,285,,SCO,SCOL,5,CLAVIERE,7:05
C0649,285,,FER,,1,OULX - Stazione FS,6:45
C0649,285,,FER,,2,AMAZAS,6:53
C0649,285,,FER,,3,FENILS,6:59
C0649,285,,FER,,4,CESANA,7:05
C0649,285,,FER,,5,Bivio SEGUIN,7:15
C0649,285,,FER,,6,SESTRIERE,7:30
C0649,285,,FER,,7,PINEROLO - Stazione FS,9:12
C0649,285,,FER,,8,TO - Autostazione c.so Bolzano,10:19
C0650,285,,FEST,,1,OULX - Stazione FS,7:15
C0650,285,,FEST,,2,AMAZAS,7:23
C0650,285,,FEST,,3,FENILS,7:29
C0650,285,,FEST,,4,CESANA,7:35
C0650,285,,FEST,,5,Bivio SEGUIN,7:45
C0650,285,,FEST,,6,SESTRIERE,8:00
C0651,285,,FEST,25dic.,1,PINEROLO - Stazione FS,9:46
C0651,285,,FEST,25dic.,2,TO - Autostazione c.so Bolzano,10:49
C0652,285,,FER,,1,OULX - Stazione FS,7:50
C0652,285,,FER,,2,AMAZAS,7:58
C0652,285,,FER,,3,FENILS,8:04
C0652,285,,FER,,4,CESANA,8:10
C0652,285,,FER,,5,CLAVIERE,-
C0652,285,,FER,,6,Bivio SEGUIN,8:20
C0652,285,,FER,,7,SESTRIERE,8:35
C0653,285,,FER,,1,OULX - Stazione FS,8:45
C0653,285,,FER,,2,AMAZAS,8:53
C0653,285,,FER,,3,FENILS,8:59
C0653,285,,FER,,4,CESANA,9:05
C0653,285,,FER,,5,SAUZE DI CESANA,9:15
C0653,285,,FER,,6,SESTRIERE,9:30
C0653,285,,FER,,7,PINEROLO - Stazione FS,11:12
C0653,285,,FER,,8,TO - Autostazione c.so Bolzano,12:19
C0654,285,,FEST,,1,OULX - Stazione FS,9:15
C0654,285,,FEST,,2,AMAZAS,9:23
C0654,285,,FEST,,3,FENILS,9:29
C0654,285,,FEST,,4,CESANA,9:35
C0654,285,,FEST,,5,Bivio SEGUIN,9:45
C0654,285,,FEST,,6,SESTRIERE,10:00
C0654,285,,FEST,,7,PINEROLO - Stazione FS,11:42
C0655,285,,FEST,25dic.,1,OULX - Stazione FS,9:15
C0655,285,,FEST,25dic.,2,AMAZAS,9:23
C0655,285,,FEST,25dic.,3,FENILS,9:29
C0655,285,,FEST,25dic.,4,CESANA,9:35
C0655,285,,FEST,25dic.,5,Bivio SEGUIN,9:45
C0655,285,,FEST,25dic.,6,SESTRIERE,10:00
C0656,285,,FEST,,1,OULX - Stazione FS,9:15
C0656,285,,FEST,,2,AMAZAS,9:23
C0656,285,,FEST,,3,FENILS,9:29
C0656,285,,FEST,,4,CESANA,9:35
C0656,285,,FEST,,5,SAUZE DI CESANA,9:45
C0656,285,,FEST,,6,SESTRIERE,10:00
C0656,285,,FEST,,7,PINEROLO - Stazione FS,11:42
C0657,285,,GG,,1,OULX - Stazione FS,10:40
C0657,285,,GG,,2,AMAZAS,10:48
C0657,285,,GG,,3,FENILS,10:54
C0657,285,,GG,,4,CESANA,11:00
C0657,285,,GG,,5,SAUZE DI CESANA,-
C0657,285,,GG,,6,CLAVIERE,11:15
C0658,285,,FEST,,1,OULX - Stazione FS,11:15
C0658,285,,FEST,,2,AMAZAS,11:23
C0658,285,,FEST,,3,FENILS,11:29
C0658,285,,FEST,,4,CESANA,11:35
C0658,285,,FEST,,5,Bivio SEGUIN,11:45
C0658,285,,FEST,,6,SESTRIERE,12:00
C0658,285,,FEST,,7,PINEROLO - Stazione FS,13:42
C0658,285,,FEST,,8,TO - Autostazione c.so Bolzano,14:49
C0659,285,,FEST,,1,OULX - Stazione FS,11:15
C0659,285,,FEST,,2,AMAZAS,11:23
C0659,285,,FEST,,3,FENILS,11:29
C0659,285,,FEST,,4,CESANA,11:35
C0659,285,,FEST,,5,SAUZE DI CESANA,11:45
C0659,285,,FEST,,6,SESTRIERE,12:00
C0659,285,,FEST,,7,PINEROLO - Stazione FS,13:42
C0659,285,,FEST,,8,TO - Autostazione c.so Bolzano,14:49
C0660,285,,SCO,SCOL,1,OULX - Stazione FS,11:20
C0660,285,,SCO,SCOL,2,AMAZAS,11:28
C0660,285,,SCO,SCOL,3,FENILS,11:34
C0660,285,,SCO,SCOL,4,CESANA,11:40
C0660,285,,SCO,SCOL,5,CLAVIERE,11:55
C0661,285,,FER,,1,OULX - Stazione FS,11:45
C0661,285,,FER,,2,AMAZAS,11:53
C0661,285,,FER,,3,FENILS,11:59
C0661,285,,FER,,4,CESANA,12:05
C0661,285,,FER,,5,SAUZE DI CESANA,12:15
C0661,285,,FER,,6,SESTRIERE,12:30
C0661,285,,FER,,7,PINEROLO - Stazione FS,14:12
C0661,285,,FER,,8,TO - Autostazione c.so Bolzano,15:19
C0662,285,,GG,,1,CESANA,11:00
C0662,285,,GG,,2,SAUZE DI CESANA,-
C0662,285,,GG,,3,CLAVIERE,-
C0662,285,,GG,,4,Bivio SEGUIN,11:10
C0662,285,,GG,,5,SESTRIERE,11:25
C0663,285,,SCO,SCOL,1,OULX - Stazione FS,13:05
C0663,285,,SCO,SCOL,2,OULX -Scuole,13:07
C0663,285,,SCO,SCOL,3,AMAZAS,13:13
C0663,285,,SCO,SCOL,4,FENILS,13:19
C0663,285,,SCO,SCOL,5,CESANA,13:25
C0663,285,,SCO,SCOL,6,SAUZE DI CESANA,-
C0663,285,,SCO,SCOL,7,CLAVIERE,13:40
C0664,285,,SCO,SCOL,1,OULX - Stazione FS,13:05
C0664,285,,SCO,SCOL,2,OULX -Scuole,13:07
C0664,285,,SCO,SCOL,3,AMAZAS,13:13
C0664,285,,SCO,SCOL,4,FENILS,13:22
C0664,285,,SCO,SCOL,5,CESANA,13:30
C0664,285,,SCO,SCOL,6,Bivio SEGUIN,13:35
C0664,285,,SCO,SCOL,7,SESTRIERE,13:50
C0665,285,,FER,NS,1,OULX - Stazione FS,13:05
C0665,285,,FER,NS,2,AMAZAS,13:13
C0665,285,,FER,NS,3,FENILS,13:22
C0665,285,,FER,NS,4,CESANA,13:30
C0665,285,,FER,NS,5,Bivio SEGUIN,13:35
C0665,285,,FER,NS,6,SESTRIERE,13:50
C0666,285,,SCO,SCOL*,1,SESTRIERE,13:50
C0666,285,,SCO,SCOL*,2,PINEROLO - Stazione FS,16:12
C0666,285,,SCO,SCOL*,3,TO - Autostazione c.so Bolzano,17:19
C0667,285,,SCO,SCOL,1,OULX - Stazione FS,13:05
C0667,285,,SCO,SCOL,2,OULX -Scuole,13:07
C0667,285,,SCO,SCOL,3,AMAZAS,13:13
C0667,285,,SCO,SCOL,4,FENILS,13:19
C0667,285,,SCO,SCOL,5,CESANA,13:25
C0668,285,,FER,NS,1,OULX - Stazione FS,13:05
C0668,285,,FER,NS,2,AMAZAS,13:13
C0668,285,,FER,NS,3,FENILS,13:19
C0668,285,,FER,NS,4,CESANA,13:25
C0669,285,,FEST,,1,OULX - Stazione FS,13:15
C0669,285,,FEST,,2,AMAZAS,13:23
C0669,285,,FEST,,3,FENILS,13:29
C0669,285,,FEST,,4,CESANA,13:35
C0669,285,,FEST,,5,Bivio SEGUIN,13:45
C0669,285,,FEST,,6,SESTRIERE,14:00
C0669,285,,FEST,,7,PINEROLO - Stazione FS,15:42
C0669,285,,FEST,,8,TO - Autostazione c.so Bolzano,16:49
C0670,285,,FER,,1,OULX - Stazione FS,13:45
C0670,285,,FER,,2,AMAZAS,13:53
C0670,285,,FER,,3,FENILS,13:59
C0670,285,,FER,,4,CESANA,14:05
C0670,285,,FER,,5,Bivio SEGUIN,14:15
C0670,285,,FER,,6,SESTRIERE,14:30
C0671,285,,FER,NS,1,SESTRIERE,14:30
C0671,285,,FER,NS,2,PINEROLO - Stazione FS,16:12
C0671,285,,FER,NS,3,TO - Autostazione c.so Bolzano,17:19
C0672,285,,FER,,1,CESANA,13:25
C0672,285,,FER,,2,SAUZE DI CESANA,13:35
C0673,285,,FER,INV,1,CESANA,15:10
C0673,285,,FER,INV,2,SAUZE DI CESANA,-
C0673,285,,FER,INV,3,CLAVIERE,15:25
C0674,285,,FER,INV,1,CESANA,15:35
C0674,285,,FER,INV,2,SAUZE DI CESANA,-
C0674,285,,FER,INV,3,CLAVIERE,15:50
C0675,285,,FER,25/12,1,OULX - Stazione FS,14:45
C0675,285,,FER,25/12,2,AMAZAS,14:53
C0675,285,,FER,25/12,3,FENILS,14:59
C0675,285,,FER,25/12,4,CESANA,15:05
C0675,285,,FER,25/12,5,SAUZE DI CESANA,-
C0675,285,,FER,25/12,6,CLAVIERE,-
C0675,285,,FER,25/12,7,Bivio SEGUIN,15:15
C0675,285,,FER,25/12,8,SESTRIERE,15:30
C0675,285,,FER,25/12,9,PINEROLO - Stazione FS,17:12
C0675,285,,FER,25/12,10,TO - Autostazione c.so Bolzano,18:19
C0676,285,,FEST,,1,CESANA,15:35
C0676,285,,FEST,,2,SAUZE DI CESANA,-
C0676,285,,FEST,,3,CLAVIERE,15:50
C0677,285,,FEST,,1,OULX - Stazione FS,15:15
C0677,285,,FEST,,2,AMAZAS,15:23
C0677,285,,FEST,,3,FENILS,15:29
C0677,285,,FEST,,4,CESANA,15:35
C0677,285,,FEST,,5,Bivio SEGUIN,15:45
C0677,285,,FEST,,6,SESTRIERE,16:00
C0677,285,,FEST,,7,PINEROLO - Stazione FS,17:42
C0677,285,,FEST,,8,TO - Autostazione c.so Bolzano,18:49
C0678,285,,FER,EST,1,OULX - Stazione FS,15:15
C0678,285,,FER,EST,2,AMAZAS,15:23
C0678,285,,FER,EST,3,FENILS,15:29
C0678,285,,FER,EST,4,CESANA,15:35
C0678,285,,FER,EST,5,SAUZE DI CESANA,-
C0678,285,,FER,EST,6,CLAVIERE,15:50
C0679,285,,FER,,1,OULX - Stazione FS,15:45
C0679,285,,FER,,2,AMAZAS,15:53
C0679,285,,FER,,3,FENILS,15:59
C0679,285,,FER,,4,CESANA,16:05
C0679,285,,FER,,5,SAUZE DI CESANA,-
C0679,285,,FER,,6,CLAVIERE,-
C0679,285,,FER,,7,Bivio SEGUIN,16:15
C0679,285,,FER,,8,SESTRIERE,16:30
C0680,285,,FER,INV,1,OULX - Stazione FS,16:45
C0680,285,,FER,INV,2,AMAZAS,16:53
C0680,285,,FER,INV,3,FENILS,16.59
C0680,285,,FER,INV,4,CESANA,17:05
C0680,285,,FER,INV,5,SAUZE DI CESANA,-
C0680,285,,FER,INV,6,CLAVIERE,-
C0680,285,,FER,INV,7,Bivio SEGUIN,17:20
C0680,285,,FER,INV,8,SESTRIERE,17:30
C0680,285,,FER,INV,9,PINEROLO - Stazione FS,19:12
C0680,285,,FER,INV,10,TO - Autostazione c.so Bolzano,20:19
C0681,285,,FER,EST,1,OULX - Stazione FS,16:45
C0681,285,,FER,EST,2,AMAZAS,16:53
C0681,285,,FER,EST,3,FENILS,16.59
C0681,285,,FER,EST,4,CESANA,17:05
C0681,285,,FER,EST,5,SAUZE DI CESANA,17:15
C0681,285,,FER,EST,6,CLAVIERE,-
C0681,285,,FER,EST,7,SESTRIERE,17:30
C0681,285,,FER,EST,8,PINEROLO - Stazione FS,19:12
C0681,285,,FER,EST,9,TO - Autostazione c.so Bolzano,20:19
C0682,285,,FEST,,1,OULX - Stazione FS,17:15
C0682,285,,FEST,,2,AMAZAS,17:23
C0682,285,,FEST,,3,FENILS,17.29
C0682,285,,FEST,,4,CESANA,17:35
C0682,285,,FEST,,5,SESTRIERE,18:00
C0683,285,,FEST,25dic.,1,OULX - Stazione FS,17:15
C0683,285,,FEST,25dic.,2,AMAZAS,17:23
C0683,285,,FEST,25dic.,3,FENILS,17.29
C0683,285,,FEST,25dic.,4,CESANA,17:35
C0683,285,,FEST,25dic.,5,Bivio SEGUIN,17:50
C0683,285,,FEST,25dic.,6,SESTRIERE,18:00
C0684,285,,FEST,,1,OULX - Stazione FS,17:15
C0684,285,,FEST,,2,AMAZAS,17:23
C0684,285,,FEST,,3,FENILS,17.29
C0684,285,,FEST,,4,CESANA,17:35
C0684,285,,FEST,,5,SAUZE DI CESANA,17:45
C0684,285,,FEST,,6,SESTRIERE,18:00
C0684,285,,FEST,,7,PINEROLO - Stazione FS,19:42
C0684,285,,FEST,,8,TO - Autostazione c.so Bolzano,20:49
C0685,285,,FER,,1,OULX - Stazione FS,17:45
C0685,285,,FER,,2,AMAZAS,17:53
C0685,285,,FER,,3,FENILS,17:59
C0685,285,,FER,,4,CESANA,18:05
C0685,285,,FER,,5,SAUZE DI CESANA,-
C0685,285,,FER,,6,CLAVIERE,-
C0685,285,,FER,,7,Bivio SEGUIN,18:15
C0685,285,,FER,,8,SESTRIERE,18:30
C0686,285,,FER,,1,OULX - Stazione FS,18:45
C0686,285,,FER,,2,AMAZAS,18:53
C0686,285,,FER,,3,FENILS,18:59
C0686,285,,FER,,4,CESANA,19:05
C0686,285,,FER,,5,Bivio SEGUIN,19:15
C0686,285,,FER,,6,SESTRIERE,19:30
C0686,285,,FER,,7,PINEROLO - Stazione FS,21:12
C0686,285,,FER,,8,TO - Autostazione c.so Bolzano,22:19
C0687,285,,FEST,,1,OULX - Stazione FS,19:15
C0687,285,,FEST,,2,AMAZAS,19:23
C0687,285,,FEST,,3,FENILS,19:29
C0687,285,,FEST,,4,CESANA,19:35
C0687,285,,FEST,,5,Bivio SEGUIN,19:45
C0687,285,,FEST,,6,SESTRIERE,20:00
C0687,285,,FEST,,7,PINEROLO - Stazione FS,21:42
C0687,285,,FEST,,8,TO - Autostazione c.so Bolzano,22:49
C0688,285,123456,FER,,1,CESANA,6:00
C0688,285,123456,FER,,2,FENILS,6:06
C0688,285,123456,FER,,3,AMAZAS,6:12
C0688,285,123456,FER,,4,OULX - piazza Garambois,6:18
C0688,285,123456,FER,,5,OULX - Stazione FS,6:20
C0689,285,123456,SCO,SCOL,1,PINEROLO - piazza Cavour,5:50
C0689,285,123456,SCO,SCOL,2,SESTRIERE,7:00
C0689,285,123456,SCO,SCOL,3,Bivio SEGUIN,7:15
C0689,285,123456,SCO,SCOL,4,CESANA,7:25
C0689,285,123456,SCO,SCOL,5,FENILS,7:31
C0689,285,123456,SCO,SCOL,6,AMAZAS,7:37
C0689,285,123456,SCO,SCOL,7,OULX - piazza Garambois,7.42
C0689,285,123456,SCO,SCOL,8,OULX -Scuole,7:43
C0689,285,123456,SCO,SCOL,9,OULX - Stazione FS,7:45
C0690,285,123456,FER,NS,1,PINEROLO - piazza Cavour,5:50
C0690,285,123456,FER,NS,2,SESTRIERE,7:00
C0690,285,123456,FER,NS,3,Bivio SEGUIN,7:15
C0690,285,123456,FER,NS,4,CESANA,7:25
C0690,285,123456,FER,NS,5,FENILS,7:31
C0690,285,123456,FER,NS,6,AMAZAS,7:37
C0690,285,123456,FER,NS,7,OULX - piazza Garambois,7.42
C0690,285,123456,FER,NS,8,OULX - Stazione FS,7:45
C0691,285,8,FEST,,1,PINEROLO - piazza Cavour,6:54
C0691,285,8,FEST,,2,SESTRIERE,8:04
C0691,285,8,FEST,,3,Bivio SEGUIN,8:19
C0691,285,8,FEST,,4,CESANA,8:29
C0691,285,8,FEST,,5,FENILS,8:35
C0691,285,8,FEST,,6,AMAZAS,8:41
C0691,285,8,FEST,,7,OULX - Stazione FS,8:49
C0692,285,123456,SCO,SCOL,1,CLAVIERE,7:10
C0692,285,123456,SCO,SCOL,2,SAUZE DI CESANA,-
C0692,285,123456,SCO,SCOL,3,CESANA,7:24
C0692,285,123456,SCO,SCOL,4,FENILS,7:29
C0692,285,123456,SCO,SCOL,5,AMAZAS,7.33
C0692,285,123456,SCO,SCOL,6,OULX - piazza Garambois,7.38
C0692,285,123456,SCO,SCOL,7,OULX -Scuole,7:43
C0692,285,123456,SCO,SCOL,8,OULX - Stazione FS,7.45
C0693,285,123456,SCO,SCOL,1,CESANA,7:25
C0693,285,123456,SCO,SCOL,2,FENILS,7:31
C0693,285,123456,SCO,SCOL,3,AMAZAS,7:37
C0693,285,123456,SCO,SCOL,4,OULX - piazza Garambois,7:42
C0693,285,123456,SCO,SCOL,5,OULX -Scuole,7:43
C0693,285,123456,SCO,SCOL,6,OULX - Stazione FS,7:45
C0694,285,123456,FER,NS,1,CESANA,7:25
C0694,285,123456,FER,NS,2,FENILS,7:31
C0694,285,123456,FER,NS,3,AMAZAS,7:37
C0694,285,123456,FER,NS,4,OULX - piazza Garambois,7:42
C0694,285,123456,FER,NS,5,OULX - Stazione FS,7:45
C0695,285,123456,FER,,1,SAUZE DI CESANA,7:15
C0695,285,123456,FER,,2,CESANA,7:25
C0696,285,123456,FER,,1,SESTRIERE,8:35
C0696,285,123456,FER,,2,Bivio SEGUIN,8:50
C0696,285,123456,FER,,3,CESANA,9:00
C0696,285,123456,FER,,4,FENILS,9:06
C0696,285,123456,FER,,5,AMAZAS,9:12
C0696,285,123456,FER,,6,OULX - Stazione FS,9:20
C0697,285,123456,FER,INV,1,TO - Autostazione c.so Bolzano,6:41
C0697,285,123456,FER,INV,2,PINEROLO - Stazione FS,7:44
C0697,285,123456,FER,INV,3,PINEROLO - piazza Cavour,8:20
C0697,285,123456,FER,INV,4,SESTRIERE,9:30
C0697,285,123456,FER,INV,5,Bivio SEGUIN,-
C0697,285,123456,FER,INV,6,CLAVIERE,-
C0697,285,123456,FER,INV,7,SAUZE DI CESANA,9:45
C0697,285,123456,FER,INV,8,CESANA,9:55
C0697,285,123456,FER,INV,9,FENILS,10:01
C0697,285,123456,FER,INV,10,AMAZAS,10:07
C0697,285,123456,FER,INV,11,OULX - Stazione FS,10:15
C0698,285,123456,FER,EST,1,TO - Autostazione c.so Bolzano,6:41
C0698,285,123456,FER,EST,2,PINEROLO - Stazione FS,7:44
C0698,285,123456,FER,EST,3,PINEROLO - piazza Cavour,8:20
C0698,285,123456,FER,EST,4,SESTRIERE,9:30
C0698,285,123456,FER,EST,5,Bivio SEGUIN,9:45
C0698,285,123456,FER,EST,6,CLAVIERE,-
C0698,285,123456,FER,EST,7,SAUZE DI CESANA,-
C0698,285,123456,FER,EST,8,CESANA,9:55
C0698,285,123456,FER,EST,9,FENILS,10:01
C0698,285,123456,FER,EST,10,AMAZAS,10:07
C0698,285,123456,FER,EST,11,OULX - Stazione FS,10:15
C0699,285,8,FEST,,1,TO - Autostazione c.so Bolzano,7:15
C0699,285,8,FEST,,2,PINEROLO - Stazione FS,8:18
C0699,285,8,FEST,,3,PINEROLO - piazza Cavour,8:54
C0699,285,8,FEST,,4,SESTRIERE,10:04
C0699,285,8,FEST,,5,Bivio SEGUIN,10:19
C0699,285,8,FEST,,6,CESANA,10:29
C0699,285,8,FEST,,7,FENILS,10:35
C0699,285,8,FEST,,8,AMAZAS,10:41
C0699,285,8,FEST,,9,OULX - Stazione FS,10:49
C0700,285,123456,GG,INV,1,TO - Autostazione c.so Bolzano,7:41
C0700,285,123456,GG,INV,2,PINEROLO - Stazione FS,8:44
C0700,285,123456,GG,INV,3,PINEROLO - piazza Cavour,9:20
C0700,285,123456,GG,INV,4,SESTRIERE,10:30
C0700,285,123456,GG,INV,5,Bivio SEGUIN,10:45
C0700,285,123456,GG,INV,6,CLAVIERE,-
C0700,285,123456,GG,INV,7,SAUZE DI CESANA,-
C0700,285,123456,GG,INV,8,CESANA,10:55
C0700,285,123456,GG,INV,9,FENILS,11:01
C0700,285,123456,GG,INV,10,AMAZAS,11:07
C0700,285,123456,GG,INV,11,OULX - Stazione FS,11:15
C0701,285,123456,FER,EST,1,TO - Autostazione c.so Bolzano,7:41
C0701,285,123456,FER,EST,2,PINEROLO - Stazione FS,8:44
C0701,285,123456,FER,EST,3,PINEROLO - piazza Cavour,9:20
C0701,285,123456,FER,EST,4,SESTRIERE,10:30
C0701,285,123456,FER,EST,5,Bivio SEGUIN,-
C0701,285,123456,FER,EST,6,CLAVIERE,-
C0701,285,123456,FER,EST,7,SAUZE DI CESANA,10:45
C0701,285,123456,FER,EST,8,CESANA,10:55
C0701,285,123456,FER,EST,9,FENILS,11:01
C0701,285,123456,FER,EST,10,AMAZAS,11:07
C0701,285,123456,FER,EST,11,OULX - Stazione FS,11:15
C0702,285,12345,FER,,1,CLAVIERE,11:15
C0702,285,12345,FER,,2,SAUZE DI CESANA,-
C0702,285,12345,FER,,3,CESANA,11:30
C0702,285,12345,FER,,4,FENILS,11:36
C0702,285,12345,FER,,5,AMAZAS,11:42
C0702,285,12345,FER,,6,OULX - Stazione FS,11:50
C0703,285,8,FEST,,1,TO - Autostazione c.so Bolzano,9:15
C0703,285,8,FEST,,2,PINEROLO - Stazione FS,10:18
C0703,285,8,FEST,,3,PINEROLO - piazza Cavour,10:54
C0703,285,8,FEST,,4,SESTRIERE,12:04
C0703,285,8,FEST,,5,Bivio SEGUIN,12:19
C0703,285,8,FEST,,6,CESANA,12:29
C0703,285,8,FEST,,7,FENILS,12:35
C0703,285,8,FEST,,8,AMAZAS,12:41
C0703,285,8,FEST,,9,OULX - Stazione FS,12:49
C0704,285,8,FEST,,1,TO - Autostazione c.so Bolzano,9:15
C0704,285,8,FEST,,2,PINEROLO - Stazione FS,10:18
C0704,285,8,FEST,,3,PINEROLO - piazza Cavour,10:54
C0704,285,8,FEST,,4,SESTRIERE,12:04
C0704,285,8,FEST,,5,SAUZE DI CESANA,12:19
C0704,285,8,FEST,,6,CESANA,12:29
C0704,285,8,FEST,,7,FENILS,12:35
C0704,285,8,FEST,,8,AMAZAS,12:41
C0704,285,8,FEST,,9,OULX - Stazione FS,12:49
C0705,285,,FEST,25dic.,1,SESTRIERE,12:04
C0705,285,,FEST,25dic.,2,Bivio SEGUIN,12:19
C0705,285,,FEST,25dic.,3,CESANA,12:29
C0705,285,,FEST,25dic.,4,FENILS,12:35
C0705,285,,FEST,25dic.,5,AMAZAS,12:41
C0705,285,,FEST,25dic.,6,OULX - Stazione FS,12:49
C0706,285,123456,FER,INV,1,SESTRIERE,12:04
C0706,285,123456,FER,INV,2,Bivio SEGUIN,12:19
C0706,285,123456,FER,INV,3,CESANA,12:29
C0706,285,123456,FER,INV,4,FENILS,12:35
C0706,285,123456,FER,INV,5,AMAZAS,12:41
C0706,285,123456,FER,INV,6,OULX - Stazione FS,12:49
C0707,285,123456,FER,EST,1,SESTRIERE,12:04
C0707,285,123456,FER,EST,2,SAUZE DI CESANA,12:19
C0707,285,123456,FER,EST,3,CESANA,12:29
C0707,285,123456,FER,EST,4,FENILS,12:35
C0707,285,123456,FER,EST,5,AMAZAS,12:41
C0707,285,123456,FER,EST,6,OULX - Stazione FS,12:49
C0708,285,12345,SCO,SCOL,1,CLAVIERE,11:55
C0708,285,12345,SCO,SCOL,2,CESANA,12:09
C0708,285,12345,SCO,SCOL,3,FENILS,12:16
C0708,285,12345,SCO,SCOL,4,AMAZAS,12:22
C0708,285,12345,SCO,SCOL,5,OULX - piazza Garambois,12:28
C0708,285,12345,SCO,SCOL,6,OULX - Stazione FS,12:30
C0709,285,123456,FER,,1,TO - Autostazione c.so Bolzano,9:41
C0709,285,123456,FER,,2,PINEROLO - Stazione FS,10:44
C0709,285,123456,FER,,3,PINEROLO - piazza Cavour,11:20
C0709,285,123456,FER,,4,SESTRIERE,12:30
C0709,285,123456,FER,,5,Bivio SEGUIN,12:45
C0709,285,123456,FER,,6,CLAVIERE,-
C0709,285,123456,FER,,7,SAUZE DI CESANA,-
C0709,285,123456,FER,,8,CESANA,12:55
C0709,285,123456,FER,,9,FENILS,13:01
C0709,285,123456,FER,,10,AMAZAS,13:07
C0709,285,123456,FER,,11,OULX - Stazione FS,13:15
C0710,285,123456,FER,,1,SAUZE DI CESANA,13:40
C0710,285,123456,FER,,2,CESANA,13:50
C0711,285,123456,SCO,SCOL,1,CLAVIERE,13:50
C0711,285,123456,SCO,SCOL,2,SAUZE DI CESANA,-
C0711,285,123456,SCO,SCOL,3,CESANA,14:05
C0712,285,123456,FER,dicembre,1,CESANA,14:05
C0712,285,123456,FER,dicembre,2,FENILS,14:11
C0712,285,123456,FER,dicembre,3,OULX - Stazione FS,14:25
C0713,285,8,FEST,service,1,PINEROLO - piazza Cavour,12:24
C0713,285,8,FEST,service,2,SESTRIERE,14:04
C0713,285,8,FEST,service,3,Bivio SEGUIN,14:19
C0713,285,8,FEST,service,4,CESANA,14:29
C0713,285,8,FEST,service,5,FENILS,14:35
C0713,285,8,FEST,service,6,OULX - Stazione FS,14:49
C0714,285,123456,FER,25/12,1,TO - Autostazione c.so Bolzano,11:41
C0714,285,123456,FER,25/12,2,PINEROLO - Stazione FS,12:44
C0714,285,123456,FER,25/12,3,SESTRIERE,14:30
C0714,285,123456,FER,25/12,4,Bivio SEGUIN,14:45
C0714,285,123456,FER,25/12,5,CLAVIERE,-
C0714,285,123456,FER,25/12,6,SAUZE DI CESANA,-
C0714,285,123456,FER,25/12,7,CESANA,14:55
C0714,285,123456,FER,25/12,8,FENILS,15:01
C0714,285,123456,FER,25/12,9,OULX - Stazione FS,15:15
C0715,285,8,FEST,,1,SESTRIERE,15:00
C0715,285,8,FEST,,2,Bivio SEGUIN,15:15
C0715,285,8,FEST,,3,CLAVIERE,-
C0715,285,8,FEST,,4,SAUZE DI CESANA,-
C0715,285,8,FEST,,5,CESANA,15:25
C0716,285,,GG,,1,CLAVIERE,15:50
C0716,285,,GG,,2,SAUZE DI CESANA,-
C0716,285,,GG,,3,CESANA,16:05
C0716,285,,GG,,4,FENILS,16:11
C0716,285,,GG,,5,OULX - Stazione FS,16:25
C0717,285,12345,FER,INV,1,CLAVIERE,15:25
C0717,285,12345,FER,INV,2,SAUZE DI CESANA,-
C0717,285,12345,FER,INV,3,CESANA,15:35
C0718,285,123456,FER,,1,SESTRIERE,15:30
C0718,285,123456,FER,,2,Bivio SEGUIN,15:45
C0718,285,123456,FER,,3,CESANA,15:55
C0718,285,123456,FER,,4,FENILS,16:01
C0718,285,123456,FER,,5,OULX - Stazione FS,16:15
C0719,285,8,FEST,,1,PINEROLO - piazza Cavour,14:24
C0719,285,8,FEST,,2,SESTRIERE,16:04
C0719,285,8,FEST,,3,Bivio SEGUIN,16:19
C0719,285,8,FEST,,4,CESANA,16:29
C0719,285,8,FEST,,5,FENILS,16:35
C0719,285,8,FEST,,6,OULX - Stazione FS,16:49
C0720,285,123456,FER,,1,TO - Autostazione c.so Bolzano,13:41
C0720,285,123456,FER,,2,PINEROLO - Stazione FS,14:44
C0720,285,123456,FER,,3,SESTRIERE,16:30
C0720,285,123456,FER,,4,Bivio SEGUIN,16:45
C0720,285,123456,FER,,5,CLAVIERE,-
C0720,285,123456,FER,,6,SAUZE DI CESANA,-
C0720,285,123456,FER,,7,CESANA,16:55
C0720,285,123456,FER,,8,FENILS,17:01
C0720,285,123456,FER,,9,OULX - Stazione FS,17:15
C0721,285,123456,FER,,1,SESTRIERE,17:30
C0721,285,123456,FER,,2,Bivio SEGUIN,-
C0721,285,123456,FER,,3,CLAVIERE,-
C0721,285,123456,FER,,4,SAUZE DI CESANA,17:50
C0721,285,123456,FER,,5,CESANA,18:00
C0721,285,123456,FER,,6,FENILS,18:06
C0721,285,123456,FER,,7,AMAZAS,18:15
C0721,285,123456,FER,,8,OULX - piazza Garambois,-
C0721,285,123456,FER,,9,OULX - Stazione FS,18:20
C0722,285,8,FEST,,1,TO - Autostazione c.so Bolzano,15:15
C0722,285,8,FEST,,2,PINEROLO - Stazione FS,16:18
C0722,285,8,FEST,,3,SESTRIERE,18:04
C0722,285,8,FEST,,4,Bivio SEGUIN,18:19
C0722,285,8,FEST,,5,CESANA,18:29
C0722,285,8,FEST,,6,FENILS,18:35
C0722,285,8,FEST,,7,OULX - Stazione FS,18:49
C0723,285,,FEST,25dic.,1,SESTRIERE,18:04
C0723,285,,FEST,25dic.,2,Bivio SEGUIN,18:19
C0723,285,,FEST,25dic.,3,CESANA,18:29
C0723,285,,FEST,25dic.,4,FENILS,18:35
C0723,285,,FEST,25dic.,5,OULX - Stazione FS,18:49
C0724,285,8,FEST,,1,TO - Autostazione c.so Bolzano,15:15
C0724,285,8,FEST,,2,PINEROLO - Stazione FS,16:18
C0724,285,8,FEST,,3,SESTRIERE,18:04
C0724,285,8,FEST,,4,SAUZE DI CESANA,18:19
C0724,285,8,FEST,,5,CESANA,18:29
C0724,285,8,FEST,,6,FENILS,18:35
C0724,285,8,FEST,,7,OULX - Stazione FS,18:49
C0725,285,123456,FER,,1,TO - Autostazione c.so Bolzano,16:41
C0725,285,123456,FER,,2,PINEROLO - Stazione FS,17:44
C0725,285,123456,FER,,3,SESTRIERE,19:30
C0725,285,123456,FER,,4,Bivio SEGUIN,19:45
C0725,285,123456,FER,,5,CLAVIERE,-
C0725,285,123456,FER,,6,SAUZE DI CESANA,-
C0725,285,123456,FER,,7,CESANA,19:55
C0725,285,123456,FER,,8,FENILS,20:01
C0725,285,123456,FER,,9,OULX - piazza Garambois,-
C0725,285,123456,FER,,10,OULX - Stazione FS,20:15
C0726,285,8,FEST,,1,TO - Autostazione c.so Bolzano,17:15
C0726,285,8,FEST,,2,PINEROLO - Stazione FS,18:18
C0726,285,8,FEST,,3,SESTRIERE,20:04
C0726,285,8,FEST,,4,Bivio SEGUIN,20:19
C0726,285,8,FEST,,5,CLAVIERE,-
C0726,285,8,FEST,,6,SAUZE DI CESANA,-
C0726,285,8,FEST,,7,CESANA,20:29
C0726,285,8,FEST,,8,FENILS,20:35
C0726,285,8,FEST,,9,OULX - Stazione FS,20:49
C0727,285,,FER,,1,OULX - Stazione FS,5:45
C0727,285,,FER,,2,SAN MARCO,5:50
C0727,285,,FER,,3,SAUZE D'OULX,6:00
C0728,285,,SCO,,1,OULX - Stazione FS,6:45
C0728,285,,SCO,,2,SAN MARCO,6:50
C0728,285,,SCO,,3,SAUZE D'OULX,7:00
C0729,285,,FER,,1,OULX - Stazione FS,7:50
C0729,285,,FER,,2,SAN MARCO,7:55
C0729,285,,FER,,3,SAUZE D'OULX,8:05
C0730,285,,FEST,,1,OULX - Stazione FS,8:15
C0730,285,,FEST,,2,SAN MARCO,8:20
C0730,285,,FEST,,3,SAUZE D'OULX,8:30
C0731,285,,FER,,1,OULX - Stazione FS,8:45
C0731,285,,FER,,2,SAN MARCO,8:50
C0731,285,,FER,,3,SAUZE D'OULX,9:00
C0732,285,,FEST,,1,OULX - Stazione FS,9:15
C0732,285,,FEST,,2,SAN MARCO,9:20
C0732,285,,FEST,,3,SAUZE D'OULX,9:30
C0733,285,,FER,,1,OULX - Stazione FS,9:45
C0733,285,,FER,,2,SAN MARCO,9:50
C0733,285,,FER,,3,SAUZE D'OULX,10:00
C0734,285,,FEST,,1,OULX - Stazione FS,10:15
C0734,285,,FEST,,2,SAN MARCO,10:20
C0734,285,,FEST,,3,SAUZE D'OULX,10:30
C0735,285,,FER,,1,OULX - Stazione FS,10:45
C0735,285,,FER,,2,SAN MARCO,10:50
C0735,285,,FER,,3,SAUZE D'OULX,11:00
C0736,285,,FEST,,1,OULX - Stazione FS,11:15
C0736,285,,FEST,,2,SAN MARCO,11:20
C0736,285,,FEST,,3,SAUZE D'OULX,11:30
C0737,285,,FER,,1,OULX - Stazione FS,11:45
C0737,285,,FER,,2,SAN MARCO,11:50
C0737,285,,FER,,3,SAUZE D'OULX,12:00
C0738,285,,FER,,1,OULX - Stazione FS,12:30
C0738,285,,FER,,2,SAN MARCO,12:35
C0738,285,,FER,,3,SAUZE D'OULX,12:45
C0739,285,,SCO,,1,OULX - piazza Garambois,13:05
C0739,285,,SCO,,2,OULX -Scuole,13:07
C0739,285,,SCO,,3,SAN MARCO,13:10
C0739,285,,SCO,,4,SAUZE D'OULX,13:20
C0740,285,,FER,,1,OULX - Stazione FS,13:45
C0740,285,,FER,,2,SAN MARCO,13:50
C0740,285,,FER,,3,SAUZE D'OULX,14:00
C0741,285,,FEST,,1,OULX - Stazione FS,14:15
C0741,285,,FEST,,2,SAN MARCO,14:20
C0741,285,,FEST,,3,SAUZE D'OULX,14:30
C0742,285,,FER,,1,OULX - Stazione FS,14:55
C0742,285,,FER,,2,SAN MARCO,15:00
C0742,285,,FER,,3,SAUZE D'OULX,15:10
C0743,285,,SCO,,1,OULX - Stazione FS,15:05
C0743,285,,SCO,,2,SAN MARCO,15:10
C0743,285,,SCO,,3,SAUZE D'OULX,15:20
C0744,285,,FEST,,1,OULX - Stazione FS,15:15
C0744,285,,FEST,,2,SAN MARCO,15:20
C0744,285,,FEST,,3,SAUZE D'OULX,15:30
C0745,285,,FER,,1,OULX - Stazione FS,15:45
C0745,285,,FER,,2,SAN MARCO,15:50
C0745,285,,FER,,3,SAUZE D'OULX,16:00
C0746,285,,FER,,1,OULX - Stazione FS,16:45
C0746,285,,FER,,2,SAN MARCO,16:50
C0746,285,,FER,,3,SAUZE D'OULX,17:00
C0747,285,,FEST,,1,OULX - Stazione FS,17:15
C0747,285,,FEST,,2,SAN MARCO,17:20
C0747,285,,FEST,,3,SAUZE D'OULX,17:30
C0748,285,,FER,,1,OULX - Stazione FS,17:45
C0748,285,,FER,,2,SAN MARCO,17:50
C0748,285,,FER,,3,SAUZE D'OULX,18:00
C0749,285,,FEST,,1,OULX - Stazione FS,18:15
C0749,285,,FEST,,2,SAN MARCO,18:20
C0749,285,,FEST,,3,SAUZE D'OULX,18:30
C0750,285,,FER,,1,OULX - Stazione FS,18:45
C0750,285,,FER,,2,SAN MARCO,18:50
C0750,285,,FER,,3,SAUZE D'OULX,19:00
C0751,285,,FEST,,1,OULX - Stazione FS,19:15
C0751,285,,FEST,,2,SAN MARCO,19:20
C0751,285,,FEST,,3,SAUZE D'OULX,19:30
C0752,285,,FER,,1,OULX - Stazione FS,19:45
C0752,285,,FER,,2,SAN MARCO,19:50
C0752,285,,FER,,3,SAUZE D'OULX,20:00
C0753,285,,FER,,1,SAUZE D'OULX,6:00
C0753,285,,FER,,2,SAN MARCO,6:10
C0753,285,,FER,,3,OULX - Stazione FS,6:15
C0754,285,,SCO,,1,SAUZE D'OULX,7:25
C0754,285,,SCO,,2,SAN MARCO,7:35
C0754,285,,SCO,,3,OULX -Scuole,7:38
C0754,285,,SCO,,4,OULX - piazza Garambois,7:40
C0755,285,,FER,25/12,1,SAUZE D'OULX,8:05
C0755,285,,FER,25/12,2,SAN MARCO,8:15
C0755,285,,FER,25/12,3,OULX - Stazione FS,8:20
C0756,285,,FEST,,1,SAUZE D'OULX,8:30
C0756,285,,FEST,,2,SAN MARCO,8:40
C0756,285,,FEST,,3,OULX - Stazione FS,8:45
C0757,285,,FER,,1,SAUZE D'OULX,9:00
C0757,285,,FER,,2,SAN MARCO,9:10
C0757,285,,FER,,3,OULX - Stazione FS,9:15
C0758,285,,FEST,,1,SAUZE D'OULX,9:30
C0758,285,,FEST,,2,SAN MARCO,9:40
C0758,285,,FEST,,3,OULX - Stazione FS,9:45
C0759,285,,FER,,1,SAUZE D'OULX,10:00
C0759,285,,FER,,2,SAN MARCO,10:10
C0759,285,,FER,,3,OULX - Stazione FS,10:15
C0760,285,,FEST,,1,SAUZE D'OULX,10:30
C0760,285,,FEST,,2,SAN MARCO,10:40
C0760,285,,FEST,,3,OULX - Stazione FS,10:45
C0761,285,,FER,,1,SAUZE D'OULX,11:00
C0761,285,,FER,,2,SAN MARCO,11:10
C0761,285,,FER,,3,OULX - Stazione FS,11:15
C0762,285,,FEST,,1,SAUZE D'OULX,11:30
C0762,285,,FEST,,2,SAN MARCO,11:40
C0762,285,,FEST,,3,OULX - Stazione FS,11:45
C0763,285,,FER,,1,SAUZE D'OULX,12:00
C0763,285,,FER,,2,SAN MARCO,12:10
C0763,285,,FER,,3,OULX - Stazione FS,12:15
C0764,285,,FER,,1,SAUZE D'OULX,12:45
C0764,285,,FER,,2,SAN MARCO,12:55
C0764,285,,FER,,3,OULX - Stazione FS,13:00
C0765,285,,SCO,,1,SAUZE D'OULX,13:20
C0765,285,,SCO,,2,SAN MARCO,13:30
C0765,285,,SCO,,3,OULX - Stazione FS,13:35
C0766,285,,FER,,1,SAUZE D'OULX,14:00
C0766,285,,FER,,2,SAN MARCO,14:10
C0766,285,,FER,,3,OULX - Stazione FS,14:15
C0767,285,,FEST,,1,SAUZE D'OULX,14:30
C0767,285,,FEST,,2,SAN MARCO,14:40
C0767,285,,FEST,,3,OULX - Stazione FS,14:45
C0768,285,,FER,,1,SAUZE D'OULX,15:10
C0768,285,,FER,,2,SAN MARCO,15:20
C0768,285,,FER,,3,OULX - Stazione FS,15:25
C0769,285,,SCO,,1,SAUZE D'OULX,15:20
C0769,285,,SCO,,2,SAN MARCO,15:30
C0769,285,,SCO,,3,OULX - Stazione FS,15:35
C0770,285,,FER,,1,SAUZE D'OULX,16:00
C0770,285,,FER,,2,SAN MARCO,16:10
C0770,285,,FER,,3,OULX - Stazione FS,16:15
C0771,285,,FEST,,1,SAUZE D'OULX,16:30
C0771,285,,FEST,,2,SAN MARCO,16:40
C0771,285,,FEST,,3,OULX - Stazione FS,16:45
C0772,285,,FER,,1,SAUZE D'OULX,17:00
C0772,285,,FER,,2,SAN MARCO,17:10
C0772,285,,FER,,3,OULX - Stazione FS,17:15
C0773,285,,FEST,,1,SAUZE D'OULX,17:30
C0773,285,,FEST,,2,SAN MARCO,17:40
C0773,285,,FEST,,3,OULX - Stazione FS,17:45
C0774,285,,FER,,1,SAUZE D'OULX,18:00
C0774,285,,FER,,2,SAN MARCO,18:10
C0774,285,,FER,,3,OULX - Stazione FS,18:15
C0775,285,,FEST,,1,SAUZE D'OULX,18:30
C0775,285,,FEST,,2,SAN MARCO,18:40
C0775,285,,FEST,,3,OULX - Stazione FS,18:45
C0776,285,,FER,,1,SAUZE D'OULX,19:00
C0776,285,,FER,,2,SAN MARCO,19:10
C0776,285,,FER,,3,OULX - Stazione FS,19:15
C0777,285,,FEST,,1,SAUZE D'OULX,19:30
C0777,285,,FEST,,2,SAN MARCO,19:40
C0777,285,,FEST,,3,OULX - Stazione FS,19:45
C0778,285,,FER,,1,SAUZE D'OULX,20:00
C0778,285,,FER,,2,SAN MARCO,20:10
C0778,285,,FER,,3,OULX - Stazione FS,20:15
C0779,285,,SCO,,1,OULX - piazza Garambois,12:15
C0779,285,,SCO,,2,OULX -Scuole,12:16
C0780,285,,SCO,,1,OULX - piazza Garambois,13:05
C0780,285,,SCO,,2,OULX -Scuole,13:06
C0781,285,,SCO,,1,OULX - piazza Garambois,7:15
C0781,285,,SCO,,2,OULX -Scuole,7:25
C0781,285,,SCO,,3,OULX - Stazione FS,7:30
C0782,285,,SCO,,1,OULX - piazza Garambois,8:15
C0782,285,,SCO,,2,OULX -Scuole,8.20
C0782,285,,SCO,,3,OULX - Stazione FS,8.24
C0783,285,,SCO,,1,OULX - piazza Garambois,12:40
C0783,285,,SCO,,2,OULX -Scuole,12:50
C0783,285,,SCO,,3,OULX - Stazione FS,12:55
C0784,285,,SCO,,1,OULX - piazza Garambois,13:30
C0784,285,,SCO,,2,OULX -Scuole,13:40
C0784,285,,SCO,,3,OULX - Stazione FS,13:45
C0785,285,,,,1,CLAVIERE,15:50
C0785,285,,,,2,CESANA,16:05
C0785,285,,,,3,OULX FS,16:25
C0786,285,,,,1,CLAVIERE,15:50
C0786,285,,,,2,CESANA,16:05
C0786,285,,,,3,OULX FS,16:25
C0786,285,,,,4,BUSSOLENO,17:35
C0786,285,,,,5,SUSA,17:05
C0786,285,,,,6,GRAVERE,17:11
C0786,285,,,,7,CHIOMONTE,17:15
C0786,285,,,,8,EXILLES,17:25
C0787,285,,,,1,BUSSOLENO,9:50
C0787,285,,,,2,SUSA,10:00
C0787,285,,,,3,GRAVERE,10:10
C0787,285,,,,4,CHIOMONTE,10:14
C0787,285,,,,5,EXILLES,10:20
C0787,285,,,,6,OULX FS,10:40
C0787,285,,,,7,CESANA,11:00
C0787,285,,,,8,CLAVIERE,11:15
C0788,285,,,service,1,OULX FS,10:40
C0788,285,,,service,2,CESANA,11:00
C0788,285,,,service,3,CLAVIERE,11:15
C0789,267,12345,FER,D,1,TORINO - Via De Cristoforis (Capolinea),6:10
C0789,267,12345,FER,D,2,TORINO - Piazza Carducci,6:17
C0789,267,12345,FER,D,3,TORINO - via Nizza -Lingotto Fiere,6:19
C0789,267,12345,FER,D,4,TORINO - p.za Bengasi,6:25
C0789,267,12345,FER,D,5,Bivio MONCALIERI,6:28
C0789,267,12345,FER,D,6,NICHELINO - Municipio,6:32
C0789,267,12345,FER,D,7,NICHELINO - Stazione FS,6.33
C0789,267,12345,FER,D,8,GARINO,6:36
C0789,267,12345,FER,D,9,VINOVO - Bivio Torrette,6:39
C0789,267,12345,FER,D,10,VINOVO - Tetti Rosa,6:40
C0789,267,12345,FER,D,11,VINOVO - v. S. Desiderio,6.48
C0789,267,12345,FER,D,12,PIOBESI T.SE - Municipio,6:53
C0789,267,12345,FER,D,13,PIOBESI T.SE-v.Torino/Costituz,6.55
C0789,267,12345,FER,D,14,PIOBESI T.SE-v.Torino 41-Capol,6:56
C0790,267,12345,FER,M,1,TORINO - Via De Cristoforis (Capolinea),6:30
C0790,267,12345,FER,M,2,TORINO - Piazza Carducci,6:37
C0790,267,12345,FER,M,3,TORINO - via Nizza -Lingotto Fiere,6:39
C0790,267,12345,FER,M,4,TORINO - p.za Bengasi,6:45
C0790,267,12345,FER,M,5,Bivio MONCALIERI,6:48
C0790,267,12345,FER,M,6,NICHELINO - Municipio,6:52
C0790,267,12345,FER,M,7,NICHELINO - Stazione FS,6.53
C0790,267,12345,FER,M,8,GARINO,6:56
C0790,267,12345,FER,M,9,VINOVO - Bivio Torrette,6:59
C0790,267,12345,FER,M,10,VINOVO - Tetti Rosa,7:00
C0790,267,12345,FER,M,11,VINOVO - v. S. Desiderio,7.08
C0790,267,12345,FER,M,12,PIOBESI T.SE - Municipio,7.17
C0790,267,12345,FER,M,13,PIOBESI T.SE-v.Torino/Costituz,7:20
C0790,267,12345,FER,M,14,PIOBESI T.SE-v.Torino 41-Capol,7:21
C0791,267,6,FER,,1,TORINO - Via De Cristoforis (Capolinea),6:30
C0791,267,6,FER,,2,TORINO - Piazza Carducci,6:37
C0791,267,6,FER,,3,TORINO - via Nizza -Lingotto Fiere,6:39
C0791,267,6,FER,,4,TORINO - p.za Bengasi,6:45
C0791,267,6,FER,,5,Bivio MONCALIERI,6:48
C0791,267,6,FER,,6,NICHELINO - Municipio,6:52
C0791,267,6,FER,,7,NICHELINO - Stazione FS,6.53
C0791,267,6,FER,,8,GARINO,6:56
C0791,267,6,FER,,9,VINOVO - Bivio Torrette,6:59
C0791,267,6,FER,,10,VINOVO - Tetti Rosa,7:00
C0791,267,6,FER,,11,VINOVO - v. S. Desiderio,7.08
C0791,267,6,FER,,12,PIOBESI T.SE - Municipio,7:13
C0791,267,6,FER,,13,PIOBESI T.SE-v.Torino/Costituz,7:15
C0791,267,6,FER,,14,PIOBESI T.SE-v.Torino 41-Capol,7:16
C0792,267,12345,FER,D,1,TORINO - Via De Cristoforis (Capolinea),6:50
C0792,267,12345,FER,D,2,TORINO - Piazza Carducci,6:57
C0792,267,12345,FER,D,3,TORINO - via Nizza -Lingotto Fiere,6:59
C0792,267,12345,FER,D,4,TORINO - p.za Bengasi,7:05
C0792,267,12345,FER,D,5,Bivio MONCALIERI,7:08
C0792,267,12345,FER,D,6,NICHELINO - Municipio,7:12
C0792,267,12345,FER,D,7,NICHELINO - Stazione FS,7.13
C0792,267,12345,FER,D,8,GARINO,7:16
C0792,267,12345,FER,D,9,VINOVO - Bivio Torrette,7:19
C0792,267,12345,FER,D,10,VINOVO - Tetti Rosa,7:20
C0792,267,12345,FER,D,11,VINOVO - v. S. Desiderio,7.28
C0792,267,12345,FER,D,12,PIOBESI T.SE - Municipio,7:35
C0792,267,12345,FER,D,13,PIOBESI T.SE-v.Torino/Costituz,7:33
C0792,267,12345,FER,D,14,PIOBESI T.SE-v.Torino 41-Capol,7.38
C0793,267,12345,SCO,Scol,1,TORINO - Via De Cristoforis (Capolinea),6:50
C0793,267,12345,SCO,Scol,2,TORINO - Piazza Carducci,6:57
C0793,267,12345,SCO,Scol,3,TORINO - via Nizza -Lingotto Fiere,6:59
C0793,267,12345,SCO,Scol,4,TORINO - p.za Bengasi,7:05
C0793,267,12345,SCO,Scol,5,Bivio MONCALIERI,7:08
C0793,267,12345,SCO,Scol,6,NICHELINO - Municipio,7:12
C0793,267,12345,SCO,Scol,7,NICHELINO - Stazione FS,7.13
C0793,267,12345,SCO,Scol,8,GARINO,7:16
C0793,267,12345,SCO,Scol,9,VINOVO - Bivio Torrette,7:19
C0793,267,12345,SCO,Scol,10,VINOVO - Tetti Rosa,7:20
C0793,267,12345,SCO,Scol,11,VINOVO - v. S. Desiderio,7.28
C0793,267,12345,SCO,Scol,12,PIOBESI T.SE - Municipio,7:35
C0793,267,12345,SCO,Scol,13,PIOBESI T.SE-v.Torino/Costituz,7:33
C0793,267,12345,SCO,Scol,14,CARIGNANO-P.zza Donatori Avis,7:50
C0794,267,12345,SCO,Scol,1,CANDIOLO - via Pinerolo 61/B,7:18
C0794,267,12345,SCO,Scol,2,VINOVO - Bivio Torrette,7:26
C0794,267,12345,SCO,Scol,3,VINOVO - Tetti Rosa,7:28
C0794,267,12345,SCO,Scol,4,PIOBESI T.SE - Municipio,7:37
C0794,267,12345,SCO,Scol,5,PIOBESI T.SE-v.Torino/Costituz,7:35
C0794,267,12345,SCO,Scol,6,PIOBESI T.SE - c.so Italia 50d,7:39
C0794,267,12345,SCO,Scol,7,CARIGNANO-P.zza Donatori Avis,7:55
C0795,267,123456,FER,,1,TORINO - Via De Cristoforis (Capolinea),7:30
C0795,267,123456,FER,,2,TORINO - Piazza Carducci,7:37
C0795,267,123456,FER,,3,TORINO - via Nizza -Lingotto Fiere,7:39
C0795,267,123456,FER,,4,TORINO - p.za Bengasi,7:45
C0795,267,123456,FER,,5,Bivio MONCALIERI,7:50
C0795,267,123456,FER,,6,NICHELINO - Municipio,7:55
C0795,267,123456,FER,,7,NICHELINO - Stazione FS,7.56
C0795,267,123456,FER,,8,GARINO,8:00
C0795,267,123456,FER,,9,VINOVO - Bivio Torrette,8:03
C0795,267,123456,FER,,10,VINOVO - Tetti Rosa,8:05
C0795,267,123456,FER,,11,VINOVO - v. S. Desiderio,8.13
C0795,267,123456,FER,,12,PIOBESI T.SE - Municipio,8:18
C0795,267,123456,FER,,13,PIOBESI T.SE-v.Torino/Costituz,8:20
C0795,267,123456,FER,,14,PIOBESI T.SE-v.Torino 41-Capol,8:21
C0796,267,123456,FER,D,1,TORINO - Via De Cristoforis (Capolinea),8:00
C0796,267,123456,FER,D,2,TORINO - Piazza Carducci,8:07
C0796,267,123456,FER,D,3,TORINO - via Nizza -Lingotto Fiere,8:09
C0796,267,123456,FER,D,4,TORINO - p.za Bengasi,8:15
C0796,267,123456,FER,D,5,Bivio MONCALIERI,8:20
C0796,267,123456,FER,D,6,NICHELINO - Municipio,8:25
C0796,267,123456,FER,D,7,NICHELINO - Stazione FS,8.26
C0796,267,123456,FER,D,8,GARINO,8:30
C0796,267,123456,FER,D,9,VINOVO - Bivio Torrette,8:33
C0796,267,123456,FER,D,10,VINOVO - Tetti Rosa,8:35
C0796,267,123456,FER,D,11,VINOVO - v. S. Desiderio,8.43
C0796,267,123456,FER,D,12,PIOBESI T.SE - Municipio,8:48
C0796,267,123456,FER,D,13,PIOBESI T.SE-v.Torino/Costituz,8:50
C0796,267,123456,FER,D,14,PIOBESI T.SE-v.Torino 41-Capol,8:51
C0797,267,123456,FER,H,1,TORINO - Via De Cristoforis (Capolinea),8:30
C0797,267,123456,FER,H,2,TORINO - Piazza Carducci,8:37
C0797,267,123456,FER,H,3,TORINO - via Nizza -Lingotto Fiere,8:39
C0797,267,123456,FER,H,4,TORINO - p.za Bengasi,8:45
C0797,267,123456,FER,H,5,Bivio MONCALIERI,8:50
C0797,267,123456,FER,H,6,NICHELINO - Municipio,8:55
C0797,267,123456,FER,H,7,NICHELINO - Stazione FS,8.56
C0797,267,123456,FER,H,8,GARINO,9:00
C0797,267,123456,FER,H,9,VINOVO - Bivio Torrette,9:03
C0797,267,123456,FER,H,10,VINOVO - Tetti Rosa,9:05
C0797,267,123456,FER,H,11,VINOVO - v. S. Desiderio,9.13
C0797,267,123456,FER,H,12,PIOBESI T.SE - Municipio,9:18
C0797,267,123456,FER,H,13,PIOBESI T.SE-v.Torino/Costituz,9:20
C0797,267,123456,FER,H,14,PIOBESI T.SE-v.Torino 41-Capol,9:21
C0798,267,12345,FER,D,1,TORINO - Via De Cristoforis (Capolinea),9:00
C0798,267,12345,FER,D,2,TORINO - Piazza Carducci,9:07
C0798,267,12345,FER,D,3,TORINO - via Nizza -Lingotto Fiere,9:09
C0798,267,12345,FER,D,4,TORINO - p.za Bengasi,9:15
C0798,267,12345,FER,D,5,Bivio MONCALIERI,9:20
C0798,267,12345,FER,D,6,NICHELINO - Municipio,9:25
C0798,267,12345,FER,D,7,NICHELINO - Stazione FS,9.26
C0798,267,12345,FER,D,8,GARINO,9:30
C0798,267,12345,FER,D,9,VINOVO - Bivio Torrette,9:33
C0798,267,12345,FER,D,10,VINOVO - Tetti Rosa,9:35
C0798,267,12345,FER,D,11,VINOVO - v. S. Desiderio,9.43
C0798,267,12345,FER,D,12,PIOBESI T.SE - Municipio,9:48
C0798,267,12345,FER,D,13,PIOBESI T.SE-v.Torino/Costituz,9:50
C0798,267,12345,FER,D,14,PIOBESI T.SE-v.Torino 41-Capol,9:51
C0799,267,123456,FER,,1,TORINO - Via De Cristoforis (Capolinea),9:30
C0799,267,123456,FER,,2,TORINO - Piazza Carducci,9:37
C0799,267,123456,FER,,3,TORINO - via Nizza -Lingotto Fiere,9:39
C0799,267,123456,FER,,4,TORINO - p.za Bengasi,9:45
C0799,267,123456,FER,,5,Bivio MONCALIERI,9:50
C0799,267,123456,FER,,6,NICHELINO - Municipio,9:55
C0799,267,123456,FER,,7,NICHELINO - Stazione FS,9.56
C0799,267,123456,FER,,8,GARINO,10:00
C0799,267,123456,FER,,9,VINOVO - Bivio Torrette,10:03
C0799,267,123456,FER,,10,VINOVO - Tetti Rosa,10:05
C0799,267,123456,FER,,11,VINOVO - v. S. Desiderio,10.13
C0799,267,123456,FER,,12,PIOBESI T.SE - Municipio,10:18
C0799,267,123456,FER,,13,PIOBESI T.SE-v.Torino/Costituz,10:20
C0799,267,123456,FER,,14,PIOBESI T.SE-v.Torino 41-Capol,10:21
C0800,267,GG,FER,,1,TORINO - Via De Cristoforis (Capolinea),10:25
C0800,267,GG,FER,,2,TORINO - Piazza Carducci,10:32
C0800,267,GG,FER,,3,TORINO - via Nizza -Lingotto Fiere,10:34
C0800,267,GG,FER,,4,TORINO - p.za Bengasi,10:40
C0800,267,GG,FER,,5,Bivio MONCALIERI,10:45
C0800,267,GG,FER,,6,NICHELINO - Municipio,10:50
C0800,267,GG,FER,,7,NICHELINO - Stazione FS,10.51
C0800,267,GG,FER,,8,GARINO,10:55
C0800,267,GG,FER,,9,VINOVO - Bivio Torrette,10:58
C0800,267,GG,FER,,10,VINOVO - Tetti Rosa,11:00
C0800,267,GG,FER,,11,VINOVO - v. S. Desiderio,11.08
C0800,267,GG,FER,,12,PIOBESI T.SE - Municipio,11:13
C0800,267,GG,FER,,13,PIOBESI T.SE-v.Torino/Costituz,11:15
C0800,267,GG,FER,,14,PIOBESI T.SE-v.Torino 41-Capol,11:16
C0801,267,12345,FER,H,1,TORINO - Via De Cristoforis (Capolinea),11:00
C0801,267,12345,FER,H,2,TORINO - Piazza Carducci,11:07
C0801,267,12345,FER,H,3,TORINO - via Nizza -Lingotto Fiere,11:09
C0801,267,12345,FER,H,4,TORINO - p.za Bengasi,11:15
C0801,267,12345,FER,H,5,Bivio MONCALIERI,11:20
C0801,267,12345,FER,H,6,NICHELINO - Municipio,11:25
C0801,267,12345,FER,H,7,NICHELINO - Stazione FS,11.26
C0801,267,12345,FER,H,8,GARINO,11:30
C0801,267,12345,FER,H,9,VINOVO - Bivio Torrette,11:33
C0801,267,12345,FER,H,10,VINOVO - Tetti Rosa,11:35
C0801,267,12345,FER,H,11,VINOVO - v. S. Desiderio,11.43
C0801,267,12345,FER,H,12,PIOBESI T.SE - Municipio,11:48
C0801,267,12345,FER,H,13,PIOBESI T.SE-v.Torino/Costituz,11:50
C0801,267,12345,FER,H,14,PIOBESI T.SE-v.Torino 41-Capol,11:51
C0802,267,6,FER,AGO-H,1,TORINO - Via De Cristoforis (Capolinea),11:00
C0802,267,6,FER,AGO-H,2,TORINO - Piazza Carducci,11:07
C0802,267,6,FER,AGO-H,3,TORINO - via Nizza -Lingotto Fiere,11:09
C0802,267,6,FER,AGO-H,4,TORINO - p.za Bengasi,11:15
C0802,267,6,FER,AGO-H,5,Bivio MONCALIERI,11.18
C0802,267,6,FER,AGO-H,6,NICHELINO - Municipio,11.22
C0802,267,6,FER,AGO-H,7,NICHELINO - Stazione FS,11.23
C0802,267,6,FER,AGO-H,8,GARINO,11.26
C0802,267,6,FER,AGO-H,9,VINOVO - Bivio Torrette,11.29
C0802,267,6,FER,AGO-H,10,VINOVO - Tetti Rosa,11.30
C0802,267,6,FER,AGO-H,11,VINOVO - v. S. Desiderio,11.38
C0802,267,6,FER,AGO-H,12,PIOBESI T.SE - Municipio,11.43
C0802,267,6,FER,AGO-H,13,PIOBESI T.SE-v.Torino/Costituz,11.44
C0802,267,6,FER,AGO-H,14,PIOBESI T.SE-v.Torino 41-Capol,11.46
C0803,267,123456,FER,NS,1,TORINO - Via De Cristoforis (Capolinea),12:05
C0803,267,123456,FER,NS,2,TORINO - Piazza Carducci,12:12
C0803,267,123456,FER,NS,3,TORINO - via Nizza -Lingotto Fiere,12:14
C0803,267,123456,FER,NS,4,TORINO - p.za Bengasi,12:20
C0803,267,123456,FER,NS,5,Bivio MONCALIERI,12:25
C0803,267,123456,FER,NS,6,NICHELINO - Municipio,12:30
C0803,267,123456,FER,NS,7,NICHELINO - Stazione FS,12.31
C0803,267,123456,FER,NS,8,GARINO,12:35
C0803,267,123456,FER,NS,9,VINOVO - Bivio Torrette,12:38
C0803,267,123456,FER,NS,10,VINOVO - Tetti Rosa,12:40
C0803,267,123456,FER,NS,11,VINOVO - v. S. Desiderio,12.48
C0803,267,123456,FER,NS,12,PIOBESI T.SE - Municipio,12:53
C0803,267,123456,FER,NS,13,PIOBESI T.SE-v.Torino/Costituz,12:55
C0803,267,123456,FER,NS,14,PIOBESI T.SE-v.Torino 41-Capol,12:56
C0804,267,123456,SCO,Scol,1,TORINO - Via De Cristoforis (Capolinea),12:10
C0804,267,123456,SCO,Scol,2,TORINO - Piazza Carducci,12:17
C0804,267,123456,SCO,Scol,3,TORINO - via Nizza -Lingotto Fiere,12:19
C0804,267,123456,SCO,Scol,4,TORINO - p.za Bengasi,12:25
C0804,267,123456,SCO,Scol,5,Bivio MONCALIERI,12:30
C0804,267,123456,SCO,Scol,6,NICHELINO - Municipio,12:35
C0804,267,123456,SCO,Scol,7,NICHELINO - Stazione FS,12.36
C0804,267,123456,SCO,Scol,8,GARINO,12:40
C0804,267,123456,SCO,Scol,9,VINOVO - Bivio Torrette,12:43
C0804,267,123456,SCO,Scol,10,VINOVO - Tetti Rosa,12:45
C0804,267,123456,SCO,Scol,11,VINOVO - v. S. Desiderio,12.53
C0804,267,123456,SCO,Scol,12,PIOBESI T.SE - Municipio,13:00
C0804,267,123456,SCO,Scol,13,PIOBESI T.SE-v.Torino/Costituz,12:58
C0804,267,123456,SCO,Scol,14,CARIGNANO-P.zza Donatori Avis,13:15
C0805,267,6,SCO,Scol,1,NICHELINO-v.XXV Aprile -Scuole,12:15
C0805,267,6,SCO,Scol,2,NICHELINO- strada Debouchè 1-5,12.17
C0805,267,6,SCO,Scol,3,GARINO,12:25
C0805,267,6,SCO,Scol,4,VINOVO - Ippodromo -Mondo Juve,12:20
C0805,267,6,SCO,Scol,5,VINOVO - Bivio Torrette,12.32
C0805,267,6,SCO,Scol,6,VINOVO - Tetti Rosa,12.33
C0805,267,6,SCO,Scol,7,VINOVO - v. S. Desiderio,12.35
C0805,267,6,SCO,Scol,8,PIOBESI T.SE - Municipio,12.40
C0805,267,6,SCO,Scol,9,PIOBESI T.SE-v.Torino/Costituz,12:43
C0805,267,6,SCO,Scol,10,PIOBESI T.SE-v.Torino 41-Capol,12.42
C0806,267,78,FEST,,1,TORINO - Via De Cristoforis (Capolinea),12:20
C0806,267,78,FEST,,2,TORINO - Piazza Carducci,12:27
C0806,267,78,FEST,,3,TORINO - via Nizza -Lingotto Fiere,12:29
C0806,267,78,FEST,,4,TORINO - p.za Bengasi,12:35
C0806,267,78,FEST,,5,Bivio MONCALIERI,12:40
C0806,267,78,FEST,,6,NICHELINO - Municipio,12:43
C0806,267,78,FEST,,7,NICHELINO - Stazione FS,12.44
C0806,267,78,FEST,,8,GARINO,12:48
C0806,267,78,FEST,,9,VINOVO - Ippodromo -Mondo Juve,12:50
C0806,267,78,FEST,,10,VINOVO - Bivio Torrette,12:53
C0806,267,78,FEST,,11,VINOVO - Tetti Rosa,12:55
C0806,267,78,FEST,,12,VINOVO - v. S. Desiderio,13.02
C0806,267,78,FEST,,13,PIOBESI T.SE - Municipio,13:08
C0806,267,78,FEST,,14,PIOBESI T.SE-v.Torino/Costituz,13:10
C0806,267,78,FEST,,15,PIOBESI T.SE-v.Torino 41-Capol,13:11
C0807,267,12345,SCO,Scol,1,TORINO - c.so Unione Sov. 409 (p.zza Caio Mario),13:23
C0807,267,12345,SCO,Scol,2,TORINO - strada del Drosso,13.28
C0807,267,12345,SCO,Scol,3,NICHELINO- strada Debouchè 1-5,13.30
C0807,267,12345,SCO,Scol,4,VINOVO - Ippodromo -Mondo Juve,13:32
C0807,267,12345,SCO,Scol,5,VINOVO - Bivio Torrette,13:34
C0807,267,12345,SCO,Scol,6,VINOVO - Tetti Rosa,13:35
C0807,267,12345,SCO,Scol,7,VINOVO - v. S. Desiderio,13.43
C0807,267,12345,SCO,Scol,8,PIOBESI T.SE - Municipio,13:51
C0807,267,12345,SCO,Scol,9,PIOBESI T.SE-v.Torino/Costituz,13:48
C0807,267,12345,SCO,Scol,10,CARIGNANO-P.zza Donatori Avis,14:00
C0808,267,12345,FER,D,1,TORINO - c.so Unione Sov. 409 (p.zza Caio Mario),13:23
C0808,267,12345,FER,D,2,TORINO - strada del Drosso,13.28
C0808,267,12345,FER,D,3,NICHELINO- strada Debouchè 1-5,13.30
C0808,267,12345,FER,D,4,VINOVO - Ippodromo -Mondo Juve,13:32
C0808,267,12345,FER,D,5,VINOVO - Bivio Torrette,13:34
C0808,267,12345,FER,D,6,VINOVO - Tetti Rosa,13:35
C0808,267,12345,FER,D,7,VINOVO - v. S. Desiderio,13.43
C0808,267,12345,FER,D,8,PIOBESI T.SE - Municipio,13:48
C0808,267,12345,FER,D,9,PIOBESI T.SE-v.Torino/Costituz,13:50
C0808,267,12345,FER,D,10,PIOBESI T.SE-v.Torino 41-Capol,13:51
C0809,267,6,FER,D,1,TORINO - c.so Unione Sov. 409 (p.zza Caio Mario),13:23
C0809,267,6,FER,D,2,TORINO - strada del Drosso,13.28
C0809,267,6,FER,D,3,NICHELINO- strada Debouchè 1-5,13.30
C0809,267,6,FER,D,4,VINOVO - Ippodromo -Mondo Juve,13:32
C0809,267,6,FER,D,5,VINOVO - Bivio Torrette,13:34
C0809,267,6,FER,D,6,VINOVO - Tetti Rosa,13:35
C0809,267,6,FER,D,7,VINOVO - v. S. Desiderio,13.43
C0809,267,6,FER,D,8,PIOBESI T.SE - Municipio,13:48
C0809,267,6,FER,D,9,PIOBESI T.SE-v.Torino/Costituz,13:50
C0809,267,6,FER,D,10,PIOBESI T.SE-v.Torino 41-Capol,13:51
C0810,267,123456,FER,D,1,TORINO - Via De Cristoforis (Capolinea),13:20
C0810,267,123456,FER,D,2,TORINO - Piazza Carducci,13:27
C0810,267,123456,FER,D,3,TORINO - via Nizza -Lingotto Fiere,13:29
C0810,267,123456,FER,D,4,TORINO - p.za Bengasi,13:35
C0810,267,123456,FER,D,5,Bivio MONCALIERI,13:40
C0810,267,123456,FER,D,6,NICHELINO - Municipio,13:45
C0810,267,123456,FER,D,7,NICHELINO - Stazione FS,13.46
C0810,267,123456,FER,D,8,GARINO,13:50
C0810,267,123456,FER,D,9,VINOVO - Bivio Torrette,13:53
C0810,267,123456,FER,D,10,VINOVO - Tetti Rosa,13:55
C0810,267,123456,FER,D,11,VINOVO - v. S. Desiderio,14.03
C0810,267,123456,FER,D,12,PIOBESI T.SE - Municipio,14.08
C0810,267,123456,FER,D,13,PIOBESI T.SE-v.Torino/Costituz,14:09
C0810,267,123456,FER,D,14,PIOBESI T.SE-v.Torino 41-Capol,14:10
C0811,267,12345,SCO,Scol,1,NICHELINO-v.XXV Aprile -Scuole,14:10
C0811,267,12345,SCO,Scol,2,NICHELINO- strada Debouchè 1-5,14.12
C0811,267,12345,SCO,Scol,3,GARINO,14:20
C0811,267,12345,SCO,Scol,4,VINOVO - Ippodromo -Mondo Juve,14:15
C0811,267,12345,SCO,Scol,5,VINOVO - Bivio Torrette,14:28
C0811,267,12345,SCO,Scol,6,VINOVO - Tetti Rosa,14:29
C0811,267,12345,SCO,Scol,7,VINOVO - v. S. Desiderio,14.33
C0811,267,12345,SCO,Scol,8,PIOBESI T.SE - Municipio,14:38
C0811,267,12345,SCO,Scol,9,PIOBESI T.SE-v.Torino/Costituz,14:40
C0811,267,12345,SCO,Scol,10,PIOBESI T.SE-v.Torino 41-Capol,14:41
C0812,267,6,FER,D,1,TORINO - c.so Unione Sov. 409 (p.zza Caio Mario),13:58
C0812,267,6,FER,D,2,TORINO - strada del Drosso,14.03
C0812,267,6,FER,D,3,NICHELINO- strada Debouchè 1-5,14.05
C0812,267,6,FER,D,4,VINOVO - Ippodromo -Mondo Juve,14:07
C0812,267,6,FER,D,5,VINOVO - Bivio Torrette,14:09
C0812,267,6,FER,D,6,VINOVO - Tetti Rosa,14:10
C0812,267,6,FER,D,7,VINOVO - v. S. Desiderio,14.18
C0812,267,6,FER,D,8,PIOBESI T.SE - Municipio,14:23
C0812,267,6,FER,D,9,PIOBESI T.SE-v.Torino/Costituz,14:25
C0812,267,6,FER,D,10,PIOBESI T.SE-v.Torino 41-Capol,14:26
C0813,267,123456,FER,NS,1,TORINO - Via De Cristoforis (Capolinea),13:40
C0813,267,123456,FER,NS,2,TORINO - Piazza Carducci,13:47
C0813,267,123456,FER,NS,3,TORINO - via Nizza -Lingotto Fiere,13:49
C0813,267,123456,FER,NS,4,TORINO - p.za Bengasi,13:55
C0813,267,123456,FER,NS,5,Bivio MONCALIERI,14:00
C0813,267,123456,FER,NS,6,NICHELINO - Municipio,14:05
C0813,267,123456,FER,NS,7,NICHELINO - Stazione FS,14.06
C0813,267,123456,FER,NS,8,GARINO,14:10
C0813,267,123456,FER,NS,9,VINOVO - Bivio Torrette,14:13
C0813,267,123456,FER,NS,10,VINOVO - Tetti Rosa,14:15
C0813,267,123456,FER,NS,11,VINOVO - v. S. Desiderio,14.23
C0813,267,123456,FER,NS,12,PIOBESI T.SE - Municipio,14:28
C0813,267,123456,FER,NS,13,PIOBESI T.SE-v.Torino/Costituz,14:30
C0813,267,123456,FER,NS,14,PIOBESI T.SE-v.Torino 41-Capol,14:31
C0814,267,12345,FER,D,1,TORINO - c.so Unione Sov. 409 (p.zza Caio Mario),14:13
C0814,267,12345,FER,D,2,TORINO - strada del Drosso,14.18
C0814,267,12345,FER,D,3,NICHELINO- strada Debouchè 1-5,14.20
C0814,267,12345,FER,D,4,VINOVO - Ippodromo -Mondo Juve,14:22
C0814,267,12345,FER,D,5,VINOVO - Bivio Torrette,14:24
C0814,267,12345,FER,D,6,VINOVO - Tetti Rosa,14:25
C0814,267,12345,FER,D,7,VINOVO - v. S. Desiderio,14.33
C0814,267,12345,FER,D,8,PIOBESI T.SE - Municipio,14:38
C0814,267,12345,FER,D,9,PIOBESI T.SE-v.Torino/Costituz,14:40
C0814,267,12345,FER,D,10,PIOBESI T.SE-v.Torino 41-Capol,14:41
C0815,267,12345,SCO,Scol,1,TORINO - p.za Bengasi,14:15
C0815,267,12345,SCO,Scol,2,Bivio MONCALIERI,14.21
C0815,267,12345,SCO,Scol,3,NICHELINO - Municipio,14:26
C0815,267,12345,SCO,Scol,4,NICHELINO - Stazione FS,14.27
C0815,267,12345,SCO,Scol,5,GARINO,14.30
C0815,267,12345,SCO,Scol,6,VINOVO - Bivio Torrette,14.33
C0815,267,12345,SCO,Scol,7,VINOVO - Tetti Rosa,14.34
C0815,267,12345,SCO,Scol,8,VINOVO - v. S. Desiderio,14.42
C0815,267,12345,SCO,Scol,9,PIOBESI T.SE - Municipio,14.47
C0815,267,12345,SCO,Scol,10,PIOBESI T.SE-v.Torino/Costituz,14:49
C0815,267,12345,SCO,Scol,11,PIOBESI T.SE-v.Torino 41-Capol,14.50
C0816,267,123456,SCO,Scol,1,TORINO - Via De Cristoforis (Capolinea),14:05
C0816,267,123456,SCO,Scol,2,TORINO - Piazza Carducci,14:12
C0816,267,123456,SCO,Scol,3,TORINO - via Nizza -Lingotto Fiere,14:14
C0816,267,123456,SCO,Scol,4,TORINO - p.za Bengasi,14:20
C0816,267,123456,SCO,Scol,5,Bivio MONCALIERI,14:25
C0816,267,123456,SCO,Scol,6,NICHELINO - Municipio,14:30
C0816,267,123456,SCO,Scol,7,NICHELINO - Stazione FS,14.31
C0816,267,123456,SCO,Scol,8,GARINO,14:35
C0816,267,123456,SCO,Scol,9,VINOVO - Bivio Torrette,14:38
C0816,267,123456,SCO,Scol,10,VINOVO - Tetti Rosa,14:40
C0816,267,123456,SCO,Scol,11,VINOVO - v. S. Desiderio,14.48
C0816,267,123456,SCO,Scol,12,PIOBESI T.SE - Municipio,14:53
C0816,267,123456,SCO,Scol,13,PIOBESI T.SE-v.Torino/Costituz,14:55
C0816,267,123456,SCO,Scol,14,PIOBESI T.SE-v.Torino 41-Capol,14:56
C0817,267,123456,FER,al,1,TORINO - Via De Cristoforis (Capolinea),14:30
C0817,267,123456,FER,al,2,TORINO - Piazza Carducci,14:37
C0817,267,123456,FER,al,3,TORINO - via Nizza -Lingotto Fiere,14:39
C0817,267,123456,FER,al,4,TORINO - p.za Bengasi,14:47
C0817,267,123456,FER,al,5,Bivio MONCALIERI,14:52
C0817,267,123456,FER,al,6,NICHELINO - Municipio,14:57
C0817,267,123456,FER,al,7,NICHELINO - Stazione FS,14.58
C0817,267,123456,FER,al,8,GARINO,15:01
C0817,267,123456,FER,al,9,VINOVO - Ippodromo -Mondo Juve,15:06
C0817,267,123456,FER,al,10,VINOVO - Bivio Torrette,15:08
C0817,267,123456,FER,al,11,VINOVO - Tetti Rosa,15:10
C0817,267,123456,FER,al,12,VINOVO - v. S. Desiderio,15.18
C0817,267,123456,FER,al,13,PIOBESI T.SE - Municipio,15:23
C0817,267,123456,FER,al,14,PIOBESI T.SE-v.Torino/Costituz,15:25
C0817,267,123456,FER,al,15,PIOBESI T.SE-v.Torino 41-Capol,15:26
C0818,267,12345,SCO,Scol,1,PIOBESI T.SE - Municipio,15.29
C0818,267,12345,SCO,Scol,2,PIOBESI T.SE-v.Torino 41-Capol,15.26
C0818,267,12345,SCO,Scol,3,CARIGNANO-P.zza Donatori Avis,15:41
C0819,267,78,FEST,,1,TORINO - Via De Cristoforis (Capolinea),15:25
C0819,267,78,FEST,,2,TORINO - Piazza Carducci,15:32
C0819,267,78,FEST,,3,TORINO - via Nizza -Lingotto Fiere,15:34
C0819,267,78,FEST,,4,TORINO - p.za Bengasi,15:40
C0819,267,78,FEST,,5,Bivio MONCALIERI,15:43
C0819,267,78,FEST,,6,NICHELINO - Municipio,15:47
C0819,267,78,FEST,,7,NICHELINO - Stazione FS,15.48
C0819,267,78,FEST,,8,GARINO,15:51
C0819,267,78,FEST,,9,VINOVO - Ippodromo -Mondo Juve,15:56
C0819,267,78,FEST,,10,VINOVO - Bivio Torrette,15:58
C0819,267,78,FEST,,11,VINOVO - Tetti Rosa,16:00
C0819,267,78,FEST,,12,VINOVO - v. S. Desiderio,16.08
C0819,267,78,FEST,,13,PIOBESI T.SE - Municipio,16:15
C0819,267,78,FEST,,14,PIOBESI T.SE-v.Torino/Costituz,16:17
C0819,267,78,FEST,,15,PIOBESI T.SE-v.Torino 41-Capol,16.18
C0820,267,123456,FER,,1,TORINO - Via De Cristoforis (Capolinea),15:30
C0820,267,123456,FER,,2,TORINO - Piazza Carducci,15:37
C0820,267,123456,FER,,3,TORINO - via Nizza -Lingotto Fiere,15:39
C0820,267,123456,FER,,4,TORINO - p.za Bengasi,15:45
C0820,267,123456,FER,,5,Bivio MONCALIERI,15:50
C0820,267,123456,FER,,6,NICHELINO - Municipio,15:55
C0820,267,123456,FER,,7,NICHELINO - Stazione FS,15.56
C0820,267,123456,FER,,8,GARINO,16:00
C0820,267,123456,FER,,9,VINOVO - Bivio Torrette,16:03
C0820,267,123456,FER,,10,VINOVO - Tetti Rosa,16:05
C0820,267,123456,FER,,11,VINOVO - v. S. Desiderio,16.13
C0820,267,123456,FER,,12,PIOBESI T.SE - Municipio,16:18
C0820,267,123456,FER,,13,PIOBESI T.SE-v.Torino/Costituz,16:20
C0820,267,123456,FER,,14,PIOBESI T.SE-v.Torino 41-Capol,16:21
C0821,267,123456,SCO,Scol,1,PIOBESI T.SE - Municipio,16.24
C0821,267,123456,SCO,Scol,2,PIOBESI T.SE-v.Torino 41-Capol,16.21
C0821,267,123456,SCO,Scol,3,CARIGNANO-P.zza Donatori Avis,16:37
C0822,267,12345,SCO,Scol,1,NICHELINO-v.XXV Aprile -Scuole,16.08
C0822,267,12345,SCO,Scol,2,NICHELINO- strada Debouchè 1-5,16.10
C0822,267,12345,SCO,Scol,3,VINOVO - Ippodromo -Mondo Juve,16.13
C0822,267,12345,SCO,Scol,4,VINOVO - Bivio Torrette,16.15
C0822,267,12345,SCO,Scol,5,VINOVO - Tetti Rosa,16.17
C0822,267,12345,SCO,Scol,6,VINOVO - v. S. Desiderio,16.25
C0822,267,12345,SCO,Scol,7,PIOBESI T.SE - Municipio,16.30
C0822,267,12345,SCO,Scol,8,PIOBESI T.SE-v.Torino/Costituz,16.32
C0822,267,12345,SCO,Scol,9,PIOBESI T.SE-v.Torino 41-Capol,16.33
C0823,267,12345,FER,D,1,TORINO - Via De Cristoforis (Capolinea),16.30
C0823,267,12345,FER,D,2,TORINO - Piazza Carducci,16.40
C0823,267,12345,FER,D,3,TORINO - via Nizza -Lingotto Fiere,16.42
C0823,267,12345,FER,D,4,TORINO - p.za Bengasi,16.51
C0823,267,12345,FER,D,5,Bivio MONCALIERI,16.57
C0823,267,12345,FER,D,6,NICHELINO - Municipio,17.04
C0823,267,12345,FER,D,7,NICHELINO - Stazione FS,17.05
C0823,267,12345,FER,D,8,GARINO,17.09
C0823,267,12345,FER,D,9,VINOVO - Bivio Torrette,17.12
C0823,267,12345,FER,D,10,VINOVO - Tetti Rosa,17.14
C0823,267,12345,FER,D,11,VINOVO - v. S. Desiderio,17.22
C0823,267,12345,FER,D,12,PIOBESI T.SE - Municipio,17.27
C0823,267,12345,FER,D,13,PIOBESI T.SE-v.Torino/Costituz,17:29
C0823,267,12345,FER,D,14,PIOBESI T.SE-v.Torino 41-Capol,17.30
C0824,267,6,FER,D,1,TORINO - Via De Cristoforis (Capolinea),16:40
C0824,267,6,FER,D,2,TORINO - Piazza Carducci,16.49
C0824,267,6,FER,D,3,TORINO - via Nizza -Lingotto Fiere,16.51
C0824,267,6,FER,D,4,TORINO - p.za Bengasi,16.54
C0824,267,6,FER,D,5,Bivio MONCALIERI,17.05
C0824,267,6,FER,D,6,NICHELINO - Municipio,17.10
C0824,267,6,FER,D,7,NICHELINO - Stazione FS,17.11
C0824,267,6,FER,D,8,GARINO,17.15
C0824,267,6,FER,D,9,VINOVO - Bivio Torrette,17.18
C0824,267,6,FER,D,10,VINOVO - Tetti Rosa,17.20
C0824,267,6,FER,D,11,VINOVO - v. S. Desiderio,17.28
C0824,267,6,FER,D,12,PIOBESI T.SE - Municipio,17.33
C0824,267,6,FER,D,13,PIOBESI T.SE-v.Torino/Costituz,17:35
C0824,267,6,FER,D,14,PIOBESI T.SE-v.Torino 41-Capol,17.36
C0825,267,12345,FER,H,1,TORINO - Via De Cristoforis (Capolinea),17:15
C0825,267,12345,FER,H,2,TORINO - Piazza Carducci,17.24
C0825,267,12345,FER,H,3,TORINO - via Nizza -Lingotto Fiere,17.26
C0825,267,12345,FER,H,4,TORINO - p.za Bengasi,17.36
C0825,267,12345,FER,H,5,Bivio MONCALIERI,17.43
C0825,267,12345,FER,H,6,NICHELINO - Municipio,17.50
C0825,267,12345,FER,H,7,NICHELINO - Stazione FS,17.51
C0825,267,12345,FER,H,8,GARINO,17.55
C0825,267,12345,FER,H,9,VINOVO - Bivio Torrette,17.58
C0825,267,12345,FER,H,10,VINOVO - Tetti Rosa,18.00
C0825,267,12345,FER,H,11,VINOVO - v. S. Desiderio,18.08
C0825,267,12345,FER,H,12,PIOBESI T.SE - Municipio,18.13
C0825,267,12345,FER,H,13,PIOBESI T.SE-v.Torino/Costituz,18:15
C0825,267,12345,FER,H,14,PIOBESI T.SE-v.Torino 41-Capol,18.16
C0826,267,6,FER,AGO-H,1,TORINO - Via De Cristoforis (Capolinea),17:20
C0826,267,6,FER,AGO-H,2,TORINO - Piazza Carducci,17:27
C0826,267,6,FER,AGO-H,3,TORINO - via Nizza -Lingotto Fiere,17:29
C0826,267,6,FER,AGO-H,4,TORINO - p.za Bengasi,17:35
C0826,267,6,FER,AGO-H,5,Bivio MONCALIERI,17:38
C0826,267,6,FER,AGO-H,6,NICHELINO - Municipio,17:42
C0826,267,6,FER,AGO-H,7,NICHELINO - Stazione FS,17.43
C0826,267,6,FER,AGO-H,8,GARINO,17:46
C0826,267,6,FER,AGO-H,9,VINOVO - Bivio Torrette,17:49
C0826,267,6,FER,AGO-H,10,VINOVO - Tetti Rosa,17:50
C0826,267,6,FER,AGO-H,11,VINOVO - v. S. Desiderio,17.58
C0826,267,6,FER,AGO-H,12,PIOBESI T.SE - Municipio,18:03
C0826,267,6,FER,AGO-H,13,PIOBESI T.SE-v.Torino/Costituz,18:05
C0826,267,6,FER,AGO-H,14,PIOBESI T.SE-v.Torino 41-Capol,18:06
C0827,267,123456,FER,D,1,TORINO - Via De Cristoforis (Capolinea),17:55
C0827,267,123456,FER,D,2,TORINO - c.soUnione Soviet.-PoveriVecchi,18.00
C0827,267,123456,FER,D,3,TORINO - c.so Unione Sov. 409 (p.zza Caio Mario),18.08
C0827,267,123456,FER,D,4,TORINO - strada del Drosso,18.13
C0827,267,123456,FER,D,5,NICHELINO- strada Debouchè 1-5,18.15
C0827,267,123456,FER,D,6,VINOVO - Ippodromo -Mondo Juve,18.17
C0827,267,123456,FER,D,7,VINOVO - Bivio Torrette,18.19
C0827,267,123456,FER,D,8,VINOVO - Tetti Rosa,18.20
C0827,267,123456,FER,D,9,VINOVO - v. S. Desiderio,18.28
C0827,267,123456,FER,D,10,PIOBESI T.SE - Municipio,18.33
C0827,267,123456,FER,D,11,PIOBESI T.SE-v.Torino/Costituz,18:35
C0827,267,123456,FER,D,12,PIOBESI T.SE-v.Torino 41-Capol,18.36
C0828,267,78,FEST,,1,TORINO - Via De Cristoforis (Capolinea),18:00
C0828,267,78,FEST,,2,TORINO - Piazza Carducci,18:07
C0828,267,78,FEST,,3,TORINO - via Nizza -Lingotto Fiere,18:09
C0828,267,78,FEST,,4,TORINO - p.za Bengasi,18:15
C0828,267,78,FEST,,5,Bivio MONCALIERI,18:20
C0828,267,78,FEST,,6,NICHELINO - Municipio,18:25
C0828,267,78,FEST,,7,NICHELINO - Stazione FS,18.26
C0828,267,78,FEST,,8,GARINO,18:30
C0828,267,78,FEST,,9,VINOVO - Bivio Torrette,18:33
C0828,267,78,FEST,,10,VINOVO - Tetti Rosa,18:35
C0828,267,78,FEST,,11,VINOVO - v. S. Desiderio,18.43
C0828,267,78,FEST,,12,PIOBESI T.SE - Municipio,18:48
C0828,267,78,FEST,,13,PIOBESI T.SE-v.Torino/Costituz,18:50
C0828,267,78,FEST,,14,PIOBESI T.SE-v.Torino 41-Capol,18:51
C0829,267,123456,FER,,1,TORINO - Via De Cristoforis (Capolinea),18.00
C0829,267,123456,FER,,2,TORINO - Piazza Carducci,18.09
C0829,267,123456,FER,,3,TORINO - via Nizza -Lingotto Fiere,18.11
C0829,267,123456,FER,,4,TORINO - p.za Bengasi,18.19
C0829,267,123456,FER,,5,Bivio MONCALIERI,18.24
C0829,267,123456,FER,,6,NICHELINO - Municipio,18.29
C0829,267,123456,FER,,7,NICHELINO - Stazione FS,18.30
C0829,267,123456,FER,,8,GARINO,18:35
C0829,267,123456,FER,,9,VINOVO - Bivio Torrette,18:38
C0829,267,123456,FER,,10,VINOVO - Tetti Rosa,18:40
C0829,267,123456,FER,,11,VINOVO - v. S. Desiderio,18.48
C0829,267,123456,FER,,12,PIOBESI T.SE - Municipio,18:53
C0829,267,123456,FER,,13,PIOBESI T.SE-v.Torino/Costituz,18:55
C0829,267,123456,FER,,14,PIOBESI T.SE-v.Torino 41-Capol,18:56
C0830,267,12345,FER,D,1,TORINO - Via De Cristoforis (Capolinea),18:30
C0830,267,12345,FER,D,2,TORINO - Piazza Carducci,18.38
C0830,267,12345,FER,D,3,TORINO - via Nizza -Lingotto Fiere,18.40
C0830,267,12345,FER,D,4,TORINO - p.za Bengasi,18.48
C0830,267,12345,FER,D,5,Bivio MONCALIERI,18.54
C0830,267,12345,FER,D,6,NICHELINO - Municipio,18:55
C0830,267,12345,FER,D,7,NICHELINO - Stazione FS,19.00
C0830,267,12345,FER,D,8,GARINO,19.04
C0830,267,12345,FER,D,9,VINOVO - Bivio Torrette,19.07
C0830,267,12345,FER,D,10,VINOVO - Tetti Rosa,19.09
C0830,267,12345,FER,D,11,VINOVO - v. S. Desiderio,19.17
C0830,267,12345,FER,D,12,PIOBESI T.SE - Municipio,19.22
C0830,267,12345,FER,D,13,PIOBESI T.SE-v.Torino/Costituz,19:24
C0830,267,12345,FER,D,14,PIOBESI T.SE-v.Torino 41-Capol,19.25
C0831,267,123456,FER,H,1,TORINO - Via De Cristoforis (Capolinea),19.15
C0831,267,123456,FER,H,2,TORINO - Piazza Carducci,19.22
C0831,267,123456,FER,H,3,TORINO - via Nizza -Lingotto Fiere,19.24
C0831,267,123456,FER,H,4,TORINO - p.za Bengasi,19.30
C0831,267,123456,FER,H,5,Bivio MONCALIERI,19.36
C0831,267,123456,FER,H,6,NICHELINO - Municipio,19.43
C0831,267,123456,FER,H,7,NICHELINO - Stazione FS,19.44
C0831,267,123456,FER,H,8,GARINO,19.48
C0831,267,123456,FER,H,9,VINOVO - Ippodromo -Mondo Juve,19.50
C0831,267,123456,FER,H,10,VINOVO - Bivio Torrette,19.52
C0831,267,123456,FER,H,11,VINOVO - Tetti Rosa,19.54
C0831,267,123456,FER,H,12,VINOVO - v. S. Desiderio,20.02
C0831,267,123456,FER,H,13,PIOBESI T.SE - Municipio,20.07
C0831,267,123456,FER,H,14,PIOBESI T.SE-v.Torino/Costituz,20:09
C0831,267,123456,FER,H,15,PIOBESI T.SE-v.Torino 41-Capol,20.10
C0832,267,123456,FER,AGO,1,TORINO - Via De Cristoforis (Capolinea),19:55
C0832,267,123456,FER,AGO,2,TORINO - Piazza Carducci,20:02
C0832,267,123456,FER,AGO,3,TORINO - via Nizza -Lingotto Fiere,20:04
C0832,267,123456,FER,AGO,4,TORINO - p.za Bengasi,20:10
C0832,267,123456,FER,AGO,5,Bivio MONCALIERI,20:15
C0832,267,123456,FER,AGO,6,NICHELINO - Municipio,20:18
C0832,267,123456,FER,AGO,7,NICHELINO - Stazione FS,20.19
C0832,267,123456,FER,AGO,8,GARINO,20:23
C0832,267,123456,FER,AGO,9,VINOVO - Ippodromo -Mondo Juve,20:25
C0832,267,123456,FER,AGO,10,VINOVO - Bivio Torrette,20:28
C0832,267,123456,FER,AGO,11,VINOVO - Tetti Rosa,20:30
C0832,267,123456,FER,AGO,12,VINOVO - v. S. Desiderio,20.37
C0832,267,123456,FER,AGO,13,PIOBESI T.SE - Municipio,20:43
C0832,267,123456,FER,AGO,14,PIOBESI T.SE-v.Torino/Costituz,20:45
C0832,267,123456,FER,AGO,15,PIOBESI T.SE-v.Torino 41-Capol,20:46
C0833,267,78,FEST,,1,TORINO - Via De Cristoforis (Capolinea),20.00
C0833,267,78,FEST,,2,TORINO - Piazza Carducci,20.07
C0833,267,78,FEST,,3,TORINO - via Nizza -Lingotto Fiere,20.09
C0833,267,78,FEST,,4,TORINO - p.za Bengasi,20.15
C0833,267,78,FEST,,5,Bivio MONCALIERI,20.20
C0833,267,78,FEST,,6,NICHELINO - Municipio,20:23
C0833,267,78,FEST,,7,NICHELINO - Stazione FS,20.24
C0833,267,78,FEST,,8,GARINO,20.28
C0833,267,78,FEST,,9,VINOVO - Ippodromo -Mondo Juve,20.30
C0833,267,78,FEST,,10,VINOVO - Bivio Torrette,20.32
C0833,267,78,FEST,,11,VINOVO - Tetti Rosa,20.34
C0833,267,78,FEST,,12,VINOVO - v. S. Desiderio,20.41
C0833,267,78,FEST,,13,PIOBESI T.SE - Municipio,20.47
C0833,267,78,FEST,,14,PIOBESI T.SE-v.Torino/Costituz,20:49
C0833,267,78,FEST,,15,PIOBESI T.SE-v.Torino 41-Capol,20.50
C0834,267,12345,FER,D,1,TORINO - Via De Cristoforis (Capolinea),20.00
C0834,267,12345,FER,D,2,TORINO - Piazza Carducci,20.07
C0834,267,12345,FER,D,3,TORINO - via Nizza -Lingotto Fiere,20.09
C0834,267,12345,FER,D,4,TORINO - p.za Bengasi,20.15
C0834,267,12345,FER,D,5,Bivio MONCALIERI,20.20
C0834,267,12345,FER,D,6,NICHELINO - Municipio,20:23
C0834,267,12345,FER,D,7,NICHELINO - Stazione FS,20.24
C0834,267,12345,FER,D,8,GARINO,20.27
C0834,267,12345,FER,D,9,VINOVO - Ippodromo -Mondo Juve,20.30
C0834,267,12345,FER,D,10,VINOVO - Bivio Torrette,20.32
C0834,267,12345,FER,D,11,VINOVO - Tetti Rosa,20.34
C0834,267,12345,FER,D,12,VINOVO - v. S. Desiderio,20.41
C0834,267,12345,FER,D,13,PIOBESI T.SE - Municipio,20.47
C0834,267,12345,FER,D,14,PIOBESI T.SE-v.Torino/Costituz,20:49
C0834,267,12345,FER,D,15,PIOBESI T.SE-v.Torino 41-Capol,20.50
C0835,267,6,FER,D,1,TORINO - Via De Cristoforis (Capolinea),21.10
C0835,267,6,FER,D,2,TORINO - Piazza Carducci,21.17
C0835,267,6,FER,D,3,TORINO - via Nizza -Lingotto Fiere,21.19
C0835,267,6,FER,D,4,TORINO - p.za Bengasi,21.25
C0835,267,6,FER,D,5,Bivio MONCALIERI,21.29
C0835,267,6,FER,D,6,NICHELINO - Municipio,21.33
C0835,267,6,FER,D,7,NICHELINO - Stazione FS,21.34
C0835,267,6,FER,D,8,GARINO,21.28
C0835,267,6,FER,D,9,VINOVO - Ippodromo -Mondo Juve,21.40
C0835,267,6,FER,D,10,VINOVO - Bivio Torrette,21.43
C0835,267,6,FER,D,11,VINOVO - Tetti Rosa,21.45
C0835,267,6,FER,D,12,VINOVO - v. S. Desiderio,21.52
C0835,267,6,FER,D,13,PIOBESI T.SE - Municipio,21.58
C0835,267,6,FER,D,14,PIOBESI T.SE-v.Torino/Costituz,22:00
C0835,267,6,FER,D,15,PIOBESI T.SE-v.Torino 41-Capol,22.01
C0836,267,12345,FER,D,1,TORINO - Via De Cristoforis (Capolinea),21.10
C0836,267,12345,FER,D,2,TORINO - Piazza Carducci,21.17
C0836,267,12345,FER,D,3,TORINO - via Nizza -Lingotto Fiere,21.19
C0836,267,12345,FER,D,4,TORINO - p.za Bengasi,21.25
C0836,267,12345,FER,D,5,Bivio MONCALIERI,21.28
C0836,267,12345,FER,D,6,NICHELINO - Municipio,21.32
C0836,267,12345,FER,D,7,NICHELINO - Stazione FS,21.33
C0836,267,12345,FER,D,8,GARINO,21.36
C0836,267,12345,FER,D,9,VINOVO - Bivio Torrette,21.39
C0836,267,12345,FER,D,10,VINOVO - Tetti Rosa,21.40
C0836,267,12345,FER,D,11,VINOVO - v. S. Desiderio,21.48
C0836,267,12345,FER,D,12,PIOBESI T.SE - Municipio,21.53
C0836,267,12345,FER,D,13,PIOBESI T.SE-v.Torino/Costituz,21.55
C0836,267,12345,FER,D,14,PIOBESI T.SE-v.Torino 41-Capol,21.56
C0837,267,123456,FER,AGO-H,1,TORINO - Via De Cristoforis (Capolinea),22:10
C0837,267,123456,FER,AGO-H,2,TORINO - Piazza Carducci,22:17
C0837,267,123456,FER,AGO-H,3,TORINO - via Nizza -Lingotto Fiere,22:19
C0837,267,123456,FER,AGO-H,4,TORINO - p.za Bengasi,22.25
C0837,267,123456,FER,AGO-H,5,Bivio MONCALIERI,22.28
C0837,267,123456,FER,AGO-H,6,NICHELINO - Municipio,22.32
C0837,267,123456,FER,AGO-H,7,NICHELINO - Stazione FS,22.33
C0837,267,123456,FER,AGO-H,8,GARINO,22.36
C0837,267,123456,FER,AGO-H,9,VINOVO - Bivio Torrette,22.39
C0837,267,123456,FER,AGO-H,10,VINOVO - Tetti Rosa,22.40
C0837,267,123456,FER,AGO-H,11,VINOVO - v. S. Desiderio,22.48
C0837,267,123456,FER,AGO-H,12,PIOBESI T.SE - Municipio,22.53
C0837,267,123456,FER,AGO-H,13,PIOBESI T.SE-v.Torino/Costituz,22.55
C0837,267,123456,FER,AGO-H,14,PIOBESI T.SE-v.Torino 41-Capol,22.56
C0838,267,12345,FER,D,1,TORINO - p.za Bengasi,22.35
C0838,267,12345,FER,D,2,TORINO - c.so Unione Sov. 409 (p.zza Caio Mario),22.31
C0838,267,12345,FER,D,3,Bivio MONCALIERI,22.38
C0838,267,12345,FER,D,4,NICHELINO - Municipio,22:42
C0838,267,12345,FER,D,5,NICHELINO - Stazione FS,22.43
C0838,267,12345,FER,D,6,GARINO,22:46
C0838,267,12345,FER,D,7,VINOVO - Bivio Torrette,22:49
C0838,267,12345,FER,D,8,VINOVO - Tetti Rosa,22:50
C0838,267,12345,FER,D,9,VINOVO - v. S. Desiderio,22.58
C0838,267,12345,FER,D,10,PIOBESI T.SE - Municipio,23:03
C0838,267,12345,FER,D,11,PIOBESI T.SE-v.Torino/Costituz,23:04
C0838,267,12345,FER,D,12,PIOBESI T.SE-v.Torino 41-Capol,23:05
C0839,267,78,FEST,,1,TORINO - Via De Cristoforis (Capolinea),22:30
C0839,267,78,FEST,,2,TORINO - Piazza Carducci,22:37
C0839,267,78,FEST,,3,TORINO - via Nizza -Lingotto Fiere,22:39
C0839,267,78,FEST,,4,TORINO - p.za Bengasi,22.45
C0839,267,78,FEST,,5,Bivio MONCALIERI,22:48
C0839,267,78,FEST,,6,NICHELINO - Municipio,22:52
C0839,267,78,FEST,,7,NICHELINO - Stazione FS,22.53
C0839,267,78,FEST,,8,GARINO,22.55
C0839,267,78,FEST,,9,VINOVO - Bivio Torrette,22.57
C0839,267,78,FEST,,10,VINOVO - Tetti Rosa,22.58
C0839,267,78,FEST,,11,VINOVO - v. S. Desiderio,23.05
C0839,267,78,FEST,,12,PIOBESI T.SE - Municipio,23.09
C0839,267,78,FEST,,13,PIOBESI T.SE-v.Torino/Costituz,23:11
C0839,267,78,FEST,,14,PIOBESI T.SE-v.Torino 41-Capol,23.12
C0840,267,123456,FER,,1,TORINO - Via De Cristoforis (Capolinea),23:05
C0840,267,123456,FER,,2,TORINO - Piazza Carducci,23:12
C0840,267,123456,FER,,3,TORINO - via Nizza -Lingotto Fiere,23:14
C0840,267,123456,FER,,4,TORINO - p.za Bengasi,23.20
C0840,267,123456,FER,,5,Bivio MONCALIERI,23:23
C0840,267,123456,FER,,6,NICHELINO - Municipio,23:27
C0840,267,123456,FER,,7,NICHELINO - Stazione FS,23.28
C0840,267,123456,FER,,8,GARINO,23:31
C0840,267,123456,FER,,9,VINOVO - Bivio Torrette,23:34
C0840,267,123456,FER,,10,VINOVO - Tetti Rosa,23:35
C0840,267,123456,FER,,11,VINOVO - v. S. Desiderio,23.43
C0840,267,123456,FER,,12,PIOBESI T.SE - Municipio,23:48
C0840,267,123456,FER,,13,PIOBESI T.SE-v.Torino/Costituz,23.50
C0840,267,123456,FER,,14,PIOBESI T.SE-v.Torino 41-Capol,23.51
C0841,267,12345,FER,V,1,PIOBESI T.SE-v.Torino 41-Capol,4:49
C0841,267,12345,FER,V,2,PIOBESI T.SE-v.Torino/Costituz,4:50
C0841,267,12345,FER,V,3,PIOBESI T.SE - Municipio,4:52
C0841,267,12345,FER,V,4,VINOVO - Tetti Rosa,5:02
C0841,267,12345,FER,V,5,VINOVO - Bivio Torrette,5:03
C0841,267,12345,FER,V,6,GARINO,5:05
C0841,267,12345,FER,V,7,NICHELINO - Stazione FS,5.09
C0841,267,12345,FER,V,8,NICHELINO - Municipio,5:10
C0841,267,12345,FER,V,9,Bivio MONCALIERI,5:18
C0841,267,12345,FER,V,10,TORINO - p.za Bengasi,5:20
C0841,267,12345,FER,V,11,TORINO - Piazza Carducci,5.38
C0841,267,12345,FER,V,12,TORINO - Via De Cristoforis (Capolinea),5.45
C0842,267,123456,FER,,1,PIOBESI T.SE-v.Torino 41-Capol,5:39
C0842,267,123456,FER,,2,PIOBESI T.SE-v.Torino/Costituz,5:40
C0842,267,123456,FER,,3,PIOBESI T.SE - Municipio,5:42
C0842,267,123456,FER,,4,VINOVO - Tetti Rosa,5:52
C0842,267,123456,FER,,5,VINOVO - Bivio Torrette,5:53
C0842,267,123456,FER,,6,GARINO,5:55
C0842,267,123456,FER,,7,NICHELINO - Stazione FS,5.59
C0842,267,123456,FER,,8,NICHELINO - Municipio,6:00
C0842,267,123456,FER,,9,Bivio MONCALIERI,6:06
C0842,267,123456,FER,,10,TORINO - p.za Bengasi,6:10
C0842,267,123456,FER,,11,TORINO - Piazza Carducci,6:18
C0842,267,123456,FER,,12,TORINO - Via De Cristoforis (Capolinea),6:25
C0843,267,12345,FER,D,1,PIOBESI T.SE-v.Torino 41-Capol,5:59
C0843,267,12345,FER,D,2,PIOBESI T.SE-v.Torino/Costituz,6:00
C0843,267,12345,FER,D,3,PIOBESI T.SE - Municipio,6:02
C0843,267,12345,FER,D,4,VINOVO - Tetti Rosa,6:12
C0843,267,12345,FER,D,5,VINOVO - Bivio Torrette,6:13
C0843,267,12345,FER,D,6,GARINO,6:15
C0843,267,12345,FER,D,7,NICHELINO - Stazione FS,6.19
C0843,267,12345,FER,D,8,NICHELINO - Municipio,6:20
C0843,267,12345,FER,D,9,Bivio MONCALIERI,6:26
C0843,267,12345,FER,D,10,TORINO - p.za Bengasi,6:30
C0843,267,12345,FER,D,11,TORINO - Piazza Carducci,6:38
C0843,267,12345,FER,D,12,TORINO - Via De Cristoforis (Capolinea),6:45
C0844,267,123456,FER,,1,PIOBESI T.SE-v.Torino 41-Capol,6:34
C0844,267,123456,FER,,2,PIOBESI T.SE-v.Torino/Costituz,6:35
C0844,267,123456,FER,,3,PIOBESI T.SE - Municipio,6:37
C0844,267,123456,FER,,4,VINOVO - Tetti Rosa,6:47
C0844,267,123456,FER,,5,VINOVO - Bivio Torrette,6:48
C0844,267,123456,FER,,6,GARINO,6:50
C0844,267,123456,FER,,7,NICHELINO - Stazione FS,6.56
C0844,267,123456,FER,,8,NICHELINO - Municipio,6:57
C0844,267,123456,FER,,9,Bivio MONCALIERI,7:03
C0844,267,123456,FER,,10,TORINO - p.za Bengasi,7:09
C0844,267,123456,FER,,11,TORINO - Piazza Carducci,7:18
C0844,267,123456,FER,,12,TORINO - Via De Cristoforis (Capolinea),7:25
C0845,267,123456,FER,D,1,PIOBESI T.SE-v.Torino 41-Capol,6:49
C0845,267,123456,FER,D,2,PIOBESI T.SE-v.Torino/Costituz,6:50
C0845,267,123456,FER,D,3,PIOBESI T.SE - Municipio,6:52
C0845,267,123456,FER,D,4,VINOVO - Tetti Rosa,7:02
C0845,267,123456,FER,D,5,VINOVO - Bivio Torrette,7:03
C0845,267,123456,FER,D,6,VINOVO - Ippodromo -Mondo Juve,7:05
C0845,267,123456,FER,D,7,TORINO - strada del Drosso,7:14
C0845,267,123456,FER,D,8,TORINO - Via De Cristoforis (Capolinea),7:30
C0846,267,123456,FER,H,1,PIOBESI T.SE-v.Torino 41-Capol,6:59
C0846,267,123456,FER,H,2,PIOBESI T.SE-v.Torino/Costituz,7:00
C0846,267,123456,FER,H,3,PIOBESI T.SE - Municipio,7:02
C0846,267,123456,FER,H,4,VINOVO - Tetti Rosa,7:12
C0846,267,123456,FER,H,5,VINOVO - Bivio Torrette,7:13
C0846,267,123456,FER,H,6,GARINO,7:15
C0846,267,123456,FER,H,7,NICHELINO - Stazione FS,7.20
C0846,267,123456,FER,H,8,NICHELINO - Municipio,7:22
C0846,267,123456,FER,H,9,Bivio MONCALIERI,7:28
C0846,267,123456,FER,H,10,TORINO - p.za Bengasi,7:34
C0846,267,123456,FER,H,11,TORINO - Piazza Carducci,7.46
C0846,267,123456,FER,H,12,TORINO - Via De Cristoforis (Capolinea),7.54
C0847,267,123456,FER,P,1,PIOBESI T.SE-v.Torino 41-Capol,7:09
C0847,267,123456,FER,P,2,PIOBESI T.SE-v.Torino/Costituz,7:10
C0847,267,123456,FER,P,3,PIOBESI T.SE - Municipio,7:12
C0847,267,123456,FER,P,4,VINOVO - Tetti Rosa,7:22
C0847,267,123456,FER,P,5,VINOVO - Bivio Torrette,7:23
C0847,267,123456,FER,P,6,GARINO,7:25
C0847,267,123456,FER,P,7,NICHELINO - Stazione FS,7.30
C0847,267,123456,FER,P,8,NICHELINO - Municipio,7:32
C0847,267,123456,FER,P,9,Bivio MONCALIERI,7:38
C0847,267,123456,FER,P,10,TORINO - p.za Bengasi,7.45
C0847,267,123456,FER,P,11,TORINO - Piazza Carducci,7.57
C0847,267,123456,FER,P,12,TORINO - Via De Cristoforis (Capolinea),8.05
C0848,267,12345,SCO,Scol,1,PIOBESI T.SE-v.Torino 41-Capol,7:14
C0848,267,12345,SCO,Scol,2,PIOBESI T.SE-v.Torino/Costituz,7:15
C0848,267,12345,SCO,Scol,3,PIOBESI T.SE - Municipio,7:17
C0848,267,12345,SCO,Scol,4,VINOVO - Tetti Rosa,7:30
C0848,267,12345,SCO,Scol,5,VINOVO - Bivio Torrette,7:34
C0848,267,12345,SCO,Scol,6,VINOVO - Ippodromo -Mondo Juve,7:40
C0848,267,12345,SCO,Scol,7,GARINO,7:36
C0848,267,12345,SCO,Scol,8,NICHELINO-v.XXV Aprile -Scuole,7:44
C0848,267,12345,SCO,Scol,9,TORINO - strada del Drosso,7:51
C0849,267,6,SCO,Scol,1,PIOBESI T.SE-v.Torino 41-Capol,7:14
C0849,267,6,SCO,Scol,2,PIOBESI T.SE-v.Torino/Costituz,7:15
C0849,267,6,SCO,Scol,3,PIOBESI T.SE - Municipio,7:17
C0849,267,6,SCO,Scol,4,VINOVO - Tetti Rosa,7:27
C0849,267,6,SCO,Scol,5,VINOVO - Bivio Torrette,7:29
C0849,267,6,SCO,Scol,6,VINOVO - Ippodromo -Mondo Juve,7:31
C0849,267,6,SCO,Scol,7,TORINO - strada del Drosso,7:39
C0850,267,12345,SCO,Scol,1,PIOBESI T.SE-v.Torino 41-Capol,7:19
C0850,267,12345,SCO,Scol,2,PIOBESI T.SE-v.Torino/Costituz,7:20
C0850,267,12345,SCO,Scol,3,PIOBESI T.SE - Municipio,7:22
C0850,267,12345,SCO,Scol,4,VINOVO - Tetti Rosa,7:31
C0850,267,12345,SCO,Scol,5,VINOVO - Bivio Torrette,7:34
C0850,267,12345,SCO,Scol,6,VINOVO - Ippodromo -Mondo Juve,7:40
C0850,267,12345,SCO,Scol,7,NICHELINO-v.XXV Aprile -Scuole,7.45
C0850,267,12345,SCO,Scol,8,Bivio MONCALIERI,7:55
C0850,267,12345,SCO,Scol,9,TORINO - p.za Bengasi,8:02
C0850,267,12345,SCO,Scol,10,TORINO - Piazza Carducci,8:12
C0850,267,12345,SCO,Scol,11,TORINO - Via De Cristoforis (Capolinea),8:20
C0851,267,6,SCO,Scol,1,PIOBESI T.SE-v.Torino 41-Capol,7:19
C0851,267,6,SCO,Scol,2,PIOBESI T.SE-v.Torino/Costituz,7:20
C0851,267,6,SCO,Scol,3,PIOBESI T.SE - Municipio,7:22
C0851,267,6,SCO,Scol,4,VINOVO - Tetti Rosa,7:31
C0851,267,6,SCO,Scol,5,VINOVO - Bivio Torrette,7:34
C0851,267,6,SCO,Scol,6,VINOVO - Ippodromo -Mondo Juve,7:40
C0851,267,6,SCO,Scol,7,GARINO,7.37
C0851,267,6,SCO,Scol,8,NICHELINO-v.XXV Aprile -Scuole,7.45
C0851,267,6,SCO,Scol,9,Bivio MONCALIERI,7:55
C0851,267,6,SCO,Scol,10,TORINO - p.za Bengasi,8:02
C0851,267,6,SCO,Scol,11,TORINO - Piazza Carducci,8:12
C0851,267,6,SCO,Scol,12,TORINO - Via De Cristoforis (Capolinea),8:20
C0852,267,123456,FER,,1,PIOBESI T.SE-v.Torino 41-Capol,7:29
C0852,267,123456,FER,,2,PIOBESI T.SE-v.Torino/Costituz,7:30
C0852,267,123456,FER,,3,PIOBESI T.SE - Municipio,7:32
C0852,267,123456,FER,,4,VINOVO - Tetti Rosa,7:42
C0852,267,123456,FER,,5,VINOVO - Bivio Torrette,7.43
C0852,267,123456,FER,,6,GARINO,7.45
C0852,267,123456,FER,,7,NICHELINO - Stazione FS,7.53
C0852,267,123456,FER,,8,NICHELINO - Municipio,7:55
C0852,267,123456,FER,,9,Bivio MONCALIERI,8:01
C0852,267,123456,FER,,10,TORINO - p.za Bengasi,8:08
C0852,267,123456,FER,,11,TORINO - Piazza Carducci,8:17
C0852,267,123456,FER,,12,TORINO - Via De Cristoforis (Capolinea),8:25
C0853,267,12345,FER,D,1,PIOBESI T.SE-v.Torino 41-Capol,7.38
C0853,267,12345,FER,D,2,PIOBESI T.SE-v.Torino/Costituz,7.39
C0853,267,12345,FER,D,3,PIOBESI T.SE - Municipio,7.44
C0853,267,12345,FER,D,4,VINOVO - Tetti Rosa,7.51
C0853,267,12345,FER,D,5,VINOVO - Bivio Torrette,7.54
C0853,267,12345,FER,D,6,VINOVO - Ippodromo -Mondo Juve,7.56
C0853,267,12345,FER,D,7,TORINO - strada del Drosso,8.03
C0854,267,12345,FER,D,1,PIOBESI T.SE-v.Torino 41-Capol,7.59
C0854,267,12345,FER,D,2,PIOBESI T.SE-v.Torino/Costituz,8.00
C0854,267,12345,FER,D,3,PIOBESI T.SE - Municipio,8.02
C0854,267,12345,FER,D,4,VINOVO - Tetti Rosa,8.12
C0854,267,12345,FER,D,5,VINOVO - Bivio Torrette,8.13
C0854,267,12345,FER,D,6,GARINO,8.15
C0854,267,12345,FER,D,7,NICHELINO - Stazione FS,8.19
C0854,267,12345,FER,D,8,NICHELINO - Municipio,8.20
C0854,267,12345,FER,D,9,Bivio MONCALIERI,8.26
C0854,267,12345,FER,D,10,TORINO - p.za Bengasi,8.30
C0854,267,12345,FER,D,11,TORINO - Piazza Carducci,8.38
C0854,267,12345,FER,D,12,TORINO - Via De Cristoforis (Capolinea),8.45
C0855,267,8,FEST,,1,PIOBESI T.SE-v.Torino 41-Capol,8.09
C0855,267,8,FEST,,2,PIOBESI T.SE-v.Torino/Costituz,8:10
C0855,267,8,FEST,,3,PIOBESI T.SE - Municipio,8:12
C0855,267,8,FEST,,4,VINOVO - Tetti Rosa,8:22
C0855,267,8,FEST,,5,VINOVO - Bivio Torrette,8:23
C0855,267,8,FEST,,6,GARINO,8:25
C0855,267,8,FEST,,7,NICHELINO - Stazione FS,8.29
C0855,267,8,FEST,,8,NICHELINO - Municipio,8.30
C0855,267,8,FEST,,9,Bivio MONCALIERI,8:36
C0855,267,8,FEST,,10,TORINO - p.za Bengasi,8:40
C0855,267,8,FEST,,11,TORINO - Piazza Carducci,8:48
C0855,267,8,FEST,,12,TORINO - Via De Cristoforis (Capolinea),8:55
C0856,267,12345,SCO,Scol,1,CARIGNANO-P.zza Donatori Avis,8.00
C0856,267,12345,SCO,Scol,2,PIOBESI T.SE-v.Torino/Costituz,8:15
C0856,267,12345,SCO,Scol,3,PIOBESI T.SE - Municipio,8:17
C0856,267,12345,SCO,Scol,4,VINOVO - Tetti Rosa,8:27
C0856,267,12345,SCO,Scol,5,VINOVO - Bivio Torrette,8:30
C0856,267,12345,SCO,Scol,6,GARINO,8:33
C0856,267,12345,SCO,Scol,7,NICHELINO - Stazione FS,8.39
C0856,267,12345,SCO,Scol,8,NICHELINO - Municipio,8:40
C0856,267,12345,SCO,Scol,9,Bivio MONCALIERI,8:46
C0856,267,12345,SCO,Scol,10,TORINO - p.za Bengasi,8:53
C0856,267,12345,SCO,Scol,11,TORINO - Piazza Carducci,9:03
C0856,267,12345,SCO,Scol,12,TORINO - Via De Cristoforis (Capolinea),9:15
C0857,267,6,FER,D,1,PIOBESI T.SE-v.Torino 41-Capol,8.24
C0857,267,6,FER,D,2,PIOBESI T.SE-v.Torino/Costituz,8.25
C0857,267,6,FER,D,3,PIOBESI T.SE - Municipio,8.27
C0857,267,6,FER,D,4,VINOVO - Tetti Rosa,8.37
C0857,267,6,FER,D,5,VINOVO - Bivio Torrette,8.38
C0857,267,6,FER,D,6,GARINO,8.40
C0857,267,6,FER,D,7,NICHELINO - Stazione FS,8.44
C0857,267,6,FER,D,8,NICHELINO - Municipio,8.45
C0857,267,6,FER,D,9,Bivio MONCALIERI,8.51
C0857,267,6,FER,D,10,TORINO - p.za Bengasi,8.55
C0857,267,6,FER,D,11,TORINO - Piazza Carducci,9.03
C0857,267,6,FER,D,12,TORINO - Via De Cristoforis (Capolinea),9.10
C0858,267,123456,FER,AGO,1,PIOBESI T.SE-v.Torino 41-Capol,8.24
C0858,267,123456,FER,AGO,2,PIOBESI T.SE-v.Torino/Costituz,8.25
C0858,267,123456,FER,AGO,3,PIOBESI T.SE - Municipio,8.27
C0858,267,123456,FER,AGO,4,VINOVO - Tetti Rosa,8.37
C0858,267,123456,FER,AGO,5,VINOVO - Bivio Torrette,8.38
C0858,267,123456,FER,AGO,6,GARINO,8.40
C0858,267,123456,FER,AGO,7,NICHELINO - Stazione FS,8.44
C0858,267,123456,FER,AGO,8,NICHELINO - Municipio,8.45
C0858,267,123456,FER,AGO,9,Bivio MONCALIERI,8.51
C0858,267,123456,FER,AGO,10,TORINO - p.za Bengasi,8.55
C0858,267,123456,FER,AGO,11,TORINO - Piazza Carducci,9.03
C0858,267,123456,FER,AGO,12,TORINO - Via De Cristoforis (Capolinea),9.10
C0859,267,12345,FER,D,1,PIOBESI T.SE-v.Torino 41-Capol,9:04
C0859,267,12345,FER,D,2,PIOBESI T.SE-v.Torino/Costituz,9:05
C0859,267,12345,FER,D,3,PIOBESI T.SE - Municipio,9:07
C0859,267,12345,FER,D,4,VINOVO - Tetti Rosa,9:17
C0859,267,12345,FER,D,5,VINOVO - Bivio Torrette,9:18
C0859,267,12345,FER,D,6,VINOVO - Ippodromo -Mondo Juve,9:20
C0859,267,12345,FER,D,7,TORINO - strada del Drosso,9.27
C0860,267,12345,SCO,Scol,1,CARIGNANO-P.zza Donatori Avis,8.50
C0860,267,12345,SCO,Scol,2,PIOBESI T.SE-v.Torino/Costituz,9:05
C0860,267,12345,SCO,Scol,3,PIOBESI T.SE - Municipio,9:07
C0860,267,12345,SCO,Scol,4,VINOVO - Tetti Rosa,9:17
C0860,267,12345,SCO,Scol,5,VINOVO - Bivio Torrette,9:18
C0860,267,12345,SCO,Scol,6,VINOVO - Ippodromo -Mondo Juve,9:20
C0860,267,12345,SCO,Scol,7,TORINO - strada del Drosso,9.27
C0861,267,6,FER,D,1,PIOBESI T.SE-v.Torino 41-Capol,9:04
C0861,267,6,FER,D,2,PIOBESI T.SE-v.Torino/Costituz,9:05
C0861,267,6,FER,D,3,PIOBESI T.SE - Municipio,9:07
C0861,267,6,FER,D,4,VINOVO - Tetti Rosa,9:17
C0861,267,6,FER,D,5,VINOVO - Bivio Torrette,9:18
C0861,267,6,FER,D,6,VINOVO - Ippodromo -Mondo Juve,9:20
C0861,267,6,FER,D,7,TORINO - strada del Drosso,9.27
C0862,267,123456,FER,H,1,PIOBESI T.SE-v.Torino 41-Capol,10:04
C0862,267,123456,FER,H,2,PIOBESI T.SE-v.Torino/Costituz,10:05
C0862,267,123456,FER,H,3,PIOBESI T.SE - Municipio,10:07
C0862,267,123456,FER,H,4,VINOVO - Tetti Rosa,10:17
C0862,267,123456,FER,H,5,VINOVO - Bivio Torrette,10:18
C0862,267,123456,FER,H,6,GARINO,10.23
C0862,267,123456,FER,H,7,NICHELINO - Stazione FS,10.26
C0862,267,123456,FER,H,8,NICHELINO - Municipio,10:27
C0862,267,123456,FER,H,9,Bivio MONCALIERI,10:33
C0862,267,123456,FER,H,10,TORINO - p.za Bengasi,10:39
C0862,267,123456,FER,H,11,TORINO - Piazza Carducci,10:48
C0862,267,123456,FER,H,12,TORINO - Via De Cristoforis (Capolinea),10:55
C0863,267,12345,FER,,1,PIOBESI T.SE-v.Torino 41-Capol,10:29
C0863,267,12345,FER,,2,PIOBESI T.SE-v.Torino/Costituz,10:30
C0863,267,12345,FER,,3,PIOBESI T.SE - Municipio,10:32
C0863,267,12345,FER,,4,VINOVO - Tetti Rosa,10:42
C0863,267,12345,FER,,5,VINOVO - Bivio Torrette,10:43
C0863,267,12345,FER,,6,GARINO,10:45
C0863,267,12345,FER,,7,NICHELINO - Stazione FS,10.51
C0863,267,12345,FER,,8,NICHELINO - Municipio,10:52
C0863,267,12345,FER,,9,Bivio MONCALIERI,10:58
C0863,267,12345,FER,,10,TORINO - p.za Bengasi,11:04
C0863,267,12345,FER,,11,TORINO - Piazza Carducci,11:13
C0863,267,12345,FER,,12,TORINO - Via De Cristoforis (Capolinea),11:20
C0864,267,6,FER,AGO,1,PIOBESI T.SE-v.Torino 41-Capol,10:29
C0864,267,6,FER,AGO,2,PIOBESI T.SE-v.Torino/Costituz,10:30
C0864,267,6,FER,AGO,3,PIOBESI T.SE - Municipio,10:32
C0864,267,6,FER,AGO,4,VINOVO - Tetti Rosa,10:42
C0864,267,6,FER,AGO,5,VINOVO - Bivio Torrette,10:43
C0864,267,6,FER,AGO,6,GARINO,10:45
C0864,267,6,FER,AGO,7,NICHELINO - Stazione FS,10.49
C0864,267,6,FER,AGO,8,NICHELINO - Municipio,10:52
C0864,267,6,FER,AGO,9,Bivio MONCALIERI,10.56
C0864,267,6,FER,AGO,10,TORINO - p.za Bengasi,11.00
C0864,267,6,FER,AGO,11,TORINO - Piazza Carducci,11.08
C0864,267,6,FER,AGO,12,TORINO - Via De Cristoforis (Capolinea),11.15
C0865,267,6,FER,D,1,PIOBESI T.SE-v.Torino 41-Capol,10:59
C0865,267,6,FER,D,2,PIOBESI T.SE-v.Torino/Costituz,11:00
C0865,267,6,FER,D,3,PIOBESI T.SE - Municipio,11:02
C0865,267,6,FER,D,4,VINOVO - Tetti Rosa,11:12
C0865,267,6,FER,D,5,VINOVO - Bivio Torrette,11:13
C0865,267,6,FER,D,6,GARINO,11:15
C0865,267,6,FER,D,7,NICHELINO - Stazione FS,11.21
C0865,267,6,FER,D,8,NICHELINO - Municipio,11:22
C0865,267,6,FER,D,9,Bivio MONCALIERI,11:28
C0865,267,6,FER,D,10,TORINO - p.za Bengasi,11:34
C0865,267,6,FER,D,11,TORINO - Piazza Carducci,11:43
C0865,267,6,FER,D,12,TORINO - Via De Cristoforis (Capolinea),11:50
C0866,267,123456,FER,D,1,PIOBESI T.SE-v.Torino 41-Capol,11:29
C0866,267,123456,FER,D,2,PIOBESI T.SE-v.Torino/Costituz,11:30
C0866,267,123456,FER,D,3,PIOBESI T.SE - Municipio,11:32
C0866,267,123456,FER,D,4,VINOVO - Tetti Rosa,11:42
C0866,267,123456,FER,D,5,VINOVO - Bivio Torrette,11:43
C0866,267,123456,FER,D,6,GARINO,11:45
C0866,267,123456,FER,D,7,NICHELINO - Stazione FS,11.49
C0866,267,123456,FER,D,8,NICHELINO - Municipio,11:52
C0866,267,123456,FER,D,9,Bivio MONCALIERI,11:58
C0866,267,123456,FER,D,10,TORINO - p.za Bengasi,12:04
C0866,267,123456,FER,D,11,TORINO - Piazza Carducci,12:13
C0866,267,123456,FER,D,12,TORINO - Via De Cristoforis (Capolinea),12:20
C0867,267,8,FEST,,1,PIOBESI T.SE-v.Torino 41-Capol,11:29
C0867,267,8,FEST,,2,PIOBESI T.SE-v.Torino/Costituz,11:30
C0867,267,8,FEST,,3,PIOBESI T.SE - Municipio,11:32
C0867,267,8,FEST,,4,VINOVO - Tetti Rosa,11:42
C0867,267,8,FEST,,5,VINOVO - Bivio Torrette,11:43
C0867,267,8,FEST,,6,GARINO,11:45
C0867,267,8,FEST,,7,NICHELINO - Stazione FS,11.49
C0867,267,8,FEST,,8,NICHELINO - Municipio,11:50
C0867,267,8,FEST,,9,Bivio MONCALIERI,11:56
C0867,267,8,FEST,,10,TORINO - p.za Bengasi,12:00
C0867,267,8,FEST,,11,TORINO - Piazza Carducci,12:08
C0867,267,8,FEST,,12,TORINO - Via De Cristoforis (Capolinea),12:15
C0868,267,123456,FER,,1,PIOBESI T.SE-v.Torino 41-Capol,12:24
C0868,267,123456,FER,,2,PIOBESI T.SE-v.Torino/Costituz,12:25
C0868,267,123456,FER,,3,PIOBESI T.SE - Municipio,12:27
C0868,267,123456,FER,,4,VINOVO - Tetti Rosa,12:37
C0868,267,123456,FER,,5,VINOVO - Bivio Torrette,12:38
C0868,267,123456,FER,,6,GARINO,12:40
C0868,267,123456,FER,,7,NICHELINO - Stazione FS,12.46
C0868,267,123456,FER,,8,NICHELINO - Municipio,12:47
C0868,267,123456,FER,,9,Bivio MONCALIERI,12:53
C0868,267,123456,FER,,10,TORINO - p.za Bengasi,12:59
C0868,267,123456,FER,,11,TORINO - Piazza Carducci,13:08
C0868,267,123456,FER,,12,TORINO - Via De Cristoforis (Capolinea),13:15
C0869,267,123456,FER,al,1,PIOBESI T.SE-v.Torino 41-Capol,13:34
C0869,267,123456,FER,al,2,PIOBESI T.SE-v.Torino/Costituz,13:35
C0869,267,123456,FER,al,3,PIOBESI T.SE - Municipio,13:37
C0869,267,123456,FER,al,4,VINOVO - Tetti Rosa,13:47
C0869,267,123456,FER,al,5,VINOVO - Bivio Torrette,13:48
C0869,267,123456,FER,al,6,GARINO,13:50
C0869,267,123456,FER,al,7,NICHELINO - Stazione FS,13.56
C0869,267,123456,FER,al,8,NICHELINO - Municipio,13:57
C0869,267,123456,FER,al,9,Bivio MONCALIERI,14:03
C0869,267,123456,FER,al,10,TORINO - p.za Bengasi,14:09
C0869,267,123456,FER,al,11,TORINO - Piazza Carducci,14:18
C0869,267,123456,FER,al,12,TORINO - Via De Cristoforis (Capolinea),14:25
C0870,267,123456,SCO,Scol,1,CARIGNANO-P.zza Donatori Avis,13.20
C0870,267,123456,SCO,Scol,2,PIOBESI T.SE-v.Torino/Costituz,13:35
C0870,267,123456,SCO,Scol,3,PIOBESI T.SE - Municipio,13:37
C0870,267,123456,SCO,Scol,4,VINOVO - Tetti Rosa,13:47
C0870,267,123456,SCO,Scol,5,VINOVO - Bivio Torrette,13:48
C0870,267,123456,SCO,Scol,6,GARINO,13:50
C0870,267,123456,SCO,Scol,7,NICHELINO - Stazione FS,13.56
C0870,267,123456,SCO,Scol,8,NICHELINO - Municipio,13:57
C0870,267,123456,SCO,Scol,9,Bivio MONCALIERI,14:03
C0870,267,123456,SCO,Scol,10,TORINO - p.za Bengasi,14:09
C0870,267,123456,SCO,Scol,11,TORINO - Piazza Carducci,14:18
C0870,267,123456,SCO,Scol,12,TORINO - Via De Cristoforis (Capolinea),14:25
C0871,267,12345,SCO,Scol,1,CARIGNANO-P.zza Donatori Avis,13.20
C0871,267,12345,SCO,Scol,2,PIOBESI T.SE - c.so Italia 50d,13.39
C0871,267,12345,SCO,Scol,3,PIOBESI T.SE-v.Torino/Costituz,13:35
C0871,267,12345,SCO,Scol,4,PIOBESI T.SE - Municipio,13:37
C0871,267,12345,SCO,Scol,5,VINOVO - Tetti Rosa,13:50
C0871,267,12345,SCO,Scol,6,VINOVO - Bivio Torrette,13:51
C0871,267,12345,SCO,Scol,7,VINOVO - Ippodromo -Mondo Juve,13:58
C0871,267,12345,SCO,Scol,8,GARINO,13:56
C0871,267,12345,SCO,Scol,9,NICHELINO-v.XXV Aprile -Scuole,14.05
C0872,267,8,FEST,,1,PIOBESI T.SE-v.Torino 41-Capol,13:59
C0872,267,8,FEST,,2,PIOBESI T.SE-v.Torino/Costituz,14:00
C0872,267,8,FEST,,3,PIOBESI T.SE - Municipio,14:02
C0872,267,8,FEST,,4,VINOVO - Tetti Rosa,14:12
C0872,267,8,FEST,,5,VINOVO - Bivio Torrette,14:13
C0872,267,8,FEST,,6,GARINO,14:15
C0872,267,8,FEST,,7,NICHELINO - Stazione FS,14.21
C0872,267,8,FEST,,8,NICHELINO - Municipio,14:22
C0872,267,8,FEST,,9,Bivio MONCALIERI,14:28
C0872,267,8,FEST,,10,TORINO - p.za Bengasi,14:34
C0872,267,8,FEST,,11,TORINO - Piazza Carducci,14:43
C0872,267,8,FEST,,12,TORINO - Via De Cristoforis (Capolinea),14:50
C0873,267,12345,SCO,Scol,1,CARIGNANO-P.zza Donatori Avis,14.10
C0873,267,12345,SCO,Scol,2,PIOBESI T.SE-v.Torino/Costituz,14:20
C0873,267,12345,SCO,Scol,3,PIOBESI T.SE - Municipio,14:23
C0873,267,12345,SCO,Scol,4,VINOVO - Tetti Rosa,14:33
C0873,267,12345,SCO,Scol,5,VINOVO - Bivio Torrette,14:34
C0873,267,12345,SCO,Scol,6,GARINO,14:36
C0873,267,12345,SCO,Scol,7,NICHELINO - Stazione FS,14.42
C0873,267,12345,SCO,Scol,8,NICHELINO - Municipio,14:43
C0873,267,12345,SCO,Scol,9,Bivio MONCALIERI,14:49
C0873,267,12345,SCO,Scol,10,TORINO - p.za Bengasi,14.58
C0873,267,12345,SCO,Scol,11,TORINO - Piazza Carducci,15.08
C0873,267,12345,SCO,Scol,12,TORINO - Via De Cristoforis (Capolinea),15.16
C0874,267,12345,SCO,Scol,1,CARIGNANO-P.zza Donatori Avis,14.10
C0874,267,12345,SCO,Scol,2,PIOBESI T.SE - c.so Italia 50d,14.29
C0874,267,12345,SCO,Scol,3,PIOBESI T.SE-v.Torino/Costituz,14:25
C0874,267,12345,SCO,Scol,4,PIOBESI T.SE - Municipio,14:27
C0874,267,12345,SCO,Scol,5,VINOVO - Tetti Rosa,14:40
C0874,267,12345,SCO,Scol,6,VINOVO - Bivio Torrette,14:41
C0874,267,12345,SCO,Scol,7,VINOVO - Ippodromo -Mondo Juve,14:48
C0874,267,12345,SCO,Scol,8,GARINO,14:46
C0875,267,12345,FER,NS,1,PIOBESI T.SE-v.Torino 41-Capol,14:29
C0875,267,12345,FER,NS,2,PIOBESI T.SE-v.Torino/Costituz,14:30
C0875,267,12345,FER,NS,3,PIOBESI T.SE - Municipio,14:32
C0875,267,12345,FER,NS,4,VINOVO - Tetti Rosa,14:42
C0875,267,12345,FER,NS,5,VINOVO - Bivio Torrette,14:43
C0875,267,12345,FER,NS,6,GARINO,14:45
C0875,267,12345,FER,NS,7,NICHELINO - Stazione FS,14.51
C0875,267,12345,FER,NS,8,NICHELINO - Municipio,14:52
C0875,267,12345,FER,NS,9,Bivio MONCALIERI,14:58
C0875,267,12345,FER,NS,10,TORINO - p.za Bengasi,15:04
C0875,267,12345,FER,NS,11,TORINO - Piazza Carducci,15:13
C0875,267,12345,FER,NS,12,TORINO - Via De Cristoforis (Capolinea),15:20
C0876,267,6,FER,,1,PIOBESI T.SE-v.Torino 41-Capol,14:29
C0876,267,6,FER,,2,PIOBESI T.SE-v.Torino/Costituz,14:30
C0876,267,6,FER,,3,PIOBESI T.SE - Municipio,14:32
C0876,267,6,FER,,4,VINOVO - Tetti Rosa,14:42
C0876,267,6,FER,,5,VINOVO - Bivio Torrette,14:43
C0876,267,6,FER,,6,GARINO,14:45
C0876,267,6,FER,,7,NICHELINO - Stazione FS,14.51
C0876,267,6,FER,,8,NICHELINO - Municipio,14:52
C0876,267,6,FER,,9,Bivio MONCALIERI,14:58
C0876,267,6,FER,,10,TORINO - p.za Bengasi,15:04
C0876,267,6,FER,,11,TORINO - Piazza Carducci,15:13
C0876,267,6,FER,,12,TORINO - Via De Cristoforis (Capolinea),15:20
C0877,267,12345,FER,D,1,PIOBESI T.SE-v.Torino 41-Capol,15:09
C0877,267,12345,FER,D,2,PIOBESI T.SE-v.Torino/Costituz,15:10
C0877,267,12345,FER,D,3,PIOBESI T.SE - Municipio,15:12
C0877,267,12345,FER,D,4,VINOVO - Tetti Rosa,15:22
C0877,267,12345,FER,D,5,VINOVO - Bivio Torrette,15:23
C0877,267,12345,FER,D,6,GARINO,15:25
C0877,267,12345,FER,D,7,NICHELINO - Stazione FS,15.31
C0877,267,12345,FER,D,8,NICHELINO - Municipio,15:32
C0877,267,12345,FER,D,9,Bivio MONCALIERI,15:38
C0877,267,12345,FER,D,10,TORINO - p.za Bengasi,15:44
C0877,267,12345,FER,D,11,TORINO - Piazza Carducci,15:53
C0877,267,12345,FER,D,12,TORINO - Via De Cristoforis (Capolinea),16:00
C0878,267,12345,SCO,Scol,1,PIOBESI T.SE-v.Torino 41-Capol,15.40
C0878,267,12345,SCO,Scol,2,VINOVO - Tetti Rosa,15.52
C0878,267,12345,SCO,Scol,3,VINOVO - Bivio Torrette,15.53
C0878,267,12345,SCO,Scol,4,VINOVO - Ippodromo -Mondo Juve,15.55
C0878,267,12345,SCO,Scol,5,NICHELINO-v.XXV Aprile -Scuole,16.01
C0879,267,12345,FER,H,1,PIOBESI T.SE-v.Torino 41-Capol,15:44
C0879,267,12345,FER,H,2,PIOBESI T.SE-v.Torino/Costituz,15:45
C0879,267,12345,FER,H,3,PIOBESI T.SE - Municipio,15:47
C0879,267,12345,FER,H,4,VINOVO - Tetti Rosa,15:57
C0879,267,12345,FER,H,5,VINOVO - Bivio Torrette,15:58
C0879,267,12345,FER,H,6,GARINO,16:00
C0879,267,12345,FER,H,7,NICHELINO - Stazione FS,16.06
C0879,267,12345,FER,H,8,NICHELINO - Municipio,16:07
C0879,267,12345,FER,H,9,Bivio MONCALIERI,16:13
C0879,267,12345,FER,H,10,TORINO - p.za Bengasi,16.19
C0879,267,12345,FER,H,11,TORINO - Piazza Carducci,16:28
C0879,267,12345,FER,H,12,TORINO - Via De Cristoforis (Capolinea),16:35
C0880,267,6,FER,H,1,PIOBESI T.SE-v.Torino 41-Capol,15:44
C0880,267,6,FER,H,2,PIOBESI T.SE-v.Torino/Costituz,15:45
C0880,267,6,FER,H,3,PIOBESI T.SE - Municipio,15:47
C0880,267,6,FER,H,4,VINOVO - Tetti Rosa,15:57
C0880,267,6,FER,H,5,VINOVO - Bivio Torrette,15:58
C0880,267,6,FER,H,6,GARINO,16:00
C0880,267,6,FER,H,7,NICHELINO - Stazione FS,16.06
C0880,267,6,FER,H,8,NICHELINO - Municipio,16:07
C0880,267,6,FER,H,9,Bivio MONCALIERI,16:13
C0880,267,6,FER,H,10,TORINO - p.za Bengasi,16:19
C0880,267,6,FER,H,11,TORINO - Piazza Carducci,16:28
C0880,267,6,FER,H,12,TORINO - Via De Cristoforis (Capolinea),16:35
C0881,267,12345,SCO,Scol,1,CARIGNANO-P.zza Donatori Avis,15.50
C0881,267,12345,SCO,Scol,2,PIOBESI T.SE-v.Torino/Costituz,16:05
C0881,267,12345,SCO,Scol,3,PIOBESI T.SE - Municipio,16:07
C0881,267,12345,SCO,Scol,4,VINOVO - Tetti Rosa,16:17
C0881,267,12345,SCO,Scol,5,VINOVO - Bivio Torrette,16:18
C0881,267,12345,SCO,Scol,6,GARINO,16:20
C0881,267,12345,SCO,Scol,7,NICHELINO - Stazione FS,16.26
C0881,267,12345,SCO,Scol,8,NICHELINO - Municipio,16:27
C0881,267,12345,SCO,Scol,9,Bivio MONCALIERI,16:33
C0881,267,12345,SCO,Scol,10,TORINO - p.za Bengasi,16:39
C0881,267,12345,SCO,Scol,11,TORINO - Piazza Carducci,16:48
C0881,267,12345,SCO,Scol,12,TORINO - Via De Cristoforis (Capolinea),16:55
C0882,267,123456,FER,D,1,PIOBESI T.SE-v.Torino 41-Capol,16:20
C0882,267,123456,FER,D,2,PIOBESI T.SE-v.Torino/Costituz,16:21
C0882,267,123456,FER,D,3,PIOBESI T.SE - Municipio,16:23
C0882,267,123456,FER,D,4,VINOVO - Tetti Rosa,16:33
C0882,267,123456,FER,D,5,VINOVO - Bivio Torrette,16:34
C0882,267,123456,FER,D,6,GARINO,16:36
C0882,267,123456,FER,D,7,NICHELINO - Stazione FS,16.42
C0882,267,123456,FER,D,8,NICHELINO - Municipio,16:43
C0882,267,123456,FER,D,9,Bivio MONCALIERI,16:49
C0882,267,123456,FER,D,10,TORINO - p.za Bengasi,16:55
C0882,267,123456,FER,D,11,TORINO - Piazza Carducci,17:04
C0882,267,123456,FER,D,12,TORINO - Via De Cristoforis (Capolinea),17:11
C0883,267,8,FEST,,1,PIOBESI T.SE-v.Torino 41-Capol,16.59
C0883,267,8,FEST,,2,PIOBESI T.SE-v.Torino/Costituz,17:00
C0883,267,8,FEST,,3,PIOBESI T.SE - Municipio,17:02
C0883,267,8,FEST,,4,VINOVO - Tetti Rosa,17:12
C0883,267,8,FEST,,5,VINOVO - Bivio Torrette,17:13
C0883,267,8,FEST,,6,GARINO,17:15
C0883,267,8,FEST,,7,NICHELINO - Stazione FS,17.21
C0883,267,8,FEST,,8,NICHELINO - Municipio,17:22
C0883,267,8,FEST,,9,Bivio MONCALIERI,17:28
C0883,267,8,FEST,,10,TORINO - p.za Bengasi,17:34
C0883,267,8,FEST,,11,TORINO - Piazza Carducci,17:43
C0883,267,8,FEST,,12,TORINO - Via De Cristoforis (Capolinea),17:50
C0884,267,123456,FER,NS,1,PIOBESI T.SE-v.Torino 41-Capol,16.59
C0884,267,123456,FER,NS,2,PIOBESI T.SE-v.Torino/Costituz,17:00
C0884,267,123456,FER,NS,3,PIOBESI T.SE - Municipio,17:02
C0884,267,123456,FER,NS,4,VINOVO - Tetti Rosa,17:12
C0884,267,123456,FER,NS,5,VINOVO - Bivio Torrette,17:13
C0884,267,123456,FER,NS,6,GARINO,17:15
C0884,267,123456,FER,NS,7,NICHELINO - Stazione FS,17.21
C0884,267,123456,FER,NS,8,NICHELINO - Municipio,17:22
C0884,267,123456,FER,NS,9,Bivio MONCALIERI,17:28
C0884,267,123456,FER,NS,10,TORINO - p.za Bengasi,17:34
C0884,267,123456,FER,NS,11,TORINO - Piazza Carducci,17:43
C0884,267,123456,FER,NS,12,TORINO - Via De Cristoforis (Capolinea),17:50
C0885,267,123456,SCO,Scol,1,CARIGNANO-P.zza Donatori Avis,16.50
C0885,267,123456,SCO,Scol,2,PIOBESI T.SE-v.Torino/Costituz,17:05
C0885,267,123456,SCO,Scol,3,PIOBESI T.SE - Municipio,17:07
C0885,267,123456,SCO,Scol,4,VINOVO - Tetti Rosa,17:17
C0885,267,123456,SCO,Scol,5,VINOVO - Bivio Torrette,17:18
C0885,267,123456,SCO,Scol,6,GARINO,17:20
C0885,267,123456,SCO,Scol,7,NICHELINO - Stazione FS,17.26
C0885,267,123456,SCO,Scol,8,NICHELINO - Municipio,17:27
C0885,267,123456,SCO,Scol,9,Bivio MONCALIERI,17:33
C0885,267,123456,SCO,Scol,10,TORINO - p.za Bengasi,17:39
C0885,267,123456,SCO,Scol,11,TORINO - Piazza Carducci,17:48
C0885,267,123456,SCO,Scol,12,TORINO - Via De Cristoforis (Capolinea),17:55
C0886,267,12345,FER,D,1,PIOBESI T.SE-v.Torino 41-Capol,17:29
C0886,267,12345,FER,D,2,PIOBESI T.SE-v.Torino/Costituz,17:30
C0886,267,12345,FER,D,3,PIOBESI T.SE - Municipio,17:32
C0886,267,12345,FER,D,4,VINOVO - Tetti Rosa,17:42
C0886,267,12345,FER,D,5,VINOVO - Bivio Torrette,17:43
C0886,267,12345,FER,D,6,GARINO,17:45
C0886,267,12345,FER,D,7,NICHELINO - Stazione FS,17.51
C0886,267,12345,FER,D,8,NICHELINO - Municipio,17:52
C0886,267,12345,FER,D,9,Bivio MONCALIERI,17:58
C0886,267,12345,FER,D,10,TORINO - p.za Bengasi,18.07
C0886,267,12345,FER,D,11,TORINO - Piazza Carducci,18.17
C0886,267,12345,FER,D,12,TORINO - Via De Cristoforis (Capolinea),18.25
C0887,267,123456,FER,H,1,PIOBESI T.SE-v.Torino 41-Capol,18.19
C0887,267,123456,FER,H,2,PIOBESI T.SE-v.Torino/Costituz,18.20
C0887,267,123456,FER,H,3,PIOBESI T.SE - Municipio,18.22
C0887,267,123456,FER,H,4,VINOVO - Tetti Rosa,18.32
C0887,267,123456,FER,H,5,VINOVO - Bivio Torrette,18.33
C0887,267,123456,FER,H,6,GARINO,18.35
C0887,267,123456,FER,H,7,NICHELINO - Stazione FS,18.41
C0887,267,123456,FER,H,8,NICHELINO - Municipio,18:42
C0887,267,123456,FER,H,9,Bivio MONCALIERI,18.47
C0887,267,123456,FER,H,10,TORINO - p.za Bengasi,18.54
C0887,267,123456,FER,H,11,TORINO - Piazza Carducci,19.03
C0887,267,123456,FER,H,12,TORINO - Via De Cristoforis (Capolinea),19.10
C0888,267,12345,FER,,1,PIOBESI T.SE-v.Torino 41-Capol,18:59
C0888,267,12345,FER,,2,PIOBESI T.SE-v.Torino/Costituz,19:00
C0888,267,12345,FER,,3,PIOBESI T.SE - Municipio,19:02
C0888,267,12345,FER,,4,VINOVO - Tetti Rosa,19:12
C0888,267,12345,FER,,5,VINOVO - Bivio Torrette,19:13
C0888,267,12345,FER,,6,GARINO,19:15
C0888,267,12345,FER,,7,NICHELINO - Stazione FS,19.21
C0888,267,12345,FER,,8,NICHELINO - Municipio,19:22
C0888,267,12345,FER,,9,Bivio MONCALIERI,19:28
C0888,267,12345,FER,,10,TORINO - p.za Bengasi,19:34
C0888,267,12345,FER,,11,TORINO - Piazza Carducci,19:43
C0888,267,12345,FER,,12,TORINO - Via De Cristoforis (Capolinea),19:50
C0889,267,6,FER,AGO,1,PIOBESI T.SE-v.Torino 41-Capol,18:59
C0889,267,6,FER,AGO,2,PIOBESI T.SE-v.Torino/Costituz,19:00
C0889,267,6,FER,AGO,3,PIOBESI T.SE - Municipio,19:02
C0889,267,6,FER,AGO,4,VINOVO - Tetti Rosa,19:12
C0889,267,6,FER,AGO,5,VINOVO - Bivio Torrette,19:13
C0889,267,6,FER,AGO,6,GARINO,19.15
C0889,267,6,FER,AGO,7,NICHELINO - Stazione FS,19.21
C0889,267,6,FER,AGO,8,NICHELINO - Municipio,19:22
C0889,267,6,FER,AGO,9,Bivio MONCALIERI,19.28
C0889,267,6,FER,AGO,10,TORINO - p.za Bengasi,19.34
C0889,267,6,FER,AGO,11,TORINO - Piazza Carducci,19:43
C0889,267,6,FER,AGO,12,TORINO - Via De Cristoforis (Capolinea),19:50
C0890,267,8,FEST,,1,PIOBESI T.SE-v.Torino 41-Capol,18:59
C0890,267,8,FEST,,2,PIOBESI T.SE-v.Torino/Costituz,19:00
C0890,267,8,FEST,,3,PIOBESI T.SE - Municipio,19:02
C0890,267,8,FEST,,4,VINOVO - Tetti Rosa,19:12
C0890,267,8,FEST,,5,VINOVO - Bivio Torrette,19:13
C0890,267,8,FEST,,6,VINOVO - Ippodromo -Mondo Juve,19:18
C0890,267,8,FEST,,7,GARINO,19:20
C0890,267,8,FEST,,8,NICHELINO - Stazione FS,19.24
C0890,267,8,FEST,,9,NICHELINO - Municipio,19:25
C0890,267,8,FEST,,10,Bivio MONCALIERI,19:31
C0890,267,8,FEST,,11,TORINO - p.za Bengasi,19:35
C0890,267,8,FEST,,12,TORINO - Piazza Carducci,19:43
C0890,267,8,FEST,,13,TORINO - Via De Cristoforis (Capolinea),19:50
C0891,267,123456,FER,D,1,PIOBESI T.SE-v.Torino 41-Capol,20.20
C0891,267,123456,FER,D,2,PIOBESI T.SE-v.Torino/Costituz,20.21
C0891,267,123456,FER,D,3,PIOBESI T.SE - Municipio,20.23
C0891,267,123456,FER,D,4,VINOVO - Tetti Rosa,20.33
C0891,267,123456,FER,D,5,VINOVO - Bivio Torrette,20.34
C0891,267,123456,FER,D,6,GARINO,20.36
C0891,267,123456,FER,D,7,NICHELINO - Stazione FS,20.40
C0891,267,123456,FER,D,8,NICHELINO - Municipio,20.41
C0891,267,123456,FER,D,9,Bivio MONCALIERI,20.47
C0891,267,123456,FER,D,10,TORINO - p.za Bengasi,20.51
C0891,267,123456,FER,D,11,TORINO - Piazza Carducci,20.59
C0891,267,123456,FER,D,12,TORINO - Via De Cristoforis (Capolinea),21.05
C0892,267,12345,FER,,1,PIOBESI T.SE-v.Torino 41-Capol,20:59
C0892,267,12345,FER,,2,PIOBESI T.SE-v.Torino/Costituz,21:00
C0892,267,12345,FER,,3,PIOBESI T.SE - Municipio,21:02
C0892,267,12345,FER,,4,VINOVO - Tetti Rosa,21:12
C0892,267,12345,FER,,5,VINOVO - Bivio Torrette,21:13
C0892,267,12345,FER,,6,GARINO,21:15
C0892,267,12345,FER,,7,NICHELINO - Stazione FS,21.19
C0892,267,12345,FER,,8,NICHELINO - Municipio,21:20
C0892,267,12345,FER,,9,Bivio MONCALIERI,21:26
C0892,267,12345,FER,,10,TORINO - strada del Drosso,21.32
C0892,267,12345,FER,,11,TORINO - p.za Bengasi,21.28
C0893,267,6,FER,AGO,1,PIOBESI T.SE-v.Torino 41-Capol,20:59
C0893,267,6,FER,AGO,2,PIOBESI T.SE-v.Torino/Costituz,21:00
C0893,267,6,FER,AGO,3,PIOBESI T.SE - Municipio,21:02
C0893,267,6,FER,AGO,4,VINOVO - Tetti Rosa,21:12
C0893,267,6,FER,AGO,5,VINOVO - Bivio Torrette,21:13
C0893,267,6,FER,AGO,6,GARINO,21:15
C0893,267,6,FER,AGO,7,NICHELINO - Stazione FS,21.19
C0893,267,6,FER,AGO,8,NICHELINO - Municipio,21:20
C0893,267,6,FER,AGO,9,Bivio MONCALIERI,21:26
C0893,267,6,FER,AGO,10,TORINO - p.za Bengasi,21:30
C0893,267,6,FER,AGO,11,TORINO - Piazza Carducci,21:38
C0893,267,6,FER,AGO,12,TORINO - Via De Cristoforis (Capolinea),21:45
C0894,267,8,FEST,,1,PIOBESI T.SE-v.Torino 41-Capol,21:29
C0894,267,8,FEST,,2,PIOBESI T.SE-v.Torino/Costituz,21:30
C0894,267,8,FEST,,3,PIOBESI T.SE - Municipio,21:32
C0894,267,8,FEST,,4,VINOVO - Tetti Rosa,21:42
C0894,267,8,FEST,,5,VINOVO - Bivio Torrette,21:43
C0894,267,8,FEST,,6,GARINO,21:45
C0894,267,8,FEST,,7,NICHELINO - Stazione FS,21.49
C0894,267,8,FEST,,8,NICHELINO - Municipio,21:50
C0894,267,8,FEST,,9,Bivio MONCALIERI,21:56
C0894,267,8,FEST,,10,TORINO - p.za Bengasi,22:00
C0894,267,8,FEST,,11,TORINO - Piazza Carducci,22:08
C0894,267,8,FEST,,12,TORINO - Via De Cristoforis (Capolinea),22:15
C0895,267,123456,FER,D,1,PIOBESI T.SE-v.Torino 41-Capol,22:09
C0895,267,123456,FER,D,2,PIOBESI T.SE-v.Torino/Costituz,22:10
C0895,267,123456,FER,D,3,PIOBESI T.SE - Municipio,22:12
C0895,267,123456,FER,D,4,VINOVO - Tetti Rosa,22:22
C0895,267,123456,FER,D,5,VINOVO - Bivio Torrette,22:23
C0895,267,123456,FER,D,6,GARINO,22:25
C0895,267,123456,FER,D,7,NICHELINO - Stazione FS,22.29
C0895,267,123456,FER,D,8,NICHELINO - Municipio,22:30
C0895,267,123456,FER,D,9,Bivio MONCALIERI,22:36
C0895,267,123456,FER,D,10,TORINO - p.za Bengasi,22:40
C0895,267,123456,FER,D,11,TORINO - Piazza Carducci,22:48
C0895,267,123456,FER,D,12,TORINO - Via De Cristoforis (Capolinea),22:55
C0896,268,12345,FER,,1,TORINO - Porta Nuova,4:45
C0896,268,12345,FER,,2,TORINO - Porta Susa,4:53
C0896,268,12345,FER,,3,TORINO - c.so Umbria/via Livorno,4:58
C0896,268,12345,FER,,4,TO – via Stradella,5:03
C0896,268,12345,FER,,5,TO - Via Stampini,5:07
C0896,268,12345,FER,,6,BORGARO T.SE - via Lanzo/via Martiri,5:18
C0896,268,12345,FER,,7,"CASELLE T.SE - via Torino, 99",5:25
C0896,268,12345,FER,,8,"CASELLE T.SE - str. Aeroporto, 44",5:27
C0896,268,12345,FER,,9,TORINO - Aeroporto (Caselle),5:30
C0897,268,12345,FER,,1,TORINO - Porta Nuova,5:15
C0897,268,12345,FER,,2,TORINO - Porta Susa,5:23
C0897,268,12345,FER,,3,TORINO - c.so Umbria/via Livorno,5:28
C0897,268,12345,FER,,4,TO – via Stradella,5:33
C0897,268,12345,FER,,5,TO - Via Stampini,5:37
C0897,268,12345,FER,,6,BORGARO T.SE - via Lanzo/via Martiri,5:48
C0897,268,12345,FER,,7,"CASELLE T.SE - via Torino, 99",5:55
C0897,268,12345,FER,,8,"CASELLE T.SE - str. Aeroporto, 44",5:57
C0897,268,12345,FER,,9,TORINO - Aeroporto (Caselle),6:00
C0898,268,12345,FER,,1,TORINO - Porta Nuova,5:45
C0898,268,12345,FER,,2,TORINO - Porta Susa,5:53
C0898,268,12345,FER,,3,TORINO - c.so Umbria/via Livorno,5:58
C0898,268,12345,FER,,4,TO – via Stradella,6:03
C0898,268,12345,FER,,5,TO - Via Stampini,6:07
C0898,268,12345,FER,,6,BORGARO T.SE - via Lanzo/via Martiri,6:18
C0898,268,12345,FER,,7,"CASELLE T.SE - via Torino, 99",6:25
C0898,268,12345,FER,,8,"CASELLE T.SE - str. Aeroporto, 44",6:27
C0898,268,12345,FER,,9,TORINO - Aeroporto (Caselle),6:30
C0899,268,12345,SCO,Scol,1,TORINO - Porta Nuova,6:15
C0899,268,12345,SCO,Scol,2,TORINO - Porta Susa,6:23
C0899,268,12345,SCO,Scol,3,TORINO - c.so Umbria/via Livorno,6:28
C0899,268,12345,SCO,Scol,4,TO – via Stradella,6:33
C0899,268,12345,SCO,Scol,5,TO - Via Stampini,6:37
C0899,268,12345,SCO,Scol,6,BORGARO T.SE - via Lanzo/via Martiri,6:48
C0899,268,12345,SCO,Scol,7,"CASELLE T.SE - via Torino, 99",6:55
C0899,268,12345,SCO,Scol,8,"CASELLE T.SE - str. Aeroporto, 44",6:57
C0899,268,12345,SCO,Scol,9,TORINO - Aeroporto (Caselle),7:00
C0900,268,12345,FER,,1,TORINO - Porta Nuova,6:30
C0900,268,12345,FER,,2,TORINO - Porta Susa,6:38
C0900,268,12345,FER,,3,TORINO - c.so Umbria/via Livorno,6:43
C0900,268,12345,FER,,4,TO – via Stradella,6:48
C0900,268,12345,FER,,5,TO - Via Stampini,6:52
C0900,268,12345,FER,,6,BORGARO T.SE - via Lanzo/via Martiri,7:03
C0900,268,12345,FER,,7,"CASELLE T.SE - via Torino, 99",7:10
C0900,268,12345,FER,,8,"CASELLE T.SE - str. Aeroporto, 44",7:12
C0900,268,12345,FER,,9,TORINO - Aeroporto (Caselle),7:15
C0901,268,12345,SCO,Scol,1,TORINO - Porta Nuova,6:45
C0901,268,12345,SCO,Scol,2,TORINO - Porta Susa,6:53
C0901,268,12345,SCO,Scol,3,TORINO - c.so Umbria/via Livorno,6:58
C0901,268,12345,SCO,Scol,4,TO – via Stradella,7:03
C0901,268,12345,SCO,Scol,5,TO - Via Stampini,7:07
C0901,268,12345,SCO,Scol,6,BORGARO T.SE - via Lanzo/via Martiri,7:18
C0901,268,12345,SCO,Scol,7,"CASELLE T.SE - via Torino, 99",7:25
C0901,268,12345,SCO,Scol,8,"CASELLE T.SE - str. Aeroporto, 44",7:27
C0901,268,12345,SCO,Scol,9,TORINO - Aeroporto (Caselle),7:30
C0902,268,12345,FER,EXPRESS,1,TORINO - Porta Nuova,7:00
C0902,268,12345,FER,EXPRESS,2,TORINO - Porta Susa,7:08
C0902,268,12345,FER,EXPRESS,3,TORINO - c.so Umbria/via Livorno,-
C0902,268,12345,FER,EXPRESS,4,TO – via Stradella,-
C0902,268,12345,FER,EXPRESS,5,TO - Via Stampini,-
C0902,268,12345,FER,EXPRESS,6,BORGARO T.SE - via Lanzo/via Martiri,-
C0902,268,12345,FER,EXPRESS,7,"CASELLE T.SE - via Torino, 99",-
C0902,268,12345,FER,EXPRESS,8,"CASELLE T.SE - str. Aeroporto, 44",-
C0902,268,12345,FER,EXPRESS,9,TORINO - Aeroporto (Caselle),7:37
C0903,268,12345,FER,,1,TORINO - Porta Nuova,7:15
C0903,268,12345,FER,,2,TORINO - Porta Susa,7:23
C0903,268,12345,FER,,3,TORINO - c.so Umbria/via Livorno,7:28
C0903,268,12345,FER,,4,TO – via Stradella,7:33
C0903,268,12345,FER,,5,TO - Via Stampini,7:37
C0903,268,12345,FER,,6,BORGARO T.SE - via Lanzo/via Martiri,7:48
C0903,268,12345,FER,,7,"CASELLE T.SE - via Torino, 99",7:55
C0903,268,12345,FER,,8,"CASELLE T.SE - str. Aeroporto, 44",7:57
C0903,268,12345,FER,,9,TORINO - Aeroporto (Caselle),8:00
C0904,268,12345,FER,EXPRESS,1,TORINO - Porta Nuova,7:30
C0904,268,12345,FER,EXPRESS,2,TORINO - Porta Susa,7:38
C0904,268,12345,FER,EXPRESS,3,TORINO - c.so Umbria/via Livorno,-
C0904,268,12345,FER,EXPRESS,4,TO – via Stradella,-
C0904,268,12345,FER,EXPRESS,5,TO - Via Stampini,-
C0904,268,12345,FER,EXPRESS,6,BORGARO T.SE - via Lanzo/via Martiri,-
C0904,268,12345,FER,EXPRESS,7,"CASELLE T.SE - via Torino, 99",-
C0904,268,12345,FER,EXPRESS,8,"CASELLE T.SE - str. Aeroporto, 44",-
C0904,268,12345,FER,EXPRESS,9,TORINO - Aeroporto (Caselle),8:07
C0905,268,12345,FER,,1,TORINO - Porta Nuova,7:45
C0905,268,12345,FER,,2,TORINO - Porta Susa,7:53
C0905,268,12345,FER,,3,TORINO - c.so Umbria/via Livorno,7:58
C0905,268,12345,FER,,4,TO – via Stradella,8:03
C0905,268,12345,FER,,5,TO - Via Stampini,8:07
C0905,268,12345,FER,,6,BORGARO T.SE - via Lanzo/via Martiri,8:18
C0905,268,12345,FER,,7,"CASELLE T.SE - via Torino, 99",8:25
C0905,268,12345,FER,,8,"CASELLE T.SE - str. Aeroporto, 44",8:27
C0905,268,12345,FER,,9,TORINO - Aeroporto (Caselle),8:30
C0906,268,12345,FER,EXPRESS,1,TORINO - Porta Nuova,8:00
C0906,268,12345,FER,EXPRESS,2,TORINO - Porta Susa,8:08
C0906,268,12345,FER,EXPRESS,3,TORINO - c.so Umbria/via Livorno,-
C0906,268,12345,FER,EXPRESS,4,TO – via Stradella,-
C0906,268,12345,FER,EXPRESS,5,TO - Via Stampini,-
C0906,268,12345,FER,EXPRESS,6,BORGARO T.SE - via Lanzo/via Martiri,-
C0906,268,12345,FER,EXPRESS,7,"CASELLE T.SE - via Torino, 99",-
C0906,268,12345,FER,EXPRESS,8,"CASELLE T.SE - str. Aeroporto, 44",-
C0906,268,12345,FER,EXPRESS,9,TORINO - Aeroporto (Caselle),8:37
C0907,268,12345,FER,,1,TORINO - Porta Nuova,8:15
C0907,268,12345,FER,,2,TORINO - Porta Susa,8:23
C0907,268,12345,FER,,3,TORINO - c.so Umbria/via Livorno,8:28
C0907,268,12345,FER,,4,TO – via Stradella,8:33
C0907,268,12345,FER,,5,TO - Via Stampini,8:37
C0907,268,12345,FER,,6,BORGARO T.SE - via Lanzo/via Martiri,8:48
C0907,268,12345,FER,,7,"CASELLE T.SE - via Torino, 99",8:55
C0907,268,12345,FER,,8,"CASELLE T.SE - str. Aeroporto, 44",8:57
C0907,268,12345,FER,,9,TORINO - Aeroporto (Caselle),9:00
C0908,268,12345,FER,EXPRESS,1,TORINO - Porta Nuova,8:30
C0908,268,12345,FER,EXPRESS,2,TORINO - Porta Susa,8:38
C0908,268,12345,FER,EXPRESS,3,TORINO - c.so Umbria/via Livorno,-
C0908,268,12345,FER,EXPRESS,4,TO – via Stradella,-
C0908,268,12345,FER,EXPRESS,5,TO - Via Stampini,-
C0908,268,12345,FER,EXPRESS,6,BORGARO T.SE - via Lanzo/via Martiri,-
C0908,268,12345,FER,EXPRESS,7,"CASELLE T.SE - via Torino, 99",-
C0908,268,12345,FER,EXPRESS,8,"CASELLE T.SE - str. Aeroporto, 44",-
C0908,268,12345,FER,EXPRESS,9,TORINO - Aeroporto (Caselle),9:07
C0909,268,12345,FER,,1,TORINO - Porta Nuova,8:45
C0909,268,12345,FER,,2,TORINO - Porta Susa,8:53
C0909,268,12345,FER,,3,TORINO - c.so Umbria/via Livorno,8:58
C0909,268,12345,FER,,4,TO – via Stradella,9:03
C0909,268,12345,FER,,5,TO - Via Stampini,9:07
C0909,268,12345,FER,,6,BORGARO T.SE - via Lanzo/via Martiri,9:18
C0909,268,12345,FER,,7,"CASELLE T.SE - via Torino, 99",9:25
C0909,268,12345,FER,,8,"CASELLE T.SE - str. Aeroporto, 44",9:27
C0909,268,12345,FER,,9,TORINO - Aeroporto (Caselle),9:30
C0910,268,12345,FER,EXPRESS,1,TORINO - Porta Nuova,9:00
C0910,268,12345,FER,EXPRESS,2,TORINO - Porta Susa,9:08
C0910,268,12345,FER,EXPRESS,3,TORINO - c.so Umbria/via Livorno,-
C0910,268,12345,FER,EXPRESS,4,TO – via Stradella,-
C0910,268,12345,FER,EXPRESS,5,TO - Via Stampini,-
C0910,268,12345,FER,EXPRESS,6,BORGARO T.SE - via Lanzo/via Martiri,-
C0910,268,12345,FER,EXPRESS,7,"CASELLE T.SE - via Torino, 99",-
C0910,268,12345,FER,EXPRESS,8,"CASELLE T.SE - str. Aeroporto, 44",-
C0910,268,12345,FER,EXPRESS,9,TORINO - Aeroporto (Caselle),9:37
C0911,268,12345,FER,,1,TORINO - Porta Nuova,9:15
C0911,268,12345,FER,,2,TORINO - Porta Susa,9:23
C0911,268,12345,FER,,3,TORINO - c.so Umbria/via Livorno,9:28
C0911,268,12345,FER,,4,TO – via Stradella,9:33
C0911,268,12345,FER,,5,TO - Via Stampini,9:37
C0911,268,12345,FER,,6,BORGARO T.SE - via Lanzo/via Martiri,9:48
C0911,268,12345,FER,,7,"CASELLE T.SE - via Torino, 99",9:55
C0911,268,12345,FER,,8,"CASELLE T.SE - str. Aeroporto, 44",9:57
C0911,268,12345,FER,,9,TORINO - Aeroporto (Caselle),10:00
C0912,268,12345,FER,EXPRESS,1,TORINO - Porta Nuova,9:30
C0912,268,12345,FER,EXPRESS,2,TORINO - Porta Susa,9:38
C0912,268,12345,FER,EXPRESS,3,TORINO - c.so Umbria/via Livorno,-
C0912,268,12345,FER,EXPRESS,4,TO – via Stradella,-
C0912,268,12345,FER,EXPRESS,5,TO - Via Stampini,-
C0912,268,12345,FER,EXPRESS,6,BORGARO T.SE - via Lanzo/via Martiri,-
C0912,268,12345,FER,EXPRESS,7,"CASELLE T.SE - via Torino, 99",-
C0912,268,12345,FER,EXPRESS,8,"CASELLE T.SE - str. Aeroporto, 44",-
C0912,268,12345,FER,EXPRESS,9,TORINO - Aeroporto (Caselle),10:07
C0913,268,12345,FER,,1,TORINO - Porta Nuova,9:45
C0913,268,12345,FER,,2,TORINO - Porta Susa,9:53
C0913,268,12345,FER,,3,TORINO - c.so Umbria/via Livorno,9:58
C0913,268,12345,FER,,4,TO – via Stradella,10:03
C0913,268,12345,FER,,5,TO - Via Stampini,10:07
C0913,268,12345,FER,,6,BORGARO T.SE - via Lanzo/via Martiri,10:18
C0913,268,12345,FER,,7,"CASELLE T.SE - via Torino, 99",10:25
C0913,268,12345,FER,,8,"CASELLE T.SE - str. Aeroporto, 44",10:27
C0913,268,12345,FER,,9,TORINO - Aeroporto (Caselle),10:30
C0914,268,12345,FER,EXPRESS,1,TORINO - Porta Nuova,10:00
C0914,268,12345,FER,EXPRESS,2,TORINO - Porta Susa,10:08
C0914,268,12345,FER,EXPRESS,3,TORINO - c.so Umbria/via Livorno,-
C0914,268,12345,FER,EXPRESS,4,TO – via Stradella,-
C0914,268,12345,FER,EXPRESS,5,TO - Via Stampini,-
C0914,268,12345,FER,EXPRESS,6,BORGARO T.SE - via Lanzo/via Martiri,-
C0914,268,12345,FER,EXPRESS,7,"CASELLE T.SE - via Torino, 99",-
C0914,268,12345,FER,EXPRESS,8,"CASELLE T.SE - str. Aeroporto, 44",-
C0914,268,12345,FER,EXPRESS,9,TORINO - Aeroporto (Caselle),10:37
C0915,268,12345,FER,,1,TORINO - Porta Nuova,10:15
C0915,268,12345,FER,,2,TORINO - Porta Susa,10:23
C0915,268,12345,FER,,3,TORINO - c.so Umbria/via Livorno,10:28
C0915,268,12345,FER,,4,TO – via Stradella,10:33
C0915,268,12345,FER,,5,TO - Via Stampini,10:37
C0915,268,12345,FER,,6,BORGARO T.SE - via Lanzo/via Martiri,10:48
C0915,268,12345,FER,,7,"CASELLE T.SE - via Torino, 99",10:55
C0915,268,12345,FER,,8,"CASELLE T.SE - str. Aeroporto, 44",10:57
C0915,268,12345,FER,,9,TORINO - Aeroporto (Caselle),11:00
C0916,268,12345,FER,EXPRESS,1,TORINO - Porta Nuova,10:30
C0916,268,12345,FER,EXPRESS,2,TORINO - Porta Susa,10:38
C0916,268,12345,FER,EXPRESS,3,TORINO - c.so Umbria/via Livorno,-
C0916,268,12345,FER,EXPRESS,4,TO – via Stradella,-
C0916,268,12345,FER,EXPRESS,5,TO - Via Stampini,-
C0916,268,12345,FER,EXPRESS,6,BORGARO T.SE - via Lanzo/via Martiri,-
C0916,268,12345,FER,EXPRESS,7,"CASELLE T.SE - via Torino, 99",-
C0916,268,12345,FER,EXPRESS,8,"CASELLE T.SE - str. Aeroporto, 44",-
C0916,268,12345,FER,EXPRESS,9,TORINO - Aeroporto (Caselle),11:07
C0917,268,12345,FER,,1,TORINO - Porta Nuova,10:45
C0917,268,12345,FER,,2,TORINO - Porta Susa,10:53
C0917,268,12345,FER,,3,TORINO - c.so Umbria/via Livorno,10:58
C0917,268,12345,FER,,4,TO – via Stradella,11:03
C0917,268,12345,FER,,5,TO - Via Stampini,11:07
C0917,268,12345,FER,,6,BORGARO T.SE - via Lanzo/via Martiri,11:18
C0917,268,12345,FER,,7,"CASELLE T.SE - via Torino, 99",11:25
C0917,268,12345,FER,,8,"CASELLE T.SE - str. Aeroporto, 44",11:27
C0917,268,12345,FER,,9,TORINO - Aeroporto (Caselle),11:30
C0918,268,12345,FER,EXPRESS,1,TORINO - Porta Nuova,11:00
C0918,268,12345,FER,EXPRESS,2,TORINO - Porta Susa,11:08
C0918,268,12345,FER,EXPRESS,3,TORINO - c.so Umbria/via Livorno,-
C0918,268,12345,FER,EXPRESS,4,TO – via Stradella,-
C0918,268,12345,FER,EXPRESS,5,TO - Via Stampini,-
C0918,268,12345,FER,EXPRESS,6,BORGARO T.SE - via Lanzo/via Martiri,-
C0918,268,12345,FER,EXPRESS,7,"CASELLE T.SE - via Torino, 99",-
C0918,268,12345,FER,EXPRESS,8,"CASELLE T.SE - str. Aeroporto, 44",-
C0918,268,12345,FER,EXPRESS,9,TORINO - Aeroporto (Caselle),11:37
C0919,268,12345,FER,,1,TORINO - Porta Nuova,11:15
C0919,268,12345,FER,,2,TORINO - Porta Susa,11:23
C0919,268,12345,FER,,3,TORINO - c.so Umbria/via Livorno,11:28
C0919,268,12345,FER,,4,TO – via Stradella,11:33
C0919,268,12345,FER,,5,TO - Via Stampini,11:37
C0919,268,12345,FER,,6,BORGARO T.SE - via Lanzo/via Martiri,11:48
C0919,268,12345,FER,,7,"CASELLE T.SE - via Torino, 99",11:55
C0919,268,12345,FER,,8,"CASELLE T.SE - str. Aeroporto, 44",11:57
C0919,268,12345,FER,,9,TORINO - Aeroporto (Caselle),12:00
C0920,268,12345,FER,EXPRESS,1,TORINO - Porta Nuova,11:30
C0920,268,12345,FER,EXPRESS,2,TORINO - Porta Susa,11:38
C0920,268,12345,FER,EXPRESS,3,TORINO - c.so Umbria/via Livorno,-
C0920,268,12345,FER,EXPRESS,4,TO – via Stradella,-
C0920,268,12345,FER,EXPRESS,5,TO - Via Stampini,-
C0920,268,12345,FER,EXPRESS,6,BORGARO T.SE - via Lanzo/via Martiri,-
C0920,268,12345,FER,EXPRESS,7,"CASELLE T.SE - via Torino, 99",-
C0920,268,12345,FER,EXPRESS,8,"CASELLE T.SE - str. Aeroporto, 44",-
C0920,268,12345,FER,EXPRESS,9,TORINO - Aeroporto (Caselle),12:07
C0921,268,12345,FER,,1,TORINO - Porta Nuova,11:45
C0921,268,12345,FER,,2,TORINO - Porta Susa,11:53
C0921,268,12345,FER,,3,TORINO - c.so Umbria/via Livorno,11:58
C0921,268,12345,FER,,4,TO – via Stradella,12:03
C0921,268,12345,FER,,5,TO - Via Stampini,12:07
C0921,268,12345,FER,,6,BORGARO T.SE - via Lanzo/via Martiri,12:18
C0921,268,12345,FER,,7,"CASELLE T.SE - via Torino, 99",12:25
C0921,268,12345,FER,,8,"CASELLE T.SE - str. Aeroporto, 44",12:27
C0921,268,12345,FER,,9,TORINO - Aeroporto (Caselle),12:30
C0922,268,12345,FER,EXPRESS,1,TORINO - Porta Nuova,12:00
C0922,268,12345,FER,EXPRESS,2,TORINO - Porta Susa,12:08
C0922,268,12345,FER,EXPRESS,3,TORINO - c.so Umbria/via Livorno,-
C0922,268,12345,FER,EXPRESS,4,TO – via Stradella,-
C0922,268,12345,FER,EXPRESS,5,TO - Via Stampini,-
C0922,268,12345,FER,EXPRESS,6,BORGARO T.SE - via Lanzo/via Martiri,-
C0922,268,12345,FER,EXPRESS,7,"CASELLE T.SE - via Torino, 99",-
C0922,268,12345,FER,EXPRESS,8,"CASELLE T.SE - str. Aeroporto, 44",-
C0922,268,12345,FER,EXPRESS,9,TORINO - Aeroporto (Caselle),12:37
C0923,268,12345,FER,,1,TORINO - Porta Nuova,12:15
C0923,268,12345,FER,,2,TORINO - Porta Susa,12:23
C0923,268,12345,FER,,3,TORINO - c.so Umbria/via Livorno,12:28
C0923,268,12345,FER,,4,TO – via Stradella,12:33
C0923,268,12345,FER,,5,TO - Via Stampini,12:37
C0923,268,12345,FER,,6,BORGARO T.SE - via Lanzo/via Martiri,12:48
C0923,268,12345,FER,,7,"CASELLE T.SE - via Torino, 99",12:55
C0923,268,12345,FER,,8,"CASELLE T.SE - str. Aeroporto, 44",12:57
C0923,268,12345,FER,,9,TORINO - Aeroporto (Caselle),13:00
C0924,268,12345,FER,EXPRESS,1,TORINO - Porta Nuova,12:30
C0924,268,12345,FER,EXPRESS,2,TORINO - Porta Susa,12:38
C0924,268,12345,FER,EXPRESS,3,TORINO - c.so Umbria/via Livorno,-
C0924,268,12345,FER,EXPRESS,4,TO – via Stradella,-
C0924,268,12345,FER,EXPRESS,5,TO - Via Stampini,-
C0924,268,12345,FER,EXPRESS,6,BORGARO T.SE - via Lanzo/via Martiri,-
C0924,268,12345,FER,EXPRESS,7,"CASELLE T.SE - via Torino, 99",-
C0924,268,12345,FER,EXPRESS,8,"CASELLE T.SE - str. Aeroporto, 44",-
C0924,268,12345,FER,EXPRESS,9,TORINO - Aeroporto (Caselle),13:07
C0925,268,12345,FER,,1,TORINO - Porta Nuova,12:45
C0925,268,12345,FER,,2,TORINO - Porta Susa,12:53
C0925,268,12345,FER,,3,TORINO - c.so Umbria/via Livorno,12:58
C0925,268,12345,FER,,4,TO – via Stradella,13:03
C0925,268,12345,FER,,5,TO - Via Stampini,13:07
C0925,268,12345,FER,,6,BORGARO T.SE - via Lanzo/via Martiri,13:18
C0925,268,12345,FER,,7,"CASELLE T.SE - via Torino, 99",13:25
C0925,268,12345,FER,,8,"CASELLE T.SE - str. Aeroporto, 44",13:27
C0925,268,12345,FER,,9,TORINO - Aeroporto (Caselle),13:30
C0926,268,12345,FER,EXPRESS,1,TORINO - Porta Nuova,13:00
C0926,268,12345,FER,EXPRESS,2,TORINO - Porta Susa,13:08
C0926,268,12345,FER,EXPRESS,3,TORINO - c.so Umbria/via Livorno,-
C0926,268,12345,FER,EXPRESS,4,TO – via Stradella,-
C0926,268,12345,FER,EXPRESS,5,TO - Via Stampini,-
C0926,268,12345,FER,EXPRESS,6,BORGARO T.SE - via Lanzo/via Martiri,-
C0926,268,12345,FER,EXPRESS,7,"CASELLE T.SE - via Torino, 99",-
C0926,268,12345,FER,EXPRESS,8,"CASELLE T.SE - str. Aeroporto, 44",-
C0926,268,12345,FER,EXPRESS,9,TORINO - Aeroporto (Caselle),13:37
C0927,268,12345,FER,,1,TORINO - Porta Nuova,13:15
C0927,268,12345,FER,,2,TORINO - Porta Susa,13:23
C0927,268,12345,FER,,3,TORINO - c.so Umbria/via Livorno,13:28
C0927,268,12345,FER,,4,TO – via Stradella,13:33
C0927,268,12345,FER,,5,TO - Via Stampini,13:37
C0927,268,12345,FER,,6,BORGARO T.SE - via Lanzo/via Martiri,13:48
C0927,268,12345,FER,,7,"CASELLE T.SE - via Torino, 99",13:55
C0927,268,12345,FER,,8,"CASELLE T.SE - str. Aeroporto, 44",13:57
C0927,268,12345,FER,,9,TORINO - Aeroporto (Caselle),14:00
C0928,268,12345,FER,,1,TORINO - Porta Nuova,13:30
C0928,268,12345,FER,,2,TORINO - Porta Susa,13:38
C0928,268,12345,FER,,3,TORINO - c.so Umbria/via Livorno,13:43
C0928,268,12345,FER,,4,TO – via Stradella,13:48
C0928,268,12345,FER,,5,TO - Via Stampini,13:52
C0928,268,12345,FER,,6,BORGARO T.SE - via Lanzo/via Martiri,14:03
C0928,268,12345,FER,,7,"CASELLE T.SE - via Torino, 99",14:10
C0928,268,12345,FER,,8,"CASELLE T.SE - str. Aeroporto, 44",14:12
C0928,268,12345,FER,,9,TORINO - Aeroporto (Caselle),14:15
C0929,268,12345,FER,,1,TORINO - Porta Nuova,13:45
C0929,268,12345,FER,,2,TORINO - Porta Susa,13:53
C0929,268,12345,FER,,3,TORINO - c.so Umbria/via Livorno,13:58
C0929,268,12345,FER,,4,TO – via Stradella,14:03
C0929,268,12345,FER,,5,TO - Via Stampini,14:07
C0929,268,12345,FER,,6,BORGARO T.SE - via Lanzo/via Martiri,14:18
C0929,268,12345,FER,,7,"CASELLE T.SE - via Torino, 99",14:25
C0929,268,12345,FER,,8,"CASELLE T.SE - str. Aeroporto, 44",14:27
C0929,268,12345,FER,,9,TORINO - Aeroporto (Caselle),14:30
C0930,268,12345,FER,EXPRESS,1,TORINO - Porta Nuova,14:00
C0930,268,12345,FER,EXPRESS,2,TORINO - Porta Susa,14:08
C0930,268,12345,FER,EXPRESS,3,TORINO - c.so Umbria/via Livorno,-
C0930,268,12345,FER,EXPRESS,4,TO – via Stradella,-
C0930,268,12345,FER,EXPRESS,5,TO - Via Stampini,-
C0930,268,12345,FER,EXPRESS,6,BORGARO T.SE - via Lanzo/via Martiri,-
C0930,268,12345,FER,EXPRESS,7,"CASELLE T.SE - via Torino, 99",-
C0930,268,12345,FER,EXPRESS,8,"CASELLE T.SE - str. Aeroporto, 44",-
C0930,268,12345,FER,EXPRESS,9,TORINO - Aeroporto (Caselle),14:37
C0931,268,12345,FER,,1,TORINO - Porta Nuova,14:15
C0931,268,12345,FER,,2,TORINO - Porta Susa,14:23
C0931,268,12345,FER,,3,TORINO - c.so Umbria/via Livorno,14:28
C0931,268,12345,FER,,4,TO – via Stradella,14:33
C0931,268,12345,FER,,5,TO - Via Stampini,14:37
C0931,268,12345,FER,,6,BORGARO T.SE - via Lanzo/via Martiri,14:48
C0931,268,12345,FER,,7,"CASELLE T.SE - via Torino, 99",14:55
C0931,268,12345,FER,,8,"CASELLE T.SE - str. Aeroporto, 44",14:57
C0931,268,12345,FER,,9,TORINO - Aeroporto (Caselle),15:00
C0932,268,12345,FER,EXPRESS,1,TORINO - Porta Nuova,14:30
C0932,268,12345,FER,EXPRESS,2,TORINO - Porta Susa,14:38
C0932,268,12345,FER,EXPRESS,3,TORINO - c.so Umbria/via Livorno,-
C0932,268,12345,FER,EXPRESS,4,TO – via Stradella,-
C0932,268,12345,FER,EXPRESS,5,TO - Via Stampini,-
C0932,268,12345,FER,EXPRESS,6,BORGARO T.SE - via Lanzo/via Martiri,-
C0932,268,12345,FER,EXPRESS,7,"CASELLE T.SE - via Torino, 99",-
C0932,268,12345,FER,EXPRESS,8,"CASELLE T.SE - str. Aeroporto, 44",-
C0932,268,12345,FER,EXPRESS,9,TORINO - Aeroporto (Caselle),15:07
C0933,268,12345,FER,,1,TORINO - Porta Nuova,14:45
C0933,268,12345,FER,,2,TORINO - Porta Susa,14:53
C0933,268,12345,FER,,3,TORINO - c.so Umbria/via Livorno,14:58
C0933,268,12345,FER,,4,TO – via Stradella,15:03
C0933,268,12345,FER,,5,TO - Via Stampini,15:07
C0933,268,12345,FER,,6,BORGARO T.SE - via Lanzo/via Martiri,15:18
C0933,268,12345,FER,,7,"CASELLE T.SE - via Torino, 99",15:25
C0933,268,12345,FER,,8,"CASELLE T.SE - str. Aeroporto, 44",15:27
C0933,268,12345,FER,,9,TORINO - Aeroporto (Caselle),15:30
C0934,268,12345,FER,EXPRESS,1,TORINO - Porta Nuova,15:00
C0934,268,12345,FER,EXPRESS,2,TORINO - Porta Susa,15:08
C0934,268,12345,FER,EXPRESS,3,TORINO - c.so Umbria/via Livorno,-
C0934,268,12345,FER,EXPRESS,4,TO – via Stradella,-
C0934,268,12345,FER,EXPRESS,5,TO - Via Stampini,-
C0934,268,12345,FER,EXPRESS,6,BORGARO T.SE - via Lanzo/via Martiri,-
C0934,268,12345,FER,EXPRESS,7,"CASELLE T.SE - via Torino, 99",-
C0934,268,12345,FER,EXPRESS,8,"CASELLE T.SE - str. Aeroporto, 44",-
C0934,268,12345,FER,EXPRESS,9,TORINO - Aeroporto (Caselle),15:37
C0935,268,12345,FER,,1,TORINO - Porta Nuova,15:15
C0935,268,12345,FER,,2,TORINO - Porta Susa,15:23
C0935,268,12345,FER,,3,TORINO - c.so Umbria/via Livorno,15:28
C0935,268,12345,FER,,4,TO – via Stradella,15:33
C0935,268,12345,FER,,5,TO - Via Stampini,15:37
C0935,268,12345,FER,,6,BORGARO T.SE - via Lanzo/via Martiri,15:48
C0935,268,12345,FER,,7,"CASELLE T.SE - via Torino, 99",15:55
C0935,268,12345,FER,,8,"CASELLE T.SE - str. Aeroporto, 44",15:57
C0935,268,12345,FER,,9,TORINO - Aeroporto (Caselle),16:00
C0936,268,12345,FER,EXPRESS,1,TORINO - Porta Nuova,15:30
C0936,268,12345,FER,EXPRESS,2,TORINO - Porta Susa,15:38
C0936,268,12345,FER,EXPRESS,3,TORINO - c.so Umbria/via Livorno,-
C0936,268,12345,FER,EXPRESS,4,TO – via Stradella,-
C0936,268,12345,FER,EXPRESS,5,TO - Via Stampini,-
C0936,268,12345,FER,EXPRESS,6,BORGARO T.SE - via Lanzo/via Martiri,-
C0936,268,12345,FER,EXPRESS,7,"CASELLE T.SE - via Torino, 99",-
C0936,268,12345,FER,EXPRESS,8,"CASELLE T.SE - str. Aeroporto, 44",-
C0936,268,12345,FER,EXPRESS,9,TORINO - Aeroporto (Caselle),16:07
C0937,268,12345,FER,,1,TORINO - Porta Nuova,15:45
C0937,268,12345,FER,,2,TORINO - Porta Susa,15:53
C0937,268,12345,FER,,3,TORINO - c.so Umbria/via Livorno,15:58
C0937,268,12345,FER,,4,TO – via Stradella,16:03
C0937,268,12345,FER,,5,TO - Via Stampini,16:07
C0937,268,12345,FER,,6,BORGARO T.SE - via Lanzo/via Martiri,16:18
C0937,268,12345,FER,,7,"CASELLE T.SE - via Torino, 99",16:25
C0937,268,12345,FER,,8,"CASELLE T.SE - str. Aeroporto, 44",16:27
C0937,268,12345,FER,,9,TORINO - Aeroporto (Caselle),16:30
C0938,268,12345,FER,EXPRESS,1,TORINO - Porta Nuova,16:00
C0938,268,12345,FER,EXPRESS,2,TORINO - Porta Susa,16:08
C0938,268,12345,FER,EXPRESS,3,TORINO - c.so Umbria/via Livorno,-
C0938,268,12345,FER,EXPRESS,4,TO – via Stradella,-
C0938,268,12345,FER,EXPRESS,5,TO - Via Stampini,-
C0938,268,12345,FER,EXPRESS,6,BORGARO T.SE - via Lanzo/via Martiri,-
C0938,268,12345,FER,EXPRESS,7,"CASELLE T.SE - via Torino, 99",-
C0938,268,12345,FER,EXPRESS,8,"CASELLE T.SE - str. Aeroporto, 44",-
C0938,268,12345,FER,EXPRESS,9,TORINO - Aeroporto (Caselle),16:37
C0939,268,12345,FER,,1,TORINO - Porta Nuova,16:15
C0939,268,12345,FER,,2,TORINO - Porta Susa,16:23
C0939,268,12345,FER,,3,TORINO - c.so Umbria/via Livorno,16:28
C0939,268,12345,FER,,4,TO – via Stradella,16:33
C0939,268,12345,FER,,5,TO - Via Stampini,16:37
C0939,268,12345,FER,,6,BORGARO T.SE - via Lanzo/via Martiri,16:48
C0939,268,12345,FER,,7,"CASELLE T.SE - via Torino, 99",16:55
C0939,268,12345,FER,,8,"CASELLE T.SE - str. Aeroporto, 44",16:57
C0939,268,12345,FER,,9,TORINO - Aeroporto (Caselle),17:00
C0940,268,12345,FER,EXPRESS,1,TORINO - Porta Nuova,16:30
C0940,268,12345,FER,EXPRESS,2,TORINO - Porta Susa,16:38
C0940,268,12345,FER,EXPRESS,3,TORINO - c.so Umbria/via Livorno,-
C0940,268,12345,FER,EXPRESS,4,TO – via Stradella,-
C0940,268,12345,FER,EXPRESS,5,TO - Via Stampini,-
C0940,268,12345,FER,EXPRESS,6,BORGARO T.SE - via Lanzo/via Martiri,-
C0940,268,12345,FER,EXPRESS,7,"CASELLE T.SE - via Torino, 99",-
C0940,268,12345,FER,EXPRESS,8,"CASELLE T.SE - str. Aeroporto, 44",-
C0940,268,12345,FER,EXPRESS,9,TORINO - Aeroporto (Caselle),17:07
C0941,268,12345,FER,,1,TORINO - Porta Nuova,16:45
C0941,268,12345,FER,,2,TORINO - Porta Susa,16:53
C0941,268,12345,FER,,3,TORINO - c.so Umbria/via Livorno,16:58
C0941,268,12345,FER,,4,TO – via Stradella,17:03
C0941,268,12345,FER,,5,TO - Via Stampini,17:07
C0941,268,12345,FER,,6,BORGARO T.SE - via Lanzo/via Martiri,17:18
C0941,268,12345,FER,,7,"CASELLE T.SE - via Torino, 99",17:25
C0941,268,12345,FER,,8,"CASELLE T.SE - str. Aeroporto, 44",17:27
C0941,268,12345,FER,,9,TORINO - Aeroporto (Caselle),17:30
C0942,268,12345,FER,EXPRESS,1,TORINO - Porta Nuova,17:00
C0942,268,12345,FER,EXPRESS,2,TORINO - Porta Susa,17:08
C0942,268,12345,FER,EXPRESS,3,TORINO - c.so Umbria/via Livorno,-
C0942,268,12345,FER,EXPRESS,4,TO – via Stradella,-
C0942,268,12345,FER,EXPRESS,5,TO - Via Stampini,-
C0942,268,12345,FER,EXPRESS,6,BORGARO T.SE - via Lanzo/via Martiri,-
C0942,268,12345,FER,EXPRESS,7,"CASELLE T.SE - via Torino, 99",-
C0942,268,12345,FER,EXPRESS,8,"CASELLE T.SE - str. Aeroporto, 44",-
C0942,268,12345,FER,EXPRESS,9,TORINO - Aeroporto (Caselle),17:37
C0943,268,12345,FER,,1,TORINO - Porta Nuova,17:15
C0943,268,12345,FER,,2,TORINO - Porta Susa,17:23
C0943,268,12345,FER,,3,TORINO - c.so Umbria/via Livorno,17:28
C0943,268,12345,FER,,4,TO – via Stradella,17:33
C0943,268,12345,FER,,5,TO - Via Stampini,17:37
C0943,268,12345,FER,,6,BORGARO T.SE - via Lanzo/via Martiri,17:48
C0943,268,12345,FER,,7,"CASELLE T.SE - via Torino, 99",17:55
C0943,268,12345,FER,,8,"CASELLE T.SE - str. Aeroporto, 44",17:57
C0943,268,12345,FER,,9,TORINO - Aeroporto (Caselle),18:00
C0944,268,12345,FER,,1,TORINO - Porta Nuova,17:30
C0944,268,12345,FER,,2,TORINO - Porta Susa,17:38
C0944,268,12345,FER,,3,TORINO - c.so Umbria/via Livorno,17:43
C0944,268,12345,FER,,4,TO – via Stradella,17:48
C0944,268,12345,FER,,5,TO - Via Stampini,17:52
C0944,268,12345,FER,,6,BORGARO T.SE - via Lanzo/via Martiri,18:03
C0944,268,12345,FER,,7,"CASELLE T.SE - via Torino, 99",18:10
C0944,268,12345,FER,,8,"CASELLE T.SE - str. Aeroporto, 44",18:12
C0944,268,12345,FER,,9,TORINO - Aeroporto (Caselle),18:15
C0945,268,12345,FER,,1,TORINO - Porta Nuova,17:45
C0945,268,12345,FER,,2,TORINO - Porta Susa,17:53
C0945,268,12345,FER,,3,TORINO - c.so Umbria/via Livorno,17:58
C0945,268,12345,FER,,4,TO – via Stradella,18:03
C0945,268,12345,FER,,5,TO - Via Stampini,18:07
C0945,268,12345,FER,,6,BORGARO T.SE - via Lanzo/via Martiri,18:18
C0945,268,12345,FER,,7,"CASELLE T.SE - via Torino, 99",18:25
C0945,268,12345,FER,,8,"CASELLE T.SE - str. Aeroporto, 44",18:27
C0945,268,12345,FER,,9,TORINO - Aeroporto (Caselle),18:30
C0946,268,12345,FER,,1,TORINO - Porta Nuova,18:00
C0946,268,12345,FER,,2,TORINO - Porta Susa,18:08
C0946,268,12345,FER,,3,TORINO - c.so Umbria/via Livorno,18:13
C0946,268,12345,FER,,4,TO – via Stradella,18:18
C0946,268,12345,FER,,5,TO - Via Stampini,18:22
C0946,268,12345,FER,,6,BORGARO T.SE - via Lanzo/via Martiri,18:33
C0946,268,12345,FER,,7,"CASELLE T.SE - via Torino, 99",18:40
C0946,268,12345,FER,,8,"CASELLE T.SE - str. Aeroporto, 44",18:42
C0946,268,12345,FER,,9,TORINO - Aeroporto (Caselle),18:45
C0947,268,12345,FER,,1,TORINO - Porta Nuova,18:15
C0947,268,12345,FER,,2,TORINO - Porta Susa,18:23
C0947,268,12345,FER,,3,TORINO - c.so Umbria/via Livorno,18:28
C0947,268,12345,FER,,4,TO – via Stradella,18:33
C0947,268,12345,FER,,5,TO - Via Stampini,18:37
C0947,268,12345,FER,,6,BORGARO T.SE - via Lanzo/via Martiri,18:48
C0947,268,12345,FER,,7,"CASELLE T.SE - via Torino, 99",18:55
C0947,268,12345,FER,,8,"CASELLE T.SE - str. Aeroporto, 44",18:57
C0947,268,12345,FER,,9,TORINO - Aeroporto (Caselle),19:00
C0948,268,12345,FER,,1,TORINO - Porta Nuova,18:30
C0948,268,12345,FER,,2,TORINO - Porta Susa,18:38
C0948,268,12345,FER,,3,TORINO - c.so Umbria/via Livorno,18:43
C0948,268,12345,FER,,4,TO – via Stradella,18:48
C0948,268,12345,FER,,5,TO - Via Stampini,18:52
C0948,268,12345,FER,,6,BORGARO T.SE - via Lanzo/via Martiri,19:03
C0948,268,12345,FER,,7,"CASELLE T.SE - via Torino, 99",19:10
C0948,268,12345,FER,,8,"CASELLE T.SE - str. Aeroporto, 44",19:12
C0948,268,12345,FER,,9,TORINO - Aeroporto (Caselle),19:15
C0949,268,12345,FER,,1,TORINO - Porta Nuova,18:45
C0949,268,12345,FER,,2,TORINO - Porta Susa,18:53
C0949,268,12345,FER,,3,TORINO - c.so Umbria/via Livorno,18:58
C0949,268,12345,FER,,4,TO – via Stradella,19:03
C0949,268,12345,FER,,5,TO - Via Stampini,19:07
C0949,268,12345,FER,,6,BORGARO T.SE - via Lanzo/via Martiri,19:18
C0949,268,12345,FER,,7,"CASELLE T.SE - via Torino, 99",19:25
C0949,268,12345,FER,,8,"CASELLE T.SE - str. Aeroporto, 44",19:27
C0949,268,12345,FER,,9,TORINO - Aeroporto (Caselle),19:30
C0950,268,12345,FER,,1,TORINO - Porta Nuova,19:00
C0950,268,12345,FER,,2,TORINO - Porta Susa,19:08
C0950,268,12345,FER,,3,TORINO - c.so Umbria/via Livorno,19:13
C0950,268,12345,FER,,4,TO – via Stradella,19:18
C0950,268,12345,FER,,5,TO - Via Stampini,19:22
C0950,268,12345,FER,,6,BORGARO T.SE - via Lanzo/via Martiri,19:33
C0950,268,12345,FER,,7,"CASELLE T.SE - via Torino, 99",19:40
C0950,268,12345,FER,,8,"CASELLE T.SE - str. Aeroporto, 44",19:42
C0950,268,12345,FER,,9,TORINO - Aeroporto (Caselle),19:45
C0951,268,12345,FER,,1,TORINO - Porta Nuova,19:20
C0951,268,12345,FER,,2,TORINO - Porta Susa,19:28
C0951,268,12345,FER,,3,TORINO - c.so Umbria/via Livorno,19:33
C0951,268,12345,FER,,4,TO – via Stradella,19:38
C0951,268,12345,FER,,5,TO - Via Stampini,19:42
C0951,268,12345,FER,,6,BORGARO T.SE - via Lanzo/via Martiri,19:53
C0951,268,12345,FER,,7,"CASELLE T.SE - via Torino, 99",20:00
C0951,268,12345,FER,,8,"CASELLE T.SE - str. Aeroporto, 44",20:02
C0951,268,12345,FER,,9,TORINO - Aeroporto (Caselle),20:05
C0952,268,12345,FER,,1,TORINO - Porta Nuova,19:40
C0952,268,12345,FER,,2,TORINO - Porta Susa,19:48
C0952,268,12345,FER,,3,TORINO - c.so Umbria/via Livorno,19:53
C0952,268,12345,FER,,4,TO – via Stradella,19:58
C0952,268,12345,FER,,5,TO - Via Stampini,20:02
C0952,268,12345,FER,,6,BORGARO T.SE - via Lanzo/via Martiri,20:13
C0952,268,12345,FER,,7,"CASELLE T.SE - via Torino, 99",20:20
C0952,268,12345,FER,,8,"CASELLE T.SE - str. Aeroporto, 44",20:22
C0952,268,12345,FER,,9,TORINO - Aeroporto (Caselle),20:25
C0953,268,12345,FER,EXPRESS,1,TORINO - Porta Nuova,20:00
C0953,268,12345,FER,EXPRESS,2,TORINO - Porta Susa,20:08
C0953,268,12345,FER,EXPRESS,3,TORINO - c.so Umbria/via Livorno,-
C0953,268,12345,FER,EXPRESS,4,TO – via Stradella,-
C0953,268,12345,FER,EXPRESS,5,TO - Via Stampini,-
C0953,268,12345,FER,EXPRESS,6,BORGARO T.SE - via Lanzo/via Martiri,-
C0953,268,12345,FER,EXPRESS,7,"CASELLE T.SE - via Torino, 99",-
C0953,268,12345,FER,EXPRESS,8,"CASELLE T.SE - str. Aeroporto, 44",-
C0953,268,12345,FER,EXPRESS,9,TORINO - Aeroporto (Caselle),20:37
C0954,268,12345,FER,,1,TORINO - Porta Nuova,20:30
C0954,268,12345,FER,,2,TORINO - Porta Susa,20:38
C0954,268,12345,FER,,3,TORINO - c.so Umbria/via Livorno,20:43
C0954,268,12345,FER,,4,TO – via Stradella,20:48
C0954,268,12345,FER,,5,TO - Via Stampini,20:52
C0954,268,12345,FER,,6,BORGARO T.SE - via Lanzo/via Martiri,21:03
C0954,268,12345,FER,,7,"CASELLE T.SE - via Torino, 99",21:10
C0954,268,12345,FER,,8,"CASELLE T.SE - str. Aeroporto, 44",21:12
C0954,268,12345,FER,,9,TORINO - Aeroporto (Caselle),21:15
C0955,268,12345,FER,EXPRESS,1,TORINO - Porta Nuova,21:00
C0955,268,12345,FER,EXPRESS,2,TORINO - Porta Susa,21:08
C0955,268,12345,FER,EXPRESS,3,TORINO - c.so Umbria/via Livorno,-
C0955,268,12345,FER,EXPRESS,4,TO – via Stradella,-
C0955,268,12345,FER,EXPRESS,5,TO - Via Stampini,-
C0955,268,12345,FER,EXPRESS,6,BORGARO T.SE - via Lanzo/via Martiri,-
C0955,268,12345,FER,EXPRESS,7,"CASELLE T.SE - via Torino, 99",-
C0955,268,12345,FER,EXPRESS,8,"CASELLE T.SE - str. Aeroporto, 44",-
C0955,268,12345,FER,EXPRESS,9,TORINO - Aeroporto (Caselle),21:37
C0956,268,12345,FER,,1,TORINO - Porta Nuova,21:30
C0956,268,12345,FER,,2,TORINO - Porta Susa,21:38
C0956,268,12345,FER,,3,TORINO - c.so Umbria/via Livorno,21:43
C0956,268,12345,FER,,4,TO – via Stradella,21:48
C0956,268,12345,FER,,5,TO - Via Stampini,21:52
C0956,268,12345,FER,,6,BORGARO T.SE - via Lanzo/via Martiri,22:03
C0956,268,12345,FER,,7,"CASELLE T.SE - via Torino, 99",22:10
C0956,268,12345,FER,,8,"CASELLE T.SE - str. Aeroporto, 44",22:12
C0956,268,12345,FER,,9,TORINO - Aeroporto (Caselle),22:15
C0957,268,12345,FER,,1,TORINO - Porta Nuova,22:00
C0957,268,12345,FER,,2,TORINO - Porta Susa,22:08
C0957,268,12345,FER,,3,TORINO - c.so Umbria/via Livorno,-
C0957,268,12345,FER,,4,TO – via Stradella,-
C0957,268,12345,FER,,5,TO - Via Stampini,-
C0957,268,12345,FER,,6,BORGARO T.SE - via Lanzo/via Martiri,-
C0957,268,12345,FER,,7,"CASELLE T.SE - via Torino, 99",-
C0957,268,12345,FER,,8,"CASELLE T.SE - str. Aeroporto, 44",-
C0957,268,12345,FER,,9,TORINO - Aeroporto (Caselle),22:37
C0958,268,12345,FER,K,1,TORINO - Porta Nuova,22:30
C0958,268,12345,FER,K,2,TORINO - Porta Susa,22:38
C0958,268,12345,FER,K,3,TORINO - c.so Umbria/via Livorno,22:43
C0958,268,12345,FER,K,4,TO – via Stradella,22:48
C0958,268,12345,FER,K,5,TO - Via Stampini,22:52
C0958,268,12345,FER,K,6,BORGARO T.SE - via Lanzo/via Martiri,23:03
C0958,268,12345,FER,K,7,"CASELLE T.SE - via Torino, 99",23:10
C0958,268,12345,FER,K,8,"CASELLE T.SE - str. Aeroporto, 44",23:12
C0958,268,12345,FER,K,9,TORINO - Aeroporto (Caselle),23:15
C0959,268,12345,FER,,1,TORINO - Porta Nuova,23:00
C0959,268,12345,FER,,2,TORINO - Porta Susa,23:08
C0959,268,12345,FER,,3,TORINO - c.so Umbria/via Livorno,-
C0959,268,12345,FER,,4,TO – via Stradella,-
C0959,268,12345,FER,,5,TO - Via Stampini,-
C0959,268,12345,FER,,6,BORGARO T.SE - via Lanzo/via Martiri,-
C0959,268,12345,FER,,7,"CASELLE T.SE - via Torino, 99",-
C0959,268,12345,FER,,8,"CASELLE T.SE - str. Aeroporto, 44",-
C0959,268,12345,FER,,9,TORINO - Aeroporto (Caselle),23:37
C0960,268,12345,FER,K,1,TORINO - Porta Nuova,23:30
C0960,268,12345,FER,K,2,TORINO - Porta Susa,23:38
C0960,268,12345,FER,K,3,TORINO - c.so Umbria/via Livorno,23:43
C0960,268,12345,FER,K,4,TO – via Stradella,23:48
C0960,268,12345,FER,K,5,TO - Via Stampini,23:52
C0960,268,12345,FER,K,6,BORGARO T.SE - via Lanzo/via Martiri,0:03
C0960,268,12345,FER,K,7,"CASELLE T.SE - via Torino, 99",0:10
C0960,268,12345,FER,K,8,"CASELLE T.SE - str. Aeroporto, 44",0:12
C0960,268,12345,FER,K,9,TORINO - Aeroporto (Caselle),0:15
C0961,268,6,FER,,1,TORINO - Porta Nuova,5:15
C0961,268,6,FER,,2,TORINO - Porta Susa,5:23
C0961,268,6,FER,,3,TORINO - c.so Umbria/via Livorno,5:28
C0961,268,6,FER,,4,TO – via Stradella,5:33
C0961,268,6,FER,,5,TO - Via Stampini,5:37
C0961,268,6,FER,,6,BORGARO T.SE - via Lanzo/via Martiri,5:48
C0961,268,6,FER,,7,"CASELLE T.SE - via Torino, 99",5:55
C0961,268,6,FER,,8,"CASELLE T.SE - str. Aeroporto, 44",5:57
C0961,268,6,FER,,9,TORINO - Aeroporto (Caselle),6:00
C0962,268,8,FEST,#,1,TORINO - Porta Nuova,5:30
C0962,268,8,FEST,#,2,TORINO - Porta Susa,5:38
C0962,268,8,FEST,#,3,TORINO - c.so Umbria/via Livorno,5:43
C0962,268,8,FEST,#,4,TO – via Stradella,5:48
C0962,268,8,FEST,#,5,TO - Via Stampini,5:52
C0962,268,8,FEST,#,6,BORGARO T.SE - via Lanzo/via Martiri,6:03
C0962,268,8,FEST,#,7,"CASELLE T.SE - via Torino, 99",6:10
C0962,268,8,FEST,#,8,"CASELLE T.SE - str. Aeroporto, 44",6:12
C0962,268,8,FEST,#,9,TORINO - Aeroporto (Caselle),6:15
C0963,268,6,FER,,1,TORINO - Porta Nuova,5:45
C0963,268,6,FER,,2,TORINO - Porta Susa,5:53
C0963,268,6,FER,,3,TORINO - c.so Umbria/via Livorno,5:58
C0963,268,6,FER,,4,TO – via Stradella,6:03
C0963,268,6,FER,,5,TO - Via Stampini,6:07
C0963,268,6,FER,,6,BORGARO T.SE - via Lanzo/via Martiri,6:18
C0963,268,6,FER,,7,"CASELLE T.SE - via Torino, 99",6:25
C0963,268,6,FER,,8,"CASELLE T.SE - str. Aeroporto, 44",6:27
C0963,268,6,FER,,9,TORINO - Aeroporto (Caselle),6:30
C0964,268,8,FEST,,1,TORINO - Porta Nuova,6:15
C0964,268,8,FEST,,2,TORINO - Porta Susa,6:23
C0964,268,8,FEST,,3,TORINO - c.so Umbria/via Livorno,6:28
C0964,268,8,FEST,,4,TO – via Stradella,6:33
C0964,268,8,FEST,,5,TO - Via Stampini,6:37
C0964,268,8,FEST,,6,BORGARO T.SE - via Lanzo/via Martiri,6:48
C0964,268,8,FEST,,7,"CASELLE T.SE - via Torino, 99",6:55
C0964,268,8,FEST,,8,"CASELLE T.SE - str. Aeroporto, 44",6:57
C0964,268,8,FEST,,9,TORINO - Aeroporto (Caselle),7:00
C0965,268,6,FER,,1,TORINO - Porta Nuova,6:30
C0965,268,6,FER,,2,TORINO - Porta Susa,6:38
C0965,268,6,FER,,3,TORINO - c.so Umbria/via Livorno,6:43
C0965,268,6,FER,,4,TO – via Stradella,6:48
C0965,268,6,FER,,5,TO - Via Stampini,6:52
C0965,268,6,FER,,6,BORGARO T.SE - via Lanzo/via Martiri,7:03
C0965,268,6,FER,,7,"CASELLE T.SE - via Torino, 99",7:10
C0965,268,6,FER,,8,"CASELLE T.SE - str. Aeroporto, 44",7:12
C0965,268,6,FER,,9,TORINO - Aeroporto (Caselle),7:15
C0966,268,8,,,1,TORINO - Porta Nuova,4:15
C0966,268,8,,,2,TORINO - Porta Susa,4:23
C0966,268,8,,,3,TORINO - c.so Umbria/via Livorno,4:28
C0966,268,8,,,4,TO – via Stradella,4:33
C0966,268,8,,,5,TO - Via Stampini,4:37
C0966,268,8,,,6,BORGARO T.SE - via Lanzo/via Martiri,4:48
C0966,268,8,,,7,"CASELLE T.SE - via Torino, 99",4:55
C0966,268,8,,,8,"CASELLE T.SE - str. Aeroporto, 44",4:57
C0966,268,8,,,9,TORINO - Aeroporto (Caselle),5:00
C0967,268,8,,,1,TORINO - Porta Nuova,7:00
C0967,268,8,,,2,TORINO - Porta Susa,7:08
C0967,268,8,,,3,TORINO - c.so Umbria/via Livorno,7:13
C0967,268,8,,,4,TO – via Stradella,7:18
C0967,268,8,,,5,TO - Via Stampini,7:22
C0967,268,8,,,6,BORGARO T.SE - via Lanzo/via Martiri,7:33
C0967,268,8,,,7,"CASELLE T.SE - via Torino, 99",7:40
C0967,268,8,,,8,"CASELLE T.SE - str. Aeroporto, 44",7:42
C0967,268,8,,,9,TORINO - Aeroporto (Caselle),7:45
C0968,268,8,,EXPRESS,1,TORINO - Porta Nuova,7:30
C0968,268,8,,EXPRESS,2,TORINO - Porta Susa,7:38
C0968,268,8,,EXPRESS,3,TORINO - c.so Umbria/via Livorno,-
C0968,268,8,,EXPRESS,4,TO – via Stradella,-
C0968,268,8,,EXPRESS,5,TO - Via Stampini,-
C0968,268,8,,EXPRESS,6,BORGARO T.SE - via Lanzo/via Martiri,-
C0968,268,8,,EXPRESS,7,"CASELLE T.SE - via Torino, 99",-
C0968,268,8,,EXPRESS,8,"CASELLE T.SE - str. Aeroporto, 44",-
C0968,268,8,,EXPRESS,9,TORINO - Aeroporto (Caselle),8:07
C0969,268,8,,#,1,TORINO - Porta Nuova,8:00
C0969,268,8,,#,2,TORINO - Porta Susa,8:08
C0969,268,8,,#,3,TORINO - c.so Umbria/via Livorno,8:13
C0969,268,8,,#,4,TO – via Stradella,8:18
C0969,268,8,,#,5,TO - Via Stampini,8:22
C0969,268,8,,#,6,BORGARO T.SE - via Lanzo/via Martiri,8:33
C0969,268,8,,#,7,"CASELLE T.SE - via Torino, 99",8:40
C0969,268,8,,#,8,"CASELLE T.SE - str. Aeroporto, 44",8:42
C0969,268,8,,#,9,TORINO - Aeroporto (Caselle),8:45
C0970,268,8,,EXPRESS,1,TORINO - Porta Nuova,8:30
C0970,268,8,,EXPRESS,2,TORINO - Porta Susa,8:38
C0970,268,8,,EXPRESS,3,TORINO - c.so Umbria/via Livorno,-
C0970,268,8,,EXPRESS,4,TO – via Stradella,-
C0970,268,8,,EXPRESS,5,TO - Via Stampini,-
C0970,268,8,,EXPRESS,6,BORGARO T.SE - via Lanzo/via Martiri,-
C0970,268,8,,EXPRESS,7,"CASELLE T.SE - via Torino, 99",-
C0970,268,8,,EXPRESS,8,"CASELLE T.SE - str. Aeroporto, 44",-
C0970,268,8,,EXPRESS,9,TORINO - Aeroporto (Caselle),9:07
C0971,268,8,,,1,TORINO - Porta Nuova,9:00
C0971,268,8,,,2,TORINO - Porta Susa,9:08
C0971,268,8,,,3,TORINO - c.so Umbria/via Livorno,9:13
C0971,268,8,,,4,TO – via Stradella,9:18
C0971,268,8,,,5,TO - Via Stampini,9:22
C0971,268,8,,,6,BORGARO T.SE - via Lanzo/via Martiri,9:33
C0971,268,8,,,7,"CASELLE T.SE - via Torino, 99",9:40
C0971,268,8,,,8,"CASELLE T.SE - str. Aeroporto, 44",9:42
C0971,268,8,,,9,TORINO - Aeroporto (Caselle),9:45
C0972,268,8,,EXPRESS,1,TORINO - Porta Nuova,9:30
C0972,268,8,,EXPRESS,2,TORINO - Porta Susa,9:38
C0972,268,8,,EXPRESS,3,TORINO - c.so Umbria/via Livorno,-
C0972,268,8,,EXPRESS,4,TO – via Stradella,-
C0972,268,8,,EXPRESS,5,TO - Via Stampini,-
C0972,268,8,,EXPRESS,6,BORGARO T.SE - via Lanzo/via Martiri,-
C0972,268,8,,EXPRESS,7,"CASELLE T.SE - via Torino, 99",-
C0972,268,8,,EXPRESS,8,"CASELLE T.SE - str. Aeroporto, 44",-
C0972,268,8,,EXPRESS,9,TORINO - Aeroporto (Caselle),10:07
C0973,268,8,,#,1,TORINO - Porta Nuova,10:00
C0973,268,8,,#,2,TORINO - Porta Susa,10:08
C0973,268,8,,#,3,TORINO - c.so Umbria/via Livorno,10:13
C0973,268,8,,#,4,TO – via Stradella,10:18
C0973,268,8,,#,5,TO - Via Stampini,10:22
C0973,268,8,,#,6,BORGARO T.SE - via Lanzo/via Martiri,10:33
C0973,268,8,,#,7,"CASELLE T.SE - via Torino, 99",10:40
C0973,268,8,,#,8,"CASELLE T.SE - str. Aeroporto, 44",10:42
C0973,268,8,,#,9,TORINO - Aeroporto (Caselle),10:45
C0974,268,8,,EXPRESS,1,TORINO - Porta Nuova,10:30
C0974,268,8,,EXPRESS,2,TORINO - Porta Susa,10:38
C0974,268,8,,EXPRESS,3,TORINO - c.so Umbria/via Livorno,-
C0974,268,8,,EXPRESS,4,TO – via Stradella,-
C0974,268,8,,EXPRESS,5,TO - Via Stampini,-
C0974,268,8,,EXPRESS,6,BORGARO T.SE - via Lanzo/via Martiri,-
C0974,268,8,,EXPRESS,7,"CASELLE T.SE - via Torino, 99",-
C0974,268,8,,EXPRESS,8,"CASELLE T.SE - str. Aeroporto, 44",-
C0974,268,8,,EXPRESS,9,TORINO - Aeroporto (Caselle),11:07
C0975,268,8,,,1,TORINO - Porta Nuova,11:00
C0975,268,8,,,2,TORINO - Porta Susa,11:08
C0975,268,8,,,3,TORINO - c.so Umbria/via Livorno,11:13
C0975,268,8,,,4,TO – via Stradella,11:18
C0975,268,8,,,5,TO - Via Stampini,11:22
C0975,268,8,,,6,BORGARO T.SE - via Lanzo/via Martiri,11:33
C0975,268,8,,,7,"CASELLE T.SE - via Torino, 99",11:40
C0975,268,8,,,8,"CASELLE T.SE - str. Aeroporto, 44",11:42
C0975,268,8,,,9,TORINO - Aeroporto (Caselle),11:45
C0976,268,8,,EXPRESS,1,TORINO - Porta Nuova,11:30
C0976,268,8,,EXPRESS,2,TORINO - Porta Susa,11:38
C0976,268,8,,EXPRESS,3,TORINO - c.so Umbria/via Livorno,-
C0976,268,8,,EXPRESS,4,TO – via Stradella,-
C0976,268,8,,EXPRESS,5,TO - Via Stampini,-
C0976,268,8,,EXPRESS,6,BORGARO T.SE - via Lanzo/via Martiri,-
C0976,268,8,,EXPRESS,7,"CASELLE T.SE - via Torino, 99",-
C0976,268,8,,EXPRESS,8,"CASELLE T.SE - str. Aeroporto, 44",-
C0976,268,8,,EXPRESS,9,TORINO - Aeroporto (Caselle),12:07
C0977,268,8,,#,1,TORINO - Porta Nuova,12:00
C0977,268,8,,#,2,TORINO - Porta Susa,12:08
C0977,268,8,,#,3,TORINO - c.so Umbria/via Livorno,12:13
C0977,268,8,,#,4,TO – via Stradella,12:18
C0977,268,8,,#,5,TO - Via Stampini,12:22
C0977,268,8,,#,6,BORGARO T.SE - via Lanzo/via Martiri,12:33
C0977,268,8,,#,7,"CASELLE T.SE - via Torino, 99",12:40
C0977,268,8,,#,8,"CASELLE T.SE - str. Aeroporto, 44",12:42
C0977,268,8,,#,9,TORINO - Aeroporto (Caselle),12:45
C0978,268,8,,EXPRESS,1,TORINO - Porta Nuova,12:30
C0978,268,8,,EXPRESS,2,TORINO - Porta Susa,12:38
C0978,268,8,,EXPRESS,3,TORINO - c.so Umbria/via Livorno,-
C0978,268,8,,EXPRESS,4,TO – via Stradella,-
C0978,268,8,,EXPRESS,5,TO - Via Stampini,-
C0978,268,8,,EXPRESS,6,BORGARO T.SE - via Lanzo/via Martiri,-
C0978,268,8,,EXPRESS,7,"CASELLE T.SE - via Torino, 99",-
C0978,268,8,,EXPRESS,8,"CASELLE T.SE - str. Aeroporto, 44",-
C0978,268,8,,EXPRESS,9,TORINO - Aeroporto (Caselle),13:07
C0979,268,8,,,1,TORINO - Porta Nuova,13:00
C0979,268,8,,,2,TORINO - Porta Susa,13:08
C0979,268,8,,,3,TORINO - c.so Umbria/via Livorno,13:13
C0979,268,8,,,4,TO – via Stradella,13:18
C0979,268,8,,,5,TO - Via Stampini,13:22
C0979,268,8,,,6,BORGARO T.SE - via Lanzo/via Martiri,13:33
C0979,268,8,,,7,"CASELLE T.SE - via Torino, 99",13:40
C0979,268,8,,,8,"CASELLE T.SE - str. Aeroporto, 44",13:42
C0979,268,8,,,9,TORINO - Aeroporto (Caselle),13:45
C0980,268,8,,EXPRESS,1,TORINO - Porta Nuova,13:30
C0980,268,8,,EXPRESS,2,TORINO - Porta Susa,13:38
C0980,268,8,,EXPRESS,3,TORINO - c.so Umbria/via Livorno,-
C0980,268,8,,EXPRESS,4,TO – via Stradella,-
C0980,268,8,,EXPRESS,5,TO - Via Stampini,-
C0980,268,8,,EXPRESS,6,BORGARO T.SE - via Lanzo/via Martiri,-
C0980,268,8,,EXPRESS,7,"CASELLE T.SE - via Torino, 99",-
C0980,268,8,,EXPRESS,8,"CASELLE T.SE - str. Aeroporto, 44",-
C0980,268,8,,EXPRESS,9,TORINO - Aeroporto (Caselle),14:07
C0981,268,8,,#,1,TORINO - Porta Nuova,14:00
C0981,268,8,,#,2,TORINO - Porta Susa,14:08
C0981,268,8,,#,3,TORINO - c.so Umbria/via Livorno,14:13
C0981,268,8,,#,4,TO – via Stradella,14:18
C0981,268,8,,#,5,TO - Via Stampini,14:22
C0981,268,8,,#,6,BORGARO T.SE - via Lanzo/via Martiri,14:33
C0981,268,8,,#,7,"CASELLE T.SE - via Torino, 99",14:40
C0981,268,8,,#,8,"CASELLE T.SE - str. Aeroporto, 44",14:42
C0981,268,8,,#,9,TORINO - Aeroporto (Caselle),14:45
C0982,268,8,,EXPRESS,1,TORINO - Porta Nuova,14:30
C0982,268,8,,EXPRESS,2,TORINO - Porta Susa,14:38
C0982,268,8,,EXPRESS,3,TORINO - c.so Umbria/via Livorno,-
C0982,268,8,,EXPRESS,4,TO – via Stradella,-
C0982,268,8,,EXPRESS,5,TO - Via Stampini,-
C0982,268,8,,EXPRESS,6,BORGARO T.SE - via Lanzo/via Martiri,-
C0982,268,8,,EXPRESS,7,"CASELLE T.SE - via Torino, 99",-
C0982,268,8,,EXPRESS,8,"CASELLE T.SE - str. Aeroporto, 44",-
C0982,268,8,,EXPRESS,9,TORINO - Aeroporto (Caselle),15:07
C0983,268,8,,,1,TORINO - Porta Nuova,15:00
C0983,268,8,,,2,TORINO - Porta Susa,15:08
C0983,268,8,,,3,TORINO - c.so Umbria/via Livorno,15:13
C0983,268,8,,,4,TO – via Stradella,15:18
C0983,268,8,,,5,TO - Via Stampini,15:22
C0983,268,8,,,6,BORGARO T.SE - via Lanzo/via Martiri,15:33
C0983,268,8,,,7,"CASELLE T.SE - via Torino, 99",15:40
C0983,268,8,,,8,"CASELLE T.SE - str. Aeroporto, 44",15:42
C0983,268,8,,,9,TORINO - Aeroporto (Caselle),15:45
C0984,268,8,,EXPRESS,1,TORINO - Porta Nuova,15:30
C0984,268,8,,EXPRESS,2,TORINO - Porta Susa,15:38
C0984,268,8,,EXPRESS,3,TORINO - c.so Umbria/via Livorno,-
C0984,268,8,,EXPRESS,4,TO – via Stradella,-
C0984,268,8,,EXPRESS,5,TO - Via Stampini,-
C0984,268,8,,EXPRESS,6,BORGARO T.SE - via Lanzo/via Martiri,-
C0984,268,8,,EXPRESS,7,"CASELLE T.SE - via Torino, 99",-
C0984,268,8,,EXPRESS,8,"CASELLE T.SE - str. Aeroporto, 44",-
C0984,268,8,,EXPRESS,9,TORINO - Aeroporto (Caselle),16:07
C0985,268,8,,#,1,TORINO - Porta Nuova,16:00
C0985,268,8,,#,2,TORINO - Porta Susa,16:08
C0985,268,8,,#,3,TORINO - c.so Umbria/via Livorno,16:13
C0985,268,8,,#,4,TO – via Stradella,16:18
C0985,268,8,,#,5,TO - Via Stampini,16:22
C0985,268,8,,#,6,BORGARO T.SE - via Lanzo/via Martiri,16:33
C0985,268,8,,#,7,"CASELLE T.SE - via Torino, 99",16:40
C0985,268,8,,#,8,"CASELLE T.SE - str. Aeroporto, 44",16:42
C0985,268,8,,#,9,TORINO - Aeroporto (Caselle),16:45
C0986,268,8,,EXPRESS,1,TORINO - Porta Nuova,16:30
C0986,268,8,,EXPRESS,2,TORINO - Porta Susa,16:38
C0986,268,8,,EXPRESS,3,TORINO - c.so Umbria/via Livorno,-
C0986,268,8,,EXPRESS,4,TO – via Stradella,-
C0986,268,8,,EXPRESS,5,TO - Via Stampini,-
C0986,268,8,,EXPRESS,6,BORGARO T.SE - via Lanzo/via Martiri,-
C0986,268,8,,EXPRESS,7,"CASELLE T.SE - via Torino, 99",-
C0986,268,8,,EXPRESS,8,"CASELLE T.SE - str. Aeroporto, 44",-
C0986,268,8,,EXPRESS,9,TORINO - Aeroporto (Caselle),17:07
C0987,268,8,,,1,TORINO - Porta Nuova,17:00
C0987,268,8,,,2,TORINO - Porta Susa,17:08
C0987,268,8,,,3,TORINO - c.so Umbria/via Livorno,17:13
C0987,268,8,,,4,TO – via Stradella,17:18
C0987,268,8,,,5,TO - Via Stampini,17:22
C0987,268,8,,,6,BORGARO T.SE - via Lanzo/via Martiri,17:33
C0987,268,8,,,7,"CASELLE T.SE - via Torino, 99",17:40
C0987,268,8,,,8,"CASELLE T.SE - str. Aeroporto, 44",17:42
C0987,268,8,,,9,TORINO - Aeroporto (Caselle),17:45
C0988,268,6,FER,K,1,TORINO - Porta Nuova,23:30
C0988,268,6,FER,K,2,TORINO - Porta Susa,23:38
C0988,268,6,FER,K,3,TORINO - c.so Umbria/via Livorno,23:43
C0988,268,6,FER,K,4,TO – via Stradella,23:48
C0988,268,6,FER,K,5,TO - Via Stampini,23:52
C0988,268,6,FER,K,6,BORGARO T.SE - via Lanzo/via Martiri,0:03
C0988,268,6,FER,K,7,"CASELLE T.SE - via Torino, 99",0:10
C0988,268,6,FER,K,8,"CASELLE T.SE - str. Aeroporto, 44",0:12
C0988,268,6,FER,K,9,TORINO - Aeroporto (Caselle),0:15
C0989,268,8,,EXPRESS,1,TORINO - Porta Nuova,17:30
C0989,268,8,,EXPRESS,2,TORINO - Porta Susa,17:38
C0989,268,8,,EXPRESS,3,TORINO - c.so Umbria/via Livorno,-
C0989,268,8,,EXPRESS,4,TO – via Stradella,-
C0989,268,8,,EXPRESS,5,TO - Via Stampini,-
C0989,268,8,,EXPRESS,6,BORGARO T.SE - via Lanzo/via Martiri,-
C0989,268,8,,EXPRESS,7,"CASELLE T.SE - via Torino, 99",-
C0989,268,8,,EXPRESS,8,"CASELLE T.SE - str. Aeroporto, 44",-
C0989,268,8,,EXPRESS,9,TORINO - Aeroporto (Caselle),18:07
C0990,268,8,,#,1,TORINO - Porta Nuova,18:00
C0990,268,8,,#,2,TORINO - Porta Susa,18:08
C0990,268,8,,#,3,TORINO - c.so Umbria/via Livorno,18:13
C0990,268,8,,#,4,TO – via Stradella,18:18
C0990,268,8,,#,5,TO - Via Stampini,18:22
C0990,268,8,,#,6,BORGARO T.SE - via Lanzo/via Martiri,18:33
C0990,268,8,,#,7,"CASELLE T.SE - via Torino, 99",18:40
C0990,268,8,,#,8,"CASELLE T.SE - str. Aeroporto, 44",18:42
C0990,268,8,,#,9,TORINO - Aeroporto (Caselle),18:45
C0991,268,8,,EXPRESS,1,TORINO - Porta Nuova,18:30
C0991,268,8,,EXPRESS,2,TORINO - Porta Susa,18:38
C0991,268,8,,EXPRESS,3,TORINO - c.so Umbria/via Livorno,-
C0991,268,8,,EXPRESS,4,TO – via Stradella,-
C0991,268,8,,EXPRESS,5,TO - Via Stampini,-
C0991,268,8,,EXPRESS,6,BORGARO T.SE - via Lanzo/via Martiri,-
C0991,268,8,,EXPRESS,7,"CASELLE T.SE - via Torino, 99",-
C0991,268,8,,EXPRESS,8,"CASELLE T.SE - str. Aeroporto, 44",-
C0991,268,8,,EXPRESS,9,TORINO - Aeroporto (Caselle),19:07
C0992,268,8,,,1,TORINO - Porta Nuova,19:00
C0992,268,8,,,2,TORINO - Porta Susa,19:08
C0992,268,8,,,3,TORINO - c.so Umbria/via Livorno,19:13
C0992,268,8,,,4,TO – via Stradella,19:18
C0992,268,8,,,5,TO - Via Stampini,19:22
C0992,268,8,,,6,BORGARO T.SE - via Lanzo/via Martiri,19:33
C0992,268,8,,,7,"CASELLE T.SE - via Torino, 99",19:40
C0992,268,8,,,8,"CASELLE T.SE - str. Aeroporto, 44",19:42
C0992,268,8,,,9,TORINO - Aeroporto (Caselle),19:45
C0993,268,8,,EXPRESS,1,TORINO - Porta Nuova,19:30
C0993,268,8,,EXPRESS,2,TORINO - Porta Susa,19:38
C0993,268,8,,EXPRESS,3,TORINO - c.so Umbria/via Livorno,-
C0993,268,8,,EXPRESS,4,TO – via Stradella,-
C0993,268,8,,EXPRESS,5,TO - Via Stampini,-
C0993,268,8,,EXPRESS,6,BORGARO T.SE - via Lanzo/via Martiri,-
C0993,268,8,,EXPRESS,7,"CASELLE T.SE - via Torino, 99",-
C0993,268,8,,EXPRESS,8,"CASELLE T.SE - str. Aeroporto, 44",-
C0993,268,8,,EXPRESS,9,TORINO - Aeroporto (Caselle),20:07
C0994,268,8,,#,1,TORINO - Porta Nuova,20:00
C0994,268,8,,#,2,TORINO - Porta Susa,20:08
C0994,268,8,,#,3,TORINO - c.so Umbria/via Livorno,20:13
C0994,268,8,,#,4,TO – via Stradella,20:18
C0994,268,8,,#,5,TO - Via Stampini,20:22
C0994,268,8,,#,6,BORGARO T.SE - via Lanzo/via Martiri,20:33
C0994,268,8,,#,7,"CASELLE T.SE - via Torino, 99",20:40
C0994,268,8,,#,8,"CASELLE T.SE - str. Aeroporto, 44",20:42
C0994,268,8,,#,9,TORINO - Aeroporto (Caselle),20:45
C0995,268,8,,EXPRESS,1,TORINO - Porta Nuova,20:30
C0995,268,8,,EXPRESS,2,TORINO - Porta Susa,20:38
C0995,268,8,,EXPRESS,3,TORINO - c.so Umbria/via Livorno,-
C0995,268,8,,EXPRESS,4,TO – via Stradella,-
C0995,268,8,,EXPRESS,5,TO - Via Stampini,-
C0995,268,8,,EXPRESS,6,BORGARO T.SE - via Lanzo/via Martiri,-
C0995,268,8,,EXPRESS,7,"CASELLE T.SE - via Torino, 99",-
C0995,268,8,,EXPRESS,8,"CASELLE T.SE - str. Aeroporto, 44",-
C0995,268,8,,EXPRESS,9,TORINO - Aeroporto (Caselle),21:07
C0996,268,8,,,1,TORINO - Porta Nuova,21:00
C0996,268,8,,,2,TORINO - Porta Susa,21:08
C0996,268,8,,,3,TORINO - c.so Umbria/via Livorno,21:13
C0996,268,8,,,4,TO – via Stradella,21:18
C0996,268,8,,,5,TO - Via Stampini,21:22
C0996,268,8,,,6,BORGARO T.SE - via Lanzo/via Martiri,21:33
C0996,268,8,,,7,"CASELLE T.SE - via Torino, 99",21:40
C0996,268,8,,,8,"CASELLE T.SE - str. Aeroporto, 44",21:42
C0996,268,8,,,9,TORINO - Aeroporto (Caselle),21:45
C0997,268,8,,EXPRESS,1,TORINO - Porta Nuova,21:30
C0997,268,8,,EXPRESS,2,TORINO - Porta Susa,21:38
C0997,268,8,,EXPRESS,3,TORINO - c.so Umbria/via Livorno,-
C0997,268,8,,EXPRESS,4,TO – via Stradella,-
C0997,268,8,,EXPRESS,5,TO - Via Stampini,-
C0997,268,8,,EXPRESS,6,BORGARO T.SE - via Lanzo/via Martiri,-
C0997,268,8,,EXPRESS,7,"CASELLE T.SE - via Torino, 99",-
C0997,268,8,,EXPRESS,8,"CASELLE T.SE - str. Aeroporto, 44",-
C0997,268,8,,EXPRESS,9,TORINO - Aeroporto (Caselle),22:07
C0998,268,8,,K,1,TORINO - Porta Nuova,22:00
C0998,268,8,,K,2,TORINO - Porta Susa,22:08
C0998,268,8,,K,3,TORINO - c.so Umbria/via Livorno,22:13
C0998,268,8,,K,4,TO – via Stradella,22:18
C0998,268,8,,K,5,TO - Via Stampini,22:22
C0998,268,8,,K,6,BORGARO T.SE - via Lanzo/via Martiri,22:33
C0998,268,8,,K,7,"CASELLE T.SE - via Torino, 99",22:40
C0998,268,8,,K,8,"CASELLE T.SE - str. Aeroporto, 44",22:42
C0998,268,8,,K,9,TORINO - Aeroporto (Caselle),22:45
C0999,268,8,,,1,TORINO - Porta Nuova,22:30
C0999,268,8,,,2,TORINO - Porta Susa,22:38
C0999,268,8,,,3,TORINO - c.so Umbria/via Livorno,-
C0999,268,8,,,4,TO – via Stradella,-
C0999,268,8,,,5,TO - Via Stampini,-
C0999,268,8,,,6,BORGARO T.SE - via Lanzo/via Martiri,-
C0999,268,8,,,7,"CASELLE T.SE - via Torino, 99",-
C0999,268,8,,,8,"CASELLE T.SE - str. Aeroporto, 44",-
C0999,268,8,,,9,TORINO - Aeroporto (Caselle),23:07
C1000,268,8,,K,1,TORINO - Porta Nuova,23:00
C1000,268,8,,K,2,TORINO - Porta Susa,23:08
C1000,268,8,,K,3,TORINO - c.so Umbria/via Livorno,23:13
C1000,268,8,,K,4,TO – via Stradella,23:18
C1000,268,8,,K,5,TO - Via Stampini,23:22
C1000,268,8,,K,6,BORGARO T.SE - via Lanzo/via Martiri,23:33
C1000,268,8,,K,7,"CASELLE T.SE - via Torino, 99",23:40
C1000,268,8,,K,8,"CASELLE T.SE - str. Aeroporto, 44",23:42
C1000,268,8,,K,9,TORINO - Aeroporto (Caselle),23:45
C1001,268,12345,FER,,1,TORINO - Aeroporto (Caselle),6:10
C1001,268,12345,FER,,2,CASELLE T.SE - str.Aerop. (fronte n° 36),6:13
C1001,268,12345,FER,,3,CASELLE T.SE - via Torino (fronte n° 99),6:15
C1001,268,12345,FER,,4,"BORGARO T.SE - via Lanzo, 157",6:22
C1001,268,12345,FER,,5,"TO - Str Aeroporto (Ferm.""VERONESE"")",6:32
C1001,268,12345,FER,,6,TO – via Stradella,6:35
C1001,268,12345,FER,,7,TORINO - c.so Umbria/via Livorno,6:40
C1001,268,12345,FER,,8,TORINO - Porta Susa,6:45
C1001,268,12345,FER,,9,TORINO - Porta Nuova,6:55
C1002,268,12345,FER,,1,TORINO - Aeroporto (Caselle),6:30
C1002,268,12345,FER,,2,CASELLE T.SE - str.Aerop. (fronte n° 36),6:33
C1002,268,12345,FER,,3,CASELLE T.SE - via Torino (fronte n° 99),6:35
C1002,268,12345,FER,,4,"BORGARO T.SE - via Lanzo, 157",6:42
C1002,268,12345,FER,,5,"TO - Str Aeroporto (Ferm.""VERONESE"")",6:52
C1002,268,12345,FER,,6,TO – via Stradella,6:55
C1002,268,12345,FER,,7,TORINO - c.so Umbria/via Livorno,7:00
C1002,268,12345,FER,,8,TORINO - Porta Susa,7:05
C1002,268,12345,FER,,9,TORINO - Porta Nuova,7:15
C1003,268,12345,FER,,1,TORINO - Aeroporto (Caselle),6:45
C1003,268,12345,FER,,2,CASELLE T.SE - str.Aerop. (fronte n° 36),6:48
C1003,268,12345,FER,,3,CASELLE T.SE - via Torino (fronte n° 99),6:50
C1003,268,12345,FER,,4,"BORGARO T.SE - via Lanzo, 157",6:57
C1003,268,12345,FER,,5,"TO - Str Aeroporto (Ferm.""VERONESE"")",7:07
C1003,268,12345,FER,,6,TO – via Stradella,7:10
C1003,268,12345,FER,,7,TORINO - c.so Umbria/via Livorno,7:15
C1003,268,12345,FER,,8,TORINO - Porta Susa,7:20
C1003,268,12345,FER,,9,TORINO - Porta Nuova,7:30
C1004,268,12345,SCO,Scol,1,TORINO - Aeroporto (Caselle),7:00
C1004,268,12345,SCO,Scol,2,CASELLE T.SE - str.Aerop. (fronte n° 36),7:03
C1004,268,12345,SCO,Scol,3,CASELLE T.SE - via Torino (fronte n° 99),7:05
C1004,268,12345,SCO,Scol,4,"BORGARO T.SE - via Lanzo, 157",7:12
C1004,268,12345,SCO,Scol,5,"TO - Str Aeroporto (Ferm.""VERONESE"")",7:22
C1004,268,12345,SCO,Scol,6,TO – via Stradella,7:25
C1004,268,12345,SCO,Scol,7,TORINO - c.so Umbria/via Livorno,7:30
C1004,268,12345,SCO,Scol,8,TORINO - Porta Susa,7:35
C1004,268,12345,SCO,Scol,9,TORINO - Porta Nuova,7:45
C1005,268,12345,FER,,1,TORINO - Aeroporto (Caselle),7:05
C1005,268,12345,FER,,2,CASELLE T.SE - str.Aerop. (fronte n° 36),7:08
C1005,268,12345,FER,,3,CASELLE T.SE - via Torino (fronte n° 99),7:10
C1005,268,12345,FER,,4,"BORGARO T.SE - via Lanzo, 157",7:17
C1005,268,12345,FER,,5,"TO - Str Aeroporto (Ferm.""VERONESE"")",7:27
C1005,268,12345,FER,,6,TO – via Stradella,7:30
C1005,268,12345,FER,,7,TORINO - c.so Umbria/via Livorno,7:35
C1005,268,12345,FER,,8,TORINO - Porta Susa,7:40
C1005,268,12345,FER,,9,TORINO - Porta Nuova,7:50
C1006,268,12345,SCO,Scol,1,TORINO - Aeroporto (Caselle),7:10
C1006,268,12345,SCO,Scol,2,CASELLE T.SE - str.Aerop. (fronte n° 36),7:13
C1006,268,12345,SCO,Scol,3,CASELLE T.SE - via Torino (fronte n° 99),7:15
C1006,268,12345,SCO,Scol,4,"BORGARO T.SE - via Lanzo, 157",7:22
C1006,268,12345,SCO,Scol,5,"TO - Str Aeroporto (Ferm.""VERONESE"")",7:32
C1006,268,12345,SCO,Scol,6,TO – via Stradella,7:35
C1006,268,12345,SCO,Scol,7,TORINO - c.so Umbria/via Livorno,7:40
C1006,268,12345,SCO,Scol,8,TORINO - Porta Susa,7:45
C1006,268,12345,SCO,Scol,9,TORINO - Porta Nuova,7:55
C1007,268,12345,FER,,1,TORINO - Aeroporto (Caselle),7:25
C1007,268,12345,FER,,2,CASELLE T.SE - str.Aerop. (fronte n° 36),7:28
C1007,268,12345,FER,,3,CASELLE T.SE - via Torino (fronte n° 99),7:30
C1007,268,12345,FER,,4,"BORGARO T.SE - via Lanzo, 157",7:37
C1007,268,12345,FER,,5,"TO - Str Aeroporto (Ferm.""VERONESE"")",7:47
C1007,268,12345,FER,,6,TO – via Stradella,7:50
C1007,268,12345,FER,,7,TORINO - c.so Umbria/via Livorno,7:55
C1007,268,12345,FER,,8,TORINO - Porta Susa,8:00
C1007,268,12345,FER,,9,TORINO - Porta Nuova,8:10
C1008,268,12345,FER,,1,CASELLE T.SE - str.Aerop. (fronte n° 36),7:38
C1008,268,12345,FER,,2,CASELLE T.SE - via Torino (fronte n° 99),7:40
C1008,268,12345,FER,,3,"BORGARO T.SE - via Lanzo, 157",7:47
C1008,268,12345,FER,,4,"TO - Str Aeroporto (Ferm.""VERONESE"")",7:57
C1008,268,12345,FER,,5,TO – via Stradella,8:00
C1008,268,12345,FER,,6,TORINO - c.so Umbria/via Livorno,8:05
C1008,268,12345,FER,,7,TORINO - Porta Susa,8:10
C1008,268,12345,FER,,8,TORINO - Porta Nuova,8:20
C1009,268,12345,FER,,1,TORINO - Aeroporto (Caselle),7:45
C1009,268,12345,FER,,2,CASELLE T.SE - str.Aerop. (fronte n° 36),7:48
C1009,268,12345,FER,,3,CASELLE T.SE - via Torino (fronte n° 99),7:50
C1009,268,12345,FER,,4,"BORGARO T.SE - via Lanzo, 157",7:57
C1009,268,12345,FER,,5,"TO - Str Aeroporto (Ferm.""VERONESE"")",8:07
C1009,268,12345,FER,,6,TO – via Stradella,8:10
C1009,268,12345,FER,,7,TORINO - c.so Umbria/via Livorno,8:15
C1009,268,12345,FER,,8,TORINO - Porta Susa,8:20
C1009,268,12345,FER,,9,TORINO - Porta Nuova,8:30
C1010,268,12345,FER,,1,TORINO - Aeroporto (Caselle),8:00
C1010,268,12345,FER,,2,CASELLE T.SE - str.Aerop. (fronte n° 36),8:03
C1010,268,12345,FER,,3,CASELLE T.SE - via Torino (fronte n° 99),8:05
C1010,268,12345,FER,,4,"BORGARO T.SE - via Lanzo, 157",8:12
C1010,268,12345,FER,,5,"TO - Str Aeroporto (Ferm.""VERONESE"")",8:22
C1010,268,12345,FER,,6,TO – via Stradella,8:25
C1010,268,12345,FER,,7,TORINO - c.so Umbria/via Livorno,8:30
C1010,268,12345,FER,,8,TORINO - Porta Susa,8:35
C1010,268,12345,FER,,9,TORINO - Porta Nuova,8:45
C1011,268,12345,FER,,1,TORINO - Aeroporto (Caselle),8:15
C1011,268,12345,FER,,2,CASELLE T.SE - str.Aerop. (fronte n° 36),8:18
C1011,268,12345,FER,,3,CASELLE T.SE - via Torino (fronte n° 99),8:20
C1011,268,12345,FER,,4,"BORGARO T.SE - via Lanzo, 157",8:27
C1011,268,12345,FER,,5,"TO - Str Aeroporto (Ferm.""VERONESE"")",8:37
C1011,268,12345,FER,,6,TO – via Stradella,8:40
C1011,268,12345,FER,,7,TORINO - c.so Umbria/via Livorno,8:45
C1011,268,12345,FER,,8,TORINO - Porta Susa,8:50
C1011,268,12345,FER,,9,TORINO - Porta Nuova,9:00
C1012,268,12345,FER,,1,TORINO - Aeroporto (Caselle),8:30
C1012,268,12345,FER,,2,CASELLE T.SE - str.Aerop. (fronte n° 36),8:33
C1012,268,12345,FER,,3,CASELLE T.SE - via Torino (fronte n° 99),8:35
C1012,268,12345,FER,,4,"BORGARO T.SE - via Lanzo, 157",8:42
C1012,268,12345,FER,,5,"TO - Str Aeroporto (Ferm.""VERONESE"")",8:52
C1012,268,12345,FER,,6,TO – via Stradella,8:55
C1012,268,12345,FER,,7,TORINO - c.so Umbria/via Livorno,9:00
C1012,268,12345,FER,,8,TORINO - Porta Susa,9:05
C1012,268,12345,FER,,9,TORINO - Porta Nuova,9:15
C1013,268,12345,FER,EXPRESS,1,TORINO - Aeroporto (Caselle),8:45
C1013,268,12345,FER,EXPRESS,2,CASELLE T.SE - str.Aerop. (fronte n° 36),-
C1013,268,12345,FER,EXPRESS,3,CASELLE T.SE - via Torino (fronte n° 99),-
C1013,268,12345,FER,EXPRESS,4,"BORGARO T.SE - via Lanzo, 157",-
C1013,268,12345,FER,EXPRESS,5,"TO - Str Aeroporto (Ferm.""VERONESE"")",-
C1013,268,12345,FER,EXPRESS,6,TO – via Stradella,-
C1013,268,12345,FER,EXPRESS,7,TORINO - c.so Umbria/via Livorno,-
C1013,268,12345,FER,EXPRESS,8,TORINO - Porta Susa,9:14
C1013,268,12345,FER,EXPRESS,9,TORINO - Porta Nuova,9:24
C1014,268,12345,FER,,1,TORINO - Aeroporto (Caselle),9:00
C1014,268,12345,FER,,2,CASELLE T.SE - str.Aerop. (fronte n° 36),9:03
C1014,268,12345,FER,,3,CASELLE T.SE - via Torino (fronte n° 99),9:05
C1014,268,12345,FER,,4,"BORGARO T.SE - via Lanzo, 157",9:12
C1014,268,12345,FER,,5,"TO - Str Aeroporto (Ferm.""VERONESE"")",9:22
C1014,268,12345,FER,,6,TO – via Stradella,9:25
C1014,268,12345,FER,,7,TORINO - c.so Umbria/via Livorno,9:30
C1014,268,12345,FER,,8,TORINO - Porta Susa,9:35
C1014,268,12345,FER,,9,TORINO - Porta Nuova,9:45
C1015,268,12345,FER,EXPRESS,1,TORINO - Aeroporto (Caselle),9:15
C1015,268,12345,FER,EXPRESS,2,CASELLE T.SE - str.Aerop. (fronte n° 36),-
C1015,268,12345,FER,EXPRESS,3,CASELLE T.SE - via Torino (fronte n° 99),-
C1015,268,12345,FER,EXPRESS,4,"BORGARO T.SE - via Lanzo, 157",-
C1015,268,12345,FER,EXPRESS,5,"TO - Str Aeroporto (Ferm.""VERONESE"")",-
C1015,268,12345,FER,EXPRESS,6,TO – via Stradella,-
C1015,268,12345,FER,EXPRESS,7,TORINO - c.so Umbria/via Livorno,-
C1015,268,12345,FER,EXPRESS,8,TORINO - Porta Susa,9:44
C1015,268,12345,FER,EXPRESS,9,TORINO - Porta Nuova,9:54
C1016,268,12345,FER,,1,TORINO - Aeroporto (Caselle),9:30
C1016,268,12345,FER,,2,CASELLE T.SE - str.Aerop. (fronte n° 36),9:33
C1016,268,12345,FER,,3,CASELLE T.SE - via Torino (fronte n° 99),9:35
C1016,268,12345,FER,,4,"BORGARO T.SE - via Lanzo, 157",9:42
C1016,268,12345,FER,,5,"TO - Str Aeroporto (Ferm.""VERONESE"")",9:52
C1016,268,12345,FER,,6,TO – via Stradella,9:55
C1016,268,12345,FER,,7,TORINO - c.so Umbria/via Livorno,10:00
C1016,268,12345,FER,,8,TORINO - Porta Susa,10:05
C1016,268,12345,FER,,9,TORINO - Porta Nuova,10:15
C1017,268,12345,FER,EXPRESS,1,TORINO - Aeroporto (Caselle),9:45
C1017,268,12345,FER,EXPRESS,2,CASELLE T.SE - str.Aerop. (fronte n° 36),-
C1017,268,12345,FER,EXPRESS,3,CASELLE T.SE - via Torino (fronte n° 99),-
C1017,268,12345,FER,EXPRESS,4,"BORGARO T.SE - via Lanzo, 157",-
C1017,268,12345,FER,EXPRESS,5,"TO - Str Aeroporto (Ferm.""VERONESE"")",-
C1017,268,12345,FER,EXPRESS,6,TO – via Stradella,-
C1017,268,12345,FER,EXPRESS,7,TORINO - c.so Umbria/via Livorno,-
C1017,268,12345,FER,EXPRESS,8,TORINO - Porta Susa,10:14
C1017,268,12345,FER,EXPRESS,9,TORINO - Porta Nuova,10:24
C1018,268,12345,FER,,1,TORINO - Aeroporto (Caselle),10:00
C1018,268,12345,FER,,2,CASELLE T.SE - str.Aerop. (fronte n° 36),10:03
C1018,268,12345,FER,,3,CASELLE T.SE - via Torino (fronte n° 99),10:05
C1018,268,12345,FER,,4,"BORGARO T.SE - via Lanzo, 157",10:12
C1018,268,12345,FER,,5,"TO - Str Aeroporto (Ferm.""VERONESE"")",10:22
C1018,268,12345,FER,,6,TO – via Stradella,10:25
C1018,268,12345,FER,,7,TORINO - c.so Umbria/via Livorno,10:30
C1018,268,12345,FER,,8,TORINO - Porta Susa,10:35
C1018,268,12345,FER,,9,TORINO - Porta Nuova,10:45
C1019,268,12345,FER,EXPRESS,1,TORINO - Aeroporto (Caselle),10:15
C1019,268,12345,FER,EXPRESS,2,CASELLE T.SE - str.Aerop. (fronte n° 36),-
C1019,268,12345,FER,EXPRESS,3,CASELLE T.SE - via Torino (fronte n° 99),-
C1019,268,12345,FER,EXPRESS,4,"BORGARO T.SE - via Lanzo, 157",-
C1019,268,12345,FER,EXPRESS,5,"TO - Str Aeroporto (Ferm.""VERONESE"")",-
C1019,268,12345,FER,EXPRESS,6,TO – via Stradella,-
C1019,268,12345,FER,EXPRESS,7,TORINO - c.so Umbria/via Livorno,-
C1019,268,12345,FER,EXPRESS,8,TORINO - Porta Susa,10:44
C1019,268,12345,FER,EXPRESS,9,TORINO - Porta Nuova,10:54
C1020,268,12345,FER,,1,TORINO - Aeroporto (Caselle),10:30
C1020,268,12345,FER,,2,CASELLE T.SE - str.Aerop. (fronte n° 36),10:33
C1020,268,12345,FER,,3,CASELLE T.SE - via Torino (fronte n° 99),10:35
C1020,268,12345,FER,,4,"BORGARO T.SE - via Lanzo, 157",10:42
C1020,268,12345,FER,,5,"TO - Str Aeroporto (Ferm.""VERONESE"")",10:52
C1020,268,12345,FER,,6,TO – via Stradella,10:55
C1020,268,12345,FER,,7,TORINO - c.so Umbria/via Livorno,11:00
C1020,268,12345,FER,,8,TORINO - Porta Susa,11:05
C1020,268,12345,FER,,9,TORINO - Porta Nuova,11:15
C1021,268,12345,FER,EXPRESS,1,TORINO - Aeroporto (Caselle),10:45
C1021,268,12345,FER,EXPRESS,2,CASELLE T.SE - str.Aerop. (fronte n° 36),-
C1021,268,12345,FER,EXPRESS,3,CASELLE T.SE - via Torino (fronte n° 99),-
C1021,268,12345,FER,EXPRESS,4,"BORGARO T.SE - via Lanzo, 157",-
C1021,268,12345,FER,EXPRESS,5,"TO - Str Aeroporto (Ferm.""VERONESE"")",-
C1021,268,12345,FER,EXPRESS,6,TO – via Stradella,-
C1021,268,12345,FER,EXPRESS,7,TORINO - c.so Umbria/via Livorno,-
C1021,268,12345,FER,EXPRESS,8,TORINO - Porta Susa,11:14
C1021,268,12345,FER,EXPRESS,9,TORINO - Porta Nuova,11:24
C1022,268,12345,FER,,1,TORINO - Aeroporto (Caselle),11:00
C1022,268,12345,FER,,2,CASELLE T.SE - str.Aerop. (fronte n° 36),11:03
C1022,268,12345,FER,,3,CASELLE T.SE - via Torino (fronte n° 99),11:05
C1022,268,12345,FER,,4,"BORGARO T.SE - via Lanzo, 157",11:12
C1022,268,12345,FER,,5,"TO - Str Aeroporto (Ferm.""VERONESE"")",11:22
C1022,268,12345,FER,,6,TO – via Stradella,11:25
C1022,268,12345,FER,,7,TORINO - c.so Umbria/via Livorno,11:30
C1022,268,12345,FER,,8,TORINO - Porta Susa,11:35
C1022,268,12345,FER,,9,TORINO - Porta Nuova,11:45
C1023,268,12345,FER,EXPRESS,1,TORINO - Aeroporto (Caselle),11:15
C1023,268,12345,FER,EXPRESS,2,CASELLE T.SE - str.Aerop. (fronte n° 36),-
C1023,268,12345,FER,EXPRESS,3,CASELLE T.SE - via Torino (fronte n° 99),-
C1023,268,12345,FER,EXPRESS,4,"BORGARO T.SE - via Lanzo, 157",-
C1023,268,12345,FER,EXPRESS,5,"TO - Str Aeroporto (Ferm.""VERONESE"")",-
C1023,268,12345,FER,EXPRESS,6,TO – via Stradella,-
C1023,268,12345,FER,EXPRESS,7,TORINO - c.so Umbria/via Livorno,-
C1023,268,12345,FER,EXPRESS,8,TORINO - Porta Susa,11:44
C1023,268,12345,FER,EXPRESS,9,TORINO - Porta Nuova,11:54
C1024,268,12345,FER,,1,TORINO - Aeroporto (Caselle),11:30
C1024,268,12345,FER,,2,CASELLE T.SE - str.Aerop. (fronte n° 36),11:33
C1024,268,12345,FER,,3,CASELLE T.SE - via Torino (fronte n° 99),11:35
C1024,268,12345,FER,,4,"BORGARO T.SE - via Lanzo, 157",11:42
C1024,268,12345,FER,,5,"TO - Str Aeroporto (Ferm.""VERONESE"")",11:52
C1024,268,12345,FER,,6,TO – via Stradella,11:55
C1024,268,12345,FER,,7,TORINO - c.so Umbria/via Livorno,12:00
C1024,268,12345,FER,,8,TORINO - Porta Susa,12:05
C1024,268,12345,FER,,9,TORINO - Porta Nuova,12:15
C1025,268,12345,FER,EXPRESS,1,TORINO - Aeroporto (Caselle),11:45
C1025,268,12345,FER,EXPRESS,2,CASELLE T.SE - str.Aerop. (fronte n° 36),-
C1025,268,12345,FER,EXPRESS,3,CASELLE T.SE - via Torino (fronte n° 99),-
C1025,268,12345,FER,EXPRESS,4,"BORGARO T.SE - via Lanzo, 157",-
C1025,268,12345,FER,EXPRESS,5,"TO - Str Aeroporto (Ferm.""VERONESE"")",-
C1025,268,12345,FER,EXPRESS,6,TO – via Stradella,-
C1025,268,12345,FER,EXPRESS,7,TORINO - c.so Umbria/via Livorno,-
C1025,268,12345,FER,EXPRESS,8,TORINO - Porta Susa,12:14
C1025,268,12345,FER,EXPRESS,9,TORINO - Porta Nuova,12:24
C1026,268,12345,FER,,1,TORINO - Aeroporto (Caselle),12:00
C1026,268,12345,FER,,2,CASELLE T.SE - str.Aerop. (fronte n° 36),12:03
C1026,268,12345,FER,,3,CASELLE T.SE - via Torino (fronte n° 99),12:05
C1026,268,12345,FER,,4,"BORGARO T.SE - via Lanzo, 157",12:12
C1026,268,12345,FER,,5,"TO - Str Aeroporto (Ferm.""VERONESE"")",12:22
C1026,268,12345,FER,,6,TO – via Stradella,12:25
C1026,268,12345,FER,,7,TORINO - c.so Umbria/via Livorno,12:30
C1026,268,12345,FER,,8,TORINO - Porta Susa,12:35
C1026,268,12345,FER,,9,TORINO - Porta Nuova,12:45
C1027,268,12345,FER,EXPRESS,1,TORINO - Aeroporto (Caselle),12:15
C1027,268,12345,FER,EXPRESS,2,CASELLE T.SE - str.Aerop. (fronte n° 36),-
C1027,268,12345,FER,EXPRESS,3,CASELLE T.SE - via Torino (fronte n° 99),-
C1027,268,12345,FER,EXPRESS,4,"BORGARO T.SE - via Lanzo, 157",-
C1027,268,12345,FER,EXPRESS,5,"TO - Str Aeroporto (Ferm.""VERONESE"")",-
C1027,268,12345,FER,EXPRESS,6,TO – via Stradella,-
C1027,268,12345,FER,EXPRESS,7,TORINO - c.so Umbria/via Livorno,-
C1027,268,12345,FER,EXPRESS,8,TORINO - Porta Susa,12:44
C1027,268,12345,FER,EXPRESS,9,TORINO - Porta Nuova,12:54
C1028,268,12345,FER,,1,TORINO - Aeroporto (Caselle),12:30
C1028,268,12345,FER,,2,CASELLE T.SE - str.Aerop. (fronte n° 36),12:33
C1028,268,12345,FER,,3,CASELLE T.SE - via Torino (fronte n° 99),12:35
C1028,268,12345,FER,,4,"BORGARO T.SE - via Lanzo, 157",12:42
C1028,268,12345,FER,,5,"TO - Str Aeroporto (Ferm.""VERONESE"")",12:52
C1028,268,12345,FER,,6,TO – via Stradella,12:55
C1028,268,12345,FER,,7,TORINO - c.so Umbria/via Livorno,13:00
C1028,268,12345,FER,,8,TORINO - Porta Susa,13:05
C1028,268,12345,FER,,9,TORINO - Porta Nuova,13:15
C1029,268,12345,FER,EXPRESS,1,TORINO - Aeroporto (Caselle),12:45
C1029,268,12345,FER,EXPRESS,2,CASELLE T.SE - str.Aerop. (fronte n° 36),-
C1029,268,12345,FER,EXPRESS,3,CASELLE T.SE - via Torino (fronte n° 99),-
C1029,268,12345,FER,EXPRESS,4,"BORGARO T.SE - via Lanzo, 157",-
C1029,268,12345,FER,EXPRESS,5,"TO - Str Aeroporto (Ferm.""VERONESE"")",-
C1029,268,12345,FER,EXPRESS,6,TO – via Stradella,-
C1029,268,12345,FER,EXPRESS,7,TORINO - c.so Umbria/via Livorno,-
C1029,268,12345,FER,EXPRESS,8,TORINO - Porta Susa,13:14
C1029,268,12345,FER,EXPRESS,9,TORINO - Porta Nuova,13:24
C1030,268,12345,FER,,1,TORINO - Aeroporto (Caselle),13:00
C1030,268,12345,FER,,2,CASELLE T.SE - str.Aerop. (fronte n° 36),13:03
C1030,268,12345,FER,,3,CASELLE T.SE - via Torino (fronte n° 99),13:05
C1030,268,12345,FER,,4,"BORGARO T.SE - via Lanzo, 157",13:12
C1030,268,12345,FER,,5,"TO - Str Aeroporto (Ferm.""VERONESE"")",13:22
C1030,268,12345,FER,,6,TO – via Stradella,13:25
C1030,268,12345,FER,,7,TORINO - c.so Umbria/via Livorno,13:30
C1030,268,12345,FER,,8,TORINO - Porta Susa,13:35
C1030,268,12345,FER,,9,TORINO - Porta Nuova,13:45
C1031,268,12345,FER,EXPRESS,1,TORINO - Aeroporto (Caselle),13:15
C1031,268,12345,FER,EXPRESS,2,CASELLE T.SE - str.Aerop. (fronte n° 36),-
C1031,268,12345,FER,EXPRESS,3,CASELLE T.SE - via Torino (fronte n° 99),-
C1031,268,12345,FER,EXPRESS,4,"BORGARO T.SE - via Lanzo, 157",-
C1031,268,12345,FER,EXPRESS,5,"TO - Str Aeroporto (Ferm.""VERONESE"")",-
C1031,268,12345,FER,EXPRESS,6,TO – via Stradella,-
C1031,268,12345,FER,EXPRESS,7,TORINO - c.so Umbria/via Livorno,-
C1031,268,12345,FER,EXPRESS,8,TORINO - Porta Susa,13:44
C1031,268,12345,FER,EXPRESS,9,TORINO - Porta Nuova,13:54
C1032,268,12345,FER,,1,TORINO - Aeroporto (Caselle),13:30
C1032,268,12345,FER,,2,CASELLE T.SE - str.Aerop. (fronte n° 36),13:33
C1032,268,12345,FER,,3,CASELLE T.SE - via Torino (fronte n° 99),13:35
C1032,268,12345,FER,,4,"BORGARO T.SE - via Lanzo, 157",13:42
C1032,268,12345,FER,,5,"TO - Str Aeroporto (Ferm.""VERONESE"")",13:52
C1032,268,12345,FER,,6,TO – via Stradella,13:55
C1032,268,12345,FER,,7,TORINO - c.so Umbria/via Livorno,14:00
C1032,268,12345,FER,,8,TORINO - Porta Susa,14:05
C1032,268,12345,FER,,9,TORINO - Porta Nuova,14:15
C1033,268,12345,FER,EXPRESS,1,TORINO - Aeroporto (Caselle),13:45
C1033,268,12345,FER,EXPRESS,2,CASELLE T.SE - str.Aerop. (fronte n° 36),-
C1033,268,12345,FER,EXPRESS,3,CASELLE T.SE - via Torino (fronte n° 99),-
C1033,268,12345,FER,EXPRESS,4,"BORGARO T.SE - via Lanzo, 157",-
C1033,268,12345,FER,EXPRESS,5,"TO - Str Aeroporto (Ferm.""VERONESE"")",-
C1033,268,12345,FER,EXPRESS,6,TO – via Stradella,-
C1033,268,12345,FER,EXPRESS,7,TORINO - c.so Umbria/via Livorno,-
C1033,268,12345,FER,EXPRESS,8,TORINO - Porta Susa,14:14
C1033,268,12345,FER,EXPRESS,9,TORINO - Porta Nuova,14:24
C1034,268,12345,FER,,1,TORINO - Aeroporto (Caselle),14:00
C1034,268,12345,FER,,2,CASELLE T.SE - str.Aerop. (fronte n° 36),14:03
C1034,268,12345,FER,,3,CASELLE T.SE - via Torino (fronte n° 99),14:05
C1034,268,12345,FER,,4,"BORGARO T.SE - via Lanzo, 157",14:12
C1034,268,12345,FER,,5,"TO - Str Aeroporto (Ferm.""VERONESE"")",14:22
C1034,268,12345,FER,,6,TO – via Stradella,14:25
C1034,268,12345,FER,,7,TORINO - c.so Umbria/via Livorno,14:30
C1034,268,12345,FER,,8,TORINO - Porta Susa,14:35
C1034,268,12345,FER,,9,TORINO - Porta Nuova,14:45
C1035,268,12345,FER,EXPRESS,1,TORINO - Aeroporto (Caselle),14:15
C1035,268,12345,FER,EXPRESS,2,CASELLE T.SE - str.Aerop. (fronte n° 36),-
C1035,268,12345,FER,EXPRESS,3,CASELLE T.SE - via Torino (fronte n° 99),-
C1035,268,12345,FER,EXPRESS,4,"BORGARO T.SE - via Lanzo, 157",-
C1035,268,12345,FER,EXPRESS,5,"TO - Str Aeroporto (Ferm.""VERONESE"")",-
C1035,268,12345,FER,EXPRESS,6,TO – via Stradella,-
C1035,268,12345,FER,EXPRESS,7,TORINO - c.so Umbria/via Livorno,-
C1035,268,12345,FER,EXPRESS,8,TORINO - Porta Susa,14:44
C1035,268,12345,FER,EXPRESS,9,TORINO - Porta Nuova,14:54
C1036,268,12345,FER,,1,TORINO - Aeroporto (Caselle),14:30
C1036,268,12345,FER,,2,CASELLE T.SE - str.Aerop. (fronte n° 36),14:33
C1036,268,12345,FER,,3,CASELLE T.SE - via Torino (fronte n° 99),14:35
C1036,268,12345,FER,,4,"BORGARO T.SE - via Lanzo, 157",14:42
C1036,268,12345,FER,,5,"TO - Str Aeroporto (Ferm.""VERONESE"")",14:52
C1036,268,12345,FER,,6,TO – via Stradella,14:55
C1036,268,12345,FER,,7,TORINO - c.so Umbria/via Livorno,15:00
C1036,268,12345,FER,,8,TORINO - Porta Susa,15:05
C1036,268,12345,FER,,9,TORINO - Porta Nuova,15:15
C1037,268,12345,FER,EXPRESS,1,TORINO - Aeroporto (Caselle),14:45
C1037,268,12345,FER,EXPRESS,2,CASELLE T.SE - str.Aerop. (fronte n° 36),-
C1037,268,12345,FER,EXPRESS,3,CASELLE T.SE - via Torino (fronte n° 99),-
C1037,268,12345,FER,EXPRESS,4,"BORGARO T.SE - via Lanzo, 157",-
C1037,268,12345,FER,EXPRESS,5,"TO - Str Aeroporto (Ferm.""VERONESE"")",-
C1037,268,12345,FER,EXPRESS,6,TO – via Stradella,-
C1037,268,12345,FER,EXPRESS,7,TORINO - c.so Umbria/via Livorno,-
C1037,268,12345,FER,EXPRESS,8,TORINO - Porta Susa,15:14
C1037,268,12345,FER,EXPRESS,9,TORINO - Porta Nuova,15:24
C1038,268,12345,FER,,1,TORINO - Aeroporto (Caselle),15:00
C1038,268,12345,FER,,2,CASELLE T.SE - str.Aerop. (fronte n° 36),15:03
C1038,268,12345,FER,,3,CASELLE T.SE - via Torino (fronte n° 99),15:05
C1038,268,12345,FER,,4,"BORGARO T.SE - via Lanzo, 157",15:12
C1038,268,12345,FER,,5,"TO - Str Aeroporto (Ferm.""VERONESE"")",15:22
C1038,268,12345,FER,,6,TO – via Stradella,15:25
C1038,268,12345,FER,,7,TORINO - c.so Umbria/via Livorno,15:30
C1038,268,12345,FER,,8,TORINO - Porta Susa,15:35
C1038,268,12345,FER,,9,TORINO - Porta Nuova,15:45
C1039,268,12345,FER,EXPRESS,1,TORINO - Aeroporto (Caselle),15:15
C1039,268,12345,FER,EXPRESS,2,CASELLE T.SE - str.Aerop. (fronte n° 36),-
C1039,268,12345,FER,EXPRESS,3,CASELLE T.SE - via Torino (fronte n° 99),-
C1039,268,12345,FER,EXPRESS,4,"BORGARO T.SE - via Lanzo, 157",-
C1039,268,12345,FER,EXPRESS,5,"TO - Str Aeroporto (Ferm.""VERONESE"")",-
C1039,268,12345,FER,EXPRESS,6,TO – via Stradella,-
C1039,268,12345,FER,EXPRESS,7,TORINO - c.so Umbria/via Livorno,-
C1039,268,12345,FER,EXPRESS,8,TORINO - Porta Susa,15:44
C1039,268,12345,FER,EXPRESS,9,TORINO - Porta Nuova,15:54
C1040,268,12345,FER,,1,TORINO - Aeroporto (Caselle),15:30
C1040,268,12345,FER,,2,CASELLE T.SE - str.Aerop. (fronte n° 36),15:33
C1040,268,12345,FER,,3,CASELLE T.SE - via Torino (fronte n° 99),15:35
C1040,268,12345,FER,,4,"BORGARO T.SE - via Lanzo, 157",15:42
C1040,268,12345,FER,,5,"TO - Str Aeroporto (Ferm.""VERONESE"")",15:52
C1040,268,12345,FER,,6,TO – via Stradella,15:55
C1040,268,12345,FER,,7,TORINO - c.so Umbria/via Livorno,16:00
C1040,268,12345,FER,,8,TORINO - Porta Susa,16:05
C1040,268,12345,FER,,9,TORINO - Porta Nuova,16:15
C1041,268,12345,FER,EXPRESS,1,TORINO - Aeroporto (Caselle),15:45
C1041,268,12345,FER,EXPRESS,2,CASELLE T.SE - str.Aerop. (fronte n° 36),-
C1041,268,12345,FER,EXPRESS,3,CASELLE T.SE - via Torino (fronte n° 99),-
C1041,268,12345,FER,EXPRESS,4,"BORGARO T.SE - via Lanzo, 157",-
C1041,268,12345,FER,EXPRESS,5,"TO - Str Aeroporto (Ferm.""VERONESE"")",-
C1041,268,12345,FER,EXPRESS,6,TO – via Stradella,-
C1041,268,12345,FER,EXPRESS,7,TORINO - c.so Umbria/via Livorno,-
C1041,268,12345,FER,EXPRESS,8,TORINO - Porta Susa,16:14
C1041,268,12345,FER,EXPRESS,9,TORINO - Porta Nuova,16:24
C1042,268,12345,FER,,1,TORINO - Aeroporto (Caselle),16:00
C1042,268,12345,FER,,2,CASELLE T.SE - str.Aerop. (fronte n° 36),16:03
C1042,268,12345,FER,,3,CASELLE T.SE - via Torino (fronte n° 99),16:05
C1042,268,12345,FER,,4,"BORGARO T.SE - via Lanzo, 157",16:12
C1042,268,12345,FER,,5,"TO - Str Aeroporto (Ferm.""VERONESE"")",16:22
C1042,268,12345,FER,,6,TO – via Stradella,16:25
C1042,268,12345,FER,,7,TORINO - c.so Umbria/via Livorno,16:30
C1042,268,12345,FER,,8,TORINO - Porta Susa,16:35
C1042,268,12345,FER,,9,TORINO - Porta Nuova,16:45
C1043,268,12345,FER,EXPRESS,1,TORINO - Aeroporto (Caselle),16:15
C1043,268,12345,FER,EXPRESS,2,CASELLE T.SE - str.Aerop. (fronte n° 36),-
C1043,268,12345,FER,EXPRESS,3,CASELLE T.SE - via Torino (fronte n° 99),-
C1043,268,12345,FER,EXPRESS,4,"BORGARO T.SE - via Lanzo, 157",-
C1043,268,12345,FER,EXPRESS,5,"TO - Str Aeroporto (Ferm.""VERONESE"")",-
C1043,268,12345,FER,EXPRESS,6,TO – via Stradella,-
C1043,268,12345,FER,EXPRESS,7,TORINO - c.so Umbria/via Livorno,-
C1043,268,12345,FER,EXPRESS,8,TORINO - Porta Susa,16:44
C1043,268,12345,FER,EXPRESS,9,TORINO - Porta Nuova,16:54
C1044,268,12345,FER,,1,TORINO - Aeroporto (Caselle),16:30
C1044,268,12345,FER,,2,CASELLE T.SE - str.Aerop. (fronte n° 36),16:33
C1044,268,12345,FER,,3,CASELLE T.SE - via Torino (fronte n° 99),16:35
C1044,268,12345,FER,,4,"BORGARO T.SE - via Lanzo, 157",16:42
C1044,268,12345,FER,,5,"TO - Str Aeroporto (Ferm.""VERONESE"")",16:52
C1044,268,12345,FER,,6,TO – via Stradella,16:55
C1044,268,12345,FER,,7,TORINO - c.so Umbria/via Livorno,17:00
C1044,268,12345,FER,,8,TORINO - Porta Susa,17:05
C1044,268,12345,FER,,9,TORINO - Porta Nuova,17:15
C1045,268,12345,FER,EXPRESS,1,TORINO - Aeroporto (Caselle),16:45
C1045,268,12345,FER,EXPRESS,2,CASELLE T.SE - str.Aerop. (fronte n° 36),-
C1045,268,12345,FER,EXPRESS,3,CASELLE T.SE - via Torino (fronte n° 99),-
C1045,268,12345,FER,EXPRESS,4,"BORGARO T.SE - via Lanzo, 157",-
C1045,268,12345,FER,EXPRESS,5,"TO - Str Aeroporto (Ferm.""VERONESE"")",-
C1045,268,12345,FER,EXPRESS,6,TO – via Stradella,-
C1045,268,12345,FER,EXPRESS,7,TORINO - c.so Umbria/via Livorno,-
C1045,268,12345,FER,EXPRESS,8,TORINO - Porta Susa,17:14
C1045,268,12345,FER,EXPRESS,9,TORINO - Porta Nuova,17:24
C1046,268,12345,FER,,1,TORINO - Aeroporto (Caselle),17:00
C1046,268,12345,FER,,2,CASELLE T.SE - str.Aerop. (fronte n° 36),17:03
C1046,268,12345,FER,,3,CASELLE T.SE - via Torino (fronte n° 99),17:05
C1046,268,12345,FER,,4,"BORGARO T.SE - via Lanzo, 157",17:12
C1046,268,12345,FER,,5,"TO - Str Aeroporto (Ferm.""VERONESE"")",17:22
C1046,268,12345,FER,,6,TO – via Stradella,17:25
C1046,268,12345,FER,,7,TORINO - c.so Umbria/via Livorno,17:30
C1046,268,12345,FER,,8,TORINO - Porta Susa,17:35
C1046,268,12345,FER,,9,TORINO - Porta Nuova,17:45
C1047,268,12345,FER,EXPRESS,1,TORINO - Aeroporto (Caselle),17:15
C1047,268,12345,FER,EXPRESS,2,CASELLE T.SE - str.Aerop. (fronte n° 36),-
C1047,268,12345,FER,EXPRESS,3,CASELLE T.SE - via Torino (fronte n° 99),-
C1047,268,12345,FER,EXPRESS,4,"BORGARO T.SE - via Lanzo, 157",-
C1047,268,12345,FER,EXPRESS,5,"TO - Str Aeroporto (Ferm.""VERONESE"")",-
C1047,268,12345,FER,EXPRESS,6,TO – via Stradella,-
C1047,268,12345,FER,EXPRESS,7,TORINO - c.so Umbria/via Livorno,-
C1047,268,12345,FER,EXPRESS,8,TORINO - Porta Susa,17:44
C1047,268,12345,FER,EXPRESS,9,TORINO - Porta Nuova,17:54
C1048,268,12345,FER,,1,TORINO - Aeroporto (Caselle),17:30
C1048,268,12345,FER,,2,CASELLE T.SE - str.Aerop. (fronte n° 36),17:33
C1048,268,12345,FER,,3,CASELLE T.SE - via Torino (fronte n° 99),17:35
C1048,268,12345,FER,,4,"BORGARO T.SE - via Lanzo, 157",17:42
C1048,268,12345,FER,,5,"TO - Str Aeroporto (Ferm.""VERONESE"")",17:52
C1048,268,12345,FER,,6,TO – via Stradella,17:55
C1048,268,12345,FER,,7,TORINO - c.so Umbria/via Livorno,18:00
C1048,268,12345,FER,,8,TORINO - Porta Susa,18:05
C1048,268,12345,FER,,9,TORINO - Porta Nuova,18:15
C1049,268,12345,FER,EXPRESS,1,TORINO - Aeroporto (Caselle),17:45
C1049,268,12345,FER,EXPRESS,2,CASELLE T.SE - str.Aerop. (fronte n° 36),-
C1049,268,12345,FER,EXPRESS,3,CASELLE T.SE - via Torino (fronte n° 99),-
C1049,268,12345,FER,EXPRESS,4,"BORGARO T.SE - via Lanzo, 157",-
C1049,268,12345,FER,EXPRESS,5,"TO - Str Aeroporto (Ferm.""VERONESE"")",-
C1049,268,12345,FER,EXPRESS,6,TO – via Stradella,-
C1049,268,12345,FER,EXPRESS,7,TORINO - c.so Umbria/via Livorno,-
C1049,268,12345,FER,EXPRESS,8,TORINO - Porta Susa,18:14
C1049,268,12345,FER,EXPRESS,9,TORINO - Porta Nuova,18:24
C1050,268,12345,FER,,1,TORINO - Aeroporto (Caselle),18:00
C1050,268,12345,FER,,2,CASELLE T.SE - str.Aerop. (fronte n° 36),18:03
C1050,268,12345,FER,,3,CASELLE T.SE - via Torino (fronte n° 99),18:05
C1050,268,12345,FER,,4,"BORGARO T.SE - via Lanzo, 157",18:12
C1050,268,12345,FER,,5,"TO - Str Aeroporto (Ferm.""VERONESE"")",18:22
C1050,268,12345,FER,,6,TO – via Stradella,18:25
C1050,268,12345,FER,,7,TORINO - c.so Umbria/via Livorno,18:30
C1050,268,12345,FER,,8,TORINO - Porta Susa,18:35
C1050,268,12345,FER,,9,TORINO - Porta Nuova,18:45
C1051,268,12345,FER,EXPRESS,1,TORINO - Aeroporto (Caselle),18:15
C1051,268,12345,FER,EXPRESS,2,CASELLE T.SE - str.Aerop. (fronte n° 36),-
C1051,268,12345,FER,EXPRESS,3,CASELLE T.SE - via Torino (fronte n° 99),-
C1051,268,12345,FER,EXPRESS,4,"BORGARO T.SE - via Lanzo, 157",-
C1051,268,12345,FER,EXPRESS,5,"TO - Str Aeroporto (Ferm.""VERONESE"")",-
C1051,268,12345,FER,EXPRESS,6,TO – via Stradella,-
C1051,268,12345,FER,EXPRESS,7,TORINO - c.so Umbria/via Livorno,-
C1051,268,12345,FER,EXPRESS,8,TORINO - Porta Susa,18:44
C1051,268,12345,FER,EXPRESS,9,TORINO - Porta Nuova,18:54
C1052,268,12345,FER,,1,TORINO - Aeroporto (Caselle),18:30
C1052,268,12345,FER,,2,CASELLE T.SE - str.Aerop. (fronte n° 36),18:33
C1052,268,12345,FER,,3,CASELLE T.SE - via Torino (fronte n° 99),18:35
C1052,268,12345,FER,,4,"BORGARO T.SE - via Lanzo, 157",18:42
C1052,268,12345,FER,,5,"TO - Str Aeroporto (Ferm.""VERONESE"")",18:52
C1052,268,12345,FER,,6,TO – via Stradella,18:55
C1052,268,12345,FER,,7,TORINO - c.so Umbria/via Livorno,19:00
C1052,268,12345,FER,,8,TORINO - Porta Susa,19:05
C1052,268,12345,FER,,9,TORINO - Porta Nuova,19:15
C1053,268,12345,FER,EXPRESS,1,TORINO - Aeroporto (Caselle),18:45
C1053,268,12345,FER,EXPRESS,2,CASELLE T.SE - str.Aerop. (fronte n° 36),-
C1053,268,12345,FER,EXPRESS,3,CASELLE T.SE - via Torino (fronte n° 99),-
C1053,268,12345,FER,EXPRESS,4,"BORGARO T.SE - via Lanzo, 157",-
C1053,268,12345,FER,EXPRESS,5,"TO - Str Aeroporto (Ferm.""VERONESE"")",-
C1053,268,12345,FER,EXPRESS,6,TO – via Stradella,-
C1053,268,12345,FER,EXPRESS,7,TORINO - c.so Umbria/via Livorno,-
C1053,268,12345,FER,EXPRESS,8,TORINO - Porta Susa,19:14
C1053,268,12345,FER,EXPRESS,9,TORINO - Porta Nuova,19:24
C1054,268,12345,FER,,1,TORINO - Aeroporto (Caselle),19:00
C1054,268,12345,FER,,2,CASELLE T.SE - str.Aerop. (fronte n° 36),19:03
C1054,268,12345,FER,,3,CASELLE T.SE - via Torino (fronte n° 99),19:05
C1054,268,12345,FER,,4,"BORGARO T.SE - via Lanzo, 157",19:12
C1054,268,12345,FER,,5,"TO - Str Aeroporto (Ferm.""VERONESE"")",19:22
C1054,268,12345,FER,,6,TO – via Stradella,19:25
C1054,268,12345,FER,,7,TORINO - c.so Umbria/via Livorno,19:30
C1054,268,12345,FER,,8,TORINO - Porta Susa,19:35
C1054,268,12345,FER,,9,TORINO - Porta Nuova,19:45
C1055,268,12345,FER,EXPRESS,1,TORINO - Aeroporto (Caselle),19:20
C1055,268,12345,FER,EXPRESS,2,CASELLE T.SE - str.Aerop. (fronte n° 36),-
C1055,268,12345,FER,EXPRESS,3,CASELLE T.SE - via Torino (fronte n° 99),-
C1055,268,12345,FER,EXPRESS,4,"BORGARO T.SE - via Lanzo, 157",-
C1055,268,12345,FER,EXPRESS,5,"TO - Str Aeroporto (Ferm.""VERONESE"")",-
C1055,268,12345,FER,EXPRESS,6,TO – via Stradella,-
C1055,268,12345,FER,EXPRESS,7,TORINO - c.so Umbria/via Livorno,-
C1055,268,12345,FER,EXPRESS,8,TORINO - Porta Susa,19:49
C1055,268,12345,FER,EXPRESS,9,TORINO - Porta Nuova,19:59
C1056,268,12345,FER,,1,TORINO - Aeroporto (Caselle),19:40
C1056,268,12345,FER,,2,CASELLE T.SE - str.Aerop. (fronte n° 36),19:43
C1056,268,12345,FER,,3,CASELLE T.SE - via Torino (fronte n° 99),19:45
C1056,268,12345,FER,,4,"BORGARO T.SE - via Lanzo, 157",19:52
C1056,268,12345,FER,,5,"TO - Str Aeroporto (Ferm.""VERONESE"")",20:02
C1056,268,12345,FER,,6,TO – via Stradella,20:05
C1056,268,12345,FER,,7,TORINO - c.so Umbria/via Livorno,20:10
C1056,268,12345,FER,,8,TORINO - Porta Susa,20:15
C1056,268,12345,FER,,9,TORINO - Porta Nuova,20:25
C1057,268,12345,FER,EXPRESS,1,TORINO - Aeroporto (Caselle),20:00
C1057,268,12345,FER,EXPRESS,2,CASELLE T.SE - str.Aerop. (fronte n° 36),-
C1057,268,12345,FER,EXPRESS,3,CASELLE T.SE - via Torino (fronte n° 99),-
C1057,268,12345,FER,EXPRESS,4,"BORGARO T.SE - via Lanzo, 157",-
C1057,268,12345,FER,EXPRESS,5,"TO - Str Aeroporto (Ferm.""VERONESE"")",-
C1057,268,12345,FER,EXPRESS,6,TO – via Stradella,-
C1057,268,12345,FER,EXPRESS,7,TORINO - c.so Umbria/via Livorno,-
C1057,268,12345,FER,EXPRESS,8,TORINO - Porta Susa,20:29
C1057,268,12345,FER,EXPRESS,9,TORINO - Porta Nuova,20:39
C1058,268,12345,FER,,1,TORINO - Aeroporto (Caselle),20:30
C1058,268,12345,FER,,2,CASELLE T.SE - str.Aerop. (fronte n° 36),20:33
C1058,268,12345,FER,,3,CASELLE T.SE - via Torino (fronte n° 99),20:35
C1058,268,12345,FER,,4,"BORGARO T.SE - via Lanzo, 157",20:42
C1058,268,12345,FER,,5,"TO - Str Aeroporto (Ferm.""VERONESE"")",20:52
C1058,268,12345,FER,,6,TO – via Stradella,20:55
C1058,268,12345,FER,,7,TORINO - c.so Umbria/via Livorno,21:00
C1058,268,12345,FER,,8,TORINO - Porta Susa,21:05
C1058,268,12345,FER,,9,TORINO - Porta Nuova,21:15
C1059,268,12345,FER,EXPRESS,1,TORINO - Aeroporto (Caselle),21:00
C1059,268,12345,FER,EXPRESS,2,CASELLE T.SE - str.Aerop. (fronte n° 36),-
C1059,268,12345,FER,EXPRESS,3,CASELLE T.SE - via Torino (fronte n° 99),-
C1059,268,12345,FER,EXPRESS,4,"BORGARO T.SE - via Lanzo, 157",-
C1059,268,12345,FER,EXPRESS,5,"TO - Str Aeroporto (Ferm.""VERONESE"")",-
C1059,268,12345,FER,EXPRESS,6,TO – via Stradella,-
C1059,268,12345,FER,EXPRESS,7,TORINO - c.so Umbria/via Livorno,-
C1059,268,12345,FER,EXPRESS,8,TORINO - Porta Susa,21:29
C1059,268,12345,FER,EXPRESS,9,TORINO - Porta Nuova,21:39
C1060,268,12345,FER,,1,TORINO - Aeroporto (Caselle),21:30
C1060,268,12345,FER,,2,CASELLE T.SE - str.Aerop. (fronte n° 36),21:33
C1060,268,12345,FER,,3,CASELLE T.SE - via Torino (fronte n° 99),21:35
C1060,268,12345,FER,,4,"BORGARO T.SE - via Lanzo, 157",21:42
C1060,268,12345,FER,,5,"TO - Str Aeroporto (Ferm.""VERONESE"")",21:52
C1060,268,12345,FER,,6,TO – via Stradella,21:55
C1060,268,12345,FER,,7,TORINO - c.so Umbria/via Livorno,22:00
C1060,268,12345,FER,,8,TORINO - Porta Susa,22:05
C1060,268,12345,FER,,9,TORINO - Porta Nuova,22:15
C1061,268,12345,FER,EXPRESS,1,TORINO - Aeroporto (Caselle),22:00
C1061,268,12345,FER,EXPRESS,2,CASELLE T.SE - str.Aerop. (fronte n° 36),-
C1061,268,12345,FER,EXPRESS,3,CASELLE T.SE - via Torino (fronte n° 99),-
C1061,268,12345,FER,EXPRESS,4,"BORGARO T.SE - via Lanzo, 157",-
C1061,268,12345,FER,EXPRESS,5,"TO - Str Aeroporto (Ferm.""VERONESE"")",-
C1061,268,12345,FER,EXPRESS,6,TO – via Stradella,-
C1061,268,12345,FER,EXPRESS,7,TORINO - c.so Umbria/via Livorno,-
C1061,268,12345,FER,EXPRESS,8,TORINO - Porta Susa,22:29
C1061,268,12345,FER,EXPRESS,9,TORINO - Porta Nuova,22:39
C1062,268,12345,FER,,1,TORINO - Aeroporto (Caselle),22:30
C1062,268,12345,FER,,2,CASELLE T.SE - str.Aerop. (fronte n° 36),22:33
C1062,268,12345,FER,,3,CASELLE T.SE - via Torino (fronte n° 99),22:35
C1062,268,12345,FER,,4,"BORGARO T.SE - via Lanzo, 157",22:42
C1062,268,12345,FER,,5,"TO - Str Aeroporto (Ferm.""VERONESE"")",22:52
C1062,268,12345,FER,,6,TO – via Stradella,22:55
C1062,268,12345,FER,,7,TORINO - c.so Umbria/via Livorno,23:00
C1062,268,12345,FER,,8,TORINO - Porta Susa,23:05
C1062,268,12345,FER,,9,TORINO - Porta Nuova,23:15
C1063,268,12345,FER,EXPRESS,1,TORINO - Aeroporto (Caselle),23:00
C1063,268,12345,FER,EXPRESS,2,CASELLE T.SE - str.Aerop. (fronte n° 36),-
C1063,268,12345,FER,EXPRESS,3,CASELLE T.SE - via Torino (fronte n° 99),-
C1063,268,12345,FER,EXPRESS,4,"BORGARO T.SE - via Lanzo, 157",-
C1063,268,12345,FER,EXPRESS,5,"TO - Str Aeroporto (Ferm.""VERONESE"")",-
C1063,268,12345,FER,EXPRESS,6,TO – via Stradella,-
C1063,268,12345,FER,EXPRESS,7,TORINO - c.so Umbria/via Livorno,-
C1063,268,12345,FER,EXPRESS,8,TORINO - Porta Susa,23:29
C1063,268,12345,FER,EXPRESS,9,TORINO - Porta Nuova,23:39
C1064,268,12345,FER,K,1,TORINO - Aeroporto (Caselle),23:30
C1064,268,12345,FER,K,2,CASELLE T.SE - str.Aerop. (fronte n° 36),23:33
C1064,268,12345,FER,K,3,CASELLE T.SE - via Torino (fronte n° 99),23:35
C1064,268,12345,FER,K,4,"BORGARO T.SE - via Lanzo, 157",23:42
C1064,268,12345,FER,K,5,"TO - Str Aeroporto (Ferm.""VERONESE"")",23:52
C1064,268,12345,FER,K,6,TO – via Stradella,23:55
C1064,268,12345,FER,K,7,TORINO - c.so Umbria/via Livorno,0:00
C1064,268,12345,FER,K,8,TORINO - Porta Susa,0:05
C1064,268,12345,FER,K,9,TORINO - Porta Nuova,0:15
C1065,268,2345,FER,NFF,1,TORINO - Aeroporto (Caselle),0:00
C1065,268,2345,FER,NFF,2,CASELLE T.SE - str.Aerop. (fronte n° 36),0:03
C1065,268,2345,FER,NFF,3,CASELLE T.SE - via Torino (fronte n° 99),0:05
C1065,268,2345,FER,NFF,4,"BORGARO T.SE - via Lanzo, 157",0:12
C1065,268,2345,FER,NFF,5,"TO - Str Aeroporto (Ferm.""VERONESE"")",0:22
C1065,268,2345,FER,NFF,6,TO – via Stradella,0:25
C1065,268,2345,FER,NFF,7,TORINO - c.so Umbria/via Livorno,0:30
C1065,268,2345,FER,NFF,8,TORINO - Porta Susa,0:35
C1065,268,2345,FER,NFF,9,TORINO - Porta Nuova,0:45
C1066,268,6,FER,,1,TORINO - Aeroporto (Caselle),6:10
C1066,268,6,FER,,2,CASELLE T.SE - str.Aerop. (fronte n° 36),6:13
C1066,268,6,FER,,3,CASELLE T.SE - via Torino (fronte n° 99),6:15
C1066,268,6,FER,,4,"BORGARO T.SE - via Lanzo, 157",6:22
C1066,268,6,FER,,5,"TO - Str Aeroporto (Ferm.""VERONESE"")",6:32
C1066,268,6,FER,,6,TO – via Stradella,6:35
C1066,268,6,FER,,7,TORINO - c.so Umbria/via Livorno,6:40
C1066,268,6,FER,,8,TORINO - Porta Susa,6:45
C1066,268,6,FER,,9,TORINO - Porta Nuova,6:55
C1067,268,6,FER,,1,TORINO - Aeroporto (Caselle),6:50
C1067,268,6,FER,,2,CASELLE T.SE - str.Aerop. (fronte n° 36),6:53
C1067,268,6,FER,,3,CASELLE T.SE - via Torino (fronte n° 99),6:55
C1067,268,6,FER,,4,"BORGARO T.SE - via Lanzo, 157",7:02
C1067,268,6,FER,,5,"TO - Str Aeroporto (Ferm.""VERONESE"")",7:12
C1067,268,6,FER,,6,TO – via Stradella,7:15
C1067,268,6,FER,,7,TORINO - c.so Umbria/via Livorno,7:20
C1067,268,6,FER,,8,TORINO - Porta Susa,7:25
C1067,268,6,FER,,9,TORINO - Porta Nuova,7:35
C1068,268,8,FEST,,1,TORINO - Aeroporto (Caselle),7:00
C1068,268,8,FEST,,2,CASELLE T.SE - str.Aerop. (fronte n° 36),7:03
C1068,268,8,FEST,,3,CASELLE T.SE - via Torino (fronte n° 99),7:05
C1068,268,8,FEST,,4,"BORGARO T.SE - via Lanzo, 157",7:12
C1068,268,8,FEST,,5,"TO - Str Aeroporto (Ferm.""VERONESE"")",7:22
C1068,268,8,FEST,,6,TO – via Stradella,7:25
C1068,268,8,FEST,,7,TORINO - c.so Umbria/via Livorno,7:30
C1068,268,8,FEST,,8,TORINO - Porta Susa,7:35
C1068,268,8,FEST,,9,TORINO - Porta Nuova,7:45
C1069,268,6,FER,,1,TORINO - Aeroporto (Caselle),7:05
C1069,268,6,FER,,2,CASELLE T.SE - str.Aerop. (fronte n° 36),7:08
C1069,268,6,FER,,3,CASELLE T.SE - via Torino (fronte n° 99),7:10
C1069,268,6,FER,,4,"BORGARO T.SE - via Lanzo, 157",7:17
C1069,268,6,FER,,5,"TO - Str Aeroporto (Ferm.""VERONESE"")",7:27
C1069,268,6,FER,,6,TO – via Stradella,7:30
C1069,268,6,FER,,7,TORINO - c.so Umbria/via Livorno,7:35
C1069,268,6,FER,,8,TORINO - Porta Susa,7:40
C1069,268,6,FER,,9,TORINO - Porta Nuova,7:50
C1070,268,8,,,1,TORINO - Aeroporto (Caselle),5:10
C1070,268,8,,,2,CASELLE T.SE - str.Aerop. (fronte n° 36),5:13
C1070,268,8,,,3,CASELLE T.SE - via Torino (fronte n° 99),5:15
C1070,268,8,,,4,"BORGARO T.SE - via Lanzo, 157",5:22
C1070,268,8,,,5,"TO - Str Aeroporto (Ferm.""VERONESE"")",5:32
C1070,268,8,,,6,TO – via Stradella,5:35
C1070,268,8,,,7,TORINO - c.so Umbria/via Livorno,5:40
C1070,268,8,,,8,TORINO - Porta Susa,5:45
C1070,268,8,,,9,TORINO - Porta Nuova,5:55
C1071,268,8,,#,1,TORINO - Aeroporto (Caselle),6:35
C1071,268,8,,#,2,CASELLE T.SE - str.Aerop. (fronte n° 36),6:38
C1071,268,8,,#,3,CASELLE T.SE - via Torino (fronte n° 99),6:40
C1071,268,8,,#,4,"BORGARO T.SE - via Lanzo, 157",6:47
C1071,268,8,,#,5,"TO - Str Aeroporto (Ferm.""VERONESE"")",6:57
C1071,268,8,,#,6,TO – via Stradella,7:00
C1071,268,8,,#,7,TORINO - c.so Umbria/via Livorno,7:05
C1071,268,8,,#,8,TORINO - Porta Susa,7:10
C1071,268,8,,#,9,TORINO - Porta Nuova,7:20
C1072,268,8,,EXPRESS,1,TORINO - Aeroporto (Caselle),7:30
C1072,268,8,,EXPRESS,2,CASELLE T.SE - str.Aerop. (fronte n° 36),-
C1072,268,8,,EXPRESS,3,CASELLE T.SE - via Torino (fronte n° 99),-
C1072,268,8,,EXPRESS,4,"BORGARO T.SE - via Lanzo, 157",-
C1072,268,8,,EXPRESS,5,"TO - Str Aeroporto (Ferm.""VERONESE"")",-
C1072,268,8,,EXPRESS,6,TO – via Stradella,-
C1072,268,8,,EXPRESS,7,TORINO - c.so Umbria/via Livorno,-
C1072,268,8,,EXPRESS,8,TORINO - Porta Susa,7:59
C1072,268,8,,EXPRESS,9,TORINO - Porta Nuova,8:09
C1073,268,8,,,1,TORINO - Aeroporto (Caselle),8:00
C1073,268,8,,,2,CASELLE T.SE - str.Aerop. (fronte n° 36),8:03
C1073,268,8,,,3,CASELLE T.SE - via Torino (fronte n° 99),8:05
C1073,268,8,,,4,"BORGARO T.SE - via Lanzo, 157",8:12
C1073,268,8,,,5,"TO - Str Aeroporto (Ferm.""VERONESE"")",8:22
C1073,268,8,,,6,TO – via Stradella,8:25
C1073,268,8,,,7,TORINO - c.so Umbria/via Livorno,8:30
C1073,268,8,,,8,TORINO - Porta Susa,8:35
C1073,268,8,,,9,TORINO - Porta Nuova,8:45
C1074,268,8,,EXPRESS,1,TORINO - Aeroporto (Caselle),8:30
C1074,268,8,,EXPRESS,2,CASELLE T.SE - str.Aerop. (fronte n° 36),-
C1074,268,8,,EXPRESS,3,CASELLE T.SE - via Torino (fronte n° 99),-
C1074,268,8,,EXPRESS,4,"BORGARO T.SE - via Lanzo, 157",-
C1074,268,8,,EXPRESS,5,"TO - Str Aeroporto (Ferm.""VERONESE"")",-
C1074,268,8,,EXPRESS,6,TO – via Stradella,-
C1074,268,8,,EXPRESS,7,TORINO - c.so Umbria/via Livorno,-
C1074,268,8,,EXPRESS,8,TORINO - Porta Susa,8:59
C1074,268,8,,EXPRESS,9,TORINO - Porta Nuova,9:09
C1075,268,8,,#,1,TORINO - Aeroporto (Caselle),9:00
C1075,268,8,,#,2,CASELLE T.SE - str.Aerop. (fronte n° 36),9:03
C1075,268,8,,#,3,CASELLE T.SE - via Torino (fronte n° 99),9:05
C1075,268,8,,#,4,"BORGARO T.SE - via Lanzo, 157",9:12
C1075,268,8,,#,5,"TO - Str Aeroporto (Ferm.""VERONESE"")",9:22
C1075,268,8,,#,6,TO – via Stradella,9:25
C1075,268,8,,#,7,TORINO - c.so Umbria/via Livorno,9:30
C1075,268,8,,#,8,TORINO - Porta Susa,9:35
C1075,268,8,,#,9,TORINO - Porta Nuova,9:45
C1076,268,8,,EXPRESS,1,TORINO - Aeroporto (Caselle),9:30
C1076,268,8,,EXPRESS,2,CASELLE T.SE - str.Aerop. (fronte n° 36),-
C1076,268,8,,EXPRESS,3,CASELLE T.SE - via Torino (fronte n° 99),-
C1076,268,8,,EXPRESS,4,"BORGARO T.SE - via Lanzo, 157",-
C1076,268,8,,EXPRESS,5,"TO - Str Aeroporto (Ferm.""VERONESE"")",-
C1076,268,8,,EXPRESS,6,TO – via Stradella,-
C1076,268,8,,EXPRESS,7,TORINO - c.so Umbria/via Livorno,-
C1076,268,8,,EXPRESS,8,TORINO - Porta Susa,9:59
C1076,268,8,,EXPRESS,9,TORINO - Porta Nuova,10:09
C1077,268,8,,,1,TORINO - Aeroporto (Caselle),10:00
C1077,268,8,,,2,CASELLE T.SE - str.Aerop. (fronte n° 36),10:03
C1077,268,8,,,3,CASELLE T.SE - via Torino (fronte n° 99),10:05
C1077,268,8,,,4,"BORGARO T.SE - via Lanzo, 157",10:12
C1077,268,8,,,5,"TO - Str Aeroporto (Ferm.""VERONESE"")",10:22
C1077,268,8,,,6,TO – via Stradella,10:25
C1077,268,8,,,7,TORINO - c.so Umbria/via Livorno,10:30
C1077,268,8,,,8,TORINO - Porta Susa,10:35
C1077,268,8,,,9,TORINO - Porta Nuova,10:45
C1078,268,8,,EXPRESS,1,TORINO - Aeroporto (Caselle),10:30
C1078,268,8,,EXPRESS,2,CASELLE T.SE - str.Aerop. (fronte n° 36),-
C1078,268,8,,EXPRESS,3,CASELLE T.SE - via Torino (fronte n° 99),-
C1078,268,8,,EXPRESS,4,"BORGARO T.SE - via Lanzo, 157",-
C1078,268,8,,EXPRESS,5,"TO - Str Aeroporto (Ferm.""VERONESE"")",-
C1078,268,8,,EXPRESS,6,TO – via Stradella,-
C1078,268,8,,EXPRESS,7,TORINO - c.so Umbria/via Livorno,-
C1078,268,8,,EXPRESS,8,TORINO - Porta Susa,10:59
C1078,268,8,,EXPRESS,9,TORINO - Porta Nuova,11:09
C1079,268,8,,#,1,TORINO - Aeroporto (Caselle),11:00
C1079,268,8,,#,2,CASELLE T.SE - str.Aerop. (fronte n° 36),11:03
C1079,268,8,,#,3,CASELLE T.SE - via Torino (fronte n° 99),11:05
C1079,268,8,,#,4,"BORGARO T.SE - via Lanzo, 157",11:12
C1079,268,8,,#,5,"TO - Str Aeroporto (Ferm.""VERONESE"")",11:22
C1079,268,8,,#,6,TO – via Stradella,11:25
C1079,268,8,,#,7,TORINO - c.so Umbria/via Livorno,11:30
C1079,268,8,,#,8,TORINO - Porta Susa,11:35
C1079,268,8,,#,9,TORINO - Porta Nuova,11:45
C1080,268,8,,EXPRESS,1,TORINO - Aeroporto (Caselle),11:30
C1080,268,8,,EXPRESS,2,CASELLE T.SE - str.Aerop. (fronte n° 36),-
C1080,268,8,,EXPRESS,3,CASELLE T.SE - via Torino (fronte n° 99),-
C1080,268,8,,EXPRESS,4,"BORGARO T.SE - via Lanzo, 157",-
C1080,268,8,,EXPRESS,5,"TO - Str Aeroporto (Ferm.""VERONESE"")",-
C1080,268,8,,EXPRESS,6,TO – via Stradella,-
C1080,268,8,,EXPRESS,7,TORINO - c.so Umbria/via Livorno,-
C1080,268,8,,EXPRESS,8,TORINO - Porta Susa,11:59
C1080,268,8,,EXPRESS,9,TORINO - Porta Nuova,12:09
C1081,268,8,,,1,TORINO - Aeroporto (Caselle),12:00
C1081,268,8,,,2,CASELLE T.SE - str.Aerop. (fronte n° 36),12:03
C1081,268,8,,,3,CASELLE T.SE - via Torino (fronte n° 99),12:05
C1081,268,8,,,4,"BORGARO T.SE - via Lanzo, 157",12:12
C1081,268,8,,,5,"TO - Str Aeroporto (Ferm.""VERONESE"")",12:22
C1081,268,8,,,6,TO – via Stradella,12:25
C1081,268,8,,,7,TORINO - c.so Umbria/via Livorno,12:30
C1081,268,8,,,8,TORINO - Porta Susa,12:35
C1081,268,8,,,9,TORINO - Porta Nuova,12:45
C1082,268,8,,EXPRESS,1,TORINO - Aeroporto (Caselle),12:30
C1082,268,8,,EXPRESS,2,CASELLE T.SE - str.Aerop. (fronte n° 36),-
C1082,268,8,,EXPRESS,3,CASELLE T.SE - via Torino (fronte n° 99),-
C1082,268,8,,EXPRESS,4,"BORGARO T.SE - via Lanzo, 157",-
C1082,268,8,,EXPRESS,5,"TO - Str Aeroporto (Ferm.""VERONESE"")",-
C1082,268,8,,EXPRESS,6,TO – via Stradella,-
C1082,268,8,,EXPRESS,7,TORINO - c.so Umbria/via Livorno,-
C1082,268,8,,EXPRESS,8,TORINO - Porta Susa,12:59
C1082,268,8,,EXPRESS,9,TORINO - Porta Nuova,13:09
C1083,268,8,,#,1,TORINO - Aeroporto (Caselle),13:00
C1083,268,8,,#,2,CASELLE T.SE - str.Aerop. (fronte n° 36),13:03
C1083,268,8,,#,3,CASELLE T.SE - via Torino (fronte n° 99),13:05
C1083,268,8,,#,4,"BORGARO T.SE - via Lanzo, 157",13:12
C1083,268,8,,#,5,"TO - Str Aeroporto (Ferm.""VERONESE"")",13:22
C1083,268,8,,#,6,TO – via Stradella,13:25
C1083,268,8,,#,7,TORINO - c.so Umbria/via Livorno,13:30
C1083,268,8,,#,8,TORINO - Porta Susa,13:35
C1083,268,8,,#,9,TORINO - Porta Nuova,13:45
C1084,268,8,,EXPRESS,1,TORINO - Aeroporto (Caselle),13:30
C1084,268,8,,EXPRESS,2,CASELLE T.SE - str.Aerop. (fronte n° 36),-
C1084,268,8,,EXPRESS,3,CASELLE T.SE - via Torino (fronte n° 99),-
C1084,268,8,,EXPRESS,4,"BORGARO T.SE - via Lanzo, 157",-
C1084,268,8,,EXPRESS,5,"TO - Str Aeroporto (Ferm.""VERONESE"")",-
C1084,268,8,,EXPRESS,6,TO – via Stradella,-
C1084,268,8,,EXPRESS,7,TORINO - c.so Umbria/via Livorno,-
C1084,268,8,,EXPRESS,8,TORINO - Porta Susa,13:59
C1084,268,8,,EXPRESS,9,TORINO - Porta Nuova,14:09
C1085,268,8,,,1,TORINO - Aeroporto (Caselle),14:00
C1085,268,8,,,2,CASELLE T.SE - str.Aerop. (fronte n° 36),14:03
C1085,268,8,,,3,CASELLE T.SE - via Torino (fronte n° 99),14:05
C1085,268,8,,,4,"BORGARO T.SE - via Lanzo, 157",14:12
C1085,268,8,,,5,"TO - Str Aeroporto (Ferm.""VERONESE"")",14:22
C1085,268,8,,,6,TO – via Stradella,14:25
C1085,268,8,,,7,TORINO - c.so Umbria/via Livorno,14:30
C1085,268,8,,,8,TORINO - Porta Susa,14:35
C1085,268,8,,,9,TORINO - Porta Nuova,14:45
C1086,268,8,,EXPRESS,1,TORINO - Aeroporto (Caselle),14:30
C1086,268,8,,EXPRESS,2,CASELLE T.SE - str.Aerop. (fronte n° 36),-
C1086,268,8,,EXPRESS,3,CASELLE T.SE - via Torino (fronte n° 99),-
C1086,268,8,,EXPRESS,4,"BORGARO T.SE - via Lanzo, 157",-
C1086,268,8,,EXPRESS,5,"TO - Str Aeroporto (Ferm.""VERONESE"")",-
C1086,268,8,,EXPRESS,6,TO – via Stradella,-
C1086,268,8,,EXPRESS,7,TORINO - c.so Umbria/via Livorno,-
C1086,268,8,,EXPRESS,8,TORINO - Porta Susa,14:59
C1086,268,8,,EXPRESS,9,TORINO - Porta Nuova,15:09
C1087,268,8,,#,1,TORINO - Aeroporto (Caselle),15:00
C1087,268,8,,#,2,CASELLE T.SE - str.Aerop. (fronte n° 36),15:03
C1087,268,8,,#,3,CASELLE T.SE - via Torino (fronte n° 99),15:05
C1087,268,8,,#,4,"BORGARO T.SE - via Lanzo, 157",15:12
C1087,268,8,,#,5,"TO - Str Aeroporto (Ferm.""VERONESE"")",15:22
C1087,268,8,,#,6,TO – via Stradella,15:25
C1087,268,8,,#,7,TORINO - c.so Umbria/via Livorno,15:30
C1087,268,8,,#,8,TORINO - Porta Susa,15:35
C1087,268,8,,#,9,TORINO - Porta Nuova,15:45
C1088,268,8,,EXPRESS,1,TORINO - Aeroporto (Caselle),15:30
C1088,268,8,,EXPRESS,2,CASELLE T.SE - str.Aerop. (fronte n° 36),-
C1088,268,8,,EXPRESS,3,CASELLE T.SE - via Torino (fronte n° 99),-
C1088,268,8,,EXPRESS,4,"BORGARO T.SE - via Lanzo, 157",-
C1088,268,8,,EXPRESS,5,"TO - Str Aeroporto (Ferm.""VERONESE"")",-
C1088,268,8,,EXPRESS,6,TO – via Stradella,-
C1088,268,8,,EXPRESS,7,TORINO - c.so Umbria/via Livorno,-
C1088,268,8,,EXPRESS,8,TORINO - Porta Susa,15:59
C1088,268,8,,EXPRESS,9,TORINO - Porta Nuova,16:09
C1089,268,8,,,1,TORINO - Aeroporto (Caselle),16:00
C1089,268,8,,,2,CASELLE T.SE - str.Aerop. (fronte n° 36),16:03
C1089,268,8,,,3,CASELLE T.SE - via Torino (fronte n° 99),16:05
C1089,268,8,,,4,"BORGARO T.SE - via Lanzo, 157",16:12
C1089,268,8,,,5,"TO - Str Aeroporto (Ferm.""VERONESE"")",16:22
C1089,268,8,,,6,TO – via Stradella,16:25
C1089,268,8,,,7,TORINO - c.so Umbria/via Livorno,16:30
C1089,268,8,,,8,TORINO - Porta Susa,16:35
C1089,268,8,,,9,TORINO - Porta Nuova,16:45
C1090,268,8,,EXPRESS,1,TORINO - Aeroporto (Caselle),16:30
C1090,268,8,,EXPRESS,2,CASELLE T.SE - str.Aerop. (fronte n° 36),-
C1090,268,8,,EXPRESS,3,CASELLE T.SE - via Torino (fronte n° 99),-
C1090,268,8,,EXPRESS,4,"BORGARO T.SE - via Lanzo, 157",-
C1090,268,8,,EXPRESS,5,"TO - Str Aeroporto (Ferm.""VERONESE"")",-
C1090,268,8,,EXPRESS,6,TO – via Stradella,-
C1090,268,8,,EXPRESS,7,TORINO - c.so Umbria/via Livorno,-
C1090,268,8,,EXPRESS,8,TORINO - Porta Susa,16:59
C1090,268,8,,EXPRESS,9,TORINO - Porta Nuova,17:09
C1091,268,8,,#,1,TORINO - Aeroporto (Caselle),17:00
C1091,268,8,,#,2,CASELLE T.SE - str.Aerop. (fronte n° 36),17:03
C1091,268,8,,#,3,CASELLE T.SE - via Torino (fronte n° 99),17:05
C1091,268,8,,#,4,"BORGARO T.SE - via Lanzo, 157",17:12
C1091,268,8,,#,5,"TO - Str Aeroporto (Ferm.""VERONESE"")",17:22
C1091,268,8,,#,6,TO – via Stradella,17:25
C1091,268,8,,#,7,TORINO - c.so Umbria/via Livorno,17:30
C1091,268,8,,#,8,TORINO - Porta Susa,17:35
C1091,268,8,,#,9,TORINO - Porta Nuova,17:45
C1092,268,8,,EXPRESS,1,TORINO - Aeroporto (Caselle),17:30
C1092,268,8,,EXPRESS,2,CASELLE T.SE - str.Aerop. (fronte n° 36),-
C1092,268,8,,EXPRESS,3,CASELLE T.SE - via Torino (fronte n° 99),-
C1092,268,8,,EXPRESS,4,"BORGARO T.SE - via Lanzo, 157",-
C1092,268,8,,EXPRESS,5,"TO - Str Aeroporto (Ferm.""VERONESE"")",-
C1092,268,8,,EXPRESS,6,TO – via Stradella,-
C1092,268,8,,EXPRESS,7,TORINO - c.so Umbria/via Livorno,-
C1092,268,8,,EXPRESS,8,TORINO - Porta Susa,17:59
C1092,268,8,,EXPRESS,9,TORINO - Porta Nuova,18:09
C1093,268,6,FER,K,1,TORINO - Aeroporto (Caselle),0:00
C1093,268,6,FER,K,2,CASELLE T.SE - str.Aerop. (fronte n° 36),0:03
C1093,268,6,FER,K,3,CASELLE T.SE - via Torino (fronte n° 99),0:05
C1093,268,6,FER,K,4,"BORGARO T.SE - via Lanzo, 157",0:12
C1093,268,6,FER,K,5,"TO - Str Aeroporto (Ferm.""VERONESE"")",0:22
C1093,268,6,FER,K,6,TO – via Stradella,0:25
C1093,268,6,FER,K,7,TORINO - c.so Umbria/via Livorno,0:30
C1093,268,6,FER,K,8,TORINO - Porta Susa,0:35
C1093,268,6,FER,K,9,TORINO - Porta Nuova,0:45
C1094,268,8,,,1,TORINO - Aeroporto (Caselle),18:00
C1094,268,8,,,2,CASELLE T.SE - str.Aerop. (fronte n° 36),18:03
C1094,268,8,,,3,CASELLE T.SE - via Torino (fronte n° 99),18:05
C1094,268,8,,,4,"BORGARO T.SE - via Lanzo, 157",18:12
C1094,268,8,,,5,"TO - Str Aeroporto (Ferm.""VERONESE"")",18:22
C1094,268,8,,,6,TO – via Stradella,18:25
C1094,268,8,,,7,TORINO - c.so Umbria/via Livorno,18:30
C1094,268,8,,,8,TORINO - Porta Susa,18:35
C1094,268,8,,,9,TORINO - Porta Nuova,18:45
C1095,268,8,,EXPRESS,1,TORINO - Aeroporto (Caselle),18:30
C1095,268,8,,EXPRESS,2,CASELLE T.SE - str.Aerop. (fronte n° 36),-
C1095,268,8,,EXPRESS,3,CASELLE T.SE - via Torino (fronte n° 99),-
C1095,268,8,,EXPRESS,4,"BORGARO T.SE - via Lanzo, 157",-
C1095,268,8,,EXPRESS,5,"TO - Str Aeroporto (Ferm.""VERONESE"")",-
C1095,268,8,,EXPRESS,6,TO – via Stradella,-
C1095,268,8,,EXPRESS,7,TORINO - c.so Umbria/via Livorno,-
C1095,268,8,,EXPRESS,8,TORINO - Porta Susa,18:59
C1095,268,8,,EXPRESS,9,TORINO - Porta Nuova,19:09
C1096,268,8,,#,1,TORINO - Aeroporto (Caselle),19:00
C1096,268,8,,#,2,CASELLE T.SE - str.Aerop. (fronte n° 36),19:03
C1096,268,8,,#,3,CASELLE T.SE - via Torino (fronte n° 99),19:05
C1096,268,8,,#,4,"BORGARO T.SE - via Lanzo, 157",19:12
C1096,268,8,,#,5,"TO - Str Aeroporto (Ferm.""VERONESE"")",19:22
C1096,268,8,,#,6,TO – via Stradella,19:25
C1096,268,8,,#,7,TORINO - c.so Umbria/via Livorno,19:30
C1096,268,8,,#,8,TORINO - Porta Susa,19:35
C1096,268,8,,#,9,TORINO - Porta Nuova,19:45
C1097,268,8,,EXPRESS,1,TORINO - Aeroporto (Caselle),19:30
C1097,268,8,,EXPRESS,2,CASELLE T.SE - str.Aerop. (fronte n° 36),-
C1097,268,8,,EXPRESS,3,CASELLE T.SE - via Torino (fronte n° 99),-
C1097,268,8,,EXPRESS,4,"BORGARO T.SE - via Lanzo, 157",-
C1097,268,8,,EXPRESS,5,"TO - Str Aeroporto (Ferm.""VERONESE"")",-
C1097,268,8,,EXPRESS,6,TO – via Stradella,-
C1097,268,8,,EXPRESS,7,TORINO - c.so Umbria/via Livorno,-
C1097,268,8,,EXPRESS,8,TORINO - Porta Susa,19:59
C1097,268,8,,EXPRESS,9,TORINO - Porta Nuova,20:09
C1098,268,8,,,1,TORINO - Aeroporto (Caselle),20:00
C1098,268,8,,,2,CASELLE T.SE - str.Aerop. (fronte n° 36),20:03
C1098,268,8,,,3,CASELLE T.SE - via Torino (fronte n° 99),20:05
C1098,268,8,,,4,"BORGARO T.SE - via Lanzo, 157",20:12
C1098,268,8,,,5,"TO - Str Aeroporto (Ferm.""VERONESE"")",20:22
C1098,268,8,,,6,TO – via Stradella,20:25
C1098,268,8,,,7,TORINO - c.so Umbria/via Livorno,20:30
C1098,268,8,,,8,TORINO - Porta Susa,20:35
C1098,268,8,,,9,TORINO - Porta Nuova,20:45
C1099,268,8,,EXPRESS,1,TORINO - Aeroporto (Caselle),20:30
C1099,268,8,,EXPRESS,2,CASELLE T.SE - str.Aerop. (fronte n° 36),-
C1099,268,8,,EXPRESS,3,CASELLE T.SE - via Torino (fronte n° 99),-
C1099,268,8,,EXPRESS,4,"BORGARO T.SE - via Lanzo, 157",-
C1099,268,8,,EXPRESS,5,"TO - Str Aeroporto (Ferm.""VERONESE"")",-
C1099,268,8,,EXPRESS,6,TO – via Stradella,-
C1099,268,8,,EXPRESS,7,TORINO - c.so Umbria/via Livorno,-
C1099,268,8,,EXPRESS,8,TORINO - Porta Susa,20:59
C1099,268,8,,EXPRESS,9,TORINO - Porta Nuova,21:09
C1100,268,8,,#,1,TORINO - Aeroporto (Caselle),21:00
C1100,268,8,,#,2,CASELLE T.SE - str.Aerop. (fronte n° 36),21:03
C1100,268,8,,#,3,CASELLE T.SE - via Torino (fronte n° 99),21:05
C1100,268,8,,#,4,"BORGARO T.SE - via Lanzo, 157",21:12
C1100,268,8,,#,5,"TO - Str Aeroporto (Ferm.""VERONESE"")",21:22
C1100,268,8,,#,6,TO – via Stradella,21:25
C1100,268,8,,#,7,TORINO - c.so Umbria/via Livorno,21:30
C1100,268,8,,#,8,TORINO - Porta Susa,21:35
C1100,268,8,,#,9,TORINO - Porta Nuova,21:45
C1101,268,8,,EXPRESS,1,TORINO - Aeroporto (Caselle),21:30
C1101,268,8,,EXPRESS,2,CASELLE T.SE - str.Aerop. (fronte n° 36),-
C1101,268,8,,EXPRESS,3,CASELLE T.SE - via Torino (fronte n° 99),-
C1101,268,8,,EXPRESS,4,"BORGARO T.SE - via Lanzo, 157",-
C1101,268,8,,EXPRESS,5,"TO - Str Aeroporto (Ferm.""VERONESE"")",-
C1101,268,8,,EXPRESS,6,TO – via Stradella,-
C1101,268,8,,EXPRESS,7,TORINO - c.so Umbria/via Livorno,-
C1101,268,8,,EXPRESS,8,TORINO - Porta Susa,21:59
C1101,268,8,,EXPRESS,9,TORINO - Porta Nuova,22:09
C1102,268,8,,,1,TORINO - Aeroporto (Caselle),22:00
C1102,268,8,,,2,CASELLE T.SE - str.Aerop. (fronte n° 36),22:03
C1102,268,8,,,3,CASELLE T.SE - via Torino (fronte n° 99),22:05
C1102,268,8,,,4,"BORGARO T.SE - via Lanzo, 157",22:12
C1102,268,8,,,5,"TO - Str Aeroporto (Ferm.""VERONESE"")",22:22
C1102,268,8,,,6,TO – via Stradella,22:25
C1102,268,8,,,7,TORINO - c.so Umbria/via Livorno,22:30
C1102,268,8,,,8,TORINO - Porta Susa,22:35
C1102,268,8,,,9,TORINO - Porta Nuova,22:45
C1103,268,8,,,1,TORINO - Aeroporto (Caselle),22:30
C1103,268,8,,,2,CASELLE T.SE - str.Aerop. (fronte n° 36),-
C1103,268,8,,,3,CASELLE T.SE - via Torino (fronte n° 99),-
C1103,268,8,,,4,"BORGARO T.SE - via Lanzo, 157",-
C1103,268,8,,,5,"TO - Str Aeroporto (Ferm.""VERONESE"")",-
C1103,268,8,,,6,TO – via Stradella,-
C1103,268,8,,,7,TORINO - c.so Umbria/via Livorno,-
C1103,268,8,,,8,TORINO - Porta Susa,22:59
C1103,268,8,,,9,TORINO - Porta Nuova,23:09
C1104,268,8,,K,1,TORINO - Aeroporto (Caselle),23:15
C1104,268,8,,K,2,CASELLE T.SE - str.Aerop. (fronte n° 36),23:18
C1104,268,8,,K,3,CASELLE T.SE - via Torino (fronte n° 99),23:20
C1104,268,8,,K,4,"BORGARO T.SE - via Lanzo, 157",23:27
C1104,268,8,,K,5,"TO - Str Aeroporto (Ferm.""VERONESE"")",23:37
C1104,268,8,,K,6,TO – via Stradella,23:40
C1104,268,8,,K,7,TORINO - c.so Umbria/via Livorno,23:45
C1104,268,8,,K,8,TORINO - Porta Susa,23:50
C1104,268,8,,K,9,TORINO - Porta Nuova,0:00
C1105,268,8,,K,1,TORINO - Aeroporto (Caselle),23:45
C1105,268,8,,K,2,CASELLE T.SE - str.Aerop. (fronte n° 36),23:48
C1105,268,8,,K,3,CASELLE T.SE - via Torino (fronte n° 99),23:50
C1105,268,8,,K,4,"BORGARO T.SE - via Lanzo, 157",23:57
C1105,268,8,,K,5,"TO - Str Aeroporto (Ferm.""VERONESE"")",0:07
C1105,268,8,,K,6,TO – via Stradella,0:10
C1105,268,8,,K,7,TORINO - c.so Umbria/via Livorno,0:15
C1105,268,8,,K,8,TORINO - Porta Susa,0:20
C1105,268,8,,K,9,TORINO - Porta Nuova,0:30
C1106,274,123456,FER,S,1,SUSA - Stazione FS,5:00
C1106,274,123456,FER,S,2,Bivio FORESTO,5:05
C1106,274,123456,FER,S,3,Bivio S.GIORIO,5:14
C1106,274,123456,FER,S,4,BRUZOLO,5:16
C1106,274,123456,FER,S,5,Bivio S.DIDERO,5:17
C1106,274,123456,FER,S,6,S.AMBROGIO,5:35
C1106,274,123456,FER,S,7,LUTHER KING - TEKFOR,5:45
C1107,274,123456,FER,S,1,SUSA - Stazione FS,5:00
C1107,274,123456,FER,S,2,Bivio VILLAR FOCCHIARDO,5:22
C1107,274,123456,FER,S,3,SANT'ANTONINO - Stazione FS,5:25
C1107,274,123456,FER,S,4,Bivio VAIE,5:31
C1107,274,123456,FER,S,5,Bivio CONDOVE,5:33
C1107,274,123456,FER,S,6,AVIGLIANA - Stazione FS,5:42
C1107,274,123456,FER,S,7,LUTHER KING - TEKFOR,5:45
C1108,274,12345,FER,,1,SUSA - Stazione FS,6:05
C1108,274,12345,FER,,2,Bivio FORESTO,6.14
C1108,274,12345,FER,,3,Bivio S.GIORIO,6.22
C1108,274,12345,FER,,4,BRUZOLO,6.23
C1108,274,12345,FER,,5,Bivio S.DIDERO,6.25
C1108,274,12345,FER,,6,Bivio VILLAR FOCCHIARDO,6.29
C1108,274,12345,FER,,7,SANT'ANTONINO - Stazione FS,6.33
C1108,274,12345,FER,,8,Bivio VAIE,6.35
C1108,274,12345,FER,,9,Bivio CONDOVE,6.37
C1108,274,12345,FER,,10,S.AMBROGIO,6.42
C1108,274,12345,FER,,11,AVIGLIANA - Stazione FS,6:48
C1108,274,12345,FER,,12,LUTHER KING - TEKFOR,6.50
C1108,274,12345,FER,,13,CASCINE VICA,7:10
C1109,274,12345,FER,S,1,SUSA - Stazione FS,6:30
C1109,274,12345,FER,S,2,Bivio FORESTO,6:38
C1109,274,12345,FER,S,3,Bivio S.GIORIO,6:46
C1109,274,12345,FER,S,4,BRUZOLO,6:48
C1109,274,12345,FER,S,5,Bivio S.DIDERO,6:49
C1109,274,12345,FER,S,6,Bivio VILLAR FOCCHIARDO,6:54
C1109,274,12345,FER,S,7,SANT'ANTONINO - Stazione FS,6:57
C1109,274,12345,FER,S,8,Bivio VAIE,7:00
C1109,274,12345,FER,S,9,Bivio CONDOVE,7:01
C1109,274,12345,FER,S,10,S.AMBROGIO,7:06
C1109,274,12345,FER,S,11,AVIGLIANA - Stazione FS,7:11
C1109,274,12345,FER,S,12,LUTHER KING - TEKFOR,7:15
C1110,274,12345,SCO,SCOL,1,SUSA - Stazione FS,7:05
C1110,274,12345,SCO,SCOL,2,Bivio FORESTO,7:13
C1110,274,12345,SCO,SCOL,3,Bivio S.GIORIO,7:20
C1110,274,12345,SCO,SCOL,4,BRUZOLO,7:23
C1110,274,12345,SCO,SCOL,5,Bivio S.DIDERO,7:24
C1110,274,12345,SCO,SCOL,6,Bivio VILLAR FOCCHIARDO,7:29
C1110,274,12345,SCO,SCOL,7,SANT'ANTONINO - Stazione FS,7:33
C1110,274,12345,SCO,SCOL,8,Bivio VAIE,7:36
C1110,274,12345,SCO,SCOL,9,Bivio CONDOVE,7:38
C1110,274,12345,SCO,SCOL,10,S.AMBROGIO,7:43
C1110,274,12345,SCO,SCOL,11,AVIGLIANA - Stazione FS,7:48
C1111,274,12345,SCO,SCOL,1,SUSA - Stazione FS,7:05
C1111,274,12345,SCO,SCOL,2,Bivio VILLAR FOCCHIARDO,7:29
C1111,274,12345,SCO,SCOL,3,SANT'ANTONINO - Stazione FS,7:33
C1111,274,12345,SCO,SCOL,4,Bivio VAIE,7:37
C1111,274,12345,SCO,SCOL,5,Bivio CONDOVE,7:39
C1111,274,12345,SCO,SCOL,6,S.AMBROGIO,7:44
C1111,274,12345,SCO,SCOL,7,AVIGLIANA - Stazione FS,7:49
C1112,274,12345,FER,S,1,SUSA - Stazione FS,7:05
C1112,274,12345,FER,S,2,Bivio FORESTO,7.12
C1112,274,12345,FER,S,3,Bivio S.GIORIO,7:19
C1112,274,12345,FER,S,4,BRUZOLO,7:21
C1112,274,12345,FER,S,5,Bivio S.DIDERO,7:22
C1112,274,12345,FER,S,6,Bivio VILLAR FOCCHIARDO,7.26
C1112,274,12345,FER,S,7,SANT'ANTONINO - Stazione FS,7.30
C1112,274,12345,FER,S,8,Bivio VAIE,7.33
C1112,274,12345,FER,S,9,Bivio CONDOVE,7.34
C1112,274,12345,FER,S,10,S.AMBROGIO,7.39
C1112,274,12345,FER,S,11,AVIGLIANA - Stazione FS,7.44
C1113,274,2,FER,,1,SUSA - Stazione FS,10:50
C1113,274,2,FER,,2,Bivio FORESTO,11:00
C1113,274,2,FER,,3,FORESTO,11:01
C1114,274,12345,SCO,SCOL,1,SUSA - Stazione FS,12:20
C1114,274,12345,SCO,SCOL,2,Bivio VILLAR FOCCHIARDO,12:43
C1114,274,12345,SCO,SCOL,3,SANT'ANTONINO - Stazione FS,12:51
C1114,274,12345,SCO,SCOL,4,Bivio VAIE,12:55
C1115,274,12345,FER,S,1,SUSA - Stazione FS,13:00
C1115,274,12345,FER,S,2,Bivio FORESTO,13:05
C1115,274,12345,FER,S,3,BRUZOLO,13:15
C1115,274,12345,FER,S,4,Bivio VILLAR FOCCHIARDO,13:18
C1115,274,12345,FER,S,5,SANT'ANTONINO - Stazione FS,13:20
C1115,274,12345,FER,S,6,Bivio CONDOVE,13:30
C1115,274,12345,FER,S,7,LUTHER KING - TEKFOR,13:45
C1116,274,12345,FER,S,1,SUSA - Stazione FS,13:05
C1116,274,12345,FER,S,2,Bivio VILLAR FOCCHIARDO,13:28
C1116,274,12345,FER,S,3,SANT'ANTONINO - Stazione FS,13:31
C1116,274,12345,FER,S,4,Bivio VAIE,13:34
C1116,274,12345,FER,S,5,Bivio CONDOVE,13:35
C1116,274,12345,FER,S,6,AVIGLIANA - Stazione FS,13:43
C1116,274,12345,FER,S,7,LUTHER KING - TEKFOR,13:45
C1117,274,12345,SCO,SCOL,1,SUSA - Stazione FS,14:10
C1117,274,12345,SCO,SCOL,2,Bivio VILLAR FOCCHIARDO,14:34
C1117,274,12345,SCO,SCOL,3,SANT'ANTONINO - Stazione FS,14:37
C1118,274,12345,FER,S,1,SUSA - Stazione FS,16:35
C1118,274,12345,FER,S,2,Bivio VILLAR FOCCHIARDO,16:58
C1118,274,12345,FER,S,3,SANT'ANTONINO - Stazione FS,17:01
C1118,274,12345,FER,S,4,Bivio VAIE,17:05
C1118,274,12345,FER,S,5,Bivio CONDOVE,17:06
C1118,274,12345,FER,S,6,S.AMBROGIO,17:11
C1118,274,12345,FER,S,7,AVIGLIANA - Stazione FS,17:18
C1118,274,12345,FER,S,8,LUTHER KING - TEKFOR,17:20
C1119,274,12345,FER,S,1,SUSA - Stazione FS,21:00
C1119,274,12345,FER,S,2,Bivio FORESTO,21:07
C1119,274,12345,FER,S,3,Bivio S.GIORIO,21:15
C1119,274,12345,FER,S,4,BRUZOLO,21.17
C1119,274,12345,FER,S,5,Bivio S.DIDERO,21.19
C1119,274,12345,FER,S,6,Bivio VILLAR FOCCHIARDO,21.23
C1119,274,12345,FER,S,7,SANT'ANTONINO - Stazione FS,21:27
C1119,274,12345,FER,S,8,Bivio VAIE,21:30
C1119,274,12345,FER,S,9,Bivio CONDOVE,21.31
C1119,274,12345,FER,S,10,S.AMBROGIO,21.35
C1119,274,12345,FER,S,11,AVIGLIANA - Stazione FS,21:42
C1119,274,12345,FER,S,12,LUTHER KING - TEKFOR,21:45
C1120,274,123456,FER,S,1,LUTHER KING - TEKFOR,6:15
C1120,274,123456,FER,S,2,AVIGLIANA - Stazione FS,6:19
C1120,274,123456,FER,S,3,S.AMBROGIO,6:24
C1120,274,123456,FER,S,4,Bivio CONDOVE,6:29
C1120,274,123456,FER,S,5,Bivio VAIE,6:30
C1120,274,123456,FER,S,6,SANT'ANTONINO - Stazione FS,6:33
C1120,274,123456,FER,S,7,Bivio VILLAR FOCCHIARDO,6:36
C1120,274,123456,FER,S,8,BRUZOLO,6:44
C1120,274,123456,FER,S,9,SUSA - Stazione FS,7:00
C1121,274,123456,FER,S,1,LUTHER KING - TEKFOR,6:15
C1121,274,123456,FER,S,2,AVIGLIANA - Stazione FS,6:20
C1121,274,123456,FER,S,3,S.AMBROGIO,6:25
C1121,274,123456,FER,S,4,Bivio CONDOVE,6:29
C1121,274,123456,FER,S,5,Bivio VAIE,6:30
C1121,274,123456,FER,S,6,SANT'ANTONINO - Stazione FS,6:33
C1121,274,123456,FER,S,7,Bivio VILLAR FOCCHIARDO,6:36
C1121,274,123456,FER,S,8,Bivio S.DIDERO,6:42
C1121,274,123456,FER,S,9,BRUZOLO,6:43
C1121,274,123456,FER,S,10,Bivio S.GIORIO,6:45
C1121,274,123456,FER,S,11,Bivio FORESTO,6:52
C1121,274,123456,FER,S,12,SUSA - Stazione FS,7:00
C1122,274,12345,FER,S,1,LUTHER KING - TEKFOR,7:15
C1122,274,12345,FER,S,2,AVIGLIANA - Stazione FS,7:20
C1122,274,12345,FER,S,3,S.AMBROGIO,7:24
C1122,274,12345,FER,S,4,Bivio CONDOVE,7:28
C1122,274,12345,FER,S,5,Bivio VAIE,7:30
C1122,274,12345,FER,S,6,SANT'ANTONINO - Stazione FS,7:39
C1123,274,12345,SCO,SCOL,1,Bivio VILLAR FOCCHIARDO,7:43
C1123,274,12345,SCO,SCOL,2,BRUZOLO,7:55
C1123,274,12345,SCO,SCOL,3,SUSA - Stazione FS,8:10
C1124,274,12345,FER,S,1,Bivio VILLAR FOCCHIARDO,7:43
C1124,274,12345,FER,S,2,BRUZOLO,7:55
C1124,274,12345,FER,S,3,SUSA - Stazione FS,8:10
C1125,274,2,FER,,1,FORESTO,8:05
C1125,274,2,FER,,2,SUSA - Stazione FS,8:15
C1126,274,2,FER,,1,BRUZOLO,8:40
C1126,274,2,FER,,2,SUSA - Stazione FS,9:00
C1127,274,5,SCO,SCOL,1,Bivio VAIE,13:40
C1127,274,5,SCO,SCOL,2,SANT'ANTONINO - Stazione FS,13:44
C1127,274,5,SCO,SCOL,3,Bivio VILLAR FOCCHIARDO,13:52
C1127,274,5,SCO,SCOL,4,BRUZOLO,13:58
C1127,274,5,SCO,SCOL,5,SUSA - Stazione FS,14:15
C1128,274,5,SCO,SCOL,1,AVIGLIANA - Stazione FS,13:53
C1128,274,5,SCO,SCOL,2,S.AMBROGIO,13:58
C1128,274,5,SCO,SCOL,3,Bivio CONDOVE,14:04
C1128,274,5,SCO,SCOL,4,Bivio VAIE,14:06
C1128,274,5,SCO,SCOL,5,SANT'ANTONINO - Stazione FS,14:09
C1128,274,5,SCO,SCOL,6,Bivio VILLAR FOCCHIARDO,14:12
C1128,274,5,SCO,SCOL,7,BRUZOLO,14:18
C1128,274,5,SCO,SCOL,8,SUSA - Stazione FS,14:35
C1129,274,3,SCO,SCOL,1,AVIGLIANA - Stazione FS,14:38
C1129,274,3,SCO,SCOL,2,S.AMBROGIO,14:43
C1129,274,3,SCO,SCOL,3,Bivio CONDOVE,14:49
C1129,274,3,SCO,SCOL,4,Bivio VAIE,14:51
C1129,274,3,SCO,SCOL,5,SANT'ANTONINO - Stazione FS,14:54
C1129,274,3,SCO,SCOL,6,Bivio VILLAR FOCCHIARDO,14:57
C1129,274,3,SCO,SCOL,7,Bivio S.DIDERO,15:02
C1129,274,3,SCO,SCOL,8,BRUZOLO,15:03
C1129,274,3,SCO,SCOL,9,Bivio S.GIORIO,15:04
C1129,274,3,SCO,SCOL,10,SUSA - Stazione FS,15:23
C1130,274,4,SCO,SCOL,1,AVIGLIANA - Stazione FS,14:43
C1130,274,4,SCO,SCOL,2,S.AMBROGIO,14:48
C1130,274,4,SCO,SCOL,3,Bivio CONDOVE,14:54
C1130,274,4,SCO,SCOL,4,Bivio VAIE,14:56
C1130,274,4,SCO,SCOL,5,SANT'ANTONINO - Stazione FS,14:59
C1130,274,4,SCO,SCOL,6,Bivio VILLAR FOCCHIARDO,15:02
C1130,274,4,SCO,SCOL,7,BRUZOLO,15:08
C1130,274,4,SCO,SCOL,8,SUSA - Stazione FS,15:25
C1131,274,5,SCO,SCOL,1,AVIGLIANA - Stazione FS,13:53
C1131,274,5,SCO,SCOL,2,S.AMBROGIO,13:58
C1131,274,5,SCO,SCOL,3,Bivio CONDOVE,14:07
C1131,274,5,SCO,SCOL,4,Bivio VAIE,14:09
C1131,274,5,SCO,SCOL,5,SANT'ANTONINO - Stazione FS,14:11
C1131,274,5,SCO,SCOL,6,Bivio VILLAR FOCCHIARDO,14:12
C1131,274,5,SCO,SCOL,7,Bivio S.DIDERO,14:15
C1131,274,5,SCO,SCOL,8,BRUZOLO,14:16
C1131,274,5,SCO,SCOL,9,Bivio S.GIORIO,14:17
C1131,274,5,SCO,SCOL,10,Bivio FORESTO,14:25
C1131,274,5,SCO,SCOL,11,SUSA - Stazione FS,14:35
C1132,274,4,SCO,SCOL,1,AVIGLIANA - Stazione FS,14:43
C1132,274,4,SCO,SCOL,2,S.AMBROGIO,14:48
C1132,274,4,SCO,SCOL,3,Bivio CONDOVE,14:57
C1132,274,4,SCO,SCOL,4,Bivio VAIE,14:59
C1132,274,4,SCO,SCOL,5,SANT'ANTONINO - Stazione FS,15:01
C1132,274,4,SCO,SCOL,6,Bivio VILLAR FOCCHIARDO,15:02
C1132,274,4,SCO,SCOL,7,Bivio S.DIDERO,15:05
C1132,274,4,SCO,SCOL,8,BRUZOLO,15:06
C1132,274,4,SCO,SCOL,9,Bivio S.GIORIO,15:07
C1132,274,4,SCO,SCOL,10,Bivio FORESTO,15:15
C1132,274,4,SCO,SCOL,11,SUSA - Stazione FS,15:25
C1133,274,4,FER,S,1,LUTHER KING - TEKFOR,14:15
C1133,274,4,FER,S,2,AVIGLIANA - Stazione FS,14:20
C1133,274,4,FER,S,3,Bivio CONDOVE,14:30
C1133,274,4,FER,S,4,Bivio VAIE,14:32
C1133,274,4,FER,S,5,Bivio VILLAR FOCCHIARDO,14:38
C1133,274,4,FER,S,6,BRUZOLO,14:46
C1133,274,4,FER,S,7,SUSA - Stazione FS,15:00
C1134,274,5,FER,NS-S,1,LUTHER KING - TEKFOR,14:15
C1134,274,5,FER,NS-S,2,AVIGLIANA - Stazione FS,14:20
C1134,274,5,FER,NS-S,3,Bivio CONDOVE,14:30
C1134,274,5,FER,NS-S,4,Bivio VAIE,14:32
C1134,274,5,FER,NS-S,5,Bivio VILLAR FOCCHIARDO,14:38
C1134,274,5,FER,NS-S,6,BRUZOLO,14:46
C1134,274,5,FER,NS-S,7,SUSA - Stazione FS,15:00
C1135,274,12345,FER,S,1,LUTHER KING - TEKFOR,14:15
C1135,274,12345,FER,S,2,Bivio CONDOVE,14.24
C1135,274,12345,FER,S,3,SANT'ANTONINO - Stazione FS,14.29
C1135,274,12345,FER,S,4,BRUZOLO,14.41
C1135,274,12345,FER,S,5,Bivio S.GIORIO,14.44
C1135,274,12345,FER,S,6,Bivio FORESTO,14.52
C1135,274,12345,FER,S,7,SUSA - Stazione FS,15.00
C1136,274,12345,FER,,1,CASCINE VICA,16:30
C1136,274,12345,FER,,2,LUTHER KING - TEKFOR,16:50
C1136,274,12345,FER,,3,AVIGLIANA - Stazione FS,16:56
C1136,274,12345,FER,,4,S.AMBROGIO,17:00
C1136,274,12345,FER,,5,Bivio CONDOVE,17:05
C1136,274,12345,FER,,6,Bivio VAIE,17:07
C1136,274,12345,FER,,7,SANT'ANTONINO - Stazione FS,17:10
C1136,274,12345,FER,,8,Bivio VILLAR FOCCHIARDO,17:13
C1136,274,12345,FER,,9,Bivio S.DIDERO,17:17
C1136,274,12345,FER,,10,BRUZOLO,17:19
C1136,274,12345,FER,,11,Bivio S.GIORIO,17:21
C1136,274,12345,FER,,12,Bivio FORESTO,17:30
C1136,274,12345,FER,,13,SUSA - Stazione FS,17:35
C1137,274,12345,FER,S,1,LUTHER KING - TEKFOR,17:20
C1137,274,12345,FER,S,2,AVIGLIANA - Stazione FS,17:23
C1137,274,12345,FER,S,3,S.AMBROGIO,17:25
C1137,274,12345,FER,S,4,Bivio CONDOVE,17:29
C1137,274,12345,FER,S,5,Bivio VAIE,17:31
C1137,274,12345,FER,S,6,SANT'ANTONINO - Stazione FS,17:35
C1137,274,12345,FER,S,7,Bivio VILLAR FOCCHIARDO,17:37
C1137,274,12345,FER,S,8,Bivio S.DIDERO,17:44
C1137,274,12345,FER,S,9,BRUZOLO,17:45
C1137,274,12345,FER,S,10,Bivio S.GIORIO,17:47
C1137,274,12345,FER,S,11,Bivio FORESTO,17:52
C1137,274,12345,FER,S,12,SUSA - Stazione FS,18:05
C1138,274,12345,FER,S,1,LUTHER KING - TEKFOR,22:15
C1138,274,12345,FER,S,2,Bivio CONDOVE,22:25
C1138,274,12345,FER,S,3,SANT'ANTONINO - Stazione FS,22:30
C1138,274,12345,FER,S,4,BRUZOLO,22:40
C1138,274,12345,FER,S,5,Bivio S.GIORIO,22:42
C1138,274,12345,FER,S,6,Bivio FORESTO,22:47
C1138,274,12345,FER,S,7,SUSA - Stazione FS,22:55
