ID_Corsa,Linea,Giorni,Stagionalita,Note,Fermata_1,Ora_1,Fermata_2,Ora_2,Fermata_3,Ora_3,Fermata_4,Ora_4,Fermata_5,Ora_5,Fermata_6,Ora_6,Fermata_7,Ora_7,Fermata_8,Ora_8,Fermata_9,Ora_9,Fermata_10,Ora_10,Fermata_11,Ora_11,Fermata_12,Ora_12,Fermata_13,Ora_13,Fermata_14,Ora_14,Fermata_15,Ora_15,Fermata_16,Ora_16,Fermata_17,Ora_17,Fermata_18,Ora_18,Fermata_19,Ora_19,Fermata_20,Ora_20,Fermata_21,Ora_21,Fermata_22,Ora_22,Fermata_23,Ora_23,Fermata_24,Ora_24,Fermata_25,Ora_25,Fermata_26,Ora_26,Fermata_27,Ora_27,Fermata_28,Ora_28,Fermata_29,Ora_29,Fermata_30,Ora_30,Fermata_31,Ora_31,Fermata_32,Ora_32,Fermata_33,Ora_33,Fermata_34,Ora_34,Fermata_35,Ora_35,Fermata_36,Ora_36,Fermata_37,Ora_37,Fermata_38,Ora_38,Fermata_39,Ora_39,Fermata_40,Ora_40,Fermata_41,Ora_41
C0001,275/282,12345,FER,A,PEROSA ARG.-pzza Terzo Alpini (Partenza),4.20,PINASCA,4.24,DUBBIONE - via Nazionale,4.25,VILLAR PEROSA - via Nazionale,4.30,S. GERMANO CHISONE,4.36,PORTE,4.38,S. MARTINO,4.39,ABBADIA ALPINA,4.41,PONTE LEMINA,4.42,PINEROLO - piazza Cavour,4.45,PINEROLO - Movicentro,4.52,PINEROLO - c.so Torino-MACUMBA,4.56,RIVA di Pinerolo,5.02,Bivio BOTTEGHE,5.07,AIRASCA,5.10,NONE Bivio,5.15,STUPINIGI - Palazzina di Caccia,5.25,TORINO - Porta Nuova,5.46,TORINO - Porta Susa,5.51,,,,,,,,,,,,,,,,,,,,,,,,,,,,,,,,,,,,,,,,,,,,
C0002,275/282,12345,FER,A,PINEROLO - piazza Cavour,5.10,PINEROLO - Movicentro,5.16,PINEROLO - c.so Torino-MACUMBA,5.20,RIVA di Pinerolo,5.26,AIRASCA,D,NONE Bivio,I,CANDIOLO IRCCS-Centro Ricerche,R,TORINO - Porta Nuova,6.14,TORINO - Porta Susa,6.19,,,,,,,,,,,,,,,,,,,,,,,,,,,,,,,,,,,,,,,,,,,,,,,,,,,,,,,,,,,,,,,,
C0003,275/282,12345,FER,A,PEROSA ARG.-pzza Terzo Alpini (Partenza),4.50,PINASCA,4.54,DUBBIONE - via Nazionale,4.55,VILLAR PEROSA - via Nazionale,5.00,S. GERMANO CHISONE,5.06,PORTE,5.08,S. MARTINO,5.10,ABBADIA ALPINA,5.16,PONTE LEMINA,5.17,PINEROLO - piazza Cavour,5.20,PINEROLO - Movicentro,5.26,PINEROLO - c.so Torino-MACUMBA,5.30,RIVA di Pinerolo,5:36,Bivio BOTTEGHE,5:41,AIRASCA,5:44,NONE Bivio,5:49,CANDIOLO IRCCS-Centro Ricerche,5:54,STUPINIGI - Palazzina di Caccia,6:04,TORINO - Porta Nuova,6:32,TORINO - Porta Susa,6:37,,,,,,,,,,,,,,,,,,,,,,,,,,,,,,,,,,,,,,,,,,
C0004,275/282,12345,FER,A,PEROSA ARG.-pzza Terzo Alpini (Partenza),5.40,PINASCA,5.44,DUBBIONE - via Nazionale,5.45,VILLAR PEROSA - via Nazionale,5.50,S. GERMANO CHISONE,5.56,PORTE,5.58,S. MARTINO,6.00,ABBADIA ALPINA,6.06,PONTE LEMINA,6.07,PINEROLO - piazza Cavour,6.10,PINEROLO - Movicentro,6.16,PINEROLO - c.so Torino-MACUMBA,6.20,RIVA di Pinerolo,6.26,AIRASCA,D,NONE Bivio,I,CANDIOLO IRCCS-Centro Ricerche,R,TORINO - Porta Nuova,7.14,TORINO - Porta Susa,7.19,,,,,,,,,,,,,,,,,,,,,,,,,,,,,,,,,,,,,,,,,,,,,,
C0005,275/282,12345,FER,F,PEROSA ARG.-pzza Terzo Alpini (Partenza),5.50,PINASCA,5.54,DUBBIONE - via Nazionale,5.55,VILLAR PEROSA - via Nazionale,6.00,S. GERMANO CHISONE,6.06,PORTE,6.08,S. MARTINO,6.10,ABBADIA ALPINA,6.16,PONTE LEMINA,6.17,PINEROLO - piazza Cavour,6.20,PINEROLO - Movicentro,6.26,PINEROLO - c.so Torino-MACUMBA,6.30,RIVA di Pinerolo,6.36,Bivio BOTTEGHE,6.41,AIRASCA,6.44,NONE Bivio,6.49,CANDIOLO IRCCS-Centro Ricerche,6.54,STUPINIGI - Palazzina di Caccia,7.04,TORINO - Porta Nuova,7.32,TORINO - Porta Susa,7.37,,,,,,,,,,,,,,,,,,,,,,,,,,,,,,,,,,,,,,,,,,
C0006,275/282,123456,FER,A,PEROSA ARG.-pzza Terzo Alpini (Partenza),5.50,PINASCA,5.54,DUBBIONE - via Nazionale,5.55,VILLAR PEROSA - via Nazionale,6.00,S. GERMANO CHISONE,6.06,PORTE,6.08,S. MARTINO,6.10,ABBADIA ALPINA,6.16,PONTE LEMINA,6.17,PINEROLO - piazza Cavour,6.20,PINEROLO - Movicentro,6.26,PINEROLO - c.so Torino-MACUMBA,6.30,RIVA di Pinerolo,6.36,Bivio BOTTEGHE,6.41,AIRASCA,6.44,NONE Bivio,6.49,CANDIOLO IRCCS-Centro Ricerche,6.54,STUPINIGI - Palazzina di Caccia,7.04,TORINO - Porta Nuova,7.32,TORINO - Porta Susa,7.37,,,,,,,,,,,,,,,,,,,,,,,,,,,,,,,,,,,,,,,,,,
C0007,275/282,12345,FER,A,PEROSA ARG.-pzza Terzo Alpini (Partenza),6.00,PINASCA,6.04,DUBBIONE - via Nazionale,6.05,VILLAR PEROSA - via Nazionale,6.10,S. GERMANO CHISONE,6.16,PORTE,6.18,S. MARTINO,6.20,ABBADIA ALPINA,6.26,PONTE LEMINA,6.27,PINEROLO - piazza Cavour,6.30,PINEROLO - Movicentro,6.36,PINEROLO - c.so Torino-MACUMBA,6.40,RIVA di Pinerolo,6.46,Bivio BOTTEGHE,6.51,AIRASCA,6.54,NONE Bivio,6.59,CANDIOLO IRCCS-Centro Ricerche,7.04,STUPINIGI - Palazzina di Caccia,7.14,TORINO - Piazza Carducci,7.34,TORINO - Porta Nuova,7.42,TORINO - Porta Susa,7.47,,,,,,,,,,,,,,,,,,,,,,,,,,,,,,,,,,,,,,,,
C0008,275/282,12345,FER,A,OULX - Liceo,D,OULX - p.zza Garambois,A,SESTRIERE,T,PRAGELATO,O,FENESTRELLE - via Nazionale,R,PEROSA ARG.-pzza Terzo Alpini (Partenza),R,PINASCA,E,VILLAR PEROSA - via Nazionale,F,S. GERMANO CHISONE,S,PINEROLO - piazza Cavour,6.40,PINEROLO - Movicentro,6:43,PINEROLO - c.so Torino-MACUMBA,6.50,RIVA di Pinerolo,6.56,AIRASCA,D,NONE Bivio,I,CANDIOLO IRCCS-Centro Ricerche,R,TORINO - Porta Nuova,7.45,TORINO - Porta Susa,7.50,,,,,,,,,,,,,,,,,,,,,,,,,,,,,,,,,,,,,,,,,,,,,,
C0009,275/282,12345,FER,A,PINEROLO - Movicentro,7.06,PINEROLO - c.so Torino-MACUMBA,7.10,RIVA di Pinerolo,7.16,AIRASCA,D,NONE Bivio,I,CANDIOLO IRCCS-Centro Ricerche,R,TORINO - Porta Nuova,8.04,TORINO - Porta Susa,8.09,,,,,,,,,,,,,,,,,,,,,,,,,,,,,,,,,,,,,,,,,,,,,,,,,,,,,,,,,,,,,,,,,,
C0010,275/282,12345,FER,A,PEROSA ARG.-pzza Terzo Alpini (Partenza),6.20,PINASCA,6.24,DUBBIONE - via Nazionale,6.25,VILLAR PEROSA - via Nazionale,6.30,S. GERMANO CHISONE,6.36,PORTE,6.38,S. MARTINO,6.40,ABBADIA ALPINA,6.43,AIRASCA,D,NONE Bivio,I,CANDIOLO IRCCS-Centro Ricerche,R,TORINO - Porta Nuova,7.43,TORINO - Porta Susa,7.48,,,,,,,,,,,,,,,,,,,,,,,,,,,,,,,,,,,,,,,,,,,,,,,,,,,,,,,,
C0011,275/282,12345,FER,A,FENESTRELLE - via Nazionale,6.10,PEROSA ARG.-pzza Terzo Alpini (Arrivo),6.40,PEROSA ARG.-pzza Terzo Alpini (Partenza),6.40,PINASCA,6.44,DUBBIONE - via Nazionale,6.45,VILLAR PEROSA - via Nazionale,6.50,S. GERMANO CHISONE,6.56,PORTE,6.58,S. MARTINO,7.00,ABBADIA ALPINA,7.03,AIRASCA,D,NONE Bivio,I,CANDIOLO IRCCS-Centro Ricerche,R,TORINO - Porta Nuova,8.03,TORINO - Porta Susa,8.08,,,,,,,,,,,,,,,,,,,,,,,,,,,,,,,,,,,,,,,,,,,,,,,,,,,,
C0012,275/282,12345,FER,F,FENESTRELLE - via Nazionale,6.10,PEROSA ARG.-pzza Terzo Alpini (Arrivo),6.40,PEROSA ARG.-pzza Terzo Alpini (Partenza),6.40,PINASCA,6.44,DUBBIONE - via Nazionale,6.45,VILLAR PEROSA - via Nazionale,6.50,S. GERMANO CHISONE,6.56,PORTE,6.58,S. MARTINO,7.00,ABBADIA ALPINA,7.06,PONTE LEMINA,7.07,PINEROLO - piazza Cavour,7.10,PINEROLO - Movicentro,7.16,PINEROLO - c.so Torino-MACUMBA,7.20,RIVA di Pinerolo,7.26,Bivio BOTTEGHE,7.31,AIRASCA,7.34,NONE Bivio,7.39,CANDIOLO IRCCS-Centro Ricerche,7.44,STUPINIGI - Palazzina di Caccia,7.54,TORINO - Piazza Carducci,8.14,TORINO - Porta Nuova,8.22,TORINO - Porta Susa,8.27,,,,,,,,,,,,,,,,,,,,,,,,,,,,,,,,,,,,
C0013,275/282,12345,FER,A,PINEROLO - Movicentro,7.16,PINEROLO - c.so Torino-MACUMBA,7.20,RIVA di Pinerolo,7.26,AIRASCA,D,NONE Bivio,I,CANDIOLO IRCCS-Centro Ricerche,R,TORINO - Porta Nuova,8.14,TORINO - Porta Susa,8.19,,,,,,,,,,,,,,,,,,,,,,,,,,,,,,,,,,,,,,,,,,,,,,,,,,,,,,,,,,,,,,,,,,
C0014,275/282,12345,FER,A,PEROSA ARG.-pzza Terzo Alpini (Partenza),6.50,PINASCA,6.54,DUBBIONE - via Nazionale,6.55,VILLAR PEROSA - via Nazionale,7.00,S. GERMANO CHISONE,7.06,PORTE,7.08,S. MARTINO,7.10,ABBADIA ALPINA,7.16,PONTE LEMINA,7.17,PINEROLO - piazza Cavour,7.20,PINEROLO - Movicentro,7.26,PINEROLO - c.so Torino-MACUMBA,7.30,RIVA di Pinerolo,7.36,AIRASCA,D,NONE Bivio,I,CANDIOLO IRCCS-Centro Ricerche,R,TORINO - Porta Nuova,8.24,TORINO - Porta Susa,8.29,,,,,,,,,,,,,,,,,,,,,,,,,,,,,,,,,,,,,,,,,,,,,,
C0015,275/282,12345,FER,A,PEROSA ARG.-pzza Terzo Alpini (Partenza),7.00,PINASCA,7.04,DUBBIONE - via Nazionale,7.05,VILLAR PEROSA - via Nazionale,7.10,S. GERMANO CHISONE,7.16,PORTE,7.18,S. MARTINO,7.20,ABBADIA ALPINA,7.23,AIRASCA,D,NONE Bivio,I,CANDIOLO IRCCS-Centro Ricerche,R,TORINO - Porta Nuova,8.23,TORINO - Porta Susa,8.28,,,,,,,,,,,,,,,,,,,,,,,,,,,,,,,,,,,,,,,,,,,,,,,,,,,,,,,,
C0016,275/282,12345,FER,A,PEROSA ARG.-pzza Terzo Alpini (Partenza),7.10,PINASCA,7:15,DUBBIONE - via Nazionale,7:16,VILLAR PEROSA - via Nazionale,7.20,S. GERMANO CHISONE,7:25,PORTE,7.28,S. MARTINO,7.30,ABBADIA ALPINA,7:32,PONTE LEMINA,7:33,PINEROLO - piazza Cavour,7:38,PINEROLO - Movicentro,7:40,,,,,,,,,,,,,,,,,,,,,,,,,,,,,,,,,,,,,,,,,,,,,,,,,,,,,,,,,,,,
C0017,275/282,123456,FER,A,PEROSA ARG.-pzza Terzo Alpini (Partenza),7.10,PINASCA,7.14,DUBBIONE - via Nazionale,7.15,VILLAR PEROSA - via Nazionale,7.20,S. GERMANO CHISONE,7.26,PORTE,7.28,S. MARTINO,7.30,ABBADIA ALPINA,7.36,PONTE LEMINA,7.37,PINEROLO - piazza Cavour,7.40,PINEROLO - Movicentro,7.46,PINEROLO - c.so Torino-MACUMBA,7.50,RIVA di Pinerolo,7.56,Bivio BOTTEGHE,8.01,AIRASCA,8.04,NONE Bivio,8.09,CANDIOLO IRCCS-Centro Ricerche,8.14,STUPINIGI - Palazzina di Caccia,8.24,TORINO - Porta Nuova,8.52,TORINO - Porta Susa,8.57,,,,,,,,,,,,,,,,,,,,,,,,,,,,,,,,,,,,,,,,,,
C0018,275/282,12345,FER,A,VILLAR PEROSA - via Nazionale,7.30,S. GERMANO CHISONE,7.36,PORTE,7.38,S. MARTINO,7.40,ABBADIA ALPINA,7.46,PONTE LEMINA,7.47,PINEROLO - piazza Cavour,7.50,,,,,,,,,,,,,,,,,,,,,,,,,,,,,,,,,,,,,,,,,,,,,,,,,,,,,,,,,,,,,,,,,,,,
C0019,275/282,123456,FER,A,SESTRIERE,6.10,PRAGELATO,6.30,FENESTRELLE - via Nazionale,6.50,PEROSA ARG.-pzza Terzo Alpini (Arrivo),7.20,,,,,,,,,,,,,,,,,,,,,,,,,,,,,,,,,,,,,,,,,,,,,,,,,,,,,,,,,,,,,,,,,,,,,,,,,,
C0020,275/282,12345,FER,A,PEROSA ARG.-pzza Terzo Alpini (Partenza),7.24,PINASCA,7.28,DUBBIONE - via Nazionale,7.29,VILLAR PEROSA - via Nazionale,7.34,S. GERMANO CHISONE,7.40,PORTE,7.42,S. MARTINO,7.44,ABBADIA ALPINA,7.50,PONTE LEMINA,7.51,PINEROLO - piazza Cavour,7.54,PINEROLO - Movicentro,7.56,PINEROLO - c.so Torino-MACUMBA,8.00,,,,,,,,,,,,,,,,,,,,,,,,,,,,,,,,,,,,,,,,,,,,,,,,,,,,,,,,,,
C0021,275/282,12345,FER,A,PINEROLO - Movicentro,07.56,PINEROLO - c.so Torino-MACUMBA,8.00,RIVA di Pinerolo,8:06,AIRASCA,D,NONE Bivio,I,CANDIOLO IRCCS-Centro Ricerche,R,TORINO - Porta Nuova,8:54,TORINO - Porta Susa,8:59,,,,,,,,,,,,,,,,,,,,,,,,,,,,,,,,,,,,,,,,,,,,,,,,,,,,,,,,,,,,,,,,,,
C0022,275/282,12345,FER,A,PEROSA ARG.-pzza Terzo Alpini (Partenza),7.40,PINASCA,7.44,DUBBIONE - via Nazionale,7.45,VILLAR PEROSA - via Nazionale,7.50,S. GERMANO CHISONE,7.56,PORTE,7.58,S. MARTINO,8.00,ABBADIA ALPINA,8.06,PONTE LEMINA,8.07,PINEROLO - piazza Cavour,8.10,PINEROLO - Movicentro,8.16,PINEROLO - c.so Torino-MACUMBA,8.20,RIVA di Pinerolo,8.26,AIRASCA,D,NONE Bivio,I,CANDIOLO IRCCS-Centro Ricerche,R,TORINO - Porta Nuova,9.14,TORINO - Porta Susa,9.19,,,,,,,,,,,,,,,,,,,,,,,,,,,,,,,,,,,,,,,,,,,,,,
C0023,275/282,12345,FER,A,PINEROLO - piazza Cavour,8.10,PINEROLO - Movicentro,8.16,PINEROLO - c.so Torino-MACUMBA,8.20,RIVA di Pinerolo,8.26,Bivio BOTTEGHE,8.31,AIRASCA,8.34,NONE Bivio,8.39,CANDIOLO IRCCS-Centro Ricerche,8.44,STUPINIGI - Palazzina di Caccia,8.54,TORINO - Porta Nuova,9.22,TORINO - Porta Susa,9.27,,,,,,,,,,,,,,,,,,,,,,,,,,,,,,,,,,,,,,,,,,,,,,,,,,,,,,,,,,,,
C0024,275/282,78,FEST,J,PINEROLO - piazza Cavour,8.10,PINEROLO - Movicentro,8.16,PINEROLO - c.so Torino-MACUMBA,8.20,RIVA di Pinerolo,8.26,Bivio BOTTEGHE,8.31,AIRASCA,8.34,NONE Bivio,8.39,CANDIOLO IRCCS-Centro Ricerche,8.44,STUPINIGI - Palazzina di Caccia,8.54,TORINO - Porta Nuova,9.22,TORINO - Porta Susa,9.27,,,,,,,,,,,,,,,,,,,,,,,,,,,,,,,,,,,,,,,,,,,,,,,,,,,,,,,,,,,,
C0025,275/282,6,FER,#,PINEROLO - piazza Cavour,8.20,PINEROLO - Movicentro,8.26,PINEROLO - c.so Torino-MACUMBA,8.30,RIVA di Pinerolo,8.36,Bivio BOTTEGHE,8.41,AIRASCA,8.44,NONE Bivio,8.49,CANDIOLO IRCCS-Centro Ricerche,8.54,STUPINIGI - Palazzina di Caccia,9.04,TORINO - Porta Nuova,9.32,TORINO - Porta Susa,9.37,,,,,,,,,,,,,,,,,,,,,,,,,,,,,,,,,,,,,,,,,,,,,,,,,,,,,,,,,,,,
C0026,275/282,123456,SCO,Scol,FENESTRELLE - via Nazionale,7.10,PEROSA ARG.-pzza Terzo Alpini (Partenza),7.40,PINASCA,7.44,DUBBIONE - via Nazionale,7.45,VILLAR PEROSA - via Nazionale,7.49,S. GERMANO CHISONE,7.54,PORTE,7.56,S. MARTINO,7.58,ABBADIA ALPINA,8.02,PONTE LEMINA,8.03,PINEROLO - piazza Cavour,8.06,PINEROLO Centro Studi,8:10,,,,,,,,,,,,,,,,,,,,,,,,,,,,,,,,,,,,,,,,,,,,,,,,,,,,,,,,,,
C0027,275/282,12345,FER,A,PEROSA ARG.-pzza Terzo Alpini (Partenza),7.40,PINASCA,7.44,DUBBIONE - via Nazionale,7.45,VILLAR PEROSA - via Nazionale,7.49,S. GERMANO CHISONE,7.54,PORTE,7.56,S. MARTINO,7.58,ABBADIA ALPINA,8.02,PONTE LEMINA,8.03,PINEROLO - piazza Cavour,8.06,PINEROLO Centro Studi,8:10,,,,,,,,,,,,,,,,,,,,,,,,,,,,,,,,,,,,,,,,,,,,,,,,,,,,,,,,,,,,
C0028,275/282,12345,FER,A,FENESTRELLE - via Nazionale,7.40,PEROSA ARG.-pzza Terzo Alpini (Partenza),8.10,PINASCA,8.14,DUBBIONE - via Nazionale,8.15,VILLAR PEROSA - via Nazionale,8.20,S. GERMANO CHISONE,8.26,PORTE,8.28,S. MARTINO,8.30,ABBADIA ALPINA,8.36,PONTE LEMINA,8.37,PINEROLO - piazza Cavour,8.40,PINEROLO - Movicentro,8.46,PINEROLO - c.so Torino-MACUMBA,8.50,RIVA di Pinerolo,8.56,Bivio BOTTEGHE,9.01,AIRASCA,9.04,NONE Bivio,9.09,CANDIOLO IRCCS-Centro Ricerche,9.14,STUPINIGI - Palazzina di Caccia,9.24,TORINO - Porta Nuova,9.52,TORINO - Porta Susa,9.57,,,,,,,,,,,,,,,,,,,,,,,,,,,,,,,,,,,,,,,,
C0029,275/282,123456,FER,,OULX - Stazione FS,6.45,OULX - Liceo,6.46,OULX - p.zza Garambois,6.48,CESANA TORINESE,7.05,SESTRIERE,7.30,PRAGELATO,7.50,FENESTRELLE - via Nazionale,8.10,PEROSA ARG.-pzza Terzo Alpini (Arrivo),8.40,PEROSA ARG.-pzza Terzo Alpini (Partenza),8.40,PINASCA,8.44,DUBBIONE - via Nazionale,8.45,VILLAR PEROSA - via Nazionale,8.50,S. GERMANO CHISONE,8.56,PORTE,8.58,S. MARTINO,9.00,ABBADIA ALPINA,9.06,PONTE LEMINA,9.07,PINEROLO - piazza Cavour,9.10,PINEROLO - Movicentro,9.16,PINEROLO - c.so Torino-MACUMBA,9.20,RIVA di Pinerolo,9.26,AIRASCA,D,NONE Bivio,I,CANDIOLO IRCCS-Centro Ricerche,R,TORINO - Porta Nuova,10.14,TORINO - Porta Susa,10.19,,,,,,,,,,,,,,,,,,,,,,,,,,,,,,
C0030,275/282,78,FEST,J,OULX - Stazione FS,7.15,OULX - Liceo,7.16,OULX - p.zza Garambois,7.18,CESANA TORINESE,7.35,SESTRIERE,8.00,PRAGELATO,8.20,FENESTRELLE - via Nazionale,8.40,PEROSA ARG.-pzza Terzo Alpini (Arrivo),9.10,,,,,,,,,,,,,,,,,,,,,,,,,,,,,,,,,,,,,,,,,,,,,,,,,,,,,,,,,,,,,,,,,,
C0031,275/282,78,FEST,#,PEROSA ARG.-pzza Terzo Alpini (Partenza),9.10,PINASCA,9.14,DUBBIONE - via Nazionale,9.15,VILLAR PEROSA - via Nazionale,9.20,S. GERMANO CHISONE,9.26,PORTE,9.28,S. MARTINO,9.30,ABBADIA ALPINA,9.36,PONTE LEMINA,9.37,PINEROLO - piazza Cavour,9.40,PINEROLO - Movicentro,9.42,,,,,,,,,,,,,,,,,,,,,,,,,,,,,,,,,,,,,,,,,,,,,,,,,,,,,,,,,,,,
C0032,275/282,NAT,FEST,,PINEROLO - Movicentro,9.46,PINEROLO - c.so Torino-MACUMBA,9.50,RIVA di Pinerolo,9.56,AIRASCA,D,NONE Bivio,I,CANDIOLO IRCCS-Centro Ricerche,R,TORINO - Porta Nuova,10.44,TORINO - Porta Susa,10.49,,,,,,,,,,,,,,,,,,,,,,,,,,,,,,,,,,,,,,,,,,,,,,,,,,,,,,,,,,,,,,,,,,
C0033,275/282,12345,FER,A,PEROSA ARG.-pzza Terzo Alpini (Partenza),9.10,PINASCA,9.14,DUBBIONE - via Nazionale,9.15,VILLAR PEROSA - via Nazionale,9.20,S. GERMANO CHISONE,9.26,PORTE,9.28,S. MARTINO,9.30,ABBADIA ALPINA,9.36,PONTE LEMINA,9.37,PINEROLO - piazza Cavour,9.40,PINEROLO - Movicentro,9.46,PINEROLO - c.so Torino-MACUMBA,9.50,RIVA di Pinerolo,9.56,Bivio BOTTEGHE,10.01,AIRASCA,10.04,NONE Bivio,10.09,CANDIOLO IRCCS-Centro Ricerche,10.14,STUPINIGI - Palazzina di Caccia,10.24,TORINO - Porta Nuova,10.52,TORINO - Porta Susa,10.57,,,,,,,,,,,,,,,,,,,,,,,,,,,,,,,,,,,,,,,,,,
C0034,275/282,12345,FER,A,PEROSA ARG.-pzza Terzo Alpini (Partenza),9.40,PINASCA,9.44,DUBBIONE - via Nazionale,9.45,VILLAR PEROSA - via Nazionale,9.50,S. GERMANO CHISONE,9.56,PORTE,9.58,S. MARTINO,10.00,ABBADIA ALPINA,10.06,PONTE LEMINA,10.07,PINEROLO - piazza Cavour,10.10,PINEROLO - Movicentro,10.16,PINEROLO - c.so Torino-MACUMBA,10.20,RIVA di Pinerolo,10.26,AIRASCA,D,NONE Bivio,I,CANDIOLO IRCCS-Centro Ricerche,R,TORINO - Porta Nuova,11.14,TORINO - Porta Susa,11.19,,,,,,,,,,,,,,,,,,,,,,,,,,,,,,,,,,,,,,,,,,,,,,
C0035,275/282,12345,FER,A,PEROSA ARG.-pzza Terzo Alpini (Partenza),10.10,PINASCA,10.14,DUBBIONE - via Nazionale,10.15,VILLAR PEROSA - via Nazionale,10.20,S. GERMANO CHISONE,10.26,PORTE,10.28,S. MARTINO,10.30,ABBADIA ALPINA,10.36,PONTE LEMINA,10.37,PINEROLO - piazza Cavour,10.40,PINEROLO - Movicentro,10.46,PINEROLO - c.so Torino-MACUMBA,10.50,RIVA di Pinerolo,10.56,Bivio BOTTEGHE,11.01,AIRASCA,11.04,NONE Bivio,11.09,CANDIOLO IRCCS-Centro Ricerche,11.14,STUPINIGI - Palazzina di Caccia,11.24,TORINO - Porta Nuova,11.52,TORINO - Porta Susa,11.57,,,,,,,,,,,,,,,,,,,,,,,,,,,,,,,,,,,,,,,,,,
C0036,275/282,6,FER,A,PINEROLO - piazza Cavour,10.40,PINEROLO - Movicentro,10.46,PINEROLO - c.so Torino-MACUMBA,10.50,RIVA di Pinerolo,10.56,Bivio BOTTEGHE,11.01,AIRASCA,11.04,NONE Bivio,11.09,CANDIOLO IRCCS-Centro Ricerche,11.14,STUPINIGI - Palazzina di Caccia,11.24,TORINO - Porta Nuova,11.52,TORINO - Porta Susa,11.57,,,,,,,,,,,,,,,,,,,,,,,,,,,,,,,,,,,,,,,,,,,,,,,,,,,,,,,,,,,,
C0037,275/282,123456,FER,,OULX - Stazione FS,8.45,OULX - Liceo,8.46,OULX - p.zza Garambois,8.48,CESANA TORINESE,9.05,SESTRIERE,9.30,PRAGELATO,9.50,FENESTRELLE - via Nazionale,10.10,PEROSA ARG.-pzza Terzo Alpini (Arrivo),10.40,PEROSA ARG.-pzza Terzo Alpini (Partenza),10.40,PINASCA,10.44,DUBBIONE - via Nazionale,10.45,VILLAR PEROSA - via Nazionale,10.50,S. GERMANO CHISONE,10.56,PORTE,10.58,S. MARTINO,11.00,ABBADIA ALPINA,11.06,PONTE LEMINA,11.07,PINEROLO - piazza Cavour,11.10,PINEROLO - Movicentro,11.16,PINEROLO - c.so Torino-MACUMBA,11.20,RIVA di Pinerolo,11.26,AIRASCA,D,NONE Bivio,I,CANDIOLO IRCCS-Centro Ricerche,R,TORINO - Porta Nuova,12.14,TORINO - Porta Susa,12.19,,,,,,,,,,,,,,,,,,,,,,,,,,,,,,
C0038,275/282,78,FEST,#,OULX - Stazione FS,9.15,OULX - Liceo,9.16,OULX - p.zza Garambois,9.18,CESANA TORINESE,9.35,SESTRIERE,10.00,,,,,,,,,,,,,,,,,,,,,,,,,,,,,,,,,,,,,,,,,,,,,,,,,,,,,,,,,,,,,,,,,,,,,,,,
C0039,275/282,78,FEST,J,SESTRIERE,10.00,PRAGELATO,10.20,FENESTRELLE - via Nazionale,10.40,PEROSA ARG.-pzza Terzo Alpini (Arrivo),11.10,PEROSA ARG.-pzza Terzo Alpini (Partenza),11.10,PINASCA,11.14,DUBBIONE - via Nazionale,11.15,VILLAR PEROSA - via Nazionale,11.20,S. GERMANO CHISONE,11.26,PORTE,11.28,S. MARTINO,11.30,ABBADIA ALPINA,11.36,PONTE LEMINA,11.37,PINEROLO - piazza Cavour,11.40,PINEROLO - Movicentro,11.42,,,,,,,,,,,,,,,,,,,,,,,,,,,,,,,,,,,,,,,,,,,,,,,,,,,,
C0040,275/282,12345,FER,A,PEROSA ARG.-pzza Terzo Alpini (Partenza),11.10,PINASCA,11.14,DUBBIONE - via Nazionale,11.15,VILLAR PEROSA - via Nazionale,11.20,S. GERMANO CHISONE,11.26,PORTE,11.28,S. MARTINO,11.30,ABBADIA ALPINA,11.36,PONTE LEMINA,11.37,PINEROLO - piazza Cavour,11.40,PINEROLO - Movicentro,11.46,PINEROLO - c.so Torino-MACUMBA,11.50,RIVA di Pinerolo,11.56,Bivio BOTTEGHE,12.01,AIRASCA,12.04,NONE Bivio,12.09,CANDIOLO IRCCS-Centro Ricerche,12.14,STUPINIGI - Palazzina di Caccia,12.24,TORINO - Porta Nuova,12.52,TORINO - Porta Susa,12.57,,,,,,,,,,,,,,,,,,,,,,,,,,,,,,,,,,,,,,,,,,
C0041,275/282,12345,FER,A,FENESTRELLE - via Nazionale,11.10,PEROSA ARG.-pzza Terzo Alpini (Arrivo),11.40,PEROSA ARG.-pzza Terzo Alpini (Partenza),11.40,PINASCA,11.44,DUBBIONE - via Nazionale,11.45,VILLAR PEROSA - via Nazionale,11.50,S. GERMANO CHISONE,11.56,PORTE,11.58,S. MARTINO,12.00,ABBADIA ALPINA,12.06,PONTE LEMINA,12.07,PINEROLO - piazza Cavour,12.10,PINEROLO - Movicentro,12.16,PINEROLO - c.so Torino-MACUMBA,12.20,RIVA di Pinerolo,12.26,AIRASCA,D,NONE Bivio,I,CANDIOLO IRCCS-Centro Ricerche,R,TORINO - Porta Nuova,13.14,TORINO - Porta Susa,13.19,,,,,,,,,,,,,,,,,,,,,,,,,,,,,,,,,,,,,,,,,,
C0042,275/282,12345,FER,A,PEROSA ARG.-pzza Terzo Alpini (Partenza),12.10,PINASCA,12.14,DUBBIONE - via Nazionale,12.15,VILLAR PEROSA - via Nazionale,12.20,S. GERMANO CHISONE,12.26,PORTE,12.28,S. MARTINO,12.30,ABBADIA ALPINA,12.36,PONTE LEMINA,12.37,PINEROLO - piazza Cavour,12.40,PINEROLO - Movicentro,12.46,PINEROLO - c.so Torino-MACUMBA,12.50,RIVA di Pinerolo,12.56,Bivio BOTTEGHE,13.01,AIRASCA,13.04,NONE Bivio,13.09,CANDIOLO IRCCS-Centro Ricerche,13.14,STUPINIGI - Palazzina di Caccia,13.24,TORINO - Porta Nuova,13.52,TORINO - Porta Susa,13.57,,,,,,,,,,,,,,,,,,,,,,,,,,,,,,,,,,,,,,,,,,
C0043,275/282,78,FEST,J,PEROSA ARG.-pzza Terzo Alpini (Partenza),12.10,PINASCA,12.14,DUBBIONE - via Nazionale,12.15,VILLAR PEROSA - via Nazionale,12.20,S. GERMANO CHISONE,12.26,PORTE,12.28,S. MARTINO,12.30,ABBADIA ALPINA,12.36,PONTE LEMINA,12.37,PINEROLO - piazza Cavour,12.40,PINEROLO - Movicentro,12.46,PINEROLO - c.so Torino-MACUMBA,12.50,RIVA di Pinerolo,12.56,Bivio BOTTEGHE,13.01,AIRASCA,13.04,NONE Bivio,13.09,CANDIOLO IRCCS-Centro Ricerche,13.14,STUPINIGI - Palazzina di Caccia,13.24,TORINO - Porta Nuova,13.52,TORINO - Porta Susa,13.57,,,,,,,,,,,,,,,,,,,,,,,,,,,,,,,,,,,,,,,,,,
C0044,275/282,123456,FER,,PEROSA ARG.-pzza Terzo Alpini (Partenza),12.40,PINASCA,12.44,DUBBIONE - via Nazionale,12.45,VILLAR PEROSA - via Nazionale,12.50,S. GERMANO CHISONE,12.56,PORTE,12.58,S. MARTINO,13.00,ABBADIA ALPINA,13.06,PONTE LEMINA,13.07,PINEROLO - piazza Cavour,13.10,PINEROLO - Movicentro,13.16,PINEROLO - c.so Torino-MACUMBA,13.20,RIVA di Pinerolo,13.26,AIRASCA,D,NONE Bivio,I,CANDIOLO IRCCS-Centro Ricerche,R,TORINO - Porta Nuova,14.14,TORINO - Porta Susa,14.19,,,,,,,,,,,,,,,,,,,,,,,,,,,,,,,,,,,,,,,,,,,,,,
C0045,275/282,12345,FER,A,PEROSA ARG.-pzza Terzo Alpini (Partenza),12.50,PINASCA,12.54,DUBBIONE - via Nazionale,12.55,VILLAR PEROSA - via Nazionale,13.00,S. GERMANO CHISONE,13.06,PORTE,13.08,S. MARTINO,13.10,ABBADIA ALPINA,13.16,PONTE LEMINA,13.17,PINEROLO - piazza Cavour,13.20,PINEROLO - Movicentro,13.26,PINEROLO - c.so Torino-MACUMBA,13.30,RIVA di Pinerolo,13.36,Bivio BOTTEGHE,13.41,AIRASCA,13.44,NONE Bivio,13.49,CANDIOLO IRCCS-Centro Ricerche,13.54,STUPINIGI - Palazzina di Caccia,14.04,TORINO - Porta Nuova,14.32,TORINO - Porta Susa,14.37,,,,,,,,,,,,,,,,,,,,,,,,,,,,,,,,,,,,,,,,,,
C0046,275/282,6,FER,A,PINEROLO - piazza Cavour,13.20,PINEROLO - Movicentro,13.26,PINEROLO - c.so Torino-MACUMBA,13.30,RIVA di Pinerolo,13.36,Bivio BOTTEGHE,13.41,AIRASCA,13.44,NONE Bivio,13.49,CANDIOLO IRCCS-Centro Ricerche,13.54,STUPINIGI - Palazzina di Caccia,14.04,TORINO - Porta Nuova,14.32,TORINO - Porta Susa,14.37,,,,,,,,,,,,,,,,,,,,,,,,,,,,,,,,,,,,,,,,,,,,,,,,,,,,,,,,,,,,
C0047,275/282,78,FEST,J,OULX - Stazione FS,11.15,OULX - Liceo,11.16,OULX - p.zza Garambois,11.18,CESANA TORINESE,11.35,SESTRIERE,12.00,PRAGELATO,12.20,FENESTRELLE - via Nazionale,12.40,PEROSA ARG.-pzza Terzo Alpini (Arrivo),13.10,PEROSA ARG.-pzza Terzo Alpini (Partenza),13.10,PINASCA,13.14,DUBBIONE - via Nazionale,13.15,VILLAR PEROSA - via Nazionale,13.20,S. GERMANO CHISONE,13.26,PORTE,13.28,S. MARTINO,13.30,ABBADIA ALPINA,13.36,PONTE LEMINA,13.37,PINEROLO - piazza Cavour,13.40,PINEROLO - Movicentro,13.46,PINEROLO - c.so Torino-MACUMBA,13.50,RIVA di Pinerolo,13.56,AIRASCA,D,NONE Bivio,I,CANDIOLO IRCCS-Centro Ricerche,R,TORINO - Porta Nuova,14.44,TORINO - Porta Susa,14.49,,,,,,,,,,,,,,,,,,,,,,,,,,,,,,
C0048,275/282,123456,FER,,OULX - Stazione FS,11.45,OULX - Liceo,11.46,OULX - p.zza Garambois,11.48,CESANA TORINESE,12.05,SESTRIERE,12.30,PRAGELATO,12.50,FENESTRELLE - via Nazionale,13.10,PEROSA ARG.-pzza Terzo Alpini (Arrivo),13.40,PEROSA ARG.-pzza Terzo Alpini (Partenza),13.40,PINASCA,13.44,DUBBIONE - via Nazionale,13.45,VILLAR PEROSA - via Nazionale,13.50,S. GERMANO CHISONE,13.56,PORTE,13.58,S. MARTINO,14.00,ABBADIA ALPINA,14.06,PONTE LEMINA,14.07,PINEROLO - piazza Cavour,14.10,PINEROLO - Movicentro,14.16,PINEROLO - c.so Torino-MACUMBA,14.20,RIVA di Pinerolo,14.26,AIRASCA,D,NONE Bivio,I,CANDIOLO IRCCS-Centro Ricerche,R,TORINO - Porta Nuova,15.14,TORINO - Porta Susa,15.19,,,,,,,,,,,,,,,,,,,,,,,,,,,,,,
C0049,275/282,12345,FER,A,FENESTRELLE - via Nazionale,13.40,PEROSA ARG.-pzza Terzo Alpini (Arrivo),14.10,PEROSA ARG.-pzza Terzo Alpini (Partenza),14.10,PINASCA,14.14,DUBBIONE - via Nazionale,14.15,VILLAR PEROSA - via Nazionale,14.20,S. GERMANO CHISONE,14.26,PORTE,14.28,S. MARTINO,14.30,ABBADIA ALPINA,14.36,PONTE LEMINA,14.37,PINEROLO - piazza Cavour,14.40,PINEROLO - Movicentro,14.46,PINEROLO - c.so Torino-MACUMBA,14.50,RIVA di Pinerolo,14.56,Bivio BOTTEGHE,15.01,AIRASCA,15.04,NONE Bivio,15.09,CANDIOLO IRCCS-Centro Ricerche,15.14,STUPINIGI - Palazzina di Caccia,15.24,TORINO - Porta Nuova,15.52,TORINO - Porta Susa,15.57,,,,,,,,,,,,,,,,,,,,,,,,,,,,,,,,,,,,,,
C0050,275/282,6,FER,A,PINEROLO - piazza Cavour,14.40,PINEROLO - Movicentro,14.46,PINEROLO - c.so Torino-MACUMBA,14.50,RIVA di Pinerolo,14.56,Bivio BOTTEGHE,15.01,AIRASCA,15.04,NONE Bivio,15.09,CANDIOLO IRCCS-Centro Ricerche,15.14,STUPINIGI - Palazzina di Caccia,15.24,TORINO - Porta Nuova,15.52,TORINO - Porta Susa,15.57,,,,,,,,,,,,,,,,,,,,,,,,,,,,,,,,,,,,,,,,,,,,,,,,,,,,,,,,,,,,
C0051,275/282,12345,FER,A,PEROSA ARG.-pzza Terzo Alpini (Partenza),14.40,PINASCA,14.44,DUBBIONE - via Nazionale,14.45,VILLAR PEROSA - via Nazionale,14.50,S. GERMANO CHISONE,14.56,PORTE,14.58,S. MARTINO,15.00,ABBADIA ALPINA,15.06,PONTE LEMINA,15.07,PINEROLO - piazza Cavour,15.10,PINEROLO - Movicentro,15.16,PINEROLO - c.so Torino-MACUMBA,15.20,RIVA di Pinerolo,15.26,AIRASCA,D,NONE Bivio,I,CANDIOLO IRCCS-Centro Ricerche,R,TORINO - Porta Nuova,16.14,TORINO - Porta Susa,16.19,,,,,,,,,,,,,,,,,,,,,,,,,,,,,,,,,,,,,,,,,,,,,,
C0052,275/282,6,FER,#,PINEROLO - piazza Cavour,15.10,PINEROLO - Movicentro,15.16,PINEROLO - c.so Torino-MACUMBA,15.20,RIVA di Pinerolo,15.26,AIRASCA,D,NONE Bivio,I,CANDIOLO IRCCS-Centro Ricerche,R,TORINO - Porta Nuova,16.14,TORINO - Porta Susa,16.19,,,,,,,,,,,,,,,,,,,,,,,,,,,,,,,,,,,,,,,,,,,,,,,,,,,,,,,,,,,,,,,,
C0053,275/282,12345,FER,A,PEROSA ARG.-pzza Terzo Alpini (Partenza),15.10,PINASCA,15.14,DUBBIONE - via Nazionale,15.15,VILLAR PEROSA - via Nazionale,15.20,S. GERMANO CHISONE,15.26,PORTE,15.28,S. MARTINO,15.30,ABBADIA ALPINA,15.36,PONTE LEMINA,15.37,PINEROLO - piazza Cavour,15.40,PINEROLO - Movicentro,15.46,PINEROLO - c.so Torino-MACUMBA,15:52,RIVA di Pinerolo,15:58,Bivio BOTTEGHE,16:04,AIRASCA,16:10,NONE Bivio,16:16,CANDIOLO IRCCS-Centro Ricerche,16:25,STUPINIGI - Palazzina di Caccia,16:35,TORINO - Porta Nuova,17:05,TORINO - Porta Susa,17:10,,,,,,,,,,,,,,,,,,,,,,,,,,,,,,,,,,,,,,,,,,
C0054,275/282,78,FEST,J,OULX - Stazione FS,13.15,OULX - Liceo,13.16,OULX - p.zza Garambois,13.18,CESANA TORINESE,13.35,SESTRIERE,14.00,PRAGELATO,14.20,FENESTRELLE - via Nazionale,14.40,PEROSA ARG.-pzza Terzo Alpini (Arrivo),15.10,PEROSA ARG.-pzza Terzo Alpini (Partenza),15.10,PINASCA,15.14,DUBBIONE - via Nazionale,15.15,VILLAR PEROSA - via Nazionale,15.20,S. GERMANO CHISONE,15.26,PORTE,15.28,S. MARTINO,15.30,ABBADIA ALPINA,15.36,PONTE LEMINA,15.37,PINEROLO - piazza Cavour,15.40,PINEROLO - Movicentro,15.46,PINEROLO - c.so Torino-MACUMBA,15.50,RIVA di Pinerolo,15.56,AIRASCA,D,NONE Bivio,I,CANDIOLO IRCCS-Centro Ricerche,R,TORINO - Porta Nuova,16.44,TORINO - Porta Susa,16.49,,,,,,,,,,,,,,,,,,,,,,,,,,,,,,
C0055,275/282,123456,SCO,Scol,OULX - Stazione FS,13:05,OULX - Liceo,13:06,OULX - p.zza Garambois,13:08,CESANA TORINESE,13:30,SESTRIERE,13:50,PRAGELATO,14:10,FENESTRELLE - via Nazionale,14:30,PEROSA ARG.-pzza Terzo Alpini (Arrivo),15:00,PEROSA ARG.-pzza Terzo Alpini (Partenza),15.40,PINASCA,15.44,DUBBIONE - via Nazionale,15.45,VILLAR PEROSA - via Nazionale,15.50,S. GERMANO CHISONE,15.56,PORTE,15.58,S. MARTINO,16.00,ABBADIA ALPINA,16.06,PONTE LEMINA,16.07,PINEROLO - piazza Cavour,16.10,PINEROLO - Movicentro,16.16,PINEROLO - c.so Torino-MACUMBA,16.20,RIVA di Pinerolo,16.26,AIRASCA,D,NONE Bivio,I,CANDIOLO IRCCS-Centro Ricerche,R,TORINO - Porta Nuova,17.14,TORINO - Porta Susa,17.19,,,,,,,,,,,,,,,,,,,,,,,,,,,,,,
C0056,275/282,123456,FER,,OULX - Stazione FS,13.45,OULX - Liceo,13.46,OULX - p.zza Garambois,13.48,CESANA TORINESE,14.05,SESTRIERE,14.30,,,,,,,,,,,,,,,,,,,,,,,,,,,,,,,,,,,,,,,,,,,,,,,,,,,,,,,,,,,,,,,,,,,,,,,,
C0057,275/282,123456,FER,NS#,SESTRIERE,14:30,PRAGELATO,14.50,FENESTRELLE - via Nazionale,15.10,PEROSA ARG.-pzza Terzo Alpini (Arrivo),15.40,PEROSA ARG.-pzza Terzo Alpini (Partenza),15.40,PINASCA,15.44,DUBBIONE - via Nazionale,15.45,VILLAR PEROSA - via Nazionale,15.50,S. GERMANO CHISONE,15.56,PORTE,15.58,S. MARTINO,16.00,ABBADIA ALPINA,16.06,PONTE LEMINA,16.07,PINEROLO - piazza Cavour,16.10,PINEROLO - Movicentro,16.16,PINEROLO - c.so Torino-MACUMBA,16.20,RIVA di Pinerolo,16.26,AIRASCA,D,NONE Bivio,I,CANDIOLO IRCCS-Centro Ricerche,R,TORINO - Porta Nuova,17.14,TORINO - Porta Susa,17.19,,,,,,,,,,,,,,,,,,,,,,,,,,,,,,,,,,,,,,
C0058,275/282,12345,FER,A,PEROSA ARG.-pzza Terzo Alpini (Partenza),16.10,PINASCA,16.14,DUBBIONE - via Nazionale,16.15,VILLAR PEROSA - via Nazionale,16.20,S. GERMANO CHISONE,16.26,PORTE,16.28,S. MARTINO,16.30,ABBADIA ALPINA,16.36,PONTE LEMINA,16.37,PINEROLO - piazza Cavour,16.40,,,,,,,,,,,,,,,,,,,,,,,,,,,,,,,,,,,,,,,,,,,,,,,,,,,,,,,,,,,,,,
C0059,275/282,,GG,I,PINEROLO - piazza Cavour,16.40,PINEROLO - Movicentro,16.46,PINEROLO - c.so Torino-MACUMBA,16:52,RIVA di Pinerolo,17:00,Bivio BOTTEGHE,17:05,AIRASCA,17:11,NONE Bivio,17:17,CANDIOLO IRCCS-Centro Ricerche,17:30,STUPINIGI - Palazzina di Caccia,17:40,TORINO - Porta Nuova,18:07,TORINO - Porta Susa,18:15,,,,,,,,,,,,,,,,,,,,,,,,,,,,,,,,,,,,,,,,,,,,,,,,,,,,,,,,,,,,
C0060,275/282,123456,FER,,OULX - Stazione FS,14.45,OULX - Liceo,14.46,OULX - p.zza Garambois,14.48,CESANA TORINESE,15.05,SESTRIERE,15.30,PRAGELATO,15.50,FENESTRELLE - via Nazionale,16.10,PEROSA ARG.-pzza Terzo Alpini (Arrivo),16.40,,,,,,,,,,,,,,,,,,,,,,,,,,,,,,,,,,,,,,,,,,,,,,,,,,,,,,,,,,,,,,,,,,
C0061,275/282,123456,FER,I,PEROSA ARG.-pzza Terzo Alpini (Partenza),16.40,PINASCA,16.44,DUBBIONE - via Nazionale,16.45,VILLAR PEROSA - via Nazionale,16.50,S. GERMANO CHISONE,16.56,PORTE,16.58,S. MARTINO,17.00,ABBADIA ALPINA,17.06,PONTE LEMINA,17.07,PINEROLO - piazza Cavour,17.10,PINEROLO - Movicentro,17:16,PINEROLO - c.so Torino-MACUMBA,17:22,RIVA di Pinerolo,17:28,Bivio BOTTEGHE,17:33,AIRASCA,17:40,NONE Bivio,17:45,CANDIOLO IRCCS-Centro Ricerche,17:55,STUPINIGI - Palazzina di Caccia,18:05,TORINO - Porta Nuova,18:35,TORINO - Porta Susa,18:40,,,,,,,,,,,,,,,,,,,,,,,,,,,,,,,,,,,,,,,,,,
C0062,275/282,NAT,FEST,,PEROSA ARG.-pzza Terzo Alpini (Partenza),16.40,PINASCA,16.44,DUBBIONE - via Nazionale,16.45,VILLAR PEROSA - via Nazionale,16.50,S. GERMANO CHISONE,16.56,PORTE,16.58,S. MARTINO,17.00,ABBADIA ALPINA,17.06,PONTE LEMINA,17.07,PINEROLO - piazza Cavour,17.10,PINEROLO - Movicentro,17.16,PINEROLO - c.so Torino-MACUMBA,17.20,RIVA di Pinerolo,17.26,AIRASCA,D,NONE Bivio,I,CANDIOLO IRCCS-Centro Ricerche,R,TORINO - Porta Nuova,18.14,TORINO - Porta Susa,18.19,,,,,,,,,,,,,,,,,,,,,,,,,,,,,,,,,,,,,,,,,,,,,,
C0063,275/282,78,FEST,J,OULX - Stazione FS,15.15,OULX - Liceo,15.16,OULX - p.zza Garambois,15.18,CESANA TORINESE,15.35,SESTRIERE,16.00,PRAGELATO,16.20,FENESTRELLE - via Nazionale,16.40,PEROSA ARG.-pzza Terzo Alpini (Arrivo),17.10,PEROSA ARG.-pzza Terzo Alpini (Partenza),17.10,PINASCA,17.14,DUBBIONE - via Nazionale,17.15,VILLAR PEROSA - via Nazionale,17.20,S. GERMANO CHISONE,17.26,PORTE,17.28,S. MARTINO,17.30,ABBADIA ALPINA,17.36,PONTE LEMINA,17.37,PINEROLO - piazza Cavour,17.40,PINEROLO - Movicentro,17.46,PINEROLO - c.so Torino-MACUMBA,17.50,RIVA di Pinerolo,17.56,AIRASCA,D,NONE Bivio,I,CANDIOLO IRCCS-Centro Ricerche,R,TORINO - Porta Nuova,18.44,TORINO - Porta Susa,18.49,,,,,,,,,,,,,,,,,,,,,,,,,,,,,,
C0064,275/282,12345,FER,A,PEROSA ARG.-pzza Terzo Alpini (Partenza),17.10,PINASCA,17.14,DUBBIONE - via Nazionale,17.15,VILLAR PEROSA - via Nazionale,17.20,S. GERMANO CHISONE,17.26,PORTE,17.28,S. MARTINO,17.30,ABBADIA ALPINA,17.36,PONTE LEMINA,17.37,PINEROLO - piazza Cavour,17.40,PINEROLO - Movicentro,17.46,PINEROLO - c.so Torino-MACUMBA,17.50,RIVA di Pinerolo,17.56,Bivio BOTTEGHE,18.01,AIRASCA,18.04,NONE Bivio,18.09,CANDIOLO IRCCS-Centro Ricerche,18.14,STUPINIGI - Palazzina di Caccia,18.24,TORINO - Porta Nuova,18.52,TORINO - Porta Susa,18.57,,,,,,,,,,,,,,,,,,,,,,,,,,,,,,,,,,,,,,,,,,
C0065,275/282,6,FER,A,SESTRIERE,16.00,PRAGELATO,16.20,FENESTRELLE - via Nazionale,16.40,PEROSA ARG.-pzza Terzo Alpini (Arrivo),17.10,PEROSA ARG.-pzza Terzo Alpini (Partenza),17.10,PINASCA,17.14,DUBBIONE - via Nazionale,17.15,VILLAR PEROSA - via Nazionale,17.20,S. GERMANO CHISONE,17.26,PORTE,17.28,S. MARTINO,17.30,ABBADIA ALPINA,17.36,PONTE LEMINA,17.37,PINEROLO - piazza Cavour,17.40,,,,,,,,,,,,,,,,,,,,,,,,,,,,,,,,,,,,,,,,,,,,,,,,,,,,,,
C0066,275/282,12345,FER,A,SESTRIERE,16.30,PRAGELATO,16.50,FENESTRELLE - via Nazionale,17.10,PEROSA ARG.-pzza Terzo Alpini (Arrivo),17.40,PEROSA ARG.-pzza Terzo Alpini (Partenza),17.40,PINASCA,17.44,DUBBIONE - via Nazionale,17.45,VILLAR PEROSA - via Nazionale,17.50,S. GERMANO CHISONE,17.56,PORTE,17.58,S. MARTINO,18.00,ABBADIA ALPINA,18.06,PONTE LEMINA,18.07,PINEROLO - piazza Cavour,18.10,PINEROLO - Movicentro,18.16,PINEROLO - c.so Torino-MACUMBA,18.20,RIVA di Pinerolo,18.26,AIRASCA,D,NONE Bivio,I,CANDIOLO IRCCS-Centro Ricerche,R,TORINO - Porta Nuova,19.14,TORINO - Porta Susa,19.19,,,,,,,,,,,,,,,,,,,,,,,,,,,,,,,,,,,,,,
C0067,275/282,6,FER,A,PEROSA ARG.-pzza Terzo Alpini (Partenza),17.40,PINASCA,17.44,DUBBIONE - via Nazionale,17.45,VILLAR PEROSA - via Nazionale,17.50,S. GERMANO CHISONE,17.56,PORTE,17.58,S. MARTINO,18.00,ABBADIA ALPINA,18.06,PONTE LEMINA,18.07,PINEROLO - piazza Cavour,18.10,PINEROLO - Movicentro,18.12,,,,,,,,,,,,,,,,,,,,,,,,,,,,,,,,,,,,,,,,,,,,,,,,,,,,,,,,,,,,
C0068,275/282,12345,FER,A,PINEROLO - Movicentro,18.46,PINEROLO - c.so Torino-MACUMBA,18.50,RIVA di Pinerolo,18.56,Bivio BOTTEGHE,19.01,AIRASCA,19.04,NONE Bivio,19.09,CANDIOLO IRCCS-Centro Ricerche,19.14,STUPINIGI - Palazzina di Caccia,19.24,TORINO - Porta Nuova,19.52,TORINO - Porta Susa,19.57,,,,,,,,,,,,,,,,,,,,,,,,,,,,,,,,,,,,,,,,,,,,,,,,,,,,,,,,,,,,,,
C0069,275/282,6,FER,A,PEROSA ARG.-pzza Terzo Alpini (Partenza),18.10,PINASCA,18.14,DUBBIONE - via Nazionale,18.15,VILLAR PEROSA - via Nazionale,18.20,S. GERMANO CHISONE,18.26,PORTE,18.28,S. MARTINO,18.30,ABBADIA ALPINA,18.36,PONTE LEMINA,18.37,PINEROLO - piazza Cavour,18.40,PINEROLO - Movicentro,18:42,,,,,,,,,,,,,,,,,,,,,,,,,,,,,,,,,,,,,,,,,,,,,,,,,,,,,,,,,,,,
C0070,275/282,123456,FER,,OULX - Stazione FS,16.45,OULX - Liceo,16.46,OULX - p.zza Garambois,16.48,CESANA TORINESE,17.05,SESTRIERE,17.30,PRAGELATO,17.50,FENESTRELLE - via Nazionale,18.10,PEROSA ARG.-pzza Terzo Alpini (Arrivo),18.40,PEROSA ARG.-pzza Terzo Alpini (Partenza),18.40,PINASCA,18.44,DUBBIONE - via Nazionale,18.45,VILLAR PEROSA - via Nazionale,18.50,S. GERMANO CHISONE,18.56,PORTE,18.58,S. MARTINO,19.00,ABBADIA ALPINA,19.06,PONTE LEMINA,19.07,PINEROLO - piazza Cavour,19.10,PINEROLO - Movicentro,19.16,PINEROLO - c.so Torino-MACUMBA,19.20,RIVA di Pinerolo,19.26,AIRASCA,D,NONE Bivio,I,CANDIOLO IRCCS-Centro Ricerche,R,TORINO - Porta Nuova,20.14,TORINO - Porta Susa,20.19,,,,,,,,,,,,,,,,,,,,,,,,,,,,,,
C0071,275/282,78,FEST,#,OULX - Stazione FS,17.15,OULX - Liceo,17.16,OULX - p.zza Garambois,17.18,CESANA TORINESE,17.35,SESTRIERE,18.00,,,,,,,,,,,,,,,,,,,,,,,,,,,,,,,,,,,,,,,,,,,,,,,,,,,,,,,,,,,,,,,,,,,,,,,,
C0072,275/282,78,FEST,J,SESTRIERE,18.00,PRAGELATO,18.20,FENESTRELLE - via Nazionale,18.40,PEROSA ARG.-pzza Terzo Alpini (Arrivo),19.10,PEROSA ARG.-pzza Terzo Alpini (Partenza),19.10,PINASCA,19.14,DUBBIONE - via Nazionale,19.15,VILLAR PEROSA - via Nazionale,19.20,S. GERMANO CHISONE,19.26,PORTE,19.28,S. MARTINO,19.30,ABBADIA ALPINA,19.36,PONTE LEMINA,19.37,PINEROLO - piazza Cavour,19.40,PINEROLO - Movicentro,19.46,PINEROLO - c.so Torino-MACUMBA,19.50,RIVA di Pinerolo,19.56,AIRASCA,D,NONE Bivio,I,CANDIOLO IRCCS-Centro Ricerche,R,TORINO - Porta Nuova,20.44,TORINO - Porta Susa,20.49,,,,,,,,,,,,,,,,,,,,,,,,,,,,,,,,,,,,,,
C0073,275/282,12345,FER,A,PEROSA ARG.-pzza Terzo Alpini (Partenza),19.40,PINASCA,19.44,DUBBIONE - via Nazionale,19.45,VILLAR PEROSA - via Nazionale,19.50,S. GERMANO CHISONE,19.56,PORTE,19.58,S. MARTINO,20.00,ABBADIA ALPINA,20.06,PONTE LEMINA,20.07,PINEROLO - piazza Cavour,20.10,PINEROLO - Movicentro,20.16,PINEROLO - c.so Torino-MACUMBA,20.20,RIVA di Pinerolo,20.26,AIRASCA,D,NONE Bivio,I,CANDIOLO IRCCS-Centro Ricerche,R,TORINO - Porta Nuova,21.14,TORINO - Porta Susa,21.19,,,,,,,,,,,,,,,,,,,,,,,,,,,,,,,,,,,,,,,,,,,,,,
C0074,275/282,12345,FER,A,PEROSA ARG.-pzza Terzo Alpini (Partenza),20.10,PINASCA,20.14,DUBBIONE - via Nazionale,20.15,VILLAR PEROSA - via Nazionale,20.20,S. GERMANO CHISONE,20.26,PORTE,20.28,S. MARTINO,20.30,ABBADIA ALPINA,20.36,PONTE LEMINA,20.37,PINEROLO - piazza Cavour,20.40,PINEROLO - Movicentro,20.46,PINEROLO - c.so Torino-MACUMBA,20.50,RIVA di Pinerolo,20.56,Bivio BOTTEGHE,21.01,AIRASCA,21.04,NONE Bivio,21.09,CANDIOLO IRCCS-Centro Ricerche,21.14,STUPINIGI - Palazzina di Caccia,21.24,TORINO - Porta Nuova,21.52,TORINO - Porta Susa,21.57,,,,,,,,,,,,,,,,,,,,,,,,,,,,,,,,,,,,,,,,,,
C0075,275/282,123456,FER,,OULX - Stazione FS,18.45,OULX - Liceo,18.46,OULX - p.zza Garambois,18.48,CESANA TORINESE,19.05,SESTRIERE,19.30,PRAGELATO,19.50,FENESTRELLE - via Nazionale,20.10,PEROSA ARG.-pzza Terzo Alpini (Arrivo),20.40,PEROSA ARG.-pzza Terzo Alpini (Partenza),20.40,PINASCA,20.44,DUBBIONE - via Nazionale,20.45,VILLAR PEROSA - via Nazionale,20.50,S. GERMANO CHISONE,20.56,PORTE,20.58,S. MARTINO,21.00,ABBADIA ALPINA,21.06,PONTE LEMINA,21.07,PINEROLO - piazza Cavour,21.10,PINEROLO - Movicentro,21:12,,,,,,,,,,,,,,,,,,,,,,,,,,,,,,,,,,,,,,,,,,,,
C0076,275/282,123456,FER,#,PINEROLO - Movicentro,21.16,PINEROLO - c.so Torino-MACUMBA,21.20,RIVA di Pinerolo,21.26,AIRASCA,D,NONE Bivio,I,CANDIOLO IRCCS-Centro Ricerche,R,TORINO - Porta Nuova,22.14,TORINO - Porta Susa,22.19,,,,,,,,,,,,,,,,,,,,,,,,,,,,,,,,,,,,,,,,,,,,,,,,,,,,,,,,,,,,,,,,,,
C0077,275/282,78,FEST,J,OULX - Stazione FS,19.15,OULX - Liceo,19.16,OULX - p.zza Garambois,19.18,CESANA TORINESE,19.35,SESTRIERE,20.00,PRAGELATO,20.20,FENESTRELLE - via Nazionale,20.40,PEROSA ARG.-pzza Terzo Alpini (Arrivo),21.10,PEROSA ARG.-pzza Terzo Alpini (Partenza),21.10,PINASCA,21.14,DUBBIONE - via Nazionale,21.15,VILLAR PEROSA - via Nazionale,21.20,S. GERMANO CHISONE,21.26,PORTE,21.28,S. MARTINO,21.30,ABBADIA ALPINA,21.36,PONTE LEMINA,21.37,PINEROLO - piazza Cavour,21.40,PINEROLO - Movicentro,21.46,PINEROLO - c.so Torino-MACUMBA,21.50,RIVA di Pinerolo,21.56,AIRASCA,D,NONE Bivio,I,CANDIOLO IRCCS-Centro Ricerche,R,TORINO - Porta Nuova,22.44,TORINO - Porta Susa,22.49,,,,,,,,,,,,,,,,,,,,,,,,,,,,,,
C0078,275/282,12345,FER,A,PEROSA ARG.-pzza Terzo Alpini (Partenza),21.10,PINASCA,21.14,DUBBIONE - via Nazionale,21.15,VILLAR PEROSA - via Nazionale,21.20,S. GERMANO CHISONE,21.26,PORTE,21.28,S. MARTINO,21.30,ABBADIA ALPINA,21.36,PONTE LEMINA,21.37,PINEROLO - piazza Cavour,21.40,PINEROLO - Movicentro,21.46,PINEROLO - c.so Torino-MACUMBA,21.50,RIVA di Pinerolo,21.56,Bivio BOTTEGHE,22.01,AIRASCA,22.04,NONE Bivio,22.09,CANDIOLO IRCCS-Centro Ricerche,22.14,STUPINIGI - Palazzina di Caccia,22.24,TORINO - Porta Nuova,22.52,TORINO - Porta Susa,22.57,,,,,,,,,,,,,,,,,,,,,,,,,,,,,,,,,,,,,,,,,,
C0079,275/282,123456,FER,A,PINEROLO - Movicentro,4:28,PINEROLO - piazza Cavour,4:30,PONTE LEMINA,4:33,ABBADIA ALPINA,4:34,S. MARTINO,4:40,PORTE,4:42,VILLAR PEROSA - via Nazionale,4:50,DUBBIONE - via Nazionale,4:55,PINASCA,4:56,PEROSA ARG.-pzza Terzo Alpini (Arrivo),5:00,PEROSA ARG.-pzza Terzo Alpini (Partenza),5:00,FENESTRELLE - via Nazionale,5:30,PRAGELATO,5:50,SESTRIERE,6:10,,,,,,,,,,,,,,,,,,,,,,,,,,,,,,,,,,,,,,,,,,,,,,,,,,,,,,
C0080,275/282,123456,FER,,PEROSA ARG.-pzza Terzo Alpini (Partenza),5.50,FENESTRELLE - via Nazionale,6.20,PRAGELATO,6.40,SESTRIERE,7.00,CESANA TORINESE,7.25,OULX - p.zza Garambois,7.42,OULX - Liceo,7.44,OULX - Stazione FS,7.45,,,,,,,,,,,,,,,,,,,,,,,,,,,,,,,,,,,,,,,,,,,,,,,,,,,,,,,,,,,,,,,,,,
C0081,275/282,78,FEST,J,PEROSA ARG.-pzza Terzo Alpini (Partenza),6.54,FENESTRELLE - via Nazionale,7.24,PRAGELATO,7.44,SESTRIERE,8.04,CESANA TORINESE,8.29,OULX - p.zza Garambois,8.46,OULX - Liceo,8.48,OULX - Stazione FS,8.49,,,,,,,,,,,,,,,,,,,,,,,,,,,,,,,,,,,,,,,,,,,,,,,,,,,,,,,,,,,,,,,,,,
C0082,275/282,12345,FER,A,PINEROLO - Movicentro,5.48,PINEROLO - piazza Cavour,5.50,PONTE LEMINA,5.53,ABBADIA ALPINA,5.54,S. MARTINO,6.00,PORTE,6.02,VILLAR PEROSA - via Nazionale,6.10,DUBBIONE - via Nazionale,6.15,PINASCA,6.16,PEROSA ARG.-pzza Terzo Alpini (Arrivo),6.20,,,,,,,,,,,,,,,,,,,,,,,,,,,,,,,,,,,,,,,,,,,,,,,,,,,,,,,,,,,,,,
C0083,275/282,12345,FER,A,PINEROLO - Movicentro,6.18,PINEROLO - piazza Cavour,6.20,PONTE LEMINA,6.23,ABBADIA ALPINA,6.24,S. MARTINO,6.30,PORTE,6.32,VILLAR PEROSA - via Nazionale,6.40,DUBBIONE - via Nazionale,6.45,PINASCA,6.46,PEROSA ARG.-pzza Terzo Alpini (Arrivo),6.50,PEROSA ARG.-pzza Terzo Alpini (Partenza),6.50,FENESTRELLE - via Nazionale,7.20,,,,,,,,,,,,,,,,,,,,,,,,,,,,,,,,,,,,,,,,,,,,,,,,,,,,,,,,,,
C0084,275/282,12345,FER,A,PINEROLO - Movicentro,7.18,PINEROLO - piazza Cavour,7.20,PONTE LEMINA,7.23,ABBADIA ALPINA,7.24,S. MARTINO,7.30,PORTE,7.32,VILLAR PEROSA - via Nazionale,7.40,DUBBIONE - via Nazionale,7.45,PINASCA,7.46,PEROSA ARG.-pzza Terzo Alpini (Arrivo),7.50,,,,,,,,,,,,,,,,,,,,,,,,,,,,,,,,,,,,,,,,,,,,,,,,,,,,,,,,,,,,,,
C0085,275/282,123456,FER,,TORINO - Porta Susa,6.41,TORINO - Porta Nuova,6.46,STUPINIGI - Palazzina di Caccia,D,CANDIOLO IRCCS-Centro Ricerche,I,NONE Bivio,R,RIVA di Pinerolo,7.34,PINEROLO - c.so Torino-MACUMBA,7.40,PINEROLO - Movicentro,7.48,PINEROLO - piazza Cavour,7.50,PONTE LEMINA,7.53,ABBADIA ALPINA,7.54,S. MARTINO,8.00,PORTE,8.02,VILLAR PEROSA - via Nazionale,8.10,DUBBIONE - via Nazionale,8.15,PINASCA,8.16,PEROSA ARG.-pzza Terzo Alpini (Arrivo),8.20,PEROSA ARG.-pzza Terzo Alpini (Partenza),8.20,FENESTRELLE - via Nazionale,8.50,PRAGELATO,9.10,SESTRIERE,9.30,CESANA TORINESE,9.55,OULX - p.zza Garambois,10.12,OULX - Liceo,10.14,OULX - Stazione FS,10.15,,,,,,,,,,,,,,,,,,,,,,,,,,,,,,,,
C0086,275/282,12345,FER,I,TORINO - Porta Susa,6.43,TORINO - Porta Nuova,6.48,STUPINIGI - Palazzina di Caccia,7.16,CANDIOLO IRCCS-Centro Ricerche,7.26,NONE Bivio,7.31,AIRASCA,7.36,Bivio BOTTEGHE,7.39,RIVA di Pinerolo,7.44,PINEROLO - c.so Torino-MACUMBA,7.50,PINEROLO - Movicentro,7.58,PINEROLO - piazza Cavour,8.00,,,,,,,,,,,,,,,,,,,,,,,,,,,,,,,,,,,,,,,,,,,,,,,,,,,,,,,,,,,,
C0087,275/282,12345,FER,I,TORINO - Porta Susa,6.53,TORINO - Porta Nuova,6.58,STUPINIGI - Palazzina di Caccia,7.26,CANDIOLO IRCCS-Centro Ricerche,7.36,NONE Bivio,7.41,AIRASCA,7.46,Bivio BOTTEGHE,7.49,RIVA di Pinerolo,7.54,PINEROLO - c.so Torino-MACUMBA,8.00,PINEROLO - Movicentro,8.08,PINEROLO - piazza Cavour,8.10,PONTE LEMINA,8.13,ABBADIA ALPINA,8.14,S. MARTINO,8.20,PORTE,8.22,VILLAR PEROSA - via Nazionale,8.30,DUBBIONE - via Nazionale,8.35,PINASCA,8.36,PEROSA ARG.-pzza Terzo Alpini (Arrivo),8.40,,,,,,,,,,,,,,,,,,,,,,,,,,,,,,,,,,,,,,,,,,,,
C0088,275/282,12345,FER,A,PINEROLO - piazza Cavour,8.10,PONTE LEMINA,8.13,ABBADIA ALPINA,8.14,S. MARTINO,8.20,PORTE,8.22,VILLAR PEROSA - via Nazionale,8.30,DUBBIONE - via Nazionale,8.35,PINASCA,8.36,PEROSA ARG.-pzza Terzo Alpini (Arrivo),8.40,,,,,,,,,,,,,,,,,,,,,,,,,,,,,,,,,,,,,,,,,,,,,,,,,,,,,,,,,,,,,,,,
C0089,275/282,78,FEST,J,TORINO - Porta Susa,7.15,TORINO - Porta Nuova,7.20,STUPINIGI - Palazzina di Caccia,D,CANDIOLO IRCCS-Centro Ricerche,I,NONE Bivio,R,RIVA di Pinerolo,8.08,PINEROLO - c.so Torino-MACUMBA,8.14,PINEROLO - Movicentro,8.22,PINEROLO - piazza Cavour,8.24,PONTE LEMINA,8.27,ABBADIA ALPINA,8.28,S. MARTINO,8.34,PORTE,8.36,VILLAR PEROSA - via Nazionale,8.44,DUBBIONE - via Nazionale,8.49,PINASCA,8.50,PEROSA ARG.-pzza Terzo Alpini (Arrivo),8.54,PEROSA ARG.-pzza Terzo Alpini (Partenza),8.54,FENESTRELLE - via Nazionale,9.24,PRAGELATO,9.44,SESTRIERE,10.04,CESANA TORINESE,10.29,OULX - p.zza Garambois,10.46,OULX - Liceo,10.48,OULX - Stazione FS,10.49,,,,,,,,,,,,,,,,,,,,,,,,,,,,,,,,
C0090,275/282,123456,FER,,TORINO - Porta Susa,7.41,TORINO - Porta Nuova,7.46,STUPINIGI - Palazzina di Caccia,D,CANDIOLO IRCCS-Centro Ricerche,I,NONE Bivio,R,RIVA di Pinerolo,8.34,PINEROLO - c.so Torino-MACUMBA,8.40,PINEROLO - Movicentro,8.48,PINEROLO - piazza Cavour,8.50,PONTE LEMINA,8.53,ABBADIA ALPINA,8.54,S. MARTINO,9.00,PORTE,9.02,VILLAR PEROSA - via Nazionale,9.10,DUBBIONE - via Nazionale,9.15,PINASCA,9.16,PEROSA ARG.-pzza Terzo Alpini (Arrivo),9.20,PEROSA ARG.-pzza Terzo Alpini (Partenza),9.20,FENESTRELLE - via Nazionale,9.50,PRAGELATO,10.10,SESTRIERE,10.30,CESANA TORINESE,10.55,OULX - p.zza Garambois,11.12,OULX - Liceo,11.14,OULX - Stazione FS,11.15,,,,,,,,,,,,,,,,,,,,,,,,,,,,,,,,
C0091,275/282,12345,FER,,TORINO - Porta Susa,8.03,TORINO - Porta Nuova,8.08,STUPINIGI - Palazzina di Caccia,8.36,CANDIOLO IRCCS-Centro Ricerche,8.46,NONE Bivio,8.51,AIRASCA,8.56,Bivio BOTTEGHE,8.59,RIVA di Pinerolo,9.04,PINEROLO - c.so Torino-MACUMBA,9.10,PINEROLO - Movicentro,9.18,PINEROLO - piazza Cavour,9.20,PONTE LEMINA,9.23,ABBADIA ALPINA,9.24,S. MARTINO,9.30,PORTE,9.32,VILLAR PEROSA - via Nazionale,9.40,DUBBIONE - via Nazionale,9.45,PINASCA,9.46,PEROSA ARG.-pzza Terzo Alpini (Arrivo),9.50,,,,,,,,,,,,,,,,,,,,,,,,,,,,,,,,,,,,,,,,,,,,
C0092,275/282,12345,FER,A,TORINO - Porta Susa,8.11,TORINO - Porta Nuova,8.16,STUPINIGI - Palazzina di Caccia,D,CANDIOLO IRCCS-Centro Ricerche,I,NONE Bivio,R,RIVA di Pinerolo,9.04,PINEROLO - c.so Torino-MACUMBA,9.10,PINEROLO - Movicentro,9.18,PINEROLO - piazza Cavour,9.20,,,,,,,,,,,,,,,,,,,,,,,,,,,,,,,,,,,,,,,,,,,,,,,,,,,,,,,,,,,,,,,,
C0093,275/282,12345,FER,A,TORINO - Porta Susa,8.41,TORINO - Porta Nuova,8.46,STUPINIGI - Palazzina di Caccia,D,CANDIOLO IRCCS-Centro Ricerche,I,NONE Bivio,R,RIVA di Pinerolo,9.34,PINEROLO - c.so Torino-MACUMBA,9.40,PINEROLO - Movicentro,9.48,PINEROLO - piazza Cavour,9.50,PONTE LEMINA,9.53,ABBADIA ALPINA,9.54,S. MARTINO,10.00,PORTE,10.02,VILLAR PEROSA - via Nazionale,10.10,DUBBIONE - via Nazionale,10.15,PINASCA,10.16,PEROSA ARG.-pzza Terzo Alpini (Arrivo),10.20,PEROSA ARG.-pzza Terzo Alpini (Partenza),10.20,FENESTRELLE - via Nazionale,10.50,,,,,,,,,,,,,,,,,,,,,,,,,,,,,,,,,,,,,,,,,,,,
C0094,275/282,123456,FER,A,TORINO - Porta Susa,9.03,TORINO - Porta Nuova,9.08,STUPINIGI - Palazzina di Caccia,9.36,CANDIOLO IRCCS-Centro Ricerche,9.46,NONE Bivio,9.51,AIRASCA,9.56,Bivio BOTTEGHE,9.59,RIVA di Pinerolo,10.04,PINEROLO - c.so Torino-MACUMBA,10.10,PINEROLO - Movicentro,10.18,PINEROLO - piazza Cavour,10.20,PONTE LEMINA,10.23,ABBADIA ALPINA,10.24,S. MARTINO,10.30,PORTE,10.32,VILLAR PEROSA - via Nazionale,10.40,DUBBIONE - via Nazionale,10.45,PINASCA,10.46,PEROSA ARG.-pzza Terzo Alpini (Arrivo),10.50,,,,,,,,,,,,,,,,,,,,,,,,,,,,,,,,,,,,,,,,,,,,
C0095,275/282,78,FEST,J,TORINO - Porta Susa,9.15,TORINO - Porta Nuova,9.20,STUPINIGI - Palazzina di Caccia,D,CANDIOLO IRCCS-Centro Ricerche,I,NONE Bivio,R,RIVA di Pinerolo,10.08,PINEROLO - c.so Torino-MACUMBA,10.14,PINEROLO - Movicentro,10.22,PINEROLO - piazza Cavour,10.24,PONTE LEMINA,10.27,ABBADIA ALPINA,10.28,S. MARTINO,10.34,PORTE,10.36,VILLAR PEROSA - via Nazionale,10.44,DUBBIONE - via Nazionale,10.49,PINASCA,10.50,PEROSA ARG.-pzza Terzo Alpini (Arrivo),10.54,PEROSA ARG.-pzza Terzo Alpini (Partenza),10.54,FENESTRELLE - via Nazionale,11.24,PRAGELATO,11.44,SESTRIERE,12.04,,,,,,,,,,,,,,,,,,,,,,,,,,,,,,,,,,,,,,,,
C0096,275/282,78,FEST,#,SESTRIERE,12.04,CESANA TORINESE,12.29,OULX - p.zza Garambois,12.46,OULX - Liceo,12.48,OULX - Stazione FS,12.49,,,,,,,,,,,,,,,,,,,,,,,,,,,,,,,,,,,,,,,,,,,,,,,,,,,,,,,,,,,,,,,,,,,,,,,,
C0097,275/282,12345,FER,A,TORINO - Porta Susa,9.33,TORINO - Porta Nuova,9.38,STUPINIGI - Palazzina di Caccia,10.06,CANDIOLO IRCCS-Centro Ricerche,10.16,NONE Bivio,10.21,AIRASCA,10.26,Bivio BOTTEGHE,10.29,RIVA di Pinerolo,10.34,PINEROLO - c.so Torino-MACUMBA,10.40,PINEROLO - Movicentro,10.44,,,,,,,,,,,,,,,,,,,,,,,,,,,,,,,,,,,,,,,,,,,,,,,,,,,,,,,,,,,,,,
C0098,275/282,123456,FER,,TORINO - Porta Susa,9.41,TORINO - Porta Nuova,9.46,STUPINIGI - Palazzina di Caccia,D,CANDIOLO IRCCS-Centro Ricerche,I,NONE Bivio,R,RIVA di Pinerolo,10.34,PINEROLO - c.so Torino-MACUMBA,10.40,PINEROLO - Movicentro,10.48,PINEROLO - piazza Cavour,10.50,PONTE LEMINA,10.53,ABBADIA ALPINA,10.54,S. MARTINO,11.00,PORTE,11.02,VILLAR PEROSA - via Nazionale,11.10,DUBBIONE - via Nazionale,11.15,PINASCA,11.16,PEROSA ARG.-pzza Terzo Alpini (Arrivo),11.20,PEROSA ARG.-pzza Terzo Alpini (Partenza),11.20,FENESTRELLE - via Nazionale,11.50,PRAGELATO,12.10,SESTRIERE,12.30,CESANA TORINESE,12.55,OULX - p.zza Garambois,13.12,OULX - Liceo,13.14,OULX - Stazione FS,13.15,,,,,,,,,,,,,,,,,,,,,,,,,,,,,,,,
C0099,275/282,12345,FER,#,TORINO - Porta Susa,10.03,TORINO - Porta Nuova,10.08,STUPINIGI - Palazzina di Caccia,10.36,CANDIOLO IRCCS-Centro Ricerche,10.46,NONE Bivio,10.51,AIRASCA,10.56,Bivio BOTTEGHE,10.59,RIVA di Pinerolo,11.04,PINEROLO - c.so Torino-MACUMBA,11.10,PINEROLO - Movicentro,11.14,,,,,,,,,,,,,,,,,,,,,,,,,,,,,,,,,,,,,,,,,,,,,,,,,,,,,,,,,,,,,,
C0100,275/282,12345,FER,A,PINEROLO - Movicentro,11.18,PINEROLO - piazza Cavour,11.20,PONTE LEMINA,11.23,ABBADIA ALPINA,11.24,S. MARTINO,11.30,PORTE,11.32,VILLAR PEROSA - via Nazionale,11.40,DUBBIONE - via Nazionale,11.45,PINASCA,11.46,PEROSA ARG.-pzza Terzo Alpini (Arrivo),11.50,,,,,,,,,,,,,,,,,,,,,,,,,,,,,,,,,,,,,,,,,,,,,,,,,,,,,,,,,,,,,,
C0101,275/282,12345,FER,A,TORINO - Porta Susa,10.41,TORINO - Porta Nuova,10.46,STUPINIGI - Palazzina di Caccia,D,CANDIOLO IRCCS-Centro Ricerche,I,NONE Bivio,R,RIVA di Pinerolo,11.34,PINEROLO - c.so Torino-MACUMBA,11.40,PINEROLO - Movicentro,11.48,PINEROLO - piazza Cavour,11.50,PONTE LEMINA,11.53,ABBADIA ALPINA,11.54,S. MARTINO,12.00,PORTE,12.02,VILLAR PEROSA - via Nazionale,12.10,DUBBIONE - via Nazionale,12.15,PINASCA,12.16,PEROSA ARG.-pzza Terzo Alpini (Arrivo),12.20,PEROSA ARG.-pzza Terzo Alpini (Partenza),12.20,FENESTRELLE - via Nazionale,12.50,,,,,,,,,,,,,,,,,,,,,,,,,,,,,,,,,,,,,,,,,,,,
C0102,275/282,6,FER,A,TORINO - Porta Susa,10.41,TORINO - Porta Nuova,10.46,STUPINIGI - Palazzina di Caccia,D,CANDIOLO IRCCS-Centro Ricerche,I,NONE Bivio,R,RIVA di Pinerolo,11.34,PINEROLO - c.so Torino-MACUMBA,11.40,PINEROLO - Movicentro,11.48,PINEROLO - piazza Cavour,11.50,,,,,,,,,,,,,,,,,,,,,,,,,,,,,,,,,,,,,,,,,,,,,,,,,,,,,,,,,,,,,,,,
C0103,275/282,78,FEST,J,TORINO - Porta Susa,10.41,TORINO - Porta Nuova,10.46,STUPINIGI - Palazzina di Caccia,11.14,CANDIOLO IRCCS-Centro Ricerche,11.24,NONE Bivio,11.29,AIRASCA,11.34,Bivio BOTTEGHE,11.37,RIVA di Pinerolo,11.42,PINEROLO - c.so Torino-MACUMBA,11.48,PINEROLO - Movicentro,11.56,PINEROLO - piazza Cavour,11.58,,,,,,,,,,,,,,,,,,,,,,,,,,,,,,,,,,,,,,,,,,,,,,,,,,,,,,,,,,,,
C0104,275/282,12345,FER,#,TORINO - Porta Susa,11.03,TORINO - Porta Nuova,11.08,STUPINIGI - Palazzina di Caccia,11.36,CANDIOLO IRCCS-Centro Ricerche,11.46,NONE Bivio,11.51,AIRASCA,11.56,Bivio BOTTEGHE,11.59,RIVA di Pinerolo,12.04,PINEROLO - c.so Torino-MACUMBA,12.10,PINEROLO - Movicentro,12.18,PINEROLO - piazza Cavour,12.20,PONTE LEMINA,12.23,ABBADIA ALPINA,12.24,S. MARTINO,12.30,PORTE,12.32,VILLAR PEROSA - via Nazionale,12.40,DUBBIONE - via Nazionale,12.45,PINASCA,12.46,PEROSA ARG.-pzza Terzo Alpini (Arrivo),12.50,,,,,,,,,,,,,,,,,,,,,,,,,,,,,,,,,,,,,,,,,,,,
C0105,275/282,12345,FER,A,PEROSA ARG.-pzza Terzo Alpini (Partenza),12.50,FENESTRELLE - via Nazionale,13.20,,,,,,,,,,,,,,,,,,,,,,,,,,,,,,,,,,,,,,,,,,,,,,,,,,,,,,,,,,,,,,,,,,,,,,,,,,,,,,
C0106,275/282,78,FEST,J,PINEROLO - piazza Cavour,12.24,PONTE LEMINA,12.27,ABBADIA ALPINA,12.28,S. MARTINO,12.34,PORTE,12.36,VILLAR PEROSA - via Nazionale,12.44,DUBBIONE - via Nazionale,12.49,PINASCA,12.50,PEROSA ARG.-pzza Terzo Alpini (Arrivo),12.54,PEROSA ARG.-pzza Terzo Alpini (Partenza),12.54,FENESTRELLE - via Nazionale,13.24,PRAGELATO,13.44,SESTRIERE,14.04,CESANA TORINESE,14.29,OULX - p.zza Garambois,14.46,OULX - Liceo,14.48,OULX - Stazione FS,14.49,,,,,,,,,,,,,,,,,,,,,,,,,,,,,,,,,,,,,,,,,,,,,,,,
C0107,275/282,123456,FER,,TORINO - Porta Susa,11.41,TORINO - Porta Nuova,11.46,STUPINIGI - Palazzina di Caccia,D,CANDIOLO IRCCS-Centro Ricerche,I,NONE Bivio,R,RIVA di Pinerolo,12.34,PINEROLO - c.so Torino-MACUMBA,12.40,PINEROLO - Movicentro,12.48,PINEROLO - piazza Cavour,12.50,PONTE LEMINA,12.53,ABBADIA ALPINA,12.54,S. MARTINO,13.00,PORTE,13.02,VILLAR PEROSA - via Nazionale,13.10,DUBBIONE - via Nazionale,13.15,PINASCA,13.16,PEROSA ARG.-pzza Terzo Alpini (Arrivo),13.20,PEROSA ARG.-pzza Terzo Alpini (Partenza),13.20,FENESTRELLE - via Nazionale,13.50,PRAGELATO,14.10,SESTRIERE,14.30,CESANA TORINESE,14.55,OULX - p.zza Garambois,15.12,OULX - Liceo,15.14,OULX - Stazione FS,15.15,,,,,,,,,,,,,,,,,,,,,,,,,,,,,,,,
C0108,275/282,12345,FER,A,TORINO - Porta Susa,12.03,TORINO - Porta Nuova,12.08,STUPINIGI - Palazzina di Caccia,12.38,CANDIOLO IRCCS-Centro Ricerche,12.46,NONE Bivio,12.51,AIRASCA,12.56,Bivio BOTTEGHE,12.59,RIVA di Pinerolo,13.04,PINEROLO - c.so Torino-MACUMBA,13.10,PINEROLO - Movicentro,13.18,PINEROLO - piazza Cavour,13.20,PONTE LEMINA,13.23,ABBADIA ALPINA,13.24,S. MARTINO,13.30,PORTE,13.32,VILLAR PEROSA - via Nazionale,13.40,DUBBIONE - via Nazionale,13.45,PINASCA,13.46,PEROSA ARG.-pzza Terzo Alpini (Arrivo),13.50,,,,,,,,,,,,,,,,,,,,,,,,,,,,,,,,,,,,,,,,,,,,
C0109,275/282,6,FER,A,TORINO - Porta Susa,12.31,TORINO - Porta Nuova,12.36,STUPINIGI - Palazzina di Caccia,D,CANDIOLO IRCCS-Centro Ricerche,I,NONE Bivio,R,RIVA di Pinerolo,13.24,PINEROLO Centro Studi,13.30,PINEROLO - c.so Torino-MACUMBA,13:29,PINEROLO - Movicentro,13.38,PINEROLO - piazza Cavour,13.40,PONTE LEMINA,13.43,ABBADIA ALPINA,13.44,S. MARTINO,13.50,PORTE,13.52,VILLAR PEROSA - via Nazionale,14.00,DUBBIONE - via Nazionale,14.05,PINASCA,14.06,PEROSA ARG.-pzza Terzo Alpini (Arrivo),14.10,PEROSA ARG.-pzza Terzo Alpini (Partenza),14.10,FENESTRELLE - via Nazionale,14:40,PRAGELATO,15:00,SESTRIERE,15:20,,,,,,,,,,,,,,,,,,,,,,,,,,,,,,,,,,,,,,
C0110,275/282,123456,FER,A,PINEROLO - Movicentro,13.48,PINEROLO - piazza Cavour,13.50,PONTE LEMINA,13.53,ABBADIA ALPINA,13.54,S. MARTINO,14.00,PORTE,14.02,VILLAR PEROSA - via Nazionale,14.10,DUBBIONE - via Nazionale,14.15,PINASCA,14.16,PEROSA ARG.-pzza Terzo Alpini (Arrivo),14.20,,,,,,,,,,,,,,,,,,,,,,,,,,,,,,,,,,,,,,,,,,,,,,,,,,,,,,,,,,,,,,
C0111,275/282,12345,FER,A,TORINO - Porta Susa,12.41,TORINO - Porta Nuova,12.46,STUPINIGI - Palazzina di Caccia,D,CANDIOLO IRCCS-Centro Ricerche,I,NONE Bivio,R,RIVA di Pinerolo,13.34,PINEROLO - c.so Torino-MACUMBA,13.40,PINEROLO - Movicentro,13.48,PINEROLO - piazza Cavour,13.50,PONTE LEMINA,13.53,ABBADIA ALPINA,13.54,S. MARTINO,14.00,PORTE,14.02,VILLAR PEROSA - via Nazionale,14.10,DUBBIONE - via Nazionale,14.15,PINASCA,14.16,PEROSA ARG.-pzza Terzo Alpini (Arrivo),14.20,PEROSA ARG.-pzza Terzo Alpini (Partenza),14.20,FENESTRELLE - via Nazionale,14.50,PRAGELATO,15.10,SESTRIERE,15.30,,,,,,,,,,,,,,,,,,,,,,,,,,,,,,,,,,,,,,,,
C0112,275/282,12345,FER,A,TORINO - Porta Susa,13.03,TORINO - Porta Nuova,13.08,STUPINIGI - Palazzina di Caccia,13.36,CANDIOLO IRCCS-Centro Ricerche,13.46,NONE Bivio,13.51,AIRASCA,13.56,Bivio BOTTEGHE,13.59,RIVA di Pinerolo,14.04,PINEROLO - c.so Torino-MACUMBA,14.10,PINEROLO - Movicentro,14.18,PINEROLO - piazza Cavour,14.20,PONTE LEMINA,14.23,ABBADIA ALPINA,14.24,S. MARTINO,14.30,PORTE,14.32,VILLAR PEROSA - via Nazionale,14.40,DUBBIONE - via Nazionale,14.45,PINASCA,14.46,PEROSA ARG.-pzza Terzo Alpini (Arrivo),14.50,,,,,,,,,,,,,,,,,,,,,,,,,,,,,,,,,,,,,,,,,,,,
C0113,275/282,78,FEST,J,PINEROLO - piazza Cavour,14.24,PONTE LEMINA,14.27,ABBADIA ALPINA,14.28,S. MARTINO,14.34,PORTE,14.36,VILLAR PEROSA - via Nazionale,14.44,DUBBIONE - via Nazionale,14.49,PINASCA,14.50,PEROSA ARG.-pzza Terzo Alpini (Arrivo),14.54,PEROSA ARG.-pzza Terzo Alpini (Partenza),14.54,FENESTRELLE - via Nazionale,15.24,PRAGELATO,15.44,SESTRIERE,16.04,CESANA TORINESE,16.29,OULX - p.zza Garambois,16.46,OULX - Liceo,16.48,OULX - Stazione FS,16.49,,,,,,,,,,,,,,,,,,,,,,,,,,,,,,,,,,,,,,,,,,,,,,,,
C0114,275/282,12345,FER,A,TORINO - Porta Susa,13.33,TORINO - Porta Nuova,13.38,STUPINIGI - Palazzina di Caccia,14.06,CANDIOLO IRCCS-Centro Ricerche,14.16,NONE Bivio,14.21,AIRASCA,14.26,Bivio BOTTEGHE,14.29,RIVA di Pinerolo,14.34,PINEROLO - c.so Torino-MACUMBA,14.40,PINEROLO - Movicentro,14.44,,,,,,,,,,,,,,,,,,,,,,,,,,,,,,,,,,,,,,,,,,,,,,,,,,,,,,,,,,,,,,
C0115,275/282,123456,FER,,TORINO - Porta Susa,13.41,TORINO - Porta Nuova,13.46,STUPINIGI - Palazzina di Caccia,D,CANDIOLO IRCCS-Centro Ricerche,I,NONE Bivio,R,RIVA di Pinerolo,14.34,PINEROLO - c.so Torino-MACUMBA,14.40,PINEROLO - Movicentro,14.48,PINEROLO - piazza Cavour,14.50,PONTE LEMINA,14.53,ABBADIA ALPINA,14.54,S. MARTINO,15.00,PORTE,15.02,VILLAR PEROSA - via Nazionale,15.10,DUBBIONE - via Nazionale,15.15,PINASCA,15.16,PEROSA ARG.-pzza Terzo Alpini (Arrivo),15.20,PEROSA ARG.-pzza Terzo Alpini (Partenza),15.20,FENESTRELLE - via Nazionale,15.50,PRAGELATO,16.10,SESTRIERE,16.30,CESANA TORINESE,16.55,OULX - p.zza Garambois,17.12,OULX - Liceo,17.14,OULX - Stazione FS,17.15,,,,,,,,,,,,,,,,,,,,,,,,,,,,,,,,
C0116,275/282,12345,FER,A,TORINO - Porta Susa,14.03,TORINO - Porta Nuova,14.08,STUPINIGI - Palazzina di Caccia,14.36,CANDIOLO IRCCS-Centro Ricerche,14.46,NONE Bivio,14.51,AIRASCA,14.56,Bivio BOTTEGHE,14.59,RIVA di Pinerolo,15.04,PINEROLO - c.so Torino-MACUMBA,15.10,PINEROLO - Movicentro,15.18,PINEROLO - piazza Cavour,15.20,PONTE LEMINA,15.23,ABBADIA ALPINA,15.24,S. MARTINO,15.30,PORTE,15.32,VILLAR PEROSA - via Nazionale,15.40,DUBBIONE - via Nazionale,15.45,PINASCA,15.46,PEROSA ARG.-pzza Terzo Alpini (Arrivo),15.50,,,,,,,,,,,,,,,,,,,,,,,,,,,,,,,,,,,,,,,,,,,,
C0117,275/282,78,FEST,J,TORINO - Porta Susa,14.03,TORINO - Porta Nuova,14.08,STUPINIGI - Palazzina di Caccia,14.36,CANDIOLO IRCCS-Centro Ricerche,14.46,NONE Bivio,14.51,AIRASCA,14.56,Bivio BOTTEGHE,14.59,RIVA di Pinerolo,15.04,PINEROLO - c.so Torino-MACUMBA,15.10,PINEROLO - Movicentro,15.18,PINEROLO - piazza Cavour,15.20,PONTE LEMINA,15.23,ABBADIA ALPINA,15.24,S. MARTINO,15.30,PORTE,15.32,VILLAR PEROSA - via Nazionale,15.40,DUBBIONE - via Nazionale,15.45,PINASCA,15.46,PEROSA ARG.-pzza Terzo Alpini (Arrivo),15.50,,,,,,,,,,,,,,,,,,,,,,,,,,,,,,,,,,,,,,,,,,,,
C0118,275/282,123456,FER,,TORINO - Porta Susa,14.41,TORINO - Porta Nuova,14.46,STUPINIGI - Palazzina di Caccia,D,CANDIOLO IRCCS-Centro Ricerche,I,NONE Bivio,R,RIVA di Pinerolo,15.34,PINEROLO - c.so Torino-MACUMBA,15.40,PINEROLO - Movicentro,15.48,PINEROLO - piazza Cavour,15.50,PONTE LEMINA,15.53,ABBADIA ALPINA,15.54,S. MARTINO,16.00,PORTE,16.02,VILLAR PEROSA - via Nazionale,16.10,DUBBIONE - via Nazionale,16.15,PINASCA,16.16,PEROSA ARG.-pzza Terzo Alpini (Arrivo),16.20,,,,,,,,,,,,,,,,,,,,,,,,,,,,,,,,,,,,,,,,,,,,,,,,
C0119,275/282,123456,FER,,TORINO - Porta Susa,15.03,TORINO - Porta Nuova,15.08,STUPINIGI - Palazzina di Caccia,15.36,CANDIOLO IRCCS-Centro Ricerche,15.46,NONE Bivio,15.51,AIRASCA,15.56,Bivio BOTTEGHE,15.59,RIVA di Pinerolo,16.04,PINEROLO - c.so Torino-MACUMBA,16.10,PINEROLO - Movicentro,16.18,PINEROLO - piazza Cavour,16.20,,,,,,,,,,,,,,,,,,,,,,,,,,,,,,,,,,,,,,,,,,,,,,,,,,,,,,,,,,,,
C0120,275/282,12345,FER,A,PINEROLO - piazza Cavour,16.20,PONTE LEMINA,16.23,ABBADIA ALPINA,16.24,S. MARTINO,16.30,PORTE,16.32,VILLAR PEROSA - via Nazionale,16.40,,,,,,,,,,,,,,,,,,,,,,,,,,,,,,,,,,,,,,,,,,,,,,,,,,,,,,,,,,,,,,,,,,,,,,
C0121,275/282,12345,FER,A,TORINO - Porta Susa,15.11,TORINO - Porta Nuova,15.16,STUPINIGI - Palazzina di Caccia,D,CANDIOLO IRCCS-Centro Ricerche,I,NONE Bivio,R,RIVA di Pinerolo,16.04,PINEROLO - c.so Torino-MACUMBA,16.10,PINEROLO - Movicentro,16.18,PINEROLO - piazza Cavour,16.20,PONTE LEMINA,16.23,ABBADIA ALPINA,16.24,S. MARTINO,16.30,PORTE,16.32,VILLAR PEROSA - via Nazionale,16.40,DUBBIONE - via Nazionale,16.45,PINASCA,16.46,PEROSA ARG.-pzza Terzo Alpini (Arrivo),16.50,,,,,,,,,,,,,,,,,,,,,,,,,,,,,,,,,,,,,,,,,,,,,,,,
C0122,275/282,78,FEST,J,TORINO - Porta Susa,15.15,TORINO - Porta Nuova,15.20,STUPINIGI - Palazzina di Caccia,D,CANDIOLO IRCCS-Centro Ricerche,I,NONE Bivio,R,RIVA di Pinerolo,16.08,PINEROLO - c.so Torino-MACUMBA,16.14,PINEROLO - Movicentro,16.22,PINEROLO - piazza Cavour,16.24,PONTE LEMINA,16.27,ABBADIA ALPINA,16.28,S. MARTINO,16.34,PORTE,16.36,VILLAR PEROSA - via Nazionale,16.44,DUBBIONE - via Nazionale,16.49,PINASCA,16.50,PEROSA ARG.-pzza Terzo Alpini (Arrivo),16.54,PEROSA ARG.-pzza Terzo Alpini (Partenza),16.54,FENESTRELLE - via Nazionale,17.24,PRAGELATO,17.44,SESTRIERE,18.04,,,,,,,,,,,,,,,,,,,,,,,,,,,,,,,,,,,,,,,,
C0123,275/282,78,FEST,#,SESTRIERE,18.04,CESANA TORINESE,18.29,OULX - p.zza Garambois,18.46,OULX - Liceo,18.48,OULX - Stazione FS,18.49,,,,,,,,,,,,,,,,,,,,,,,,,,,,,,,,,,,,,,,,,,,,,,,,,,,,,,,,,,,,,,,,,,,,,,,,
C0124,275/282,12345,FER,A,TORINO - Porta Susa,15.41,TORINO - Porta Nuova,15.46,STUPINIGI - Palazzina di Caccia,D,CANDIOLO IRCCS-Centro Ricerche,I,NONE Bivio,R,RIVA di Pinerolo,16.34,PINEROLO - c.so Torino-MACUMBA,16.40,PINEROLO - Movicentro,16.48,PINEROLO - piazza Cavour,16.50,PONTE LEMINA,16.53,ABBADIA ALPINA,16.54,S. MARTINO,17.00,PORTE,17.02,VILLAR PEROSA - via Nazionale,17.10,DUBBIONE - via Nazionale,17.15,PINASCA,17.16,PEROSA ARG.-pzza Terzo Alpini (Arrivo),17.20,,,,,,,,,,,,,,,,,,,,,,,,,,,,,,,,,,,,,,,,,,,,,,,,
C0125,275/282,12345,FER,A,TORINO - Porta Susa,16.03,TORINO - Porta Nuova,16.08,TORINO - Piazza Carducci,16.16,STUPINIGI - Palazzina di Caccia,16.36,CANDIOLO IRCCS-Centro Ricerche,16.46,NONE Bivio,16.51,AIRASCA,16.56,Bivio BOTTEGHE,16.59,RIVA di Pinerolo,17.04,PINEROLO - c.so Torino-MACUMBA,17.10,PINEROLO - Movicentro,17.18,PINEROLO - piazza Cavour,17.20,PONTE LEMINA,17.23,ABBADIA ALPINA,17.24,S. MARTINO,17.30,PORTE,17.32,VILLAR PEROSA - via Nazionale,17.40,DUBBIONE - via Nazionale,17.45,PINASCA,17.46,PEROSA ARG.-pzza Terzo Alpini (Arrivo),17.50,,,,,,,,,,,,,,,,,,,,,,,,,,,,,,,,,,,,,,,,,,
C0126,275/282,6,FER,A,TORINO - Porta Susa,16.03,TORINO - Porta Nuova,16.08,TORINO - Piazza Carducci,16.16,STUPINIGI - Palazzina di Caccia,16.36,CANDIOLO IRCCS-Centro Ricerche,16.46,NONE Bivio,16.51,AIRASCA,16.56,Bivio BOTTEGHE,16.59,RIVA di Pinerolo,17.04,PINEROLO - c.so Torino-MACUMBA,17.10,PINEROLO - Movicentro,17.18,PINEROLO - piazza Cavour,17.20,,,,,,,,,,,,,,,,,,,,,,,,,,,,,,,,,,,,,,,,,,,,,,,,,,,,,,,,,,
C0127,275/282,12345,FER,A,TORINO - Porta Susa,16.15,TORINO - Porta Nuova,16.22,STUPINIGI - Palazzina di Caccia,D,CANDIOLO IRCCS-Centro Ricerche,I,NONE Bivio,R,RIVA di Pinerolo,17:10,PINEROLO - c.so Torino-MACUMBA,17:16,PINEROLO - piazza Cavour,17:27,PONTE LEMINA,P,ABBADIA ALPINA,E,S. MARTINO,R,VILLAR PEROSA - via Nazionale,O,DUBBIONE - via Nazionale,R,PINASCA,R,PEROSA ARG.-pzza Terzo Alpini (Arrivo),E,PEROSA ARG.-pzza Terzo Alpini (Partenza),F,FENESTRELLE - via Nazionale,S,,,,,,,,,,,,,,,,,,,,,,,,,,,,,,,,,,,,,,,,,,,,,,,,
C0128,275/282,12345,FER,#,TORINO - Porta Susa,16.33,TORINO - Porta Nuova,16.38,STUPINIGI - Palazzina di Caccia,17.06,CANDIOLO IRCCS-Centro Ricerche,17.16,NONE Bivio,17.21,AIRASCA,17.26,Bivio BOTTEGHE,17.29,RIVA di Pinerolo,17.34,PINEROLO - c.so Torino-MACUMBA,17.40,PINEROLO - Movicentro,17.44,,,,,,,,,,,,,,,,,,,,,,,,,,,,,,,,,,,,,,,,,,,,,,,,,,,,,,,,,,,,,,
C0129,275/282,123456,FER,,TORINO - Porta Susa,16:31,TORINO - Porta Nuova,16:36,STUPINIGI - Palazzina di Caccia,D,CANDIOLO IRCCS-Centro Ricerche,I,NONE Bivio,R,RIVA di Pinerolo,17:35,PINEROLO - c.so Torino-MACUMBA,17:40,PINEROLO - Movicentro,17.48,PINEROLO - piazza Cavour,17.50,PONTE LEMINA,17.53,ABBADIA ALPINA,17.54,S. MARTINO,18.00,PORTE,18.02,VILLAR PEROSA - via Nazionale,18.10,DUBBIONE - via Nazionale,18.15,PINASCA,18.16,PEROSA ARG.-pzza Terzo Alpini (Arrivo),18.20,PEROSA ARG.-pzza Terzo Alpini (Partenza),18.20,FENESTRELLE - via Nazionale,18.50,PRAGELATO,19.10,SESTRIERE,19.30,CESANA TORINESE,19.55,OULX - p.zza Garambois,20.12,OULX - Liceo,20.14,OULX - Stazione FS,20.15,,,,,,,,,,,,,,,,,,,,,,,,,,,,,,,,
C0130,275/282,12345,FER,A,TORINO - Porta Susa,17.03,TORINO - Porta Nuova,17.08,STUPINIGI - Palazzina di Caccia,17.36,CANDIOLO IRCCS-Centro Ricerche,17.46,NONE Bivio,17.51,AIRASCA,17.56,Bivio BOTTEGHE,17.59,RIVA di Pinerolo,18.04,PINEROLO - c.so Torino-MACUMBA,18.10,PINEROLO - Movicentro,18.18,PINEROLO - piazza Cavour,18.20,PONTE LEMINA,18.23,ABBADIA ALPINA,18.24,S. MARTINO,18.30,PORTE,18.32,VILLAR PEROSA - via Nazionale,18.40,DUBBIONE - via Nazionale,18.45,PINASCA,18.46,PEROSA ARG.-pzza Terzo Alpini (Arrivo),18.50,,,,,,,,,,,,,,,,,,,,,,,,,,,,,,,,,,,,,,,,,,,,
C0131,275/282,12345,FER,A,TORINO - Porta Susa,17:15,TORINO - Porta Nuova,17:20,STUPINIGI - Palazzina di Caccia,D,CANDIOLO IRCCS-Centro Ricerche,I,NONE Bivio,R,RIVA di Pinerolo,18:08,PINEROLO - c.so Torino-MACUMBA,18:14,PINEROLO - Movicentro,18:22,PINEROLO - piazza Cavour,18:24,,,,,,,,,,,,,,,,,,,,,,,,,,,,,,,,,,,,,,,,,,,,,,,,,,,,,,,,,,,,,,,,
C0132,275/282,78,FEST,J,TORINO - Porta Susa,17.15,TORINO - Porta Nuova,17.20,STUPINIGI - Palazzina di Caccia,D,CANDIOLO IRCCS-Centro Ricerche,I,NONE Bivio,R,RIVA di Pinerolo,18.08,PINEROLO - c.so Torino-MACUMBA,18.14,PINEROLO - Movicentro,18.22,PINEROLO - piazza Cavour,18.24,PONTE LEMINA,18.27,ABBADIA ALPINA,18.28,S. MARTINO,18.34,PORTE,18.36,VILLAR PEROSA - via Nazionale,18.44,DUBBIONE - via Nazionale,18.49,PINASCA,18.50,PEROSA ARG.-pzza Terzo Alpini (Arrivo),18.54,PEROSA ARG.-pzza Terzo Alpini (Partenza),18.54,FENESTRELLE - via Nazionale,19.24,PRAGELATO,19.44,SESTRIERE,20.04,CESANA TORINESE,20.29,OULX - p.zza Garambois,20.46,OULX - Liceo,20.48,OULX - Stazione FS,20.49,,,,,,,,,,,,,,,,,,,,,,,,,,,,,,,,
C0133,275/282,12345,FER,A,TORINO - Porta Susa,17.33,TORINO - Porta Nuova,17.38,STUPINIGI - Palazzina di Caccia,18.06,CANDIOLO IRCCS-Centro Ricerche,18.16,NONE Bivio,18.21,AIRASCA,18.26,Bivio BOTTEGHE,18.29,RIVA di Pinerolo,18.34,PINEROLO - c.so Torino-MACUMBA,18.40,PINEROLO - Movicentro,18.44,,,,,,,,,,,,,,,,,,,,,,,,,,,,,,,,,,,,,,,,,,,,,,,,,,,,,,,,,,,,,,
C0134,275/282,12345,FER,A,TORINO - Porta Susa,17.30,TORINO - Porta Nuova,17.35,STUPINIGI - Palazzina di Caccia,D,CANDIOLO IRCCS-Centro Ricerche,I,NONE Bivio,R,ABBADIA ALPINA,18:34,S. MARTINO,18:37,PORTE,18.38,VILLAR PEROSA - via Nazionale,18.46,DUBBIONE - via Nazionale,18.51,PINASCA,18.52,PEROSA ARG.-pzza Terzo Alpini (Arrivo),18.56,,,,,,,,,,,,,,,,,,,,,,,,,,,,,,,,,,,,,,,,,,,,,,,,,,,,,,,,,,
C0135,275/282,12345,FER,#,TORINO - Porta Susa,17.41,TORINO - Porta Nuova,17.46,STUPINIGI - Palazzina di Caccia,D,CANDIOLO IRCCS-Centro Ricerche,I,NONE Bivio,R,RIVA di Pinerolo,18.34,PINEROLO - c.so Torino-MACUMBA,18.40,PINEROLO - Movicentro,18.48,PINEROLO - piazza Cavour,18.50,PONTE LEMINA,18.53,ABBADIA ALPINA,18.54,S. MARTINO,19.00,PORTE,19.02,VILLAR PEROSA - via Nazionale,19.10,DUBBIONE - via Nazionale,19.15,PINASCA,19.16,PEROSA ARG.-pzza Terzo Alpini (Arrivo),19.20,,,,,,,,,,,,,,,,,,,,,,,,,,,,,,,,,,,,,,,,,,,,,,,,
C0136,275/282,12345,FER,A,PEROSA ARG.-pzza Terzo Alpini (Partenza),19.20,FENESTRELLE - via Nazionale,19.50,,,,,,,,,,,,,,,,,,,,,,,,,,,,,,,,,,,,,,,,,,,,,,,,,,,,,,,,,,,,,,,,,,,,,,,,,,,,,,
C0137,275/282,12345,FER,F,TORINO - Porta Susa,17.41,TORINO - Porta Nuova,17.46,TORINO - Piazza Carducci,17.54,STUPINIGI - Palazzina di Caccia,18.14,CANDIOLO IRCCS-Centro Ricerche,18.24,NONE Bivio,18.29,AIRASCA,18.34,Bivio BOTTEGHE,18.37,RIVA di Pinerolo,18.42,PINEROLO - c.so Torino-MACUMBA,18.48,PINEROLO - Movicentro,18.56,PINEROLO - piazza Cavour,18.58,PONTE LEMINA,19.01,ABBADIA ALPINA,19.02,S. MARTINO,19.08,PORTE,19.10,VILLAR PEROSA - via Nazionale,19.18,DUBBIONE - via Nazionale,19.23,PINASCA,19.24,PEROSA ARG.-pzza Terzo Alpini (Arrivo),19.28,PEROSA ARG.-pzza Terzo Alpini (Partenza),19.28,FENESTRELLE - via Nazionale,19.58,,,,,,,,,,,,,,,,,,,,,,,,,,,,,,,,,,,,,,
C0138,275/282,12345,FER,A,TORINO - Porta Susa,18.03,TORINO - Porta Nuova,18.08,STUPINIGI - Palazzina di Caccia,18.36,CANDIOLO IRCCS-Centro Ricerche,18.46,NONE Bivio,18.51,AIRASCA,18.56,Bivio BOTTEGHE,18.59,RIVA di Pinerolo,19.04,PINEROLO - c.so Torino-MACUMBA,19.10,PINEROLO - Movicentro,19.18,PINEROLO - piazza Cavour,19.20,PONTE LEMINA,19.23,ABBADIA ALPINA,19.24,S. MARTINO,19.30,PORTE,19.32,VILLAR PEROSA - via Nazionale,19.40,DUBBIONE - via Nazionale,19.45,PINASCA,19.46,PEROSA ARG.-pzza Terzo Alpini (Arrivo),19.50,,,,,,,,,,,,,,,,,,,,,,,,,,,,,,,,,,,,,,,,,,,,
C0139,275/282,12345,FER,A,TORINO - Porta Susa,18.33,TORINO - Porta Nuova,18.38,STUPINIGI - Palazzina di Caccia,19.06,CANDIOLO IRCCS-Centro Ricerche,19.16,NONE Bivio,19.21,AIRASCA,19.26,Bivio BOTTEGHE,19.29,RIVA di Pinerolo,19.34,PINEROLO - c.so Torino-MACUMBA,19.40,PINEROLO - Movicentro,19.44,,,,,,,,,,,,,,,,,,,,,,,,,,,,,,,,,,,,,,,,,,,,,,,,,,,,,,,,,,,,,,
C0140,275/282,123456,FER,,TORINO - Porta Susa,18.41,TORINO - Porta Nuova,18.46,STUPINIGI - Palazzina di Caccia,D,CANDIOLO IRCCS-Centro Ricerche,I,NONE Bivio,R,RIVA di Pinerolo,19.34,PINEROLO - c.so Torino-MACUMBA,19.40,PINEROLO - Movicentro,19.48,PINEROLO - piazza Cavour,19.50,PONTE LEMINA,19.53,ABBADIA ALPINA,19.54,S. MARTINO,20.00,PORTE,20.02,VILLAR PEROSA - via Nazionale,20.10,DUBBIONE - via Nazionale,20.15,PINASCA,20.16,PEROSA ARG.-pzza Terzo Alpini (Arrivo),20.20,,,,,,,,,,,,,,,,,,,,,,,,,,,,,,,,,,,,,,,,,,,,,,,,
C0141,275/282,6,FER,A,TORINO - Porta Susa,18.48,TORINO - Porta Nuova,18.53,STUPINIGI - Palazzina di Caccia,19.21,CANDIOLO IRCCS-Centro Ricerche,19.31,NONE Bivio,19.36,AIRASCA,19.41,Bivio BOTTEGHE,19.44,RIVA di Pinerolo,19.49,PINEROLO - c.so Torino-MACUMBA,19.55,PINEROLO - Movicentro,19.59,,,,,,,,,,,,,,,,,,,,,,,,,,,,,,,,,,,,,,,,,,,,,,,,,,,,,,,,,,,,,,
C0142,275/282,12345,FER,#,TORINO - Porta Susa,19.03,TORINO - Porta Nuova,19.08,STUPINIGI - Palazzina di Caccia,19.36,CANDIOLO IRCCS-Centro Ricerche,19.46,NONE Bivio,19.51,AIRASCA,19.56,Bivio BOTTEGHE,19.59,RIVA di Pinerolo,20.04,PINEROLO - c.so Torino-MACUMBA,20.10,PINEROLO - Movicentro,20.14,,,,,,,,,,,,,,,,,,,,,,,,,,,,,,,,,,,,,,,,,,,,,,,,,,,,,,,,,,,,,,
C0143,275/282,12345,FER,A,PINEROLO - Movicentro,20.18,PINEROLO - piazza Cavour,20.20,PONTE LEMINA,20.23,ABBADIA ALPINA,20.24,S. MARTINO,20.30,PORTE,20.32,VILLAR PEROSA - via Nazionale,20.40,DUBBIONE - via Nazionale,20.45,PINASCA,20.46,PEROSA ARG.-pzza Terzo Alpini (Arrivo),20.50,,,,,,,,,,,,,,,,,,,,,,,,,,,,,,,,,,,,,,,,,,,,,,,,,,,,,,,,,,,,,,
C0144,275/282,78,FEST,J,TORINO - Porta Susa,19.03,TORINO - Porta Nuova,19.08,STUPINIGI - Palazzina di Caccia,19.36,CANDIOLO IRCCS-Centro Ricerche,19.46,NONE Bivio,19.51,AIRASCA,19.56,Bivio BOTTEGHE,19.59,RIVA di Pinerolo,20.04,PINEROLO - c.so Torino-MACUMBA,20.10,PINEROLO - Movicentro,20.18,PINEROLO - piazza Cavour,20.20,PONTE LEMINA,20.23,ABBADIA ALPINA,20.24,S. MARTINO,20.30,PORTE,20.32,VILLAR PEROSA - via Nazionale,20.40,DUBBIONE - via Nazionale,20.45,PINASCA,20.46,PEROSA ARG.-pzza Terzo Alpini (Arrivo),20.50,,,,,,,,,,,,,,,,,,,,,,,,,,,,,,,,,,,,,,,,,,,,
C0145,275/282,12345,FER,A,TORINO - Porta Susa,19.18,TORINO - Porta Nuova,19.23,TORINO - Piazza Carducci,19.32,STUPINIGI - Palazzina di Caccia,19.51,CANDIOLO IRCCS-Centro Ricerche,20.01,NONE Bivio,20.06,AIRASCA,20.11,Bivio BOTTEGHE,20.14,RIVA di Pinerolo,20.19,PINEROLO - c.so Torino-MACUMBA,20.25,PINEROLO - Movicentro,20.33,PINEROLO - piazza Cavour,20.35,PONTE LEMINA,20.38,ABBADIA ALPINA,20.39,S. MARTINO,20.45,PORTE,20.47,VILLAR PEROSA - via Nazionale,20.55,DUBBIONE - via Nazionale,21.00,PINASCA,21.01,PEROSA ARG.-pzza Terzo Alpini (Arrivo),21.05,,,,,,,,,,,,,,,,,,,,,,,,,,,,,,,,,,,,,,,,,,
C0146,275/282,12345,FER,A,TORINO - Porta Susa,19.41,TORINO - Porta Nuova,19.46,STUPINIGI - Palazzina di Caccia,D,CANDIOLO IRCCS-Centro Ricerche,I,NONE Bivio,R,RIVA di Pinerolo,20.34,PINEROLO - c.so Torino-MACUMBA,20.40,PINEROLO - Movicentro,20.48,PINEROLO - piazza Cavour,20.50,PONTE LEMINA,20.53,ABBADIA ALPINA,20.54,S. MARTINO,21.00,PORTE,21.02,VILLAR PEROSA - via Nazionale,21.10,DUBBIONE - via Nazionale,21.15,PINASCA,21.16,PEROSA ARG.-pzza Terzo Alpini (Arrivo),21.20,,,,,,,,,,,,,,,,,,,,,,,,,,,,,,,,,,,,,,,,,,,,,,,,
C0147,275/282,12345,FER,A,TORINO - Porta Susa,20.03,TORINO - Porta Nuova,20.08,STUPINIGI - Palazzina di Caccia,20.36,CANDIOLO IRCCS-Centro Ricerche,20.46,NONE Bivio,20.51,AIRASCA,20.56,Bivio BOTTEGHE,20.59,RIVA di Pinerolo,21.04,PINEROLO - c.so Torino-MACUMBA,21.10,PINEROLO - Movicentro,21.18,PINEROLO - piazza Cavour,21.20,PONTE LEMINA,21.23,ABBADIA ALPINA,21.24,S. MARTINO,21.30,PORTE,21.32,VILLAR PEROSA - via Nazionale,21.40,DUBBIONE - via Nazionale,21.45,PINASCA,21.46,PEROSA ARG.-pzza Terzo Alpini (Arrivo),21.50,,,,,,,,,,,,,,,,,,,,,,,,,,,,,,,,,,,,,,,,,,,,
C0148,275/282,12345,FER,A,TORINO - Porta Susa,21.03,TORINO - Porta Nuova,21.08,STUPINIGI - Palazzina di Caccia,D,CANDIOLO IRCCS-Centro Ricerche,I,NONE Bivio,R,RIVA di Pinerolo,21.56,PINEROLO - c.so Torino-MACUMBA,22.02,PINEROLO - Movicentro,22.10,PINEROLO - piazza Cavour,22.12,PONTE LEMINA,22.15,ABBADIA ALPINA,22.16,S. MARTINO,22.22,PORTE,22.24,VILLAR PEROSA - via Nazionale,22.32,DUBBIONE - via Nazionale,22.37,PINASCA,22.38,PEROSA ARG.-pzza Terzo Alpini (Arrivo),22.42,,,,,,,,,,,,,,,,,,,,,,,,,,,,,,,,,,,,,,,,,,,,,,,,
C0149,275/282,6,FER,A,TORINO - Porta Susa,20.41,TORINO - Porta Nuova,20.46,STUPINIGI - Palazzina di Caccia,D,CANDIOLO IRCCS-Centro Ricerche,I,NONE Bivio,R,RIVA di Pinerolo,21.34,PINEROLO - c.so Torino-MACUMBA,21.40,PINEROLO - Movicentro,21.48,PINEROLO - piazza Cavour,21.50,,,,,,,,,,,,,,,,,,,,,,,,,,,,,,,,,,,,,,,,,,,,,,,,,,,,,,,,,,,,,,,,
C0150,275/282,12345,FER,A,TORINO - Porta Susa,21.41,TORINO - Porta Nuova,21.46,STUPINIGI - Palazzina di Caccia,22.14,CANDIOLO IRCCS-Centro Ricerche,22.24,NONE Bivio,22.29,AIRASCA,22.34,Bivio BOTTEGHE,22.37,RIVA di Pinerolo,22.42,PINEROLO - c.so Torino-MACUMBA,22.48,PINEROLO - Movicentro,22.52,,,,,,,,,,,,,,,,,,,,,,,,,,,,,,,,,,,,,,,,,,,,,,,,,,,,,,,,,,,,,,
C0151,275/282,12345,FER,A,TORINO - Porta Susa,22.03,TORINO - Porta Nuova,22.08,STUPINIGI - Palazzina di Caccia,22.36,CANDIOLO IRCCS-Centro Ricerche,22.46,NONE Bivio,22.51,AIRASCA,22.56,Bivio BOTTEGHE,22.59,RIVA di Pinerolo,23.04,PINEROLO - c.so Torino-MACUMBA,23.10,PINEROLO - Movicentro,23.18,PINEROLO - piazza Cavour,23.20,PONTE LEMINA,23.23,ABBADIA ALPINA,23.24,S. MARTINO,23.30,PORTE,23.32,VILLAR PEROSA - via Nazionale,23.40,DUBBIONE - via Nazionale,23.45,PINASCA,23.46,PEROSA ARG.-pzza Terzo Alpini (Arrivo),23.50,,,,,,,,,,,,,,,,,,,,,,,,,,,,,,,,,,,,,,,,,,,,
C0152,275/282,,GG,#,TORINO - Porta Susa,23.03,TORINO - Porta Nuova,23.08,STUPINIGI - Palazzina di Caccia,23.36,CANDIOLO IRCCS-Centro Ricerche,23.46,NONE Bivio,23.51,AIRASCA,23.56,Bivio BOTTEGHE,23.59,RIVA di Pinerolo,00.04,PINEROLO - c.so Torino-MACUMBA,00.10,PINEROLO - Movicentro,00.18,PINEROLO - piazza Cavour,00.20,PONTE LEMINA,00.23,ABBADIA ALPINA,00.24,S. MARTINO,00.30,PORTE,00.32,VILLAR PEROSA - via Nazionale,00.40,DUBBIONE - via Nazionale,00.45,PINASCA,00.46,PEROSA ARG.-pzza Terzo Alpini (Arrivo),00.50,,,,,,,,,,,,,,,,,,,,,,,,,,,,,,,,,,,,,,,,,,,,
C0153,275/282,12345,FER,A,PEROSA ARG.-pzza Terzo Alpini (Partenza),4.20,PINASCA,4.24,DUBBIONE - via Nazionale,4.25,VILLAR PEROSA - via Nazionale,4.30,S. GERMANO CHISONE,4.36,PORTE,4.38,S. MARTINO,4.39,ABBADIA ALPINA,4.41,PONTE LEMINA,4.42,PINEROLO - piazza Cavour,4.45,PINEROLO - Movicentro,4.52,PINEROLO - c.so Torino-MACUMBA,4.56,RIVA di Pinerolo,5.02,Bivio BOTTEGHE,5.07,AIRASCA,5.10,NONE Bivio,5.15,STUPINIGI - Palazzina di Caccia,5.25,TORINO - Porta Nuova,5.46,TORINO - Porta Susa,5.51,,,,,,,,,,,,,,,,,,,,,,,,,,,,,,,,,,,,,,,,,,,,
C0154,275/282,12345,FER,A,PINEROLO - piazza Cavour,5.10,PINEROLO - Movicentro,5.16,PINEROLO - c.so Torino-MACUMBA,5.20,RIVA di Pinerolo,5.26,AIRASCA,D,NONE Bivio,I,CANDIOLO IRCCS-Centro Ricerche,R,TORINO - Porta Nuova,6.14,TORINO - Porta Susa,6.19,,,,,,,,,,,,,,,,,,,,,,,,,,,,,,,,,,,,,,,,,,,,,,,,,,,,,,,,,,,,,,,,
C0155,275/282,12345,FER,A,PEROSA ARG.-pzza Terzo Alpini (Partenza),4.50,PINASCA,4.54,DUBBIONE - via Nazionale,4.55,VILLAR PEROSA - via Nazionale,5.00,S. GERMANO CHISONE,5.06,PORTE,5.08,S. MARTINO,5.10,ABBADIA ALPINA,5.16,PONTE LEMINA,5.17,PINEROLO - piazza Cavour,5.20,PINEROLO - Movicentro,5.26,PINEROLO - c.so Torino-MACUMBA,5.30,RIVA di Pinerolo,5:36,Bivio BOTTEGHE,5:41,AIRASCA,5:44,NONE Bivio,5:49,CANDIOLO IRCCS-Centro Ricerche,5:54,STUPINIGI - Palazzina di Caccia,6:04,TORINO - Porta Nuova,6:32,TORINO - Porta Susa,6:37,,,,,,,,,,,,,,,,,,,,,,,,,,,,,,,,,,,,,,,,,,
C0156,275/282,12345,FER,A,PEROSA ARG.-pzza Terzo Alpini (Partenza),5.40,PINASCA,5.44,DUBBIONE - via Nazionale,5.45,VILLAR PEROSA - via Nazionale,5.50,S. GERMANO CHISONE,5.56,PORTE,5.58,S. MARTINO,6.00,ABBADIA ALPINA,6.06,PONTE LEMINA,6.07,PINEROLO - piazza Cavour,6.10,PINEROLO - Movicentro,6.16,PINEROLO - c.so Torino-MACUMBA,6.20,RIVA di Pinerolo,6.26,AIRASCA,D,NONE Bivio,I,CANDIOLO IRCCS-Centro Ricerche,R,TORINO - Porta Nuova,7.14,TORINO - Porta Susa,7.19,,,,,,,,,,,,,,,,,,,,,,,,,,,,,,,,,,,,,,,,,,,,,,
C0157,275/282,12345,FER,F,PEROSA ARG.-pzza Terzo Alpini (Partenza),5.50,PINASCA,5.54,DUBBIONE - via Nazionale,5.55,VILLAR PEROSA - via Nazionale,6.00,S. GERMANO CHISONE,6.06,PORTE,6.08,S. MARTINO,6.10,ABBADIA ALPINA,6.16,PONTE LEMINA,6.17,PINEROLO - piazza Cavour,6.20,PINEROLO - Movicentro,6.26,PINEROLO - c.so Torino-MACUMBA,6.30,RIVA di Pinerolo,6.36,Bivio BOTTEGHE,6.41,AIRASCA,6.44,NONE Bivio,6.49,CANDIOLO IRCCS-Centro Ricerche,6.54,STUPINIGI - Palazzina di Caccia,7.04,TORINO - Porta Nuova,7.32,TORINO - Porta Susa,7.37,,,,,,,,,,,,,,,,,,,,,,,,,,,,,,,,,,,,,,,,,,
C0158,275/282,123456,FER,A,PEROSA ARG.-pzza Terzo Alpini (Partenza),5.50,PINASCA,5.54,DUBBIONE - via Nazionale,5.55,VILLAR PEROSA - via Nazionale,6.00,S. GERMANO CHISONE,6.06,PORTE,6.08,S. MARTINO,6.10,ABBADIA ALPINA,6.16,PONTE LEMINA,6.17,PINEROLO - piazza Cavour,6.20,PINEROLO - Movicentro,6.26,PINEROLO - c.so Torino-MACUMBA,6.30,RIVA di Pinerolo,6.36,Bivio BOTTEGHE,6.41,AIRASCA,6.44,NONE Bivio,6.49,CANDIOLO IRCCS-Centro Ricerche,6.54,STUPINIGI - Palazzina di Caccia,7.04,TORINO - Porta Nuova,7.32,TORINO - Porta Susa,7.37,,,,,,,,,,,,,,,,,,,,,,,,,,,,,,,,,,,,,,,,,,
C0159,275/282,12345,FER,A,PEROSA ARG.-pzza Terzo Alpini (Partenza),6.00,PINASCA,6.04,DUBBIONE - via Nazionale,6.05,VILLAR PEROSA - via Nazionale,6.10,S. GERMANO CHISONE,6.16,PORTE,6.18,S. MARTINO,6.20,ABBADIA ALPINA,6.26,PONTE LEMINA,6.27,PINEROLO - piazza Cavour,6.30,PINEROLO - Movicentro,6.36,PINEROLO - c.so Torino-MACUMBA,6.40,RIVA di Pinerolo,6.46,Bivio BOTTEGHE,6.51,AIRASCA,6.54,NONE Bivio,6.59,CANDIOLO IRCCS-Centro Ricerche,7.04,STUPINIGI - Palazzina di Caccia,7.14,TORINO - Piazza Carducci,7.34,TORINO - Porta Nuova,7.42,TORINO - Porta Susa,7.47,,,,,,,,,,,,,,,,,,,,,,,,,,,,,,,,,,,,,,,,
C0160,275/282,12345,FER,A,OULX - Liceo,D,OULX - p.zza Garambois,A,SESTRIERE,T,PRAGELATO,O,FENESTRELLE - via Nazionale,R,PEROSA ARG.-pzza Terzo Alpini (Partenza),R,PINASCA,E,VILLAR PEROSA - via Nazionale,F,S. GERMANO CHISONE,S,PINEROLO - piazza Cavour,6.40,PINEROLO - Movicentro,6:43,PINEROLO - c.so Torino-MACUMBA,6.50,RIVA di Pinerolo,6.56,AIRASCA,D,NONE Bivio,I,CANDIOLO IRCCS-Centro Ricerche,R,TORINO - Porta Nuova,7.45,TORINO - Porta Susa,7.50,,,,,,,,,,,,,,,,,,,,,,,,,,,,,,,,,,,,,,,,,,,,,,
C0161,275/282,12345,FER,A,PINEROLO - Movicentro,7.06,PINEROLO - c.so Torino-MACUMBA,7.10,RIVA di Pinerolo,7.16,AIRASCA,D,NONE Bivio,I,CANDIOLO IRCCS-Centro Ricerche,R,TORINO - Porta Nuova,8.04,TORINO - Porta Susa,8.09,,,,,,,,,,,,,,,,,,,,,,,,,,,,,,,,,,,,,,,,,,,,,,,,,,,,,,,,,,,,,,,,,,
C0162,275/282,12345,FER,A,PEROSA ARG.-pzza Terzo Alpini (Partenza),6.20,PINASCA,6.24,DUBBIONE - via Nazionale,6.25,VILLAR PEROSA - via Nazionale,6.30,S. GERMANO CHISONE,6.36,PORTE,6.38,S. MARTINO,6.40,ABBADIA ALPINA,6.43,AIRASCA,D,NONE Bivio,I,CANDIOLO IRCCS-Centro Ricerche,R,TORINO - Porta Nuova,7.43,TORINO - Porta Susa,7.48,,,,,,,,,,,,,,,,,,,,,,,,,,,,,,,,,,,,,,,,,,,,,,,,,,,,,,,,
C0163,275/282,12345,FER,A,FENESTRELLE - via Nazionale,6.10,PEROSA ARG.-pzza Terzo Alpini (Arrivo),6.40,PEROSA ARG.-pzza Terzo Alpini (Partenza),6.40,PINASCA,6.44,DUBBIONE - via Nazionale,6.45,VILLAR PEROSA - via Nazionale,6.50,S. GERMANO CHISONE,6.56,PORTE,6.58,S. MARTINO,7.00,ABBADIA ALPINA,7.03,AIRASCA,D,NONE Bivio,I,CANDIOLO IRCCS-Centro Ricerche,R,TORINO - Porta Nuova,8.03,TORINO - Porta Susa,8.08,,,,,,,,,,,,,,,,,,,,,,,,,,,,,,,,,,,,,,,,,,,,,,,,,,,,
C0164,275/282,12345,FER,F,FENESTRELLE - via Nazionale,6.10,PEROSA ARG.-pzza Terzo Alpini (Arrivo),6.40,PEROSA ARG.-pzza Terzo Alpini (Partenza),6.40,PINASCA,6.44,DUBBIONE - via Nazionale,6.45,VILLAR PEROSA - via Nazionale,6.50,S. GERMANO CHISONE,6.56,PORTE,6.58,S. MARTINO,7.00,ABBADIA ALPINA,7.06,PONTE LEMINA,7.07,PINEROLO - piazza Cavour,7.10,PINEROLO - Movicentro,7.16,PINEROLO - c.so Torino-MACUMBA,7.20,RIVA di Pinerolo,7.26,Bivio BOTTEGHE,7.31,AIRASCA,7.34,NONE Bivio,7.39,CANDIOLO IRCCS-Centro Ricerche,7.44,STUPINIGI - Palazzina di Caccia,7.54,TORINO - Piazza Carducci,8.14,TORINO - Porta Nuova,8.22,TORINO - Porta Susa,8.27,,,,,,,,,,,,,,,,,,,,,,,,,,,,,,,,,,,,
C0165,275/282,12345,FER,A,PINEROLO - Movicentro,7.16,PINEROLO - c.so Torino-MACUMBA,7.20,RIVA di Pinerolo,7.26,AIRASCA,D,NONE Bivio,I,CANDIOLO IRCCS-Centro Ricerche,R,TORINO - Porta Nuova,8.14,TORINO - Porta Susa,8.19,,,,,,,,,,,,,,,,,,,,,,,,,,,,,,,,,,,,,,,,,,,,,,,,,,,,,,,,,,,,,,,,,,
C0166,275/282,12345,FER,A,PEROSA ARG.-pzza Terzo Alpini (Partenza),6.50,PINASCA,6.54,DUBBIONE - via Nazionale,6.55,VILLAR PEROSA - via Nazionale,7.00,S. GERMANO CHISONE,7.06,PORTE,7.08,S. MARTINO,7.10,ABBADIA ALPINA,7.16,PONTE LEMINA,7.17,PINEROLO - piazza Cavour,7.20,PINEROLO - Movicentro,7.26,PINEROLO - c.so Torino-MACUMBA,7.30,RIVA di Pinerolo,7.36,AIRASCA,D,NONE Bivio,I,CANDIOLO IRCCS-Centro Ricerche,R,TORINO - Porta Nuova,8.24,TORINO - Porta Susa,8.29,,,,,,,,,,,,,,,,,,,,,,,,,,,,,,,,,,,,,,,,,,,,,,
C0167,275/282,12345,FER,A,PEROSA ARG.-pzza Terzo Alpini (Partenza),7.00,PINASCA,7.04,DUBBIONE - via Nazionale,7.05,VILLAR PEROSA - via Nazionale,7.10,S. GERMANO CHISONE,7.16,PORTE,7.18,S. MARTINO,7.20,ABBADIA ALPINA,7.23,AIRASCA,D,NONE Bivio,I,CANDIOLO IRCCS-Centro Ricerche,R,TORINO - Porta Nuova,8.23,TORINO - Porta Susa,8.28,,,,,,,,,,,,,,,,,,,,,,,,,,,,,,,,,,,,,,,,,,,,,,,,,,,,,,,,
C0168,275/282,12345,FER,A,PEROSA ARG.-pzza Terzo Alpini (Partenza),7.10,PINASCA,7:15,DUBBIONE - via Nazionale,7:16,VILLAR PEROSA - via Nazionale,7.20,S. GERMANO CHISONE,7:25,PORTE,7.28,S. MARTINO,7.30,ABBADIA ALPINA,7:32,PONTE LEMINA,7:33,PINEROLO - piazza Cavour,7:38,PINEROLO - Movicentro,7:40,,,,,,,,,,,,,,,,,,,,,,,,,,,,,,,,,,,,,,,,,,,,,,,,,,,,,,,,,,,,
C0169,275/282,123456,FER,A,PEROSA ARG.-pzza Terzo Alpini (Partenza),7.10,PINASCA,7.14,DUBBIONE - via Nazionale,7.15,VILLAR PEROSA - via Nazionale,7.20,S. GERMANO CHISONE,7.26,PORTE,7.28,S. MARTINO,7.30,ABBADIA ALPINA,7.36,PONTE LEMINA,7.37,PINEROLO - piazza Cavour,7.40,PINEROLO - Movicentro,7.46,PINEROLO - c.so Torino-MACUMBA,7.50,RIVA di Pinerolo,7.56,Bivio BOTTEGHE,8.01,AIRASCA,8.04,NONE Bivio,8.09,CANDIOLO IRCCS-Centro Ricerche,8.14,STUPINIGI - Palazzina di Caccia,8.24,TORINO - Porta Nuova,8.52,TORINO - Porta Susa,8.57,,,,,,,,,,,,,,,,,,,,,,,,,,,,,,,,,,,,,,,,,,
C0170,275/282,12345,FER,A,VILLAR PEROSA - via Nazionale,7.30,S. GERMANO CHISONE,7.36,PORTE,7.38,S. MARTINO,7.40,ABBADIA ALPINA,7.46,PONTE LEMINA,7.47,PINEROLO - piazza Cavour,7.50,,,,,,,,,,,,,,,,,,,,,,,,,,,,,,,,,,,,,,,,,,,,,,,,,,,,,,,,,,,,,,,,,,,,
C0171,275/282,123456,FER,A,SESTRIERE,6.10,PRAGELATO,6.30,FENESTRELLE - via Nazionale,6.50,PEROSA ARG.-pzza Terzo Alpini (Arrivo),7.20,,,,,,,,,,,,,,,,,,,,,,,,,,,,,,,,,,,,,,,,,,,,,,,,,,,,,,,,,,,,,,,,,,,,,,,,,,
C0172,275/282,12345,FER,A,PEROSA ARG.-pzza Terzo Alpini (Partenza),7.24,PINASCA,7.28,DUBBIONE - via Nazionale,7.29,VILLAR PEROSA - via Nazionale,7.34,S. GERMANO CHISONE,7.40,PORTE,7.42,S. MARTINO,7.44,ABBADIA ALPINA,7.50,PONTE LEMINA,7.51,PINEROLO - piazza Cavour,7.54,PINEROLO - Movicentro,7.56,PINEROLO - c.so Torino-MACUMBA,8.00,,,,,,,,,,,,,,,,,,,,,,,,,,,,,,,,,,,,,,,,,,,,,,,,,,,,,,,,,,
C0173,275/282,12345,FER,A,PINEROLO - Movicentro,07.56,PINEROLO - c.so Torino-MACUMBA,8.00,RIVA di Pinerolo,8:06,AIRASCA,D,NONE Bivio,I,CANDIOLO IRCCS-Centro Ricerche,R,TORINO - Porta Nuova,8:54,TORINO - Porta Susa,8:59,,,,,,,,,,,,,,,,,,,,,,,,,,,,,,,,,,,,,,,,,,,,,,,,,,,,,,,,,,,,,,,,,,
C0174,275/282,12345,FER,A,PEROSA ARG.-pzza Terzo Alpini (Partenza),7.40,PINASCA,7.44,DUBBIONE - via Nazionale,7.45,VILLAR PEROSA - via Nazionale,7.50,S. GERMANO CHISONE,7.56,PORTE,7.58,S. MARTINO,8.00,ABBADIA ALPINA,8.06,PONTE LEMINA,8.07,PINEROLO - piazza Cavour,8.10,PINEROLO - Movicentro,8.16,PINEROLO - c.so Torino-MACUMBA,8.20,RIVA di Pinerolo,8.26,AIRASCA,D,NONE Bivio,I,CANDIOLO IRCCS-Centro Ricerche,R,TORINO - Porta Nuova,9.14,TORINO - Porta Susa,9.19,,,,,,,,,,,,,,,,,,,,,,,,,,,,,,,,,,,,,,,,,,,,,,
C0175,275/282,12345,FER,A,PINEROLO - piazza Cavour,8.10,PINEROLO - Movicentro,8.16,PINEROLO - c.so Torino-MACUMBA,8.20,RIVA di Pinerolo,8.26,Bivio BOTTEGHE,8.31,AIRASCA,8.34,NONE Bivio,8.39,CANDIOLO IRCCS-Centro Ricerche,8.44,STUPINIGI - Palazzina di Caccia,8.54,TORINO - Porta Nuova,9.22,TORINO - Porta Susa,9.27,,,,,,,,,,,,,,,,,,,,,,,,,,,,,,,,,,,,,,,,,,,,,,,,,,,,,,,,,,,,
C0176,275/282,78,FEST,J,PINEROLO - piazza Cavour,8.10,PINEROLO - Movicentro,8.16,PINEROLO - c.so Torino-MACUMBA,8.20,RIVA di Pinerolo,8.26,Bivio BOTTEGHE,8.31,AIRASCA,8.34,NONE Bivio,8.39,CANDIOLO IRCCS-Centro Ricerche,8.44,STUPINIGI - Palazzina di Caccia,8.54,TORINO - Porta Nuova,9.22,TORINO - Porta Susa,9.27,,,,,,,,,,,,,,,,,,,,,,,,,,,,,,,,,,,,,,,,,,,,,,,,,,,,,,,,,,,,
C0177,275/282,6,FER,#,PINEROLO - piazza Cavour,8.20,PINEROLO - Movicentro,8.26,PINEROLO - c.so Torino-MACUMBA,8.30,RIVA di Pinerolo,8.36,Bivio BOTTEGHE,8.41,AIRASCA,8.44,NONE Bivio,8.49,CANDIOLO IRCCS-Centro Ricerche,8.54,STUPINIGI - Palazzina di Caccia,9.04,TORINO - Porta Nuova,9.32,TORINO - Porta Susa,9.37,,,,,,,,,,,,,,,,,,,,,,,,,,,,,,,,,,,,,,,,,,,,,,,,,,,,,,,,,,,,
C0178,275/282,123456,SCO,Scol,FENESTRELLE - via Nazionale,7.10,PEROSA ARG.-pzza Terzo Alpini (Partenza),7.40,PINASCA,7.44,DUBBIONE - via Nazionale,7.45,VILLAR PEROSA - via Nazionale,7.49,S. GERMANO CHISONE,7.54,PORTE,7.56,S. MARTINO,7.58,ABBADIA ALPINA,8.02,PONTE LEMINA,8.03,PINEROLO - piazza Cavour,8.06,PINEROLO Centro Studi,8:10,,,,,,,,,,,,,,,,,,,,,,,,,,,,,,,,,,,,,,,,,,,,,,,,,,,,,,,,,,
C0179,275/282,12345,FER,A,PEROSA ARG.-pzza Terzo Alpini (Partenza),7.40,PINASCA,7.44,DUBBIONE - via Nazionale,7.45,VILLAR PEROSA - via Nazionale,7.49,S. GERMANO CHISONE,7.54,PORTE,7.56,S. MARTINO,7.58,ABBADIA ALPINA,8.02,PONTE LEMINA,8.03,PINEROLO - piazza Cavour,8.06,PINEROLO Centro Studi,8:10,,,,,,,,,,,,,,,,,,,,,,,,,,,,,,,,,,,,,,,,,,,,,,,,,,,,,,,,,,,,
C0180,275/282,12345,FER,A,FENESTRELLE - via Nazionale,7.40,PEROSA ARG.-pzza Terzo Alpini (Partenza),8.10,PINASCA,8.14,DUBBIONE - via Nazionale,8.15,VILLAR PEROSA - via Nazionale,8.20,S. GERMANO CHISONE,8.26,PORTE,8.28,S. MARTINO,8.30,ABBADIA ALPINA,8.36,PONTE LEMINA,8.37,PINEROLO - piazza Cavour,8.40,PINEROLO - Movicentro,8.46,PINEROLO - c.so Torino-MACUMBA,8.50,RIVA di Pinerolo,8.56,Bivio BOTTEGHE,9.01,AIRASCA,9.04,NONE Bivio,9.09,CANDIOLO IRCCS-Centro Ricerche,9.14,STUPINIGI - Palazzina di Caccia,9.24,TORINO - Porta Nuova,9.52,TORINO - Porta Susa,9.57,,,,,,,,,,,,,,,,,,,,,,,,,,,,,,,,,,,,,,,,
C0181,275/282,123456,FER,,OULX - Stazione FS,6.45,OULX - Liceo,6.46,OULX - p.zza Garambois,6.48,CESANA TORINESE,7.05,SESTRIERE,7.30,PRAGELATO,7.50,FENESTRELLE - via Nazionale,8.10,PEROSA ARG.-pzza Terzo Alpini (Arrivo),8.40,PEROSA ARG.-pzza Terzo Alpini (Partenza),8.40,PINASCA,8.44,DUBBIONE - via Nazionale,8.45,VILLAR PEROSA - via Nazionale,8.50,S. GERMANO CHISONE,8.56,PORTE,8.58,S. MARTINO,9.00,ABBADIA ALPINA,9.06,PONTE LEMINA,9.07,PINEROLO - piazza Cavour,9.10,PINEROLO - Movicentro,9.16,PINEROLO - c.so Torino-MACUMBA,9.20,RIVA di Pinerolo,9.26,AIRASCA,D,NONE Bivio,I,CANDIOLO IRCCS-Centro Ricerche,R,TORINO - Porta Nuova,10.14,TORINO - Porta Susa,10.19,,,,,,,,,,,,,,,,,,,,,,,,,,,,,,
C0182,275/282,78,FEST,J,OULX - Stazione FS,7.15,OULX - Liceo,7.16,OULX - p.zza Garambois,7.18,CESANA TORINESE,7.35,SESTRIERE,8.00,PRAGELATO,8.20,FENESTRELLE - via Nazionale,8.40,PEROSA ARG.-pzza Terzo Alpini (Arrivo),9.10,,,,,,,,,,,,,,,,,,,,,,,,,,,,,,,,,,,,,,,,,,,,,,,,,,,,,,,,,,,,,,,,,,
C0183,275/282,78,FEST,#,PEROSA ARG.-pzza Terzo Alpini (Partenza),9.10,PINASCA,9.14,DUBBIONE - via Nazionale,9.15,VILLAR PEROSA - via Nazionale,9.20,S. GERMANO CHISONE,9.26,PORTE,9.28,S. MARTINO,9.30,ABBADIA ALPINA,9.36,PONTE LEMINA,9.37,PINEROLO - piazza Cavour,9.40,PINEROLO - Movicentro,9.42,,,,,,,,,,,,,,,,,,,,,,,,,,,,,,,,,,,,,,,,,,,,,,,,,,,,,,,,,,,,
C0184,275/282,NAT,FEST,,PINEROLO - Movicentro,9.46,PINEROLO - c.so Torino-MACUMBA,9.50,RIVA di Pinerolo,9.56,AIRASCA,D,NONE Bivio,I,CANDIOLO IRCCS-Centro Ricerche,R,TORINO - Porta Nuova,10.44,TORINO - Porta Susa,10.49,,,,,,,,,,,,,,,,,,,,,,,,,,,,,,,,,,,,,,,,,,,,,,,,,,,,,,,,,,,,,,,,,,
C0185,275/282,12345,FER,A,PEROSA ARG.-pzza Terzo Alpini (Partenza),9.10,PINASCA,9.14,DUBBIONE - via Nazionale,9.15,VILLAR PEROSA - via Nazionale,9.20,S. GERMANO CHISONE,9.26,PORTE,9.28,S. MARTINO,9.30,ABBADIA ALPINA,9.36,PONTE LEMINA,9.37,PINEROLO - piazza Cavour,9.40,PINEROLO - Movicentro,9.46,PINEROLO - c.so Torino-MACUMBA,9.50,RIVA di Pinerolo,9.56,Bivio BOTTEGHE,10.01,AIRASCA,10.04,NONE Bivio,10.09,CANDIOLO IRCCS-Centro Ricerche,10.14,STUPINIGI - Palazzina di Caccia,10.24,TORINO - Porta Nuova,10.52,TORINO - Porta Susa,10.57,,,,,,,,,,,,,,,,,,,,,,,,,,,,,,,,,,,,,,,,,,
C0186,275/282,12345,FER,A,PEROSA ARG.-pzza Terzo Alpini (Partenza),9.40,PINASCA,9.44,DUBBIONE - via Nazionale,9.45,VILLAR PEROSA - via Nazionale,9.50,S. GERMANO CHISONE,9.56,PORTE,9.58,S. MARTINO,10.00,ABBADIA ALPINA,10.06,PONTE LEMINA,10.07,PINEROLO - piazza Cavour,10.10,PINEROLO - Movicentro,10.16,PINEROLO - c.so Torino-MACUMBA,10.20,RIVA di Pinerolo,10.26,AIRASCA,D,NONE Bivio,I,CANDIOLO IRCCS-Centro Ricerche,R,TORINO - Porta Nuova,11.14,TORINO - Porta Susa,11.19,,,,,,,,,,,,,,,,,,,,,,,,,,,,,,,,,,,,,,,,,,,,,,
C0187,275/282,12345,FER,A,PEROSA ARG.-pzza Terzo Alpini (Partenza),10.10,PINASCA,10.14,DUBBIONE - via Nazionale,10.15,VILLAR PEROSA - via Nazionale,10.20,S. GERMANO CHISONE,10.26,PORTE,10.28,S. MARTINO,10.30,ABBADIA ALPINA,10.36,PONTE LEMINA,10.37,PINEROLO - piazza Cavour,10.40,PINEROLO - Movicentro,10.46,PINEROLO - c.so Torino-MACUMBA,10.50,RIVA di Pinerolo,10.56,Bivio BOTTEGHE,11.01,AIRASCA,11.04,NONE Bivio,11.09,CANDIOLO IRCCS-Centro Ricerche,11.14,STUPINIGI - Palazzina di Caccia,11.24,TORINO - Porta Nuova,11.52,TORINO - Porta Susa,11.57,,,,,,,,,,,,,,,,,,,,,,,,,,,,,,,,,,,,,,,,,,
C0188,275/282,6,FER,A,PINEROLO - piazza Cavour,10.40,PINEROLO - Movicentro,10.46,PINEROLO - c.so Torino-MACUMBA,10.50,RIVA di Pinerolo,10.56,Bivio BOTTEGHE,11.01,AIRASCA,11.04,NONE Bivio,11.09,CANDIOLO IRCCS-Centro Ricerche,11.14,STUPINIGI - Palazzina di Caccia,11.24,TORINO - Porta Nuova,11.52,TORINO - Porta Susa,11.57,,,,,,,,,,,,,,,,,,,,,,,,,,,,,,,,,,,,,,,,,,,,,,,,,,,,,,,,,,,,
C0189,275/282,123456,FER,,OULX - Stazione FS,8.45,OULX - Liceo,8.46,OULX - p.zza Garambois,8.48,CESANA TORINESE,9.05,SESTRIERE,9.30,PRAGELATO,9.50,FENESTRELLE - via Nazionale,10.10,PEROSA ARG.-pzza Terzo Alpini (Arrivo),10.40,PEROSA ARG.-pzza Terzo Alpini (Partenza),10.40,PINASCA,10.44,DUBBIONE - via Nazionale,10.45,VILLAR PEROSA - via Nazionale,10.50,S. GERMANO CHISONE,10.56,PORTE,10.58,S. MARTINO,11.00,ABBADIA ALPINA,11.06,PONTE LEMINA,11.07,PINEROLO - piazza Cavour,11.10,PINEROLO - Movicentro,11.16,PINEROLO - c.so Torino-MACUMBA,11.20,RIVA di Pinerolo,11.26,AIRASCA,D,NONE Bivio,I,CANDIOLO IRCCS-Centro Ricerche,R,TORINO - Porta Nuova,12.14,TORINO - Porta Susa,12.19,,,,,,,,,,,,,,,,,,,,,,,,,,,,,,
C0190,275/282,78,FEST,#,OULX - Stazione FS,9.15,OULX - Liceo,9.16,OULX - p.zza Garambois,9.18,CESANA TORINESE,9.35,SESTRIERE,10.00,,,,,,,,,,,,,,,,,,,,,,,,,,,,,,,,,,,,,,,,,,,,,,,,,,,,,,,,,,,,,,,,,,,,,,,,
C0191,275/282,78,FEST,J,SESTRIERE,10.00,PRAGELATO,10.20,FENESTRELLE - via Nazionale,10.40,PEROSA ARG.-pzza Terzo Alpini (Arrivo),11.10,PEROSA ARG.-pzza Terzo Alpini (Partenza),11.10,PINASCA,11.14,DUBBIONE - via Nazionale,11.15,VILLAR PEROSA - via Nazionale,11.20,S. GERMANO CHISONE,11.26,PORTE,11.28,S. MARTINO,11.30,ABBADIA ALPINA,11.36,PONTE LEMINA,11.37,PINEROLO - piazza Cavour,11.40,PINEROLO - Movicentro,11.42,,,,,,,,,,,,,,,,,,,,,,,,,,,,,,,,,,,,,,,,,,,,,,,,,,,,
C0192,275/282,12345,FER,A,PEROSA ARG.-pzza Terzo Alpini (Partenza),11.10,PINASCA,11.14,DUBBIONE - via Nazionale,11.15,VILLAR PEROSA - via Nazionale,11.20,S. GERMANO CHISONE,11.26,PORTE,11.28,S. MARTINO,11.30,ABBADIA ALPINA,11.36,PONTE LEMINA,11.37,PINEROLO - piazza Cavour,11.40,PINEROLO - Movicentro,11.46,PINEROLO - c.so Torino-MACUMBA,11.50,RIVA di Pinerolo,11.56,Bivio BOTTEGHE,12.01,AIRASCA,12.04,NONE Bivio,12.09,CANDIOLO IRCCS-Centro Ricerche,12.14,STUPINIGI - Palazzina di Caccia,12.24,TORINO - Porta Nuova,12.52,TORINO - Porta Susa,12.57,,,,,,,,,,,,,,,,,,,,,,,,,,,,,,,,,,,,,,,,,,
C0193,275/282,12345,FER,A,FENESTRELLE - via Nazionale,11.10,PEROSA ARG.-pzza Terzo Alpini (Arrivo),11.40,PEROSA ARG.-pzza Terzo Alpini (Partenza),11.40,PINASCA,11.44,DUBBIONE - via Nazionale,11.45,VILLAR PEROSA - via Nazionale,11.50,S. GERMANO CHISONE,11.56,PORTE,11.58,S. MARTINO,12.00,ABBADIA ALPINA,12.06,PONTE LEMINA,12.07,PINEROLO - piazza Cavour,12.10,PINEROLO - Movicentro,12.16,PINEROLO - c.so Torino-MACUMBA,12.20,RIVA di Pinerolo,12.26,AIRASCA,D,NONE Bivio,I,CANDIOLO IRCCS-Centro Ricerche,R,TORINO - Porta Nuova,13.14,TORINO - Porta Susa,13.19,,,,,,,,,,,,,,,,,,,,,,,,,,,,,,,,,,,,,,,,,,
C0194,275/282,12345,FER,A,PEROSA ARG.-pzza Terzo Alpini (Partenza),12.10,PINASCA,12.14,DUBBIONE - via Nazionale,12.15,VILLAR PEROSA - via Nazionale,12.20,S. GERMANO CHISONE,12.26,PORTE,12.28,S. MARTINO,12.30,ABBADIA ALPINA,12.36,PONTE LEMINA,12.37,PINEROLO - piazza Cavour,12.40,PINEROLO - Movicentro,12.46,PINEROLO - c.so Torino-MACUMBA,12.50,RIVA di Pinerolo,12.56,Bivio BOTTEGHE,13.01,AIRASCA,13.04,NONE Bivio,13.09,CANDIOLO IRCCS-Centro Ricerche,13.14,STUPINIGI - Palazzina di Caccia,13.24,TORINO - Porta Nuova,13.52,TORINO - Porta Susa,13.57,,,,,,,,,,,,,,,,,,,,,,,,,,,,,,,,,,,,,,,,,,
C0195,275/282,78,FEST,J,PEROSA ARG.-pzza Terzo Alpini (Partenza),12.10,PINASCA,12.14,DUBBIONE - via Nazionale,12.15,VILLAR PEROSA - via Nazionale,12.20,S. GERMANO CHISONE,12.26,PORTE,12.28,S. MARTINO,12.30,ABBADIA ALPINA,12.36,PONTE LEMINA,12.37,PINEROLO - piazza Cavour,12.40,PINEROLO - Movicentro,12.46,PINEROLO - c.so Torino-MACUMBA,12.50,RIVA di Pinerolo,12.56,Bivio BOTTEGHE,13.01,AIRASCA,13.04,NONE Bivio,13.09,CANDIOLO IRCCS-Centro Ricerche,13.14,STUPINIGI - Palazzina di Caccia,13.24,TORINO - Porta Nuova,13.52,TORINO - Porta Susa,13.57,,,,,,,,,,,,,,,,,,,,,,,,,,,,,,,,,,,,,,,,,,
C0196,275/282,123456,FER,,PEROSA ARG.-pzza Terzo Alpini (Partenza),12.40,PINASCA,12.44,DUBBIONE - via Nazionale,12.45,VILLAR PEROSA - via Nazionale,12.50,S. GERMANO CHISONE,12.56,PORTE,12.58,S. MARTINO,13.00,ABBADIA ALPINA,13.06,PONTE LEMINA,13.07,PINEROLO - piazza Cavour,13.10,PINEROLO - Movicentro,13.16,PINEROLO - c.so Torino-MACUMBA,13.20,RIVA di Pinerolo,13.26,AIRASCA,D,NONE Bivio,I,CANDIOLO IRCCS-Centro Ricerche,R,TORINO - Porta Nuova,14.14,TORINO - Porta Susa,14.19,,,,,,,,,,,,,,,,,,,,,,,,,,,,,,,,,,,,,,,,,,,,,,
C0197,275/282,12345,FER,A,PEROSA ARG.-pzza Terzo Alpini (Partenza),12.50,PINASCA,12.54,DUBBIONE - via Nazionale,12.55,VILLAR PEROSA - via Nazionale,13.00,S. GERMANO CHISONE,13.06,PORTE,13.08,S. MARTINO,13.10,ABBADIA ALPINA,13.16,PONTE LEMINA,13.17,PINEROLO - piazza Cavour,13.20,PINEROLO - Movicentro,13.26,PINEROLO - c.so Torino-MACUMBA,13.30,RIVA di Pinerolo,13.36,Bivio BOTTEGHE,13.41,AIRASCA,13.44,NONE Bivio,13.49,CANDIOLO IRCCS-Centro Ricerche,13.54,STUPINIGI - Palazzina di Caccia,14.04,TORINO - Porta Nuova,14.32,TORINO - Porta Susa,14.37,,,,,,,,,,,,,,,,,,,,,,,,,,,,,,,,,,,,,,,,,,
C0198,275/282,6,FEST,A,PINEROLO - piazza Cavour,13.20,PINEROLO - Movicentro,13.26,PINEROLO - c.so Torino-MACUMBA,13.30,RIVA di Pinerolo,13.36,Bivio BOTTEGHE,13.41,AIRASCA,13.44,NONE Bivio,13.49,CANDIOLO IRCCS-Centro Ricerche,13.54,STUPINIGI - Palazzina di Caccia,14.04,TORINO - Porta Nuova,14.32,TORINO - Porta Susa,14.37,,,,,,,,,,,,,,,,,,,,,,,,,,,,,,,,,,,,,,,,,,,,,,,,,,,,,,,,,,,,
C0199,275/282,78,FEST,J,OULX - Stazione FS,11.15,OULX - Liceo,11.16,OULX - p.zza Garambois,11.18,CESANA TORINESE,11.35,SESTRIERE,12.00,PRAGELATO,12.20,FENESTRELLE - via Nazionale,12.40,PEROSA ARG.-pzza Terzo Alpini (Arrivo),13.10,PEROSA ARG.-pzza Terzo Alpini (Partenza),13.10,PINASCA,13.14,DUBBIONE - via Nazionale,13.15,VILLAR PEROSA - via Nazionale,13.20,S. GERMANO CHISONE,13.26,PORTE,13.28,S. MARTINO,13.30,ABBADIA ALPINA,13.36,PONTE LEMINA,13.37,PINEROLO - piazza Cavour,13.40,PINEROLO - Movicentro,13.46,PINEROLO - c.so Torino-MACUMBA,13.50,RIVA di Pinerolo,13.56,AIRASCA,D,NONE Bivio,I,CANDIOLO IRCCS-Centro Ricerche,R,TORINO - Porta Nuova,14.44,TORINO - Porta Susa,14.49,,,,,,,,,,,,,,,,,,,,,,,,,,,,,,
C0200,275/282,123456,FER,,OULX - Stazione FS,11.45,OULX - Liceo,11.46,OULX - p.zza Garambois,11.48,CESANA TORINESE,12.05,SESTRIERE,12.30,PRAGELATO,12.50,FENESTRELLE - via Nazionale,13.10,PEROSA ARG.-pzza Terzo Alpini (Arrivo),13.40,PEROSA ARG.-pzza Terzo Alpini (Partenza),13.40,PINASCA,13.44,DUBBIONE - via Nazionale,13.45,VILLAR PEROSA - via Nazionale,13.50,S. GERMANO CHISONE,13.56,PORTE,13.58,S. MARTINO,14.00,ABBADIA ALPINA,14.06,PONTE LEMINA,14.07,PINEROLO - piazza Cavour,14.10,PINEROLO - Movicentro,14.16,PINEROLO - c.so Torino-MACUMBA,14.20,RIVA di Pinerolo,14.26,AIRASCA,D,NONE Bivio,I,CANDIOLO IRCCS-Centro Ricerche,R,TORINO - Porta Nuova,15.14,TORINO - Porta Susa,15.19,,,,,,,,,,,,,,,,,,,,,,,,,,,,,,
C0201,275/282,12345,FER,A,FENESTRELLE - via Nazionale,13.40,PEROSA ARG.-pzza Terzo Alpini (Arrivo),14.10,PEROSA ARG.-pzza Terzo Alpini (Partenza),14.10,PINASCA,14.14,DUBBIONE - via Nazionale,14.15,VILLAR PEROSA - via Nazionale,14.20,S. GERMANO CHISONE,14.26,PORTE,14.28,S. MARTINO,14.30,ABBADIA ALPINA,14.36,PONTE LEMINA,14.37,PINEROLO - piazza Cavour,14.40,PINEROLO - Movicentro,14.46,PINEROLO - c.so Torino-MACUMBA,14.50,RIVA di Pinerolo,14.56,Bivio BOTTEGHE,15.01,AIRASCA,15.04,NONE Bivio,15.09,CANDIOLO IRCCS-Centro Ricerche,15.14,STUPINIGI - Palazzina di Caccia,15.24,TORINO - Porta Nuova,15.52,TORINO - Porta Susa,15.57,,,,,,,,,,,,,,,,,,,,,,,,,,,,,,,,,,,,,,
C0202,275/282,6,FER,A,PINEROLO - piazza Cavour,14.40,PINEROLO - Movicentro,14.46,PINEROLO - c.so Torino-MACUMBA,14.50,RIVA di Pinerolo,14.56,Bivio BOTTEGHE,15.01,AIRASCA,15.04,NONE Bivio,15.09,CANDIOLO IRCCS-Centro Ricerche,15.14,STUPINIGI - Palazzina di Caccia,15.24,TORINO - Porta Nuova,15.52,TORINO - Porta Susa,15.57,,,,,,,,,,,,,,,,,,,,,,,,,,,,,,,,,,,,,,,,,,,,,,,,,,,,,,,,,,,,
C0203,275/282,12345,FER,A,PEROSA ARG.-pzza Terzo Alpini (Partenza),14.40,PINASCA,14.44,DUBBIONE - via Nazionale,14.45,VILLAR PEROSA - via Nazionale,14.50,S. GERMANO CHISONE,14.56,PORTE,14.58,S. MARTINO,15.00,ABBADIA ALPINA,15.06,PONTE LEMINA,15.07,PINEROLO - piazza Cavour,15.10,PINEROLO - Movicentro,15.16,PINEROLO - c.so Torino-MACUMBA,15.20,RIVA di Pinerolo,15.26,AIRASCA,D,NONE Bivio,I,CANDIOLO IRCCS-Centro Ricerche,R,TORINO - Porta Nuova,16.14,TORINO - Porta Susa,16.19,,,,,,,,,,,,,,,,,,,,,,,,,,,,,,,,,,,,,,,,,,,,,,
C0204,275/282,6,FER,#,PINEROLO - piazza Cavour,15.10,PINEROLO - Movicentro,15.16,PINEROLO - c.so Torino-MACUMBA,15.20,RIVA di Pinerolo,15.26,AIRASCA,D,NONE Bivio,I,CANDIOLO IRCCS-Centro Ricerche,R,TORINO - Porta Nuova,16.14,TORINO - Porta Susa,16.19,,,,,,,,,,,,,,,,,,,,,,,,,,,,,,,,,,,,,,,,,,,,,,,,,,,,,,,,,,,,,,,,
C0205,275/282,12345,FER,A,PEROSA ARG.-pzza Terzo Alpini (Partenza),15.10,PINASCA,15.14,DUBBIONE - via Nazionale,15.15,VILLAR PEROSA - via Nazionale,15.20,S. GERMANO CHISONE,15.26,PORTE,15.28,S. MARTINO,15.30,ABBADIA ALPINA,15.36,PONTE LEMINA,15.37,PINEROLO - piazza Cavour,15.40,PINEROLO - Movicentro,15.46,PINEROLO - c.so Torino-MACUMBA,15:52,RIVA di Pinerolo,15:58,Bivio BOTTEGHE,16:04,AIRASCA,16:10,NONE Bivio,16:16,CANDIOLO IRCCS-Centro Ricerche,16:25,STUPINIGI - Palazzina di Caccia,16:35,TORINO - Porta Nuova,17:05,TORINO - Porta Susa,17:10,,,,,,,,,,,,,,,,,,,,,,,,,,,,,,,,,,,,,,,,,,
C0206,275/282,78,FEST,J,OULX - Stazione FS,13.15,OULX - Liceo,13.16,OULX - p.zza Garambois,13.18,CESANA TORINESE,13.35,SESTRIERE,14.00,PRAGELATO,14.20,FENESTRELLE - via Nazionale,14.40,PEROSA ARG.-pzza Terzo Alpini (Arrivo),15.10,PEROSA ARG.-pzza Terzo Alpini (Partenza),15.10,PINASCA,15.14,DUBBIONE - via Nazionale,15.15,VILLAR PEROSA - via Nazionale,15.20,S. GERMANO CHISONE,15.26,PORTE,15.28,S. MARTINO,15.30,ABBADIA ALPINA,15.36,PONTE LEMINA,15.37,PINEROLO - piazza Cavour,15.40,PINEROLO - Movicentro,15.46,PINEROLO - c.so Torino-MACUMBA,15.50,RIVA di Pinerolo,15.56,AIRASCA,D,NONE Bivio,I,CANDIOLO IRCCS-Centro Ricerche,R,TORINO - Porta Nuova,16.44,TORINO - Porta Susa,16.49,,,,,,,,,,,,,,,,,,,,,,,,,,,,,,
C0207,275/282,123456,SCO,Scol,OULX - Stazione FS,13:05,OULX - Liceo,13:06,OULX - p.zza Garambois,13:08,CESANA TORINESE,13:30,SESTRIERE,13:50,PRAGELATO,14:10,FENESTRELLE - via Nazionale,14:30,PEROSA ARG.-pzza Terzo Alpini (Arrivo),15:00,PEROSA ARG.-pzza Terzo Alpini (Partenza),15.40,PINASCA,15.44,DUBBIONE - via Nazionale,15.45,VILLAR PEROSA - via Nazionale,15.50,S. GERMANO CHISONE,15.56,PORTE,15.58,S. MARTINO,16.00,ABBADIA ALPINA,16.06,PONTE LEMINA,16.07,PINEROLO - piazza Cavour,16.10,PINEROLO - Movicentro,16.16,PINEROLO - c.so Torino-MACUMBA,16.20,RIVA di Pinerolo,16.26,AIRASCA,D,NONE Bivio,I,CANDIOLO IRCCS-Centro Ricerche,R,TORINO - Porta Nuova,17.14,TORINO - Porta Susa,17.19,,,,,,,,,,,,,,,,,,,,,,,,,,,,,,
C0208,275/282,123456,FER,,OULX - Stazione FS,13.45,OULX - Liceo,13.46,OULX - p.zza Garambois,13.48,CESANA TORINESE,14.05,SESTRIERE,14.30,,,,,,,,,,,,,,,,,,,,,,,,,,,,,,,,,,,,,,,,,,,,,,,,,,,,,,,,,,,,,,,,,,,,,,,,
C0209,275/282,123456,FER,NS#,SESTRIERE,14:30,PRAGELATO,14.50,FENESTRELLE - via Nazionale,15.10,PEROSA ARG.-pzza Terzo Alpini (Arrivo),15.40,PEROSA ARG.-pzza Terzo Alpini (Partenza),15.40,PINASCA,15.44,DUBBIONE - via Nazionale,15.45,VILLAR PEROSA - via Nazionale,15.50,S. GERMANO CHISONE,15.56,PORTE,15.58,S. MARTINO,16.00,ABBADIA ALPINA,16.06,PONTE LEMINA,16.07,PINEROLO - piazza Cavour,16.10,PINEROLO - Movicentro,16.16,PINEROLO - c.so Torino-MACUMBA,16.20,RIVA di Pinerolo,16.26,AIRASCA,D,NONE Bivio,I,CANDIOLO IRCCS-Centro Ricerche,R,TORINO - Porta Nuova,17.14,TORINO - Porta Susa,17.19,,,,,,,,,,,,,,,,,,,,,,,,,,,,,,,,,,,,,,
C0210,275/282,12345,FER,A,PEROSA ARG.-pzza Terzo Alpini (Partenza),16.10,PINASCA,16.14,DUBBIONE - via Nazionale,16.15,VILLAR PEROSA - via Nazionale,16.20,S. GERMANO CHISONE,16.26,PORTE,16.28,S. MARTINO,16.30,ABBADIA ALPINA,16.36,PONTE LEMINA,16.37,PINEROLO - piazza Cavour,16.40,,,,,,,,,,,,,,,,,,,,,,,,,,,,,,,,,,,,,,,,,,,,,,,,,,,,,,,,,,,,,,
C0211,275/282,,GG,I,PINEROLO - piazza Cavour,16.40,PINEROLO - Movicentro,16.46,PINEROLO - c.so Torino-MACUMBA,16:52,RIVA di Pinerolo,17:00,Bivio BOTTEGHE,17:05,AIRASCA,17:11,NONE Bivio,17:17,CANDIOLO IRCCS-Centro Ricerche,17:30,STUPINIGI - Palazzina di Caccia,17:40,TORINO - Porta Nuova,18:07,TORINO - Porta Susa,18:15,,,,,,,,,,,,,,,,,,,,,,,,,,,,,,,,,,,,,,,,,,,,,,,,,,,,,,,,,,,,
C0212,275/282,123456,FER,,OULX - Stazione FS,14.45,OULX - Liceo,14.46,OULX - p.zza Garambois,14.48,CESANA TORINESE,15.05,SESTRIERE,15.30,PRAGELATO,15.50,FENESTRELLE - via Nazionale,16.10,PEROSA ARG.-pzza Terzo Alpini (Arrivo),16.40,,,,,,,,,,,,,,,,,,,,,,,,,,,,,,,,,,,,,,,,,,,,,,,,,,,,,,,,,,,,,,,,,,
C0213,275/282,123456,FER,I,PEROSA ARG.-pzza Terzo Alpini (Partenza),16.40,PINASCA,16.44,DUBBIONE - via Nazionale,16.45,VILLAR PEROSA - via Nazionale,16.50,S. GERMANO CHISONE,16.56,PORTE,16.58,S. MARTINO,17.00,ABBADIA ALPINA,17.06,PONTE LEMINA,17.07,PINEROLO - piazza Cavour,17.10,PINEROLO - Movicentro,17:16,PINEROLO - c.so Torino-MACUMBA,17:22,RIVA di Pinerolo,17:28,Bivio BOTTEGHE,17:33,AIRASCA,17:40,NONE Bivio,17:45,CANDIOLO IRCCS-Centro Ricerche,17:55,STUPINIGI - Palazzina di Caccia,18:05,TORINO - Porta Nuova,18:35,TORINO - Porta Susa,18:40,,,,,,,,,,,,,,,,,,,,,,,,,,,,,,,,,,,,,,,,,,
C0214,275/282,NAT,FEST,,PEROSA ARG.-pzza Terzo Alpini (Partenza),16.40,PINASCA,16.44,DUBBIONE - via Nazionale,16.45,VILLAR PEROSA - via Nazionale,16.50,S. GERMANO CHISONE,16.56,PORTE,16.58,S. MARTINO,17.00,ABBADIA ALPINA,17.06,PONTE LEMINA,17.07,PINEROLO - piazza Cavour,17.10,PINEROLO - Movicentro,17.16,PINEROLO - c.so Torino-MACUMBA,17.20,RIVA di Pinerolo,17.26,AIRASCA,D,NONE Bivio,I,CANDIOLO IRCCS-Centro Ricerche,R,TORINO - Porta Nuova,18.14,TORINO - Porta Susa,18.19,,,,,,,,,,,,,,,,,,,,,,,,,,,,,,,,,,,,,,,,,,,,,,
C0215,275/282,78,FEST,J,OULX - Stazione FS,15.15,OULX - Liceo,15.16,OULX - p.zza Garambois,15.18,CESANA TORINESE,15.35,SESTRIERE,16.00,PRAGELATO,16.20,FENESTRELLE - via Nazionale,16.40,PEROSA ARG.-pzza Terzo Alpini (Arrivo),17.10,PEROSA ARG.-pzza Terzo Alpini (Partenza),17.10,PINASCA,17.14,DUBBIONE - via Nazionale,17.15,VILLAR PEROSA - via Nazionale,17.20,S. GERMANO CHISONE,17.26,PORTE,17.28,S. MARTINO,17.30,ABBADIA ALPINA,17.36,PONTE LEMINA,17.37,PINEROLO - piazza Cavour,17.40,PINEROLO - Movicentro,17.46,PINEROLO - c.so Torino-MACUMBA,17.50,RIVA di Pinerolo,17.56,AIRASCA,D,NONE Bivio,I,CANDIOLO IRCCS-Centro Ricerche,R,TORINO - Porta Nuova,18.44,TORINO - Porta Susa,18.49,,,,,,,,,,,,,,,,,,,,,,,,,,,,,,
C0216,275/282,12345,FER,A,PEROSA ARG.-pzza Terzo Alpini (Partenza),17.10,PINASCA,17.14,DUBBIONE - via Nazionale,17.15,VILLAR PEROSA - via Nazionale,17.20,S. GERMANO CHISONE,17.26,PORTE,17.28,S. MARTINO,17.30,ABBADIA ALPINA,17.36,PONTE LEMINA,17.37,PINEROLO - piazza Cavour,17.40,PINEROLO - Movicentro,17.46,PINEROLO - c.so Torino-MACUMBA,17.50,RIVA di Pinerolo,17.56,Bivio BOTTEGHE,18.01,AIRASCA,18.04,NONE Bivio,18.09,CANDIOLO IRCCS-Centro Ricerche,18.14,STUPINIGI - Palazzina di Caccia,18.24,TORINO - Porta Nuova,18.52,TORINO - Porta Susa,18.57,,,,,,,,,,,,,,,,,,,,,,,,,,,,,,,,,,,,,,,,,,
C0217,275/282,6,FER,A,SESTRIERE,16.00,PRAGELATO,16.20,FENESTRELLE - via Nazionale,16.40,PEROSA ARG.-pzza Terzo Alpini (Arrivo),17.10,PEROSA ARG.-pzza Terzo Alpini (Partenza),17.10,PINASCA,17.14,DUBBIONE - via Nazionale,17.15,VILLAR PEROSA - via Nazionale,17.20,S. GERMANO CHISONE,17.26,PORTE,17.28,S. MARTINO,17.30,ABBADIA ALPINA,17.36,PONTE LEMINA,17.37,PINEROLO - piazza Cavour,17.40,,,,,,,,,,,,,,,,,,,,,,,,,,,,,,,,,,,,,,,,,,,,,,,,,,,,,,
C0218,275/282,12345,FER,A,SESTRIERE,16.30,PRAGELATO,16.50,FENESTRELLE - via Nazionale,17.10,PEROSA ARG.-pzza Terzo Alpini (Arrivo),17.40,PEROSA ARG.-pzza Terzo Alpini (Partenza),17.40,PINASCA,17.44,DUBBIONE - via Nazionale,17.45,VILLAR PEROSA - via Nazionale,17.50,S. GERMANO CHISONE,17.56,PORTE,17.58,S. MARTINO,18.00,ABBADIA ALPINA,18.06,PONTE LEMINA,18.07,PINEROLO - piazza Cavour,18.10,PINEROLO - Movicentro,18.16,PINEROLO - c.so Torino-MACUMBA,18.20,RIVA di Pinerolo,18.26,AIRASCA,D,NONE Bivio,I,CANDIOLO IRCCS-Centro Ricerche,R,TORINO - Porta Nuova,19.14,TORINO - Porta Susa,19.19,,,,,,,,,,,,,,,,,,,,,,,,,,,,,,,,,,,,,,
C0219,275/282,6,FER,A,PEROSA ARG.-pzza Terzo Alpini (Partenza),17.40,PINASCA,17.44,DUBBIONE - via Nazionale,17.45,VILLAR PEROSA - via Nazionale,17.50,S. GERMANO CHISONE,17.56,PORTE,17.58,S. MARTINO,18.00,ABBADIA ALPINA,18.06,PONTE LEMINA,18.07,PINEROLO - piazza Cavour,18.10,PINEROLO - Movicentro,18.12,,,,,,,,,,,,,,,,,,,,,,,,,,,,,,,,,,,,,,,,,,,,,,,,,,,,,,,,,,,,
C0220,275/282,12345,FER,A,PINEROLO - Movicentro,18.46,PINEROLO - c.so Torino-MACUMBA,18.50,RIVA di Pinerolo,18.56,Bivio BOTTEGHE,19.01,AIRASCA,19.04,NONE Bivio,19.09,CANDIOLO IRCCS-Centro Ricerche,19.14,STUPINIGI - Palazzina di Caccia,19.24,TORINO - Porta Nuova,19.52,TORINO - Porta Susa,19.57,,,,,,,,,,,,,,,,,,,,,,,,,,,,,,,,,,,,,,,,,,,,,,,,,,,,,,,,,,,,,,
C0221,275/282,6,FER,A,PEROSA ARG.-pzza Terzo Alpini (Partenza),18.10,PINASCA,18.14,DUBBIONE - via Nazionale,18.15,VILLAR PEROSA - via Nazionale,18.20,S. GERMANO CHISONE,18.26,PORTE,18.28,S. MARTINO,18.30,ABBADIA ALPINA,18.36,PONTE LEMINA,18.37,PINEROLO - piazza Cavour,18.40,PINEROLO - Movicentro,18:42,,,,,,,,,,,,,,,,,,,,,,,,,,,,,,,,,,,,,,,,,,,,,,,,,,,,,,,,,,,,
C0222,275/282,123456,FER,,OULX - Stazione FS,16.45,OULX - Liceo,16.46,OULX - p.zza Garambois,16.48,CESANA TORINESE,17.05,SESTRIERE,17.30,PRAGELATO,17.50,FENESTRELLE - via Nazionale,18.10,PEROSA ARG.-pzza Terzo Alpini (Arrivo),18.40,PEROSA ARG.-pzza Terzo Alpini (Partenza),18.40,PINASCA,18.44,DUBBIONE - via Nazionale,18.45,VILLAR PEROSA - via Nazionale,18.50,S. GERMANO CHISONE,18.56,PORTE,18.58,S. MARTINO,19.00,ABBADIA ALPINA,19.06,PONTE LEMINA,19.07,PINEROLO - piazza Cavour,19.10,PINEROLO - Movicentro,19.16,PINEROLO - c.so Torino-MACUMBA,19.20,RIVA di Pinerolo,19.26,AIRASCA,D,NONE Bivio,I,CANDIOLO IRCCS-Centro Ricerche,R,TORINO - Porta Nuova,20.14,TORINO - Porta Susa,20.19,,,,,,,,,,,,,,,,,,,,,,,,,,,,,,
C0223,275/282,78,FEST,#,OULX - Stazione FS,17.15,OULX - Liceo,17.16,OULX - p.zza Garambois,17.18,CESANA TORINESE,17.35,SESTRIERE,18.00,,,,,,,,,,,,,,,,,,,,,,,,,,,,,,,,,,,,,,,,,,,,,,,,,,,,,,,,,,,,,,,,,,,,,,,,
C0224,275/282,78,FEST,J,SESTRIERE,18.00,PRAGELATO,18.20,FENESTRELLE - via Nazionale,18.40,PEROSA ARG.-pzza Terzo Alpini (Arrivo),19.10,PEROSA ARG.-pzza Terzo Alpini (Partenza),19.10,PINASCA,19.14,DUBBIONE - via Nazionale,19.15,VILLAR PEROSA - via Nazionale,19.20,S. GERMANO CHISONE,19.26,PORTE,19.28,S. MARTINO,19.30,ABBADIA ALPINA,19.36,PONTE LEMINA,19.37,PINEROLO - piazza Cavour,19.40,PINEROLO - Movicentro,19.46,PINEROLO - c.so Torino-MACUMBA,19.50,RIVA di Pinerolo,19.56,AIRASCA,D,NONE Bivio,I,CANDIOLO IRCCS-Centro Ricerche,R,TORINO - Porta Nuova,20.44,TORINO - Porta Susa,20.49,,,,,,,,,,,,,,,,,,,,,,,,,,,,,,,,,,,,,,
C0225,275/282,12345,FER,A,PEROSA ARG.-pzza Terzo Alpini (Partenza),19.40,PINASCA,19.44,DUBBIONE - via Nazionale,19.45,VILLAR PEROSA - via Nazionale,19.50,S. GERMANO CHISONE,19.56,PORTE,19.58,S. MARTINO,20.00,ABBADIA ALPINA,20.06,PONTE LEMINA,20.07,PINEROLO - piazza Cavour,20.10,PINEROLO - Movicentro,20.16,PINEROLO - c.so Torino-MACUMBA,20.20,RIVA di Pinerolo,20.26,AIRASCA,D,NONE Bivio,I,CANDIOLO IRCCS-Centro Ricerche,R,TORINO - Porta Nuova,21.14,TORINO - Porta Susa,21.19,,,,,,,,,,,,,,,,,,,,,,,,,,,,,,,,,,,,,,,,,,,,,,
C0226,275/282,12345,FER,A,PEROSA ARG.-pzza Terzo Alpini (Partenza),20.10,PINASCA,20.14,DUBBIONE - via Nazionale,20.15,VILLAR PEROSA - via Nazionale,20.20,S. GERMANO CHISONE,20.26,PORTE,20.28,S. MARTINO,20.30,ABBADIA ALPINA,20.36,PONTE LEMINA,20.37,PINEROLO - piazza Cavour,20.40,PINEROLO - Movicentro,20.46,PINEROLO - c.so Torino-MACUMBA,20.50,RIVA di Pinerolo,20.56,Bivio BOTTEGHE,21.01,AIRASCA,21.04,NONE Bivio,21.09,CANDIOLO IRCCS-Centro Ricerche,21.14,STUPINIGI - Palazzina di Caccia,21.24,TORINO - Porta Nuova,21.52,TORINO - Porta Susa,21.57,,,,,,,,,,,,,,,,,,,,,,,,,,,,,,,,,,,,,,,,,,
C0227,275/282,123456,FER,,OULX - Stazione FS,18.45,OULX - Liceo,18.46,OULX - p.zza Garambois,18.48,CESANA TORINESE,19.05,SESTRIERE,19.30,PRAGELATO,19.50,FENESTRELLE - via Nazionale,20.10,PEROSA ARG.-pzza Terzo Alpini (Arrivo),20.40,PEROSA ARG.-pzza Terzo Alpini (Partenza),20.40,PINASCA,20.44,DUBBIONE - via Nazionale,20.45,VILLAR PEROSA - via Nazionale,20.50,S. GERMANO CHISONE,20.56,PORTE,20.58,S. MARTINO,21.00,ABBADIA ALPINA,21.06,PONTE LEMINA,21.07,PINEROLO - piazza Cavour,21.10,PINEROLO - Movicentro,21:12,,,,,,,,,,,,,,,,,,,,,,,,,,,,,,,,,,,,,,,,,,,,
C0228,275/282,123456,FER,#,PINEROLO - Movicentro,21.16,PINEROLO - c.so Torino-MACUMBA,21.20,RIVA di Pinerolo,21.26,AIRASCA,D,NONE Bivio,I,CANDIOLO IRCCS-Centro Ricerche,R,TORINO - Porta Nuova,22.14,TORINO - Porta Susa,22.19,,,,,,,,,,,,,,,,,,,,,,,,,,,,,,,,,,,,,,,,,,,,,,,,,,,,,,,,,,,,,,,,,,
C0229,275/282,78,FEST,J,OULX - Stazione FS,19.15,OULX - Liceo,19.16,OULX - p.zza Garambois,19.18,CESANA TORINESE,19.35,SESTRIERE,20.00,PRAGELATO,20.20,FENESTRELLE - via Nazionale,20.40,PEROSA ARG.-pzza Terzo Alpini (Arrivo),21.10,PEROSA ARG.-pzza Terzo Alpini (Partenza),21.10,PINASCA,21.14,DUBBIONE - via Nazionale,21.15,VILLAR PEROSA - via Nazionale,21.20,S. GERMANO CHISONE,21.26,PORTE,21.28,S. MARTINO,21.30,ABBADIA ALPINA,21.36,PONTE LEMINA,21.37,PINEROLO - piazza Cavour,21.40,PINEROLO - Movicentro,21.46,PINEROLO - c.so Torino-MACUMBA,21.50,RIVA di Pinerolo,21.56,AIRASCA,D,NONE Bivio,I,CANDIOLO IRCCS-Centro Ricerche,R,TORINO - Porta Nuova,22.44,TORINO - Porta Susa,22.49,,,,,,,,,,,,,,,,,,,,,,,,,,,,,,
C0230,275/282,12345,FER,A,PEROSA ARG.-pzza Terzo Alpini (Partenza),21.10,PINASCA,21.14,DUBBIONE - via Nazionale,21.15,VILLAR PEROSA - via Nazionale,21.20,S. GERMANO CHISONE,21.26,PORTE,21.28,S. MARTINO,21.30,ABBADIA ALPINA,21.36,PONTE LEMINA,21.37,PINEROLO - piazza Cavour,21.40,PINEROLO - Movicentro,21.46,PINEROLO - c.so Torino-MACUMBA,21.50,RIVA di Pinerolo,21.56,Bivio BOTTEGHE,22.01,AIRASCA,22.04,NONE Bivio,22.09,CANDIOLO IRCCS-Centro Ricerche,22.14,STUPINIGI - Palazzina di Caccia,22.24,TORINO - Porta Nuova,22.52,TORINO - Porta Susa,22.57,,,,,,,,,,,,,,,,,,,,,,,,,,,,,,,,,,,,,,,,,,
C0231,275/282,123456,FER,A,PINEROLO - Movicentro,4:28,PINEROLO - piazza Cavour,4:30,PONTE LEMINA,4:33,ABBADIA ALPINA,4:34,S. MARTINO,4:40,PORTE,4:42,VILLAR PEROSA - via Nazionale,4:50,DUBBIONE - via Nazionale,4:55,PINASCA,4:56,PEROSA ARG.-pzza Terzo Alpini (Arrivo),5:00,PEROSA ARG.-pzza Terzo Alpini (Partenza),5:00,FENESTRELLE - via Nazionale,5:30,PRAGELATO,5:50,SESTRIERE,6:10,,,,,,,,,,,,,,,,,,,,,,,,,,,,,,,,,,,,,,,,,,,,,,,,,,,,,,
C0232,275/282,123456,FER,,PEROSA ARG.-pzza Terzo Alpini (Partenza),5.50,FENESTRELLE - via Nazionale,6.20,PRAGELATO,6.40,SESTRIERE,7.00,CESANA TORINESE,7.25,OULX - p.zza Garambois,7.42,OULX - Liceo,7.44,OULX - Stazione FS,7.45,,,,,,,,,,,,,,,,,,,,,,,,,,,,,,,,,,,,,,,,,,,,,,,,,,,,,,,,,,,,,,,,,,
C0233,275/282,78,FEST,J,PEROSA ARG.-pzza Terzo Alpini (Partenza),6.54,FENESTRELLE - via Nazionale,7.24,PRAGELATO,7.44,SESTRIERE,8.04,CESANA TORINESE,8.29,OULX - p.zza Garambois,8.46,OULX - Liceo,8.48,OULX - Stazione FS,8.49,,,,,,,,,,,,,,,,,,,,,,,,,,,,,,,,,,,,,,,,,,,,,,,,,,,,,,,,,,,,,,,,,,
C0234,275/282,12345,FER,A,PINEROLO - Movicentro,5.48,PINEROLO - piazza Cavour,5.50,PONTE LEMINA,5.53,ABBADIA ALPINA,5.54,S. MARTINO,6.00,PORTE,6.02,VILLAR PEROSA - via Nazionale,6.10,DUBBIONE - via Nazionale,6.15,PINASCA,6.16,PEROSA ARG.-pzza Terzo Alpini (Arrivo),6.20,,,,,,,,,,,,,,,,,,,,,,,,,,,,,,,,,,,,,,,,,,,,,,,,,,,,,,,,,,,,,,
C0235,275/282,12345,FER,A,PINEROLO - Movicentro,6.18,PINEROLO - piazza Cavour,6.20,PONTE LEMINA,6.23,ABBADIA ALPINA,6.24,S. MARTINO,6.30,PORTE,6.32,VILLAR PEROSA - via Nazionale,6.40,DUBBIONE - via Nazionale,6.45,PINASCA,6.46,PEROSA ARG.-pzza Terzo Alpini (Arrivo),6.50,PEROSA ARG.-pzza Terzo Alpini (Partenza),6.50,FENESTRELLE - via Nazionale,7.20,,,,,,,,,,,,,,,,,,,,,,,,,,,,,,,,,,,,,,,,,,,,,,,,,,,,,,,,,,
C0236,275/282,12345,FER,A,PINEROLO - Movicentro,7.18,PINEROLO - piazza Cavour,7.20,PONTE LEMINA,7.23,ABBADIA ALPINA,7.24,S. MARTINO,7.30,PORTE,7.32,VILLAR PEROSA - via Nazionale,7.40,DUBBIONE - via Nazionale,7.45,PINASCA,7.46,PEROSA ARG.-pzza Terzo Alpini (Arrivo),7.50,,,,,,,,,,,,,,,,,,,,,,,,,,,,,,,,,,,,,,,,,,,,,,,,,,,,,,,,,,,,,,
C0237,275/282,123456,FER,,TORINO - Porta Susa,6:33,TORINO - Porta Nuova,6:38,STUPINIGI - Palazzina di Caccia,7:06,CANDIOLO IRCCS-Centro Ricerche,7:16,NONE Bivio,7:21,AIRASCA,7:26,Bivio BOTTEGHE,7:29,RIVA di Pinerolo,7:34,PINEROLO - c.so Torino-MACUMBA,7:40,PINEROLO - Movicentro,7.48,PINEROLO - piazza Cavour,7.50,PONTE LEMINA,7.53,ABBADIA ALPINA,7.54,S. MARTINO,8.00,PORTE,8.02,VILLAR PEROSA - via Nazionale,8.10,DUBBIONE - via Nazionale,8.15,PINASCA,8.16,PEROSA ARG.-pzza Terzo Alpini (Arrivo),8.20,PEROSA ARG.-pzza Terzo Alpini (Partenza),8.20,FENESTRELLE - via Nazionale,8.50,PRAGELATO,9.10,SESTRIERE,9.30,CESANA TORINESE,9.55,OULX - p.zza Garambois,10.12,OULX - Liceo,10.14,OULX - Stazione FS,10.15,,,,,,,,,,,,,,,,,,,,,,,,,,,,
C0238,275/282,12345,FER,I,TORINO - Porta Susa,6.43,TORINO - Porta Nuova,6.48,STUPINIGI - Palazzina di Caccia,7.16,CANDIOLO IRCCS-Centro Ricerche,7.26,NONE Bivio,7.31,AIRASCA,7.36,Bivio BOTTEGHE,7.39,RIVA di Pinerolo,7.44,PINEROLO - c.so Torino-MACUMBA,7.50,PINEROLO - Movicentro,7.58,PINEROLO - piazza Cavour,8.00,,,,,,,,,,,,,,,,,,,,,,,,,,,,,,,,,,,,,,,,,,,,,,,,,,,,,,,,,,,,
C0239,275/282,12345,FER,I,TORINO - Porta Susa,6.53,TORINO - Porta Nuova,6.58,STUPINIGI - Palazzina di Caccia,7.26,CANDIOLO IRCCS-Centro Ricerche,7.36,NONE Bivio,7.41,AIRASCA,7.46,Bivio BOTTEGHE,7.49,RIVA di Pinerolo,7.54,PINEROLO - c.so Torino-MACUMBA,8.00,PINEROLO - Movicentro,8.08,PINEROLO - piazza Cavour,8.10,PONTE LEMINA,8.13,ABBADIA ALPINA,8.14,S. MARTINO,8.20,PORTE,8.22,VILLAR PEROSA - via Nazionale,8.30,DUBBIONE - via Nazionale,8.35,PINASCA,8.36,PEROSA ARG.-pzza Terzo Alpini (Arrivo),8.40,,,,,,,,,,,,,,,,,,,,,,,,,,,,,,,,,,,,,,,,,,,,
C0240,275/282,12345,FER,A,PINEROLO - piazza Cavour,8.10,PONTE LEMINA,8.13,ABBADIA ALPINA,8.14,S. MARTINO,8.20,PORTE,8.22,VILLAR PEROSA - via Nazionale,8.30,DUBBIONE - via Nazionale,8.35,PINASCA,8.36,PEROSA ARG.-pzza Terzo Alpini (Arrivo),8.40,,,,,,,,,,,,,,,,,,,,,,,,,,,,,,,,,,,,,,,,,,,,,,,,,,,,,,,,,,,,,,,,
C0241,275/282,6,SCO,Scol,PINEROLO - piazza Cavour,8.20,PONTE LEMINA,8.23,ABBADIA ALPINA,8.24,S. MARTINO,8.30,PORTE,8.32,VILLAR PEROSA - via Nazionale,8.40,DUBBIONE - via Nazionale,8.45,PINASCA,8.46,PEROSA ARG.-pzza Terzo Alpini (Arrivo),8.50,,,,,,,,,,,,,,,,,,,,,,,,,,,,,,,,,,,,,,,,,,,,,,,,,,,,,,,,,,,,,,,,
C0242,275/282,78,FEST,J,TORINO - Porta Susa,7.15,TORINO - Porta Nuova,7.20,STUPINIGI - Palazzina di Caccia,D,CANDIOLO IRCCS-Centro Ricerche,I,NONE Bivio,R,RIVA di Pinerolo,8.08,PINEROLO - c.so Torino-MACUMBA,8.14,PINEROLO - Movicentro,8.22,PINEROLO - piazza Cavour,8.24,PONTE LEMINA,8.27,ABBADIA ALPINA,8.28,S. MARTINO,8.34,PORTE,8.36,VILLAR PEROSA - via Nazionale,8.44,DUBBIONE - via Nazionale,8.49,PINASCA,8.50,PEROSA ARG.-pzza Terzo Alpini (Arrivo),8.54,PEROSA ARG.-pzza Terzo Alpini (Partenza),8.54,FENESTRELLE - via Nazionale,9.24,PRAGELATO,9.44,SESTRIERE,10.04,CESANA TORINESE,10.29,OULX - p.zza Garambois,10.46,OULX - Liceo,10.48,OULX - Stazione FS,10.49,,,,,,,,,,,,,,,,,,,,,,,,,,,,,,,,
C0243,275/282,123456,FER,,TORINO - Porta Susa,7.41,TORINO - Porta Nuova,7.46,STUPINIGI - Palazzina di Caccia,D,CANDIOLO IRCCS-Centro Ricerche,I,NONE Bivio,R,RIVA di Pinerolo,8.34,PINEROLO - c.so Torino-MACUMBA,8.40,PINEROLO - Movicentro,8.48,PINEROLO - piazza Cavour,8.50,PONTE LEMINA,8.53,ABBADIA ALPINA,8.54,S. MARTINO,9.00,PORTE,9.02,VILLAR PEROSA - via Nazionale,9.10,DUBBIONE - via Nazionale,9.15,PINASCA,9.16,PEROSA ARG.-pzza Terzo Alpini (Arrivo),9.20,PEROSA ARG.-pzza Terzo Alpini (Partenza),9.20,FENESTRELLE - via Nazionale,9.50,PRAGELATO,10.10,SESTRIERE,10.30,CESANA TORINESE,10.55,OULX - p.zza Garambois,11.12,OULX - Liceo,11.14,OULX - Stazione FS,11.15,,,,,,,,,,,,,,,,,,,,,,,,,,,,,,,,
C0244,275/282,12345,FER,,TORINO - Porta Susa,8.03,TORINO - Porta Nuova,8.08,STUPINIGI - Palazzina di Caccia,8.36,CANDIOLO IRCCS-Centro Ricerche,8.46,NONE Bivio,8.51,AIRASCA,8.56,Bivio BOTTEGHE,8.59,RIVA di Pinerolo,9.04,PINEROLO - c.so Torino-MACUMBA,9.10,PINEROLO - Movicentro,9.18,PINEROLO - piazza Cavour,9.20,PONTE LEMINA,9.23,ABBADIA ALPINA,9.24,S. MARTINO,9.30,PORTE,9.32,VILLAR PEROSA - via Nazionale,9.40,DUBBIONE - via Nazionale,9.45,PINASCA,9.46,PEROSA ARG.-pzza Terzo Alpini (Arrivo),9.50,,,,,,,,,,,,,,,,,,,,,,,,,,,,,,,,,,,,,,,,,,,,
C0245,275/282,12345,FER,A,TORINO - Porta Susa,8.11,TORINO - Porta Nuova,8.16,STUPINIGI - Palazzina di Caccia,D,CANDIOLO IRCCS-Centro Ricerche,I,NONE Bivio,R,RIVA di Pinerolo,9.04,PINEROLO - c.so Torino-MACUMBA,9.10,PINEROLO - Movicentro,9.18,PINEROLO - piazza Cavour,9.20,,,,,,,,,,,,,,,,,,,,,,,,,,,,,,,,,,,,,,,,,,,,,,,,,,,,,,,,,,,,,,,,
C0246,275/282,12345,FER,A,TORINO - Porta Susa,8.41,TORINO - Porta Nuova,8.46,STUPINIGI - Palazzina di Caccia,D,CANDIOLO IRCCS-Centro Ricerche,I,NONE Bivio,R,RIVA di Pinerolo,9.34,PINEROLO - c.so Torino-MACUMBA,9.40,PINEROLO - Movicentro,9.48,PINEROLO - piazza Cavour,9.50,PONTE LEMINA,9.53,ABBADIA ALPINA,9.54,S. MARTINO,10.00,PORTE,10.02,VILLAR PEROSA - via Nazionale,10.10,DUBBIONE - via Nazionale,10.15,PINASCA,10.16,PEROSA ARG.-pzza Terzo Alpini (Arrivo),10.20,PEROSA ARG.-pzza Terzo Alpini (Partenza),10.20,FENESTRELLE - via Nazionale,10.50,,,,,,,,,,,,,,,,,,,,,,,,,,,,,,,,,,,,,,,,,,,,
C0247,275/282,123456,FER,A,TORINO - Porta Susa,9.03,TORINO - Porta Nuova,9.08,STUPINIGI - Palazzina di Caccia,9.36,CANDIOLO IRCCS-Centro Ricerche,9.46,NONE Bivio,9.51,AIRASCA,9.56,Bivio BOTTEGHE,9.59,RIVA di Pinerolo,10.04,PINEROLO - c.so Torino-MACUMBA,10.10,PINEROLO - Movicentro,10.18,PINEROLO - piazza Cavour,10.20,PONTE LEMINA,10.23,ABBADIA ALPINA,10.24,S. MARTINO,10.30,PORTE,10.32,VILLAR PEROSA - via Nazionale,10.40,DUBBIONE - via Nazionale,10.45,PINASCA,10.46,PEROSA ARG.-pzza Terzo Alpini (Arrivo),10.50,,,,,,,,,,,,,,,,,,,,,,,,,,,,,,,,,,,,,,,,,,,,
C0248,275/282,78,FEST,J,TORINO - Porta Susa,9.15,TORINO - Porta Nuova,9.20,STUPINIGI - Palazzina di Caccia,D,CANDIOLO IRCCS-Centro Ricerche,I,NONE Bivio,R,RIVA di Pinerolo,10.08,PINEROLO - c.so Torino-MACUMBA,10.14,PINEROLO - Movicentro,10.22,PINEROLO - piazza Cavour,10.24,PONTE LEMINA,10.27,ABBADIA ALPINA,10.28,S. MARTINO,10.34,PORTE,10.36,VILLAR PEROSA - via Nazionale,10.44,DUBBIONE - via Nazionale,10.49,PINASCA,10.50,PEROSA ARG.-pzza Terzo Alpini (Arrivo),10.54,PEROSA ARG.-pzza Terzo Alpini (Partenza),10.54,FENESTRELLE - via Nazionale,11.24,PRAGELATO,11.44,SESTRIERE,12.04,,,,,,,,,,,,,,,,,,,,,,,,,,,,,,,,,,,,,,,,
C0249,275/282,78,FEST,#,SESTRIERE,12.04,CESANA TORINESE,12.29,OULX - p.zza Garambois,12.46,OULX - Liceo,12.48,OULX - Stazione FS,12.49,,,,,,,,,,,,,,,,,,,,,,,,,,,,,,,,,,,,,,,,,,,,,,,,,,,,,,,,,,,,,,,,,,,,,,,,
C0250,275/282,12345,FER,A,TORINO - Porta Susa,9.33,TORINO - Porta Nuova,9.38,STUPINIGI - Palazzina di Caccia,10.06,CANDIOLO IRCCS-Centro Ricerche,10.16,NONE Bivio,10.21,AIRASCA,10.26,Bivio BOTTEGHE,10.29,RIVA di Pinerolo,10.34,PINEROLO - c.so Torino-MACUMBA,10.40,PINEROLO - Movicentro,10.44,,,,,,,,,,,,,,,,,,,,,,,,,,,,,,,,,,,,,,,,,,,,,,,,,,,,,,,,,,,,,,
C0251,275/282,123456,FER,,TORINO - Porta Susa,9.41,TORINO - Porta Nuova,9.46,STUPINIGI - Palazzina di Caccia,D,CANDIOLO IRCCS-Centro Ricerche,I,NONE Bivio,R,RIVA di Pinerolo,10.34,PINEROLO - c.so Torino-MACUMBA,10.40,PINEROLO - Movicentro,10.48,PINEROLO - piazza Cavour,10.50,PONTE LEMINA,10.53,ABBADIA ALPINA,10.54,S. MARTINO,11.00,PORTE,11.02,VILLAR PEROSA - via Nazionale,11.10,DUBBIONE - via Nazionale,11.15,PINASCA,11.16,PEROSA ARG.-pzza Terzo Alpini (Arrivo),11.20,PEROSA ARG.-pzza Terzo Alpini (Partenza),11.20,FENESTRELLE - via Nazionale,11.50,PRAGELATO,12.10,SESTRIERE,12.30,CESANA TORINESE,12.55,OULX - p.zza Garambois,13.12,OULX - Liceo,13.14,OULX - Stazione FS,13.15,,,,,,,,,,,,,,,,,,,,,,,,,,,,,,,,
C0252,275/282,12345,FER,#,TORINO - Porta Susa,10.03,TORINO - Porta Nuova,10.08,STUPINIGI - Palazzina di Caccia,10.36,CANDIOLO IRCCS-Centro Ricerche,10.46,NONE Bivio,10.51,AIRASCA,10.56,Bivio BOTTEGHE,10.59,RIVA di Pinerolo,11.04,PINEROLO - c.so Torino-MACUMBA,11.10,PINEROLO - Movicentro,11.14,,,,,,,,,,,,,,,,,,,,,,,,,,,,,,,,,,,,,,,,,,,,,,,,,,,,,,,,,,,,,,
C0253,275/282,12345,FER,A,PINEROLO - Movicentro,11.18,PINEROLO - piazza Cavour,11.20,PONTE LEMINA,11.23,ABBADIA ALPINA,11.24,S. MARTINO,11.30,PORTE,11.32,VILLAR PEROSA - via Nazionale,11.40,DUBBIONE - via Nazionale,11.45,PINASCA,11.46,PEROSA ARG.-pzza Terzo Alpini (Arrivo),11.50,,,,,,,,,,,,,,,,,,,,,,,,,,,,,,,,,,,,,,,,,,,,,,,,,,,,,,,,,,,,,,
C0254,275/282,12345,FER,A,TORINO - Porta Susa,10.41,TORINO - Porta Nuova,10.46,STUPINIGI - Palazzina di Caccia,D,CANDIOLO IRCCS-Centro Ricerche,I,NONE Bivio,R,RIVA di Pinerolo,11.34,PINEROLO - c.so Torino-MACUMBA,11.40,PINEROLO - Movicentro,11.48,PINEROLO - piazza Cavour,11.50,PONTE LEMINA,11.53,ABBADIA ALPINA,11.54,S. MARTINO,12.00,PORTE,12.02,VILLAR PEROSA - via Nazionale,12.10,DUBBIONE - via Nazionale,12.15,PINASCA,12.16,PEROSA ARG.-pzza Terzo Alpini (Arrivo),12.20,PEROSA ARG.-pzza Terzo Alpini (Partenza),12.20,FENESTRELLE - via Nazionale,12.50,,,,,,,,,,,,,,,,,,,,,,,,,,,,,,,,,,,,,,,,,,,,
C0255,275/282,6,FER,A,TORINO - Porta Susa,10.41,TORINO - Porta Nuova,10.46,STUPINIGI - Palazzina di Caccia,D,CANDIOLO IRCCS-Centro Ricerche,I,NONE Bivio,R,RIVA di Pinerolo,11.34,PINEROLO - c.so Torino-MACUMBA,11.40,PINEROLO - Movicentro,11.48,PINEROLO - piazza Cavour,11.50,,,,,,,,,,,,,,,,,,,,,,,,,,,,,,,,,,,,,,,,,,,,,,,,,,,,,,,,,,,,,,,,
C0256,275/282,78,FEST,J,TORINO - Porta Susa,10.41,TORINO - Porta Nuova,10.46,STUPINIGI - Palazzina di Caccia,11.14,CANDIOLO IRCCS-Centro Ricerche,11.24,NONE Bivio,11.29,AIRASCA,11.34,Bivio BOTTEGHE,11.37,RIVA di Pinerolo,11.42,PINEROLO - c.so Torino-MACUMBA,11.48,PINEROLO - Movicentro,11.56,PINEROLO - piazza Cavour,11.58,,,,,,,,,,,,,,,,,,,,,,,,,,,,,,,,,,,,,,,,,,,,,,,,,,,,,,,,,,,,
C0257,275/282,12345,FER,#,TORINO - Porta Susa,11.03,TORINO - Porta Nuova,11.08,STUPINIGI - Palazzina di Caccia,11.36,CANDIOLO IRCCS-Centro Ricerche,11.46,NONE Bivio,11.51,AIRASCA,11.56,Bivio BOTTEGHE,11.59,RIVA di Pinerolo,12.04,PINEROLO - c.so Torino-MACUMBA,12.10,PINEROLO - Movicentro,12.18,PINEROLO - piazza Cavour,12.20,PONTE LEMINA,12.23,ABBADIA ALPINA,12.24,S. MARTINO,12.30,PORTE,12.32,VILLAR PEROSA - via Nazionale,12.40,DUBBIONE - via Nazionale,12.45,PINASCA,12.46,PEROSA ARG.-pzza Terzo Alpini (Arrivo),12.50,,,,,,,,,,,,,,,,,,,,,,,,,,,,,,,,,,,,,,,,,,,,
C0258,275/282,12345,FER,A,PEROSA ARG.-pzza Terzo Alpini (Partenza),12.50,FENESTRELLE - via Nazionale,13.20,,,,,,,,,,,,,,,,,,,,,,,,,,,,,,,,,,,,,,,,,,,,,,,,,,,,,,,,,,,,,,,,,,,,,,,,,,,,,,
C0259,275/282,78,FEST,J,PINEROLO - piazza Cavour,12.24,PONTE LEMINA,12.27,ABBADIA ALPINA,12.28,S. MARTINO,12.34,PORTE,12.36,VILLAR PEROSA - via Nazionale,12.44,DUBBIONE - via Nazionale,12.49,PINASCA,12.50,PEROSA ARG.-pzza Terzo Alpini (Arrivo),12.54,PEROSA ARG.-pzza Terzo Alpini (Partenza),12.54,FENESTRELLE - via Nazionale,13.24,PRAGELATO,13.44,SESTRIERE,14.04,CESANA TORINESE,14.29,OULX - p.zza Garambois,14.46,OULX - Liceo,14.48,OULX - Stazione FS,14.49,,,,,,,,,,,,,,,,,,,,,,,,,,,,,,,,,,,,,,,,,,,,,,,,
C0260,275/282,123456,FER,,TORINO - Porta Susa,11.41,TORINO - Porta Nuova,11.46,STUPINIGI - Palazzina di Caccia,D,CANDIOLO IRCCS-Centro Ricerche,I,NONE Bivio,R,RIVA di Pinerolo,12.34,PINEROLO - c.so Torino-MACUMBA,12.40,PINEROLO - Movicentro,12.48,PINEROLO - piazza Cavour,12.50,PONTE LEMINA,12.53,ABBADIA ALPINA,12.54,S. MARTINO,13.00,PORTE,13.02,VILLAR PEROSA - via Nazionale,13.10,DUBBIONE - via Nazionale,13.15,PINASCA,13.16,PEROSA ARG.-pzza Terzo Alpini (Arrivo),13.20,PEROSA ARG.-pzza Terzo Alpini (Partenza),13.20,FENESTRELLE - via Nazionale,13.50,PRAGELATO,14.10,SESTRIERE,14.30,CESANA TORINESE,14.55,OULX - p.zza Garambois,15.12,OULX - Liceo,15.14,OULX - Stazione FS,15.15,,,,,,,,,,,,,,,,,,,,,,,,,,,,,,,,
C0261,275/282,12345,FER,A,TORINO - Porta Susa,12.03,TORINO - Porta Nuova,12.08,STUPINIGI - Palazzina di Caccia,12.38,CANDIOLO IRCCS-Centro Ricerche,12.46,NONE Bivio,12.51,AIRASCA,12.56,Bivio BOTTEGHE,12.59,RIVA di Pinerolo,13.04,PINEROLO - c.so Torino-MACUMBA,13.10,PINEROLO - Movicentro,13.18,PINEROLO - piazza Cavour,13.20,PONTE LEMINA,13.23,ABBADIA ALPINA,13.24,S. MARTINO,13.30,PORTE,13.32,VILLAR PEROSA - via Nazionale,13.40,DUBBIONE - via Nazionale,13.45,PINASCA,13.46,PEROSA ARG.-pzza Terzo Alpini (Arrivo),13.50,,,,,,,,,,,,,,,,,,,,,,,,,,,,,,,,,,,,,,,,,,,,
C0262,275/282,6,FER,A,TORINO - Porta Susa,12.31,TORINO - Porta Nuova,12.36,STUPINIGI - Palazzina di Caccia,D,CANDIOLO IRCCS-Centro Ricerche,I,NONE Bivio,R,RIVA di Pinerolo,13.24,PINEROLO Centro Studi,13.30,PINEROLO - c.so Torino-MACUMBA,13:29,PINEROLO - Movicentro,13.38,PINEROLO - piazza Cavour,13.40,PONTE LEMINA,13.43,ABBADIA ALPINA,13.44,S. MARTINO,13.50,PORTE,13.52,VILLAR PEROSA - via Nazionale,14.00,DUBBIONE - via Nazionale,14.05,PINASCA,14.06,PEROSA ARG.-pzza Terzo Alpini (Arrivo),14.10,PEROSA ARG.-pzza Terzo Alpini (Partenza),14.10,FENESTRELLE - via Nazionale,14:40,PRAGELATO,15:00,SESTRIERE,15:20,,,,,,,,,,,,,,,,,,,,,,,,,,,,,,,,,,,,,,
C0263,275/282,123456,FER,A,PINEROLO - Movicentro,13.48,PINEROLO - piazza Cavour,13.50,PONTE LEMINA,13.53,ABBADIA ALPINA,13.54,S. MARTINO,14.00,PORTE,14.02,VILLAR PEROSA - via Nazionale,14.10,DUBBIONE - via Nazionale,14.15,PINASCA,14.16,PEROSA ARG.-pzza Terzo Alpini (Arrivo),14.20,,,,,,,,,,,,,,,,,,,,,,,,,,,,,,,,,,,,,,,,,,,,,,,,,,,,,,,,,,,,,,
C0264,275/282,12345,FER,A,TORINO - Porta Susa,12.41,TORINO - Porta Nuova,12.46,STUPINIGI - Palazzina di Caccia,D,CANDIOLO IRCCS-Centro Ricerche,I,NONE Bivio,R,RIVA di Pinerolo,13.34,PINEROLO - c.so Torino-MACUMBA,13.40,PINEROLO - Movicentro,13.48,PINEROLO - piazza Cavour,13.50,PONTE LEMINA,13.53,ABBADIA ALPINA,13.54,S. MARTINO,14.00,PORTE,14.02,VILLAR PEROSA - via Nazionale,14.10,DUBBIONE - via Nazionale,14.15,PINASCA,14.16,PEROSA ARG.-pzza Terzo Alpini (Arrivo),14.20,PEROSA ARG.-pzza Terzo Alpini (Partenza),14.20,FENESTRELLE - via Nazionale,14.50,PRAGELATO,15.10,SESTRIERE,15.30,,,,,,,,,,,,,,,,,,,,,,,,,,,,,,,,,,,,,,,,
C0265,275/282,12345,FER,A,TORINO - Porta Susa,13.03,TORINO - Porta Nuova,13.08,STUPINIGI - Palazzina di Caccia,13.36,CANDIOLO IRCCS-Centro Ricerche,13.46,NONE Bivio,13.51,AIRASCA,13.56,Bivio BOTTEGHE,13.59,RIVA di Pinerolo,14.04,PINEROLO - c.so Torino-MACUMBA,14.10,PINEROLO - Movicentro,14.18,PINEROLO - piazza Cavour,14.20,PONTE LEMINA,14.23,ABBADIA ALPINA,14.24,S. MARTINO,14.30,PORTE,14.32,VILLAR PEROSA - via Nazionale,14.40,DUBBIONE - via Nazionale,14.45,PINASCA,14.46,PEROSA ARG.-pzza Terzo Alpini (Arrivo),14.50,,,,,,,,,,,,,,,,,,,,,,,,,,,,,,,,,,,,,,,,,,,,
C0266,275/282,78,FEST,J,PINEROLO - piazza Cavour,14.24,PONTE LEMINA,14.27,ABBADIA ALPINA,14.28,S. MARTINO,14.34,PORTE,14.36,VILLAR PEROSA - via Nazionale,14.44,DUBBIONE - via Nazionale,14.49,PINASCA,14.50,PEROSA ARG.-pzza Terzo Alpini (Arrivo),14.54,PEROSA ARG.-pzza Terzo Alpini (Partenza),14.54,FENESTRELLE - via Nazionale,15.24,PRAGELATO,15.44,SESTRIERE,16.04,CESANA TORINESE,16.29,OULX - p.zza Garambois,16.46,OULX - Liceo,16.48,OULX - Stazione FS,16.49,,,,,,,,,,,,,,,,,,,,,,,,,,,,,,,,,,,,,,,,,,,,,,,,
C0267,275/282,12345,FER,A,TORINO - Porta Susa,13.33,TORINO - Porta Nuova,13.38,STUPINIGI - Palazzina di Caccia,14.06,CANDIOLO IRCCS-Centro Ricerche,14.16,NONE Bivio,14.21,AIRASCA,14.26,Bivio BOTTEGHE,14.29,RIVA di Pinerolo,14.34,PINEROLO - c.so Torino-MACUMBA,14.40,PINEROLO - Movicentro,14.44,,,,,,,,,,,,,,,,,,,,,,,,,,,,,,,,,,,,,,,,,,,,,,,,,,,,,,,,,,,,,,
C0268,275/282,123456,FER,,TORINO - Porta Susa,13.41,TORINO - Porta Nuova,13.46,STUPINIGI - Palazzina di Caccia,D,CANDIOLO IRCCS-Centro Ricerche,I,NONE Bivio,R,RIVA di Pinerolo,14.34,PINEROLO - c.so Torino-MACUMBA,14.40,PINEROLO - Movicentro,14.48,PINEROLO - piazza Cavour,14.50,PONTE LEMINA,14.53,ABBADIA ALPINA,14.54,S. MARTINO,15.00,PORTE,15.02,VILLAR PEROSA - via Nazionale,15.10,DUBBIONE - via Nazionale,15.15,PINASCA,15.16,PEROSA ARG.-pzza Terzo Alpini (Arrivo),15.20,PEROSA ARG.-pzza Terzo Alpini (Partenza),15.20,FENESTRELLE - via Nazionale,15.50,PRAGELATO,16.10,SESTRIERE,16.30,CESANA TORINESE,16.55,OULX - p.zza Garambois,17.12,OULX - Liceo,17.14,OULX - Stazione FS,17.15,,,,,,,,,,,,,,,,,,,,,,,,,,,,,,,,
C0269,275/282,12345,FER,A,TORINO - Porta Susa,14.03,TORINO - Porta Nuova,14.08,STUPINIGI - Palazzina di Caccia,14.36,CANDIOLO IRCCS-Centro Ricerche,14.46,NONE Bivio,14.51,AIRASCA,14.56,Bivio BOTTEGHE,14.59,RIVA di Pinerolo,15.04,PINEROLO - c.so Torino-MACUMBA,15.10,PINEROLO - Movicentro,15.18,PINEROLO - piazza Cavour,15.20,PONTE LEMINA,15.23,ABBADIA ALPINA,15.24,S. MARTINO,15.30,PORTE,15.32,VILLAR PEROSA - via Nazionale,15.40,DUBBIONE - via Nazionale,15.45,PINASCA,15.46,PEROSA ARG.-pzza Terzo Alpini (Arrivo),15.50,,,,,,,,,,,,,,,,,,,,,,,,,,,,,,,,,,,,,,,,,,,,
C0270,275/282,78,FEST,J,TORINO - Porta Susa,14.03,TORINO - Porta Nuova,14.08,STUPINIGI - Palazzina di Caccia,14.36,CANDIOLO IRCCS-Centro Ricerche,14.46,NONE Bivio,14.51,AIRASCA,14.56,Bivio BOTTEGHE,14.59,RIVA di Pinerolo,15.04,PINEROLO - c.so Torino-MACUMBA,15.10,PINEROLO - Movicentro,15.18,PINEROLO - piazza Cavour,15.20,PONTE LEMINA,15.23,ABBADIA ALPINA,15.24,S. MARTINO,15.30,PORTE,15.32,VILLAR PEROSA - via Nazionale,15.40,DUBBIONE - via Nazionale,15.45,PINASCA,15.46,PEROSA ARG.-pzza Terzo Alpini (Arrivo),15.50,,,,,,,,,,,,,,,,,,,,,,,,,,,,,,,,,,,,,,,,,,,,
C0271,275/282,123456,FER,,TORINO - Porta Susa,14.41,TORINO - Porta Nuova,14.46,STUPINIGI - Palazzina di Caccia,D,CANDIOLO IRCCS-Centro Ricerche,I,NONE Bivio,R,RIVA di Pinerolo,15.34,PINEROLO - c.so Torino-MACUMBA,15.40,PINEROLO - Movicentro,15.48,PINEROLO - piazza Cavour,15.50,PONTE LEMINA,15.53,ABBADIA ALPINA,15.54,S. MARTINO,16.00,PORTE,16.02,VILLAR PEROSA - via Nazionale,16.10,DUBBIONE - via Nazionale,16.15,PINASCA,16.16,PEROSA ARG.-pzza Terzo Alpini (Arrivo),16.20,,,,,,,,,,,,,,,,,,,,,,,,,,,,,,,,,,,,,,,,,,,,,,,,
C0272,275/282,123456,FER,,TORINO - Porta Susa,15.03,TORINO - Porta Nuova,15.08,STUPINIGI - Palazzina di Caccia,15.36,CANDIOLO IRCCS-Centro Ricerche,15.46,NONE Bivio,15.51,AIRASCA,15.56,Bivio BOTTEGHE,15.59,RIVA di Pinerolo,16.04,PINEROLO - c.so Torino-MACUMBA,16.10,PINEROLO - Movicentro,16.18,PINEROLO - piazza Cavour,16.20,,,,,,,,,,,,,,,,,,,,,,,,,,,,,,,,,,,,,,,,,,,,,,,,,,,,,,,,,,,,
C0273,275/282,12345,FER,A,PINEROLO - piazza Cavour,16.20,PONTE LEMINA,16.23,ABBADIA ALPINA,16.24,S. MARTINO,16.30,PORTE,16.32,VILLAR PEROSA - via Nazionale,16.40,,,,,,,,,,,,,,,,,,,,,,,,,,,,,,,,,,,,,,,,,,,,,,,,,,,,,,,,,,,,,,,,,,,,,,
C0274,275/282,12345,FER,A,TORINO - Porta Susa,15.11,TORINO - Porta Nuova,15.16,STUPINIGI - Palazzina di Caccia,D,CANDIOLO IRCCS-Centro Ricerche,I,NONE Bivio,R,RIVA di Pinerolo,16.04,PINEROLO - c.so Torino-MACUMBA,16.10,PINEROLO - Movicentro,16.18,PINEROLO - piazza Cavour,16.20,PONTE LEMINA,16.23,ABBADIA ALPINA,16.24,S. MARTINO,16.30,PORTE,16.32,VILLAR PEROSA - via Nazionale,16.40,DUBBIONE - via Nazionale,16.45,PINASCA,16.46,PEROSA ARG.-pzza Terzo Alpini (Arrivo),16.50,,,,,,,,,,,,,,,,,,,,,,,,,,,,,,,,,,,,,,,,,,,,,,,,
C0275,275/282,78,FEST,J,TORINO - Porta Susa,15.15,TORINO - Porta Nuova,15.20,STUPINIGI - Palazzina di Caccia,D,CANDIOLO IRCCS-Centro Ricerche,I,NONE Bivio,R,RIVA di Pinerolo,16.08,PINEROLO - c.so Torino-MACUMBA,16.14,PINEROLO - Movicentro,16.22,PINEROLO - piazza Cavour,16.24,PONTE LEMINA,16.27,ABBADIA ALPINA,16.28,S. MARTINO,16.34,PORTE,16.36,VILLAR PEROSA - via Nazionale,16.44,DUBBIONE - via Nazionale,16.49,PINASCA,16.50,PEROSA ARG.-pzza Terzo Alpini (Arrivo),16.54,PEROSA ARG.-pzza Terzo Alpini (Partenza),16.54,FENESTRELLE - via Nazionale,17.24,PRAGELATO,17.44,SESTRIERE,18.04,,,,,,,,,,,,,,,,,,,,,,,,,,,,,,,,,,,,,,,,
C0276,275/282,78,FEST,#,SESTRIERE,18.04,CESANA TORINESE,18.29,OULX - p.zza Garambois,18.46,OULX - Liceo,18.48,OULX - Stazione FS,18.49,,,,,,,,,,,,,,,,,,,,,,,,,,,,,,,,,,,,,,,,,,,,,,,,,,,,,,,,,,,,,,,,,,,,,,,,
C0277,275/282,12345,FER,A,TORINO - Porta Susa,15.41,TORINO - Porta Nuova,15.46,STUPINIGI - Palazzina di Caccia,D,CANDIOLO IRCCS-Centro Ricerche,I,NONE Bivio,R,RIVA di Pinerolo,16.34,PINEROLO - c.so Torino-MACUMBA,16.40,PINEROLO - Movicentro,16.48,PINEROLO - piazza Cavour,16.50,PONTE LEMINA,16.53,ABBADIA ALPINA,16.54,S. MARTINO,17.00,PORTE,17.02,VILLAR PEROSA - via Nazionale,17.10,DUBBIONE - via Nazionale,17.15,PINASCA,17.16,PEROSA ARG.-pzza Terzo Alpini (Arrivo),17.20,,,,,,,,,,,,,,,,,,,,,,,,,,,,,,,,,,,,,,,,,,,,,,,,
C0278,275/282,12345,FER,A,TORINO - Porta Susa,16.03,TORINO - Porta Nuova,16.08,TORINO - Piazza Carducci,16.16,STUPINIGI - Palazzina di Caccia,16.36,CANDIOLO IRCCS-Centro Ricerche,16.46,NONE Bivio,16.51,AIRASCA,16.56,Bivio BOTTEGHE,16.59,RIVA di Pinerolo,17.04,PINEROLO - c.so Torino-MACUMBA,17.10,PINEROLO - Movicentro,17.18,PINEROLO - piazza Cavour,17.20,PONTE LEMINA,17.23,ABBADIA ALPINA,17.24,S. MARTINO,17.30,PORTE,17.32,VILLAR PEROSA - via Nazionale,17.40,DUBBIONE - via Nazionale,17.45,PINASCA,17.46,PEROSA ARG.-pzza Terzo Alpini (Arrivo),17.50,,,,,,,,,,,,,,,,,,,,,,,,,,,,,,,,,,,,,,,,,,
C0279,275/282,6,FER,A,TORINO - Porta Susa,16.03,TORINO - Porta Nuova,16.08,TORINO - Piazza Carducci,16.16,STUPINIGI - Palazzina di Caccia,16.36,CANDIOLO IRCCS-Centro Ricerche,16.46,NONE Bivio,16.51,AIRASCA,16.56,Bivio BOTTEGHE,16.59,RIVA di Pinerolo,17.04,PINEROLO - c.so Torino-MACUMBA,17.10,PINEROLO - Movicentro,17.18,PINEROLO - piazza Cavour,17.20,,,,,,,,,,,,,,,,,,,,,,,,,,,,,,,,,,,,,,,,,,,,,,,,,,,,,,,,,,
C0280,275/282,12345,FER,A,TORINO - Porta Susa,16.15,TORINO - Porta Nuova,16.22,STUPINIGI - Palazzina di Caccia,D,CANDIOLO IRCCS-Centro Ricerche,I,NONE Bivio,R,RIVA di Pinerolo,17:10,PINEROLO - c.so Torino-MACUMBA,17:16,PINEROLO - piazza Cavour,17:27,PONTE LEMINA,P,ABBADIA ALPINA,E,S. MARTINO,R,VILLAR PEROSA - via Nazionale,O,DUBBIONE - via Nazionale,R,PINASCA,R,PEROSA ARG.-pzza Terzo Alpini (Arrivo),E,PEROSA ARG.-pzza Terzo Alpini (Partenza),F,FENESTRELLE - via Nazionale,S,,,,,,,,,,,,,,,,,,,,,,,,,,,,,,,,,,,,,,,,,,,,,,,,
C0281,275/282,12345,FER,#,TORINO - Porta Susa,16.33,TORINO - Porta Nuova,16.38,STUPINIGI - Palazzina di Caccia,17.06,CANDIOLO IRCCS-Centro Ricerche,17.16,NONE Bivio,17.21,AIRASCA,17.26,Bivio BOTTEGHE,17.29,RIVA di Pinerolo,17.34,PINEROLO - c.so Torino-MACUMBA,17.40,PINEROLO - Movicentro,17.44,,,,,,,,,,,,,,,,,,,,,,,,,,,,,,,,,,,,,,,,,,,,,,,,,,,,,,,,,,,,,,
C0282,275/282,123456,FER,,TORINO - Porta Susa,16:31,TORINO - Porta Nuova,16:36,STUPINIGI - Palazzina di Caccia,D,CANDIOLO IRCCS-Centro Ricerche,I,NONE Bivio,R,RIVA di Pinerolo,17:35,PINEROLO - c.so Torino-MACUMBA,17:40,PINEROLO - Movicentro,17.48,PINEROLO - piazza Cavour,17.50,PONTE LEMINA,17.53,ABBADIA ALPINA,17.54,S. MARTINO,18.00,PORTE,18.02,VILLAR PEROSA - via Nazionale,18.10,DUBBIONE - via Nazionale,18.15,PINASCA,18.16,PEROSA ARG.-pzza Terzo Alpini (Arrivo),18.20,PEROSA ARG.-pzza Terzo Alpini (Partenza),18.20,FENESTRELLE - via Nazionale,18.50,PRAGELATO,19.10,SESTRIERE,19.30,CESANA TORINESE,19.55,OULX - p.zza Garambois,20.12,OULX - Liceo,20.14,OULX - Stazione FS,20.15,,,,,,,,,,,,,,,,,,,,,,,,,,,,,,,,
C0283,275/282,12345,FER,A,TORINO - Porta Susa,17.03,TORINO - Porta Nuova,17.08,STUPINIGI - Palazzina di Caccia,17.36,CANDIOLO IRCCS-Centro Ricerche,17.46,NONE Bivio,17.51,AIRASCA,17.56,Bivio BOTTEGHE,17.59,RIVA di Pinerolo,18.04,PINEROLO - c.so Torino-MACUMBA,18.10,PINEROLO - Movicentro,18.18,PINEROLO - piazza Cavour,18.20,PONTE LEMINA,18.23,ABBADIA ALPINA,18.24,S. MARTINO,18.30,PORTE,18.32,VILLAR PEROSA - via Nazionale,18.40,DUBBIONE - via Nazionale,18.45,PINASCA,18.46,PEROSA ARG.-pzza Terzo Alpini (Arrivo),18.50,,,,,,,,,,,,,,,,,,,,,,,,,,,,,,,,,,,,,,,,,,,,
C0284,275/282,12345,FER,A,TORINO - Porta Susa,17:15,TORINO - Porta Nuova,17:20,STUPINIGI - Palazzina di Caccia,D,CANDIOLO IRCCS-Centro Ricerche,I,NONE Bivio,R,RIVA di Pinerolo,18:08,PINEROLO - c.so Torino-MACUMBA,18:14,PINEROLO - Movicentro,18:22,PINEROLO - piazza Cavour,18:24,,,,,,,,,,,,,,,,,,,,,,,,,,,,,,,,,,,,,,,,,,,,,,,,,,,,,,,,,,,,,,,,
C0285,275/282,78,FEST,J,TORINO - Porta Susa,17.15,TORINO - Porta Nuova,17.20,STUPINIGI - Palazzina di Caccia,D,CANDIOLO IRCCS-Centro Ricerche,I,NONE Bivio,R,RIVA di Pinerolo,18.08,PINEROLO - c.so Torino-MACUMBA,18.14,PINEROLO - Movicentro,18.22,PINEROLO - piazza Cavour,18.24,PONTE LEMINA,18.27,ABBADIA ALPINA,18.28,S. MARTINO,18.34,PORTE,18.36,VILLAR PEROSA - via Nazionale,18.44,DUBBIONE - via Nazionale,18.49,PINASCA,18.50,PEROSA ARG.-pzza Terzo Alpini (Arrivo),18.54,PEROSA ARG.-pzza Terzo Alpini (Partenza),18.54,FENESTRELLE - via Nazionale,19.24,PRAGELATO,19.44,SESTRIERE,20.04,CESANA TORINESE,20.29,OULX - p.zza Garambois,20.46,OULX - Liceo,20.48,OULX - Stazione FS,20.49,,,,,,,,,,,,,,,,,,,,,,,,,,,,,,,,
C0286,275/282,12345,FER,A,TORINO - Porta Susa,17.33,TORINO - Porta Nuova,17.38,STUPINIGI - Palazzina di Caccia,18.06,CANDIOLO IRCCS-Centro Ricerche,18.16,NONE Bivio,18.21,AIRASCA,18.26,Bivio BOTTEGHE,18.29,RIVA di Pinerolo,18.34,PINEROLO - c.so Torino-MACUMBA,18.40,PINEROLO - Movicentro,18.44,,,,,,,,,,,,,,,,,,,,,,,,,,,,,,,,,,,,,,,,,,,,,,,,,,,,,,,,,,,,,,
C0287,275/282,12345,FER,A,TORINO - Porta Susa,17.30,TORINO - Porta Nuova,17.35,STUPINIGI - Palazzina di Caccia,D,CANDIOLO IRCCS-Centro Ricerche,I,NONE Bivio,R,ABBADIA ALPINA,18:34,S. MARTINO,18:37,PORTE,18.38,VILLAR PEROSA - via Nazionale,18.46,DUBBIONE - via Nazionale,18.51,PINASCA,18.52,PEROSA ARG.-pzza Terzo Alpini (Arrivo),18.56,,,,,,,,,,,,,,,,,,,,,,,,,,,,,,,,,,,,,,,,,,,,,,,,,,,,,,,,,,
C0288,275/282,12345,FER,#,TORINO - Porta Susa,17.41,TORINO - Porta Nuova,17.46,STUPINIGI - Palazzina di Caccia,D,CANDIOLO IRCCS-Centro Ricerche,I,NONE Bivio,R,RIVA di Pinerolo,18.34,PINEROLO - c.so Torino-MACUMBA,18.40,PINEROLO - Movicentro,18.48,PINEROLO - piazza Cavour,18.50,PONTE LEMINA,18.53,ABBADIA ALPINA,18.54,S. MARTINO,19.00,PORTE,19.02,VILLAR PEROSA - via Nazionale,19.10,DUBBIONE - via Nazionale,19.15,PINASCA,19.16,PEROSA ARG.-pzza Terzo Alpini (Arrivo),19.20,,,,,,,,,,,,,,,,,,,,,,,,,,,,,,,,,,,,,,,,,,,,,,,,
C0289,275/282,12345,FER,A,PEROSA ARG.-pzza Terzo Alpini (Partenza),19.20,FENESTRELLE - via Nazionale,19.50,,,,,,,,,,,,,,,,,,,,,,,,,,,,,,,,,,,,,,,,,,,,,,,,,,,,,,,,,,,,,,,,,,,,,,,,,,,,,,
C0290,275/282,12345,FER,F,TORINO - Porta Susa,17.41,TORINO - Porta Nuova,17.46,TORINO - Piazza Carducci,17.54,STUPINIGI - Palazzina di Caccia,18.14,CANDIOLO IRCCS-Centro Ricerche,18.24,NONE Bivio,18.29,AIRASCA,18.34,Bivio BOTTEGHE,18.37,RIVA di Pinerolo,18.42,PINEROLO - c.so Torino-MACUMBA,18.48,PINEROLO - Movicentro,18.56,PINEROLO - piazza Cavour,18.58,PONTE LEMINA,19.01,ABBADIA ALPINA,19.02,S. MARTINO,19.08,PORTE,19.10,VILLAR PEROSA - via Nazionale,19.18,DUBBIONE - via Nazionale,19.23,PINASCA,19.24,PEROSA ARG.-pzza Terzo Alpini (Arrivo),19.28,PEROSA ARG.-pzza Terzo Alpini (Partenza),19.28,FENESTRELLE - via Nazionale,19.58,,,,,,,,,,,,,,,,,,,,,,,,,,,,,,,,,,,,,,
C0291,275/282,12345,FER,A,TORINO - Porta Susa,18.03,TORINO - Porta Nuova,18.08,STUPINIGI - Palazzina di Caccia,18.36,CANDIOLO IRCCS-Centro Ricerche,18.46,NONE Bivio,18.51,AIRASCA,18.56,Bivio BOTTEGHE,18.59,RIVA di Pinerolo,19.04,PINEROLO - c.so Torino-MACUMBA,19.10,PINEROLO - Movicentro,19.18,PINEROLO - piazza Cavour,19.20,PONTE LEMINA,19.23,ABBADIA ALPINA,19.24,S. MARTINO,19.30,PORTE,19.32,VILLAR PEROSA - via Nazionale,19.40,DUBBIONE - via Nazionale,19.45,PINASCA,19.46,PEROSA ARG.-pzza Terzo Alpini (Arrivo),19.50,,,,,,,,,,,,,,,,,,,,,,,,,,,,,,,,,,,,,,,,,,,,
C0292,275/282,12345,FER,A,TORINO - Porta Susa,18.33,TORINO - Porta Nuova,18.38,STUPINIGI - Palazzina di Caccia,19.06,CANDIOLO IRCCS-Centro Ricerche,19.16,NONE Bivio,19.21,AIRASCA,19.26,Bivio BOTTEGHE,19.29,RIVA di Pinerolo,19.34,PINEROLO - c.so Torino-MACUMBA,19.40,PINEROLO - Movicentro,19.44,,,,,,,,,,,,,,,,,,,,,,,,,,,,,,,,,,,,,,,,,,,,,,,,,,,,,,,,,,,,,,
C0293,275/282,123456,FER,,TORINO - Porta Susa,18.41,TORINO - Porta Nuova,18.46,STUPINIGI - Palazzina di Caccia,D,CANDIOLO IRCCS-Centro Ricerche,I,NONE Bivio,R,RIVA di Pinerolo,19.34,PINEROLO - c.so Torino-MACUMBA,19.40,PINEROLO - Movicentro,19.48,PINEROLO - piazza Cavour,19.50,PONTE LEMINA,19.53,ABBADIA ALPINA,19.54,S. MARTINO,20.00,PORTE,20.02,VILLAR PEROSA - via Nazionale,20.10,DUBBIONE - via Nazionale,20.15,PINASCA,20.16,PEROSA ARG.-pzza Terzo Alpini (Arrivo),20.20,,,,,,,,,,,,,,,,,,,,,,,,,,,,,,,,,,,,,,,,,,,,,,,,
C0294,275/282,6,FER,A,TORINO - Porta Susa,18.48,TORINO - Porta Nuova,18.53,STUPINIGI - Palazzina di Caccia,19.21,CANDIOLO IRCCS-Centro Ricerche,19.31,NONE Bivio,19.36,AIRASCA,19.41,Bivio BOTTEGHE,19.44,RIVA di Pinerolo,19.49,PINEROLO - c.so Torino-MACUMBA,19.55,PINEROLO - Movicentro,19.59,,,,,,,,,,,,,,,,,,,,,,,,,,,,,,,,,,,,,,,,,,,,,,,,,,,,,,,,,,,,,,
C0295,275/282,12345,FER,#,TORINO - Porta Susa,19.03,TORINO - Porta Nuova,19.08,STUPINIGI - Palazzina di Caccia,19.36,CANDIOLO IRCCS-Centro Ricerche,19.46,NONE Bivio,19.51,AIRASCA,19.56,Bivio BOTTEGHE,19.59,RIVA di Pinerolo,20.04,PINEROLO - c.so Torino-MACUMBA,20.10,PINEROLO - Movicentro,20.14,,,,,,,,,,,,,,,,,,,,,,,,,,,,,,,,,,,,,,,,,,,,,,,,,,,,,,,,,,,,,,
C0296,275/282,12345,FER,A,PINEROLO - Movicentro,20.18,PINEROLO - piazza Cavour,20.20,PONTE LEMINA,20.23,ABBADIA ALPINA,20.24,S. MARTINO,20.30,PORTE,20.32,VILLAR PEROSA - via Nazionale,20.40,DUBBIONE - via Nazionale,20.45,PINASCA,20.46,PEROSA ARG.-pzza Terzo Alpini (Arrivo),20.50,,,,,,,,,,,,,,,,,,,,,,,,,,,,,,,,,,,,,,,,,,,,,,,,,,,,,,,,,,,,,,
C0297,275/282,78,FEST,J,TORINO - Porta Susa,19.03,TORINO - Porta Nuova,19.08,STUPINIGI - Palazzina di Caccia,19.36,CANDIOLO IRCCS-Centro Ricerche,19.46,NONE Bivio,19.51,AIRASCA,19.56,Bivio BOTTEGHE,19.59,RIVA di Pinerolo,20.04,PINEROLO - c.so Torino-MACUMBA,20.10,PINEROLO - Movicentro,20.18,PINEROLO - piazza Cavour,20.20,PONTE LEMINA,20.23,ABBADIA ALPINA,20.24,S. MARTINO,20.30,PORTE,20.32,VILLAR PEROSA - via Nazionale,20.40,DUBBIONE - via Nazionale,20.45,PINASCA,20.46,PEROSA ARG.-pzza Terzo Alpini (Arrivo),20.50,,,,,,,,,,,,,,,,,,,,,,,,,,,,,,,,,,,,,,,,,,,,
C0298,275/282,12345,FER,A,TORINO - Porta Susa,19.18,TORINO - Porta Nuova,19.23,TORINO - Piazza Carducci,19.32,STUPINIGI - Palazzina di Caccia,19.51,CANDIOLO IRCCS-Centro Ricerche,20.01,NONE Bivio,20.06,AIRASCA,20.11,Bivio BOTTEGHE,20.14,RIVA di Pinerolo,20.19,PINEROLO - c.so Torino-MACUMBA,20.25,PINEROLO - Movicentro,20.33,PINEROLO - piazza Cavour,20.35,PONTE LEMINA,20.38,ABBADIA ALPINA,20.39,S. MARTINO,20.45,PORTE,20.47,VILLAR PEROSA - via Nazionale,20.55,DUBBIONE - via Nazionale,21.00,PINASCA,21.01,PEROSA ARG.-pzza Terzo Alpini (Arrivo),21.05,,,,,,,,,,,,,,,,,,,,,,,,,,,,,,,,,,,,,,,,,,
C0299,275/282,12345,FER,A,TORINO - Porta Susa,19.41,TORINO - Porta Nuova,19.46,STUPINIGI - Palazzina di Caccia,D,CANDIOLO IRCCS-Centro Ricerche,I,NONE Bivio,R,RIVA di Pinerolo,20.34,PINEROLO - c.so Torino-MACUMBA,20.40,PINEROLO - Movicentro,20.48,PINEROLO - piazza Cavour,20.50,PONTE LEMINA,20.53,ABBADIA ALPINA,20.54,S. MARTINO,21.00,PORTE,21.02,VILLAR PEROSA - via Nazionale,21.10,DUBBIONE - via Nazionale,21.15,PINASCA,21.16,PEROSA ARG.-pzza Terzo Alpini (Arrivo),21.20,,,,,,,,,,,,,,,,,,,,,,,,,,,,,,,,,,,,,,,,,,,,,,,,
C0300,275/282,12345,FER,A,TORINO - Porta Susa,20.03,TORINO - Porta Nuova,20.08,STUPINIGI - Palazzina di Caccia,20.36,CANDIOLO IRCCS-Centro Ricerche,20.46,NONE Bivio,20.51,AIRASCA,20.56,Bivio BOTTEGHE,20.59,RIVA di Pinerolo,21.04,PINEROLO - c.so Torino-MACUMBA,21.10,PINEROLO - Movicentro,21.18,PINEROLO - piazza Cavour,21.20,PONTE LEMINA,21.23,ABBADIA ALPINA,21.24,S. MARTINO,21.30,PORTE,21.32,VILLAR PEROSA - via Nazionale,21.40,DUBBIONE - via Nazionale,21.45,PINASCA,21.46,PEROSA ARG.-pzza Terzo Alpini (Arrivo),21.50,,,,,,,,,,,,,,,,,,,,,,,,,,,,,,,,,,,,,,,,,,,,
C0301,275/282,12345,FER,A,TORINO - Porta Susa,21.03,TORINO - Porta Nuova,21.08,STUPINIGI - Palazzina di Caccia,D,CANDIOLO IRCCS-Centro Ricerche,I,NONE Bivio,R,RIVA di Pinerolo,21.56,PINEROLO - c.so Torino-MACUMBA,22.02,PINEROLO - Movicentro,22.10,PINEROLO - piazza Cavour,22.12,PONTE LEMINA,22.15,ABBADIA ALPINA,22.16,S. MARTINO,22.22,PORTE,22.24,VILLAR PEROSA - via Nazionale,22.32,DUBBIONE - via Nazionale,22.37,PINASCA,22.38,PEROSA ARG.-pzza Terzo Alpini (Arrivo),22.42,,,,,,,,,,,,,,,,,,,,,,,,,,,,,,,,,,,,,,,,,,,,,,,,
C0302,275/282,6,FER,A,TORINO - Porta Susa,20.41,TORINO - Porta Nuova,20.46,STUPINIGI - Palazzina di Caccia,D,CANDIOLO IRCCS-Centro Ricerche,I,NONE Bivio,R,RIVA di Pinerolo,21.34,PINEROLO - c.so Torino-MACUMBA,21.40,PINEROLO - Movicentro,21.48,PINEROLO - piazza Cavour,21.50,,,,,,,,,,,,,,,,,,,,,,,,,,,,,,,,,,,,,,,,,,,,,,,,,,,,,,,,,,,,,,,,
C0303,275/282,12345,FER,A,TORINO - Porta Susa,21.41,TORINO - Porta Nuova,21.46,STUPINIGI - Palazzina di Caccia,22.14,CANDIOLO IRCCS-Centro Ricerche,22.24,NONE Bivio,22.29,AIRASCA,22.34,Bivio BOTTEGHE,22.37,RIVA di Pinerolo,22.42,PINEROLO - c.so Torino-MACUMBA,22.48,PINEROLO - Movicentro,22.52,,,,,,,,,,,,,,,,,,,,,,,,,,,,,,,,,,,,,,,,,,,,,,,,,,,,,,,,,,,,,,
C0304,275/282,12345,FER,A,AIRASCA,22.30,Bivio BOTTEGHE,22.33,PINEROLO - Movicentro,22.54,PINEROLO - piazza Cavour,22.56,PONTE LEMINA,22.59,ABBADIA ALPINA,23.00,S. MARTINO,23.06,PORTE,23.08,VILLAR PEROSA - via Nazionale,23.16,DUBBIONE - via Nazionale,23.21,PINASCA,23.22,PEROSA ARG.-pzza Terzo Alpini (Arrivo),23.26,,,,,,,,,,,,,,,,,,,,,,,,,,,,,,,,,,,,,,,,,,,,,,,,,,,,,,,,,,
C0305,275/282,12345,FER,A,TORINO - Porta Susa,22.03,TORINO - Porta Nuova,22.08,STUPINIGI - Palazzina di Caccia,22.36,CANDIOLO IRCCS-Centro Ricerche,22.46,NONE Bivio,22.51,AIRASCA,22.56,Bivio BOTTEGHE,22.59,RIVA di Pinerolo,23.04,PINEROLO - c.so Torino-MACUMBA,23.10,PINEROLO - Movicentro,23.18,PINEROLO - piazza Cavour,23.20,PONTE LEMINA,23.23,ABBADIA ALPINA,23.24,S. MARTINO,23.30,PORTE,23.32,VILLAR PEROSA - via Nazionale,23.40,DUBBIONE - via Nazionale,23.45,PINASCA,23.46,PEROSA ARG.-pzza Terzo Alpini (Arrivo),23.50,,,,,,,,,,,,,,,,,,,,,,,,,,,,,,,,,,,,,,,,,,,,
C0306,275/282,,GG,#,TORINO - Porta Susa,23.03,TORINO - Porta Nuova,23.08,STUPINIGI - Palazzina di Caccia,23.36,CANDIOLO IRCCS-Centro Ricerche,23.46,NONE Bivio,23.51,AIRASCA,23.56,Bivio BOTTEGHE,23.59,RIVA di Pinerolo,00.04,PINEROLO - c.so Torino-MACUMBA,00.10,PINEROLO - Movicentro,00.18,PINEROLO - piazza Cavour,00.20,PONTE LEMINA,00.23,ABBADIA ALPINA,00.24,S. MARTINO,00.30,PORTE,00.32,VILLAR PEROSA - via Nazionale,00.40,DUBBIONE - via Nazionale,00.45,PINASCA,00.46,PEROSA ARG.-pzza Terzo Alpini (Arrivo),00.50,,,,,,,,,,,,,,,,,,,,,,,,,,,,,,,,,,,,,,,,,,,,
C0307,278,12345,SCO,chiusura,PINEROLO - piazza Cavour,7:00,VIGONE,7:20,,,,,,,,,,,,,,,,,,,,,,,,,,,,,,,,,,,,,,,,,,,,,,,,,,,,,,,,,,,,,,,,,,,,,,,,,,,,,,
C0308,278,12345,SCO,stabilimenti,PINEROLO - c.so Torino-MACUMBA,7:15,CERCENASCO,7:35,APPENDINI,7:30,,,,,,,,,,,,,,,,,,,,,,,,,,,,,,,,,,,,,,,,,,,,,,,,,,,,,,,,,,,,,,,,,,,,,,,,,,,,
C0309,278,123456,FER,ferie,PINEROLO - Stazione FS,7:30,PINEROLO - c.so Torino-MACUMBA,7:35,RIVA di Pinerolo,7:40,BURIASCO,7:50,MACELLO,7:55,Bivio MURISENGHI,7:45,,,,,,,,,,,,,,,,,,,,,,,,,,,,,,,,,,,,,,,,,,,,,,,,,,,,,,,,,,,,,,,,,,,,,,
C0310,278,123456,FER,NS,PINEROLO - piazza Cavour,12:45,PINEROLO - Movicentro,12:47,PINEROLO Poste - via Bignone,12:50,BAUDENASCA,13:00,MACELLO,13:05,BURIASCO,13:10,,,,,,,,,,,,,,,,,,,,,,,,,,,,,,,,,,,,,,,,,,,,,,,,,,,,,,,,,,,,,,,,,,,,,,
C0311,278,6,SCO,vedasi,PINEROLO - piazza Cavour,12:45,PINEROLO - Movicentro,12:47,PINEROLO Poste - via Bignone,12:50,BAUDENASCA,13:00,MACELLO,13:05,BURIASCO,13:10,,,,,,,,,,,,,,,,,,,,,,,,,,,,,,,,,,,,,,,,,,,,,,,,,,,,,,,,,,,,,,,,,,,,,,
C0312,278,123456,FER,come,PINEROLO - Osp. Cottolengo,12:45,PINEROLO - p.za S. Croce,12:46,PINEROLO - piazza Cavour,12:47,PINEROLO - Movicentro,12:48,PINEROLO Poste - via Bignone,12:50,BURIASCO,12:59,MACELLO,13:04,STELLA,13:09,VIGONE,13:18,CERCENASCO,13:23,,,,,,,,,,,,,,,,,,,,,,,,,,,,,,,,,,,,,,,,,,,,,,,,,,,,,,,,,,,,,,
C0313,278,6,SCO,Scol,PINEROLO - Osp. Cottolengo,12:45,PINEROLO - p.za S. Croce,12:46,PINEROLO - piazza Cavour,12:47,PINEROLO - Movicentro,12:48,PINEROLO Poste - via Bignone,12:50,BURIASCO,12:59,MACELLO,13:04,STELLA,13:09,VIGONE,13:18,CERCENASCO,13:23,,,,,,,,,,,,,,,,,,,,,,,,,,,,,,,,,,,,,,,,,,,,,,,,,,,,,,,,,,,,,,
C0314,278,12345,SCO,Scol,PINEROLO - Stazione FS,13:25,PINEROLO - Stazione Olimpica,13:30,VIGONE,13:50,CERCENASCO,13:45,APPENDINI,13:40,,,,,,,,,,,,,,,,,,,,,,,,,,,,,,,,,,,,,,,,,,,,,,,,,,,,,,,,,,,,,,,,,,,,,,,,
C0315,278,12345,SCO,Scol,PINEROLO - piazza Cavour,13:30,PINEROLO - Movicentro,13:32,PINEROLO Poste - via Bignone,13:35,BAUDENASCA,13:43,MACELLO,13:45,BURIASCO,13:55,,,,,,,,,,,,,,,,,,,,,,,,,,,,,,,,,,,,,,,,,,,,,,,,,,,,,,,,,,,,,,,,,,,,,,
C0316,278,1245,SCO,Scol,PINEROLO - Stazione FS,13:30,PINEROLO Centro Studi,13:35,Bivio STELLA,13:50,VIGONE,13:55,PANCALIERI - via Re Umberto 106,14.08,,,,,,,,,,,,,,,,,,,,,,,,,,,,,,,,,,,,,,,,,,,,,,,,,,,,,,,,,,,,,,,,,,,,,,,,
C0317,278,3,SCO,Scol,PINEROLO - Stazione FS,13:30,PINEROLO Centro Studi,13:35,Bivio STELLA,13:50,VIGONE,13:55,PANCALIERI - via Re Umberto 106,14.08,PANCALIERI - via P. Amedeo 62,14.10,,,,,,,,,,,,,,,,,,,,,,,,,,,,,,,,,,,,,,,,,,,,,,,,,,,,,,,,,,,,,,,,,,,,,,
C0318,278,12345,SCO,Scol,PINEROLO - piazza Cavour,14:10,PINEROLO - Stazione FS,14:15,PINEROLO Poste - via Bignone,14:20,BURIASCO,14:25,MACELLO,14:30,STELLA,14:35,VIGONE,14:40,CERCENASCO,14:45,VIRLE PIEMONTE - via Carignano,14:50,OSASIO - piazza Castello,14:55,,,,,,,,,,,,,,,,,,,,,,,,,,,,,,,,,,,,,,,,,,,,,,,,,,,,,,,,,,,,,,
C0319,278,12345,SCO,Scol,PINEROLO - Stazione FS,14:15,PINEROLO Poste - via Bignone,14:20,BURIASCO,14:25,MACELLO,14:30,STELLA,14:35,VIGONE,14:40,,,,,,,,,,,,,,,,,,,,,,,,,,,,,,,,,,,,,,,,,,,,,,,,,,,,,,,,,,,,,,,,,,,,,,
C0320,278,12345,SCO,B,PINEROLO - Ist. Immacolata,13:30,PINEROLO - via Saluzzo (ENEL),13:25,PINEROLO - piazza Cavour,13:27,PINEROLO - Stazione FS,13:31,PINEROLO Centro Studi,13:33,PINEROLO - c.so Torino-MACUMBA,13:34,BURIASCO,13:45,Bivio STELLA,13:51,VIGONE,13:57,CERCENASCO,14:01,SCALENGHE via Cavour,14:06,,,,,,,,,,,,,,,,,,,,,,,,,,,,,,,,,,,,,,,,,,,,,,,,,,,,,,,,,,,,
C0321,278,12345,SCO,Scol,PINEROLO - Stazione FS,14:30,PINEROLO Poste - via Bignone,14:35,BURIASCO,14:40,MACELLO,14:45,STELLA,14:55,VIGONE,15:00,CERCENASCO,15:05,PANCALIERI - via Re Umberto 106,15:15,VIRLE PIEMONTE - via Carignano,15:20,,,,,,,,,,,,,,,,,,,,,,,,,,,,,,,,,,,,,,,,,,,,,,,,,,,,,,,,,,,,,,,,
C0322,278,12345,SCO,Scol,PINEROLO - Stazione FS,15:15,PINEROLO Poste - via Bignone,15:20,BURIASCO,15:25,MACELLO,15:30,STELLA,15:40,VIGONE,15:45,CERCENASCO,15:50,PANCALIERI - via Re Umberto 106,16:00,VIRLE PIEMONTE - via Carignano,16:05,,,,,,,,,,,,,,,,,,,,,,,,,,,,,,,,,,,,,,,,,,,,,,,,,,,,,,,,,,,,,,,,
C0323,278,12345,SCO,Scol,PINEROLO - via Saluzzo (ENEL),16:30,PINEROLO - piazza Cavour,16:32,PINEROLO - Movicentro,16:33,PINEROLO Poste - via Bignone,16:35,BURIASCO,16:40,MACELLO,16:50,,,,,,,,,,,,,,,,,,,,,,,,,,,,,,,,,,,,,,,,,,,,,,,,,,,,,,,,,,,,,,,,,,,,,,
C0324,278,12345,FER,EST-S,PINEROLO - piazza Cavour,16:30,PINEROLO - Movicentro,16:33,PINEROLO Poste - via Bignone,16:35,BURIASCO,16:40,MACELLO,16:50,,,,,,,,,,,,,,,,,,,,,,,,,,,,,,,,,,,,,,,,,,,,,,,,,,,,,,,,,,,,,,,,,,,,,,,,
C0325,278,12345,SCO,Scol,PINEROLO - Stazione FS,17:00,PINEROLO Poste - via Bignone,17:05,BURIASCO,17:10,MACELLO,17:15,STELLA,17:25,VIGONE,17:30,CERCENASCO,17:35,PANCALIERI - via Re Umberto 106,17:45,VIRLE PIEMONTE - via Carignano,17:50,OSASIO - piazza Castello,17:55,,,,,,,,,,,,,,,,,,,,,,,,,,,,,,,,,,,,,,,,,,,,,,,,,,,,,,,,,,,,,,
C0326,278,123456,FER,,PINEROLO - piazza Cavour,17:40,PINEROLO - Movicentro,17:42,PINEROLO Poste - via Bignone,17:45,BAUDENASCA,17:50,MACELLO,17:55,BURIASCO,18:05,Bivio STELLA,18:10,VIGONE,18:15,CERCENASCO,18:20,,,,,,,,,,,,,,,,,,,,,,,,,,,,,,,,,,,,,,,,,,,,,,,,,,,,,,,,,,,,,,,,
C0327,278,123456,FER,,PINEROLO - piazza Cavour,19:10,PINEROLO - Movicentro,19:12,PINEROLO Poste - via Bignone,19:15,BURIASCO,19:20,MACELLO,19:25,STELLA,19:30,VIGONE,19:35,CERCENASCO,19:40,,,,,,,,,,,,,,,,,,,,,,,,,,,,,,,,,,,,,,,,,,,,,,,,,,,,,,,,,,,,,,,,,,
C0328,278,123456,FER,chiusura,CERCENASCO,6:25,VIGONE,6:30,STELLA,6:35,MACELLO,6:40,BAUDENASCA,6:45,PINEROLO Poste - via Bignone,6:50,PINEROLO - Stazione FS,6:56,PINEROLO - piazza Cavour,7:00,,,,,,,,,,,,,,,,,,,,,,,,,,,,,,,,,,,,,,,,,,,,,,,,,,,,,,,,,,,,,,,,,,
C0329,278,123456,FER,stabilimenti,CERCENASCO,6:55,VIGONE,7:00,Bivio STELLA,7:05,BURIASCO,7:13,PINEROLO Poste - via Bignone,7:18,PINEROLO - Movicentro,7:20,,,,,,,,,,,,,,,,,,,,,,,,,,,,,,,,,,,,,,,,,,,,,,,,,,,,,,,,,,,,,,,,,,,,,,
C0330,278,12345,SCO,per,CERCENASCO,6:45,VIGONE,6:50,Bivio STELLA,6:55,BURIASCO,7:05,PINEROLO Poste - via Bignone,7:10,PINEROLO - Stazione FS,7:15,PINEROLO - Ist. Immacolata,7:20,,,,,,,,,,,,,,,,,,,,,,,,,,,,,,,,,,,,,,,,,,,,,,,,,,,,,,,,,,,,,,,,,,,,
C0331,278,12345,SCO,Scol,PANCALIERI - via P. Amedeo 62,7:23,PANCALIERI - via Re Umberto 106,7:25,VIGONE,7:35,Bivio STELLA,7:40,PINEROLO Centro Studi,7:55,PINEROLO - piazza Cavour,8:05,,,,,,,,,,,,,,,,,,,,,,,,,,,,,,,,,,,,,,,,,,,,,,,,,,,,,,,,,,,,,,,,,,,,,,
C0332,278,12345,SCO,vedasi,OSASIO - piazza Castello,7:30,VIRLE PIEMONTE - via Carignano,7:35,VIGONE,7:45,STELLA,7:50,PINEROLO Centro Studi,8:13,PINEROLO - piazza Cavour,8:15,,,,,,,,,,,,,,,,,,,,,,,,,,,,,,,,,,,,,,,,,,,,,,,,,,,,,,,,,,,,,,,,,,,,,,
C0333,278,12345,SCO,come,VIRLE PIEMONTE - via Carignano,7:35,VIGONE,7:45,Bivio STELLA,7:50,PINEROLO Centro Studi,8:10,PINEROLO - piazza Cavour,8:15,,,,,,,,,,,,,,,,,,,,,,,,,,,,,,,,,,,,,,,,,,,,,,,,,,,,,,,,,,,,,,,,,,,,,,,,
C0334,278,12345,SCO,Scol,APPENDINI,7:50,CERCENASCO,7:30,VIGONE,7:25,PINEROLO Centro Studi,8:02,PINEROLO - Movicentro,8:10,,,,,,,,,,,,,,,,,,,,,,,,,,,,,,,,,,,,,,,,,,,,,,,,,,,,,,,,,,,,,,,,,,,,,,,,
C0335,278,12345,SCO,Scol,VIGONE,7:40,Bivio STELLA,7:45,PINEROLO Centro Studi,8:00,PINEROLO - piazza Cavour,8:05,,,,,,,,,,,,,,,,,,,,,,,,,,,,,,,,,,,,,,,,,,,,,,,,,,,,,,,,,,,,,,,,,,,,,,,,,,
C0336,278,123456,FER,,MACELLO,7:55,BAUDENASCA,8:00,PINEROLO Poste - via Bignone,8:10,PINEROLO - Stazione FS,8:15,,,,,,,,,,,,,,,,,,,,,,,,,,,,,,,,,,,,,,,,,,,,,,,,,,,,,,,,,,,,,,,,,,,,,,,,,,
C0337,278,123456,FER,NS,BURIASCO,13:10,Bivio MURISENGHI,13:15,RIVA di Pinerolo,13:20,PINEROLO - c.so Torino-MACUMBA,13:23,PINEROLO - Movicentro,13:25,,,,,,,,,,,,,,,,,,,,,,,,,,,,,,,,,,,,,,,,,,,,,,,,,,,,,,,,,,,,,,,,,,,,,,,,
C0338,278,6,SCO,Scol,BURIASCO,13:10,Bivio MURISENGHI,13:15,RIVA di Pinerolo,13:20,PINEROLO - c.so Torino-MACUMBA,13:23,PINEROLO - Movicentro,13:25,,,,,,,,,,,,,,,,,,,,,,,,,,,,,,,,,,,,,,,,,,,,,,,,,,,,,,,,,,,,,,,,,,,,,,,,
C0339,278,12345,SCO,Scol,BURIASCO,13:55,Bivio MURISENGHI,13:57,RIVA di Pinerolo,14:00,PINEROLO - c.so Torino-MACUMBA,14:05,PINEROLO - Stazione FS,14:10,,,,,,,,,,,,,,,,,,,,,,,,,,,,,,,,,,,,,,,,,,,,,,,,,,,,,,,,,,,,,,,,,,,,,,,,
C0340,278,123456,FER,NS,CERCENASCO,13:45,VIGONE,13:50,STELLA,13:55,MACELLO,14:00,BURIASCO,14:10,PINEROLO Poste - via Bignone,14:15,PINEROLO - Movicentro,14:18,PINEROLO - piazza Cavour,14:20,,,,,,,,,,,,,,,,,,,,,,,,,,,,,,,,,,,,,,,,,,,,,,,,,,,,,,,,,,,,,,,,,,
C0341,278,6,SCO,Scol,CERCENASCO,13:45,VIGONE,13:50,STELLA,13:55,MACELLO,14:00,BURIASCO,14:10,PINEROLO Poste - via Bignone,14:15,PINEROLO - Movicentro,14:18,PINEROLO - piazza Cavour,14:20,,,,,,,,,,,,,,,,,,,,,,,,,,,,,,,,,,,,,,,,,,,,,,,,,,,,,,,,,,,,,,,,,,
C0342,278,12345,SCO,Scol,APPENDINI,14:50,CERCENASCO,14:45,VIGONE,14:40,PINEROLO Centro Studi,15:02,PINEROLO - Movicentro,15:10,,,,,,,,,,,,,,,,,,,,,,,,,,,,,,,,,,,,,,,,,,,,,,,,,,,,,,,,,,,,,,,,,,,,,,,,
C0343,278,12345,SCO,Scol,OSASIO - piazza Castello,15:00,VIRLE PIEMONTE - via Carignano,15:05,CERCENASCO,15:10,VIGONE,15:15,STELLA,15:20,MACELLO,15:25,BURIASCO,15:35,PINEROLO Poste - via Bignone,15:45,PINEROLO - Movicentro,15:48,PINEROLO - piazza Cavour,15:50,,,,,,,,,,,,,,,,,,,,,,,,,,,,,,,,,,,,,,,,,,,,,,,,,,,,,,,,,,,,,,
C0344,278,12345,FER,S,MACELLO,16:50,BURIASCO,16:59,PINEROLO Poste - via Bignone,17:13,PINEROLO - Movicentro,17:15,PINEROLO - piazza Cavour,17:17,,,,,,,,,,,,,,,,,,,,,,,,,,,,,,,,,,,,,,,,,,,,,,,,,,,,,,,,,,,,,,,,,,,,,,,,
C0345,278,123456,FER,,CERCENASCO,18:25,VIGONE,18:30,Bivio STELLA,18:35,BURIASCO,18:40,MACELLO,18:50,BAUDENASCA,18:55,PINEROLO Poste - via Bignone,19:00,PINEROLO - Movicentro,19:03,PINEROLO - piazza Cavour,19:10,,,,,,,,,,,,,,,,,,,,,,,,,,,,,,,,,,,,,,,,,,,,,,,,,,,,,,,,,,,,,,,,
C0346,278,123456,FER,,CERCENASCO,19:40,VIGONE,19:45,STELLA,19:50,MACELLO,19:55,BURIASCO,20:00,PINEROLO Poste - via Bignone,20:05,PINEROLO - Movicentro,20:08,PINEROLO - piazza Cavour,20:10,,,,,,,,,,,,,,,,,,,,,,,,,,,,,,,,,,,,,,,,,,,,,,,,,,,,,,,,,,,,,,,,,,
C0347,265,12345,FER,FS,CHIVASSO - Staz. FS Movicentro,5:40,MONTANARO-v.Caviglietti-StazFS,5:49,RODALLO - Stazione FS,5:59,CALUSO - Stazione FS,6:09,CANDIA - p.zza VII Martiri,6:14,MERCENASCO - Stazione FS,6:18,STRAMBINO - Stazione FS,6:22,IVREA - Stazione FS,6:34,IVREA - Porta Vercelli,6:37,IVREA - Porta Aosta,6:38,MONTALTO DORA,6:42,BORGOFRANCO - Stazione FS,6:45,MONTESTRUTTO,6:48,SETTIMO VITTONE,6:49,TAVAGNASCO - Stazione FS,6:51,QUINCINETTO - largo Europa,6:55,CAREMA - via Torino,6:58,PONT S. MARTIN - Stazione FS,6:59,PONT S.MARTIN-pzza IV Novembre,7:00,,,,,,,,,,,,,,,,,,,,,,,,,,,,,,,,,,,,,,,,,,,,
C0348,265,12345,SCO,Scol,CALUSO - via De Brissac,7:00,CANDIA - p.zza VII Martiri,7:05,MERCENASCO - Stazione FS,7:08,MERCENASCO - via Nazionale,7:09,STRAMBINO - c.so Torino,7:12,CERONE - Bivio,7:15,SAN BERNARDO - via Torino,7:25,IVREA - Stazione FS,7:30,IVREA - Porta Vercelli,7:35,IVREA - Porta Aosta,7:38,,,,,,,,,,,,,,,,,,,,,,,,,,,,,,,,,,,,,,,,,,,,,,,,,,,,,,,,,,,,,,
C0349,265,123456,FER,S,TO-p.za Cattaneo-Mirafiori FCA,6.10,GRUGLIASCO - via Libertà,6:25,SETTIMO T.SE - casello A4,6:50,BRANDIZZO - casello A4,6:55,CHIVASSO - p.le Alfa-Lancia,7:01,CHIVASSO - Bivio Mosche,7:03,CHIVASSO - Bivio Boschetto (TEMP. SOPPRESSA),7:04,CALUSO - Bivio Carolina (TEMP. SOPPRESSA),7:06,VALLO - Bivio (TEMP. SOPPRESSA),7:07,ARÉ- via Duca degli Abruzzi,7:09,CALUSO - via De Brissac,7:14,CANDIA - p.zza VII Martiri,7:21,MERCENASCO - Stazione FS,7:27,MERCENASCO - via Nazionale,7:28,STRAMBINO - c.so Torino,7:32,CERONE - Bivio,7:35,SAN BERNARDO - via Torino,7:40,IVREA - Stazione FS,7:47,IVREA - Porta Vercelli,7:50,IVREA - Porta Aosta,7:52,,,,,,,,,,,,,,,,,,,,,,,,,,,,,,,,,,,,,,,,,,
C0350,265,123456,FER,A,CHIVASSO - Staz. FS Movicentro,6:35,MONTANARO-v.Caviglietti-StazFS,6:45,VALLO - Chiesa,6:53,RODALLO - Stazione FS,6:55,ARÉ- via Duca degli Abruzzi,7:00,CALUSO - via De Brissac,7:06,CANDIA - p.zza VII Martiri,7:11,MERCENASCO - Stazione FS,7:15,MERCENASCO - via Nazionale,7:16,STRAMBINO - c.so Torino,7:20,CERONE - Bivio,7:23,SAN BERNARDO - via Torino,7:28,IVREA - Stazione FS,7:35,IVREA - Porta Vercelli,7:37,IVREA - Porta Aosta,7:39,MONTALTO DORA,7:42,BORGOFRANCO - Stazione FS,7:47,MONTESTRUTTO,7:49,SETTIMO VITTONE,7:51,TAVAGNASCO - Stazione FS,7:54,QUINCINETTO - largo Europa,7:58,CAREMA - via Torino,8:03,PONT S. MARTIN - Stazione FS,8:04,PONT S.MARTIN-pzza IV Novembre,8:05,,,,,,,,,,,,,,,,,,,,,,,,,,,,,,,,,,
C0351,265,12345,SCO,Scol,STRAMBINO - c.so Torino,7:30,CERONE - Bivio,7:33,SAN BERNARDO - via Torino,7:37,IVREA - Stazione FS,7:43,IVREA - Porta Vercelli,7:46,IVREA - Porta Aosta,7:48,MONTALTO DORA,7:51,BORGOFRANCO - Stazione FS,7:56,MONTESTRUTTO,7:59,SETTIMO VITTONE,8:00,TAVAGNASCO - Stazione FS,8:03,QUINCINETTO - largo Europa,8:07,CAREMA - via Torino,8:12,PONT S. MARTIN - Stazione FS,8:13,PONT S.MARTIN-pzza IV Novembre,8:14,,,,,,,,,,,,,,,,,,,,,,,,,,,,,,,,,,,,,,,,,,,,,,,,,,,,
C0352,265,12345,SCO,Scol,CALUSO - Liceo,7:45,CALUSO - via De Brissac,7:47,CANDIA - p.zza VII Martiri,7:51,MERCENASCO - Stazione FS,7:55,MERCENASCO - via Nazionale,7:56,STRAMBINO - c.so Torino,8:00,CERONE - Bivio,8:02,SAN BERNARDO - via Torino,8:07,IVREA - Stazione FS,8:13,IVREA - Porta Vercelli,8:18,IVREA - Porta Aosta,8:20,MONTALTO DORA,8:24,BORGOFRANCO - Stazione FS,8:27,MONTESTRUTTO,8:30,SETTIMO VITTONE,8:31,TAVAGNASCO - Stazione FS,8:33,QUINCINETTO - largo Europa,8:38,CAREMA - via Torino,8:42,PONT S. MARTIN - Stazione FS,8:43,PONT S.MARTIN-pzza IV Novembre,8:45,,,,,,,,,,,,,,,,,,,,,,,,,,,,,,,,,,,,,,,,,,
C0353,265,12345,FER,,TO - Autostazione c.so Bolzano,7:50,TORINO - c.so Giulio Cesare,8:02,TORINO - c.so G. Cesare,8:10,TORINO - c.so G.Cesare (IVECO),8:17,TORINO - c.so G.Cesare (SPAZIO CONAD),8:19,SETTIMO T.SE - casello A4,|,BRANDIZZO - casello A4,|,CHIVASSO - Staz. FS Movicentro,|,CHIVASSO - p.le Alfa-Lancia,|,MONTANARO-v.Caviglietti-StazFS,|,VALLO - Chiesa,|,RODALLO - Stazione FS,|,CHIVASSO - Bivio Mosche,|,CHIVASSO - Bivio Boschetto (TEMP. SOPPRESSA),|,CALUSO - Bivio Carolina (TEMP. SOPPRESSA),|,VALLO - Bivio (TEMP. SOPPRESSA),|,ARÉ- via Duca degli Abruzzi,|,CALUSO - Stazione FS,|,CALUSO - Liceo,|,CALUSO - via De Brissac,|,CANDIA - p.zza VII Martiri,|,MERCENASCO - Stazione FS,|,MERCENASCO - via Nazionale,|,STRAMBINO - c.so Torino,|,STRAMBINO - Stazione FS,|,CERONE - Bivio,|,SAN BERNARDO - via Torino,|,IVREA - loc Banchette,8:53,IVREA - Stazione FS,8:55,IVREA - Porta Vercelli,8:58,IVREA - Porta Aosta,9:00,MONTALTO DORA,9:03,BORGOFRANCO - Stazione FS,9:08,MONTESTRUTTO,9:10,SETTIMO VITTONE,9:12,TAVAGNASCO - Stazione FS,9:15,QUINCINETTO - largo Europa,9:19,CAREMA - via Torino,9:24,PONT S. MARTIN - Stazione FS,9:25,PONT S.MARTIN-pzza IV Novembre,9:26,,
C0354,265,6,FER,A,CHIVASSO - Staz. FS Movicentro,8:43,CHIVASSO - p.le Alfa-Lancia,8:47,CHIVASSO - Bivio Mosche,8:54,CHIVASSO - Bivio Boschetto (TEMP. SOPPRESSA),8:56,CALUSO - Bivio Carolina (TEMP. SOPPRESSA),8:57,VALLO - Bivio (TEMP. SOPPRESSA),8:58,ARÉ- via Duca degli Abruzzi,9:00,CALUSO - via De Brissac,9:06,CANDIA - p.zza VII Martiri,9:11,MERCENASCO - Stazione FS,9:15,MERCENASCO - via Nazionale,9:16,STRAMBINO - c.so Torino,9:20,CERONE - Bivio,9:23,SAN BERNARDO - via Torino,9:28,IVREA - Stazione FS,9:35,IVREA - Porta Vercelli,9:37,IVREA - Porta Aosta,9:39,MONTALTO DORA,9:42,BORGOFRANCO - Stazione FS,9:47,MONTESTRUTTO,9:49,SETTIMO VITTONE,9:51,TAVAGNASCO - Stazione FS,9:54,QUINCINETTO - largo Europa,9:58,CAREMA - via Torino,10:03,PONT S. MARTIN - Stazione FS,10:04,,,,,,,,,,,,,,,,,,,,,,,,,,,,,,,,
C0355,265,12345,FER,A,TO - Autostazione c.so Bolzano,8:15,TORINO - c.so Giulio Cesare,8:27,TORINO - c.so G. Cesare,8:35,TORINO - c.so G.Cesare (IVECO),8:42,TORINO - c.so G.Cesare (SPAZIO CONAD),8:44,SETTIMO T.SE - casello A4,8:47,CHIVASSO - Bivio Mosche,8:58,CHIVASSO - Bivio Boschetto (TEMP. SOPPRESSA),9:00,CALUSO - Bivio Carolina (TEMP. SOPPRESSA),9:01,VALLO - Bivio (TEMP. SOPPRESSA),9:05,ARÉ- via Duca degli Abruzzi,9:07,CALUSO - via De Brissac,9:12,CANDIA - p.zza VII Martiri,9:17,MERCENASCO - Stazione FS,9:21,MERCENASCO - via Nazionale,9:22,STRAMBINO - c.so Torino,9:27,CERONE - Bivio,9:28,SAN BERNARDO - via Torino,9:34,IVREA - Stazione FS,9:40,IVREA - Porta Vercelli,9:42,IVREA - Porta Aosta,9:44,MONTALTO DORA,9:47,BORGOFRANCO - Stazione FS,9:52,MONTESTRUTTO,9:54,SETTIMO VITTONE,9:56,TAVAGNASCO - Stazione FS,9:59,QUINCINETTO - largo Europa,10:03,CAREMA - via Torino,10:08,PONT S. MARTIN - Stazione FS,10:09,PONT S.MARTIN-pzza IV Novembre,10:11,,,,,,,,,,,,,,,,,,,,,,
C0356,265,123456,FER,F,TO - Autostazione c.so Bolzano,9:06,TORINO - c.so Giulio Cesare,9:18,TORINO - c.so G. Cesare,9:26,TORINO - c.so G.Cesare (IVECO),9:33,TORINO - c.so G.Cesare (SPAZIO CONAD),9:35,SETTIMO T.SE - casello A4,|,BRANDIZZO - casello A4,|,CHIVASSO - Staz. FS Movicentro,|,CHIVASSO - p.le Alfa-Lancia,|,MONTANARO-v.Caviglietti-StazFS,|,VALLO - Chiesa,|,RODALLO - Stazione FS,|,CHIVASSO - Bivio Mosche,|,CHIVASSO - Bivio Boschetto (TEMP. SOPPRESSA),|,CALUSO - Bivio Carolina (TEMP. SOPPRESSA),|,VALLO - Bivio (TEMP. SOPPRESSA),|,ARÉ- via Duca degli Abruzzi,|,CALUSO - Stazione FS,|,CALUSO - Liceo,|,CALUSO - via De Brissac,|,CANDIA - p.zza VII Martiri,|,MERCENASCO - Stazione FS,|,MERCENASCO - via Nazionale,|,STRAMBINO - c.so Torino,|,STRAMBINO - Stazione FS,|,CERONE - Bivio,|,SAN BERNARDO - via Torino,|,IVREA - loc Banchette,10:09,IVREA - Stazione FS,10:11,IVREA - Porta Vercelli,10:14,,,,,,,,,,,,,,,,,,,,,,
C0357,265,123456,FER,A,CHIVASSO - Staz. FS Movicentro,9:43,CHIVASSO - p.le Alfa-Lancia,9.47,CHIVASSO - Bivio Mosche,9.54,CHIVASSO - Bivio Boschetto (TEMP. SOPPRESSA),9.56,CALUSO - Bivio Carolina (TEMP. SOPPRESSA),9.57,VALLO - Bivio (TEMP. SOPPRESSA),9.58,ARÉ- via Duca degli Abruzzi,10.00,CALUSO - via De Brissac,10.06,CANDIA - p.zza VII Martiri,10.11,MERCENASCO - Stazione FS,10:15,MERCENASCO - via Nazionale,10.16,STRAMBINO - c.so Torino,10.20,CERONE - Bivio,10.23,SAN BERNARDO - via Torino,10.28,IVREA - Stazione FS,10:35,IVREA - Porta Vercelli,10.37,IVREA - Porta Aosta,10.39,MONTALTO DORA,10.42,BORGOFRANCO - Stazione FS,10.47,MONTESTRUTTO,10.49,SETTIMO VITTONE,10.51,TAVAGNASCO - Stazione FS,10.54,QUINCINETTO - largo Europa,10.58,CAREMA - via Torino,11.03,PONT S. MARTIN - Stazione FS,11.04,PONT S.MARTIN-pzza IV Novembre,11.05,,,,,,,,,,,,,,,,,,,,,,,,,,,,,,
C0358,265,6,FER,F,CHIVASSO - Staz. FS Movicentro,10:43,CHIVASSO - p.le Alfa-Lancia,10.47,CHIVASSO - Bivio Mosche,10.54,CHIVASSO - Bivio Boschetto (TEMP. SOPPRESSA),10.56,CALUSO - Bivio Carolina (TEMP. SOPPRESSA),10.57,VALLO - Bivio (TEMP. SOPPRESSA),10.58,ARÉ- via Duca degli Abruzzi,11.00,CALUSO - via De Brissac,11.06,CANDIA - p.zza VII Martiri,11.11,MERCENASCO - Stazione FS,11:15,MERCENASCO - via Nazionale,11.16,STRAMBINO - c.so Torino,11.20,CERONE - Bivio,11.23,SAN BERNARDO - via Torino,11.28,IVREA - Stazione FS,11:35,IVREA - Porta Vercelli,11.37,IVREA - Porta Aosta,11.39,MONTALTO DORA,11.42,BORGOFRANCO - Stazione FS,11.47,MONTESTRUTTO,11.49,SETTIMO VITTONE,11.51,TAVAGNASCO - Stazione FS,11.54,QUINCINETTO - largo Europa,11.58,CAREMA - via Torino,12.03,PONT S. MARTIN - Stazione FS,12.04,,,,,,,,,,,,,,,,,,,,,,,,,,,,,,,,
C0359,265,8,FEST,J,CHIVASSO - Staz. FS Movicentro,10:43,CHIVASSO - p.le Alfa-Lancia,10.47,CHIVASSO - Bivio Mosche,10.54,CHIVASSO - Bivio Boschetto (TEMP. SOPPRESSA),10.56,CALUSO - Bivio Carolina (TEMP. SOPPRESSA),10.57,VALLO - Bivio (TEMP. SOPPRESSA),10.58,ARÉ- via Duca degli Abruzzi,11.00,CALUSO - via De Brissac,11.06,CANDIA - p.zza VII Martiri,11.11,MERCENASCO - Stazione FS,11:15,MERCENASCO - via Nazionale,11.16,STRAMBINO - c.so Torino,11.20,CERONE - Bivio,11.23,SAN BERNARDO - via Torino,11.28,IVREA - Stazione FS,11:35,IVREA - Porta Vercelli,11.37,IVREA - Porta Aosta,11.39,MONTALTO DORA,11.42,BORGOFRANCO - Stazione FS,11.47,MONTESTRUTTO,11.49,SETTIMO VITTONE,11.51,TAVAGNASCO - Stazione FS,11.54,QUINCINETTO - largo Europa,11.58,CAREMA - via Torino,12.03,PONT S. MARTIN - Stazione FS,12.04,PONT S.MARTIN-pzza IV Novembre,12.05,,,,,,,,,,,,,,,,,,,,,,,,,,,,,,
C0360,265,12345,FER,FS,CHIVASSO - Staz. FS Movicentro,10:45,MONTANARO-v.Caviglietti-StazFS,10:58,VALLO - Chiesa,11:05,RODALLO - Stazione FS,11:07,CALUSO - Stazione FS,11:14,CALUSO - via De Brissac,11:20,CANDIA - p.zza VII Martiri,11:24,MERCENASCO - Stazione FS,11:28,MERCENASCO - via Nazionale,11:29,STRAMBINO - c.so Torino,11:32,STRAMBINO - Stazione FS,11:34,CERONE - Bivio,11:35,SAN BERNARDO - via Torino,11:40,IVREA - Stazione FS,11:45,,,,,,,,,,,,,,,,,,,,,,,,,,,,,,,,,,,,,,,,,,,,,,,,,,,,,,
C0361,265,12345,FER,,TO - Autostazione c.so Bolzano,12:06,TORINO - c.so Giulio Cesare,12:18,TORINO - c.so G. Cesare,12:26,TORINO - c.so G.Cesare (IVECO),12:33,TORINO - c.so G.Cesare (SPAZIO CONAD),12:35,SETTIMO T.SE - casello A4,|,BRANDIZZO - casello A4,|,CHIVASSO - Staz. FS Movicentro,|,CHIVASSO - p.le Alfa-Lancia,|,MONTANARO-v.Caviglietti-StazFS,|,VALLO - Chiesa,|,RODALLO - Stazione FS,|,CHIVASSO - Bivio Mosche,|,CHIVASSO - Bivio Boschetto (TEMP. SOPPRESSA),|,CALUSO - Bivio Carolina (TEMP. SOPPRESSA),|,VALLO - Bivio (TEMP. SOPPRESSA),|,ARÉ- via Duca degli Abruzzi,|,CALUSO - Stazione FS,|,CALUSO - Liceo,|,CALUSO - via De Brissac,|,CANDIA - p.zza VII Martiri,|,MERCENASCO - Stazione FS,|,MERCENASCO - via Nazionale,|,STRAMBINO - c.so Torino,|,STRAMBINO - Stazione FS,|,CERONE - Bivio,|,SAN BERNARDO - via Torino,|,IVREA - loc Banchette,13:09,IVREA - Stazione FS,13:11,IVREA - Porta Vercelli,13:14,IVREA - Porta Aosta,13:16,MONTALTO DORA,13:19,BORGOFRANCO - Stazione FS,13:24,MONTESTRUTTO,13:26,SETTIMO VITTONE,13:28,TAVAGNASCO - Stazione FS,13:31,QUINCINETTO - largo Europa,13:35,CAREMA - via Torino,13:40,PONT S. MARTIN - Stazione FS,13:41,PONT S.MARTIN-pzza IV Novembre,13:42,,
C0362,265,123456,FER,A,CHIVASSO - Staz. FS Movicentro,12:23,CHIVASSO - p.le Alfa-Lancia,12.27,CHIVASSO - Bivio Mosche,12.34,CHIVASSO - Bivio Boschetto (TEMP. SOPPRESSA),12.36,CALUSO - Bivio Carolina (TEMP. SOPPRESSA),12.37,VALLO - Bivio (TEMP. SOPPRESSA),12.38,ARÉ- via Duca degli Abruzzi,12.40,CALUSO - via De Brissac,12.46,CANDIA - p.zza VII Martiri,12.51,MERCENASCO - Stazione FS,12:55,MERCENASCO - via Nazionale,12:56,STRAMBINO - c.so Torino,13:00,CERONE - Bivio,13:03,SAN BERNARDO - via Torino,13:08,IVREA - Stazione FS,13:15,IVREA - Porta Vercelli,13:17,IVREA - Porta Aosta,13:19,MONTALTO DORA,13:22,BORGOFRANCO - Stazione FS,13:27,MONTESTRUTTO,13:29,SETTIMO VITTONE,13:31,TAVAGNASCO - Stazione FS,13:34,QUINCINETTO - largo Europa,13:38,CAREMA - via Torino,13:43,PONT S. MARTIN - Stazione FS,13:44,PONT S.MARTIN-pzza IV Novembre,13:45,,,,,,,,,,,,,,,,,,,,,,,,,,,,,,
C0363,265,123456,FER,A,CHIVASSO - Staz. FS Movicentro,12:43,CHIVASSO - p.le Alfa-Lancia,12.47,CHIVASSO - Bivio Mosche,12.54,CHIVASSO - Bivio Boschetto (TEMP. SOPPRESSA),12.56,CALUSO - Bivio Carolina (TEMP. SOPPRESSA),12.57,VALLO - Bivio (TEMP. SOPPRESSA),12.58,ARÉ- via Duca degli Abruzzi,13.00,CALUSO - via De Brissac,13.06,CANDIA - p.zza VII Martiri,13.11,MERCENASCO - Stazione FS,13:15,MERCENASCO - via Nazionale,13.16,STRAMBINO - c.so Torino,13.20,CERONE - Bivio,13.23,SAN BERNARDO - via Torino,13.28,IVREA - Stazione FS,13:35,IVREA - Porta Vercelli,13.37,IVREA - Porta Aosta,13.39,MONTALTO DORA,13.42,BORGOFRANCO - Stazione FS,13.47,MONTESTRUTTO,13.49,SETTIMO VITTONE,13.51,TAVAGNASCO - Stazione FS,13.54,QUINCINETTO - largo Europa,13.58,CAREMA - via Torino,14.03,PONT S. MARTIN - Stazione FS,14.04,PONT S.MARTIN-pzza IV Novembre,14.05,,,,,,,,,,,,,,,,,,,,,,,,,,,,,,
C0364,265,123456,FER,F,CHIVASSO - Staz. FS Movicentro,12:43,CHIVASSO - p.le Alfa-Lancia,12.47,CHIVASSO - Bivio Mosche,12.54,CHIVASSO - Bivio Boschetto (TEMP. SOPPRESSA),12.56,CALUSO - Bivio Carolina (TEMP. SOPPRESSA),12.57,VALLO - Bivio (TEMP. SOPPRESSA),12.58,ARÉ- via Duca degli Abruzzi,13.00,CALUSO - via De Brissac,13.06,CANDIA - p.zza VII Martiri,13.11,MERCENASCO - Stazione FS,13:15,MERCENASCO - via Nazionale,13.16,STRAMBINO - c.so Torino,13.20,CERONE - Bivio,13.23,SAN BERNARDO - via Torino,13.28,IVREA - Stazione FS,13.34,IVREA - Porta Vercelli,13.37,,,,,,,,,,,,,,,,,,,,,,,,,,,,,,,,,,,,,,,,,,,,,,,,,,
C0365,265,12345,FER,A,TO - Autostazione c.so Bolzano,12:50,TORINO - c.so Giulio Cesare,13:00,TORINO - c.so G. Cesare,13:07,TORINO - c.so G.Cesare (IVECO),13:13,TORINO - c.so G.Cesare (SPAZIO CONAD),13:15,SETTIMO T.SE - casello A4,|,BRANDIZZO - casello A4,|,CHIVASSO - Staz. FS Movicentro,|,CHIVASSO - p.le Alfa-Lancia,|,MONTANARO-v.Caviglietti-StazFS,|,VALLO - Chiesa,|,RODALLO - Stazione FS,|,CHIVASSO - Bivio Mosche,|,CHIVASSO - Bivio Boschetto (TEMP. SOPPRESSA),|,CALUSO - Bivio Carolina (TEMP. SOPPRESSA),|,VALLO - Bivio (TEMP. SOPPRESSA),|,ARÉ- via Duca degli Abruzzi,|,CALUSO - Stazione FS,|,CALUSO - Liceo,|,CALUSO - via De Brissac,13:49,CANDIA - p.zza VII Martiri,13:53,MERCENASCO - Stazione FS,13:57,MERCENASCO - via Nazionale,13:58,STRAMBINO - c.so Torino,14:00,CERONE - Bivio,14:03,SAN BERNARDO - via Torino,14:07,IVREA - Stazione FS,14:10,IVREA - Porta Vercelli,14:16,IVREA - Porta Aosta,14:17,MONTALTO DORA,14:19,BORGOFRANCO - Stazione FS,14:23,MONTESTRUTTO,14:27,SETTIMO VITTONE,14:28,TAVAGNASCO - Stazione FS,14:31,QUINCINETTO - largo Europa,14:36,CAREMA - via Torino,14:41,PONT S. MARTIN - Stazione FS,14:43,PONT S.MARTIN-pzza IV Novembre,14:46,,,,,,
C0366,265,123456,FER,A,CHIVASSO - Staz. FS Movicentro,13:43,CHIVASSO - p.le Alfa-Lancia,13.47,CHIVASSO - Bivio Mosche,13.54,CHIVASSO - Bivio Boschetto (TEMP. SOPPRESSA),13.56,CALUSO - Bivio Carolina (TEMP. SOPPRESSA),13.57,VALLO - Bivio (TEMP. SOPPRESSA),13.58,ARÉ- via Duca degli Abruzzi,14.00,CALUSO - via De Brissac,14.06,CANDIA - p.zza VII Martiri,14.11,MERCENASCO - Stazione FS,14:15,MERCENASCO - via Nazionale,14.16,STRAMBINO - c.so Torino,14.20,CERONE - Bivio,14.23,SAN BERNARDO - via Torino,14.28,IVREA - Stazione FS,14:35,IVREA - Porta Vercelli,14.37,IVREA - Porta Aosta,14.39,MONTALTO DORA,14.42,BORGOFRANCO - Stazione FS,14.47,MONTESTRUTTO,14.49,SETTIMO VITTONE,14.51,TAVAGNASCO - Stazione FS,14.54,QUINCINETTO - largo Europa,14.58,CAREMA - via Torino,15.03,PONT S. MARTIN - Stazione FS,15.04,PONT S.MARTIN-pzza IV Novembre,15.05,,,,,,,,,,,,,,,,,,,,,,,,,,,,,,
C0367,265,12345,FER,,TO - Autostazione c.so Bolzano,14:06,TORINO - c.so Giulio Cesare,14:18,TORINO - c.so G. Cesare,14:26,TORINO - c.so G.Cesare (IVECO),14:33,TORINO - c.so G.Cesare (SPAZIO CONAD),14:35,SETTIMO T.SE - casello A4,|,BRANDIZZO - casello A4,|,CHIVASSO - Staz. FS Movicentro,|,CHIVASSO - p.le Alfa-Lancia,|,MONTANARO-v.Caviglietti-StazFS,|,VALLO - Chiesa,|,RODALLO - Stazione FS,|,CHIVASSO - Bivio Mosche,|,CHIVASSO - Bivio Boschetto (TEMP. SOPPRESSA),|,CALUSO - Bivio Carolina (TEMP. SOPPRESSA),|,VALLO - Bivio (TEMP. SOPPRESSA),|,ARÉ- via Duca degli Abruzzi,|,CALUSO - Stazione FS,|,CALUSO - Liceo,|,CALUSO - via De Brissac,|,CANDIA - p.zza VII Martiri,|,MERCENASCO - Stazione FS,|,MERCENASCO - via Nazionale,|,STRAMBINO - c.so Torino,|,STRAMBINO - Stazione FS,|,CERONE - Bivio,|,SAN BERNARDO - via Torino,|,IVREA - loc Banchette,15:09,IVREA - Stazione FS,15:11,IVREA - Porta Vercelli,15:14,IVREA - Porta Aosta,15:16,MONTALTO DORA,15:19,BORGOFRANCO - Stazione FS,15:24,MONTESTRUTTO,15:26,SETTIMO VITTONE,15:28,TAVAGNASCO - Stazione FS,15:31,QUINCINETTO - largo Europa,15:35,CAREMA - via Torino,15:40,PONT S. MARTIN - Stazione FS,15:41,PONT S.MARTIN-pzza IV Novembre,15:42,,
C0368,265,12345,FER,S,TO-p.za Cattaneo-Mirafiori FCA,14.10,GRUGLIASCO - via Libertà,14:30,SETTIMO T.SE - casello A4,14:55,BRANDIZZO - casello A4,15:00,CHIVASSO - p.le Alfa-Lancia,15:06,VALLO - Chiesa,15:15,RODALLO - Stazione FS,15:20,ARÉ- via Duca degli Abruzzi,15:23,CALUSO - via De Brissac,15:29,CANDIA - p.zza VII Martiri,15:33,MERCENASCO - Stazione FS,15:36,MERCENASCO - via Nazionale,15:37,STRAMBINO - c.so Torino,15:40,CERONE - Bivio,15:42,SAN BERNARDO - via Torino,15:46,IVREA - Stazione FS,15:50,IVREA - Porta Vercelli,15:54,IVREA - Porta Aosta,15:55,,,,,,,,,,,,,,,,,,,,,,,,,,,,,,,,,,,,,,,,,,,,,,
C0369,265,12345,SCO,Scol,CALUSO - Liceo,14.58,CALUSO - via De Brissac,15:00,CANDIA - p.zza VII Martiri,15:04,MERCENASCO - Stazione FS,15:08,MERCENASCO - via Nazionale,15:09,STRAMBINO - c.so Torino,15:13,CERONE - Bivio,15:15,SAN BERNARDO - via Torino,15:20,IVREA - Stazione FS,15:26,IVREA - Porta Vercelli,15:31,IVREA - Porta Aosta,15:33,MONTALTO DORA,15:37,BORGOFRANCO - Stazione FS,15:40,MONTESTRUTTO,15:43,SETTIMO VITTONE,15:44,TAVAGNASCO - Stazione FS,15:46,QUINCINETTO - largo Europa,15:51,CAREMA - via Torino,15:55,PONT S. MARTIN - Stazione FS,15:56,PONT S.MARTIN-pzza IV Novembre,15:58,,,,,,,,,,,,,,,,,,,,,,,,,,,,,,,,,,,,,,,,,,
C0370,265,123456,FER,A,CHIVASSO - Staz. FS Movicentro,14.43,CHIVASSO - p.le Alfa-Lancia,14.47,CHIVASSO - Bivio Mosche,14.54,CHIVASSO - Bivio Boschetto (TEMP. SOPPRESSA),14.56,CALUSO - Bivio Carolina (TEMP. SOPPRESSA),14.57,VALLO - Bivio (TEMP. SOPPRESSA),14.58,ARÉ- via Duca degli Abruzzi,15.00,CALUSO - via De Brissac,15.06,CANDIA - p.zza VII Martiri,15.11,MERCENASCO - Stazione FS,15:15,MERCENASCO - via Nazionale,15.16,STRAMBINO - c.so Torino,15.20,CERONE - Bivio,15.23,SAN BERNARDO - via Torino,15.28,IVREA - Stazione FS,15.34,IVREA - Porta Vercelli,15.37,,,,,,,,,,,,,,,,,,,,,,,,,,,,,,,,,,,,,,,,,,,,,,,,,,
C0371,265,6,FER,F,TO - Autostazione c.so Bolzano,15.06,TORINO - c.so Giulio Cesare,15:18,TORINO - c.so G. Cesare,15:26,TORINO - c.so G.Cesare (IVECO),15:33,TORINO - c.so G.Cesare (SPAZIO CONAD),15:35,SETTIMO T.SE - casello A4,|,BRANDIZZO - casello A4,|,CHIVASSO - Staz. FS Movicentro,|,CHIVASSO - p.le Alfa-Lancia,|,MONTANARO-v.Caviglietti-StazFS,|,VALLO - Chiesa,|,RODALLO - Stazione FS,|,CHIVASSO - Bivio Mosche,|,CHIVASSO - Bivio Boschetto (TEMP. SOPPRESSA),|,CALUSO - Bivio Carolina (TEMP. SOPPRESSA),|,VALLO - Bivio (TEMP. SOPPRESSA),|,ARÉ- via Duca degli Abruzzi,|,CALUSO - Stazione FS,|,CALUSO - Liceo,|,CALUSO - via De Brissac,|,CANDIA - p.zza VII Martiri,|,MERCENASCO - Stazione FS,|,MERCENASCO - via Nazionale,|,STRAMBINO - c.so Torino,|,STRAMBINO - Stazione FS,|,CERONE - Bivio,|,SAN BERNARDO - via Torino,|,IVREA - loc Banchette,16:09,IVREA - Stazione FS,16:11,IVREA - Porta Vercelli,16:14,,,,,,,,,,,,,,,,,,,,,,
C0372,265,123456,FER,A,CHIVASSO - Staz. FS Movicentro,15.43,CHIVASSO - p.le Alfa-Lancia,15.47,CHIVASSO - Bivio Mosche,15.54,CHIVASSO - Bivio Boschetto (TEMP. SOPPRESSA),15.56,CALUSO - Bivio Carolina (TEMP. SOPPRESSA),15.57,VALLO - Bivio (TEMP. SOPPRESSA),15.58,ARÉ- via Duca degli Abruzzi,16.00,CALUSO - via De Brissac,16.06,CANDIA - p.zza VII Martiri,16.11,MERCENASCO - Stazione FS,16:15,MERCENASCO - via Nazionale,16.16,STRAMBINO - c.so Torino,16.20,CERONE - Bivio,16.23,SAN BERNARDO - via Torino,16.28,IVREA - Stazione FS,16:35,IVREA - Porta Vercelli,16.37,IVREA - Porta Aosta,16.39,MONTALTO DORA,16.42,BORGOFRANCO - Stazione FS,16.47,MONTESTRUTTO,16.49,SETTIMO VITTONE,16.51,TAVAGNASCO - Stazione FS,16.54,QUINCINETTO - largo Europa,16.58,CAREMA - via Torino,17.03,PONT S. MARTIN - Stazione FS,17.04,PONT S.MARTIN-pzza IV Novembre,17.05,,,,,,,,,,,,,,,,,,,,,,,,,,,,,,
C0373,265,12345,FER,,TO - Autostazione c.so Bolzano,15:36,TORINO - c.so Giulio Cesare,15:48,TORINO - c.so G. Cesare,15:56,TORINO - c.so G.Cesare (IVECO),16:03,TORINO - c.so G.Cesare (SPAZIO CONAD),16:05,SETTIMO T.SE - casello A4,|,BRANDIZZO - casello A4,|,CHIVASSO - Staz. FS Movicentro,|,CHIVASSO - p.le Alfa-Lancia,|,MONTANARO-v.Caviglietti-StazFS,|,VALLO - Chiesa,|,RODALLO - Stazione FS,|,CHIVASSO - Bivio Mosche,|,CHIVASSO - Bivio Boschetto (TEMP. SOPPRESSA),|,CALUSO - Bivio Carolina (TEMP. SOPPRESSA),|,VALLO - Bivio (TEMP. SOPPRESSA),|,ARÉ- via Duca degli Abruzzi,|,CALUSO - Stazione FS,|,CALUSO - Liceo,|,CALUSO - via De Brissac,|,CANDIA - p.zza VII Martiri,|,MERCENASCO - Stazione FS,|,MERCENASCO - via Nazionale,|,STRAMBINO - c.so Torino,|,STRAMBINO - Stazione FS,|,CERONE - Bivio,|,SAN BERNARDO - via Torino,|,IVREA - loc Banchette,16:39,IVREA - Stazione FS,16:41,IVREA - Porta Vercelli,16:44,,,,,,,,,,,,,,,,,,,,,,
C0374,265,,GG,J,CHIVASSO - Staz. FS Movicentro,16.43,CHIVASSO - p.le Alfa-Lancia,16.47,CHIVASSO - Bivio Mosche,16.54,CHIVASSO - Bivio Boschetto (TEMP. SOPPRESSA),16.56,CALUSO - Bivio Carolina (TEMP. SOPPRESSA),16.57,VALLO - Bivio (TEMP. SOPPRESSA),16.58,ARÉ- via Duca degli Abruzzi,17.00,CALUSO - via De Brissac,17.06,CANDIA - p.zza VII Martiri,17.11,MERCENASCO - Stazione FS,17:15,MERCENASCO - via Nazionale,17.16,STRAMBINO - c.so Torino,17.20,CERONE - Bivio,17.23,SAN BERNARDO - via Torino,17.28,IVREA - Stazione FS,17:35,IVREA - Porta Vercelli,17.37,IVREA - Porta Aosta,17.39,MONTALTO DORA,17.42,BORGOFRANCO - Stazione FS,17.47,MONTESTRUTTO,17.49,SETTIMO VITTONE,17.51,TAVAGNASCO - Stazione FS,17.54,QUINCINETTO - largo Europa,17.58,CAREMA - via Torino,18.03,PONT S. MARTIN - Stazione FS,18.04,PONT S.MARTIN-pzza IV Novembre,18.05,,,,,,,,,,,,,,,,,,,,,,,,,,,,,,
C0375,265,678,FEST,F,CHIVASSO - Staz. FS Movicentro,16.43,CHIVASSO - p.le Alfa-Lancia,16.47,CHIVASSO - Bivio Mosche,16.54,CHIVASSO - Bivio Boschetto (TEMP. SOPPRESSA),16.56,CALUSO - Bivio Carolina (TEMP. SOPPRESSA),16.57,VALLO - Bivio (TEMP. SOPPRESSA),16.58,ARÉ- via Duca degli Abruzzi,17.00,CALUSO - via De Brissac,17.06,CANDIA - p.zza VII Martiri,17.11,MERCENASCO - Stazione FS,17:15,MERCENASCO - via Nazionale,17.16,STRAMBINO - c.so Torino,17.20,CERONE - Bivio,17.23,SAN BERNARDO - via Torino,17.28,IVREA - Stazione FS,17:35,IVREA - Porta Vercelli,17.37,IVREA - Porta Aosta,17.39,MONTALTO DORA,17.42,BORGOFRANCO - Stazione FS,17.47,MONTESTRUTTO,17.49,SETTIMO VITTONE,17.51,TAVAGNASCO - Stazione FS,17.54,QUINCINETTO - largo Europa,17.58,CAREMA - via Torino,18.03,PONT S. MARTIN - Stazione FS,18.04,PONT S.MARTIN-pzza IV Novembre,18.05,,,,,,,,,,,,,,,,,,,,,,,,,,,,,,
C0376,265,12345,FER,S,TO-p.za Cattaneo-Mirafiori FCA,16.10,GRUGLIASCO - via Libertà,16.30,SETTIMO T.SE - casello A4,16.57,BRANDIZZO - casello A4,17.01,CHIVASSO - p.le Alfa-Lancia,17:08,ARÉ- via Duca degli Abruzzi,17.15,CALUSO - via De Brissac,17.21,CANDIA - p.zza VII Martiri,17.25,MERCENASCO - Stazione FS,17:29,MERCENASCO - via Nazionale,17.30,STRAMBINO - c.so Torino,17.33,CERONE - Bivio,17.36,SAN BERNARDO - via Torino,17.41,IVREA - Stazione FS,17:48,IVREA - Porta Vercelli,17.50,IVREA - Porta Aosta,17.52,MONTALTO DORA,17.55,BORGOFRANCO - Stazione FS,18.00,MONTESTRUTTO,18.03,SETTIMO VITTONE,18.04,TAVAGNASCO - Stazione FS,18.07,QUINCINETTO - largo Europa,18.11,CAREMA - via Torino,18.16,PONT S. MARTIN - Stazione FS,18.17,PONT S.MARTIN-pzza IV Novembre,18.18,,,,,,,,,,,,,,,,,,,,,,,,,,,,,,,,
C0377,265,12345,FER,,TO - Autostazione c.so Bolzano,17.16,TORINO - c.so Giulio Cesare,17.28,TORINO - c.so G. Cesare,17.36,TORINO - c.so G.Cesare (IVECO),17.43,TORINO - c.so G.Cesare (SPAZIO CONAD),17:45,SETTIMO T.SE - casello A4,|,BRANDIZZO - casello A4,|,CHIVASSO - Staz. FS Movicentro,|,CHIVASSO - p.le Alfa-Lancia,|,MONTANARO-v.Caviglietti-StazFS,|,VALLO - Chiesa,|,RODALLO - Stazione FS,|,CHIVASSO - Bivio Mosche,|,CHIVASSO - Bivio Boschetto (TEMP. SOPPRESSA),|,CALUSO - Bivio Carolina (TEMP. SOPPRESSA),|,VALLO - Bivio (TEMP. SOPPRESSA),|,ARÉ- via Duca degli Abruzzi,|,CALUSO - Stazione FS,|,CALUSO - Liceo,|,CALUSO - via De Brissac,|,CANDIA - p.zza VII Martiri,|,MERCENASCO - Stazione FS,|,MERCENASCO - via Nazionale,|,STRAMBINO - c.so Torino,|,STRAMBINO - Stazione FS,|,CERONE - Bivio,|,SAN BERNARDO - via Torino,|,IVREA - loc Banchette,18:19,IVREA - Stazione FS,18.21,IVREA - Porta Vercelli,18.24,,,,,,,,,,,,,,,,,,,,,,
C0378,265,123456,FER,A,CHIVASSO - Staz. FS Movicentro,17:43,CHIVASSO - p.le Alfa-Lancia,17.47,CHIVASSO - Bivio Mosche,17.54,CHIVASSO - Bivio Boschetto (TEMP. SOPPRESSA),17.56,CALUSO - Bivio Carolina (TEMP. SOPPRESSA),17.57,VALLO - Bivio (TEMP. SOPPRESSA),17.58,ARÉ- via Duca degli Abruzzi,18.00,CALUSO - via De Brissac,18.06,CANDIA - p.zza VII Martiri,18.11,MERCENASCO - Stazione FS,18:15,MERCENASCO - via Nazionale,18.16,STRAMBINO - c.so Torino,18.20,CERONE - Bivio,18.23,SAN BERNARDO - via Torino,18.28,IVREA - Stazione FS,18:35,IVREA - Porta Vercelli,18.37,IVREA - Porta Aosta,18.39,MONTALTO DORA,18.42,BORGOFRANCO - Stazione FS,18.47,MONTESTRUTTO,18.49,SETTIMO VITTONE,18.51,TAVAGNASCO - Stazione FS,18.54,QUINCINETTO - largo Europa,18.58,CAREMA - via Torino,19.03,PONT S. MARTIN - Stazione FS,19.04,PONT S.MARTIN-pzza IV Novembre,19.05,,,,,,,,,,,,,,,,,,,,,,,,,,,,,,
C0379,265,12345,FER,A,TO - Autostazione c.so Bolzano,18:06,TORINO - c.so Giulio Cesare,18:18,TORINO - c.so G. Cesare,18:26,TORINO - c.so G.Cesare (IVECO),18:33,TORINO - c.so G.Cesare (SPAZIO CONAD),18:35,SETTIMO T.SE - casello A4,|,BRANDIZZO - casello A4,|,CHIVASSO - Staz. FS Movicentro,|,CHIVASSO - p.le Alfa-Lancia,|,MONTANARO-v.Caviglietti-StazFS,|,VALLO - Chiesa,|,RODALLO - Stazione FS,|,CHIVASSO - Bivio Mosche,|,CHIVASSO - Bivio Boschetto (TEMP. SOPPRESSA),|,CALUSO - Bivio Carolina (TEMP. SOPPRESSA),|,VALLO - Bivio (TEMP. SOPPRESSA),|,ARÉ- via Duca degli Abruzzi,|,CALUSO - Stazione FS,|,CALUSO - Liceo,|,CALUSO - via De Brissac,|,CANDIA - p.zza VII Martiri,|,MERCENASCO - Stazione FS,|,MERCENASCO - via Nazionale,|,STRAMBINO - c.so Torino,|,STRAMBINO - Stazione FS,|,CERONE - Bivio,|,SAN BERNARDO - via Torino,|,IVREA - loc Banchette,19:09,IVREA - Stazione FS,19:11,IVREA - Porta Vercelli,19:14,,,,,,,,,,,,,,,,,,,,,,
C0380,265,12345,FER,,TO - Autostazione c.so Bolzano,18:15,TORINO - c.so Giulio Cesare,18:27,TORINO - c.so G. Cesare,18:35,TORINO - c.so G.Cesare (IVECO),18:42,TORINO - c.so G.Cesare (SPAZIO CONAD),18:44,SETTIMO T.SE - casello A4,18:47,CHIVASSO - Bivio Mosche,18:58,CHIVASSO - Bivio Boschetto (TEMP. SOPPRESSA),19:00,CALUSO - Bivio Carolina (TEMP. SOPPRESSA),19:01,VALLO - Bivio (TEMP. SOPPRESSA),19:05,ARÉ- via Duca degli Abruzzi,19:07,CALUSO - via De Brissac,19:12,CANDIA - p.zza VII Martiri,19:17,MERCENASCO - Stazione FS,19:21,MERCENASCO - via Nazionale,19:22,STRAMBINO - c.so Torino,19:27,CERONE - Bivio,19:28,SAN BERNARDO - via Torino,19:34,IVREA - Stazione FS,19:40,IVREA - Porta Vercelli,19:43,IVREA - Porta Aosta,19:45,MONTALTO DORA,19:48,BORGOFRANCO - Stazione FS,19:53,MONTESTRUTTO,19:55,SETTIMO VITTONE,19:57,TAVAGNASCO - Stazione FS,20:00,QUINCINETTO - largo Europa,20:04,CAREMA - via Torino,20:09,PONT S. MARTIN - Stazione FS,20:10,PONT S.MARTIN-pzza IV Novembre,20:11,,,,,,,,,,,,,,,,,,,,,,
C0381,265,6,FER,A,TO - Autostazione c.so Bolzano,18:15,TORINO - c.so Giulio Cesare,18:27,TORINO - c.so G. Cesare,18:35,TORINO - c.so G.Cesare (IVECO),18:42,TORINO - c.so G.Cesare (SPAZIO CONAD),18:44,SETTIMO T.SE - casello A4,18:47,CHIVASSO - Bivio Mosche,18:58,CHIVASSO - Bivio Boschetto (TEMP. SOPPRESSA),19:00,CALUSO - Bivio Carolina (TEMP. SOPPRESSA),19:01,VALLO - Bivio (TEMP. SOPPRESSA),19:05,ARÉ- via Duca degli Abruzzi,19:07,CALUSO - via De Brissac,19:12,CANDIA - p.zza VII Martiri,19:17,MERCENASCO - Stazione FS,19:21,MERCENASCO - via Nazionale,19:22,STRAMBINO - c.so Torino,19:27,CERONE - Bivio,19:28,SAN BERNARDO - via Torino,19:34,IVREA - Stazione FS,19:40,IVREA - Porta Vercelli,19:43,IVREA - Porta Aosta,19:45,MONTALTO DORA,19:48,BORGOFRANCO - Stazione FS,19:53,MONTESTRUTTO,19:55,SETTIMO VITTONE,19:57,TAVAGNASCO - Stazione FS,20:00,QUINCINETTO - largo Europa,20:04,CAREMA - via Torino,20:09,PONT S. MARTIN - Stazione FS,20:10,PONT S.MARTIN-pzza IV Novembre,20:11,,,,,,,,,,,,,,,,,,,,,,
C0382,265,6,FER,F,CHIVASSO - Staz. FS Movicentro,18:43,CHIVASSO - p.le Alfa-Lancia,18.47,CHIVASSO - Bivio Mosche,18.54,CHIVASSO - Bivio Boschetto (TEMP. SOPPRESSA),18.56,CALUSO - Bivio Carolina (TEMP. SOPPRESSA),18.57,VALLO - Bivio (TEMP. SOPPRESSA),18.58,ARÉ- via Duca degli Abruzzi,19.00,CALUSO - via De Brissac,19.06,CANDIA - p.zza VII Martiri,19.11,MERCENASCO - Stazione FS,19:15,MERCENASCO - via Nazionale,19.16,STRAMBINO - c.so Torino,19.20,CERONE - Bivio,19.23,SAN BERNARDO - via Torino,19.28,IVREA - Stazione FS,19.34,IVREA - Porta Vercelli,19.37,,,,,,,,,,,,,,,,,,,,,,,,,,,,,,,,,,,,,,,,,,,,,,,,,,
C0383,265,123456,FER,A,CHIVASSO - Staz. FS Movicentro,19.43,CHIVASSO - p.le Alfa-Lancia,19.47,CHIVASSO - Bivio Mosche,19.54,CHIVASSO - Bivio Boschetto (TEMP. SOPPRESSA),19.56,CALUSO - Bivio Carolina (TEMP. SOPPRESSA),19.57,VALLO - Bivio (TEMP. SOPPRESSA),19.58,ARÉ- via Duca degli Abruzzi,20.00,CALUSO - via De Brissac,20.06,CANDIA - p.zza VII Martiri,20.11,MERCENASCO - Stazione FS,20:15,MERCENASCO - via Nazionale,20.16,STRAMBINO - c.so Torino,20.20,CERONE - Bivio,20.23,SAN BERNARDO - via Torino,20.28,IVREA - Stazione FS,20:35,IVREA - Porta Vercelli,20.37,IVREA - Porta Aosta,20.39,MONTALTO DORA,20.42,BORGOFRANCO - Stazione FS,20.47,MONTESTRUTTO,20.49,SETTIMO VITTONE,20.51,TAVAGNASCO - Stazione FS,20.54,QUINCINETTO - largo Europa,20.58,CAREMA - via Torino,21.03,PONT S. MARTIN - Stazione FS,21.04,PONT S.MARTIN-pzza IV Novembre,21.05,,,,,,,,,,,,,,,,,,,,,,,,,,,,,,
C0384,265,12345,FER,A,CHIVASSO - Staz. FS Movicentro,22:12,CHIVASSO - p.le Alfa-Lancia,22.16,CHIVASSO - Bivio Mosche,22.23,CHIVASSO - Bivio Boschetto (TEMP. SOPPRESSA),22.25,CALUSO - Bivio Carolina (TEMP. SOPPRESSA),22.26,VALLO - Bivio (TEMP. SOPPRESSA),22.27,ARÉ- via Duca degli Abruzzi,22.29,CALUSO - via De Brissac,22.35,CANDIA - p.zza VII Martiri,22.40,MERCENASCO - Stazione FS,22:44,MERCENASCO - via Nazionale,22.45,STRAMBINO - c.so Torino,22.49,CERONE - Bivio,22.52,SAN BERNARDO - via Torino,22.57,IVREA - Stazione FS,23:04,IVREA - Porta Vercelli,23.06,IVREA - Porta Aosta,23.08,MONTALTO DORA,23.11,BORGOFRANCO - Stazione FS,23.16,MONTESTRUTTO,23.18,SETTIMO VITTONE,23.20,TAVAGNASCO - Stazione FS,23.23,QUINCINETTO - largo Europa,23.27,CAREMA - via Torino,23.32,PONT S. MARTIN - Stazione FS,23.33,PONT S.MARTIN-pzza IV Novembre,23.34,,,,,,,,,,,,,,,,,,,,,,,,,,,,,,
C0385,265,12345,FER,S,TO-p.za Cattaneo-Mirafiori FCA,22.10,GRUGLIASCO - via Libertà,22:30,SETTIMO T.SE - casello A4,22:50,BRANDIZZO - casello A4,22:55,CHIVASSO - p.le Alfa-Lancia,23:01,VALLO - Chiesa,23:10,RODALLO - Stazione FS,23:12,ARÉ- via Duca degli Abruzzi,23:14,CALUSO - via De Brissac,23:19,CANDIA - p.zza VII Martiri,23:22,MERCENASCO - Stazione FS,23:26,MERCENASCO - via Nazionale,23:27,STRAMBINO - c.so Torino,23:30,CERONE - Bivio,23:32,SAN BERNARDO - via Torino,23:36,IVREA - Stazione FS,23:40,IVREA - Porta Vercelli,23:43,IVREA - Porta Aosta,23:44,,,,,,,,,,,,,,,,,,,,,,,,,,,,,,,,,,,,,,,,,,,,,,
C0386,265,123456,FER,S,IVREA - Porta Vercelli,4:05,IVREA - Porta Aosta,4:07,IVREA - Stazione FS,4:10,SAN BERNARDO - via Torino,4:14,CERONE - Bivio,4:18,STRAMBINO - c.so Torino,4:20,MERCENASCO - via Nazionale,4:22,MERCENASCO FS - Navoletto,4:23,CANDIA - p.zza VII Martiri,4:26,CALUSO - via De Brissac,4:30,ARÉ- via Duca degli Abruzzi,4:35,RODALLO - Stazione FS,4:37,VALLO - Chiesa,4:40,CHIVASSO - p.le Alfa-Lancia,4:51,BRANDIZZO - casello A4,4:55,SETTIMO T.SE - casello A4,5:00,GRUGLIASCO - via Libertà,5:20,TO-Settembrini-Mirafiori FCA,5:35,,,,,,,,,,,,,,,,,,,,,,,,,,,,,,,,,,,,,,,,,,,,,,
C0387,265,12345,FER,FS,IVREA - Stazione FS,4:40,STRAMBINO - Stazione FS,4:56,MERCENASCO FS - Navoletto,4:59,CANDIA - p.zza VII Martiri,5:04,CALUSO - Stazione FS,5:11,RODALLO - Stazione FS,5:20,MONTANARO-v.Caviglietti-StazFS,5:27,CHIVASSO - Staz. FS Movicentro,5:35,,,,,,,,,,,,,,,,,,,,,,,,,,,,,,,,,,,,,,,,,,,,,,,,,,,,,,,,,,,,,,,,,,
C0388,265,123456,FER,A,PONT S.MARTIN-pzza IV Novembre,5:05,PONT S. MARTIN - Stazione FS,5:06,CAREMA - via Torino,5:07,QUINCINETTO - largo Europa,5:12,TAVAGNASCO - Stazione FS,5:16,SETTIMO VITTONE,5:19,MONTESTRUTTO,5:21,BORGOFRANCO - Stazione FS,5:23,MONTALTO DORA,5:28,IVREA - Porta Vercelli,5:33,IVREA - Porta Aosta,5:36,IVREA - Stazione FS,5:41,SAN BERNARDO - via Torino,5:46,CERONE - Bivio,5:51,STRAMBINO - c.so Torino,5:54,MERCENASCO - via Nazionale,5:58,MERCENASCO FS - Navoletto,5:59,CANDIA - p.zza VII Martiri,6:03,CALUSO - via De Brissac,6:08,ARÉ- via Duca degli Abruzzi,6:14,VALLO - Bivio (TEMP. SOPPRESSA),6:16,CALUSO - Bivio Carolina (TEMP. SOPPRESSA),6:17,CHIVASSO - Bivio Boschetto (TEMP. SOPPRESSA),6:18,CHIVASSO - Bivio Mosche,6:20,CHIVASSO - p.le Alfa-Lancia,6:27,CHIVASSO - Staz. FS Movicentro,6:31,,,,,,,,,,,,,,,,,,,,,,,,,,,,,,
C0389,265,12345,FER,S,PONT S.MARTIN-pzza IV Novembre,5:25,PONT S. MARTIN - Stazione FS,5:27,CAREMA - via Torino,5:29,QUINCINETTO - largo Europa,5:32,TAVAGNASCO - Stazione FS,5:37,SETTIMO VITTONE,5:39,MONTESTRUTTO,5:40,BORGOFRANCO - Stazione FS,5:43,MONTALTO DORA,5:47,IVREA - Porta Vercelli,5:53,IVREA - Porta Aosta,5:56,IVREA - Stazione FS,6:01,SAN BERNARDO - via Torino,6:04,CERONE - Bivio,6:08,STRAMBINO - c.so Torino,6:10,MERCENASCO - via Nazionale,6:12,MERCENASCO FS - Navoletto,6:13,CANDIA - p.zza VII Martiri,6:16,CALUSO - via De Brissac,6:22,ARÉ- via Duca degli Abruzzi,6:28,CHIVASSO - p.le Alfa-Lancia,6:40,BRANDIZZO - casello A4,6:45,SETTIMO T.SE - casello A4,6:50,GRUGLIASCO - via Libertà,7:21,TO-Settembrini-Mirafiori FCA,7:45,,,,,,,,,,,,,,,,,,,,,,,,,,,,,,,,
C0390,265,12345,FER,,PONT S.MARTIN-pzza IV Novembre,5.57,PONT S. MARTIN - Stazione FS,5.58,CAREMA - via Torino,5.59,QUINCINETTO - largo Europa,6.04,TAVAGNASCO - Stazione FS,6.08,SETTIMO VITTONE,6.11,MONTESTRUTTO,6.13,BORGOFRANCO - Stazione FS,6.15,MONTALTO DORA,6.20,IVREA - Porta Vercelli,6.25,IVREA - Porta Aosta,6.28,IVREA - via Di Vittorio,6.32,IVREA - Stazione FS,|,IVREA - loc Banchette,6:36,SAN BERNARDO - via Torino,|,CERONE - Bivio,|,STRAMBINO - Stazione FS,|,STRAMBINO - c.so Torino,|,MERCENASCO - via Nazionale,|,MERCENASCO FS - Navoletto,|,CANDIA - p.zza VII Martiri,|,CALUSO - via De Brissac,I,CALUSO - Stazione FS,I,CALUSO - Liceo,|,ARÉ- via Duca degli Abruzzi,|,VALLO - Bivio (TEMP. SOPPRESSA),|,CALUSO - Bivio Carolina (TEMP. SOPPRESSA),|,CHIVASSO - Bivio Boschetto (TEMP. SOPPRESSA),|,CHIVASSO - Bivio Mosche,|,RODALLO - Stazione FS,|,VALLO - Chiesa,|,MONTANARO-v.Caviglietti-StazFS,|,CHIVASSO - p.le Alfa-Lancia,|,CHIVASSO - Staz. FS Movicentro,|,BRANDIZZO - casello A4,|,SETTIMO T.SE - casello A4,|,TORINO-Parcheggio STURA (fermata a richiesta),7:05,TORINO - c.so G.Cesare (IVECO),7.07,TORINO - c.so G. Cesare,7.14,TORINO - c.so Giulio Cesare,7.21,TO - Autostazione c.so Bolzano,7.31
C0391,265,12345,FER,A,PONT S.MARTIN-pzza IV Novembre,6:22,PONT S. MARTIN - Stazione FS,6:23,CAREMA - via Torino,6:24,QUINCINETTO - largo Europa,6:29,TAVAGNASCO - Stazione FS,6:33,SETTIMO VITTONE,6:36,MONTESTRUTTO,6:38,BORGOFRANCO - Stazione FS,6:40,MONTALTO DORA,6:45,IVREA - Porta Vercelli,6:50,IVREA - Porta Aosta,6:53,IVREA - via Di Vittorio,6:57,IVREA - Stazione FS,|,IVREA - loc Banchette,7:01,SAN BERNARDO - via Torino,|,CERONE - Bivio,|,STRAMBINO - Stazione FS,|,STRAMBINO - c.so Torino,|,MERCENASCO - via Nazionale,|,MERCENASCO FS - Navoletto,|,CANDIA - p.zza VII Martiri,|,CALUSO - via De Brissac,I,CALUSO - Stazione FS,I,CALUSO - Liceo,|,ARÉ- via Duca degli Abruzzi,|,VALLO - Bivio (TEMP. SOPPRESSA),|,CALUSO - Bivio Carolina (TEMP. SOPPRESSA),|,CHIVASSO - Bivio Boschetto (TEMP. SOPPRESSA),|,CHIVASSO - Bivio Mosche,|,RODALLO - Stazione FS,|,VALLO - Chiesa,|,MONTANARO-v.Caviglietti-StazFS,|,CHIVASSO - p.le Alfa-Lancia,|,CHIVASSO - Staz. FS Movicentro,|,BRANDIZZO - casello A4,|,SETTIMO T.SE - casello A4,|,TORINO-Parcheggio STURA (fermata a richiesta),7:30,TORINO - c.so G.Cesare (IVECO),7:32,TORINO - c.so G. Cesare,7:39,TORINO - c.so Giulio Cesare,7:46,TO - Autostazione c.so Bolzano,7:56
C0392,265,12345,SCO,Scol,PONT S.MARTIN-pzza IV Novembre,6:40,PONT S. MARTIN - Stazione FS,6:41,CAREMA - via Torino,6:42,QUINCINETTO - largo Europa,6:47,TAVAGNASCO - Stazione FS,6:51,SETTIMO VITTONE,6:54,MONTESTRUTTO,6:56,BORGOFRANCO - Stazione FS,6:58,MONTALTO DORA,7:03,IVREA - Porta Vercelli,7:08,IVREA - Porta Aosta,7:11,IVREA - Stazione FS,7:15,SAN BERNARDO - via Torino,7:17,CERONE - Bivio,7:21,STRAMBINO - c.so Torino,7:27,MERCENASCO - via Nazionale,7:31,MERCENASCO FS - Navoletto,7:32,CANDIA - p.zza VII Martiri,7:39,CALUSO - via De Brissac,7:43,CALUSO - Liceo,7:45,,,,,,,,,,,,,,,,,,,,,,,,,,,,,,,,,,,,,,,,,,
C0393,265,12345,SCO,Scol,PONT S.MARTIN-pzza IV Novembre,6:43,PONT S. MARTIN - Stazione FS,6:42,CAREMA - via Torino,6:45,QUINCINETTO - largo Europa,6:50,TAVAGNASCO - Stazione FS,6:54,SETTIMO VITTONE,6:57,MONTESTRUTTO,6:59,BORGOFRANCO - Stazione FS,7:01,MONTALTO DORA,7:06,IVREA - Porta Aosta,7:11,IVREA - Stazione FS,7:15,SAN BERNARDO - via Torino,7:17,CERONE - Bivio,7:21,STRAMBINO - c.so Torino,7:27,,,,,,,,,,,,,,,,,,,,,,,,,,,,,,,,,,,,,,,,,,,,,,,,,,,,,,
C0394,265,12345,FER,,PONT S.MARTIN-pzza IV Novembre,6:47,PONT S. MARTIN - Stazione FS,6:48,CAREMA - via Torino,6:49,QUINCINETTO - largo Europa,6:54,TAVAGNASCO - Stazione FS,6.58,SETTIMO VITTONE,6:59,MONTESTRUTTO,7:00,BORGOFRANCO - Stazione FS,7:02,MONTALTO DORA,7:08,IVREA - Porta Aosta,7:11,IVREA - Stazione FS,7:14,SAN BERNARDO - via Torino,7:21,CERONE - Bivio,7:26,STRAMBINO - c.so Torino,7:32,MERCENASCO - via Nazionale,7:35,MERCENASCO FS - Navoletto,7:36,CANDIA - p.zza VII Martiri,7:43,CALUSO - via De Brissac,7:47,ARÉ- via Duca degli Abruzzi,7:55,VALLO - Bivio (TEMP. SOPPRESSA),7:57,CALUSO - Bivio Carolina (TEMP. SOPPRESSA),7:58,CHIVASSO - Bivio Boschetto (TEMP. SOPPRESSA),8:00,CHIVASSO - Bivio Mosche,8:02,SETTIMO T.SE - casello A4,8:15,TORINO-Parcheggio STURA (fermata a richiesta),8:22,TORINO - c.so G.Cesare (IVECO),8:24,TORINO - c.so G. Cesare,8:31,TORINO - c.so Giulio Cesare,8:38,TO - Autostazione c.so Bolzano,8:48,,,,,,,,,,,,,,,,,,,,,,,,
C0395,265,6,FER,A,PONT S. MARTIN - Stazione FS,6:53,CAREMA - via Torino,6:54,QUINCINETTO - largo Europa,6:59,TAVAGNASCO - Stazione FS,7:03,SETTIMO VITTONE,7:06,MONTESTRUTTO,7:08,BORGOFRANCO - Stazione FS,7:10,MONTALTO DORA,7:15,IVREA - Porta Vercelli,7:20,IVREA - Porta Aosta,7:23,IVREA - Stazione FS,7:28,SAN BERNARDO - via Torino,7:33,CERONE - Bivio,7:38,STRAMBINO - c.so Torino,7:41,MERCENASCO - via Nazionale,7:45,MERCENASCO FS - Navoletto,7:46,CANDIA - p.zza VII Martiri,7:50,CALUSO - via De Brissac,7:55,ARÉ- via Duca degli Abruzzi,8:01,VALLO - Bivio (TEMP. SOPPRESSA),8:03,CALUSO - Bivio Carolina (TEMP. SOPPRESSA),8:04,CHIVASSO - Bivio Boschetto (TEMP. SOPPRESSA),8:05,CHIVASSO - Bivio Mosche,8:07,CHIVASSO - p.le Alfa-Lancia,8:14,CHIVASSO - Staz. FS Movicentro,8:18,,,,,,,,,,,,,,,,,,,,,,,,,,,,,,,,
C0396,265,12345,FER,,IVREA - Porta Vercelli,7:40,IVREA - Porta Aosta,7:43,IVREA - via Di Vittorio,7:48,IVREA - Stazione FS,|,IVREA - loc Banchette,7:53,SAN BERNARDO - via Torino,|,CERONE - Bivio,|,STRAMBINO - Stazione FS,|,STRAMBINO - c.so Torino,|,MERCENASCO - via Nazionale,|,MERCENASCO FS - Navoletto,|,CANDIA - p.zza VII Martiri,|,CALUSO - via De Brissac,I,CALUSO - Stazione FS,I,CALUSO - Liceo,|,ARÉ- via Duca degli Abruzzi,|,VALLO - Bivio (TEMP. SOPPRESSA),|,CALUSO - Bivio Carolina (TEMP. SOPPRESSA),|,CHIVASSO - Bivio Boschetto (TEMP. SOPPRESSA),|,CHIVASSO - Bivio Mosche,|,RODALLO - Stazione FS,|,VALLO - Chiesa,|,MONTANARO-v.Caviglietti-StazFS,|,CHIVASSO - p.le Alfa-Lancia,|,CHIVASSO - Staz. FS Movicentro,|,BRANDIZZO - casello A4,|,SETTIMO T.SE - casello A4,|,TORINO-Parcheggio STURA (fermata a richiesta),8:25,TORINO - c.so G.Cesare (IVECO),8:27,TORINO - c.so G. Cesare,8:33,TORINO - c.so Giulio Cesare,8:43,TO - Autostazione c.so Bolzano,8:56,,,,,,,,,,,,,,,,,,
C0397,265,,GG,J,PONT S.MARTIN-pzza IV Novembre,7:52,PONT S. MARTIN - Stazione FS,7:53,CAREMA - via Torino,7:54,QUINCINETTO - largo Europa,7:59,TAVAGNASCO - Stazione FS,8:03,SETTIMO VITTONE,8:06,MONTESTRUTTO,8:08,BORGOFRANCO - Stazione FS,8:10,MONTALTO DORA,8:15,IVREA - Porta Vercelli,8:20,IVREA - Porta Aosta,8:23,IVREA - Stazione FS,8:28,SAN BERNARDO - via Torino,8:33,CERONE - Bivio,8:38,STRAMBINO - c.so Torino,8:41,MERCENASCO - via Nazionale,8:45,MERCENASCO FS - Navoletto,8:46,CANDIA - p.zza VII Martiri,8:50,CALUSO - via De Brissac,8:55,ARÉ- via Duca degli Abruzzi,9:01,VALLO - Bivio (TEMP. SOPPRESSA),9:03,CALUSO - Bivio Carolina (TEMP. SOPPRESSA),9:04,CHIVASSO - Bivio Boschetto (TEMP. SOPPRESSA),9:05,CHIVASSO - Bivio Mosche,9:07,CHIVASSO - p.le Alfa-Lancia,9:14,CHIVASSO - Staz. FS Movicentro,9:18,,,,,,,,,,,,,,,,,,,,,,,,,,,,,,
C0398,265,678,FEST,F,PONT S.MARTIN-pzza IV Novembre,7:52,PONT S. MARTIN - Stazione FS,7:53,CAREMA - via Torino,7:54,QUINCINETTO - largo Europa,7:59,TAVAGNASCO - Stazione FS,8:03,SETTIMO VITTONE,8:06,MONTESTRUTTO,8:08,BORGOFRANCO - Stazione FS,8:10,MONTALTO DORA,8:15,IVREA - Porta Vercelli,8:20,IVREA - Porta Aosta,8:23,IVREA - Stazione FS,8:28,SAN BERNARDO - via Torino,8:33,CERONE - Bivio,8:38,STRAMBINO - c.so Torino,8:41,MERCENASCO - via Nazionale,8:45,MERCENASCO FS - Navoletto,8:46,CANDIA - p.zza VII Martiri,8:50,CALUSO - via De Brissac,8:55,ARÉ- via Duca degli Abruzzi,9:01,VALLO - Bivio (TEMP. SOPPRESSA),9:03,CALUSO - Bivio Carolina (TEMP. SOPPRESSA),9:04,CHIVASSO - Bivio Boschetto (TEMP. SOPPRESSA),9:05,CHIVASSO - Bivio Mosche,9:07,CHIVASSO - p.le Alfa-Lancia,9:14,CHIVASSO - Staz. FS Movicentro,9:18,,,,,,,,,,,,,,,,,,,,,,,,,,,,,,
C0399,265,12345,FER,FS,IVREA - Stazione FS,9:30,SAN BERNARDO - via Torino,9:37,CERONE - Bivio,9:42,STRAMBINO - Stazione FS,9:44,STRAMBINO - c.so Torino,9:47,MERCENASCO - via Nazionale,9:51,MERCENASCO FS - Navoletto,9:52,CANDIA - p.zza VII Martiri,9:57,CALUSO - via De Brissac,10:02,CALUSO - Stazione FS,10:06,RODALLO - Stazione FS,10:15,VALLO - Chiesa,10:16,MONTANARO-v.Caviglietti-StazFS,10:22,CHIVASSO - Staz. FS Movicentro,10:30,,,,,,,,,,,,,,,,,,,,,,,,,,,,,,,,,,,,,,,,,,,,,,,,,,,,,,
C0400,265,123456,FER,A,PONT S.MARTIN-pzza IV Novembre,9:52,PONT S. MARTIN - Stazione FS,9:53,CAREMA - via Torino,9:54,QUINCINETTO - largo Europa,9:59,TAVAGNASCO - Stazione FS,10:03,SETTIMO VITTONE,10:06,MONTESTRUTTO,10:08,BORGOFRANCO - Stazione FS,10:10,MONTALTO DORA,10:15,IVREA - Porta Vercelli,10:20,IVREA - Porta Aosta,10:23,IVREA - Stazione FS,10:28,SAN BERNARDO - via Torino,10:33,CERONE - Bivio,10:38,STRAMBINO - c.so Torino,10:41,MERCENASCO - via Nazionale,10:45,MERCENASCO FS - Navoletto,10:46,CANDIA - p.zza VII Martiri,10:50,CALUSO - via De Brissac,10:55,ARÉ- via Duca degli Abruzzi,11:01,VALLO - Bivio (TEMP. SOPPRESSA),11:03,CALUSO - Bivio Carolina (TEMP. SOPPRESSA),11:04,CHIVASSO - Bivio Boschetto (TEMP. SOPPRESSA),11:05,CHIVASSO - Bivio Mosche,11:07,CHIVASSO - p.le Alfa-Lancia,11:14,CHIVASSO - Staz. FS Movicentro,11:18,,,,,,,,,,,,,,,,,,,,,,,,,,,,,,
C0401,265,123456,FER,F,IVREA - Porta Vercelli,10:20,IVREA - Porta Aosta,10:23,IVREA - Stazione FS,10:27,SAN BERNARDO - via Torino,10:33,CERONE - Bivio,10:38,STRAMBINO - c.so Torino,10:41,MERCENASCO - via Nazionale,10:45,MERCENASCO FS - Navoletto,10:46,CANDIA - p.zza VII Martiri,10:50,CALUSO - via De Brissac,10:55,ARÉ- via Duca degli Abruzzi,11:01,VALLO - Bivio (TEMP. SOPPRESSA),11:03,CALUSO - Bivio Carolina (TEMP. SOPPRESSA),11:04,CHIVASSO - Bivio Boschetto (TEMP. SOPPRESSA),11:05,CHIVASSO - Bivio Mosche,11:07,CHIVASSO - p.le Alfa-Lancia,11:14,CHIVASSO - Staz. FS Movicentro,11:18,,,,,,,,,,,,,,,,,,,,,,,,,,,,,,,,,,,,,,,,,,,,,,,,
C0402,265,123456,FER,A,PONT S.MARTIN-pzza IV Novembre,10:52,PONT S. MARTIN - Stazione FS,10:53,CAREMA - via Torino,10:54,QUINCINETTO - largo Europa,10:59,TAVAGNASCO - Stazione FS,11:03,SETTIMO VITTONE,11:06,MONTESTRUTTO,11:08,BORGOFRANCO - Stazione FS,11:10,MONTALTO DORA,11:15,IVREA - Porta Vercelli,11:20,IVREA - Porta Aosta,11:23,IVREA - Stazione FS,11:28,SAN BERNARDO - via Torino,11:33,CERONE - Bivio,11:38,STRAMBINO - c.so Torino,11:41,MERCENASCO - via Nazionale,11:45,MERCENASCO FS - Navoletto,11:46,CANDIA - p.zza VII Martiri,11:50,CALUSO - via De Brissac,11:55,ARÉ- via Duca degli Abruzzi,12:01,VALLO - Bivio (TEMP. SOPPRESSA),12:03,CALUSO - Bivio Carolina (TEMP. SOPPRESSA),12:04,CHIVASSO - Bivio Boschetto (TEMP. SOPPRESSA),12:05,CHIVASSO - Bivio Mosche,12:07,CHIVASSO - p.le Alfa-Lancia,12:14,CHIVASSO - Staz. FS Movicentro,12:18,,,,,,,,,,,,,,,,,,,,,,,,,,,,,,
C0403,265,12345,FER,S,IVREA - Porta Vercelli,12:00,IVREA - Porta Aosta,12:02,IVREA - Stazione FS,12:07,SAN BERNARDO - via Torino,12:09,CERONE - Bivio,12:13,STRAMBINO - c.so Torino,12:15,MERCENASCO - via Nazionale,12:17,MERCENASCO FS - Navoletto,12:18,CANDIA - p.zza VII Martiri,12:21,CALUSO - via De Brissac,12:25,ARÉ- via Duca degli Abruzzi,12:30,RODALLO - Stazione FS,12:32,VALLO - Chiesa,12:35,CHIVASSO - p.le Alfa-Lancia,12:46,BRANDIZZO - casello A4,12:50,SETTIMO T.SE - casello A4,12:55,GRUGLIASCO - via Libertà,13:19,TO-Settembrini-Mirafiori FCA,13:34,,,,,,,,,,,,,,,,,,,,,,,,,,,,,,,,,,,,,,,,,,,,,,
C0404,265,123456,FER,A,PONT S.MARTIN-pzza IV Novembre,11:52,PONT S. MARTIN - Stazione FS,11:53,CAREMA - via Torino,11:54,QUINCINETTO - largo Europa,11:59,TAVAGNASCO - Stazione FS,12:03,SETTIMO VITTONE,12:06,MONTESTRUTTO,12:08,BORGOFRANCO - Stazione FS,12:10,MONTALTO DORA,12:15,IVREA - Porta Vercelli,12:20,IVREA - Porta Aosta,12:23,IVREA - Stazione FS,12:28,SAN BERNARDO - via Torino,12:33,CERONE - Bivio,12:38,STRAMBINO - c.so Torino,12:41,MERCENASCO - via Nazionale,12:45,MERCENASCO FS - Navoletto,12:46,CANDIA - p.zza VII Martiri,12:50,CALUSO - via De Brissac,12:55,ARÉ- via Duca degli Abruzzi,13:01,VALLO - Bivio (TEMP. SOPPRESSA),13:03,CALUSO - Bivio Carolina (TEMP. SOPPRESSA),13:04,CHIVASSO - Bivio Boschetto (TEMP. SOPPRESSA),13:05,CHIVASSO - Bivio Mosche,13:07,CHIVASSO - p.le Alfa-Lancia,13:14,CHIVASSO - Staz. FS Movicentro,13:18,,,,,,,,,,,,,,,,,,,,,,,,,,,,,,
C0405,265,12345,FER,,PONT S.MARTIN-pzza IV Novembre,12:22,PONT S. MARTIN - Stazione FS,12:23,CAREMA - via Torino,12:24,QUINCINETTO - largo Europa,12:29,TAVAGNASCO - Stazione FS,12:33,SETTIMO VITTONE,12:36,MONTESTRUTTO,12:38,BORGOFRANCO - Stazione FS,12:40,MONTALTO DORA,12:45,IVREA - Porta Vercelli,12:50,IVREA - Porta Aosta,12:53,IVREA - via Di Vittorio,12:57,IVREA - Stazione FS,|,IVREA - loc Banchette,13:01,SAN BERNARDO - via Torino,|,CERONE - Bivio,|,STRAMBINO - Stazione FS,|,STRAMBINO - c.so Torino,|,MERCENASCO - via Nazionale,|,MERCENASCO FS - Navoletto,|,CANDIA - p.zza VII Martiri,|,CALUSO - via De Brissac,I,CALUSO - Stazione FS,I,CALUSO - Liceo,|,ARÉ- via Duca degli Abruzzi,|,VALLO - Bivio (TEMP. SOPPRESSA),|,CALUSO - Bivio Carolina (TEMP. SOPPRESSA),|,CHIVASSO - Bivio Boschetto (TEMP. SOPPRESSA),|,CHIVASSO - Bivio Mosche,|,RODALLO - Stazione FS,|,VALLO - Chiesa,|,MONTANARO-v.Caviglietti-StazFS,|,CHIVASSO - p.le Alfa-Lancia,|,CHIVASSO - Staz. FS Movicentro,|,BRANDIZZO - casello A4,|,SETTIMO T.SE - casello A4,|,TORINO-Parcheggio STURA (fermata a richiesta),13:30,TORINO - c.so G.Cesare (IVECO),13:32,TORINO - c.so G. Cesare,13:39,TORINO - c.so Giulio Cesare,13:46,TO - Autostazione c.so Bolzano,13:56
C0406,265,123456,FER,A,PONT S.MARTIN-pzza IV Novembre,12:52,PONT S. MARTIN - Stazione FS,12:53,CAREMA - via Torino,12:54,QUINCINETTO - largo Europa,12:59,TAVAGNASCO - Stazione FS,13.03,SETTIMO VITTONE,13:04,MONTESTRUTTO,13:05,BORGOFRANCO - Stazione FS,13:07,MONTALTO DORA,13:13,IVREA - Porta Aosta,13:16,IVREA - Stazione FS,13:19,SAN BERNARDO - via Torino,13:26,CERONE - Bivio,13:31,STRAMBINO - c.so Torino,13:37,MERCENASCO - via Nazionale,13:40,MERCENASCO FS - Navoletto,13:41,CANDIA - p.zza VII Martiri,13:48,CALUSO - via De Brissac,13:52,ARÉ- via Duca degli Abruzzi,14:00,VALLO - Bivio (TEMP. SOPPRESSA),|,CALUSO - Bivio Carolina (TEMP. SOPPRESSA),14:09,CHIVASSO - Bivio Boschetto (TEMP. SOPPRESSA),14:10,CHIVASSO - Bivio Mosche,14:12,RODALLO - Stazione FS,14:03,VALLO - Chiesa,14:05,SETTIMO T.SE - casello A4,14:25,TORINO-Parcheggio STURA (fermata a richiesta),14:32,TORINO - c.so G.Cesare (IVECO),14:34,TORINO - c.so G. Cesare,14:41,TORINO - c.so Giulio Cesare,14:48,TO - Autostazione c.so Bolzano,14:58,,,,,,,,,,,,,,,,,,,,
C0407,265,6,FER,F,IVREA - Porta Vercelli,13:50,IVREA - Porta Aosta,13:53,IVREA - via Di Vittorio,13:57,IVREA - Stazione FS,|,IVREA - loc Banchette,14:01,SAN BERNARDO - via Torino,|,CERONE - Bivio,|,STRAMBINO - Stazione FS,|,STRAMBINO - c.so Torino,|,MERCENASCO - via Nazionale,|,MERCENASCO FS - Navoletto,|,CANDIA - p.zza VII Martiri,|,CALUSO - via De Brissac,|,CALUSO - Stazione FS,|,CALUSO - Liceo,|,ARÉ- via Duca degli Abruzzi,|,VALLO - Bivio (TEMP. SOPPRESSA),|,CALUSO - Bivio Carolina (TEMP. SOPPRESSA),|,CHIVASSO - Bivio Boschetto (TEMP. SOPPRESSA),|,CHIVASSO - Bivio Mosche,|,RODALLO - Stazione FS,|,VALLO - Chiesa,|,MONTANARO-v.Caviglietti-StazFS,|,CHIVASSO - p.le Alfa-Lancia,|,CHIVASSO - Staz. FS Movicentro,|,BRANDIZZO - casello A4,|,SETTIMO T.SE - casello A4,|,TORINO-Parcheggio STURA (fermata a richiesta),14:30,TORINO - c.so G.Cesare (IVECO),14:32,TORINO - c.so G. Cesare,14:39,TORINO - c.so Giulio Cesare,14:46,TO - Autostazione c.so Bolzano,14:56,,,,,,,,,,,,,,,,,,
C0408,265,12345,SCO,Scol,PONT S.MARTIN-pzza IV Novembre,13:47,PONT S. MARTIN - Stazione FS,13:48,CAREMA - via Torino,13:49,QUINCINETTO - largo Europa,13:54,TAVAGNASCO - Stazione FS,13:58,SETTIMO VITTONE,14:01,MONTESTRUTTO,14:03,BORGOFRANCO - Stazione FS,14:05,MONTALTO DORA,14:10,IVREA - Porta Vercelli,14:15,IVREA - Porta Aosta,14:18,IVREA - Stazione FS,14:22,SAN BERNARDO - via Torino,14:28,CERONE - Bivio,14:33,STRAMBINO - c.so Torino,14:36,MERCENASCO - via Nazionale,14:40,MERCENASCO FS - Navoletto,14:41,CANDIA - p.zza VII Martiri,14:45,CALUSO - via De Brissac,14:50,CALUSO - Liceo,14:52,,,,,,,,,,,,,,,,,,,,,,,,,,,,,,,,,,,,,,,,,,
C0409,265,,GG,J,PONT S.MARTIN-pzza IV Novembre,13:52,PONT S. MARTIN - Stazione FS,13:53,CAREMA - via Torino,13:54,QUINCINETTO - largo Europa,13:59,TAVAGNASCO - Stazione FS,14.03,SETTIMO VITTONE,14.06,MONTESTRUTTO,14.08,BORGOFRANCO - Stazione FS,14.10,MONTALTO DORA,14:15,IVREA - Porta Vercelli,14:20,IVREA - Porta Aosta,14:23,IVREA - Stazione FS,14:28,SAN BERNARDO - via Torino,14.33,CERONE - Bivio,14.38,STRAMBINO - c.so Torino,14.41,MERCENASCO - via Nazionale,14.45,MERCENASCO FS - Navoletto,14:46,CANDIA - p.zza VII Martiri,14.50,CALUSO - via De Brissac,14.55,ARÉ- via Duca degli Abruzzi,15.01,VALLO - Bivio (TEMP. SOPPRESSA),|,CALUSO - Bivio Carolina (TEMP. SOPPRESSA),15.09,CHIVASSO - Bivio Boschetto (TEMP. SOPPRESSA),15.10,CHIVASSO - Bivio Mosche,15.12,RODALLO - Stazione FS,15.04,VALLO - Chiesa,15.06,CHIVASSO - p.le Alfa-Lancia,15.19,CHIVASSO - Staz. FS Movicentro,15.23,,,,,,,,,,,,,,,,,,,,,,,,,,
C0410,265,678,FEST,F,PONT S.MARTIN-pzza IV Novembre,13:52,PONT S. MARTIN - Stazione FS,13:53,CAREMA - via Torino,13:54,QUINCINETTO - largo Europa,13:59,TAVAGNASCO - Stazione FS,14.03,SETTIMO VITTONE,14.06,MONTESTRUTTO,14.08,BORGOFRANCO - Stazione FS,14.10,MONTALTO DORA,14:15,IVREA - Porta Vercelli,14:20,IVREA - Porta Aosta,14:23,IVREA - Stazione FS,14:28,SAN BERNARDO - via Torino,14.33,CERONE - Bivio,14.38,STRAMBINO - c.so Torino,14.41,MERCENASCO - via Nazionale,14.45,MERCENASCO FS - Navoletto,14:46,CANDIA - p.zza VII Martiri,14.50,CALUSO - via De Brissac,14.55,ARÉ- via Duca degli Abruzzi,15.01,VALLO - Bivio (TEMP. SOPPRESSA),15:03,CALUSO - Bivio Carolina (TEMP. SOPPRESSA),15:04,CHIVASSO - Bivio Boschetto (TEMP. SOPPRESSA),15:05,CHIVASSO - Bivio Mosche,15:07,CHIVASSO - p.le Alfa-Lancia,15:14,CHIVASSO - Staz. FS Movicentro,15:18,,,,,,,,,,,,,,,,,,,,,,,,,,,,,,
C0411,265,12345,FER,,PONT S.MARTIN-pzza IV Novembre,14:22,PONT S. MARTIN - Stazione FS,14:23,CAREMA - via Torino,14:24,QUINCINETTO - largo Europa,14:29,TAVAGNASCO - Stazione FS,14:33,SETTIMO VITTONE,14:36,MONTESTRUTTO,14:38,BORGOFRANCO - Stazione FS,14:40,MONTALTO DORA,14:45,IVREA - Porta Vercelli,14:50,IVREA - Porta Aosta,14:53,IVREA - via Di Vittorio,14:57,IVREA - Stazione FS,|,IVREA - loc Banchette,15:01,SAN BERNARDO - via Torino,|,CERONE - Bivio,|,STRAMBINO - Stazione FS,|,STRAMBINO - c.so Torino,|,MERCENASCO - via Nazionale,|,MERCENASCO FS - Navoletto,|,CANDIA - p.zza VII Martiri,|,CALUSO - via De Brissac,|,CALUSO - Stazione FS,|,CALUSO - Liceo,|,ARÉ- via Duca degli Abruzzi,|,VALLO - Bivio (TEMP. SOPPRESSA),|,CALUSO - Bivio Carolina (TEMP. SOPPRESSA),|,CHIVASSO - Bivio Boschetto (TEMP. SOPPRESSA),|,CHIVASSO - Bivio Mosche,|,RODALLO - Stazione FS,|,VALLO - Chiesa,|,MONTANARO-v.Caviglietti-StazFS,|,CHIVASSO - p.le Alfa-Lancia,|,CHIVASSO - Staz. FS Movicentro,|,BRANDIZZO - casello A4,|,SETTIMO T.SE - casello A4,|,TORINO-Parcheggio STURA (fermata a richiesta),15:30,TORINO - c.so G.Cesare (IVECO),15:32,TORINO - c.so G. Cesare,15:39,TORINO - c.so Giulio Cesare,15:46,TO - Autostazione c.so Bolzano,15:56
C0412,265,123456,FER,A,PONT S.MARTIN-pzza IV Novembre,14:52,PONT S. MARTIN - Stazione FS,14:53,CAREMA - via Torino,14:54,QUINCINETTO - largo Europa,14:59,TAVAGNASCO - Stazione FS,15.03,SETTIMO VITTONE,15.06,MONTESTRUTTO,15.08,BORGOFRANCO - Stazione FS,15.10,MONTALTO DORA,15:15,IVREA - Porta Vercelli,15:20,IVREA - Porta Aosta,15.23,IVREA - Stazione FS,15:28,SAN BERNARDO - via Torino,15.33,CERONE - Bivio,15.38,STRAMBINO - c.so Torino,15.41,MERCENASCO - via Nazionale,15.45,MERCENASCO FS - Navoletto,15:46,CANDIA - p.zza VII Martiri,15.50,CALUSO - via De Brissac,15.55,ARÉ- via Duca degli Abruzzi,16.01,VALLO - Bivio (TEMP. SOPPRESSA),16.03,CALUSO - Bivio Carolina (TEMP. SOPPRESSA),16.04,CHIVASSO - Bivio Boschetto (TEMP. SOPPRESSA),16.05,CHIVASSO - Bivio Mosche,16.07,CHIVASSO - p.le Alfa-Lancia,16.14,CHIVASSO - Staz. FS Movicentro,16.18,,,,,,,,,,,,,,,,,,,,,,,,,,,,,,
C0413,265,123456,FER,A,PONT S.MARTIN-pzza IV Novembre,16:02,PONT S. MARTIN - Stazione FS,16:03,CAREMA - via Torino,16:04,QUINCINETTO - largo Europa,16:09,TAVAGNASCO - Stazione FS,16:13,SETTIMO VITTONE,16:16,MONTESTRUTTO,16:18,BORGOFRANCO - Stazione FS,16:20,MONTALTO DORA,16:25,IVREA - Porta Vercelli,16:30,IVREA - Porta Aosta,16:33,IVREA - Stazione FS,16:38,SAN BERNARDO - via Torino,16:43,CERONE - Bivio,16:48,STRAMBINO - c.so Torino,16:51,MERCENASCO - via Nazionale,16:55,MERCENASCO FS - Navoletto,16:56,CANDIA - p.zza VII Martiri,17:00,CALUSO - via De Brissac,17:05,ARÉ- via Duca degli Abruzzi,17:11,VALLO - Bivio (TEMP. SOPPRESSA),|,CALUSO - Bivio Carolina (TEMP. SOPPRESSA),17.19,CHIVASSO - Bivio Boschetto (TEMP. SOPPRESSA),17.20,CHIVASSO - Bivio Mosche,17.22,RODALLO - Stazione FS,17.14,VALLO - Chiesa,17.16,CHIVASSO - p.le Alfa-Lancia,17.29,CHIVASSO - Staz. FS Movicentro,17.33,,,,,,,,,,,,,,,,,,,,,,,,,,
C0414,265,6,FER,F,IVREA - Porta Vercelli,16.20,IVREA - Porta Aosta,16.23,IVREA - Stazione FS,16:27,SAN BERNARDO - via Torino,16.33,CERONE - Bivio,16.38,STRAMBINO - c.so Torino,16.41,MERCENASCO - via Nazionale,16.45,MERCENASCO FS - Navoletto,16:46,CANDIA - p.zza VII Martiri,16.50,CALUSO - via De Brissac,16.55,ARÉ- via Duca degli Abruzzi,17.01,VALLO - Bivio (TEMP. SOPPRESSA),17.03,CALUSO - Bivio Carolina (TEMP. SOPPRESSA),17.04,CHIVASSO - Bivio Boschetto (TEMP. SOPPRESSA),17.05,CHIVASSO - Bivio Mosche,17.07,CHIVASSO - p.le Alfa-Lancia,17.14,CHIVASSO - Staz. FS Movicentro,17.18,,,,,,,,,,,,,,,,,,,,,,,,,,,,,,,,,,,,,,,,,,,,,,,,
C0415,265,12345,FER,,IVREA - Porta Vercelli,16.39,IVREA - Porta Aosta,16:42,IVREA - Stazione FS,16:46,SAN BERNARDO - via Torino,16:52,CERONE - Bivio,16:57,STRAMBINO - c.so Torino,17:01,MERCENASCO - via Nazionale,|,MERCENASCO FS - Navoletto,|,CANDIA - p.zza VII Martiri,|,CALUSO - via De Brissac,|,CALUSO - Stazione FS,|,CALUSO - Liceo,|,ARÉ- via Duca degli Abruzzi,|,VALLO - Bivio (TEMP. SOPPRESSA),|,CALUSO - Bivio Carolina (TEMP. SOPPRESSA),|,CHIVASSO - Bivio Boschetto (TEMP. SOPPRESSA),|,CHIVASSO - Bivio Mosche,|,RODALLO - Stazione FS,|,VALLO - Chiesa,|,MONTANARO-v.Caviglietti-StazFS,|,CHIVASSO - p.le Alfa-Lancia,|,CHIVASSO - Staz. FS Movicentro,|,BRANDIZZO - casello A4,|,SETTIMO T.SE - casello A4,|,TORINO-Parcheggio STURA (fermata a richiesta),17:30,TORINO - c.so G.Cesare (IVECO),17.32,TORINO - c.so G. Cesare,17.39,TORINO - c.so Giulio Cesare,17.46,TO - Autostazione c.so Bolzano,17:56,,,,,,,,,,,,,,,,,,,,,,,,
C0416,265,123456,FER,A,IVREA - Porta Vercelli,17.20,IVREA - Porta Aosta,17.23,IVREA - Stazione FS,17.27,SAN BERNARDO - via Torino,17.33,CERONE - Bivio,17.38,STRAMBINO - c.so Torino,17.41,MERCENASCO - via Nazionale,17.45,MERCENASCO FS - Navoletto,17:46,CANDIA - p.zza VII Martiri,17.50,CALUSO - via De Brissac,17.55,ARÉ- via Duca degli Abruzzi,18.01,VALLO - Bivio (TEMP. SOPPRESSA),18.03,CALUSO - Bivio Carolina (TEMP. SOPPRESSA),18.04,CHIVASSO - Bivio Boschetto (TEMP. SOPPRESSA),18.05,CHIVASSO - Bivio Mosche,18.07,CHIVASSO - p.le Alfa-Lancia,18.14,CHIVASSO - Staz. FS Movicentro,18.18,,,,,,,,,,,,,,,,,,,,,,,,,,,,,,,,,,,,,,,,,,,,,,,,
C0417,265,123456,FER,A,PONT S.MARTIN-pzza IV Novembre,17:52,PONT S. MARTIN - Stazione FS,17:53,CAREMA - via Torino,17:54,QUINCINETTO - largo Europa,17:59,TAVAGNASCO - Stazione FS,18.03,SETTIMO VITTONE,18.06,MONTESTRUTTO,18.08,BORGOFRANCO - Stazione FS,18.10,MONTALTO DORA,18:15,IVREA - Porta Vercelli,18.20,IVREA - Porta Aosta,18.23,IVREA - Stazione FS,18:28,SAN BERNARDO - via Torino,18.33,CERONE - Bivio,18.38,STRAMBINO - c.so Torino,18.41,MERCENASCO - via Nazionale,18.45,MERCENASCO FS - Navoletto,18:46,CANDIA - p.zza VII Martiri,18.50,CALUSO - via De Brissac,18.55,ARÉ- via Duca degli Abruzzi,19.01,VALLO - Bivio (TEMP. SOPPRESSA),19.03,CALUSO - Bivio Carolina (TEMP. SOPPRESSA),19.04,CHIVASSO - Bivio Boschetto (TEMP. SOPPRESSA),19.05,CHIVASSO - Bivio Mosche,19.07,CHIVASSO - p.le Alfa-Lancia,19.14,CHIVASSO - Staz. FS Movicentro,19.18,,,,,,,,,,,,,,,,,,,,,,,,,,,,,,
C0418,265,12345,FER,,IVREA - Porta Vercelli,18.30,IVREA - Porta Aosta,18.33,IVREA - via Di Vittorio,18.37,IVREA - Stazione FS,|,IVREA - loc Banchette,18:41,SAN BERNARDO - via Torino,|,CERONE - Bivio,|,STRAMBINO - Stazione FS,|,STRAMBINO - c.so Torino,|,MERCENASCO - via Nazionale,|,MERCENASCO FS - Navoletto,|,CANDIA - p.zza VII Martiri,|,CALUSO - via De Brissac,|,CALUSO - Stazione FS,|,CALUSO - Liceo,|,ARÉ- via Duca degli Abruzzi,|,VALLO - Bivio (TEMP. SOPPRESSA),|,CALUSO - Bivio Carolina (TEMP. SOPPRESSA),|,CHIVASSO - Bivio Boschetto (TEMP. SOPPRESSA),|,CHIVASSO - Bivio Mosche,|,RODALLO - Stazione FS,|,VALLO - Chiesa,|,MONTANARO-v.Caviglietti-StazFS,|,CHIVASSO - p.le Alfa-Lancia,|,CHIVASSO - Staz. FS Movicentro,|,BRANDIZZO - casello A4,|,SETTIMO T.SE - casello A4,|,TORINO-Parcheggio STURA (fermata a richiesta),19:10,TORINO - c.so G.Cesare (IVECO),19.12,TORINO - c.so G. Cesare,19.19,TORINO - c.so Giulio Cesare,19.26,TO - Autostazione c.so Bolzano,19.36,,,,,,,,,,,,,,,,,,
C0419,265,6,FER,F,IVREA - Porta Vercelli,19:50,IVREA - Porta Aosta,19:53,IVREA - via Di Vittorio,19:57,IVREA - Stazione FS,|,IVREA - loc Banchette,20:01,SAN BERNARDO - via Torino,|,CERONE - Bivio,|,STRAMBINO - Stazione FS,|,STRAMBINO - c.so Torino,|,MERCENASCO - via Nazionale,|,MERCENASCO FS - Navoletto,|,CANDIA - p.zza VII Martiri,|,CALUSO - via De Brissac,|,CALUSO - Stazione FS,|,CALUSO - Liceo,|,ARÉ- via Duca degli Abruzzi,|,VALLO - Bivio (TEMP. SOPPRESSA),|,CALUSO - Bivio Carolina (TEMP. SOPPRESSA),|,CHIVASSO - Bivio Boschetto (TEMP. SOPPRESSA),|,CHIVASSO - Bivio Mosche,|,RODALLO - Stazione FS,|,VALLO - Chiesa,|,MONTANARO-v.Caviglietti-StazFS,|,CHIVASSO - p.le Alfa-Lancia,|,CHIVASSO - Staz. FS Movicentro,|,BRANDIZZO - casello A4,|,SETTIMO T.SE - casello A4,|,TORINO-Parcheggio STURA (fermata a richiesta),20:30,TORINO - c.so G.Cesare (IVECO),20:32,TORINO - c.so G. Cesare,20:39,TORINO - c.so Giulio Cesare,20:46,TO - Autostazione c.so Bolzano,20:56,,,,,,,,,,,,,,,,,,
C0420,265,12345,FER,S,IVREA - Porta Vercelli,20:15,IVREA - Porta Aosta,20:17,IVREA - Stazione FS,20:20,SAN BERNARDO - via Torino,20:24,CERONE - Bivio,20:28,STRAMBINO - c.so Torino,20:30,MERCENASCO - via Nazionale,20:32,MERCENASCO FS - Navoletto,20:33,CANDIA - p.zza VII Martiri,20:36,CALUSO - via De Brissac,20:43,ARÉ- via Duca degli Abruzzi,20:48,CHIVASSO - p.le Alfa-Lancia,20:56,BRANDIZZO - casello A4,21:00,SETTIMO T.SE - casello A4,21:05,GRUGLIASCO - via Libertà,21:30,TO-Settembrini-Mirafiori FCA,21:45,,,,,,,,,,,,,,,,,,,,,,,,,,,,,,,,,,,,,,,,,,,,,,,,,,
C0421,265,12345,FER,A,PONT S.MARTIN-pzza IV Novembre,20:22,PONT S. MARTIN - Stazione FS,20:23,CAREMA - via Torino,20:24,QUINCINETTO - largo Europa,20:29,TAVAGNASCO - Stazione FS,20.33,SETTIMO VITTONE,20.36,MONTESTRUTTO,20.38,BORGOFRANCO - Stazione FS,20.40,MONTALTO DORA,20:45,IVREA - Porta Vercelli,20.50,IVREA - Porta Aosta,20.53,IVREA - Stazione FS,20:58,SAN BERNARDO - via Torino,21.03,CERONE - Bivio,21.08,STRAMBINO - c.so Torino,21.11,MERCENASCO - via Nazionale,21.15,MERCENASCO FS - Navoletto,21:16,CANDIA - p.zza VII Martiri,21.20,CALUSO - via De Brissac,21.25,ARÉ- via Duca degli Abruzzi,21.31,VALLO - Bivio (TEMP. SOPPRESSA),21.33,CALUSO - Bivio Carolina (TEMP. SOPPRESSA),21.34,CHIVASSO - Bivio Boschetto (TEMP. SOPPRESSA),21.35,CHIVASSO - Bivio Mosche,21.37,CHIVASSO - p.le Alfa-Lancia,21.44,CHIVASSO - Staz. FS Movicentro,21.48,,,,,,,,,,,,,,,,,,,,,,,,,,,,,,
C0422,283,123456,FER,03/08,CANTALUPA,6:15,FROSSASCO Bivio,6:25,ROLETTO,6:35,FRAZIONE RONCAGLIA,6:33,PINEROLO - via Martiri XXI,6:38,PINEROLO Ist. Immacolata,-,PINEROLO - Movicentro,-,PINEROLO - piazza Cavour,6:40,,,,,,,,,,,,,,,,,,,,,,,,,,,,,,,,,,,,,,,,,,,,,,,,,,,,,,,,,,,,,,,,,,
C0423,283,123456,FER,30/08/2026,CANTALUPA,7:10,FROSSASCO Bivio,7:18,ROLETTO,7:27,FRAZIONE RONCAGLIA,7:26,PINEROLO - via Martiri XXI,7:28,PINEROLO - piazza Cavour,7:35,,,,,,,,,,,,,,,,,,,,,,,,,,,,,,,,,,,,,,,,,,,,,,,,,,,,,,,,,,,,,,,,,,,,,,
C0424,283,6,SCO,SCOL,CANTALUPA,7:10,FROSSASCO Bivio,7:18,ROLETTO,7:27,FRAZIONE RONCAGLIA,7:26,PINEROLO - via Martiri XXI,7:28,PINEROLO - piazza Cavour,7:35,,,,,,,,,,,,,,,,,,,,,,,,,,,,,,,,,,,,,,,,,,,,,,,,,,,,,,,,,,,,,,,,,,,,,,
C0425,283,12345,SCO,SCOL,CANTALUPA,7:10,FROSSASCO Bivio,7:18,ROLETTO,7:27,FRAZIONE RONCAGLIA,7:26,PINEROLO - via Martiri XXI,7:28,PINEROLO Ist. Immacolata,7:35,,,,,,,,,,,,,,,,,,,,,,,,,,,,,,,,,,,,,,,,,,,,,,,,,,,,,,,,,,,,,,,,,,,,,,
C0426,283,12345,SCO,SCOL,PINEROLO Ist. Immacolata,7:40,PINEROLO - Movicentro,-,PINEROLO - piazza Cavour,7:45,,,,,,,,,,,,,,,,,,,,,,,,,,,,,,,,,,,,,,,,,,,,,,,,,,,,,,,,,,,,,,,,,,,,,,,,,,,,
C0427,283,123456,FER,,CANTALUPA,7:50,FROSSASCO Bivio,7:56,ROLETTO,8:01,FRAZIONE RONCAGLIA,-,PINEROLO - via Martiri XXI,8:05,PINEROLO Ist. Immacolata,-,PINEROLO - Movicentro,-,PINEROLO - piazza Cavour,8:09,,,,,,,,,,,,,,,,,,,,,,,,,,,,,,,,,,,,,,,,,,,,,,,,,,,,,,,,,,,,,,,,,,
C0428,283,12345,SCO,SCOL,CANTALUPA,7:50,FROSSASCO Bivio,-,ROLETTO,8:02,FRAZIONE RONCAGLIA,8:01,PINEROLO - via Martiri XXI,8:04,PINEROLO Ist. Immacolata,-,PINEROLO - Movicentro,-,PINEROLO - piazza Cavour,8:13,,,,,,,,,,,,,,,,,,,,,,,,,,,,,,,,,,,,,,,,,,,,,,,,,,,,,,,,,,,,,,,,,,
C0429,283,12345,SCO,SCOL,FROSSASCO Bivio,7:59,ROLETTO,8:05,FRAZIONE RONCAGLIA,-,PINEROLO - via Martiri XXI,8:09,PINEROLO Ist. Immacolata,-,PINEROLO - Movicentro,-,PINEROLO - piazza Cavour,8:14,,,,,,,,,,,,,,,,,,,,,,,,,,,,,,,,,,,,,,,,,,,,,,,,,,,,,,,,,,,,,,,,,,,,
C0430,283,123456,FER,,CANTALUPA,8:30,FROSSASCO Bivio,8:40,ROLETTO,8:51,FRAZIONE RONCAGLIA,8:47,PINEROLO - via Martiri XXI,8:52,PINEROLO Ist. Immacolata,-,PINEROLO - Movicentro,-,PINEROLO - piazza Cavour,9:00,,,,,,,,,,,,,,,,,,,,,,,,,,,,,,,,,,,,,,,,,,,,,,,,,,,,,,,,,,,,,,,,,,
C0431,283,123456,FER,SIMBOLOGIA,FROSSASCO Bivio,-,ROLETTO,9:42,FRAZIONE RONCAGLIA,-,PINEROLO - via Martiri XXI,9:45,PINEROLO Ist. Immacolata,-,PINEROLO - Movicentro,-,PINEROLO - piazza Cavour,9:50,,,,,,,,,,,,,,,,,,,,,,,,,,,,,,,,,,,,,,,,,,,,,,,,,,,,,,,,,,,,,,,,,,,,
C0432,283,78,FEST,CORSE:,CANTALUPA,9:45,FROSSASCO Bivio,9:55,ROLETTO,10:06,FRAZIONE RONCAGLIA,10:02,PINEROLO - via Martiri XXI,10:07,PINEROLO - piazza Cavour,10:15,,,,,,,,,,,,,,,,,,,,,,,,,,,,,,,,,,,,,,,,,,,,,,,,,,,,,,,,,,,,,,,,,,,,,,
C0433,283,123456,FER,D,FROSSASCO Bivio,-,ROLETTO,10:42,FRAZIONE RONCAGLIA,-,PINEROLO - via Martiri XXI,10:45,PINEROLO Ist. Immacolata,-,PINEROLO - Movicentro,-,PINEROLO - piazza Cavour,10:51,,,,,,,,,,,,,,,,,,,,,,,,,,,,,,,,,,,,,,,,,,,,,,,,,,,,,,,,,,,,,,,,,,,,
C0434,283,123456,FER,D,CANTALUPA,11:40,FROSSASCO Bivio,11:48,ROLETTO,12:00,FRAZIONE RONCAGLIA,11:57,PINEROLO - via Martiri XXI,12:05,PINEROLO Ist. Immacolata,-,PINEROLO - Movicentro,-,PINEROLO - piazza Cavour,12:10,,,,,,,,,,,,,,,,,,,,,,,,,,,,,,,,,,,,,,,,,,,,,,,,,,,,,,,,,,,,,,,,,,
C0435,283,6,SCO,AGO,CANTALUPA,11:30,FROSSASCO Bivio,11:40,ROLETTO,11:50,FRAZIONE RONCAGLIA,11:47,PINEROLO - via Martiri XXI,11:52,PINEROLO Ist. Immacolata,-,PINEROLO - Movicentro,-,PINEROLO - piazza Cavour,11:55,,,,,,,,,,,,,,,,,,,,,,,,,,,,,,,,,,,,,,,,,,,,,,,,,,,,,,,,,,,,,,,,,,
C0436,283,123456,FER,INV,CANTALUPA,12:50,FROSSASCO Bivio,13:00,ROLETTO,13:10,FRAZIONE RONCAGLIA,13:07,PINEROLO - via Martiri XXI,13:12,PINEROLO Ist. Immacolata,-,PINEROLO - Movicentro,-,PINEROLO - piazza Cavour,13:15,,,,,,,,,,,,,,,,,,,,,,,,,,,,,,,,,,,,,,,,,,,,,,,,,,,,,,,,,,,,,,,,,,
C0437,283,6,FER,I,CANTALUPA,12:50,FROSSASCO Bivio,13:00,ROLETTO,13:10,FRAZIONE RONCAGLIA,13:07,PINEROLO - via Martiri XXI,13:12,PINEROLO Ist. Immacolata,-,PINEROLO - Movicentro,-,PINEROLO - piazza Cavour,13:15,,,,,,,,,,,,,,,,,,,,,,,,,,,,,,,,,,,,,,,,,,,,,,,,,,,,,,,,,,,,,,,,,,
C0438,283,12345,SCO,SCOL,CANTALUPA,13:50,FROSSASCO Bivio,-,ROLETTO,14:01,FRAZIONE RONCAGLIA,-,PINEROLO - via Martiri XXI,14:03,PINEROLO Ist. Immacolata,-,PINEROLO - Movicentro,-,PINEROLO - piazza Cavour,14:07,,,,,,,,,,,,,,,,,,,,,,,,,,,,,,,,,,,,,,,,,,,,,,,,,,,,,,,,,,,,,,,,,,
C0439,283,12345,SCO,SCOL,CANTALUPA,14:45,FROSSASCO Bivio,14:52,ROLETTO,14:56,FRAZIONE RONCAGLIA,-,PINEROLO - via Martiri XXI,14:58,PINEROLO Ist. Immacolata,-,PINEROLO - Movicentro,-,PINEROLO - piazza Cavour,15:03,,,,,,,,,,,,,,,,,,,,,,,,,,,,,,,,,,,,,,,,,,,,,,,,,,,,,,,,,,,,,,,,,,
C0440,283,12345,SCO,SCOL,CANTALUPA,14:20,FROSSASCO Bivio,14:30,ROLETTO,14:43,FRAZIONE RONCAGLIA,14:37,PINEROLO - via Martiri XXI,14:45,PINEROLO Ist. Immacolata,-,PINEROLO - Movicentro,-,PINEROLO - piazza Cavour,14:50,,,,,,,,,,,,,,,,,,,,,,,,,,,,,,,,,,,,,,,,,,,,,,,,,,,,,,,,,,,,,,,,,,
C0441,283,12345,FER,NS,CANTALUPA,14:00,FROSSASCO Bivio,14:10,ROLETTO,14:23,FRAZIONE RONCAGLIA,14:17,PINEROLO - via Martiri XXI,14:25,PINEROLO Ist. Immacolata,-,PINEROLO - Movicentro,-,PINEROLO - piazza Cavour,14:30,,,,,,,,,,,,,,,,,,,,,,,,,,,,,,,,,,,,,,,,,,,,,,,,,,,,,,,,,,,,,,,,,,
C0442,283,6,FER,,CANTALUPA,14:00,FROSSASCO Bivio,14:10,ROLETTO,14:23,FRAZIONE RONCAGLIA,14:17,PINEROLO - via Martiri XXI,14:25,PINEROLO Ist. Immacolata,-,PINEROLO - Movicentro,-,PINEROLO - piazza Cavour,14:30,,,,,,,,,,,,,,,,,,,,,,,,,,,,,,,,,,,,,,,,,,,,,,,,,,,,,,,,,,,,,,,,,,
C0443,283,123456,FER,D,CANTALUPA,15:30,FROSSASCO Bivio,-,ROLETTO,15:45,FRAZIONE RONCAGLIA,-,PINEROLO - via Martiri XXI,15:46,PINEROLO Ist. Immacolata,-,PINEROLO - Movicentro,-,PINEROLO - piazza Cavour,15:49,,,,,,,,,,,,,,,,,,,,,,,,,,,,,,,,,,,,,,,,,,,,,,,,,,,,,,,,,,,,,,,,,,
C0444,283,78,FEST,,CANTALUPA,16:30,FROSSASCO Bivio,16:40,ROLETTO,16:53,FRAZIONE RONCAGLIA,16:47,PINEROLO - via Martiri XXI,16:55,PINEROLO Ist. Immacolata,-,PINEROLO - Movicentro,-,PINEROLO - piazza Cavour,17:00,,,,,,,,,,,,,,,,,,,,,,,,,,,,,,,,,,,,,,,,,,,,,,,,,,,,,,,,,,,,,,,,,,
C0445,283,123456,FER,D,CANTALUPA,16:40,FROSSASCO Bivio,-,ROLETTO,16:57,FRAZIONE RONCAGLIA,-,PINEROLO - via Martiri XXI,16:58,PINEROLO Ist. Immacolata,-,PINEROLO - Movicentro,-,PINEROLO - piazza Cavour,17:00,,,,,,,,,,,,,,,,,,,,,,,,,,,,,,,,,,,,,,,,,,,,,,,,,,,,,,,,,,,,,,,,,,
C0446,283,6,FER,,ROLETTO,17:28,FRAZIONE RONCAGLIA,-,PINEROLO - via Martiri XXI,17:30,PINEROLO Ist. Immacolata,-,PINEROLO - Movicentro,-,PINEROLO - piazza Cavour,17:35,,,,,,,,,,,,,,,,,,,,,,,,,,,,,,,,,,,,,,,,,,,,,,,,,,,,,,,,,,,,,,,,,,,,,,
C0447,283,12345,FER,NS,ROLETTO,17:28,FRAZIONE RONCAGLIA,-,PINEROLO - via Martiri XXI,17:30,PINEROLO Ist. Immacolata,-,PINEROLO - Movicentro,-,PINEROLO - piazza Cavour,17:35,,,,,,,,,,,,,,,,,,,,,,,,,,,,,,,,,,,,,,,,,,,,,,,,,,,,,,,,,,,,,,,,,,,,,,
C0448,283,12345,SCO,SCOL,CANTALUPA,17:30,FROSSASCO Bivio,-,ROLETTO,17:47,FRAZIONE RONCAGLIA,-,PINEROLO - via Martiri XXI,17:50,PINEROLO Ist. Immacolata,-,PINEROLO - Movicentro,-,PINEROLO - piazza Cavour,17:55,,,,,,,,,,,,,,,,,,,,,,,,,,,,,,,,,,,,,,,,,,,,,,,,,,,,,,,,,,,,,,,,,,
C0449,283,123456,FER,,CANTALUPA,17:55,FROSSASCO Bivio,18:05,ROLETTO,18:17,FRAZIONE RONCAGLIA,18:15,PINEROLO - via Martiri XXI,18:20,PINEROLO Ist. Immacolata,-,PINEROLO - Movicentro,-,PINEROLO - piazza Cavour,18:25,,,,,,,,,,,,,,,,,,,,,,,,,,,,,,,,,,,,,,,,,,,,,,,,,,,,,,,,,,,,,,,,,,
C0450,283,123456,FER,,CANTALUPA,19:00,FROSSASCO Bivio,19:07,ROLETTO,19:16,FRAZIONE RONCAGLIA,-,PINEROLO - via Martiri XXI,19:17,PINEROLO Ist. Immacolata,-,PINEROLO - Movicentro,-,PINEROLO - piazza Cavour,19:20,,,,,,,,,,,,,,,,,,,,,,,,,,,,,,,,,,,,,,,,,,,,,,,,,,,,,,,,,,,,,,,,,,
C0451,283,123456,FER,,CANTALUPA,19:55,FROSSASCO Bivio,-,ROLETTO,20:07,FRAZIONE RONCAGLIA,-,PINEROLO - via Martiri XXI,20:09,PINEROLO Ist. Immacolata,-,PINEROLO - Movicentro,-,PINEROLO - piazza Cavour,20:13,,,,,,,,,,,,,,,,,,,,,,,,,,,,,,,,,,,,,,,,,,,,,,,,,,,,,,,,,,,,,,,,,,
C0452,283,123456,FER,03/08,PINEROLO - piazza Cavour,6:45,PINEROLO - Movicentro,-,PINEROLO - via Martiri XXI,6:49,ROLETTO,6:53,FRAZIONE RONCAGLIA,-,FROSSASCO Bivio,6:57,CANTALUPA,7:05,,,,,,,,,,,,,,,,,,,,,,,,,,,,,,,,,,,,,,,,,,,,,,,,,,,,,,,,,,,,,,,,,,,,
C0453,283,123456,FER,30/08/2026,PINEROLO - piazza Cavour,7:15,PINEROLO - Movicentro,-,PINEROLO - via Martiri XXI,7:20,ROLETTO,7:33,FRAZIONE RONCAGLIA,7:25,FROSSASCO Bivio,7:37,CANTALUPA,7:45,,,,,,,,,,,,,,,,,,,,,,,,,,,,,,,,,,,,,,,,,,,,,,,,,,,,,,,,,,,,,,,,,,,,
C0454,283,123456,FER,,PINEROLO - piazza Cavour,8:00,PINEROLO - Movicentro,-,PINEROLO - via Martiri XXI,8:04,ROLETTO,8:18,FRAZIONE RONCAGLIA,8:10,FROSSASCO Bivio,8:22,CANTALUPA,8:30,,,,,,,,,,,,,,,,,,,,,,,,,,,,,,,,,,,,,,,,,,,,,,,,,,,,,,,,,,,,,,,,,,,,
C0455,283,123456,FER,D,PINEROLO - piazza Cavour,9:00,PINEROLO - Movicentro,-,PINEROLO - via Martiri XXI,9:05,ROLETTO,9:10,FRAZIONE RONCAGLIA,-,FROSSASCO Bivio,9:15,,,,,,,,,,,,,,,,,,,,,,,,,,,,,,,,,,,,,,,,,,,,,,,,,,,,,,,,,,,,,,,,,,,,,,
C0456,283,78,FEST,,PINEROLO - piazza Cavour,9:15,PINEROLO - Movicentro,-,PINEROLO - via Martiri XXI,9:20,ROLETTO,9:33,FRAZIONE RONCAGLIA,9:25,FROSSASCO Bivio,9:37,CANTALUPA,9:45,,,,,,,,,,,,,,,,,,,,,,,,,,,,,,,,,,,,,,,,,,,,,,,,,,,,,,,,,,,,,,,,,,,,
C0457,283,123456,FER,D,PINEROLO - piazza Cavour,10:00,PINEROLO - Movicentro,-,PINEROLO - via Martiri XXI,10:05,ROLETTO,10:10,FRAZIONE RONCAGLIA,-,FROSSASCO Bivio,10:15,,,,,,,,,,,,,,,,,,,,,,,,,,,,,,,,,,,,,,,,,,,,,,,,,,,,,,,,,,,,,,,,,,,,,,
C0458,283,6,FER,AGO,PINEROLO - piazza Cavour,11:00,PINEROLO - Movicentro,-,PINEROLO - via Martiri XXI,11:05,ROLETTO,11:18,FRAZIONE RONCAGLIA,11:10,FROSSASCO Bivio,11:22,CANTALUPA,11:30,,,,,,,,,,,,,,,,,,,,,,,,,,,,,,,,,,,,,,,,,,,,,,,,,,,,,,,,,,,,,,,,,,,,
C0459,283,123456,FER,D,PINEROLO - piazza Cavour,11:10,PINEROLO - Movicentro,-,PINEROLO - via Martiri XXI,11:15,ROLETTO,11:28,FRAZIONE RONCAGLIA,11:20,FROSSASCO Bivio,11:32,CANTALUPA,11:40,,,,,,,,,,,,,,,,,,,,,,,,,,,,,,,,,,,,,,,,,,,,,,,,,,,,,,,,,,,,,,,,,,,,
C0460,283,123456,FER,,PINEROLO - piazza Cavour,12:20,PINEROLO - Movicentro,-,PINEROLO - via Martiri XXI,12:25,ROLETTO,12:38,FRAZIONE RONCAGLIA,12:30,FROSSASCO Bivio,12:42,CANTALUPA,12:50,,,,,,,,,,,,,,,,,,,,,,,,,,,,,,,,,,,,,,,,,,,,,,,,,,,,,,,,,,,,,,,,,,,,
C0461,283,12345,FER,SIMBOLOGIA,PINEROLO - piazza Cavour,13:00,PINEROLO - Movicentro,-,PINEROLO - via Martiri XXI,13:05,ROLETTO,13:18,FRAZIONE RONCAGLIA,13:10,FROSSASCO Bivio,13:22,CANTALUPA,13:30,,,,,,,,,,,,,,,,,,,,,,,,,,,,,,,,,,,,,,,,,,,,,,,,,,,,,,,,,,,,,,,,,,,,
C0462,283,6,FER,CORSE:,PINEROLO - piazza Cavour,13:00,PINEROLO - Movicentro,-,PINEROLO - via Martiri XXI,13:05,ROLETTO,13:18,FRAZIONE RONCAGLIA,13:10,FROSSASCO Bivio,13:22,CANTALUPA,13:30,,,,,,,,,,,,,,,,,,,,,,,,,,,,,,,,,,,,,,,,,,,,,,,,,,,,,,,,,,,,,,,,,,,,
C0463,283,6,FER,I,PINEROLO - piazza Cavour,13:00,PINEROLO - Movicentro,-,PINEROLO - via Martiri XXI,13:05,ROLETTO,13:18,FRAZIONE RONCAGLIA,13:10,FROSSASCO Bivio,13:22,CANTALUPA,13:30,,,,,,,,,,,,,,,,,,,,,,,,,,,,,,,,,,,,,,,,,,,,,,,,,,,,,,,,,,,,,,,,,,,,
C0464,283,12345,SCO,SCOL,PINEROLO - Movicentro,-,PINEROLO - via Martiri XXI,13:38,ROLETTO,-,FRAZIONE RONCAGLIA,13:45,FROSSASCO Bivio,-,CANTALUPA,14:00,,,,,,,,,,,,,,,,,,,,,,,,,,,,,,,,,,,,,,,,,,,,,,,,,,,,,,,,,,,,,,,,,,,,,,
C0465,283,12345,SCO,SCOL,PINEROLO - piazza Cavour,13:20,PINEROLO - Movicentro,13:25,PINEROLO - via Martiri XXI,-,ROLETTO,13:36,FRAZIONE RONCAGLIA,-,FROSSASCO Bivio,13:40,CANTALUPA,13:47,,,,,,,,,,,,,,,,,,,,,,,,,,,,,,,,,,,,,,,,,,,,,,,,,,,,,,,,,,,,,,,,,,,,
C0466,283,12345,SCO,SCOL,PINEROLO - piazza Cavour,14:15,PINEROLO - Movicentro,-,PINEROLO - via Martiri XXI,14:20,ROLETTO,14:33,FRAZIONE RONCAGLIA,14:25,FROSSASCO Bivio,14:37,CANTALUPA,14:45,,,,,,,,,,,,,,,,,,,,,,,,,,,,,,,,,,,,,,,,,,,,,,,,,,,,,,,,,,,,,,,,,,,,
C0467,283,123456,FER,D,PINEROLO - piazza Cavour,15:05,PINEROLO - Movicentro,-,PINEROLO - via Martiri XXI,15:07,ROLETTO,15:18,FRAZIONE RONCAGLIA,15:10,FROSSASCO Bivio,15:22,CANTALUPA,15:30,,,,,,,,,,,,,,,,,,,,,,,,,,,,,,,,,,,,,,,,,,,,,,,,,,,,,,,,,,,,,,,,,,,,
C0468,283,78,FEST,,PINEROLO - piazza Cavour,16:00,PINEROLO - Movicentro,-,PINEROLO - via Martiri XXI,16:05,ROLETTO,16:17,FRAZIONE RONCAGLIA,16:13,FROSSASCO Bivio,16:20,CANTALUPA,16:30,,,,,,,,,,,,,,,,,,,,,,,,,,,,,,,,,,,,,,,,,,,,,,,,,,,,,,,,,,,,,,,,,,,,
C0469,283,12345,SCO,SCOL,PINEROLO - piazza Cavour,16:06,PINEROLO - Movicentro,-,PINEROLO - via Martiri XXI,16:15,ROLETTO,16:30,FRAZIONE RONCAGLIA,16:22,FROSSASCO Bivio,16:32,CANTALUPA,16:39,,,,,,,,,,,,,,,,,,,,,,,,,,,,,,,,,,,,,,,,,,,,,,,,,,,,,,,,,,,,,,,,,,,,
C0470,283,6,FER,D,PINEROLO - piazza Cavour,16:05,PINEROLO - Movicentro,-,PINEROLO - via Martiri XXI,16:07,ROLETTO,16:15,FRAZIONE RONCAGLIA,16:10,FROSSASCO Bivio,16:20,CANTALUPA,16:30,,,,,,,,,,,,,,,,,,,,,,,,,,,,,,,,,,,,,,,,,,,,,,,,,,,,,,,,,,,,,,,,,,,,
C0471,283,12345,FER,NS,PINEROLO - piazza Cavour,16:05,PINEROLO - Movicentro,-,PINEROLO - via Martiri XXI,16:07,ROLETTO,16:15,FRAZIONE RONCAGLIA,16:10,FROSSASCO Bivio,16:20,CANTALUPA,16:30,,,,,,,,,,,,,,,,,,,,,,,,,,,,,,,,,,,,,,,,,,,,,,,,,,,,,,,,,,,,,,,,,,,,
C0472,283,6,FER,,PINEROLO - piazza Cavour,17:00,PINEROLO - Movicentro,-,PINEROLO - via Martiri XXI,17:08,ROLETTO,17:20,FRAZIONE RONCAGLIA,17:14,,,,,,,,,,,,,,,,,,,,,,,,,,,,,,,,,,,,,,,,,,,,,,,,,,,,,,,,,,,,,,,,,,,,,,,,
C0473,283,12345,FER,NS,PINEROLO - piazza Cavour,17:00,PINEROLO - Movicentro,-,PINEROLO - via Martiri XXI,17:08,ROLETTO,17:20,FRAZIONE RONCAGLIA,17:14,,,,,,,,,,,,,,,,,,,,,,,,,,,,,,,,,,,,,,,,,,,,,,,,,,,,,,,,,,,,,,,,,,,,,,,,
C0474,283,12345,SCO,SCOL,PINEROLO - piazza Cavour,17:00,PINEROLO - Movicentro,-,PINEROLO - via Martiri XXI,17:05,ROLETTO,17:18,FRAZIONE RONCAGLIA,17:10,FROSSASCO Bivio,17:22,CANTALUPA,17:30,,,,,,,,,,,,,,,,,,,,,,,,,,,,,,,,,,,,,,,,,,,,,,,,,,,,,,,,,,,,,,,,,,,,
C0475,283,123456,FER,,PINEROLO - piazza Cavour,17:35,PINEROLO - Movicentro,-,PINEROLO - via Martiri XXI,17:39,ROLETTO,17:43,FRAZIONE RONCAGLIA,-,FROSSASCO Bivio,17:47,CANTALUPA,17:55,,,,,,,,,,,,,,,,,,,,,,,,,,,,,,,,,,,,,,,,,,,,,,,,,,,,,,,,,,,,,,,,,,,,
C0476,283,123456,FER,,PINEROLO - piazza Cavour,18:30,PINEROLO - Movicentro,-,PINEROLO - via Martiri XXI,18:35,ROLETTO,18:47,FRAZIONE RONCAGLIA,18:43,FROSSASCO Bivio,18:50,CANTALUPA,19:00,,,,,,,,,,,,,,,,,,,,,,,,,,,,,,,,,,,,,,,,,,,,,,,,,,,,,,,,,,,,,,,,,,,,
C0477,283,123456,FER,,PINEROLO - piazza Cavour,19:35,PINEROLO - Movicentro,-,PINEROLO - via Martiri XXI,19:39,ROLETTO,19:43,FRAZIONE RONCAGLIA,-,FROSSASCO Bivio,19:47,CANTALUPA,19:55,,,,,,,,,,,,,,,,,,,,,,,,,,,,,,,,,,,,,,,,,,,,,,,,,,,,,,,,,,,,,,,,,,,,
C0478,303,12345,FER,S,PINEROLO,4.30,PEROSA ARGENTINA arrivo,5.00,PEROSA ARGENTINA part.,5:20,POMARETTO OSPEDALE,5:22,POMARETTO P.LAUSA,5:23,CHIOTTI,5.28,TROSSIERI,5:30,PERRERO,5:34,PONTE RABBIOSO,5:36,POMEYFRE,5:39,,,,,,,,,,,,,,,,,,,,,,,,,,,,,,,,,,,,,,,,,,,,,,,,,,,,,,,,,,,,,,
C0479,303,123456,FER,,PERRERO,6:20,PONTE RABBIOSO,6:25,POMEYFRE,6:30,CROSETTO MIN. GIANNA,6:35,RODORETTO BIVIO,6:40,VILLA DI PRALI,6:45,PRALI GHIGO,6:50,,,,,,,,,,,,,,,,,,,,,,,,,,,,,,,,,,,,,,,,,,,,,,,,,,,,,,,,,,,,,,,,,,,,
C0480,303,123456,FER,S,PEROSA ARGENTINA part.,6:15,POMARETTO OSPEDALE,6:17,POMARETTO P.LAUSA,6:20,CHIOTTI,6:25,TROSSIERI,6:27,PERRERO,6:30,,,,,,,,,,,,,,,,,,,,,,,,,,,,,,,,,,,,,,,,,,,,,,,,,,,,,,,,,,,,,,,,,,,,,,
C0481,303,123456,SCO,SCOL,PERRERO,6:55,PONTE RABBIOSO,7:00,POMEYFRE,7:03,CROSETTO MIN. GIANNA,7:05,RODORETTO BIVIO,7:10,VILLA DI PRALI,7:15,PRALI GHIGO,7:19,SEGGIOVIE,7:20,,,,,,,,,,,,,,,,,,,,,,,,,,,,,,,,,,,,,,,,,,,,,,,,,,,,,,,,,,,,,,,,,,
C0482,303,123456,FER,,PEROSA ARGENTINA part.,8:15,POMARETTO OSPEDALE,8:17,POMARETTO P.LAUSA,8:20,CHIOTTI,8:25,TROSSIERI,8:27,PERRERO,8:30,,,,,,,,,,,,,,,,,,,,,,,,,,,,,,,,,,,,,,,,,,,,,,,,,,,,,,,,,,,,,,,,,,,,,,
C0483,303,123456,FER,AGO,TORINO Autostazione,7:41,PINEROLO,8:50,PEROSA ARGENTINA arrivo,9:20,PEROSA ARGENTINA part.,9:20,POMARETTO OSPEDALE,9:22,POMARETTO P.LAUSA,9:24,CHIOTTI,9:29,TROSSIERI,9:30,PERRERO,9:35,PONTE RABBIOSO,9:37,POMEYFRE,9:40,CROSETTO MIN. GIANNA,9:41,RODORETTO BIVIO,9:48,VILLA DI PRALI,9:52,PRALI GHIGO,9:56,SEGGIOVIE,9:57,,,,,,,,,,,,,,,,,,,,,,,,,,,,,,,,,,,,,,,,,,,,,,,,,,
C0484,303,8,FEST,,TORINO Autostazione,7:15,PINEROLO,8:24,PEROSA ARGENTINA arrivo,8:54,PEROSA ARGENTINA part.,9:20,POMARETTO OSPEDALE,9:22,POMARETTO P.LAUSA,9:24,CHIOTTI,9:29,TROSSIERI,9:30,PERRERO,9:33,PONTE RABBIOSO,9:36,POMEYFRE,9:38,CROSETTO MIN. GIANNA,9:39,RODORETTO BIVIO,9:46,VILLA DI PRALI,9:50,PRALI GHIGO,9:54,SEGGIOVIE,9:55,,,,,,,,,,,,,,,,,,,,,,,,,,,,,,,,,,,,,,,,,,,,,,,,,,
C0485,303,8,FEST,,TORINO Autostazione,9:15,PINEROLO,10:24,PEROSA ARGENTINA arrivo,10:54,PEROSA ARGENTINA part.,11:00,POMARETTO OSPEDALE,11:02,POMARETTO P.LAUSA,11:05,CHIOTTI,11:10,TROSSIERI,11:12,PERRERO,11:15,,,,,,,,,,,,,,,,,,,,,,,,,,,,,,,,,,,,,,,,,,,,,,,,,,,,,,,,,,,,,,,,
C0486,303,12345,FER,,TORINO Autostazione,9:41,PINEROLO,10:50,PEROSA ARGENTINA arrivo,11:20,PEROSA ARGENTINA part.,11:25,POMARETTO OSPEDALE,11:27,POMARETTO P.LAUSA,11:28,CHIOTTI,11:33,TROSSIERI,11:35,PERRERO,11:39,,,,,,,,,,,,,,,,,,,,,,,,,,,,,,,,,,,,,,,,,,,,,,,,,,,,,,,,,,,,,,,,
C0487,303,6,FER,A,PEROSA ARGENTINA part.,12:30,POMARETTO OSPEDALE,12:32,POMARETTO P.LAUSA,12:35,CHIOTTI,12:40,TROSSIERI,12:42,PERRERO,12:45,,,,,,,,,,,,,,,,,,,,,,,,,,,,,,,,,,,,,,,,,,,,,,,,,,,,,,,,,,,,,,,,,,,,,,
C0488,303,12345,FER,NS,TORINO Autostazione,10:41,PINEROLO,11:50,PEROSA ARGENTINA arrivo,12:20,PEROSA ARGENTINA part.,12:35,POMARETTO OSPEDALE,12:37,POMARETTO P.LAUSA,12:38,CHIOTTI,12:45,TROSSIERI,12:47,PERRERO,12:50,PONTE RABBIOSO,12:53,POMEYFRE,12:57,CROSETTO MIN. GIANNA,12:58,RODORETTO BIVIO,13:05,VILLA DI PRALI,13:10,PRALI GHIGO,13:14,,,,,,,,,,,,,,,,,,,,,,,,,,,,,,,,,,,,,,,,,,,,,,,,,,,,
C0489,303,1245,SCO,SCOL,TORINO Autostazione,10:41,PINEROLO,11:50,PEROSA ARGENTINA arrivo,12:20,PEROSA ARGENTINA part.,12:35,POMARETTO OSPEDALE,12:37,POMARETTO P.LAUSA,12:38,CHIOTTI,12:45,TROSSIERI,12:47,PERRERO,12:50,PONTE RABBIOSO,12:53,POMEYFRE,12:57,CROSETTO MIN. GIANNA,12:58,RODORETTO BIVIO,13:05,VILLA DI PRALI,13:10,PRALI GHIGO,13:14,,,,,,,,,,,,,,,,,,,,,,,,,,,,,,,,,,,,,,,,,,,,,,,,,,,,
C0490,303,3,SCO,SCOL,TORINO Autostazione,10:41,PINEROLO,11:50,PEROSA ARGENTINA arrivo,12:20,PEROSA ARGENTINA part.,12:45,POMARETTO OSPEDALE,12:47,POMARETTO P.LAUSA,12:48,CHIOTTI,12:55,TROSSIERI,12:57,PERRERO,13:00,PONTE RABBIOSO,13:03,POMEYFRE,13:07,CROSETTO MIN. GIANNA,13:08,RODORETTO BIVIO,13:15,VILLA DI PRALI,13:20,PRALI GHIGO,13:24,,,,,,,,,,,,,,,,,,,,,,,,,,,,,,,,,,,,,,,,,,,,,,,,,,,,
C0491,303,123456,FER,NS,TORINO Autostazione,11:41,PINEROLO,12:50,PEROSA ARGENTINA arrivo,13:20,PEROSA ARGENTINA part.,13:25,POMARETTO OSPEDALE,13:27,POMARETTO P.LAUSA,13:28,CHIOTTI,13:35,TROSSIERI,13:37,PERRERO,13:41,PONTE RABBIOSO,13:43,POMEYFRE,13:46,CROSETTO MIN. GIANNA,13:47,RODORETTO BIVIO,13:55,VILLA DI PRALI,13:59,PRALI GHIGO,14:03,,,,,,,,,,,,,,,,,,,,,,,,,,,,,,,,,,,,,,,,,,,,,,,,,,,,
C0492,303,12345,SCO,SCOL,TORINO Autostazione,12:03,PINEROLO,13:20,PEROSA ARGENTINA arrivo,13:50,PEROSA ARGENTINA part.,14:05,POMARETTO OSPEDALE,14:07,POMARETTO P.LAUSA,14:09,CHIOTTI,14:13,TROSSIERI,14:14,PERRERO,14:19,PONTE RABBIOSO,14:21,POMEYFRE,14:23,CROSETTO MIN. GIANNA,14:24,RODORETTO BIVIO,14:31,VILLA DI PRALI,14:35,PRALI GHIGO,14:39,,,,,,,,,,,,,,,,,,,,,,,,,,,,,,,,,,,,,,,,,,,,,,,,,,,,
C0493,303,12345,FER,S,TORINO Autostazione,12:41,PINEROLO,13:50,PEROSA ARGENTINA arrivo,14:20,PEROSA ARGENTINA part.,14:30,POMARETTO OSPEDALE,14:32,POMARETTO P.LAUSA,14:35,CHIOTTI,14:40,TROSSIERI,14:42,PERRERO,14:45,,,,,,,,,,,,,,,,,,,,,,,,,,,,,,,,,,,,,,,,,,,,,,,,,,,,,,,,,,,,,,,,
C0494,303,12345,FER,A,TORINO Autostazione,13:41,PINEROLO,14:50,PEROSA ARGENTINA arrivo,15:20,PEROSA ARGENTINA part.,15:40,POMARETTO OSPEDALE,15:42,POMARETTO P.LAUSA,15:45,CHIOTTI,15:50,TROSSIERI,15:52,PERRERO,15:55,,,,,,,,,,,,,,,,,,,,,,,,,,,,,,,,,,,,,,,,,,,,,,,,,,,,,,,,,,,,,,,,
C0495,303,123456,FER,INV,PERRERO,16:05,PONTE RABBIOSO,16:10,POMEYFRE,16:15,CROSETTO MIN. GIANNA,16:20,RODORETTO BIVIO,16:22,VILLA DI PRALI,16:25,PRALI GHIGO,16:30,,,,,,,,,,,,,,,,,,,,,,,,,,,,,,,,,,,,,,,,,,,,,,,,,,,,,,,,,,,,,,,,,,,,
C0496,303,8,FEST,R,TORINO Autostazione,14:03,PINEROLO,15:20,PEROSA ARGENTINA arrivo,15:50,PEROSA ARGENTINA part.,15:52,POMARETTO OSPEDALE,15:54,POMARETTO P.LAUSA,15:57,CHIOTTI,16:02,TROSSIERI,16:04,PERRERO,16:07,PONTE RABBIOSO,16:12,POMEYFRE,16:17,CROSETTO MIN. GIANNA,16:22,RODORETTO BIVIO,16:27,VILLA DI PRALI,16:32,PRALI GHIGO,16:34,SEGGIOVIE,16:37,,,,,,,,,,,,,,,,,,,,,,,,,,,,,,,,,,,,,,,,,,,,,,,,,,
C0497,303,8,FEST,Q,PEROSA ARGENTINA part.,16:20,POMARETTO OSPEDALE,16:22,POMARETTO P.LAUSA,16:25,CHIOTTI,16:30,TROSSIERI,16:32,PERRERO,16:35,PONTE RABBIOSO,16:40,POMEYFRE,16:45,CROSETTO MIN. GIANNA,16:50,RODORETTO BIVIO,16:55,VILLA DI PRALI,17:00,PRALI GHIGO,17:05,SEGGIOVIE,17:10,,,,,,,,,,,,,,,,,,,,,,,,,,,,,,,,,,,,,,,,,,,,,,,,,,,,,,,,
C0498,303,12345,FER,S,TORINO Autostazione,15.11,PINEROLO,16.20,PEROSA ARGENTINA arrivo,16.50,PEROSA ARGENTINA part.,17:15,POMARETTO OSPEDALE,17:17,POMARETTO P.LAUSA,17:20,CHIOTTI,17:25,TROSSIERI,17:27,PERRERO,17:30,,,,,,,,,,,,,,,,,,,,,,,,,,,,,,,,,,,,,,,,,,,,,,,,,,,,,,,,,,,,,,,,
C0499,303,6,FER,03/08,PEROSA ARGENTINA part.,17:15,POMARETTO OSPEDALE,17:17,POMARETTO P.LAUSA,17:20,CHIOTTI,17:25,TROSSIERI,17:27,PERRERO,17:30,,,,,,,,,,,,,,,,,,,,,,,,,,,,,,,,,,,,,,,,,,,,,,,,,,,,,,,,,,,,,,,,,,,,,,
C0500,303,123456,FER,EST,PERRERO,17:30,PONTE RABBIOSO,17:31,POMEYFRE,17:35,CROSETTO MIN. GIANNA,17:40,RODORETTO BIVIO,17:43,VILLA DI PRALI,17:47,PRALI GHIGO,17:50,SEGGIOVIE,17:51,,,,,,,,,,,,,,,,,,,,,,,,,,,,,,,,,,,,,,,,,,,,,,,,,,,,,,,,,,,,,,,,,,
C0501,303,8,FEST,R,TORINO Autostazione,15:15,PINEROLO,16:24,PEROSA ARGENTINA arrivo,16:54,PEROSA ARGENTINA part.,17:22,POMARETTO OSPEDALE,17:24,POMARETTO P.LAUSA,17:27,CHIOTTI,17:32,TROSSIERI,17:34,PERRERO,17:37,,,,,,,,,,,,,,,,,,,,,,,,,,,,,,,,,,,,,,,,,,,,,,,,,,,,,,,,,,,,,,,,
C0502,303,12345,SCO,SCOL,TORINO Autostazione,16:03,PINEROLO,17:20,PEROSA ARGENTINA arrivo,17:50,PEROSA ARGENTINA part.,18.00,POMARETTO OSPEDALE,18.02,POMARETTO P.LAUSA,18.04,CHIOTTI,18:03,TROSSIERI,18.09,PERRERO,18.14,PONTE RABBIOSO,18.16,POMEYFRE,18.18,CROSETTO MIN. GIANNA,18.19,RODORETTO BIVIO,18.26,VILLA DI PRALI,18.30,PRALI GHIGO,18.34,,,,,,,,,,,,,,,,,,,,,,,,,,,,,,,,,,,,,,,,,,,,,,,,,,,,
C0503,303,8,FEST,Q,PEROSA ARGENTINA part.,18:30,POMARETTO OSPEDALE,18:32,POMARETTO P.LAUSA,18:35,CHIOTTI,18:40,TROSSIERI,18:42,PERRERO,18:45,,,,,,,,,,,,,,,,,,,,,,,,,,,,,,,,,,,,,,,,,,,,,,,,,,,,,,,,,,,,,,,,,,,,,,
C0504,303,12345,FER,A,TORINO Autostazione,17:30,PINEROLO,-,PEROSA ARGENTINA arrivo,18:56,,,,,,,,,,,,,,,,,,,,,,,,,,,,,,,,,,,,,,,,,,,,,,,,,,,,,,,,,,,,,,,,,,,,,,,,,,,,
C0505,303,123456,FER,,PEROSA ARGENTINA part.,19:10,POMARETTO OSPEDALE,19:12,POMARETTO P.LAUSA,19:15,CHIOTTI,19:20,TROSSIERI,19:22,PERRERO,19:25,,,,,,,,,,,,,,,,,,,,,,,,,,,,,,,,,,,,,,,,,,,,,,,,,,,,,,,,,,,,,,,,,,,,,,
C0506,303,12345,FER,S,TORINO Autostazione,18:03,PINEROLO,19:20,PEROSA ARGENTINA arrivo,19:50,PEROSA ARGENTINA part.,20:00,POMARETTO OSPEDALE,20:02,POMARETTO P.LAUSA,20:04,CHIOTTI,20:08,TROSSIERI,20:09,PERRERO,20:14,PONTE RABBIOSO,20:15,POMEYFRE,20:16,,,,,,,,,,,,,,,,,,,,,,,,,,,,,,,,,,,,,,,,,,,,,,,,,,,,,,,,,,,,
C0507,303,12345,FER,S,TORINO Autostazione,21.03,PINEROLO,22.12,PEROSA ARGENTINA arrivo,22.42,PEROSA ARGENTINA part.,22:45,POMARETTO OSPEDALE,22:47,POMARETTO P.LAUSA,22:50,CHIOTTI,22:55,TROSSIERI,22:57,PERRERO,23:00,,,,,,,,,,,,,,,,,,,,,,,,,,,,,,,,,,,,,,,,,,,,,,,,,,,,,,,,,,,,,,,,
C0508,303,12345,FER,S,PERRERO,5:10,TROSSIERI,5:13,CHIOTTI,5:15,POMARETTO P. LAUSA,5:20,POMARETTO OSPEDALE,5:23,PEROSA ARGENTINA arrivo,5:25,PEROSA ARGENTINA part.,5:40,PINEROLO,6:10,TORINO Autostazione,7:19,,,,,,,,,,,,,,,,,,,,,,,,,,,,,,,,,,,,,,,,,,,,,,,,,,,,,,,,,,,,,,,,
C0509,303,12345,FER,S,PERRERO,6:55,TROSSIERI,6:58,CHIOTTI,7:00,POMARETTO P. LAUSA,7:05,POMARETTO OSPEDALE,7:08,PEROSA ARGENTINA arrivo,7:10,PEROSA ARGENTINA part.,7:10,PINEROLO,7:40,TORINO Autostazione,8.57,,,,,,,,,,,,,,,,,,,,,,,,,,,,,,,,,,,,,,,,,,,,,,,,,,,,,,,,,,,,,,,,
C0510,303,123456,FER,,PRALI GHIGO,6:50,VILLA DI PRALI,6:55,RODORETTO BIVIO,7:00,CROSETTO MIN. GIANNA,7:05,POMEYFRE,7:10,PONTE RABBIOSO,7:15,PERRERO,7:17,TROSSIERI,7:23,CHIOTTI,7:25,POMARETTO P. LAUSA,7:30,POMARETTO OSPEDALE,7:33,PEROSA ARGENTINA arrivo,7:35,,,,,,,,,,,,,,,,,,,,,,,,,,,,,,,,,,,,,,,,,,,,,,,,,,,,,,,,,,
C0511,303,12345,FER,A,PEROSA ARGENTINA part.,7:40,PINEROLO,8:10,TORINO Autostazione,9:19,,,,,,,,,,,,,,,,,,,,,,,,,,,,,,,,,,,,,,,,,,,,,,,,,,,,,,,,,,,,,,,,,,,,,,,,,,,,
C0512,303,123456,SCO,SCOL,SEGGIOVIE,7:20,PRALI GHIGO,7:21,VILLA DI PRALI,7:22,RODORETTO BIVIO,7:25,CROSETTO MIN. GIANNA,7:27,POMEYFRE,7:30,PONTE RABBIOSO,7:33,PERRERO,7:35,,,,,,,,,,,,,,,,,,,,,,,,,,,,,,,,,,,,,,,,,,,,,,,,,,,,,,,,,,,,,,,,,,
C0513,303,123456,FER,,PERRERO,8:00,TROSSIERI,8:02,CHIOTTI,8:05,POMARETTO P. LAUSA,8:10,POMARETTO OSPEDALE,8:13,PEROSA ARGENTINA arrivo,8:15,PEROSA ARGENTINA part.,8:40,PINEROLO,9:10,TORINO Autostazione,10:19,,,,,,,,,,,,,,,,,,,,,,,,,,,,,,,,,,,,,,,,,,,,,,,,,,,,,,,,,,,,,,,,
C0514,303,8,FEST,,PERRERO,8:10,TROSSIERI,8:12,CHIOTTI,8:15,POMARETTO P. LAUSA,8:20,POMARETTO OSPEDALE,8:23,PEROSA ARGENTINA arrivo,8:25,PEROSA ARGENTINA part.,9.10,PINEROLO,9.40,,,,,,,,,,,,,,,,,,,,,,,,,,,,,,,,,,,,,,,,,,,,,,,,,,,,,,,,,,,,,,,,,,
C0515,303,8,FEST,,SEGGIOVIE,10:10,PRALI GHIGO,10:12,VILLA DI PRALI,10:15,RODORETTO BIVIO,10:20,CROSETTO MIN. GIANNA,10:25,POMEYFRE,10:30,PONTE RABBIOSO,10:37,PERRERO,10:45,TROSSIERI,10:47,CHIOTTI,10:50,POMARETTO P. LAUSA,10:52,POMARETTO OSPEDALE,10:54,PEROSA ARGENTINA arrivo,10:55,PEROSA ARGENTINA part.,11:10,PINEROLO,11:40,,,,,,,,,,,,,,,,,,,,,,,,,,,,,,,,,,,,,,,,,,,,,,,,,,,,
C0516,303,123456,FER,AGO,PRALI GHIGO,10:30,VILLA DI PRALI,10:35,RODORETTO BIVIO,10:40,CROSETTO MIN. GIANNA,10:45,POMEYFRE,10:50,PONTE RABBIOSO,10:55,PERRERO,11:00,TROSSIERI,11:03,CHIOTTI,11:05,POMARETTO P. LAUSA,11:10,POMARETTO OSPEDALE,11:13,PEROSA ARGENTINA arrivo,11:15,PEROSA ARGENTINA part.,12:40,PINEROLO,13:10,TORINO Autostazione,14:19,,,,,,,,,,,,,,,,,,,,,,,,,,,,,,,,,,,,,,,,,,,,,,,,,,,,
C0517,303,12345,FER,A,PERRERO,12:20,TROSSIERI,12:22,CHIOTTI,12:25,POMARETTO P. LAUSA,12:30,POMARETTO OSPEDALE,12:33,PEROSA ARGENTINA arrivo,12:35,PEROSA ARGENTINA part.,12:40,PINEROLO,13:10,TORINO Autostazione,14:19,,,,,,,,,,,,,,,,,,,,,,,,,,,,,,,,,,,,,,,,,,,,,,,,,,,,,,,,,,,,,,,,
C0518,303,12345,FER,S,PERRERO,13:20,TROSSIERI,13:23,CHIOTTI,13:25,POMARETTO P. LAUSA,13:30,POMARETTO OSPEDALE,13:33,PEROSA ARGENTINA arrivo,13:35,PEROSA ARGENTINA part.,13:40,PINEROLO,14:10,TORINO Autostazione,15:19,,,,,,,,,,,,,,,,,,,,,,,,,,,,,,,,,,,,,,,,,,,,,,,,,,,,,,,,,,,,,,,,
C0519,303,12345,FER,S,PRALI GHIGO,13:45,VILLA DI PRALI,13:50,RODORETTO BIVIO,13:54,CROSETTO MIN. GIANNA,14:00,POMEYFRE,14:05,PONTE RABBIOSO,14:09,PERRERO,14:12,TROSSIERI,14:15,CHIOTTI,14:17,POMARETTO P. LAUSA,14:23,POMARETTO OSPEDALE,14:25,PEROSA ARGENTINA arrivo,14:27,PEROSA ARGENTINA part.,14:40,PINEROLO,15:10,TORINO Autostazione,16:19,,,,,,,,,,,,,,,,,,,,,,,,,,,,,,,,,,,,,,,,,,,,,,,,,,,,
C0520,303,123456,FER,NS,PRALI GHIGO,14:10,VILLA DI PRALI,14:15,RODORETTO BIVIO,14:20,CROSETTO MIN. GIANNA,14:25,POMEYFRE,14:30,PONTE RABBIOSO,14:35,PERRERO,14:40,TROSSIERI,14:43,CHIOTTI,14:45,POMARETTO P. LAUSA,14:50,POMARETTO OSPEDALE,14:53,PEROSA ARGENTINA arrivo,14:55,,,,,,,,,,,,,,,,,,,,,,,,,,,,,,,,,,,,,,,,,,,,,,,,,,,,,,,,,,
C0521,303,12345,FER,A,PEROSA ARGENTINA part.,15:10,PINEROLO,15:40,TORINO Autostazione,16:56,,,,,,,,,,,,,,,,,,,,,,,,,,,,,,,,,,,,,,,,,,,,,,,,,,,,,,,,,,,,,,,,,,,,,,,,,,,,
C0522,303,12345,SCO,SCOL,PRALI GHIGO,14:50,VILLA DI PRALI,14:55,RODORETTO BIVIO,15:00,CROSETTO MIN. GIANNA,15:05,POMEYFRE,15:10,PONTE RABBIOSO,15:15,PERRERO,15:20,TROSSIERI,15:23,CHIOTTI,15:25,POMARETTO P. LAUSA,15:30,POMARETTO OSPEDALE,15:33,PEROSA ARGENTINA arrivo,15:35,PEROSA ARGENTINA part.,15:40,PINEROLO,16:10,TORINO Autostazione,17:19,,,,,,,,,,,,,,,,,,,,,,,,,,,,,,,,,,,,,,,,,,,,,,,,,,,,
C0523,303,8,FEST,R,PERRERO,15:20,TROSSIERI,15:23,CHIOTTI,15:25,POMARETTO P. LAUSA,15:30,POMARETTO OSPEDALE,15:33,PEROSA ARGENTINA arrivo,15:35,,,,,,,,,,,,,,,,,,,,,,,,,,,,,,,,,,,,,,,,,,,,,,,,,,,,,,,,,,,,,,,,,,,,,,
C0524,303,8,FEST,Q,PERRERO,16:00,TROSSIERI,16:02,CHIOTTI,16:05,POMARETTO P. LAUSA,16:10,POMARETTO OSPEDALE,16:13,PEROSA ARGENTINA arrivo,16:15,,,,,,,,,,,,,,,,,,,,,,,,,,,,,,,,,,,,,,,,,,,,,,,,,,,,,,,,,,,,,,,,,,,,,,
C0525,303,123456,FER,INV,PRALI GHIGO,16:30,VILLA DI PRALI,16:35,RODORETTO BIVIO,16:40,CROSETTO MIN. GIANNA,16:45,POMEYFRE,16:50,PONTE RABBIOSO,16:55,PERRERO,17:00,TROSSIERI,17:03,CHIOTTI,17:05,POMARETTO P. LAUSA,17:10,POMARETTO OSPEDALE,17:13,PEROSA ARGENTINA arrivo,17:15,,,,,,,,,,,,,,,,,,,,,,,,,,,,,,,,,,,,,,,,,,,,,,,,,,,,,,,,,,
C0526,303,12345,FER,A,PEROSA ARGENTINA part.,17:40,PINEROLO,18:10,TORINO Autostazione,19:19,,,,,,,,,,,,,,,,,,,,,,,,,,,,,,,,,,,,,,,,,,,,,,,,,,,,,,,,,,,,,,,,,,,,,,,,,,,,
C0527,303,8,FEST,R,SEGGIOVIE,16:37,PRALI GHIGO,16:42,VILLA DI PRALI,16:47,RODORETTO BIVIO,16:52,CROSETTO MIN. GIANNA,16:57,POMEYFRE,17:02,PONTE RABBIOSO,17:04,PERRERO,17:07,TROSSIERI,17:09,CHIOTTI,17:12,POMARETTO P. LAUSA,17:17,POMARETTO OSPEDALE,17:19,PEROSA ARGENTINA arrivo,17:22,,,,,,,,,,,,,,,,,,,,,,,,,,,,,,,,,,,,,,,,,,,,,,,,,,,,,,,,
C0528,303,8,FEST,Q,SEGGIOVIE,17:40,PRALI GHIGO,17:45,VILLA DI PRALI,17:50,RODORETTO BIVIO,17:55,CROSETTO MIN. GIANNA,18:00,POMEYFRE,18:05,PONTE RABBIOSO,18:07,PERRERO,18:10,TROSSIERI,18:15,CHIOTTI,18:20,POMARETTO P. LAUSA,18:25,POMARETTO OSPEDALE,18:27,PEROSA ARGENTINA arrivo,18:30,PEROSA ARGENTINA part.,19:10,PINEROLO,19:40,TORINO Autostazione,20:49,,,,,,,,,,,,,,,,,,,,,,,,,,,,,,,,,,,,,,,,,,,,,,,,,,
C0529,303,123456,FER,03/08,SEGGIOVIE,18.00,PRALI GHIGO,18.02,VILLA DI PRALI,18.06,RODORETTO BIVIO,18.11,CROSETTO MIN. GIANNA,18.14,POMEYFRE,18.20,PONTE RABBIOSO,18.23,PERRERO,18.25,TROSSIERI,18.28,CHIOTTI,18.31,POMARETTO P. LAUSA,18.36,POMARETTO OSPEDALE,18.37,PEROSA ARGENTINA arrivo,18.38,PEROSA ARGENTINA part.,18:40,PINEROLO,19:10,TORINO Autostazione,20:19,,,,,,,,,,,,,,,,,,,,,,,,,,,,,,,,,,,,,,,,,,,,,,,,,,
C0530,303,12345,SCO,SCOL,PRALI GHIGO,18:40,VILLA DI PRALI,18:45,RODORETTO BIVIO,18:50,CROSETTO MIN. GIANNA,18:55,POMEYFRE,19:00,PONTE RABBIOSO,19:05,PERRERO,19:10,TROSSIERI,19:13,CHIOTTI,19:15,POMARETTO P. LAUSA,19:20,POMARETTO OSPEDALE,19:23,PEROSA ARGENTINA arrivo,19:25,PEROSA ARGENTINA part.,19:40,PINEROLO,20:10,TORINO Autostazione,21:19,,,,,,,,,,,,,,,,,,,,,,,,,,,,,,,,,,,,,,,,,,,,,,,,,,,,
C0531,303,12345,FER,S,PERRERO,21:20,TROSSIERI,21:23,CHIOTTI,21:25,POMARETTO P. LAUSA,21:30,POMARETTO OSPEDALE,21:33,PEROSA ARGENTINA arrivo,21:35,,,,,,,,,,,,,,,,,,,,,,,,,,,,,,,,,,,,,,,,,,,,,,,,,,,,,,,,,,,,,,,,,,,,,,
C0532,303,12345,FER,S,POMEYFRE,21:20,PONTE RABBIOSO,21:23,PERRERO,21:25,TROSSIERI,21:28,CHIOTTI,21:31,POMARETTO P. LAUSA,21:34,POMARETTO OSPEDALE,21:35,PEROSA ARGENTINA arrivo,21:36,,,,,,,,,,,,,,,,,,,,,,,,,,,,,,,,,,,,,,,,,,,,,,,,,,,,,,,,,,,,,,,,,,
C0533,901,123456,FER,SA4,TORRE PELLICE,5.40,LUSERNA - piazza Partigiani,5:45,PONTE BIBIANA/FS,5:50,BRICHERASIO,5:55,CAPPELLA MORERI,5:57,SAN SECONDO CANTINE,5:58,SAN SECONDO BIVIO BIMA,6:00,PINEROLO Movicentro,6:10,,,,,,,,,,,,,,,,,,,,,,,,,,,,,,,,,,,,,,,,,,,,,,,,,,,,,,,,,,,,,,,,,,
C0534,901,123456,GG,EST,BOBBIO PELLICE,5:20,VILLAR PELLICE,5:25,CHABRIOLS,5:31,SEGG. VANDALINO,5:32,S. MARGHERITA,5:33,TORRE PELLICE,5:34,,,,,,,,,,,,,,,,,,,,,,,,,,,,,,,,,,,,,,,,,,,,,,,,,,,,,,,,,,,,,,,,,,,,,,
C0535,901,,FER,,BOBBIO PELLICE,5:40,VILLAR PELLICE,5:45,CHABRIOLS,5:50,SEGG. VANDALINO,5:55,S. MARGHERITA,5:58,TORRE PELLICE,6:00,,,,,,,,,,,,,,,,,,,,,,,,,,,,,,,,,,,,,,,,,,,,,,,,,,,,,,,,,,,,,,,,,,,,,,
C0536,901,123456,FER,,TORRE PELLICE,6:05,LUSERNA - piazza Partigiani,6:10,PONTE BIBIANA/FS,6:15,BRICHERASIO,6:20,CAPPELLA MORERI,6:22,SAN SECONDO CANTINE,6:23,SAN SECONDO BIVIO BIMA,6:25,PINEROLO Movicentro,6:35,,,,,,,,,,,,,,,,,,,,,,,,,,,,,,,,,,,,,,,,,,,,,,,,,,,,,,,,,,,,,,,,,,
C0537,901,12345,FER,S,TORRE PELLICE,6.10,LUSERNA - piazza Partigiani,6.15,PONTE BIBIANA/FS,6.20,BRICHERASIO,6.25,CAPPELLA MORERI,6.27,SAN SECONDO CANTINE,6.30,SAN SECONDO BIVIO BIMA,6.32,PINEROLO - piazza Cavour,6:40,PINEROLO Movicentro,6:43,PINEROLO - Ist. Immacolata,D,PISCINA - v. Umberto I ang. V. Airasca,I,AIRASCA - Stazione FS,R,NONE - via Roma,E,CANDIOLO - Stazione FS,T,NICHELINO - Stazione FS,T,SANGONE - Stazione FS,O,TO-c.so V.Eman. II-Porta Nuova,7.45,TORINO - Porta Susa,7.50,,,,,,,,,,,,,,,,,,,,,,,,,,,,,,,,,,,,,,,,,,,,,,
C0538,901,123456,FER,,TORRE PELLICE,6:40,LUSERNA - piazza Partigiani,6:45,PONTE BIBIANA/FS,6:50,BRICHERASIO,6:55,CAPPELLA MORERI,6:57,SAN SECONDO CANTINE,6:58,SAN SECONDO BIVIO BIMA,7:00,PINEROLO Movicentro,7:10,,,,,,,,,,,,,,,,,,,,,,,,,,,,,,,,,,,,,,,,,,,,,,,,,,,,,,,,,,,,,,,,,,
C0539,901,,GG,EST,BOBBIO PELLICE,6:20,VILLAR PELLICE,6:25,CHABRIOLS,6:31,SEGG. VANDALINO,6:32,S. MARGHERITA,6:33,TORRE PELLICE,6:34,,,,,,,,,,,,,,,,,,,,,,,,,,,,,,,,,,,,,,,,,,,,,,,,,,,,,,,,,,,,,,,,,,,,,,
C0540,901,12345,SCO,Scol,TORRE PELLICE,6:50,LUSERNA - piazza Partigiani,6:55,PONTE BIBIANA/FS,7:05,BIBIANA,7:01,BRICHERASIO,7:08,CAPPELLA MORERI,7:12,SAN SECONDO CANTINE,7:14,SAN SECONDO BIVIO BIMA,7:15,PINEROLO - piazza Cavour,7:22,PINEROLO Movicentro,7:23,PINEROLO - Ist. Immacolata,7:25,,,,,,,,,,,,,,,,,,,,,,,,,,,,,,,,,,,,,,,,,,,,,,,,,,,,,,,,,,,,
C0541,901,123456,FER,,TORRE PELLICE,7:05,LUSERNA - piazza Partigiani,7:10,PONTE BIBIANA/FS,7:15,BRICHERASIO,7:20,CAPPELLA MORERI,7:22,SAN SECONDO CANTINE,7:23,SAN SECONDO BIVIO BIMA,7:25,PINEROLO Movicentro,7:40,,,,,,,,,,,,,,,,,,,,,,,,,,,,,,,,,,,,,,,,,,,,,,,,,,,,,,,,,,,,,,,,,,
C0542,901,123456,FER,,TORRE PELLICE,7:35,LUSERNA - piazza Partigiani,7:40,PONTE BIBIANA/FS,7:45,BRICHERASIO,7:50,CAPPELLA MORERI,7:52,SAN SECONDO CANTINE,7:53,SAN SECONDO BIVIO BIMA,7:55,PINEROLO Movicentro,8:10,,,,,,,,,,,,,,,,,,,,,,,,,,,,,,,,,,,,,,,,,,,,,,,,,,,,,,,,,,,,,,,,,,
C0543,901,123456,FER,T,BOBBIO PELLICE,7:00,VILLAR PELLICE,7:08,CHABRIOLS,7:14,SEGG. VANDALINO,7:17,S. MARGHERITA,7:19,TORRE PELLICE,7:22,LUSERNA - piazza Partigiani,7:25,PONTE BIBIANA/FS,7:30,BRICHERASIO,7:32,CAPPELLA MORERI,7:36,SAN SECONDO CANTINE,7:38,SAN SECONDO BIVIO BIMA,7:39,PINEROLO - piazza Cavour,7:46,PINEROLO - Centro Studi,7:51,,,,,,,,,,,,,,,,,,,,,,,,,,,,,,,,,,,,,,,,,,,,,,,,,,,,,,
C0544,901,12345,SCO,CT,S. MARGHERITA,7:33,TORRE PELLICE,7:35,LUSERNA - piazza Partigiani,7:40,PONTE BIBIANA/FS,7:45,BRICHERASIO,7:47,CAPPELLA MORERI,7:51,SAN SECONDO CANTINE,7:53,SAN SECONDO BIVIO BIMA,7:54,PINEROLO - piazza Cavour,8:03,PINEROLO - Centro Studi,8:09,,,,,,,,,,,,,,,,,,,,,,,,,,,,,,,,,,,,,,,,,,,,,,,,,,,,,,,,,,,,,,
C0545,901,123456,SCO,C,TORRE PELLICE,7:25,LUSERNA - piazza Partigiani,7:30,PONTE BIBIANA/FS,7:35,BRICHERASIO,7:37,CAPPELLA MORERI,7:41,SAN SECONDO CANTINE,7:43,SAN SECONDO BIVIO BIMA,7:44,PINEROLO - piazza Cavour,7:53,PINEROLO - Centro Studi,8:00,,,,,,,,,,,,,,,,,,,,,,,,,,,,,,,,,,,,,,,,,,,,,,,,,,,,,,,,,,,,,,,,
C0546,901,12345,SCO,C,LUSERNA - piazza Partigiani,7:40,PONTE BIBIANA/FS,7:45,BRICHERASIO,7:47,CAPPELLA MORERI,7:51,SAN SECONDO CANTINE,7:53,SAN SECONDO BIVIO BIMA,7:54,PINEROLO - piazza Cavour,8:01,PINEROLO Movicentro,8:05,PINEROLO - Centro Studi,8:08,,,,,,,,,,,,,,,,,,,,,,,,,,,,,,,,,,,,,,,,,,,,,,,,,,,,,,,,,,,,,,,,
C0547,901,12345,SCO,Scol,BIBIANA,7:45,BRICHERASIO,7:50,CAPPELLA MORERI,7:53,SAN SECONDO CANTINE,7:58,SAN SECONDO BIVIO BIMA,8:00,PINEROLO - piazza Cavour,8:08,PINEROLO - Centro Studi,8:15,,,,,,,,,,,,,,,,,,,,,,,,,,,,,,,,,,,,,,,,,,,,,,,,,,,,,,,,,,,,,,,,,,,,
C0548,901,123456,FER,EST,BOBBIO PELLICE,7:40,VILLAR PELLICE,7:45,CHABRIOLS,7:50,SEGG. VANDALINO,7:55,S. MARGHERITA,7:57,TORRE PELLICE,8:00,,,,,,,,,,,,,,,,,,,,,,,,,,,,,,,,,,,,,,,,,,,,,,,,,,,,,,,,,,,,,,,,,,,,,,
C0549,901,123456,SCO,T,BOBBIO PELLICE,7:35,VILLAR PELLICE,7:40,CHABRIOLS,7:45,SEGG. VANDALINO,7:50,S. MARGHERITA,7:52,TORRE PELLICE,7:55,LUSERNA - piazza Partigiani,8:00,,,,,,,,,,,,,,,,,,,,,,,,,,,,,,,,,,,,,,,,,,,,,,,,,,,,,,,,,,,,,,,,,,,,
C0550,901,12345,SCO,,TORRE PELLICE,8:05,LUSERNA - piazza Partigiani,8:10,PONTE BIBIANA/FS,8:15,BRICHERASIO,8:20,CAPPELLA MORERI,8:22,SAN SECONDO CANTINE,8:23,SAN SECONDO BIVIO BIMA,8:25,PINEROLO Movicentro,8:40,,,,,,,,,,,,,,,,,,,,,,,,,,,,,,,,,,,,,,,,,,,,,,,,,,,,,,,,,,,,,,,,,,
C0551,901,12345,FER,EST,BOBBIO PELLICE,8:00,VILLAR PELLICE,8:05,CHABRIOLS,8:10,SEGG. VANDALINO,8:11,S. MARGHERITA,8:12,TORRE PELLICE,8:13,,,,,,,,,,,,,,,,,,,,,,,,,,,,,,,,,,,,,,,,,,,,,,,,,,,,,,,,,,,,,,,,,,,,,,
C0552,901,78,FEST,INV,BOBBIO PELLICE,8:17,VILLAR PELLICE,8:22,CHABRIOLS,8:27,SEGG. VANDALINO,8:28,S. MARGHERITA,8:29,TORRE PELLICE,8:30,,,,,,,,,,,,,,,,,,,,,,,,,,,,,,,,,,,,,,,,,,,,,,,,,,,,,,,,,,,,,,,,,,,,,,
C0553,901,123456,GG,EST,BOBBIO PELLICE,8:15,VILLAR PELLICE,8:21,CHABRIOLS,8:24,SEGG. VANDALINO,8:26,S. MARGHERITA,8:29,TORRE PELLICE,8:30,,,,,,,,,,,,,,,,,,,,,,,,,,,,,,,,,,,,,,,,,,,,,,,,,,,,,,,,,,,,,,,,,,,,,,
C0554,901,,FER,SA4,TORRE PELLICE,8:40,LUSERNA - piazza Partigiani,8:45,PONTE BIBIANA/FS,8:49,BRICHERASIO,8:50,CAPPELLA MORERI,8:52,SAN SECONDO CANTINE,8:53,SAN SECONDO BIVIO BIMA,8:55,PINEROLO Movicentro,9:10,,,,,,,,,,,,,,,,,,,,,,,,,,,,,,,,,,,,,,,,,,,,,,,,,,,,,,,,,,,,,,,,,,
C0555,901,78,FEST,#,TORRE PELLICE,8:35,LUSERNA - piazza Partigiani,8:40,PONTE BIBIANA/FS,8:45,BRICHERASIO,8:50,CAPPELLA MORERI,8:52,SAN SECONDO CANTINE,8:53,SAN SECONDO BIVIO BIMA,8:55,PINEROLO Movicentro,9:10,,,,,,,,,,,,,,,,,,,,,,,,,,,,,,,,,,,,,,,,,,,,,,,,,,,,,,,,,,,,,,,,,,
C0556,901,123456,FER,,TORRE PELLICE,9:35,LUSERNA - piazza Partigiani,9:40,PONTE BIBIANA/FS,9:45,BRICHERASIO,9:50,CAPPELLA MORERI,9:52,SAN SECONDO CANTINE,9:53,SAN SECONDO BIVIO BIMA,9:55,PINEROLO Movicentro,10:10,,,,,,,,,,,,,,,,,,,,,,,,,,,,,,,,,,,,,,,,,,,,,,,,,,,,,,,,,,,,,,,,,,
C0557,901,5,FER,,BOBBIO PELLICE,9:30,VILLAR PELLICE,9:36,CHABRIOLS,9:39,SEGG. VANDALINO,9:41,S. MARGHERITA,9:44,TORRE PELLICE,9:45,,,,,,,,,,,,,,,,,,,,,,,,,,,,,,,,,,,,,,,,,,,,,,,,,,,,,,,,,,,,,,,,,,,,,,
C0558,901,123456,GG,,BOBBIO PELLICE,10:13,VILLAR PELLICE,10:19,CHABRIOLS,10:23,SEGG. VANDALINO,10:26,S. MARGHERITA,10:28,TORRE PELLICE,10:35,LUSERNA - piazza Partigiani,10:40,PONTE BIBIANA/FS,10:45,BRICHERASIO,10:50,CAPPELLA MORERI,10:52,SAN SECONDO CANTINE,10:53,SAN SECONDO BIVIO BIMA,10:55,PINEROLO Movicentro,11:10,,,,,,,,,,,,,,,,,,,,,,,,,,,,,,,,,,,,,,,,,,,,,,,,,,,,,,,,
C0559,901,5,FER,INV,BOBBIO PELLICE,11:15,VILLAR PELLICE,11:21,CHABRIOLS,11:24,SEGG. VANDALINO,11:26,S. MARGHERITA,11:29,TORRE PELLICE,11:30,,,,,,,,,,,,,,,,,,,,,,,,,,,,,,,,,,,,,,,,,,,,,,,,,,,,,,,,,,,,,,,,,,,,,,
C0560,901,123456,FER,EST,BOBBIO PELLICE,11:15,VILLAR PELLICE,11:21,CHABRIOLS,11:24,SEGG. VANDALINO,11:26,S. MARGHERITA,11:29,TORRE PELLICE,11:30,,,,,,,,,,,,,,,,,,,,,,,,,,,,,,,,,,,,,,,,,,,,,,,,,,,,,,,,,,,,,,,,,,,,,,
C0561,901,123456,FER,,BOBBIO PELLICE,12:15,VILLAR PELLICE,12:21,CHABRIOLS,12:24,SEGG. VANDALINO,12:26,S. MARGHERITA,12:29,TORRE PELLICE,12:30,LUSERNA - piazza Partigiani,11:40,PONTE BIBIANA/FS,11:45,BRICHERASIO,11:50,CAPPELLA MORERI,11:52,SAN SECONDO CANTINE,11:53,SAN SECONDO BIVIO BIMA,11:55,PINEROLO Movicentro,12:10,,,,,,,,,,,,,,,,,,,,,,,,,,,,,,,,,,,,,,,,,,,,,,,,,,,,,,,,
C0562,901,12345,FER,(NONE),LOMBARIDINI/VOLTA,12:25,TORRE PELLICE,12:27,LUSERNA - piazza Partigiani,12:31,PONTE BIBIANA/FS,12:36,BRICHERASIO,12:40,CAPPELLA MORERI,12:43,SAN SECONDO CANTINE,12:46,SAN SECONDO BIVIO BIMA,12:47,PINEROLO - piazza Cavour,12:55,PINEROLO Movicentro,12:59,,,,,,,,,,,,,,,,,,,,,,,,,,,,,,,,,,,,,,,,,,,,,,,,,,,,,,,,,,,,,,
C0563,901,6,SCO,Scol,TORRE PELLICE,13:00,LUSERNA - piazza Partigiani,13:05,PONTE BIBIANA/FS,13:07,CAPPELLA MORERI,13:10,SAN SECONDO CANTINE,13:15,SAN SECONDO BIVIO BIMA,13:20,PINEROLO Movicentro,13:28,,,,,,,,,,,,,,,,,,,,,,,,,,,,,,,,,,,,,,,,,,,,,,,,,,,,,,,,,,,,,,,,,,,,
C0564,901,123456,FER,S,TORRE PELLICE,13:05,LUSERNA - piazza Partigiani,13:10,PONTE BIBIANA/FS,13:15,BRICHERASIO,13:20,CAPPELLA MORERI,13:22,SAN SECONDO CANTINE,13:23,SAN SECONDO BIVIO BIMA,13:25,PINEROLO Movicentro,13:40,,,,,,,,,,,,,,,,,,,,,,,,,,,,,,,,,,,,,,,,,,,,,,,,,,,,,,,,,,,,,,,,,,
C0565,901,12345,SCO,,TORRE PELLICE,13:05,LUSERNA - piazza Partigiani,13:10,PONTE BIBIANA/FS,13:15,BRICHERASIO,13:20,CAPPELLA MORERI,13:22,SAN SECONDO CANTINE,13:23,SAN SECONDO BIVIO BIMA,13:25,PINEROLO Movicentro,13:40,,,,,,,,,,,,,,,,,,,,,,,,,,,,,,,,,,,,,,,,,,,,,,,,,,,,,,,,,,,,,,,,,,
C0566,901,12345,SCO,Scol,BOBBIO PELLICE,13:15,VILLAR PELLICE,13:20,CHABRIOLS,13:25,SEGG. VANDALINO,13:30,S. MARGHERITA,13:32,TORRE PELLICE,13:35,,,,,,,,,,,,,,,,,,,,,,,,,,,,,,,,,,,,,,,,,,,,,,,,,,,,,,,,,,,,,,,,,,,,,,
C0567,901,123456,FER,,TORRE PELLICE,13:35,LUSERNA - piazza Partigiani,13:40,PONTE BIBIANA/FS,13:45,BRICHERASIO,13:50,CAPPELLA MORERI,13:52,SAN SECONDO CANTINE,13:53,SAN SECONDO BIVIO BIMA,13:55,PINEROLO Movicentro,14:10,,,,,,,,,,,,,,,,,,,,,,,,,,,,,,,,,,,,,,,,,,,,,,,,,,,,,,,,,,,,,,,,,,
C0568,901,,GG,EST,BOBBIO PELLICE,13:15,VILLAR PELLICE,13:21,CHABRIOLS,13:24,SEGG. VANDALINO,13:26,S. MARGHERITA,13:29,TORRE PELLICE,13:30,,,,,,,,,,,,,,,,,,,,,,,,,,,,,,,,,,,,,,,,,,,,,,,,,,,,,,,,,,,,,,,,,,,,,,
C0569,901,12345,SCO,T,LOMBARIDINI/VOLTA,14.08,TORRE PELLICE,14.11,LUSERNA - piazza Partigiani,14.16,PONTE BIBIANA/FS,14.20,CAPPELLA MORERI,14.26,SAN SECONDO CANTINE,14.28,SAN SECONDO BIVIO BIMA,14.30,PINEROLO - piazza Cavour,14.37,,,,,,,,,,,,,,,,,,,,,,,,,,,,,,,,,,,,,,,,,,,,,,,,,,,,,,,,,,,,,,,,,,
C0570,901,123456,FER,,TORRE PELLICE,14:10,LUSERNA - piazza Partigiani,14:15,PONTE BIBIANA/FS,14:20,BRICHERASIO,14:25,CAPPELLA MORERI,14:27,SAN SECONDO CANTINE,14:28,SAN SECONDO BIVIO BIMA,14:30,PINEROLO Movicentro,14:45,,,,,,,,,,,,,,,,,,,,,,,,,,,,,,,,,,,,,,,,,,,,,,,,,,,,,,,,,,,,,,,,,,
C0571,901,12345,SCO,T,BOBBIO PELLICE,14:00,VILLAR PELLICE,14:06,CHABRIOLS,14:09,SEGG. VANDALINO,14:12,S. MARGHERITA,14:13,TORRE PELLICE,14:18,LUSERNA - piazza Partigiani,14:22,,,,,,,,,,,,,,,,,,,,,,,,,,,,,,,,,,,,,,,,,,,,,,,,,,,,,,,,,,,,,,,,,,,,
C0572,901,123456,FER,,TORRE PELLICE,14:35,LUSERNA - piazza Partigiani,14:40,PONTE BIBIANA/FS,14:45,BRICHERASIO,14:50,CAPPELLA MORERI,14:52,SAN SECONDO CANTINE,14:53,SAN SECONDO BIVIO BIMA,14:55,PINEROLO Movicentro,15:10,,,,,,,,,,,,,,,,,,,,,,,,,,,,,,,,,,,,,,,,,,,,,,,,,,,,,,,,,,,,,,,,,,
C0573,901,12345,FER,NS,BOBBIO PELLICE,14:15,VILLAR PELLICE,14:21,CHABRIOLS,14:25,SEGG. VANDALINO,14:28,S. MARGHERITA,14:30,TORRE PELLICE,14:32,,,,,,,,,,,,,,,,,,,,,,,,,,,,,,,,,,,,,,,,,,,,,,,,,,,,,,,,,,,,,,,,,,,,,,
C0574,901,12345,SCO,Scol,BOBBIO PELLICE,14:20,VILLAR PELLICE,14:26,CHABRIOLS,14:29,SEGG. VANDALINO,14:31,S. MARGHERITA,14:34,TORRE PELLICE,14:38,,,,,,,,,,,,,,,,,,,,,,,,,,,,,,,,,,,,,,,,,,,,,,,,,,,,,,,,,,,,,,,,,,,,,,
C0575,901,123456,FER,,TORRE PELLICE,15:05,LUSERNA - piazza Partigiani,15:10,PONTE BIBIANA/FS,15:15,BRICHERASIO,15:20,CAPPELLA MORERI,15:22,SAN SECONDO CANTINE,15:23,SAN SECONDO BIVIO BIMA,15:25,PINEROLO Movicentro,15:40,,,,,,,,,,,,,,,,,,,,,,,,,,,,,,,,,,,,,,,,,,,,,,,,,,,,,,,,,,,,,,,,,,
C0576,901,78,FEST,,BOBBIO PELLICE,15:05,VILLAR PELLICE,15:10,CHABRIOLS,15:15,SEGG. VANDALINO,15:20,S. MARGHERITA,15:22,TORRE PELLICE,15:25,,,,,,,,,,,,,,,,,,,,,,,,,,,,,,,,,,,,,,,,,,,,,,,,,,,,,,,,,,,,,,,,,,,,,,
C0577,901,123456,FER,,TORRE PELLICE,15:35,LUSERNA - piazza Partigiani,15:40,PONTE BIBIANA/FS,15:45,BRICHERASIO,15:50,CAPPELLA MORERI,15:52,SAN SECONDO CANTINE,15:53,SAN SECONDO BIVIO BIMA,15:55,PINEROLO Movicentro,16:10,,,,,,,,,,,,,,,,,,,,,,,,,,,,,,,,,,,,,,,,,,,,,,,,,,,,,,,,,,,,,,,,,,
C0578,901,12345,FER,,BOBBIO PELLICE,15:50,VILLAR PELLICE,15:55,CHABRIOLS,16:00,SEGG. VANDALINO,16:05,S. MARGHERITA,16:07,TORRE PELLICE,16:10,,,,,,,,,,,,,,,,,,,,,,,,,,,,,,,,,,,,,,,,,,,,,,,,,,,,,,,,,,,,,,,,,,,,,,
C0579,901,678,,#,TORRE PELLICE,12:35,LUSERNA - piazza Partigiani,12:40,PONTE BIBIANA/FS,12:45,BRICHERASIO,12:50,CAPPELLA MORERI,12:52,SAN SECONDO CANTINE,12:53,SAN SECONDO BIVIO BIMA,12:55,PINEROLO Movicentro,13:10,,,,,,,,,,,,,,,,,,,,,,,,,,,,,,,,,,,,,,,,,,,,,,,,,,,,,,,,,,,,,,,,,,
C0580,901,12345,FER,antecedente,TORRE PELLICE,16:10,LUSERNA - piazza Partigiani,16:14,PONTE BIBIANA/FS,16:20,BRICHERASIO,16:23,CAPPELLA MORERI,16:27,SAN SECONDO CANTINE,16:30,SAN SECONDO BIVIO BIMA,16:31,PINEROLO - piazza Cavour,16:38,PINEROLO Movicentro,16:40,,,,,,,,,,,,,,,,,,,,,,,,,,,,,,,,,,,,,,,,,,,,,,,,,,,,,,,,,,,,,,,,
C0581,901,,GG,infrasettimanale),BOBBIO PELLICE,16:47,VILLAR PELLICE,16:53,CHABRIOLS,16:57,SEGG. VANDALINO,17:00,S. MARGHERITA,17:02,TORRE PELLICE,17:04,LUSERNA - piazza Partigiani,16:40,PONTE BIBIANA/FS,16:45,BRICHERASIO,16:50,CAPPELLA MORERI,16:52,SAN SECONDO CANTINE,16:53,SAN SECONDO BIVIO BIMA,16:55,PINEROLO Movicentro,17:10,,,,,,,,,,,,,,,,,,,,,,,,,,,,,,,,,,,,,,,,,,,,,,,,,,,,,,,,
C0582,901,123456,FER,,BOBBIO PELLICE,17:21,VILLAR PELLICE,17:26,CHABRIOLS,17:32,SEGG. VANDALINO,17:33,S. MARGHERITA,17:34,TORRE PELLICE,17:35,LUSERNA - piazza Partigiani,17:10,PONTE BIBIANA/FS,17:15,BRICHERASIO,17:20,CAPPELLA MORERI,17:22,SAN SECONDO CANTINE,17:23,SAN SECONDO BIVIO BIMA,17:25,PINEROLO Movicentro,17:40,,,,,,,,,,,,,,,,,,,,,,,,,,,,,,,,,,,,,,,,,,,,,,,,,,,,,,,,
C0583,901,123456,GG,EST,TORRE PELLICE,17:35,LUSERNA - piazza Partigiani,17:40,PONTE BIBIANA/FS,17:45,BRICHERASIO,17:50,CAPPELLA MORERI,17:52,SAN SECONDO CANTINE,17:53,SAN SECONDO BIVIO BIMA,17:55,PINEROLO Movicentro,18:10,,,,,,,,,,,,,,,,,,,,,,,,,,,,,,,,,,,,,,,,,,,,,,,,,,,,,,,,,,,,,,,,,,
C0584,901,,FER,,BOBBIO PELLICE,17:35,VILLAR PELLICE,17:41,CHABRIOLS,17:44,SEGG. VANDALINO,17:46,S. MARGHERITA,17:49,TORRE PELLICE,17:50,,,,,,,,,,,,,,,,,,,,,,,,,,,,,,,,,,,,,,,,,,,,,,,,,,,,,,,,,,,,,,,,,,,,,,
C0585,901,12345,SCO,SIMBOLOGIA,TORRE PELLICE,18:05,LUSERNA - piazza Partigiani,18:10,PONTE BIBIANA/FS,18:15,BRICHERASIO,18:20,CAPPELLA MORERI,18:22,SAN SECONDO CANTINE,18:23,SAN SECONDO BIVIO BIMA,18:25,PINEROLO Movicentro,18:40,,,,,,,,,,,,,,,,,,,,,,,,,,,,,,,,,,,,,,,,,,,,,,,,,,,,,,,,,,,,,,,,,,
C0586,901,123456,GG,periodicità,BOBBIO PELLICE,18:16,VILLAR PELLICE,18:23,CHABRIOLS,18:26,SEGG. VANDALINO,18:28,S. MARGHERITA,18:29,TORRE PELLICE,18:35,LUSERNA - piazza Partigiani,18:40,PONTE BIBIANA/FS,18:45,BRICHERASIO,18:50,CAPPELLA MORERI,18:52,SAN SECONDO CANTINE,18:53,SAN SECONDO BIVIO BIMA,18:55,PINEROLO Movicentro,19:10,,,,,,,,,,,,,,,,,,,,,,,,,,,,,,,,,,,,,,,,,,,,,,,,,,,,,,,,
C0587,901,123456,GG,Feriale,BOBBIO PELLICE,19:11,VILLAR PELLICE,19:16,CHABRIOLS,19:20,SEGG. VANDALINO,19:25,S. MARGHERITA,19:27,TORRE PELLICE,19:35,LUSERNA - piazza Partigiani,19:40,PONTE BIBIANA/FS,19:45,BRICHERASIO,19:50,CAPPELLA MORERI,19:52,SAN SECONDO CANTINE,19:53,SAN SECONDO BIVIO BIMA,19:55,PINEROLO Movicentro,20:10,,,,,,,,,,,,,,,,,,,,,,,,,,,,,,,,,,,,,,,,,,,,,,,,,,,,,,,,
C0588,901,12345,SCO,giorni,TORRE PELLICE,22:20,LUSERNA - piazza Partigiani,22:25,PONTE BIBIANA/FS,22:30,BRICHERASIO,22:35,CAPPELLA MORERI,22:37,SAN SECONDO CANTINE,22:38,SAN SECONDO BIVIO BIMA,22:40,PINEROLO Movicentro,22:50,,,,,,,,,,,,,,,,,,,,,,,,,,,,,,,,,,,,,,,,,,,,,,,,,,,,,,,,,,,,,,,,,,
C0589,901,678,,una,BOBBIO PELLICE,16:10,VILLAR PELLICE,16:17,CHABRIOLS,16:20,SEGG. VANDALINO,16:22,S. MARGHERITA,16:23,TORRE PELLICE,16:26,,,,,,,,,,,,,,,,,,,,,,,,,,,,,,,,,,,,,,,,,,,,,,,,,,,,,,,,,,,,,,,,,,,,,,
C0590,901,123456,GG,EST,TORRE PELLICE,5:40,S. MARGHERITA,5:45,SEGG. VANDALINO,5:48,CHABRIOLS,5:53,VILLAR PELLICE,5:55,BOBBIO PELLICE,6:00,,,,,,,,,,,,,,,,,,,,,,,,,,,,,,,,,,,,,,,,,,,,,,,,,,,,,,,,,,,,,,,,,,,,,,
C0591,901,,FER,,TORRE PELLICE,6:35,S. MARGHERITA,6:39,SEGG. VANDALINO,6:41,CHABRIOLS,6:43,VILLAR PELLICE,6:47,BOBBIO PELLICE,6:53,,,,,,,,,,,,,,,,,,,,,,,,,,,,,,,,,,,,,,,,,,,,,,,,,,,,,,,,,,,,,,,,,,,,,,
C0592,901,123456,FER,,PINEROLO Movicentro,6:35,SAN SECONDO BIVIO BIMA,6:47,SAN SECONDO CANTINE,6:49,CAPPELLA MORERI,6:50,BRICHERASIO,6:52,PONTE BIBIANA/FS,6:56,LUSERNA - piazza Partigiani,7:01,TORRE PELLICE,7:05,,,,,,,,,,,,,,,,,,,,,,,,,,,,,,,,,,,,,,,,,,,,,,,,,,,,,,,,,,,,,,,,,,
C0593,901,12345,FER,,PINEROLO - Centro Studi,6:42,PINEROLO Movicentro,6:50,SAN SECONDO BIVIO BIMA,7:02,SAN SECONDO CANTINE,7:04,CAPPELLA MORERI,7:05,BRICHERASIO,7:07,PONTE BIBIANA/FS,7:11,LUSERNA - piazza Partigiani,7:16,TORRE PELLICE,7:20,,,,,,,,,,,,,,,,,,,,,,,,,,,,,,,,,,,,,,,,,,,,,,,,,,,,,,,,,,,,,,,,
C0594,901,6,FER,S,PINEROLO Movicentro,7:00,SAN SECONDO BIVIO BIMA,7:10,SAN SECONDO CANTINE,7:11,CAPPELLA MORERI,7:13,BRICHERASIO,7:16,PONTE BIBIANA/FS,7:19,LUSERNA - piazza Partigiani,7:24,TORRE PELLICE,7:27,S. MARGHERITA,7:28,SEGG. VANDALINO,7:29,CHABRIOLS,7:31,VILLAR PELLICE,7:33,BOBBIO PELLICE,7:35,,,,,,,,,,,,,,,,,,,,,,,,,,,,,,,,,,,,,,,,,,,,,,,,,,,,,,,,
C0595,901,,GG,EST,TORRE PELLICE,7:25,S. MARGHERITA,7:27,SEGG. VANDALINO,7:29,CHABRIOLS,7:32,VILLAR PELLICE,7:33,BOBBIO PELLICE,7:42,,,,,,,,,,,,,,,,,,,,,,,,,,,,,,,,,,,,,,,,,,,,,,,,,,,,,,,,,,,,,,,,,,,,,,
C0596,901,12345,FER,S,PINEROLO - piazza Cavour,7:10,SAN SECONDO BIVIO BIMA,7:16,SAN SECONDO CANTINE,7:17,CAPPELLA MORERI,7:19,BRICHERASIO,7:23,PONTE BIBIANA/FS,7:25,LUSERNA - piazza Partigiani,7:29,,,,,,,,,,,,,,,,,,,,,,,,,,,,,,,,,,,,,,,,,,,,,,,,,,,,,,,,,,,,,,,,,,,,
C0597,901,123456,FER,NS,PINEROLO - Centro Studi,7:12,PINEROLO Movicentro,7:20,SAN SECONDO BIVIO BIMA,7:28,SAN SECONDO CANTINE,7:30,CAPPELLA MORERI,7:33,BRICHERASIO,7:35,PONTE BIBIANA/FS,7:40,LUSERNA - piazza Partigiani,7:50,TORRE PELLICE,7:55,,,,,,,,,,,,,,,,,,,,,,,,,,,,,,,,,,,,,,,,,,,,,,,,,,,,,,,,,,,,,,,,
C0598,901,123456,SCO,Scol,PINEROLO - Centro Studi,7:12,PINEROLO Movicentro,7:20,PINEROLO - piazza Cavour,7.22,SAN SECONDO BIVIO BIMA,7:28,SAN SECONDO CANTINE,7:30,CAPPELLA MORERI,7:33,BRICHERASIO,7:35,PONTE BIBIANA/FS,7:40,LUSERNA - piazza Partigiani,7:50,TORRE PELLICE,7:58,,,,,,,,,,,,,,,,,,,,,,,,,,,,,,,,,,,,,,,,,,,,,,,,,,,,,,,,,,,,,,
C0599,901,123456,FER,,TORRE PELLICE,8:05,S. MARGHERITA,8:07,SEGG. VANDALINO,8:08,CHABRIOLS,8:09,VILLAR PELLICE,8:14,BOBBIO PELLICE,8:19,,,,,,,,,,,,,,,,,,,,,,,,,,,,,,,,,,,,,,,,,,,,,,,,,,,,,,,,,,,,,,,,,,,,,,
C0600,901,123456,FER,,PINEROLO - Centro Studi,7:42,PINEROLO Movicentro,8:00,SAN SECONDO BIVIO BIMA,8:15,SAN SECONDO CANTINE,8:17,CAPPELLA MORERI,8:18,BRICHERASIO,8:20,PONTE BIBIANA/FS,8:25,LUSERNA - piazza Partigiani,8:30,TORRE PELLICE,8:35,,,,,,,,,,,,,,,,,,,,,,,,,,,,,,,,,,,,,,,,,,,,,,,,,,,,,,,,,,,,,,,,
C0601,901,12345,FER,,TORRE PELLICE,8:46,S. MARGHERITA,8:48,SEGG. VANDALINO,8:49,CHABRIOLS,8:50,VILLAR PELLICE,8:55,BOBBIO PELLICE,9:00,,,,,,,,,,,,,,,,,,,,,,,,,,,,,,,,,,,,,,,,,,,,,,,,,,,,,,,,,,,,,,,,,,,,,,
C0602,901,123456,FER,,PINEROLO - Centro Studi,8:12,PINEROLO Movicentro,8:20,SAN SECONDO BIVIO BIMA,8:35,SAN SECONDO CANTINE,8:37,CAPPELLA MORERI,8:38,BRICHERASIO,8:40,PONTE BIBIANA/FS,8:45,LUSERNA - piazza Partigiani,8:50,TORRE PELLICE,8:55,,,,,,,,,,,,,,,,,,,,,,,,,,,,,,,,,,,,,,,,,,,,,,,,,,,,,,,,,,,,,,,,
C0603,901,123456,FER,,PINEROLO - Centro Studi,8:42,PINEROLO Movicentro,8:50,SAN SECONDO BIVIO BIMA,9:05,SAN SECONDO CANTINE,9:07,CAPPELLA MORERI,9:08,BRICHERASIO,9:10,PONTE BIBIANA/FS,9:15,LUSERNA - piazza Partigiani,9:20,TORRE PELLICE,9:25,,,,,,,,,,,,,,,,,,,,,,,,,,,,,,,,,,,,,,,,,,,,,,,,,,,,,,,,,,,,,,,,
C0604,901,123456,FER,,PINEROLO - Centro Studi,9:12,PINEROLO Movicentro,9:20,SAN SECONDO BIVIO BIMA,9:35,SAN SECONDO CANTINE,9:37,CAPPELLA MORERI,9:38,BRICHERASIO,9:40,PONTE BIBIANA/FS,9:45,LUSERNA - piazza Partigiani,9:50,TORRE PELLICE,9:55,SEGG. VANDALINO,10:01,CHABRIOLS,10:03,VILLAR PELLICE,10:07,BOBBIO PELLICE,10:13,,,,,,,,,,,,,,,,,,,,,,,,,,,,,,,,,,,,,,,,,,,,,,,,,,,,,,,,
C0605,901,123456,GG,,SAN SECONDO BIVIO BIMA,10:05,SAN SECONDO CANTINE,10:07,CAPPELLA MORERI,10:08,BRICHERASIO,10:10,PONTE BIBIANA/FS,10:15,LUSERNA - piazza Partigiani,10:20,TORRE PELLICE,10:25,S. MARGHERITA,9:59,,,,,,,,,,,,,,,,,,,,,,,,,,,,,,,,,,,,,,,,,,,,,,,,,,,,,,,,,,,,,,,,,,
C0606,901,,FER,,PINEROLO - Centro Studi,9:42,PINEROLO Movicentro,9:50,,,,,,,,,,,,,,,,,,,,,,,,,,,,,,,,,,,,,,,,,,,,,,,,,,,,,,,,,,,,,,,,,,,,,,,,,,,,,,
C0607,901,GG,GG,EST,TORRE PELLICE,10:50,S. MARGHERITA,10:52,SEGG. VANDALINO,10:54,CHABRIOLS,10:57,VILLAR PELLICE,10:58,BOBBIO PELLICE,11:07,,,,,,,,,,,,,,,,,,,,,,,,,,,,,,,,,,,,,,,,,,,,,,,,,,,,,,,,,,,,,,,,,,,,,,
C0608,901,78,FEST,INV,TORRE PELLICE,10:50,S. MARGHERITA,10:53,SEGG. VANDALINO,10:54,CHABRIOLS,10:56,VILLAR PELLICE,11:00,BOBBIO PELLICE,11:05,,,,,,,,,,,,,,,,,,,,,,,,,,,,,,,,,,,,,,,,,,,,,,,,,,,,,,,,,,,,,,,,,,,,,,
C0609,901,78,FEST,#,PINEROLO - Centro Studi,10:42,PINEROLO Movicentro,10:50,SAN SECONDO BIVIO BIMA,11:05,SAN SECONDO CANTINE,11:07,CAPPELLA MORERI,11:08,BRICHERASIO,11:10,PONTE BIBIANA/FS,11:15,LUSERNA - piazza Partigiani,11:20,TORRE PELLICE,11:25,,,,,,,,,,,,,,,,,,,,,,,,,,,,,,,,,,,,,,,,,,,,,,,,,,,,,,,,,,,,,,,,
C0610,901,123456,FER,SA4,PINEROLO - Centro Studi,10:42,PINEROLO Movicentro,10:50,SAN SECONDO BIVIO BIMA,11:05,SAN SECONDO CANTINE,11:07,CAPPELLA MORERI,11:08,BRICHERASIO,11:10,PONTE BIBIANA/FS,11:15,LUSERNA - piazza Partigiani,11:20,TORRE PELLICE,11:25,,,,,,,,,,,,,,,,,,,,,,,,,,,,,,,,,,,,,,,,,,,,,,,,,,,,,,,,,,,,,,,,
C0611,901,5,FER,,TORRE PELLICE,12:00,S. MARGHERITA,12:03,SEGG. VANDALINO,12:04,CHABRIOLS,12:06,VILLAR PELLICE,12:10,BOBBIO PELLICE,12:15,,,,,,,,,,,,,,,,,,,,,,,,,,,,,,,,,,,,,,,,,,,,,,,,,,,,,,,,,,,,,,,,,,,,,,
C0612,901,123456,FER,,PINEROLO - Centro Studi,11:42,PINEROLO Movicentro,11:50,SAN SECONDO BIVIO BIMA,12:05,SAN SECONDO CANTINE,12:07,CAPPELLA MORERI,12:08,BRICHERASIO,12:10,PONTE BIBIANA/FS,12:15,LUSERNA - piazza Partigiani,12:20,TORRE PELLICE,12:25,,,,,,,,,,,,,,,,,,,,,,,,,,,,,,,,,,,,,,,,,,,,,,,,,,,,,,,,,,,,,,,,
C0613,901,6,FER,INV,TORRE PELLICE,12:30,S. MARGHERITA,12:35,SEGG. VANDALINO,12:38,CHABRIOLS,12:43,VILLAR PELLICE,12:45,BOBBIO PELLICE,12:50,,,,,,,,,,,,,,,,,,,,,,,,,,,,,,,,,,,,,,,,,,,,,,,,,,,,,,,,,,,,,,,,,,,,,,
C0614,901,,GG,EST,LUSERNA - piazza Partigiani,12:50,TORRE PELLICE,12:55,S. MARGHERITA,12:58,SEGG. VANDALINO,13:00,CHABRIOLS,13:05,VILLAR PELLICE,13:10,BOBBIO PELLICE,13:15,,,,,,,,,,,,,,,,,,,,,,,,,,,,,,,,,,,,,,,,,,,,,,,,,,,,,,,,,,,,,,,,,,,,
C0615,901,123456,FER,T,PINEROLO - Centro Studi,12:50,PINEROLO - piazza Cavour,12:53,SAN SECONDO BIVIO BIMA,12:55,SAN SECONDO CANTINE,12:57,CAPPELLA MORERI,13:00,BRICHERASIO,13:02,PONTE BIBIANA/FS,13:05,LUSERNA - piazza Partigiani,13:10,TORRE PELLICE,13:15,S. MARGHERITA,13:18,SEGG. VANDALINO,13:20,CHABRIOLS,13:25,VILLAR PELLICE,13:30,BOBBIO PELLICE,13:40,,,,,,,,,,,,,,,,,,,,,,,,,,,,,,,,,,,,,,,,,,,,,,,,,,,,,,
C0616,901,6,SCO,T,PINEROLO - Centro Studi,12:50,PINEROLO - piazza Cavour,12:53,SAN SECONDO BIVIO BIMA,12:55,SAN SECONDO CANTINE,12:57,CAPPELLA MORERI,13:00,BRICHERASIO,13:02,PONTE BIBIANA/FS,13:05,LUSERNA - piazza Partigiani,13:10,TORRE PELLICE,13:15,S. MARGHERITA,13:18,SEGG. VANDALINO,13:20,CHABRIOLS,13:25,VILLAR PELLICE,13:30,BOBBIO PELLICE,13:40,,,,,,,,,,,,,,,,,,,,,,,,,,,,,,,,,,,,,,,,,,,,,,,,,,,,,,
C0617,901,123456,FER,,PINEROLO Movicentro,12:50,SAN SECONDO BIVIO BIMA,13:05,SAN SECONDO CANTINE,13:07,CAPPELLA MORERI,13:08,BRICHERASIO,13:10,PONTE BIBIANA/FS,13:15,LUSERNA - piazza Partigiani,13:20,TORRE PELLICE,13:30,S. MARGHERITA,13:33,SEGG. VANDALINO,13:34,CHABRIOLS,13:38,VILLAR PELLICE,13:42,BOBBIO PELLICE,13:49,,,,,,,,,,,,,,,,,,,,,,,,,,,,,,,,,,,,,,,,,,,,,,,,,,,,,,,,
C0618,901,,GG,EST,TORRE PELLICE,13:35,S. MARGHERITA,13:37,SEGG. VANDALINO,13:39,CHABRIOLS,13:42,VILLAR PELLICE,13:43,BOBBIO PELLICE,13:52,,,,,,,,,,,,,,,,,,,,,,,,,,,,,,,,,,,,,,,,,,,,,,,,,,,,,,,,,,,,,,,,,,,,,,
C0619,901,12345,SCO,Scol,TORRE PELLICE,13:35,S. MARGHERITA,13:40,SEGG. VANDALINO,13:42,CHABRIOLS,13:45,VILLAR PELLICE,13:46,BOBBIO PELLICE,13:55,,,,,,,,,,,,,,,,,,,,,,,,,,,,,,,,,,,,,,,,,,,,,,,,,,,,,,,,,,,,,,,,,,,,,,
C0620,901,12345,SCO,CT,PINEROLO - Centro Studi,13:50,PINEROLO - piazza Cavour,13:55,SAN SECONDO BIVIO BIMA,14:00,SAN SECONDO CANTINE,14:01,CAPPELLA MORERI,14:03,BRICHERASIO,14:06,PONTE BIBIANA/FS,14:08,LUSERNA - piazza Partigiani,14:13,TORRE PELLICE,14:20,S. MARGHERITA,14:25,SEGG. VANDALINO,14:30,CHABRIOLS,14:35,VILLAR PELLICE,14:40,BOBBIO PELLICE,14:45,,,,,,,,,,,,,,,,,,,,,,,,,,,,,,,,,,,,,,,,,,,,,,,,,,,,,,
C0621,901,12345,SCO,CT,PINEROLO - Centro Studi,13:30,PINEROLO - piazza Cavour,13:33,SAN SECONDO BIVIO BIMA,13:35,SAN SECONDO CANTINE,13:36,CAPPELLA MORERI,13:40,BRICHERASIO,13:42,PONTE BIBIANA/FS,13:45,LUSERNA - piazza Partigiani,13:50,TORRE PELLICE,13:55,S. MARGHERITA,14:00,SEGG. VANDALINO,14:05,CHABRIOLS,14:10,VILLAR PELLICE,14:15,BOBBIO PELLICE,14:20,,,,,,,,,,,,,,,,,,,,,,,,,,,,,,,,,,,,,,,,,,,,,,,,,,,,,,
C0622,901,12345,SCO,C,PINEROLO - Centro Studi,14:20,SAN SECONDO BIVIO BIMA,14:25,SAN SECONDO CANTINE,14:26,CAPPELLA MORERI,14:30,BRICHERASIO,14:32,PONTE BIBIANA/FS,14:35,LUSERNA - piazza Partigiani,14:40,TORRE PELLICE,14:45,,,,,,,,,,,,,,,,,,,,,,,,,,,,,,,,,,,,,,,,,,,,,,,,,,,,,,,,,,,,,,,,,,
C0623,901,12345,SCO,Scol,PINEROLO - Ist. Immacolata,13:30,PINEROLO - piazza Cavour,13:34,SAN SECONDO BIVIO BIMA,13:40,SAN SECONDO CANTINE,13:41,CAPPELLA MORERI,13:45,BRICHERASIO,13:48,PONTE BIBIANA/FS,13:52,BIBIANA,13:54,LUSERNA - piazza Partigiani,14:05,TORRE PELLICE,14:07,,,,,,,,,,,,,,,,,,,,,,,,,,,,,,,,,,,,,,,,,,,,,,,,,,,,,,,,,,,,,,
C0624,901,12345,SCO,C,PINEROLO - Centro Studi,13:30,PINEROLO - piazza Cavour,13:37,SAN SECONDO BIVIO BIMA,13:43,SAN SECONDO CANTINE,13:44,CAPPELLA MORERI,13:49,BRICHERASIO,13:54,PONTE BIBIANA/FS,13:55,BIBIANA,13:57,,,,,,,,,,,,,,,,,,,,,,,,,,,,,,,,,,,,,,,,,,,,,,,,,,,,,,,,,,,,,,,,,,
C0625,901,12345,SCO,,PINEROLO Movicentro,13:50,SAN SECONDO BIVIO BIMA,14:05,SAN SECONDO CANTINE,14:07,CAPPELLA MORERI,14:08,BRICHERASIO,14:10,PONTE BIBIANA/FS,14:15,LUSERNA - piazza Partigiani,14:20,TORRE PELLICE,14:25,,,,,,,,,,,,,,,,,,,,,,,,,,,,,,,,,,,,,,,,,,,,,,,,,,,,,,,,,,,,,,,,,,
C0626,901,123456,FER,S,PINEROLO Movicentro,14:20,SAN SECONDO BIVIO BIMA,14:35,SAN SECONDO CANTINE,14:37,CAPPELLA MORERI,14:38,BRICHERASIO,14:40,PONTE BIBIANA/FS,14:45,LUSERNA - piazza Partigiani,14:50,TORRE PELLICE,14:55,,,,,,,,,,,,,,,,,,,,,,,,,,,,,,,,,,,,,,,,,,,,,,,,,,,,,,,,,,,,,,,,,,
C0627,901,12345,FER,,TORRE PELLICE,15:10,S. MARGHERITA,15:15,SEGG. VANDALINO,15:16,CHABRIOLS,15:19,VILLAR PELLICE,15:21,BOBBIO PELLICE,15:26,,,,,,,,,,,,,,,,,,,,,,,,,,,,,,,,,,,,,,,,,,,,,,,,,,,,,,,,,,,,,,,,,,,,,,
C0628,901,,GG,#,PINEROLO Movicentro,14:50,SAN SECONDO BIVIO BIMA,15:05,SAN SECONDO CANTINE,15:07,CAPPELLA MORERI,15:08,BRICHERASIO,15:10,PONTE BIBIANA/FS,15:15,LUSERNA - piazza Partigiani,15:20,TORRE PELLICE,15:30,S. MARGHERITA,15:34,SEGG. VANDALINO,15:36,CHABRIOLS,15:38,VILLAR PELLICE,15:42,BOBBIO PELLICE,15:48,,,,,,,,,,,,,,,,,,,,,,,,,,,,,,,,,,,,,,,,,,,,,,,,,,,,,,,,
C0629,901,123456,FER,,PINEROLO Movicentro,15:50,SAN SECONDO BIVIO BIMA,16:05,SAN SECONDO CANTINE,16:07,CAPPELLA MORERI,16:08,BRICHERASIO,16:10,PONTE BIBIANA/FS,16:15,LUSERNA - piazza Partigiani,16:20,TORRE PELLICE,16:25,,,,,,,,,,,,,,,,,,,,,,,,,,,,,,,,,,,,,,,,,,,,,,,,,,,,,,,,,,,,,,,,,,
C0630,901,12345,FER,,TORRE PELLICE,16:25,S. MARGHERITA,16:27,SEGG. VANDALINO,16:29,CHABRIOLS,16:32,VILLAR PELLICE,16:33,BOBBIO PELLICE,16:42,,,,,,,,,,,,,,,,,,,,,,,,,,,,,,,,,,,,,,,,,,,,,,,,,,,,,,,,,,,,,,,,,,,,,,
C0631,901,12345,SCO,Scol,PINEROLO - Ist. Immacolata,16:12,PINEROLO - Centro Studi,16:22,PINEROLO - piazza Cavour,16:28,SAN SECONDO BIVIO BIMA,16:33,SAN SECONDO CANTINE,16:36,CAPPELLA MORERI,16:39,BRICHERASIO,16:43,PONTE BIBIANA/FS,16:45,BIBIANA,16:50,LUSERNA - piazza Partigiani,16:55,TORRE PELLICE,16:58,,,,,,,,,,,,,,,,,,,,,,,,,,,,,,,,,,,,,,,,,,,,,,,,,,,,,,,,,,,,
C0632,901,12345,FER,,TORRE PELLICE,17:05,S. MARGHERITA,17:10,SEGG. VANDALINO,17:11,CHABRIOLS,17:14,VILLAR PELLICE,17:16,BOBBIO PELLICE,17:21,,,,,,,,,,,,,,,,,,,,,,,,,,,,,,,,,,,,,,,,,,,,,,,,,,,,,,,,,,,,,,,,,,,,,,
C0633,901,123456,FER,,PINEROLO Movicentro,16:50,SAN SECONDO BIVIO BIMA,17:05,SAN SECONDO CANTINE,17:07,CAPPELLA MORERI,17:08,BRICHERASIO,17:10,PONTE BIBIANA/FS,17:15,LUSERNA - piazza Partigiani,17:20,TORRE PELLICE,17:25,,,,,,,,,,,,,,,,,,,,,,,,,,,,,,,,,,,,,,,,,,,,,,,,,,,,,,,,,,,,,,,,,,
C0634,901,678,,,TORRE PELLICE,16.30,S. MARGHERITA,16:35,SEGG. VANDALINO,16:36,CHABRIOLS,16:39,VILLAR PELLICE,16:41,BOBBIO PELLICE,16:46,,,,,,,,,,,,,,,,,,,,,,,,,,,,,,,,,,,,,,,,,,,,,,,,,,,,,,,,,,,,,,,,,,,,,,
C0635,901,12345,FER,antecedente,TO - Autostazione c.so Bolzano,16:15,TO-c.so V.Eman. II-Porta Nuova,16:22,PINEROLO - piazza Cavour,17:27,SAN SECONDO BIVIO BIMA,17:33,SAN SECONDO CANTINE,17:34,CAPPELLA MORERI,17:37,BRICHERASIO,17:41,PONTE BIBIANA/FS,17:44,LUSERNA - piazza Partigiani,17:50,TORRE PELLICE,17:53,,,,,,,,,,,,,,,,,,,,,,,,,,,,,,,,,,,,,,,,,,,,,,,,,,,,,,,,,,,,,,
C0636,901,,GG,festività,TORRE PELLICE,17:55,S. MARGHERITA,17:59,SEGG. VANDALINO,18:01,CHABRIOLS,18:03,VILLAR PELLICE,18:07,BOBBIO PELLICE,18:13,,,,,,,,,,,,,,,,,,,,,,,,,,,,,,,,,,,,,,,,,,,,,,,,,,,,,,,,,,,,,,,,,,,,,,
C0637,901,123456,FER,,PINEROLO - Centro Studi,17:42,PINEROLO Movicentro,17:50,SAN SECONDO BIVIO BIMA,18:05,SAN SECONDO CANTINE,18:07,CAPPELLA MORERI,18:08,BRICHERASIO,18:10,PONTE BIBIANA/FS,18:15,LUSERNA - piazza Partigiani,18:20,TORRE PELLICE,18:25,,,,,,,,,,,,,,,,,,,,,,,,,,,,,,,,,,,,,,,,,,,,,,,,,,,,,,,,,,,,,,,,
C0638,901,78,FEST,INV,TORRE PELLICE,18:50,S. MARGHERITA,18:52,SEGG. VANDALINO,18:54,CHABRIOLS,18:57,VILLAR PELLICE,18:58,BOBBIO PELLICE,19:07,,,,,,,,,,,,,,,,,,,,,,,,,,,,,,,,,,,,,,,,,,,,,,,,,,,,,,,,,,,,,,,,,,,,,,
C0639,901,123456,FER,,PINEROLO - Centro Studi,18:12,PINEROLO Movicentro,18:20,SAN SECONDO BIVIO BIMA,18:35,SAN SECONDO CANTINE,18:37,CAPPELLA MORERI,18:38,BRICHERASIO,18:40,PONTE BIBIANA/FS,18:45,LUSERNA - piazza Partigiani,18:50,TORRE PELLICE,18:55,,,,,,,,,,,,,,,,,,,,,,,,,,,,,,,,,,,,,,,,,,,,,,,,,,,,,,,,,,,,,,,,
C0640,901,123456,FER,,PINEROLO - Centro Studi,18:42,PINEROLO Movicentro,18:50,SAN SECONDO BIVIO BIMA,19:05,SAN SECONDO CANTINE,19:07,CAPPELLA MORERI,19:08,BRICHERASIO,19:10,PONTE BIBIANA/FS,19:15,LUSERNA - piazza Partigiani,19:20,TORRE PELLICE,19:25,S. MARGHERITA,19:07,SEGG. VANDALINO,19:08,CHABRIOLS,19:09,VILLAR PELLICE,19:14,BOBBIO PELLICE,19:19,,,,,,,,,,,,,,,,,,,,,,,,,,,,,,,,,,,,,,,,,,,,,,,,,,,,,,
C0641,901,123456,FER,SIMBOLOGIA,PINEROLO - Centro Studi,18:42,PINEROLO Movicentro,18:50,SAN SECONDO BIVIO BIMA,19:05,SAN SECONDO CANTINE,19:07,CAPPELLA MORERI,19:08,BRICHERASIO,19:10,PONTE BIBIANA/FS,19:15,LUSERNA - piazza Partigiani,19:20,TORRE PELLICE,19:25,,,,,,,,,,,,,,,,,,,,,,,,,,,,,,,,,,,,,,,,,,,,,,,,,,,,,,,,,,,,,,,,
C0642,901,78,FEST,periodicità,PINEROLO - Centro Studi,18:42,PINEROLO Movicentro,18:50,SAN SECONDO BIVIO BIMA,19:05,SAN SECONDO CANTINE,19:07,CAPPELLA MORERI,19:08,BRICHERASIO,19:10,PONTE BIBIANA/FS,19:15,LUSERNA - piazza Partigiani,19:20,TORRE PELLICE,19:25,,,,,,,,,,,,,,,,,,,,,,,,,,,,,,,,,,,,,,,,,,,,,,,,,,,,,,,,,,,,,,,,
C0643,901,123456,FER,,PINEROLO - Centro Studi,19:12,PINEROLO Movicentro,19:20,SAN SECONDO BIVIO BIMA,19:35,SAN SECONDO CANTINE,19:37,CAPPELLA MORERI,19:38,BRICHERASIO,19:40,PONTE BIBIANA/FS,19:45,LUSERNA - piazza Partigiani,19:50,TORRE PELLICE,19:55,,,,,,,,,,,,,,,,,,,,,,,,,,,,,,,,,,,,,,,,,,,,,,,,,,,,,,,,,,,,,,,,
C0644,901,123456,FER,Feriale,TORRE PELLICE,20:05,S. MARGHERITA,20:10,SEGG. VANDALINO,20:11,CHABRIOLS,20:14,VILLAR PELLICE,20:16,BOBBIO PELLICE,20:21,,,,,,,,,,,,,,,,,,,,,,,,,,,,,,,,,,,,,,,,,,,,,,,,,,,,,,,,,,,,,,,,,,,,,,
C0645,901,123456,FER,(effettuata,PINEROLO - Centro Studi,19:42,PINEROLO Movicentro,19:50,SAN SECONDO BIVIO BIMA,20:05,SAN SECONDO CANTINE,20:07,CAPPELLA MORERI,20:08,BRICHERASIO,20:10,PONTE BIBIANA/FS,20:15,LUSERNA - piazza Partigiani,20:20,TORRE PELLICE,20:25,,,,,,,,,,,,,,,,,,,,,,,,,,,,,,,,,,,,,,,,,,,,,,,,,,,,,,,,,,,,,,,,
C0646,901,78,FEST,giorni,TORRE PELLICE,20:30,S. MARGHERITA,20:35,SEGG. VANDALINO,20:36,CHABRIOLS,20:39,VILLAR PELLICE,20:41,BOBBIO PELLICE,20:46,,,,,,,,,,,,,,,,,,,,,,,,,,,,,,,,,,,,,,,,,,,,,,,,,,,,,,,,,,,,,,,,,,,,,,
C0647,901,123456,FER,non,PINEROLO - Centro Studi,21:42,PINEROLO Movicentro,21:50,SAN SECONDO BIVIO BIMA,22:02,SAN SECONDO CANTINE,22:04,CAPPELLA MORERI,22:05,BRICHERASIO,22:07,PONTE BIBIANA/FS,22:11,LUSERNA - piazza Partigiani,22:16,TORRE PELLICE,22:20,,,,,,,,,,,,,,,,,,,,,,,,,,,,,,,,,,,,,,,,,,,,,,,,,,,,,,,,,,,,,,,,
C0648,285,,SCO,SCOL,OULX - Stazione FS,6:30,AMAZAS,6:38,FENILS,6:42,CESANA,6:50,CLAVIERE,7:05,,,,,,,,,,,,,,,,,,,,,,,,,,,,,,,,,,,,,,,,,,,,,,,,,,,,,,,,,,,,,,,,,,,,,,,,
C0649,285,,FER,,OULX - Stazione FS,6:45,AMAZAS,6:53,FENILS,6:59,CESANA,7:05,Bivio SEGUIN,7:15,SESTRIERE,7:30,PINEROLO - Stazione FS,9:12,TO - Autostazione c.so Bolzano,10:19,,,,,,,,,,,,,,,,,,,,,,,,,,,,,,,,,,,,,,,,,,,,,,,,,,,,,,,,,,,,,,,,,,
C0650,285,,FEST,,OULX - Stazione FS,7:15,AMAZAS,7:23,FENILS,7:29,CESANA,7:35,Bivio SEGUIN,7:45,SESTRIERE,8:00,,,,,,,,,,,,,,,,,,,,,,,,,,,,,,,,,,,,,,,,,,,,,,,,,,,,,,,,,,,,,,,,,,,,,,
C0651,285,,FEST,25dic.,PINEROLO - Stazione FS,9:46,TO - Autostazione c.so Bolzano,10:49,,,,,,,,,,,,,,,,,,,,,,,,,,,,,,,,,,,,,,,,,,,,,,,,,,,,,,,,,,,,,,,,,,,,,,,,,,,,,,
C0652,285,,FER,,OULX - Stazione FS,7:50,AMAZAS,7:58,FENILS,8:04,CESANA,8:10,CLAVIERE,-,Bivio SEGUIN,8:20,SESTRIERE,8:35,,,,,,,,,,,,,,,,,,,,,,,,,,,,,,,,,,,,,,,,,,,,,,,,,,,,,,,,,,,,,,,,,,,,
C0653,285,,FER,,OULX - Stazione FS,8:45,AMAZAS,8:53,FENILS,8:59,CESANA,9:05,SAUZE DI CESANA,9:15,SESTRIERE,9:30,PINEROLO - Stazione FS,11:12,TO - Autostazione c.so Bolzano,12:19,,,,,,,,,,,,,,,,,,,,,,,,,,,,,,,,,,,,,,,,,,,,,,,,,,,,,,,,,,,,,,,,,,
C0654,285,,FEST,,OULX - Stazione FS,9:15,AMAZAS,9:23,FENILS,9:29,CESANA,9:35,Bivio SEGUIN,9:45,SESTRIERE,10:00,PINEROLO - Stazione FS,11:42,,,,,,,,,,,,,,,,,,,,,,,,,,,,,,,,,,,,,,,,,,,,,,,,,,,,,,,,,,,,,,,,,,,,
C0655,285,,FEST,25dic.,OULX - Stazione FS,9:15,AMAZAS,9:23,FENILS,9:29,CESANA,9:35,Bivio SEGUIN,9:45,SESTRIERE,10:00,,,,,,,,,,,,,,,,,,,,,,,,,,,,,,,,,,,,,,,,,,,,,,,,,,,,,,,,,,,,,,,,,,,,,,
C0656,285,,FEST,,OULX - Stazione FS,9:15,AMAZAS,9:23,FENILS,9:29,CESANA,9:35,SAUZE DI CESANA,9:45,SESTRIERE,10:00,PINEROLO - Stazione FS,11:42,,,,,,,,,,,,,,,,,,,,,,,,,,,,,,,,,,,,,,,,,,,,,,,,,,,,,,,,,,,,,,,,,,,,
C0657,285,,GG,,OULX - Stazione FS,10:40,AMAZAS,10:48,FENILS,10:54,CESANA,11:00,SAUZE DI CESANA,-,CLAVIERE,11:15,,,,,,,,,,,,,,,,,,,,,,,,,,,,,,,,,,,,,,,,,,,,,,,,,,,,,,,,,,,,,,,,,,,,,,
C0658,285,,FEST,,OULX - Stazione FS,11:15,AMAZAS,11:23,FENILS,11:29,CESANA,11:35,Bivio SEGUIN,11:45,SESTRIERE,12:00,PINEROLO - Stazione FS,13:42,TO - Autostazione c.so Bolzano,14:49,,,,,,,,,,,,,,,,,,,,,,,,,,,,,,,,,,,,,,,,,,,,,,,,,,,,,,,,,,,,,,,,,,
C0659,285,,FEST,,OULX - Stazione FS,11:15,AMAZAS,11:23,FENILS,11:29,CESANA,11:35,SAUZE DI CESANA,11:45,SESTRIERE,12:00,PINEROLO - Stazione FS,13:42,TO - Autostazione c.so Bolzano,14:49,,,,,,,,,,,,,,,,,,,,,,,,,,,,,,,,,,,,,,,,,,,,,,,,,,,,,,,,,,,,,,,,,,
C0660,285,,SCO,SCOL,OULX - Stazione FS,11:20,AMAZAS,11:28,FENILS,11:34,CESANA,11:40,CLAVIERE,11:55,,,,,,,,,,,,,,,,,,,,,,,,,,,,,,,,,,,,,,,,,,,,,,,,,,,,,,,,,,,,,,,,,,,,,,,,
C0661,285,,FER,,OULX - Stazione FS,11:45,AMAZAS,11:53,FENILS,11:59,CESANA,12:05,SAUZE DI CESANA,12:15,SESTRIERE,12:30,PINEROLO - Stazione FS,14:12,TO - Autostazione c.so Bolzano,15:19,,,,,,,,,,,,,,,,,,,,,,,,,,,,,,,,,,,,,,,,,,,,,,,,,,,,,,,,,,,,,,,,,,
C0662,285,,GG,,CESANA,11:00,SAUZE DI CESANA,-,CLAVIERE,-,Bivio SEGUIN,11:10,SESTRIERE,11:25,,,,,,,,,,,,,,,,,,,,,,,,,,,,,,,,,,,,,,,,,,,,,,,,,,,,,,,,,,,,,,,,,,,,,,,,
C0663,285,,SCO,SCOL,OULX - Stazione FS,13:05,OULX -Scuole,13:07,AMAZAS,13:13,FENILS,13:19,CESANA,13:25,SAUZE DI CESANA,-,CLAVIERE,13:40,,,,,,,,,,,,,,,,,,,,,,,,,,,,,,,,,,,,,,,,,,,,,,,,,,,,,,,,,,,,,,,,,,,,
C0664,285,,SCO,SCOL,OULX - Stazione FS,13:05,OULX -Scuole,13:07,AMAZAS,13:13,FENILS,13:22,CESANA,13:30,Bivio SEGUIN,13:35,SESTRIERE,13:50,,,,,,,,,,,,,,,,,,,,,,,,,,,,,,,,,,,,,,,,,,,,,,,,,,,,,,,,,,,,,,,,,,,,
C0665,285,,FER,NS,OULX - Stazione FS,13:05,AMAZAS,13:13,FENILS,13:22,CESANA,13:30,Bivio SEGUIN,13:35,SESTRIERE,13:50,,,,,,,,,,,,,,,,,,,,,,,,,,,,,,,,,,,,,,,,,,,,,,,,,,,,,,,,,,,,,,,,,,,,,,
C0666,285,,SCO,SCOL*,SESTRIERE,13:50,PINEROLO - Stazione FS,16:12,TO - Autostazione c.so Bolzano,17:19,,,,,,,,,,,,,,,,,,,,,,,,,,,,,,,,,,,,,,,,,,,,,,,,,,,,,,,,,,,,,,,,,,,,,,,,,,,,
C0667,285,,SCO,SCOL,OULX - Stazione FS,13:05,OULX -Scuole,13:07,AMAZAS,13:13,FENILS,13:19,CESANA,13:25,,,,,,,,,,,,,,,,,,,,,,,,,,,,,,,,,,,,,,,,,,,,,,,,,,,,,,,,,,,,,,,,,,,,,,,,
C0668,285,,FER,NS,OULX - Stazione FS,13:05,AMAZAS,13:13,FENILS,13:19,CESANA,13:25,,,,,,,,,,,,,,,,,,,,,,,,,,,,,,,,,,,,,,,,,,,,,,,,,,,,,,,,,,,,,,,,,,,,,,,,,,
C0669,285,,FEST,,OULX - Stazione FS,13:15,AMAZAS,13:23,FENILS,13:29,CESANA,13:35,Bivio SEGUIN,13:45,SESTRIERE,14:00,PINEROLO - Stazione FS,15:42,TO - Autostazione c.so Bolzano,16:49,,,,,,,,,,,,,,,,,,,,,,,,,,,,,,,,,,,,,,,,,,,,,,,,,,,,,,,,,,,,,,,,,,
C0670,285,,FER,,OULX - Stazione FS,13:45,AMAZAS,13:53,FENILS,13:59,CESANA,14:05,Bivio SEGUIN,14:15,SESTRIERE,14:30,,,,,,,,,,,,,,,,,,,,,,,,,,,,,,,,,,,,,,,,,,,,,,,,,,,,,,,,,,,,,,,,,,,,,,
C0671,285,,FER,NS,SESTRIERE,14:30,PINEROLO - Stazione FS,16:12,TO - Autostazione c.so Bolzano,17:19,,,,,,,,,,,,,,,,,,,,,,,,,,,,,,,,,,,,,,,,,,,,,,,,,,,,,,,,,,,,,,,,,,,,,,,,,,,,
C0672,285,,FER,,CESANA,13:25,SAUZE DI CESANA,13:35,,,,,,,,,,,,,,,,,,,,,,,,,,,,,,,,,,,,,,,,,,,,,,,,,,,,,,,,,,,,,,,,,,,,,,,,,,,,,,
C0673,285,,FER,INV,CESANA,15:10,SAUZE DI CESANA,-,CLAVIERE,15:25,,,,,,,,,,,,,,,,,,,,,,,,,,,,,,,,,,,,,,,,,,,,,,,,,,,,,,,,,,,,,,,,,,,,,,,,,,,,
C0674,285,,FER,INV,CESANA,15:35,SAUZE DI CESANA,-,CLAVIERE,15:50,,,,,,,,,,,,,,,,,,,,,,,,,,,,,,,,,,,,,,,,,,,,,,,,,,,,,,,,,,,,,,,,,,,,,,,,,,,,
C0675,285,,FER,25/12,OULX - Stazione FS,14:45,AMAZAS,14:53,FENILS,14:59,CESANA,15:05,SAUZE DI CESANA,-,CLAVIERE,-,Bivio SEGUIN,15:15,SESTRIERE,15:30,PINEROLO - Stazione FS,17:12,TO - Autostazione c.so Bolzano,18:19,,,,,,,,,,,,,,,,,,,,,,,,,,,,,,,,,,,,,,,,,,,,,,,,,,,,,,,,,,,,,,
C0676,285,,FEST,,CESANA,15:35,SAUZE DI CESANA,-,CLAVIERE,15:50,,,,,,,,,,,,,,,,,,,,,,,,,,,,,,,,,,,,,,,,,,,,,,,,,,,,,,,,,,,,,,,,,,,,,,,,,,,,
C0677,285,,FEST,,OULX - Stazione FS,15:15,AMAZAS,15:23,FENILS,15:29,CESANA,15:35,Bivio SEGUIN,15:45,SESTRIERE,16:00,PINEROLO - Stazione FS,17:42,TO - Autostazione c.so Bolzano,18:49,,,,,,,,,,,,,,,,,,,,,,,,,,,,,,,,,,,,,,,,,,,,,,,,,,,,,,,,,,,,,,,,,,
C0678,285,,FER,EST,OULX - Stazione FS,15:15,AMAZAS,15:23,FENILS,15:29,CESANA,15:35,SAUZE DI CESANA,-,CLAVIERE,15:50,,,,,,,,,,,,,,,,,,,,,,,,,,,,,,,,,,,,,,,,,,,,,,,,,,,,,,,,,,,,,,,,,,,,,,
C0679,285,,FER,,OULX - Stazione FS,15:45,AMAZAS,15:53,FENILS,15:59,CESANA,16:05,SAUZE DI CESANA,-,CLAVIERE,-,Bivio SEGUIN,16:15,SESTRIERE,16:30,,,,,,,,,,,,,,,,,,,,,,,,,,,,,,,,,,,,,,,,,,,,,,,,,,,,,,,,,,,,,,,,,,
C0680,285,,FER,INV,OULX - Stazione FS,16:45,AMAZAS,16:53,FENILS,16.59,CESANA,17:05,SAUZE DI CESANA,-,CLAVIERE,-,Bivio SEGUIN,17:20,SESTRIERE,17:30,PINEROLO - Stazione FS,19:12,TO - Autostazione c.so Bolzano,20:19,,,,,,,,,,,,,,,,,,,,,,,,,,,,,,,,,,,,,,,,,,,,,,,,,,,,,,,,,,,,,,
C0681,285,,FER,EST,OULX - Stazione FS,16:45,AMAZAS,16:53,FENILS,16.59,CESANA,17:05,SAUZE DI CESANA,17:15,CLAVIERE,-,SESTRIERE,17:30,PINEROLO - Stazione FS,19:12,TO - Autostazione c.so Bolzano,20:19,,,,,,,,,,,,,,,,,,,,,,,,,,,,,,,,,,,,,,,,,,,,,,,,,,,,,,,,,,,,,,,,
C0682,285,,FEST,,OULX - Stazione FS,17:15,AMAZAS,17:23,FENILS,17.29,CESANA,17:35,SESTRIERE,18:00,,,,,,,,,,,,,,,,,,,,,,,,,,,,,,,,,,,,,,,,,,,,,,,,,,,,,,,,,,,,,,,,,,,,,,,,
C0683,285,,FEST,25dic.,OULX - Stazione FS,17:15,AMAZAS,17:23,FENILS,17.29,CESANA,17:35,Bivio SEGUIN,17:50,SESTRIERE,18:00,,,,,,,,,,,,,,,,,,,,,,,,,,,,,,,,,,,,,,,,,,,,,,,,,,,,,,,,,,,,,,,,,,,,,,
C0684,285,,FEST,,OULX - Stazione FS,17:15,AMAZAS,17:23,FENILS,17.29,CESANA,17:35,SAUZE DI CESANA,17:45,SESTRIERE,18:00,PINEROLO - Stazione FS,19:42,TO - Autostazione c.so Bolzano,20:49,,,,,,,,,,,,,,,,,,,,,,,,,,,,,,,,,,,,,,,,,,,,,,,,,,,,,,,,,,,,,,,,,,
C0685,285,,FER,,OULX - Stazione FS,17:45,AMAZAS,17:53,FENILS,17:59,CESANA,18:05,SAUZE DI CESANA,-,CLAVIERE,-,Bivio SEGUIN,18:15,SESTRIERE,18:30,,,,,,,,,,,,,,,,,,,,,,,,,,,,,,,,,,,,,,,,,,,,,,,,,,,,,,,,,,,,,,,,,,
C0686,285,,FER,,OULX - Stazione FS,18:45,AMAZAS,18:53,FENILS,18:59,CESANA,19:05,Bivio SEGUIN,19:15,SESTRIERE,19:30,PINEROLO - Stazione FS,21:12,TO - Autostazione c.so Bolzano,22:19,,,,,,,,,,,,,,,,,,,,,,,,,,,,,,,,,,,,,,,,,,,,,,,,,,,,,,,,,,,,,,,,,,
C0687,285,,FEST,,OULX - Stazione FS,19:15,AMAZAS,19:23,FENILS,19:29,CESANA,19:35,Bivio SEGUIN,19:45,SESTRIERE,20:00,PINEROLO - Stazione FS,21:42,TO - Autostazione c.so Bolzano,22:49,,,,,,,,,,,,,,,,,,,,,,,,,,,,,,,,,,,,,,,,,,,,,,,,,,,,,,,,,,,,,,,,,,
C0688,285,123456,FER,,CESANA,6:00,FENILS,6:06,AMAZAS,6:12,OULX - piazza Garambois,6:18,OULX - Stazione FS,6:20,,,,,,,,,,,,,,,,,,,,,,,,,,,,,,,,,,,,,,,,,,,,,,,,,,,,,,,,,,,,,,,,,,,,,,,,
C0689,285,123456,SCO,SCOL,PINEROLO - piazza Cavour,5:50,SESTRIERE,7:00,Bivio SEGUIN,7:15,CESANA,7:25,FENILS,7:31,AMAZAS,7:37,OULX - piazza Garambois,7.42,OULX -Scuole,7:43,OULX - Stazione FS,7:45,,,,,,,,,,,,,,,,,,,,,,,,,,,,,,,,,,,,,,,,,,,,,,,,,,,,,,,,,,,,,,,,
C0690,285,123456,FER,NS,PINEROLO - piazza Cavour,5:50,SESTRIERE,7:00,Bivio SEGUIN,7:15,CESANA,7:25,FENILS,7:31,AMAZAS,7:37,OULX - piazza Garambois,7.42,OULX - Stazione FS,7:45,,,,,,,,,,,,,,,,,,,,,,,,,,,,,,,,,,,,,,,,,,,,,,,,,,,,,,,,,,,,,,,,,,
C0691,285,8,FEST,,PINEROLO - piazza Cavour,6:54,SESTRIERE,8:04,Bivio SEGUIN,8:19,CESANA,8:29,FENILS,8:35,AMAZAS,8:41,OULX - Stazione FS,8:49,,,,,,,,,,,,,,,,,,,,,,,,,,,,,,,,,,,,,,,,,,,,,,,,,,,,,,,,,,,,,,,,,,,,
C0692,285,123456,SCO,SCOL,CLAVIERE,7:10,SAUZE DI CESANA,-,CESANA,7:24,FENILS,7:29,AMAZAS,7.33,OULX - piazza Garambois,7.38,OULX -Scuole,7:43,OULX - Stazione FS,7.45,,,,,,,,,,,,,,,,,,,,,,,,,,,,,,,,,,,,,,,,,,,,,,,,,,,,,,,,,,,,,,,,,,
C0693,285,123456,SCO,SCOL,CESANA,7:25,FENILS,7:31,AMAZAS,7:37,OULX - piazza Garambois,7:42,OULX -Scuole,7:43,OULX - Stazione FS,7:45,,,,,,,,,,,,,,,,,,,,,,,,,,,,,,,,,,,,,,,,,,,,,,,,,,,,,,,,,,,,,,,,,,,,,,
C0694,285,123456,FER,NS,CESANA,7:25,FENILS,7:31,AMAZAS,7:37,OULX - piazza Garambois,7:42,OULX - Stazione FS,7:45,,,,,,,,,,,,,,,,,,,,,,,,,,,,,,,,,,,,,,,,,,,,,,,,,,,,,,,,,,,,,,,,,,,,,,,,
C0695,285,123456,FER,,SAUZE DI CESANA,7:15,CESANA,7:25,,,,,,,,,,,,,,,,,,,,,,,,,,,,,,,,,,,,,,,,,,,,,,,,,,,,,,,,,,,,,,,,,,,,,,,,,,,,,,
C0696,285,123456,FER,,SESTRIERE,8:35,Bivio SEGUIN,8:50,CESANA,9:00,FENILS,9:06,AMAZAS,9:12,OULX - Stazione FS,9:20,,,,,,,,,,,,,,,,,,,,,,,,,,,,,,,,,,,,,,,,,,,,,,,,,,,,,,,,,,,,,,,,,,,,,,
C0697,285,123456,FER,INV,TO - Autostazione c.so Bolzano,6:41,PINEROLO - Stazione FS,7:44,PINEROLO - piazza Cavour,8:20,SESTRIERE,9:30,Bivio SEGUIN,-,CLAVIERE,-,SAUZE DI CESANA,9:45,CESANA,9:55,FENILS,10:01,AMAZAS,10:07,OULX - Stazione FS,10:15,,,,,,,,,,,,,,,,,,,,,,,,,,,,,,,,,,,,,,,,,,,,,,,,,,,,,,,,,,,,
C0698,285,123456,FER,EST,TO - Autostazione c.so Bolzano,6:41,PINEROLO - Stazione FS,7:44,PINEROLO - piazza Cavour,8:20,SESTRIERE,9:30,Bivio SEGUIN,9:45,CLAVIERE,-,SAUZE DI CESANA,-,CESANA,9:55,FENILS,10:01,AMAZAS,10:07,OULX - Stazione FS,10:15,,,,,,,,,,,,,,,,,,,,,,,,,,,,,,,,,,,,,,,,,,,,,,,,,,,,,,,,,,,,
C0699,285,8,FEST,,TO - Autostazione c.so Bolzano,7:15,PINEROLO - Stazione FS,8:18,PINEROLO - piazza Cavour,8:54,SESTRIERE,10:04,Bivio SEGUIN,10:19,CESANA,10:29,FENILS,10:35,AMAZAS,10:41,OULX - Stazione FS,10:49,,,,,,,,,,,,,,,,,,,,,,,,,,,,,,,,,,,,,,,,,,,,,,,,,,,,,,,,,,,,,,,,
C0700,285,123456,GG,INV,TO - Autostazione c.so Bolzano,7:41,PINEROLO - Stazione FS,8:44,PINEROLO - piazza Cavour,9:20,SESTRIERE,10:30,Bivio SEGUIN,10:45,CLAVIERE,-,SAUZE DI CESANA,-,CESANA,10:55,FENILS,11:01,AMAZAS,11:07,OULX - Stazione FS,11:15,,,,,,,,,,,,,,,,,,,,,,,,,,,,,,,,,,,,,,,,,,,,,,,,,,,,,,,,,,,,
C0701,285,123456,FER,EST,TO - Autostazione c.so Bolzano,7:41,PINEROLO - Stazione FS,8:44,PINEROLO - piazza Cavour,9:20,SESTRIERE,10:30,Bivio SEGUIN,-,CLAVIERE,-,SAUZE DI CESANA,10:45,CESANA,10:55,FENILS,11:01,AMAZAS,11:07,OULX - Stazione FS,11:15,,,,,,,,,,,,,,,,,,,,,,,,,,,,,,,,,,,,,,,,,,,,,,,,,,,,,,,,,,,,
C0702,285,12345,FER,,CLAVIERE,11:15,SAUZE DI CESANA,-,CESANA,11:30,FENILS,11:36,AMAZAS,11:42,OULX - Stazione FS,11:50,,,,,,,,,,,,,,,,,,,,,,,,,,,,,,,,,,,,,,,,,,,,,,,,,,,,,,,,,,,,,,,,,,,,,,
C0703,285,8,FEST,,TO - Autostazione c.so Bolzano,9:15,PINEROLO - Stazione FS,10:18,PINEROLO - piazza Cavour,10:54,SESTRIERE,12:04,Bivio SEGUIN,12:19,CESANA,12:29,FENILS,12:35,AMAZAS,12:41,OULX - Stazione FS,12:49,,,,,,,,,,,,,,,,,,,,,,,,,,,,,,,,,,,,,,,,,,,,,,,,,,,,,,,,,,,,,,,,
C0704,285,8,FEST,,TO - Autostazione c.so Bolzano,9:15,PINEROLO - Stazione FS,10:18,PINEROLO - piazza Cavour,10:54,SESTRIERE,12:04,SAUZE DI CESANA,12:19,CESANA,12:29,FENILS,12:35,AMAZAS,12:41,OULX - Stazione FS,12:49,,,,,,,,,,,,,,,,,,,,,,,,,,,,,,,,,,,,,,,,,,,,,,,,,,,,,,,,,,,,,,,,
C0705,285,,FEST,25dic.,SESTRIERE,12:04,Bivio SEGUIN,12:19,CESANA,12:29,FENILS,12:35,AMAZAS,12:41,OULX - Stazione FS,12:49,,,,,,,,,,,,,,,,,,,,,,,,,,,,,,,,,,,,,,,,,,,,,,,,,,,,,,,,,,,,,,,,,,,,,,
C0706,285,123456,FER,INV,SESTRIERE,12:04,Bivio SEGUIN,12:19,CESANA,12:29,FENILS,12:35,AMAZAS,12:41,OULX - Stazione FS,12:49,,,,,,,,,,,,,,,,,,,,,,,,,,,,,,,,,,,,,,,,,,,,,,,,,,,,,,,,,,,,,,,,,,,,,,
C0707,285,123456,FER,EST,SESTRIERE,12:04,SAUZE DI CESANA,12:19,CESANA,12:29,FENILS,12:35,AMAZAS,12:41,OULX - Stazione FS,12:49,,,,,,,,,,,,,,,,,,,,,,,,,,,,,,,,,,,,,,,,,,,,,,,,,,,,,,,,,,,,,,,,,,,,,,
C0708,285,12345,SCO,SCOL,CLAVIERE,11:55,CESANA,12:09,FENILS,12:16,AMAZAS,12:22,OULX - piazza Garambois,12:28,OULX - Stazione FS,12:30,,,,,,,,,,,,,,,,,,,,,,,,,,,,,,,,,,,,,,,,,,,,,,,,,,,,,,,,,,,,,,,,,,,,,,
C0709,285,123456,FER,,TO - Autostazione c.so Bolzano,9:41,PINEROLO - Stazione FS,10:44,PINEROLO - piazza Cavour,11:20,SESTRIERE,12:30,Bivio SEGUIN,12:45,CLAVIERE,-,SAUZE DI CESANA,-,CESANA,12:55,FENILS,13:01,AMAZAS,13:07,OULX - Stazione FS,13:15,,,,,,,,,,,,,,,,,,,,,,,,,,,,,,,,,,,,,,,,,,,,,,,,,,,,,,,,,,,,
C0710,285,123456,FER,,SAUZE DI CESANA,13:40,CESANA,13:50,,,,,,,,,,,,,,,,,,,,,,,,,,,,,,,,,,,,,,,,,,,,,,,,,,,,,,,,,,,,,,,,,,,,,,,,,,,,,,
C0711,285,123456,SCO,SCOL,CLAVIERE,13:50,SAUZE DI CESANA,-,CESANA,14:05,,,,,,,,,,,,,,,,,,,,,,,,,,,,,,,,,,,,,,,,,,,,,,,,,,,,,,,,,,,,,,,,,,,,,,,,,,,,
C0712,285,123456,FER,dicembre,CESANA,14:05,FENILS,14:11,OULX - Stazione FS,14:25,,,,,,,,,,,,,,,,,,,,,,,,,,,,,,,,,,,,,,,,,,,,,,,,,,,,,,,,,,,,,,,,,,,,,,,,,,,,
C0713,285,8,FEST,service,PINEROLO - piazza Cavour,12:24,SESTRIERE,14:04,Bivio SEGUIN,14:19,CESANA,14:29,FENILS,14:35,OULX - Stazione FS,14:49,,,,,,,,,,,,,,,,,,,,,,,,,,,,,,,,,,,,,,,,,,,,,,,,,,,,,,,,,,,,,,,,,,,,,,
C0714,285,123456,FER,25/12,TO - Autostazione c.so Bolzano,11:41,PINEROLO - Stazione FS,12:44,SESTRIERE,14:30,Bivio SEGUIN,14:45,CLAVIERE,-,SAUZE DI CESANA,-,CESANA,14:55,FENILS,15:01,OULX - Stazione FS,15:15,,,,,,,,,,,,,,,,,,,,,,,,,,,,,,,,,,,,,,,,,,,,,,,,,,,,,,,,,,,,,,,,
C0715,285,8,FEST,,SESTRIERE,15:00,Bivio SEGUIN,15:15,CLAVIERE,-,SAUZE DI CESANA,-,CESANA,15:25,,,,,,,,,,,,,,,,,,,,,,,,,,,,,,,,,,,,,,,,,,,,,,,,,,,,,,,,,,,,,,,,,,,,,,,,
C0716,285,,GG,,CLAVIERE,15:50,SAUZE DI CESANA,-,CESANA,16:05,FENILS,16:11,OULX - Stazione FS,16:25,,,,,,,,,,,,,,,,,,,,,,,,,,,,,,,,,,,,,,,,,,,,,,,,,,,,,,,,,,,,,,,,,,,,,,,,
C0717,285,12345,FER,INV,CLAVIERE,15:25,SAUZE DI CESANA,-,CESANA,15:35,,,,,,,,,,,,,,,,,,,,,,,,,,,,,,,,,,,,,,,,,,,,,,,,,,,,,,,,,,,,,,,,,,,,,,,,,,,,
C0718,285,123456,FER,,SESTRIERE,15:30,Bivio SEGUIN,15:45,CESANA,15:55,FENILS,16:01,OULX - Stazione FS,16:15,,,,,,,,,,,,,,,,,,,,,,,,,,,,,,,,,,,,,,,,,,,,,,,,,,,,,,,,,,,,,,,,,,,,,,,,
C0719,285,8,FEST,,PINEROLO - piazza Cavour,14:24,SESTRIERE,16:04,Bivio SEGUIN,16:19,CESANA,16:29,FENILS,16:35,OULX - Stazione FS,16:49,,,,,,,,,,,,,,,,,,,,,,,,,,,,,,,,,,,,,,,,,,,,,,,,,,,,,,,,,,,,,,,,,,,,,,
C0720,285,123456,FER,,TO - Autostazione c.so Bolzano,13:41,PINEROLO - Stazione FS,14:44,SESTRIERE,16:30,Bivio SEGUIN,16:45,CLAVIERE,-,SAUZE DI CESANA,-,CESANA,16:55,FENILS,17:01,OULX - Stazione FS,17:15,,,,,,,,,,,,,,,,,,,,,,,,,,,,,,,,,,,,,,,,,,,,,,,,,,,,,,,,,,,,,,,,
C0721,285,123456,FER,,SESTRIERE,17:30,Bivio SEGUIN,-,CLAVIERE,-,SAUZE DI CESANA,17:50,CESANA,18:00,FENILS,18:06,AMAZAS,18:15,OULX - piazza Garambois,-,OULX - Stazione FS,18:20,,,,,,,,,,,,,,,,,,,,,,,,,,,,,,,,,,,,,,,,,,,,,,,,,,,,,,,,,,,,,,,,
C0722,285,8,FEST,,TO - Autostazione c.so Bolzano,15:15,PINEROLO - Stazione FS,16:18,SESTRIERE,18:04,Bivio SEGUIN,18:19,CESANA,18:29,FENILS,18:35,OULX - Stazione FS,18:49,,,,,,,,,,,,,,,,,,,,,,,,,,,,,,,,,,,,,,,,,,,,,,,,,,,,,,,,,,,,,,,,,,,,
C0723,285,,FEST,25dic.,SESTRIERE,18:04,Bivio SEGUIN,18:19,CESANA,18:29,FENILS,18:35,OULX - Stazione FS,18:49,,,,,,,,,,,,,,,,,,,,,,,,,,,,,,,,,,,,,,,,,,,,,,,,,,,,,,,,,,,,,,,,,,,,,,,,
C0724,285,8,FEST,,TO - Autostazione c.so Bolzano,15:15,PINEROLO - Stazione FS,16:18,SESTRIERE,18:04,SAUZE DI CESANA,18:19,CESANA,18:29,FENILS,18:35,OULX - Stazione FS,18:49,,,,,,,,,,,,,,,,,,,,,,,,,,,,,,,,,,,,,,,,,,,,,,,,,,,,,,,,,,,,,,,,,,,,
C0725,285,123456,FER,,TO - Autostazione c.so Bolzano,16:41,PINEROLO - Stazione FS,17:44,SESTRIERE,19:30,Bivio SEGUIN,19:45,CLAVIERE,-,SAUZE DI CESANA,-,CESANA,19:55,FENILS,20:01,OULX - piazza Garambois,-,OULX - Stazione FS,20:15,,,,,,,,,,,,,,,,,,,,,,,,,,,,,,,,,,,,,,,,,,,,,,,,,,,,,,,,,,,,,,
C0726,285,8,FEST,,TO - Autostazione c.so Bolzano,17:15,PINEROLO - Stazione FS,18:18,SESTRIERE,20:04,Bivio SEGUIN,20:19,CLAVIERE,-,SAUZE DI CESANA,-,CESANA,20:29,FENILS,20:35,OULX - Stazione FS,20:49,,,,,,,,,,,,,,,,,,,,,,,,,,,,,,,,,,,,,,,,,,,,,,,,,,,,,,,,,,,,,,,,
C0727,285,,FER,,OULX - Stazione FS,5:45,SAN MARCO,5:50,SAUZE D'OULX,6:00,,,,,,,,,,,,,,,,,,,,,,,,,,,,,,,,,,,,,,,,,,,,,,,,,,,,,,,,,,,,,,,,,,,,,,,,,,,,
C0728,285,,SCO,,OULX - Stazione FS,6:45,SAN MARCO,6:50,SAUZE D'OULX,7:00,,,,,,,,,,,,,,,,,,,,,,,,,,,,,,,,,,,,,,,,,,,,,,,,,,,,,,,,,,,,,,,,,,,,,,,,,,,,
C0729,285,,FER,,OULX - Stazione FS,7:50,SAN MARCO,7:55,SAUZE D'OULX,8:05,,,,,,,,,,,,,,,,,,,,,,,,,,,,,,,,,,,,,,,,,,,,,,,,,,,,,,,,,,,,,,,,,,,,,,,,,,,,
C0730,285,,FEST,,OULX - Stazione FS,8:15,SAN MARCO,8:20,SAUZE D'OULX,8:30,,,,,,,,,,,,,,,,,,,,,,,,,,,,,,,,,,,,,,,,,,,,,,,,,,,,,,,,,,,,,,,,,,,,,,,,,,,,
C0731,285,,FER,,OULX - Stazione FS,8:45,SAN MARCO,8:50,SAUZE D'OULX,9:00,,,,,,,,,,,,,,,,,,,,,,,,,,,,,,,,,,,,,,,,,,,,,,,,,,,,,,,,,,,,,,,,,,,,,,,,,,,,
C0732,285,,FEST,,OULX - Stazione FS,9:15,SAN MARCO,9:20,SAUZE D'OULX,9:30,,,,,,,,,,,,,,,,,,,,,,,,,,,,,,,,,,,,,,,,,,,,,,,,,,,,,,,,,,,,,,,,,,,,,,,,,,,,
C0733,285,,FER,,OULX - Stazione FS,9:45,SAN MARCO,9:50,SAUZE D'OULX,10:00,,,,,,,,,,,,,,,,,,,,,,,,,,,,,,,,,,,,,,,,,,,,,,,,,,,,,,,,,,,,,,,,,,,,,,,,,,,,
C0734,285,,FEST,,OULX - Stazione FS,10:15,SAN MARCO,10:20,SAUZE D'OULX,10:30,,,,,,,,,,,,,,,,,,,,,,,,,,,,,,,,,,,,,,,,,,,,,,,,,,,,,,,,,,,,,,,,,,,,,,,,,,,,
C0735,285,,FER,,OULX - Stazione FS,10:45,SAN MARCO,10:50,SAUZE D'OULX,11:00,,,,,,,,,,,,,,,,,,,,,,,,,,,,,,,,,,,,,,,,,,,,,,,,,,,,,,,,,,,,,,,,,,,,,,,,,,,,
C0736,285,,FEST,,OULX - Stazione FS,11:15,SAN MARCO,11:20,SAUZE D'OULX,11:30,,,,,,,,,,,,,,,,,,,,,,,,,,,,,,,,,,,,,,,,,,,,,,,,,,,,,,,,,,,,,,,,,,,,,,,,,,,,
C0737,285,,FER,,OULX - Stazione FS,11:45,SAN MARCO,11:50,SAUZE D'OULX,12:00,,,,,,,,,,,,,,,,,,,,,,,,,,,,,,,,,,,,,,,,,,,,,,,,,,,,,,,,,,,,,,,,,,,,,,,,,,,,
C0738,285,,FER,,OULX - Stazione FS,12:30,SAN MARCO,12:35,SAUZE D'OULX,12:45,,,,,,,,,,,,,,,,,,,,,,,,,,,,,,,,,,,,,,,,,,,,,,,,,,,,,,,,,,,,,,,,,,,,,,,,,,,,
C0739,285,,SCO,,OULX - piazza Garambois,13:05,OULX -Scuole,13:07,SAN MARCO,13:10,SAUZE D'OULX,13:20,,,,,,,,,,,,,,,,,,,,,,,,,,,,,,,,,,,,,,,,,,,,,,,,,,,,,,,,,,,,,,,,,,,,,,,,,,
C0740,285,,FER,,OULX - Stazione FS,13:45,SAN MARCO,13:50,SAUZE D'OULX,14:00,,,,,,,,,,,,,,,,,,,,,,,,,,,,,,,,,,,,,,,,,,,,,,,,,,,,,,,,,,,,,,,,,,,,,,,,,,,,
C0741,285,,FEST,,OULX - Stazione FS,14:15,SAN MARCO,14:20,SAUZE D'OULX,14:30,,,,,,,,,,,,,,,,,,,,,,,,,,,,,,,,,,,,,,,,,,,,,,,,,,,,,,,,,,,,,,,,,,,,,,,,,,,,
C0742,285,,FER,,OULX - Stazione FS,14:55,SAN MARCO,15:00,SAUZE D'OULX,15:10,,,,,,,,,,,,,,,,,,,,,,,,,,,,,,,,,,,,,,,,,,,,,,,,,,,,,,,,,,,,,,,,,,,,,,,,,,,,
C0743,285,,SCO,,OULX - Stazione FS,15:05,SAN MARCO,15:10,SAUZE D'OULX,15:20,,,,,,,,,,,,,,,,,,,,,,,,,,,,,,,,,,,,,,,,,,,,,,,,,,,,,,,,,,,,,,,,,,,,,,,,,,,,
C0744,285,,FEST,,OULX - Stazione FS,15:15,SAN MARCO,15:20,SAUZE D'OULX,15:30,,,,,,,,,,,,,,,,,,,,,,,,,,,,,,,,,,,,,,,,,,,,,,,,,,,,,,,,,,,,,,,,,,,,,,,,,,,,
C0745,285,,FER,,OULX - Stazione FS,15:45,SAN MARCO,15:50,SAUZE D'OULX,16:00,,,,,,,,,,,,,,,,,,,,,,,,,,,,,,,,,,,,,,,,,,,,,,,,,,,,,,,,,,,,,,,,,,,,,,,,,,,,
C0746,285,,FER,,OULX - Stazione FS,16:45,SAN MARCO,16:50,SAUZE D'OULX,17:00,,,,,,,,,,,,,,,,,,,,,,,,,,,,,,,,,,,,,,,,,,,,,,,,,,,,,,,,,,,,,,,,,,,,,,,,,,,,
C0747,285,,FEST,,OULX - Stazione FS,17:15,SAN MARCO,17:20,SAUZE D'OULX,17:30,,,,,,,,,,,,,,,,,,,,,,,,,,,,,,,,,,,,,,,,,,,,,,,,,,,,,,,,,,,,,,,,,,,,,,,,,,,,
C0748,285,,FER,,OULX - Stazione FS,17:45,SAN MARCO,17:50,SAUZE D'OULX,18:00,,,,,,,,,,,,,,,,,,,,,,,,,,,,,,,,,,,,,,,,,,,,,,,,,,,,,,,,,,,,,,,,,,,,,,,,,,,,
C0749,285,,FEST,,OULX - Stazione FS,18:15,SAN MARCO,18:20,SAUZE D'OULX,18:30,,,,,,,,,,,,,,,,,,,,,,,,,,,,,,,,,,,,,,,,,,,,,,,,,,,,,,,,,,,,,,,,,,,,,,,,,,,,
C0750,285,,FER,,OULX - Stazione FS,18:45,SAN MARCO,18:50,SAUZE D'OULX,19:00,,,,,,,,,,,,,,,,,,,,,,,,,,,,,,,,,,,,,,,,,,,,,,,,,,,,,,,,,,,,,,,,,,,,,,,,,,,,
C0751,285,,FEST,,OULX - Stazione FS,19:15,SAN MARCO,19:20,SAUZE D'OULX,19:30,,,,,,,,,,,,,,,,,,,,,,,,,,,,,,,,,,,,,,,,,,,,,,,,,,,,,,,,,,,,,,,,,,,,,,,,,,,,
C0752,285,,FER,,OULX - Stazione FS,19:45,SAN MARCO,19:50,SAUZE D'OULX,20:00,,,,,,,,,,,,,,,,,,,,,,,,,,,,,,,,,,,,,,,,,,,,,,,,,,,,,,,,,,,,,,,,,,,,,,,,,,,,
C0753,285,,FER,,SAUZE D'OULX,6:00,SAN MARCO,6:10,OULX - Stazione FS,6:15,,,,,,,,,,,,,,,,,,,,,,,,,,,,,,,,,,,,,,,,,,,,,,,,,,,,,,,,,,,,,,,,,,,,,,,,,,,,
C0754,285,,SCO,,SAUZE D'OULX,7:25,SAN MARCO,7:35,OULX -Scuole,7:38,OULX - piazza Garambois,7:40,,,,,,,,,,,,,,,,,,,,,,,,,,,,,,,,,,,,,,,,,,,,,,,,,,,,,,,,,,,,,,,,,,,,,,,,,,
C0755,285,,FER,25/12,SAUZE D'OULX,8:05,SAN MARCO,8:15,OULX - Stazione FS,8:20,,,,,,,,,,,,,,,,,,,,,,,,,,,,,,,,,,,,,,,,,,,,,,,,,,,,,,,,,,,,,,,,,,,,,,,,,,,,
C0756,285,,FEST,,SAUZE D'OULX,8:30,SAN MARCO,8:40,OULX - Stazione FS,8:45,,,,,,,,,,,,,,,,,,,,,,,,,,,,,,,,,,,,,,,,,,,,,,,,,,,,,,,,,,,,,,,,,,,,,,,,,,,,
C0757,285,,FER,,SAUZE D'OULX,9:00,SAN MARCO,9:10,OULX - Stazione FS,9:15,,,,,,,,,,,,,,,,,,,,,,,,,,,,,,,,,,,,,,,,,,,,,,,,,,,,,,,,,,,,,,,,,,,,,,,,,,,,
C0758,285,,FEST,,SAUZE D'OULX,9:30,SAN MARCO,9:40,OULX - Stazione FS,9:45,,,,,,,,,,,,,,,,,,,,,,,,,,,,,,,,,,,,,,,,,,,,,,,,,,,,,,,,,,,,,,,,,,,,,,,,,,,,
C0759,285,,FER,,SAUZE D'OULX,10:00,SAN MARCO,10:10,OULX - Stazione FS,10:15,,,,,,,,,,,,,,,,,,,,,,,,,,,,,,,,,,,,,,,,,,,,,,,,,,,,,,,,,,,,,,,,,,,,,,,,,,,,
C0760,285,,FEST,,SAUZE D'OULX,10:30,SAN MARCO,10:40,OULX - Stazione FS,10:45,,,,,,,,,,,,,,,,,,,,,,,,,,,,,,,,,,,,,,,,,,,,,,,,,,,,,,,,,,,,,,,,,,,,,,,,,,,,
C0761,285,,FER,,SAUZE D'OULX,11:00,SAN MARCO,11:10,OULX - Stazione FS,11:15,,,,,,,,,,,,,,,,,,,,,,,,,,,,,,,,,,,,,,,,,,,,,,,,,,,,,,,,,,,,,,,,,,,,,,,,,,,,
C0762,285,,FEST,,SAUZE D'OULX,11:30,SAN MARCO,11:40,OULX - Stazione FS,11:45,,,,,,,,,,,,,,,,,,,,,,,,,,,,,,,,,,,,,,,,,,,,,,,,,,,,,,,,,,,,,,,,,,,,,,,,,,,,
C0763,285,,FER,,SAUZE D'OULX,12:00,SAN MARCO,12:10,OULX - Stazione FS,12:15,,,,,,,,,,,,,,,,,,,,,,,,,,,,,,,,,,,,,,,,,,,,,,,,,,,,,,,,,,,,,,,,,,,,,,,,,,,,
C0764,285,,FER,,SAUZE D'OULX,12:45,SAN MARCO,12:55,OULX - Stazione FS,13:00,,,,,,,,,,,,,,,,,,,,,,,,,,,,,,,,,,,,,,,,,,,,,,,,,,,,,,,,,,,,,,,,,,,,,,,,,,,,
C0765,285,,SCO,,SAUZE D'OULX,13:20,SAN MARCO,13:30,OULX - Stazione FS,13:35,,,,,,,,,,,,,,,,,,,,,,,,,,,,,,,,,,,,,,,,,,,,,,,,,,,,,,,,,,,,,,,,,,,,,,,,,,,,
C0766,285,,FER,,SAUZE D'OULX,14:00,SAN MARCO,14:10,OULX - Stazione FS,14:15,,,,,,,,,,,,,,,,,,,,,,,,,,,,,,,,,,,,,,,,,,,,,,,,,,,,,,,,,,,,,,,,,,,,,,,,,,,,
C0767,285,,FEST,,SAUZE D'OULX,14:30,SAN MARCO,14:40,OULX - Stazione FS,14:45,,,,,,,,,,,,,,,,,,,,,,,,,,,,,,,,,,,,,,,,,,,,,,,,,,,,,,,,,,,,,,,,,,,,,,,,,,,,
C0768,285,,FER,,SAUZE D'OULX,15:10,SAN MARCO,15:20,OULX - Stazione FS,15:25,,,,,,,,,,,,,,,,,,,,,,,,,,,,,,,,,,,,,,,,,,,,,,,,,,,,,,,,,,,,,,,,,,,,,,,,,,,,
C0769,285,,SCO,,SAUZE D'OULX,15:20,SAN MARCO,15:30,OULX - Stazione FS,15:35,,,,,,,,,,,,,,,,,,,,,,,,,,,,,,,,,,,,,,,,,,,,,,,,,,,,,,,,,,,,,,,,,,,,,,,,,,,,
C0770,285,,FER,,SAUZE D'OULX,16:00,SAN MARCO,16:10,OULX - Stazione FS,16:15,,,,,,,,,,,,,,,,,,,,,,,,,,,,,,,,,,,,,,,,,,,,,,,,,,,,,,,,,,,,,,,,,,,,,,,,,,,,
C0771,285,,FEST,,SAUZE D'OULX,16:30,SAN MARCO,16:40,OULX - Stazione FS,16:45,,,,,,,,,,,,,,,,,,,,,,,,,,,,,,,,,,,,,,,,,,,,,,,,,,,,,,,,,,,,,,,,,,,,,,,,,,,,
C0772,285,,FER,,SAUZE D'OULX,17:00,SAN MARCO,17:10,OULX - Stazione FS,17:15,,,,,,,,,,,,,,,,,,,,,,,,,,,,,,,,,,,,,,,,,,,,,,,,,,,,,,,,,,,,,,,,,,,,,,,,,,,,
C0773,285,,FEST,,SAUZE D'OULX,17:30,SAN MARCO,17:40,OULX - Stazione FS,17:45,,,,,,,,,,,,,,,,,,,,,,,,,,,,,,,,,,,,,,,,,,,,,,,,,,,,,,,,,,,,,,,,,,,,,,,,,,,,
C0774,285,,FER,,SAUZE D'OULX,18:00,SAN MARCO,18:10,OULX - Stazione FS,18:15,,,,,,,,,,,,,,,,,,,,,,,,,,,,,,,,,,,,,,,,,,,,,,,,,,,,,,,,,,,,,,,,,,,,,,,,,,,,
C0775,285,,FEST,,SAUZE D'OULX,18:30,SAN MARCO,18:40,OULX - Stazione FS,18:45,,,,,,,,,,,,,,,,,,,,,,,,,,,,,,,,,,,,,,,,,,,,,,,,,,,,,,,,,,,,,,,,,,,,,,,,,,,,
C0776,285,,FER,,SAUZE D'OULX,19:00,SAN MARCO,19:10,OULX - Stazione FS,19:15,,,,,,,,,,,,,,,,,,,,,,,,,,,,,,,,,,,,,,,,,,,,,,,,,,,,,,,,,,,,,,,,,,,,,,,,,,,,
C0777,285,,FEST,,SAUZE D'OULX,19:30,SAN MARCO,19:40,OULX - Stazione FS,19:45,,,,,,,,,,,,,,,,,,,,,,,,,,,,,,,,,,,,,,,,,,,,,,,,,,,,,,,,,,,,,,,,,,,,,,,,,,,,
C0778,285,,FER,,SAUZE D'OULX,20:00,SAN MARCO,20:10,OULX - Stazione FS,20:15,,,,,,,,,,,,,,,,,,,,,,,,,,,,,,,,,,,,,,,,,,,,,,,,,,,,,,,,,,,,,,,,,,,,,,,,,,,,
C0779,285,,SCO,,OULX - piazza Garambois,12:15,OULX -Scuole,12:16,,,,,,,,,,,,,,,,,,,,,,,,,,,,,,,,,,,,,,,,,,,,,,,,,,,,,,,,,,,,,,,,,,,,,,,,,,,,,,
C0780,285,,SCO,,OULX - piazza Garambois,13:05,OULX -Scuole,13:06,,,,,,,,,,,,,,,,,,,,,,,,,,,,,,,,,,,,,,,,,,,,,,,,,,,,,,,,,,,,,,,,,,,,,,,,,,,,,,
C0781,285,,SCO,,OULX - piazza Garambois,7:15,OULX -Scuole,7:25,OULX - Stazione FS,7:30,,,,,,,,,,,,,,,,,,,,,,,,,,,,,,,,,,,,,,,,,,,,,,,,,,,,,,,,,,,,,,,,,,,,,,,,,,,,
C0782,285,,SCO,,OULX - piazza Garambois,8:15,OULX -Scuole,8.20,OULX - Stazione FS,8.24,,,,,,,,,,,,,,,,,,,,,,,,,,,,,,,,,,,,,,,,,,,,,,,,,,,,,,,,,,,,,,,,,,,,,,,,,,,,
C0783,285,,SCO,,OULX - piazza Garambois,12:40,OULX -Scuole,12:50,OULX - Stazione FS,12:55,,,,,,,,,,,,,,,,,,,,,,,,,,,,,,,,,,,,,,,,,,,,,,,,,,,,,,,,,,,,,,,,,,,,,,,,,,,,
C0784,285,,SCO,,OULX - piazza Garambois,13:30,OULX -Scuole,13:40,OULX - Stazione FS,13:45,,,,,,,,,,,,,,,,,,,,,,,,,,,,,,,,,,,,,,,,,,,,,,,,,,,,,,,,,,,,,,,,,,,,,,,,,,,,
C0785,285,,,,CLAVIERE,15:50,CESANA,16:05,OULX FS,16:25,,,,,,,,,,,,,,,,,,,,,,,,,,,,,,,,,,,,,,,,,,,,,,,,,,,,,,,,,,,,,,,,,,,,,,,,,,,,
C0786,285,,,,CLAVIERE,15:50,CESANA,16:05,OULX FS,16:25,BUSSOLENO,17:35,SUSA,17:05,GRAVERE,17:11,CHIOMONTE,17:15,EXILLES,17:25,,,,,,,,,,,,,,,,,,,,,,,,,,,,,,,,,,,,,,,,,,,,,,,,,,,,,,,,,,,,,,,,,,
C0787,285,,,,BUSSOLENO,9:50,SUSA,10:00,GRAVERE,10:10,CHIOMONTE,10:14,EXILLES,10:20,OULX FS,10:40,CESANA,11:00,CLAVIERE,11:15,,,,,,,,,,,,,,,,,,,,,,,,,,,,,,,,,,,,,,,,,,,,,,,,,,,,,,,,,,,,,,,,,,
C0788,285,,,service,OULX FS,10:40,CESANA,11:00,CLAVIERE,11:15,,,,,,,,,,,,,,,,,,,,,,,,,,,,,,,,,,,,,,,,,,,,,,,,,,,,,,,,,,,,,,,,,,,,,,,,,,,,
C0789,267,12345,FER,D,TORINO - Via De Cristoforis (Capolinea),6:10,TORINO - Piazza Carducci,6:17,TORINO - via Nizza -Lingotto Fiere,6:19,TORINO - p.za Bengasi,6:25,Bivio MONCALIERI,6:28,NICHELINO - Municipio,6:32,NICHELINO - Stazione FS,6.33,GARINO,6:36,VINOVO - Bivio Torrette,6:39,VINOVO - Tetti Rosa,6:40,VINOVO - v. S. Desiderio,6.48,PIOBESI T.SE - Municipio,6:53,PIOBESI T.SE-v.Torino/Costituz,6.55,PIOBESI T.SE-v.Torino 41-Capol,6:56,,,,,,,,,,,,,,,,,,,,,,,,,,,,,,,,,,,,,,,,,,,,,,,,,,,,,,
C0790,267,12345,FER,M,TORINO - Via De Cristoforis (Capolinea),6:30,TORINO - Piazza Carducci,6:37,TORINO - via Nizza -Lingotto Fiere,6:39,TORINO - p.za Bengasi,6:45,Bivio MONCALIERI,6:48,NICHELINO - Municipio,6:52,NICHELINO - Stazione FS,6.53,GARINO,6:56,VINOVO - Bivio Torrette,6:59,VINOVO - Tetti Rosa,7:00,VINOVO - v. S. Desiderio,7.08,PIOBESI T.SE - Municipio,7.17,PIOBESI T.SE-v.Torino/Costituz,7:20,PIOBESI T.SE-v.Torino 41-Capol,7:21,,,,,,,,,,,,,,,,,,,,,,,,,,,,,,,,,,,,,,,,,,,,,,,,,,,,,,
C0791,267,6,FER,,TORINO - Via De Cristoforis (Capolinea),6:30,TORINO - Piazza Carducci,6:37,TORINO - via Nizza -Lingotto Fiere,6:39,TORINO - p.za Bengasi,6:45,Bivio MONCALIERI,6:48,NICHELINO - Municipio,6:52,NICHELINO - Stazione FS,6.53,GARINO,6:56,VINOVO - Bivio Torrette,6:59,VINOVO - Tetti Rosa,7:00,VINOVO - v. S. Desiderio,7.08,PIOBESI T.SE - Municipio,7:13,PIOBESI T.SE-v.Torino/Costituz,7:15,PIOBESI T.SE-v.Torino 41-Capol,7:16,,,,,,,,,,,,,,,,,,,,,,,,,,,,,,,,,,,,,,,,,,,,,,,,,,,,,,
C0792,267,12345,FER,D,TORINO - Via De Cristoforis (Capolinea),6:50,TORINO - Piazza Carducci,6:57,TORINO - via Nizza -Lingotto Fiere,6:59,TORINO - p.za Bengasi,7:05,Bivio MONCALIERI,7:08,NICHELINO - Municipio,7:12,NICHELINO - Stazione FS,7.13,GARINO,7:16,VINOVO - Bivio Torrette,7:19,VINOVO - Tetti Rosa,7:20,VINOVO - v. S. Desiderio,7.28,PIOBESI T.SE - Municipio,7:35,PIOBESI T.SE-v.Torino/Costituz,7:33,PIOBESI T.SE-v.Torino 41-Capol,7.38,,,,,,,,,,,,,,,,,,,,,,,,,,,,,,,,,,,,,,,,,,,,,,,,,,,,,,
C0793,267,12345,SCO,Scol,TORINO - Via De Cristoforis (Capolinea),6:50,TORINO - Piazza Carducci,6:57,TORINO - via Nizza -Lingotto Fiere,6:59,TORINO - p.za Bengasi,7:05,Bivio MONCALIERI,7:08,NICHELINO - Municipio,7:12,NICHELINO - Stazione FS,7.13,GARINO,7:16,VINOVO - Bivio Torrette,7:19,VINOVO - Tetti Rosa,7:20,VINOVO - v. S. Desiderio,7.28,PIOBESI T.SE - Municipio,7:35,PIOBESI T.SE-v.Torino/Costituz,7:33,CARIGNANO-P.zza Donatori Avis,7:50,,,,,,,,,,,,,,,,,,,,,,,,,,,,,,,,,,,,,,,,,,,,,,,,,,,,,,
C0794,267,12345,SCO,Scol,CANDIOLO - via Pinerolo 61/B,7:18,VINOVO - Bivio Torrette,7:26,VINOVO - Tetti Rosa,7:28,PIOBESI T.SE - Municipio,7:37,PIOBESI T.SE-v.Torino/Costituz,7:35,PIOBESI T.SE - c.so Italia 50d,7:39,CARIGNANO-P.zza Donatori Avis,7:55,,,,,,,,,,,,,,,,,,,,,,,,,,,,,,,,,,,,,,,,,,,,,,,,,,,,,,,,,,,,,,,,,,,,
C0795,267,123456,FER,,TORINO - Via De Cristoforis (Capolinea),7:30,TORINO - Piazza Carducci,7:37,TORINO - via Nizza -Lingotto Fiere,7:39,TORINO - p.za Bengasi,7:45,Bivio MONCALIERI,7:50,NICHELINO - Municipio,7:55,NICHELINO - Stazione FS,7.56,GARINO,8:00,VINOVO - Bivio Torrette,8:03,VINOVO - Tetti Rosa,8:05,VINOVO - v. S. Desiderio,8.13,PIOBESI T.SE - Municipio,8:18,PIOBESI T.SE-v.Torino/Costituz,8:20,PIOBESI T.SE-v.Torino 41-Capol,8:21,,,,,,,,,,,,,,,,,,,,,,,,,,,,,,,,,,,,,,,,,,,,,,,,,,,,,,
C0796,267,123456,FER,D,TORINO - Via De Cristoforis (Capolinea),8:00,TORINO - Piazza Carducci,8:07,TORINO - via Nizza -Lingotto Fiere,8:09,TORINO - p.za Bengasi,8:15,Bivio MONCALIERI,8:20,NICHELINO - Municipio,8:25,NICHELINO - Stazione FS,8.26,GARINO,8:30,VINOVO - Bivio Torrette,8:33,VINOVO - Tetti Rosa,8:35,VINOVO - v. S. Desiderio,8.43,PIOBESI T.SE - Municipio,8:48,PIOBESI T.SE-v.Torino/Costituz,8:50,PIOBESI T.SE-v.Torino 41-Capol,8:51,,,,,,,,,,,,,,,,,,,,,,,,,,,,,,,,,,,,,,,,,,,,,,,,,,,,,,
C0797,267,123456,FER,H,TORINO - Via De Cristoforis (Capolinea),8:30,TORINO - Piazza Carducci,8:37,TORINO - via Nizza -Lingotto Fiere,8:39,TORINO - p.za Bengasi,8:45,Bivio MONCALIERI,8:50,NICHELINO - Municipio,8:55,NICHELINO - Stazione FS,8.56,GARINO,9:00,VINOVO - Bivio Torrette,9:03,VINOVO - Tetti Rosa,9:05,VINOVO - v. S. Desiderio,9.13,PIOBESI T.SE - Municipio,9:18,PIOBESI T.SE-v.Torino/Costituz,9:20,PIOBESI T.SE-v.Torino 41-Capol,9:21,,,,,,,,,,,,,,,,,,,,,,,,,,,,,,,,,,,,,,,,,,,,,,,,,,,,,,
C0798,267,12345,FER,D,TORINO - Via De Cristoforis (Capolinea),9:00,TORINO - Piazza Carducci,9:07,TORINO - via Nizza -Lingotto Fiere,9:09,TORINO - p.za Bengasi,9:15,Bivio MONCALIERI,9:20,NICHELINO - Municipio,9:25,NICHELINO - Stazione FS,9.26,GARINO,9:30,VINOVO - Bivio Torrette,9:33,VINOVO - Tetti Rosa,9:35,VINOVO - v. S. Desiderio,9.43,PIOBESI T.SE - Municipio,9:48,PIOBESI T.SE-v.Torino/Costituz,9:50,PIOBESI T.SE-v.Torino 41-Capol,9:51,,,,,,,,,,,,,,,,,,,,,,,,,,,,,,,,,,,,,,,,,,,,,,,,,,,,,,
C0799,267,123456,FER,,TORINO - Via De Cristoforis (Capolinea),9:30,TORINO - Piazza Carducci,9:37,TORINO - via Nizza -Lingotto Fiere,9:39,TORINO - p.za Bengasi,9:45,Bivio MONCALIERI,9:50,NICHELINO - Municipio,9:55,NICHELINO - Stazione FS,9.56,GARINO,10:00,VINOVO - Bivio Torrette,10:03,VINOVO - Tetti Rosa,10:05,VINOVO - v. S. Desiderio,10.13,PIOBESI T.SE - Municipio,10:18,PIOBESI T.SE-v.Torino/Costituz,10:20,PIOBESI T.SE-v.Torino 41-Capol,10:21,,,,,,,,,,,,,,,,,,,,,,,,,,,,,,,,,,,,,,,,,,,,,,,,,,,,,,
C0800,267,GG,FER,,TORINO - Via De Cristoforis (Capolinea),10:25,TORINO - Piazza Carducci,10:32,TORINO - via Nizza -Lingotto Fiere,10:34,TORINO - p.za Bengasi,10:40,Bivio MONCALIERI,10:45,NICHELINO - Municipio,10:50,NICHELINO - Stazione FS,10.51,GARINO,10:55,VINOVO - Bivio Torrette,10:58,VINOVO - Tetti Rosa,11:00,VINOVO - v. S. Desiderio,11.08,PIOBESI T.SE - Municipio,11:13,PIOBESI T.SE-v.Torino/Costituz,11:15,PIOBESI T.SE-v.Torino 41-Capol,11:16,,,,,,,,,,,,,,,,,,,,,,,,,,,,,,,,,,,,,,,,,,,,,,,,,,,,,,
C0801,267,12345,FER,H,TORINO - Via De Cristoforis (Capolinea),11:00,TORINO - Piazza Carducci,11:07,TORINO - via Nizza -Lingotto Fiere,11:09,TORINO - p.za Bengasi,11:15,Bivio MONCALIERI,11:20,NICHELINO - Municipio,11:25,NICHELINO - Stazione FS,11.26,GARINO,11:30,VINOVO - Bivio Torrette,11:33,VINOVO - Tetti Rosa,11:35,VINOVO - v. S. Desiderio,11.43,PIOBESI T.SE - Municipio,11:48,PIOBESI T.SE-v.Torino/Costituz,11:50,PIOBESI T.SE-v.Torino 41-Capol,11:51,,,,,,,,,,,,,,,,,,,,,,,,,,,,,,,,,,,,,,,,,,,,,,,,,,,,,,
C0802,267,6,FER,AGO-H,TORINO - Via De Cristoforis (Capolinea),11:00,TORINO - Piazza Carducci,11:07,TORINO - via Nizza -Lingotto Fiere,11:09,TORINO - p.za Bengasi,11:15,Bivio MONCALIERI,11.18,NICHELINO - Municipio,11.22,NICHELINO - Stazione FS,11.23,GARINO,11.26,VINOVO - Bivio Torrette,11.29,VINOVO - Tetti Rosa,11.30,VINOVO - v. S. Desiderio,11.38,PIOBESI T.SE - Municipio,11.43,PIOBESI T.SE-v.Torino/Costituz,11.44,PIOBESI T.SE-v.Torino 41-Capol,11.46,,,,,,,,,,,,,,,,,,,,,,,,,,,,,,,,,,,,,,,,,,,,,,,,,,,,,,
C0803,267,123456,FER,NS,TORINO - Via De Cristoforis (Capolinea),12:05,TORINO - Piazza Carducci,12:12,TORINO - via Nizza -Lingotto Fiere,12:14,TORINO - p.za Bengasi,12:20,Bivio MONCALIERI,12:25,NICHELINO - Municipio,12:30,NICHELINO - Stazione FS,12.31,GARINO,12:35,VINOVO - Bivio Torrette,12:38,VINOVO - Tetti Rosa,12:40,VINOVO - v. S. Desiderio,12.48,PIOBESI T.SE - Municipio,12:53,PIOBESI T.SE-v.Torino/Costituz,12:55,PIOBESI T.SE-v.Torino 41-Capol,12:56,,,,,,,,,,,,,,,,,,,,,,,,,,,,,,,,,,,,,,,,,,,,,,,,,,,,,,
C0804,267,123456,SCO,Scol,TORINO - Via De Cristoforis (Capolinea),12:10,TORINO - Piazza Carducci,12:17,TORINO - via Nizza -Lingotto Fiere,12:19,TORINO - p.za Bengasi,12:25,Bivio MONCALIERI,12:30,NICHELINO - Municipio,12:35,NICHELINO - Stazione FS,12.36,GARINO,12:40,VINOVO - Bivio Torrette,12:43,VINOVO - Tetti Rosa,12:45,VINOVO - v. S. Desiderio,12.53,PIOBESI T.SE - Municipio,13:00,PIOBESI T.SE-v.Torino/Costituz,12:58,CARIGNANO-P.zza Donatori Avis,13:15,,,,,,,,,,,,,,,,,,,,,,,,,,,,,,,,,,,,,,,,,,,,,,,,,,,,,,
C0805,267,6,SCO,Scol,NICHELINO-v.XXV Aprile -Scuole,12:15,NICHELINO- strada Debouchè 1-5,12.17,GARINO,12:25,VINOVO - Ippodromo -Mondo Juve,12:20,VINOVO - Bivio Torrette,12.32,VINOVO - Tetti Rosa,12.33,VINOVO - v. S. Desiderio,12.35,PIOBESI T.SE - Municipio,12.40,PIOBESI T.SE-v.Torino/Costituz,12:43,PIOBESI T.SE-v.Torino 41-Capol,12.42,,,,,,,,,,,,,,,,,,,,,,,,,,,,,,,,,,,,,,,,,,,,,,,,,,,,,,,,,,,,,,
C0806,267,78,FEST,,TORINO - Via De Cristoforis (Capolinea),12:20,TORINO - Piazza Carducci,12:27,TORINO - via Nizza -Lingotto Fiere,12:29,TORINO - p.za Bengasi,12:35,Bivio MONCALIERI,12:40,NICHELINO - Municipio,12:43,NICHELINO - Stazione FS,12.44,GARINO,12:48,VINOVO - Ippodromo -Mondo Juve,12:50,VINOVO - Bivio Torrette,12:53,VINOVO - Tetti Rosa,12:55,VINOVO - v. S. Desiderio,13.02,PIOBESI T.SE - Municipio,13:08,PIOBESI T.SE-v.Torino/Costituz,13:10,PIOBESI T.SE-v.Torino 41-Capol,13:11,,,,,,,,,,,,,,,,,,,,,,,,,,,,,,,,,,,,,,,,,,,,,,,,,,,,
C0807,267,12345,SCO,Scol,TORINO - c.so Unione Sov. 409 (p.zza Caio Mario),13:23,TORINO - strada del Drosso,13.28,NICHELINO- strada Debouchè 1-5,13.30,VINOVO - Ippodromo -Mondo Juve,13:32,VINOVO - Bivio Torrette,13:34,VINOVO - Tetti Rosa,13:35,VINOVO - v. S. Desiderio,13.43,PIOBESI T.SE - Municipio,13:51,PIOBESI T.SE-v.Torino/Costituz,13:48,CARIGNANO-P.zza Donatori Avis,14:00,,,,,,,,,,,,,,,,,,,,,,,,,,,,,,,,,,,,,,,,,,,,,,,,,,,,,,,,,,,,,,
C0808,267,12345,FER,D,TORINO - c.so Unione Sov. 409 (p.zza Caio Mario),13:23,TORINO - strada del Drosso,13.28,NICHELINO- strada Debouchè 1-5,13.30,VINOVO - Ippodromo -Mondo Juve,13:32,VINOVO - Bivio Torrette,13:34,VINOVO - Tetti Rosa,13:35,VINOVO - v. S. Desiderio,13.43,PIOBESI T.SE - Municipio,13:48,PIOBESI T.SE-v.Torino/Costituz,13:50,PIOBESI T.SE-v.Torino 41-Capol,13:51,,,,,,,,,,,,,,,,,,,,,,,,,,,,,,,,,,,,,,,,,,,,,,,,,,,,,,,,,,,,,,
C0809,267,6,FER,D,TORINO - c.so Unione Sov. 409 (p.zza Caio Mario),13:23,TORINO - strada del Drosso,13.28,NICHELINO- strada Debouchè 1-5,13.30,VINOVO - Ippodromo -Mondo Juve,13:32,VINOVO - Bivio Torrette,13:34,VINOVO - Tetti Rosa,13:35,VINOVO - v. S. Desiderio,13.43,PIOBESI T.SE - Municipio,13:48,PIOBESI T.SE-v.Torino/Costituz,13:50,PIOBESI T.SE-v.Torino 41-Capol,13:51,,,,,,,,,,,,,,,,,,,,,,,,,,,,,,,,,,,,,,,,,,,,,,,,,,,,,,,,,,,,,,
C0810,267,123456,FER,D,TORINO - Via De Cristoforis (Capolinea),13:20,TORINO - Piazza Carducci,13:27,TORINO - via Nizza -Lingotto Fiere,13:29,TORINO - p.za Bengasi,13:35,Bivio MONCALIERI,13:40,NICHELINO - Municipio,13:45,NICHELINO - Stazione FS,13.46,GARINO,13:50,VINOVO - Bivio Torrette,13:53,VINOVO - Tetti Rosa,13:55,VINOVO - v. S. Desiderio,14.03,PIOBESI T.SE - Municipio,14.08,PIOBESI T.SE-v.Torino/Costituz,14:09,PIOBESI T.SE-v.Torino 41-Capol,14:10,,,,,,,,,,,,,,,,,,,,,,,,,,,,,,,,,,,,,,,,,,,,,,,,,,,,,,
C0811,267,12345,SCO,Scol,NICHELINO-v.XXV Aprile -Scuole,14:10,NICHELINO- strada Debouchè 1-5,14.12,GARINO,14:20,VINOVO - Ippodromo -Mondo Juve,14:15,VINOVO - Bivio Torrette,14:28,VINOVO - Tetti Rosa,14:29,VINOVO - v. S. Desiderio,14.33,PIOBESI T.SE - Municipio,14:38,PIOBESI T.SE-v.Torino/Costituz,14:40,PIOBESI T.SE-v.Torino 41-Capol,14:41,,,,,,,,,,,,,,,,,,,,,,,,,,,,,,,,,,,,,,,,,,,,,,,,,,,,,,,,,,,,,,
C0812,267,6,FER,D,TORINO - c.so Unione Sov. 409 (p.zza Caio Mario),13:58,TORINO - strada del Drosso,14.03,NICHELINO- strada Debouchè 1-5,14.05,VINOVO - Ippodromo -Mondo Juve,14:07,VINOVO - Bivio Torrette,14:09,VINOVO - Tetti Rosa,14:10,VINOVO - v. S. Desiderio,14.18,PIOBESI T.SE - Municipio,14:23,PIOBESI T.SE-v.Torino/Costituz,14:25,PIOBESI T.SE-v.Torino 41-Capol,14:26,,,,,,,,,,,,,,,,,,,,,,,,,,,,,,,,,,,,,,,,,,,,,,,,,,,,,,,,,,,,,,
C0813,267,123456,FER,NS,TORINO - Via De Cristoforis (Capolinea),13:40,TORINO - Piazza Carducci,13:47,TORINO - via Nizza -Lingotto Fiere,13:49,TORINO - p.za Bengasi,13:55,Bivio MONCALIERI,14:00,NICHELINO - Municipio,14:05,NICHELINO - Stazione FS,14.06,GARINO,14:10,VINOVO - Bivio Torrette,14:13,VINOVO - Tetti Rosa,14:15,VINOVO - v. S. Desiderio,14.23,PIOBESI T.SE - Municipio,14:28,PIOBESI T.SE-v.Torino/Costituz,14:30,PIOBESI T.SE-v.Torino 41-Capol,14:31,,,,,,,,,,,,,,,,,,,,,,,,,,,,,,,,,,,,,,,,,,,,,,,,,,,,,,
C0814,267,12345,FER,D,TORINO - c.so Unione Sov. 409 (p.zza Caio Mario),14:13,TORINO - strada del Drosso,14.18,NICHELINO- strada Debouchè 1-5,14.20,VINOVO - Ippodromo -Mondo Juve,14:22,VINOVO - Bivio Torrette,14:24,VINOVO - Tetti Rosa,14:25,VINOVO - v. S. Desiderio,14.33,PIOBESI T.SE - Municipio,14:38,PIOBESI T.SE-v.Torino/Costituz,14:40,PIOBESI T.SE-v.Torino 41-Capol,14:41,,,,,,,,,,,,,,,,,,,,,,,,,,,,,,,,,,,,,,,,,,,,,,,,,,,,,,,,,,,,,,
C0815,267,12345,SCO,Scol,TORINO - p.za Bengasi,14:15,Bivio MONCALIERI,14.21,NICHELINO - Municipio,14:26,NICHELINO - Stazione FS,14.27,GARINO,14.30,VINOVO - Bivio Torrette,14.33,VINOVO - Tetti Rosa,14.34,VINOVO - v. S. Desiderio,14.42,PIOBESI T.SE - Municipio,14.47,PIOBESI T.SE-v.Torino/Costituz,14:49,PIOBESI T.SE-v.Torino 41-Capol,14.50,,,,,,,,,,,,,,,,,,,,,,,,,,,,,,,,,,,,,,,,,,,,,,,,,,,,,,,,,,,,
C0816,267,123456,SCO,Scol,TORINO - Via De Cristoforis (Capolinea),14:05,TORINO - Piazza Carducci,14:12,TORINO - via Nizza -Lingotto Fiere,14:14,TORINO - p.za Bengasi,14:20,Bivio MONCALIERI,14:25,NICHELINO - Municipio,14:30,NICHELINO - Stazione FS,14.31,GARINO,14:35,VINOVO - Bivio Torrette,14:38,VINOVO - Tetti Rosa,14:40,VINOVO - v. S. Desiderio,14.48,PIOBESI T.SE - Municipio,14:53,PIOBESI T.SE-v.Torino/Costituz,14:55,PIOBESI T.SE-v.Torino 41-Capol,14:56,,,,,,,,,,,,,,,,,,,,,,,,,,,,,,,,,,,,,,,,,,,,,,,,,,,,,,
C0817,267,123456,FER,al,TORINO - Via De Cristoforis (Capolinea),14:30,TORINO - Piazza Carducci,14:37,TORINO - via Nizza -Lingotto Fiere,14:39,TORINO - p.za Bengasi,14:47,Bivio MONCALIERI,14:52,NICHELINO - Municipio,14:57,NICHELINO - Stazione FS,14.58,GARINO,15:01,VINOVO - Ippodromo -Mondo Juve,15:06,VINOVO - Bivio Torrette,15:08,VINOVO - Tetti Rosa,15:10,VINOVO - v. S. Desiderio,15.18,PIOBESI T.SE - Municipio,15:23,PIOBESI T.SE-v.Torino/Costituz,15:25,PIOBESI T.SE-v.Torino 41-Capol,15:26,,,,,,,,,,,,,,,,,,,,,,,,,,,,,,,,,,,,,,,,,,,,,,,,,,,,
C0818,267,12345,SCO,Scol,PIOBESI T.SE - Municipio,15.29,PIOBESI T.SE-v.Torino 41-Capol,15.26,CARIGNANO-P.zza Donatori Avis,15:41,,,,,,,,,,,,,,,,,,,,,,,,,,,,,,,,,,,,,,,,,,,,,,,,,,,,,,,,,,,,,,,,,,,,,,,,,,,,
C0819,267,78,FEST,,TORINO - Via De Cristoforis (Capolinea),15:25,TORINO - Piazza Carducci,15:32,TORINO - via Nizza -Lingotto Fiere,15:34,TORINO - p.za Bengasi,15:40,Bivio MONCALIERI,15:43,NICHELINO - Municipio,15:47,NICHELINO - Stazione FS,15.48,GARINO,15:51,VINOVO - Ippodromo -Mondo Juve,15:56,VINOVO - Bivio Torrette,15:58,VINOVO - Tetti Rosa,16:00,VINOVO - v. S. Desiderio,16.08,PIOBESI T.SE - Municipio,16:15,PIOBESI T.SE-v.Torino/Costituz,16:17,PIOBESI T.SE-v.Torino 41-Capol,16.18,,,,,,,,,,,,,,,,,,,,,,,,,,,,,,,,,,,,,,,,,,,,,,,,,,,,
C0820,267,123456,FER,,TORINO - Via De Cristoforis (Capolinea),15:30,TORINO - Piazza Carducci,15:37,TORINO - via Nizza -Lingotto Fiere,15:39,TORINO - p.za Bengasi,15:45,Bivio MONCALIERI,15:50,NICHELINO - Municipio,15:55,NICHELINO - Stazione FS,15.56,GARINO,16:00,VINOVO - Bivio Torrette,16:03,VINOVO - Tetti Rosa,16:05,VINOVO - v. S. Desiderio,16.13,PIOBESI T.SE - Municipio,16:18,PIOBESI T.SE-v.Torino/Costituz,16:20,PIOBESI T.SE-v.Torino 41-Capol,16:21,,,,,,,,,,,,,,,,,,,,,,,,,,,,,,,,,,,,,,,,,,,,,,,,,,,,,,
C0821,267,123456,SCO,Scol,PIOBESI T.SE - Municipio,16.24,PIOBESI T.SE-v.Torino 41-Capol,16.21,CARIGNANO-P.zza Donatori Avis,16:37,,,,,,,,,,,,,,,,,,,,,,,,,,,,,,,,,,,,,,,,,,,,,,,,,,,,,,,,,,,,,,,,,,,,,,,,,,,,
C0822,267,12345,SCO,Scol,NICHELINO-v.XXV Aprile -Scuole,16.08,NICHELINO- strada Debouchè 1-5,16.10,VINOVO - Ippodromo -Mondo Juve,16.13,VINOVO - Bivio Torrette,16.15,VINOVO - Tetti Rosa,16.17,VINOVO - v. S. Desiderio,16.25,PIOBESI T.SE - Municipio,16.30,PIOBESI T.SE-v.Torino/Costituz,16.32,PIOBESI T.SE-v.Torino 41-Capol,16.33,,,,,,,,,,,,,,,,,,,,,,,,,,,,,,,,,,,,,,,,,,,,,,,,,,,,,,,,,,,,,,,,
C0823,267,12345,FER,D,TORINO - Via De Cristoforis (Capolinea),16.30,TORINO - Piazza Carducci,16.40,TORINO - via Nizza -Lingotto Fiere,16.42,TORINO - p.za Bengasi,16.51,Bivio MONCALIERI,16.57,NICHELINO - Municipio,17.04,NICHELINO - Stazione FS,17.05,GARINO,17.09,VINOVO - Bivio Torrette,17.12,VINOVO - Tetti Rosa,17.14,VINOVO - v. S. Desiderio,17.22,PIOBESI T.SE - Municipio,17.27,PIOBESI T.SE-v.Torino/Costituz,17:29,PIOBESI T.SE-v.Torino 41-Capol,17.30,,,,,,,,,,,,,,,,,,,,,,,,,,,,,,,,,,,,,,,,,,,,,,,,,,,,,,
C0824,267,6,FER,D,TORINO - Via De Cristoforis (Capolinea),16:40,TORINO - Piazza Carducci,16.49,TORINO - via Nizza -Lingotto Fiere,16.51,TORINO - p.za Bengasi,16.54,Bivio MONCALIERI,17.05,NICHELINO - Municipio,17.10,NICHELINO - Stazione FS,17.11,GARINO,17.15,VINOVO - Bivio Torrette,17.18,VINOVO - Tetti Rosa,17.20,VINOVO - v. S. Desiderio,17.28,PIOBESI T.SE - Municipio,17.33,PIOBESI T.SE-v.Torino/Costituz,17:35,PIOBESI T.SE-v.Torino 41-Capol,17.36,,,,,,,,,,,,,,,,,,,,,,,,,,,,,,,,,,,,,,,,,,,,,,,,,,,,,,
C0825,267,12345,FER,H,TORINO - Via De Cristoforis (Capolinea),17:15,TORINO - Piazza Carducci,17.24,TORINO - via Nizza -Lingotto Fiere,17.26,TORINO - p.za Bengasi,17.36,Bivio MONCALIERI,17.43,NICHELINO - Municipio,17.50,NICHELINO - Stazione FS,17.51,GARINO,17.55,VINOVO - Bivio Torrette,17.58,VINOVO - Tetti Rosa,18.00,VINOVO - v. S. Desiderio,18.08,PIOBESI T.SE - Municipio,18.13,PIOBESI T.SE-v.Torino/Costituz,18:15,PIOBESI T.SE-v.Torino 41-Capol,18.16,,,,,,,,,,,,,,,,,,,,,,,,,,,,,,,,,,,,,,,,,,,,,,,,,,,,,,
C0826,267,6,FER,AGO-H,TORINO - Via De Cristoforis (Capolinea),17:20,TORINO - Piazza Carducci,17:27,TORINO - via Nizza -Lingotto Fiere,17:29,TORINO - p.za Bengasi,17:35,Bivio MONCALIERI,17:38,NICHELINO - Municipio,17:42,NICHELINO - Stazione FS,17.43,GARINO,17:46,VINOVO - Bivio Torrette,17:49,VINOVO - Tetti Rosa,17:50,VINOVO - v. S. Desiderio,17.58,PIOBESI T.SE - Municipio,18:03,PIOBESI T.SE-v.Torino/Costituz,18:05,PIOBESI T.SE-v.Torino 41-Capol,18:06,,,,,,,,,,,,,,,,,,,,,,,,,,,,,,,,,,,,,,,,,,,,,,,,,,,,,,
C0827,267,123456,FER,D,TORINO - Via De Cristoforis (Capolinea),17:55,TORINO - c.soUnione Soviet.-PoveriVecchi,18.00,TORINO - c.so Unione Sov. 409 (p.zza Caio Mario),18.08,TORINO - strada del Drosso,18.13,NICHELINO- strada Debouchè 1-5,18.15,VINOVO - Ippodromo -Mondo Juve,18.17,VINOVO - Bivio Torrette,18.19,VINOVO - Tetti Rosa,18.20,VINOVO - v. S. Desiderio,18.28,PIOBESI T.SE - Municipio,18.33,PIOBESI T.SE-v.Torino/Costituz,18:35,PIOBESI T.SE-v.Torino 41-Capol,18.36,,,,,,,,,,,,,,,,,,,,,,,,,,,,,,,,,,,,,,,,,,,,,,,,,,,,,,,,,,
C0828,267,78,FEST,,TORINO - Via De Cristoforis (Capolinea),18:00,TORINO - Piazza Carducci,18:07,TORINO - via Nizza -Lingotto Fiere,18:09,TORINO - p.za Bengasi,18:15,Bivio MONCALIERI,18:20,NICHELINO - Municipio,18:25,NICHELINO - Stazione FS,18.26,GARINO,18:30,VINOVO - Bivio Torrette,18:33,VINOVO - Tetti Rosa,18:35,VINOVO - v. S. Desiderio,18.43,PIOBESI T.SE - Municipio,18:48,PIOBESI T.SE-v.Torino/Costituz,18:50,PIOBESI T.SE-v.Torino 41-Capol,18:51,,,,,,,,,,,,,,,,,,,,,,,,,,,,,,,,,,,,,,,,,,,,,,,,,,,,,,
C0829,267,123456,FER,,TORINO - Via De Cristoforis (Capolinea),18.00,TORINO - Piazza Carducci,18.09,TORINO - via Nizza -Lingotto Fiere,18.11,TORINO - p.za Bengasi,18.19,Bivio MONCALIERI,18.24,NICHELINO - Municipio,18.29,NICHELINO - Stazione FS,18.30,GARINO,18:35,VINOVO - Bivio Torrette,18:38,VINOVO - Tetti Rosa,18:40,VINOVO - v. S. Desiderio,18.48,PIOBESI T.SE - Municipio,18:53,PIOBESI T.SE-v.Torino/Costituz,18:55,PIOBESI T.SE-v.Torino 41-Capol,18:56,,,,,,,,,,,,,,,,,,,,,,,,,,,,,,,,,,,,,,,,,,,,,,,,,,,,,,
C0830,267,12345,FER,D,TORINO - Via De Cristoforis (Capolinea),18:30,TORINO - Piazza Carducci,18.38,TORINO - via Nizza -Lingotto Fiere,18.40,TORINO - p.za Bengasi,18.48,Bivio MONCALIERI,18.54,NICHELINO - Municipio,18:55,NICHELINO - Stazione FS,19.00,GARINO,19.04,VINOVO - Bivio Torrette,19.07,VINOVO - Tetti Rosa,19.09,VINOVO - v. S. Desiderio,19.17,PIOBESI T.SE - Municipio,19.22,PIOBESI T.SE-v.Torino/Costituz,19:24,PIOBESI T.SE-v.Torino 41-Capol,19.25,,,,,,,,,,,,,,,,,,,,,,,,,,,,,,,,,,,,,,,,,,,,,,,,,,,,,,
C0831,267,123456,FER,H,TORINO - Via De Cristoforis (Capolinea),19.15,TORINO - Piazza Carducci,19.22,TORINO - via Nizza -Lingotto Fiere,19.24,TORINO - p.za Bengasi,19.30,Bivio MONCALIERI,19.36,NICHELINO - Municipio,19.43,NICHELINO - Stazione FS,19.44,GARINO,19.48,VINOVO - Ippodromo -Mondo Juve,19.50,VINOVO - Bivio Torrette,19.52,VINOVO - Tetti Rosa,19.54,VINOVO - v. S. Desiderio,20.02,PIOBESI T.SE - Municipio,20.07,PIOBESI T.SE-v.Torino/Costituz,20:09,PIOBESI T.SE-v.Torino 41-Capol,20.10,,,,,,,,,,,,,,,,,,,,,,,,,,,,,,,,,,,,,,,,,,,,,,,,,,,,
C0832,267,123456,FER,AGO,TORINO - Via De Cristoforis (Capolinea),19:55,TORINO - Piazza Carducci,20:02,TORINO - via Nizza -Lingotto Fiere,20:04,TORINO - p.za Bengasi,20:10,Bivio MONCALIERI,20:15,NICHELINO - Municipio,20:18,NICHELINO - Stazione FS,20.19,GARINO,20:23,VINOVO - Ippodromo -Mondo Juve,20:25,VINOVO - Bivio Torrette,20:28,VINOVO - Tetti Rosa,20:30,VINOVO - v. S. Desiderio,20.37,PIOBESI T.SE - Municipio,20:43,PIOBESI T.SE-v.Torino/Costituz,20:45,PIOBESI T.SE-v.Torino 41-Capol,20:46,,,,,,,,,,,,,,,,,,,,,,,,,,,,,,,,,,,,,,,,,,,,,,,,,,,,
C0833,267,78,FEST,,TORINO - Via De Cristoforis (Capolinea),20.00,TORINO - Piazza Carducci,20.07,TORINO - via Nizza -Lingotto Fiere,20.09,TORINO - p.za Bengasi,20.15,Bivio MONCALIERI,20.20,NICHELINO - Municipio,20:23,NICHELINO - Stazione FS,20.24,GARINO,20.28,VINOVO - Ippodromo -Mondo Juve,20.30,VINOVO - Bivio Torrette,20.32,VINOVO - Tetti Rosa,20.34,VINOVO - v. S. Desiderio,20.41,PIOBESI T.SE - Municipio,20.47,PIOBESI T.SE-v.Torino/Costituz,20:49,PIOBESI T.SE-v.Torino 41-Capol,20.50,,,,,,,,,,,,,,,,,,,,,,,,,,,,,,,,,,,,,,,,,,,,,,,,,,,,
C0834,267,12345,FER,D,TORINO - Via De Cristoforis (Capolinea),20.00,TORINO - Piazza Carducci,20.07,TORINO - via Nizza -Lingotto Fiere,20.09,TORINO - p.za Bengasi,20.15,Bivio MONCALIERI,20.20,NICHELINO - Municipio,20:23,NICHELINO - Stazione FS,20.24,GARINO,20.27,VINOVO - Ippodromo -Mondo Juve,20.30,VINOVO - Bivio Torrette,20.32,VINOVO - Tetti Rosa,20.34,VINOVO - v. S. Desiderio,20.41,PIOBESI T.SE - Municipio,20.47,PIOBESI T.SE-v.Torino/Costituz,20:49,PIOBESI T.SE-v.Torino 41-Capol,20.50,,,,,,,,,,,,,,,,,,,,,,,,,,,,,,,,,,,,,,,,,,,,,,,,,,,,
C0835,267,6,FER,D,TORINO - Via De Cristoforis (Capolinea),21.10,TORINO - Piazza Carducci,21.17,TORINO - via Nizza -Lingotto Fiere,21.19,TORINO - p.za Bengasi,21.25,Bivio MONCALIERI,21.29,NICHELINO - Municipio,21.33,NICHELINO - Stazione FS,21.34,GARINO,21.28,VINOVO - Ippodromo -Mondo Juve,21.40,VINOVO - Bivio Torrette,21.43,VINOVO - Tetti Rosa,21.45,VINOVO - v. S. Desiderio,21.52,PIOBESI T.SE - Municipio,21.58,PIOBESI T.SE-v.Torino/Costituz,22:00,PIOBESI T.SE-v.Torino 41-Capol,22.01,,,,,,,,,,,,,,,,,,,,,,,,,,,,,,,,,,,,,,,,,,,,,,,,,,,,
C0836,267,12345,FER,D,TORINO - Via De Cristoforis (Capolinea),21.10,TORINO - Piazza Carducci,21.17,TORINO - via Nizza -Lingotto Fiere,21.19,TORINO - p.za Bengasi,21.25,Bivio MONCALIERI,21.28,NICHELINO - Municipio,21.32,NICHELINO - Stazione FS,21.33,GARINO,21.36,VINOVO - Bivio Torrette,21.39,VINOVO - Tetti Rosa,21.40,VINOVO - v. S. Desiderio,21.48,PIOBESI T.SE - Municipio,21.53,PIOBESI T.SE-v.Torino/Costituz,21.55,PIOBESI T.SE-v.Torino 41-Capol,21.56,,,,,,,,,,,,,,,,,,,,,,,,,,,,,,,,,,,,,,,,,,,,,,,,,,,,,,
C0837,267,123456,FER,AGO-H,TORINO - Via De Cristoforis (Capolinea),22:10,TORINO - Piazza Carducci,22:17,TORINO - via Nizza -Lingotto Fiere,22:19,TORINO - p.za Bengasi,22.25,Bivio MONCALIERI,22.28,NICHELINO - Municipio,22.32,NICHELINO - Stazione FS,22.33,GARINO,22.36,VINOVO - Bivio Torrette,22.39,VINOVO - Tetti Rosa,22.40,VINOVO - v. S. Desiderio,22.48,PIOBESI T.SE - Municipio,22.53,PIOBESI T.SE-v.Torino/Costituz,22.55,PIOBESI T.SE-v.Torino 41-Capol,22.56,,,,,,,,,,,,,,,,,,,,,,,,,,,,,,,,,,,,,,,,,,,,,,,,,,,,,,
C0838,267,12345,FER,D,TORINO - p.za Bengasi,22.35,TORINO - c.so Unione Sov. 409 (p.zza Caio Mario),22.31,Bivio MONCALIERI,22.38,NICHELINO - Municipio,22:42,NICHELINO - Stazione FS,22.43,GARINO,22:46,VINOVO - Bivio Torrette,22:49,VINOVO - Tetti Rosa,22:50,VINOVO - v. S. Desiderio,22.58,PIOBESI T.SE - Municipio,23:03,PIOBESI T.SE-v.Torino/Costituz,23:04,PIOBESI T.SE-v.Torino 41-Capol,23:05,,,,,,,,,,,,,,,,,,,,,,,,,,,,,,,,,,,,,,,,,,,,,,,,,,,,,,,,,,
C0839,267,78,FEST,,TORINO - Via De Cristoforis (Capolinea),22:30,TORINO - Piazza Carducci,22:37,TORINO - via Nizza -Lingotto Fiere,22:39,TORINO - p.za Bengasi,22.45,Bivio MONCALIERI,22:48,NICHELINO - Municipio,22:52,NICHELINO - Stazione FS,22.53,GARINO,22.55,VINOVO - Bivio Torrette,22.57,VINOVO - Tetti Rosa,22.58,VINOVO - v. S. Desiderio,23.05,PIOBESI T.SE - Municipio,23.09,PIOBESI T.SE-v.Torino/Costituz,23:11,PIOBESI T.SE-v.Torino 41-Capol,23.12,,,,,,,,,,,,,,,,,,,,,,,,,,,,,,,,,,,,,,,,,,,,,,,,,,,,,,
C0840,267,123456,FER,,TORINO - Via De Cristoforis (Capolinea),23:05,TORINO - Piazza Carducci,23:12,TORINO - via Nizza -Lingotto Fiere,23:14,TORINO - p.za Bengasi,23.20,Bivio MONCALIERI,23:23,NICHELINO - Municipio,23:27,NICHELINO - Stazione FS,23.28,GARINO,23:31,VINOVO - Bivio Torrette,23:34,VINOVO - Tetti Rosa,23:35,VINOVO - v. S. Desiderio,23.43,PIOBESI T.SE - Municipio,23:48,PIOBESI T.SE-v.Torino/Costituz,23.50,PIOBESI T.SE-v.Torino 41-Capol,23.51,,,,,,,,,,,,,,,,,,,,,,,,,,,,,,,,,,,,,,,,,,,,,,,,,,,,,,
C0841,267,12345,FER,V,PIOBESI T.SE-v.Torino 41-Capol,4:49,PIOBESI T.SE-v.Torino/Costituz,4:50,PIOBESI T.SE - Municipio,4:52,VINOVO - Tetti Rosa,5:02,VINOVO - Bivio Torrette,5:03,GARINO,5:05,NICHELINO - Stazione FS,5.09,NICHELINO - Municipio,5:10,Bivio MONCALIERI,5:18,TORINO - p.za Bengasi,5:20,TORINO - Piazza Carducci,5.38,TORINO - Via De Cristoforis (Capolinea),5.45,,,,,,,,,,,,,,,,,,,,,,,,,,,,,,,,,,,,,,,,,,,,,,,,,,,,,,,,,,
C0842,267,123456,FER,,PIOBESI T.SE-v.Torino 41-Capol,5:39,PIOBESI T.SE-v.Torino/Costituz,5:40,PIOBESI T.SE - Municipio,5:42,VINOVO - Tetti Rosa,5:52,VINOVO - Bivio Torrette,5:53,GARINO,5:55,NICHELINO - Stazione FS,5.59,NICHELINO - Municipio,6:00,Bivio MONCALIERI,6:06,TORINO - p.za Bengasi,6:10,TORINO - Piazza Carducci,6:18,TORINO - Via De Cristoforis (Capolinea),6:25,,,,,,,,,,,,,,,,,,,,,,,,,,,,,,,,,,,,,,,,,,,,,,,,,,,,,,,,,,
C0843,267,12345,FER,D,PIOBESI T.SE-v.Torino 41-Capol,5:59,PIOBESI T.SE-v.Torino/Costituz,6:00,PIOBESI T.SE - Municipio,6:02,VINOVO - Tetti Rosa,6:12,VINOVO - Bivio Torrette,6:13,GARINO,6:15,NICHELINO - Stazione FS,6.19,NICHELINO - Municipio,6:20,Bivio MONCALIERI,6:26,TORINO - p.za Bengasi,6:30,TORINO - Piazza Carducci,6:38,TORINO - Via De Cristoforis (Capolinea),6:45,,,,,,,,,,,,,,,,,,,,,,,,,,,,,,,,,,,,,,,,,,,,,,,,,,,,,,,,,,
C0844,267,123456,FER,,PIOBESI T.SE-v.Torino 41-Capol,6:34,PIOBESI T.SE-v.Torino/Costituz,6:35,PIOBESI T.SE - Municipio,6:37,VINOVO - Tetti Rosa,6:47,VINOVO - Bivio Torrette,6:48,GARINO,6:50,NICHELINO - Stazione FS,6.56,NICHELINO - Municipio,6:57,Bivio MONCALIERI,7:03,TORINO - p.za Bengasi,7:09,TORINO - Piazza Carducci,7:18,TORINO - Via De Cristoforis (Capolinea),7:25,,,,,,,,,,,,,,,,,,,,,,,,,,,,,,,,,,,,,,,,,,,,,,,,,,,,,,,,,,
C0845,267,123456,FER,D,PIOBESI T.SE-v.Torino 41-Capol,6:49,PIOBESI T.SE-v.Torino/Costituz,6:50,PIOBESI T.SE - Municipio,6:52,VINOVO - Tetti Rosa,7:02,VINOVO - Bivio Torrette,7:03,VINOVO - Ippodromo -Mondo Juve,7:05,TORINO - strada del Drosso,7:14,TORINO - Via De Cristoforis (Capolinea),7:30,,,,,,,,,,,,,,,,,,,,,,,,,,,,,,,,,,,,,,,,,,,,,,,,,,,,,,,,,,,,,,,,,,
C0846,267,123456,FER,H,PIOBESI T.SE-v.Torino 41-Capol,6:59,PIOBESI T.SE-v.Torino/Costituz,7:00,PIOBESI T.SE - Municipio,7:02,VINOVO - Tetti Rosa,7:12,VINOVO - Bivio Torrette,7:13,GARINO,7:15,NICHELINO - Stazione FS,7.20,NICHELINO - Municipio,7:22,Bivio MONCALIERI,7:28,TORINO - p.za Bengasi,7:34,TORINO - Piazza Carducci,7.46,TORINO - Via De Cristoforis (Capolinea),7.54,,,,,,,,,,,,,,,,,,,,,,,,,,,,,,,,,,,,,,,,,,,,,,,,,,,,,,,,,,
C0847,267,123456,FER,P,PIOBESI T.SE-v.Torino 41-Capol,7:09,PIOBESI T.SE-v.Torino/Costituz,7:10,PIOBESI T.SE - Municipio,7:12,VINOVO - Tetti Rosa,7:22,VINOVO - Bivio Torrette,7:23,GARINO,7:25,NICHELINO - Stazione FS,7.30,NICHELINO - Municipio,7:32,Bivio MONCALIERI,7:38,TORINO - p.za Bengasi,7.45,TORINO - Piazza Carducci,7.57,TORINO - Via De Cristoforis (Capolinea),8.05,,,,,,,,,,,,,,,,,,,,,,,,,,,,,,,,,,,,,,,,,,,,,,,,,,,,,,,,,,
C0848,267,12345,SCO,Scol,PIOBESI T.SE-v.Torino 41-Capol,7:14,PIOBESI T.SE-v.Torino/Costituz,7:15,PIOBESI T.SE - Municipio,7:17,VINOVO - Tetti Rosa,7:30,VINOVO - Bivio Torrette,7:34,VINOVO - Ippodromo -Mondo Juve,7:40,GARINO,7:36,NICHELINO-v.XXV Aprile -Scuole,7:44,TORINO - strada del Drosso,7:51,,,,,,,,,,,,,,,,,,,,,,,,,,,,,,,,,,,,,,,,,,,,,,,,,,,,,,,,,,,,,,,,
C0849,267,6,SCO,Scol,PIOBESI T.SE-v.Torino 41-Capol,7:14,PIOBESI T.SE-v.Torino/Costituz,7:15,PIOBESI T.SE - Municipio,7:17,VINOVO - Tetti Rosa,7:27,VINOVO - Bivio Torrette,7:29,VINOVO - Ippodromo -Mondo Juve,7:31,TORINO - strada del Drosso,7:39,,,,,,,,,,,,,,,,,,,,,,,,,,,,,,,,,,,,,,,,,,,,,,,,,,,,,,,,,,,,,,,,,,,,
C0850,267,12345,SCO,Scol,PIOBESI T.SE-v.Torino 41-Capol,7:19,PIOBESI T.SE-v.Torino/Costituz,7:20,PIOBESI T.SE - Municipio,7:22,VINOVO - Tetti Rosa,7:31,VINOVO - Bivio Torrette,7:34,VINOVO - Ippodromo -Mondo Juve,7:40,NICHELINO-v.XXV Aprile -Scuole,7.45,Bivio MONCALIERI,7:55,TORINO - p.za Bengasi,8:02,TORINO - Piazza Carducci,8:12,TORINO - Via De Cristoforis (Capolinea),8:20,,,,,,,,,,,,,,,,,,,,,,,,,,,,,,,,,,,,,,,,,,,,,,,,,,,,,,,,,,,,
C0851,267,6,SCO,Scol,PIOBESI T.SE-v.Torino 41-Capol,7:19,PIOBESI T.SE-v.Torino/Costituz,7:20,PIOBESI T.SE - Municipio,7:22,VINOVO - Tetti Rosa,7:31,VINOVO - Bivio Torrette,7:34,VINOVO - Ippodromo -Mondo Juve,7:40,GARINO,7.37,NICHELINO-v.XXV Aprile -Scuole,7.45,Bivio MONCALIERI,7:55,TORINO - p.za Bengasi,8:02,TORINO - Piazza Carducci,8:12,TORINO - Via De Cristoforis (Capolinea),8:20,,,,,,,,,,,,,,,,,,,,,,,,,,,,,,,,,,,,,,,,,,,,,,,,,,,,,,,,,,
C0852,267,123456,FER,,PIOBESI T.SE-v.Torino 41-Capol,7:29,PIOBESI T.SE-v.Torino/Costituz,7:30,PIOBESI T.SE - Municipio,7:32,VINOVO - Tetti Rosa,7:42,VINOVO - Bivio Torrette,7.43,GARINO,7.45,NICHELINO - Stazione FS,7.53,NICHELINO - Municipio,7:55,Bivio MONCALIERI,8:01,TORINO - p.za Bengasi,8:08,TORINO - Piazza Carducci,8:17,TORINO - Via De Cristoforis (Capolinea),8:25,,,,,,,,,,,,,,,,,,,,,,,,,,,,,,,,,,,,,,,,,,,,,,,,,,,,,,,,,,
C0853,267,12345,FER,D,PIOBESI T.SE-v.Torino 41-Capol,7.38,PIOBESI T.SE-v.Torino/Costituz,7.39,PIOBESI T.SE - Municipio,7.44,VINOVO - Tetti Rosa,7.51,VINOVO - Bivio Torrette,7.54,VINOVO - Ippodromo -Mondo Juve,7.56,TORINO - strada del Drosso,8.03,,,,,,,,,,,,,,,,,,,,,,,,,,,,,,,,,,,,,,,,,,,,,,,,,,,,,,,,,,,,,,,,,,,,
C0854,267,12345,FER,D,PIOBESI T.SE-v.Torino 41-Capol,7.59,PIOBESI T.SE-v.Torino/Costituz,8.00,PIOBESI T.SE - Municipio,8.02,VINOVO - Tetti Rosa,8.12,VINOVO - Bivio Torrette,8.13,GARINO,8.15,NICHELINO - Stazione FS,8.19,NICHELINO - Municipio,8.20,Bivio MONCALIERI,8.26,TORINO - p.za Bengasi,8.30,TORINO - Piazza Carducci,8.38,TORINO - Via De Cristoforis (Capolinea),8.45,,,,,,,,,,,,,,,,,,,,,,,,,,,,,,,,,,,,,,,,,,,,,,,,,,,,,,,,,,
C0855,267,8,FEST,,PIOBESI T.SE-v.Torino 41-Capol,8.09,PIOBESI T.SE-v.Torino/Costituz,8:10,PIOBESI T.SE - Municipio,8:12,VINOVO - Tetti Rosa,8:22,VINOVO - Bivio Torrette,8:23,GARINO,8:25,NICHELINO - Stazione FS,8.29,NICHELINO - Municipio,8.30,Bivio MONCALIERI,8:36,TORINO - p.za Bengasi,8:40,TORINO - Piazza Carducci,8:48,TORINO - Via De Cristoforis (Capolinea),8:55,,,,,,,,,,,,,,,,,,,,,,,,,,,,,,,,,,,,,,,,,,,,,,,,,,,,,,,,,,
C0856,267,12345,SCO,Scol,CARIGNANO-P.zza Donatori Avis,8.00,PIOBESI T.SE-v.Torino/Costituz,8:15,PIOBESI T.SE - Municipio,8:17,VINOVO - Tetti Rosa,8:27,VINOVO - Bivio Torrette,8:30,GARINO,8:33,NICHELINO - Stazione FS,8.39,NICHELINO - Municipio,8:40,Bivio MONCALIERI,8:46,TORINO - p.za Bengasi,8:53,TORINO - Piazza Carducci,9:03,TORINO - Via De Cristoforis (Capolinea),9:15,,,,,,,,,,,,,,,,,,,,,,,,,,,,,,,,,,,,,,,,,,,,,,,,,,,,,,,,,,
C0857,267,6,FER,D,PIOBESI T.SE-v.Torino 41-Capol,8.24,PIOBESI T.SE-v.Torino/Costituz,8.25,PIOBESI T.SE - Municipio,8.27,VINOVO - Tetti Rosa,8.37,VINOVO - Bivio Torrette,8.38,GARINO,8.40,NICHELINO - Stazione FS,8.44,NICHELINO - Municipio,8.45,Bivio MONCALIERI,8.51,TORINO - p.za Bengasi,8.55,TORINO - Piazza Carducci,9.03,TORINO - Via De Cristoforis (Capolinea),9.10,,,,,,,,,,,,,,,,,,,,,,,,,,,,,,,,,,,,,,,,,,,,,,,,,,,,,,,,,,
C0858,267,123456,FER,AGO,PIOBESI T.SE-v.Torino 41-Capol,8.24,PIOBESI T.SE-v.Torino/Costituz,8.25,PIOBESI T.SE - Municipio,8.27,VINOVO - Tetti Rosa,8.37,VINOVO - Bivio Torrette,8.38,GARINO,8.40,NICHELINO - Stazione FS,8.44,NICHELINO - Municipio,8.45,Bivio MONCALIERI,8.51,TORINO - p.za Bengasi,8.55,TORINO - Piazza Carducci,9.03,TORINO - Via De Cristoforis (Capolinea),9.10,,,,,,,,,,,,,,,,,,,,,,,,,,,,,,,,,,,,,,,,,,,,,,,,,,,,,,,,,,
C0859,267,12345,FER,D,PIOBESI T.SE-v.Torino 41-Capol,9:04,PIOBESI T.SE-v.Torino/Costituz,9:05,PIOBESI T.SE - Municipio,9:07,VINOVO - Tetti Rosa,9:17,VINOVO - Bivio Torrette,9:18,VINOVO - Ippodromo -Mondo Juve,9:20,TORINO - strada del Drosso,9.27,,,,,,,,,,,,,,,,,,,,,,,,,,,,,,,,,,,,,,,,,,,,,,,,,,,,,,,,,,,,,,,,,,,,
C0860,267,12345,SCO,Scol,CARIGNANO-P.zza Donatori Avis,8.50,PIOBESI T.SE-v.Torino/Costituz,9:05,PIOBESI T.SE - Municipio,9:07,VINOVO - Tetti Rosa,9:17,VINOVO - Bivio Torrette,9:18,VINOVO - Ippodromo -Mondo Juve,9:20,TORINO - strada del Drosso,9.27,,,,,,,,,,,,,,,,,,,,,,,,,,,,,,,,,,,,,,,,,,,,,,,,,,,,,,,,,,,,,,,,,,,,
C0861,267,6,FER,D,PIOBESI T.SE-v.Torino 41-Capol,9:04,PIOBESI T.SE-v.Torino/Costituz,9:05,PIOBESI T.SE - Municipio,9:07,VINOVO - Tetti Rosa,9:17,VINOVO - Bivio Torrette,9:18,VINOVO - Ippodromo -Mondo Juve,9:20,TORINO - strada del Drosso,9.27,,,,,,,,,,,,,,,,,,,,,,,,,,,,,,,,,,,,,,,,,,,,,,,,,,,,,,,,,,,,,,,,,,,,
C0862,267,123456,FER,H,PIOBESI T.SE-v.Torino 41-Capol,10:04,PIOBESI T.SE-v.Torino/Costituz,10:05,PIOBESI T.SE - Municipio,10:07,VINOVO - Tetti Rosa,10:17,VINOVO - Bivio Torrette,10:18,GARINO,10.23,NICHELINO - Stazione FS,10.26,NICHELINO - Municipio,10:27,Bivio MONCALIERI,10:33,TORINO - p.za Bengasi,10:39,TORINO - Piazza Carducci,10:48,TORINO - Via De Cristoforis (Capolinea),10:55,,,,,,,,,,,,,,,,,,,,,,,,,,,,,,,,,,,,,,,,,,,,,,,,,,,,,,,,,,
C0863,267,12345,FER,,PIOBESI T.SE-v.Torino 41-Capol,10:29,PIOBESI T.SE-v.Torino/Costituz,10:30,PIOBESI T.SE - Municipio,10:32,VINOVO - Tetti Rosa,10:42,VINOVO - Bivio Torrette,10:43,GARINO,10:45,NICHELINO - Stazione FS,10.51,NICHELINO - Municipio,10:52,Bivio MONCALIERI,10:58,TORINO - p.za Bengasi,11:04,TORINO - Piazza Carducci,11:13,TORINO - Via De Cristoforis (Capolinea),11:20,,,,,,,,,,,,,,,,,,,,,,,,,,,,,,,,,,,,,,,,,,,,,,,,,,,,,,,,,,
C0864,267,6,FER,AGO,PIOBESI T.SE-v.Torino 41-Capol,10:29,PIOBESI T.SE-v.Torino/Costituz,10:30,PIOBESI T.SE - Municipio,10:32,VINOVO - Tetti Rosa,10:42,VINOVO - Bivio Torrette,10:43,GARINO,10:45,NICHELINO - Stazione FS,10.49,NICHELINO - Municipio,10:52,Bivio MONCALIERI,10.56,TORINO - p.za Bengasi,11.00,TORINO - Piazza Carducci,11.08,TORINO - Via De Cristoforis (Capolinea),11.15,,,,,,,,,,,,,,,,,,,,,,,,,,,,,,,,,,,,,,,,,,,,,,,,,,,,,,,,,,
C0865,267,6,FER,D,PIOBESI T.SE-v.Torino 41-Capol,10:59,PIOBESI T.SE-v.Torino/Costituz,11:00,PIOBESI T.SE - Municipio,11:02,VINOVO - Tetti Rosa,11:12,VINOVO - Bivio Torrette,11:13,GARINO,11:15,NICHELINO - Stazione FS,11.21,NICHELINO - Municipio,11:22,Bivio MONCALIERI,11:28,TORINO - p.za Bengasi,11:34,TORINO - Piazza Carducci,11:43,TORINO - Via De Cristoforis (Capolinea),11:50,,,,,,,,,,,,,,,,,,,,,,,,,,,,,,,,,,,,,,,,,,,,,,,,,,,,,,,,,,
C0866,267,123456,FER,D,PIOBESI T.SE-v.Torino 41-Capol,11:29,PIOBESI T.SE-v.Torino/Costituz,11:30,PIOBESI T.SE - Municipio,11:32,VINOVO - Tetti Rosa,11:42,VINOVO - Bivio Torrette,11:43,GARINO,11:45,NICHELINO - Stazione FS,11.49,NICHELINO - Municipio,11:52,Bivio MONCALIERI,11:58,TORINO - p.za Bengasi,12:04,TORINO - Piazza Carducci,12:13,TORINO - Via De Cristoforis (Capolinea),12:20,,,,,,,,,,,,,,,,,,,,,,,,,,,,,,,,,,,,,,,,,,,,,,,,,,,,,,,,,,
C0867,267,8,FEST,,PIOBESI T.SE-v.Torino 41-Capol,11:29,PIOBESI T.SE-v.Torino/Costituz,11:30,PIOBESI T.SE - Municipio,11:32,VINOVO - Tetti Rosa,11:42,VINOVO - Bivio Torrette,11:43,GARINO,11:45,NICHELINO - Stazione FS,11.49,NICHELINO - Municipio,11:50,Bivio MONCALIERI,11:56,TORINO - p.za Bengasi,12:00,TORINO - Piazza Carducci,12:08,TORINO - Via De Cristoforis (Capolinea),12:15,,,,,,,,,,,,,,,,,,,,,,,,,,,,,,,,,,,,,,,,,,,,,,,,,,,,,,,,,,
C0868,267,123456,FER,,PIOBESI T.SE-v.Torino 41-Capol,12:24,PIOBESI T.SE-v.Torino/Costituz,12:25,PIOBESI T.SE - Municipio,12:27,VINOVO - Tetti Rosa,12:37,VINOVO - Bivio Torrette,12:38,GARINO,12:40,NICHELINO - Stazione FS,12.46,NICHELINO - Municipio,12:47,Bivio MONCALIERI,12:53,TORINO - p.za Bengasi,12:59,TORINO - Piazza Carducci,13:08,TORINO - Via De Cristoforis (Capolinea),13:15,,,,,,,,,,,,,,,,,,,,,,,,,,,,,,,,,,,,,,,,,,,,,,,,,,,,,,,,,,
C0869,267,123456,FER,al,PIOBESI T.SE-v.Torino 41-Capol,13:34,PIOBESI T.SE-v.Torino/Costituz,13:35,PIOBESI T.SE - Municipio,13:37,VINOVO - Tetti Rosa,13:47,VINOVO - Bivio Torrette,13:48,GARINO,13:50,NICHELINO - Stazione FS,13.56,NICHELINO - Municipio,13:57,Bivio MONCALIERI,14:03,TORINO - p.za Bengasi,14:09,TORINO - Piazza Carducci,14:18,TORINO - Via De Cristoforis (Capolinea),14:25,,,,,,,,,,,,,,,,,,,,,,,,,,,,,,,,,,,,,,,,,,,,,,,,,,,,,,,,,,
C0870,267,123456,SCO,Scol,CARIGNANO-P.zza Donatori Avis,13.20,PIOBESI T.SE-v.Torino/Costituz,13:35,PIOBESI T.SE - Municipio,13:37,VINOVO - Tetti Rosa,13:47,VINOVO - Bivio Torrette,13:48,GARINO,13:50,NICHELINO - Stazione FS,13.56,NICHELINO - Municipio,13:57,Bivio MONCALIERI,14:03,TORINO - p.za Bengasi,14:09,TORINO - Piazza Carducci,14:18,TORINO - Via De Cristoforis (Capolinea),14:25,,,,,,,,,,,,,,,,,,,,,,,,,,,,,,,,,,,,,,,,,,,,,,,,,,,,,,,,,,
C0871,267,12345,SCO,Scol,CARIGNANO-P.zza Donatori Avis,13.20,PIOBESI T.SE - c.so Italia 50d,13.39,PIOBESI T.SE-v.Torino/Costituz,13:35,PIOBESI T.SE - Municipio,13:37,VINOVO - Tetti Rosa,13:50,VINOVO - Bivio Torrette,13:51,VINOVO - Ippodromo -Mondo Juve,13:58,GARINO,13:56,NICHELINO-v.XXV Aprile -Scuole,14.05,,,,,,,,,,,,,,,,,,,,,,,,,,,,,,,,,,,,,,,,,,,,,,,,,,,,,,,,,,,,,,,,
C0872,267,8,FEST,,PIOBESI T.SE-v.Torino 41-Capol,13:59,PIOBESI T.SE-v.Torino/Costituz,14:00,PIOBESI T.SE - Municipio,14:02,VINOVO - Tetti Rosa,14:12,VINOVO - Bivio Torrette,14:13,GARINO,14:15,NICHELINO - Stazione FS,14.21,NICHELINO - Municipio,14:22,Bivio MONCALIERI,14:28,TORINO - p.za Bengasi,14:34,TORINO - Piazza Carducci,14:43,TORINO - Via De Cristoforis (Capolinea),14:50,,,,,,,,,,,,,,,,,,,,,,,,,,,,,,,,,,,,,,,,,,,,,,,,,,,,,,,,,,
C0873,267,12345,SCO,Scol,CARIGNANO-P.zza Donatori Avis,14.10,PIOBESI T.SE-v.Torino/Costituz,14:20,PIOBESI T.SE - Municipio,14:23,VINOVO - Tetti Rosa,14:33,VINOVO - Bivio Torrette,14:34,GARINO,14:36,NICHELINO - Stazione FS,14.42,NICHELINO - Municipio,14:43,Bivio MONCALIERI,14:49,TORINO - p.za Bengasi,14.58,TORINO - Piazza Carducci,15.08,TORINO - Via De Cristoforis (Capolinea),15.16,,,,,,,,,,,,,,,,,,,,,,,,,,,,,,,,,,,,,,,,,,,,,,,,,,,,,,,,,,
C0874,267,12345,SCO,Scol,CARIGNANO-P.zza Donatori Avis,14.10,PIOBESI T.SE - c.so Italia 50d,14.29,PIOBESI T.SE-v.Torino/Costituz,14:25,PIOBESI T.SE - Municipio,14:27,VINOVO - Tetti Rosa,14:40,VINOVO - Bivio Torrette,14:41,VINOVO - Ippodromo -Mondo Juve,14:48,GARINO,14:46,,,,,,,,,,,,,,,,,,,,,,,,,,,,,,,,,,,,,,,,,,,,,,,,,,,,,,,,,,,,,,,,,,
C0875,267,12345,FER,NS,PIOBESI T.SE-v.Torino 41-Capol,14:29,PIOBESI T.SE-v.Torino/Costituz,14:30,PIOBESI T.SE - Municipio,14:32,VINOVO - Tetti Rosa,14:42,VINOVO - Bivio Torrette,14:43,GARINO,14:45,NICHELINO - Stazione FS,14.51,NICHELINO - Municipio,14:52,Bivio MONCALIERI,14:58,TORINO - p.za Bengasi,15:04,TORINO - Piazza Carducci,15:13,TORINO - Via De Cristoforis (Capolinea),15:20,,,,,,,,,,,,,,,,,,,,,,,,,,,,,,,,,,,,,,,,,,,,,,,,,,,,,,,,,,
C0876,267,6,FER,,PIOBESI T.SE-v.Torino 41-Capol,14:29,PIOBESI T.SE-v.Torino/Costituz,14:30,PIOBESI T.SE - Municipio,14:32,VINOVO - Tetti Rosa,14:42,VINOVO - Bivio Torrette,14:43,GARINO,14:45,NICHELINO - Stazione FS,14.51,NICHELINO - Municipio,14:52,Bivio MONCALIERI,14:58,TORINO - p.za Bengasi,15:04,TORINO - Piazza Carducci,15:13,TORINO - Via De Cristoforis (Capolinea),15:20,,,,,,,,,,,,,,,,,,,,,,,,,,,,,,,,,,,,,,,,,,,,,,,,,,,,,,,,,,
C0877,267,12345,FER,D,PIOBESI T.SE-v.Torino 41-Capol,15:09,PIOBESI T.SE-v.Torino/Costituz,15:10,PIOBESI T.SE - Municipio,15:12,VINOVO - Tetti Rosa,15:22,VINOVO - Bivio Torrette,15:23,GARINO,15:25,NICHELINO - Stazione FS,15.31,NICHELINO - Municipio,15:32,Bivio MONCALIERI,15:38,TORINO - p.za Bengasi,15:44,TORINO - Piazza Carducci,15:53,TORINO - Via De Cristoforis (Capolinea),16:00,,,,,,,,,,,,,,,,,,,,,,,,,,,,,,,,,,,,,,,,,,,,,,,,,,,,,,,,,,
C0878,267,12345,SCO,Scol,PIOBESI T.SE-v.Torino 41-Capol,15.40,VINOVO - Tetti Rosa,15.52,VINOVO - Bivio Torrette,15.53,VINOVO - Ippodromo -Mondo Juve,15.55,NICHELINO-v.XXV Aprile -Scuole,16.01,,,,,,,,,,,,,,,,,,,,,,,,,,,,,,,,,,,,,,,,,,,,,,,,,,,,,,,,,,,,,,,,,,,,,,,,
C0879,267,12345,FER,H,PIOBESI T.SE-v.Torino 41-Capol,15:44,PIOBESI T.SE-v.Torino/Costituz,15:45,PIOBESI T.SE - Municipio,15:47,VINOVO - Tetti Rosa,15:57,VINOVO - Bivio Torrette,15:58,GARINO,16:00,NICHELINO - Stazione FS,16.06,NICHELINO - Municipio,16:07,Bivio MONCALIERI,16:13,TORINO - p.za Bengasi,16.19,TORINO - Piazza Carducci,16:28,TORINO - Via De Cristoforis (Capolinea),16:35,,,,,,,,,,,,,,,,,,,,,,,,,,,,,,,,,,,,,,,,,,,,,,,,,,,,,,,,,,
C0880,267,6,FER,H,PIOBESI T.SE-v.Torino 41-Capol,15:44,PIOBESI T.SE-v.Torino/Costituz,15:45,PIOBESI T.SE - Municipio,15:47,VINOVO - Tetti Rosa,15:57,VINOVO - Bivio Torrette,15:58,GARINO,16:00,NICHELINO - Stazione FS,16.06,NICHELINO - Municipio,16:07,Bivio MONCALIERI,16:13,TORINO - p.za Bengasi,16:19,TORINO - Piazza Carducci,16:28,TORINO - Via De Cristoforis (Capolinea),16:35,,,,,,,,,,,,,,,,,,,,,,,,,,,,,,,,,,,,,,,,,,,,,,,,,,,,,,,,,,
C0881,267,12345,SCO,Scol,CARIGNANO-P.zza Donatori Avis,15.50,PIOBESI T.SE-v.Torino/Costituz,16:05,PIOBESI T.SE - Municipio,16:07,VINOVO - Tetti Rosa,16:17,VINOVO - Bivio Torrette,16:18,GARINO,16:20,NICHELINO - Stazione FS,16.26,NICHELINO - Municipio,16:27,Bivio MONCALIERI,16:33,TORINO - p.za Bengasi,16:39,TORINO - Piazza Carducci,16:48,TORINO - Via De Cristoforis (Capolinea),16:55,,,,,,,,,,,,,,,,,,,,,,,,,,,,,,,,,,,,,,,,,,,,,,,,,,,,,,,,,,
C0882,267,123456,FER,D,PIOBESI T.SE-v.Torino 41-Capol,16:20,PIOBESI T.SE-v.Torino/Costituz,16:21,PIOBESI T.SE - Municipio,16:23,VINOVO - Tetti Rosa,16:33,VINOVO - Bivio Torrette,16:34,GARINO,16:36,NICHELINO - Stazione FS,16.42,NICHELINO - Municipio,16:43,Bivio MONCALIERI,16:49,TORINO - p.za Bengasi,16:55,TORINO - Piazza Carducci,17:04,TORINO - Via De Cristoforis (Capolinea),17:11,,,,,,,,,,,,,,,,,,,,,,,,,,,,,,,,,,,,,,,,,,,,,,,,,,,,,,,,,,
C0883,267,8,FEST,,PIOBESI T.SE-v.Torino 41-Capol,16.59,PIOBESI T.SE-v.Torino/Costituz,17:00,PIOBESI T.SE - Municipio,17:02,VINOVO - Tetti Rosa,17:12,VINOVO - Bivio Torrette,17:13,GARINO,17:15,NICHELINO - Stazione FS,17.21,NICHELINO - Municipio,17:22,Bivio MONCALIERI,17:28,TORINO - p.za Bengasi,17:34,TORINO - Piazza Carducci,17:43,TORINO - Via De Cristoforis (Capolinea),17:50,,,,,,,,,,,,,,,,,,,,,,,,,,,,,,,,,,,,,,,,,,,,,,,,,,,,,,,,,,
C0884,267,123456,FER,NS,PIOBESI T.SE-v.Torino 41-Capol,16.59,PIOBESI T.SE-v.Torino/Costituz,17:00,PIOBESI T.SE - Municipio,17:02,VINOVO - Tetti Rosa,17:12,VINOVO - Bivio Torrette,17:13,GARINO,17:15,NICHELINO - Stazione FS,17.21,NICHELINO - Municipio,17:22,Bivio MONCALIERI,17:28,TORINO - p.za Bengasi,17:34,TORINO - Piazza Carducci,17:43,TORINO - Via De Cristoforis (Capolinea),17:50,,,,,,,,,,,,,,,,,,,,,,,,,,,,,,,,,,,,,,,,,,,,,,,,,,,,,,,,,,
C0885,267,123456,SCO,Scol,CARIGNANO-P.zza Donatori Avis,16.50,PIOBESI T.SE-v.Torino/Costituz,17:05,PIOBESI T.SE - Municipio,17:07,VINOVO - Tetti Rosa,17:17,VINOVO - Bivio Torrette,17:18,GARINO,17:20,NICHELINO - Stazione FS,17.26,NICHELINO - Municipio,17:27,Bivio MONCALIERI,17:33,TORINO - p.za Bengasi,17:39,TORINO - Piazza Carducci,17:48,TORINO - Via De Cristoforis (Capolinea),17:55,,,,,,,,,,,,,,,,,,,,,,,,,,,,,,,,,,,,,,,,,,,,,,,,,,,,,,,,,,
C0886,267,12345,FER,D,PIOBESI T.SE-v.Torino 41-Capol,17:29,PIOBESI T.SE-v.Torino/Costituz,17:30,PIOBESI T.SE - Municipio,17:32,VINOVO - Tetti Rosa,17:42,VINOVO - Bivio Torrette,17:43,GARINO,17:45,NICHELINO - Stazione FS,17.51,NICHELINO - Municipio,17:52,Bivio MONCALIERI,17:58,TORINO - p.za Bengasi,18.07,TORINO - Piazza Carducci,18.17,TORINO - Via De Cristoforis (Capolinea),18.25,,,,,,,,,,,,,,,,,,,,,,,,,,,,,,,,,,,,,,,,,,,,,,,,,,,,,,,,,,
C0887,267,123456,FER,H,PIOBESI T.SE-v.Torino 41-Capol,18.19,PIOBESI T.SE-v.Torino/Costituz,18.20,PIOBESI T.SE - Municipio,18.22,VINOVO - Tetti Rosa,18.32,VINOVO - Bivio Torrette,18.33,GARINO,18.35,NICHELINO - Stazione FS,18.41,NICHELINO - Municipio,18:42,Bivio MONCALIERI,18.47,TORINO - p.za Bengasi,18.54,TORINO - Piazza Carducci,19.03,TORINO - Via De Cristoforis (Capolinea),19.10,,,,,,,,,,,,,,,,,,,,,,,,,,,,,,,,,,,,,,,,,,,,,,,,,,,,,,,,,,
C0888,267,12345,FER,,PIOBESI T.SE-v.Torino 41-Capol,18:59,PIOBESI T.SE-v.Torino/Costituz,19:00,PIOBESI T.SE - Municipio,19:02,VINOVO - Tetti Rosa,19:12,VINOVO - Bivio Torrette,19:13,GARINO,19:15,NICHELINO - Stazione FS,19.21,NICHELINO - Municipio,19:22,Bivio MONCALIERI,19:28,TORINO - p.za Bengasi,19:34,TORINO - Piazza Carducci,19:43,TORINO - Via De Cristoforis (Capolinea),19:50,,,,,,,,,,,,,,,,,,,,,,,,,,,,,,,,,,,,,,,,,,,,,,,,,,,,,,,,,,
C0889,267,6,FER,AGO,PIOBESI T.SE-v.Torino 41-Capol,18:59,PIOBESI T.SE-v.Torino/Costituz,19:00,PIOBESI T.SE - Municipio,19:02,VINOVO - Tetti Rosa,19:12,VINOVO - Bivio Torrette,19:13,GARINO,19.15,NICHELINO - Stazione FS,19.21,NICHELINO - Municipio,19:22,Bivio MONCALIERI,19.28,TORINO - p.za Bengasi,19.34,TORINO - Piazza Carducci,19:43,TORINO - Via De Cristoforis (Capolinea),19:50,,,,,,,,,,,,,,,,,,,,,,,,,,,,,,,,,,,,,,,,,,,,,,,,,,,,,,,,,,
C0890,267,8,FEST,,PIOBESI T.SE-v.Torino 41-Capol,18:59,PIOBESI T.SE-v.Torino/Costituz,19:00,PIOBESI T.SE - Municipio,19:02,VINOVO - Tetti Rosa,19:12,VINOVO - Bivio Torrette,19:13,VINOVO - Ippodromo -Mondo Juve,19:18,GARINO,19:20,NICHELINO - Stazione FS,19.24,NICHELINO - Municipio,19:25,Bivio MONCALIERI,19:31,TORINO - p.za Bengasi,19:35,TORINO - Piazza Carducci,19:43,TORINO - Via De Cristoforis (Capolinea),19:50,,,,,,,,,,,,,,,,,,,,,,,,,,,,,,,,,,,,,,,,,,,,,,,,,,,,,,,,
C0891,267,123456,FER,D,PIOBESI T.SE-v.Torino 41-Capol,20.20,PIOBESI T.SE-v.Torino/Costituz,20.21,PIOBESI T.SE - Municipio,20.23,VINOVO - Tetti Rosa,20.33,VINOVO - Bivio Torrette,20.34,GARINO,20.36,NICHELINO - Stazione FS,20.40,NICHELINO - Municipio,20.41,Bivio MONCALIERI,20.47,TORINO - p.za Bengasi,20.51,TORINO - Piazza Carducci,20.59,TORINO - Via De Cristoforis (Capolinea),21.05,,,,,,,,,,,,,,,,,,,,,,,,,,,,,,,,,,,,,,,,,,,,,,,,,,,,,,,,,,
C0892,267,12345,FER,,PIOBESI T.SE-v.Torino 41-Capol,20:59,PIOBESI T.SE-v.Torino/Costituz,21:00,PIOBESI T.SE - Municipio,21:02,VINOVO - Tetti Rosa,21:12,VINOVO - Bivio Torrette,21:13,GARINO,21:15,NICHELINO - Stazione FS,21.19,NICHELINO - Municipio,21:20,Bivio MONCALIERI,21:26,TORINO - strada del Drosso,21.32,TORINO - p.za Bengasi,21.28,,,,,,,,,,,,,,,,,,,,,,,,,,,,,,,,,,,,,,,,,,,,,,,,,,,,,,,,,,,,
C0893,267,6,FER,AGO,PIOBESI T.SE-v.Torino 41-Capol,20:59,PIOBESI T.SE-v.Torino/Costituz,21:00,PIOBESI T.SE - Municipio,21:02,VINOVO - Tetti Rosa,21:12,VINOVO - Bivio Torrette,21:13,GARINO,21:15,NICHELINO - Stazione FS,21.19,NICHELINO - Municipio,21:20,Bivio MONCALIERI,21:26,TORINO - p.za Bengasi,21:30,TORINO - Piazza Carducci,21:38,TORINO - Via De Cristoforis (Capolinea),21:45,,,,,,,,,,,,,,,,,,,,,,,,,,,,,,,,,,,,,,,,,,,,,,,,,,,,,,,,,,
C0894,267,8,FEST,,PIOBESI T.SE-v.Torino 41-Capol,21:29,PIOBESI T.SE-v.Torino/Costituz,21:30,PIOBESI T.SE - Municipio,21:32,VINOVO - Tetti Rosa,21:42,VINOVO - Bivio Torrette,21:43,GARINO,21:45,NICHELINO - Stazione FS,21.49,NICHELINO - Municipio,21:50,Bivio MONCALIERI,21:56,TORINO - p.za Bengasi,22:00,TORINO - Piazza Carducci,22:08,TORINO - Via De Cristoforis (Capolinea),22:15,,,,,,,,,,,,,,,,,,,,,,,,,,,,,,,,,,,,,,,,,,,,,,,,,,,,,,,,,,
C0895,267,123456,FER,D,PIOBESI T.SE-v.Torino 41-Capol,22:09,PIOBESI T.SE-v.Torino/Costituz,22:10,PIOBESI T.SE - Municipio,22:12,VINOVO - Tetti Rosa,22:22,VINOVO - Bivio Torrette,22:23,GARINO,22:25,NICHELINO - Stazione FS,22.29,NICHELINO - Municipio,22:30,Bivio MONCALIERI,22:36,TORINO - p.za Bengasi,22:40,TORINO - Piazza Carducci,22:48,TORINO - Via De Cristoforis (Capolinea),22:55,,,,,,,,,,,,,,,,,,,,,,,,,,,,,,,,,,,,,,,,,,,,,,,,,,,,,,,,,,
C0896,268,12345,FER,,TORINO - Porta Nuova,4:45,TORINO - Porta Susa,4:53,TORINO - c.so Umbria/via Livorno,4:58,TO – via Stradella,5:03,TO - Via Stampini,5:07,BORGARO T.SE - via Lanzo/via Martiri,5:18,"CASELLE T.SE - via Torino, 99",5:25,"CASELLE T.SE - str. Aeroporto, 44",5:27,TORINO - Aeroporto (Caselle),5:30,,,,,,,,,,,,,,,,,,,,,,,,,,,,,,,,,,,,,,,,,,,,,,,,,,,,,,,,,,,,,,,,
C0897,268,12345,FER,,TORINO - Porta Nuova,5:15,TORINO - Porta Susa,5:23,TORINO - c.so Umbria/via Livorno,5:28,TO – via Stradella,5:33,TO - Via Stampini,5:37,BORGARO T.SE - via Lanzo/via Martiri,5:48,"CASELLE T.SE - via Torino, 99",5:55,"CASELLE T.SE - str. Aeroporto, 44",5:57,TORINO - Aeroporto (Caselle),6:00,,,,,,,,,,,,,,,,,,,,,,,,,,,,,,,,,,,,,,,,,,,,,,,,,,,,,,,,,,,,,,,,
C0898,268,12345,FER,,TORINO - Porta Nuova,5:45,TORINO - Porta Susa,5:53,TORINO - c.so Umbria/via Livorno,5:58,TO – via Stradella,6:03,TO - Via Stampini,6:07,BORGARO T.SE - via Lanzo/via Martiri,6:18,"CASELLE T.SE - via Torino, 99",6:25,"CASELLE T.SE - str. Aeroporto, 44",6:27,TORINO - Aeroporto (Caselle),6:30,,,,,,,,,,,,,,,,,,,,,,,,,,,,,,,,,,,,,,,,,,,,,,,,,,,,,,,,,,,,,,,,
C0899,268,12345,SCO,Scol,TORINO - Porta Nuova,6:15,TORINO - Porta Susa,6:23,TORINO - c.so Umbria/via Livorno,6:28,TO – via Stradella,6:33,TO - Via Stampini,6:37,BORGARO T.SE - via Lanzo/via Martiri,6:48,"CASELLE T.SE - via Torino, 99",6:55,"CASELLE T.SE - str. Aeroporto, 44",6:57,TORINO - Aeroporto (Caselle),7:00,,,,,,,,,,,,,,,,,,,,,,,,,,,,,,,,,,,,,,,,,,,,,,,,,,,,,,,,,,,,,,,,
C0900,268,12345,FER,,TORINO - Porta Nuova,6:30,TORINO - Porta Susa,6:38,TORINO - c.so Umbria/via Livorno,6:43,TO – via Stradella,6:48,TO - Via Stampini,6:52,BORGARO T.SE - via Lanzo/via Martiri,7:03,"CASELLE T.SE - via Torino, 99",7:10,"CASELLE T.SE - str. Aeroporto, 44",7:12,TORINO - Aeroporto (Caselle),7:15,,,,,,,,,,,,,,,,,,,,,,,,,,,,,,,,,,,,,,,,,,,,,,,,,,,,,,,,,,,,,,,,
C0901,268,12345,SCO,Scol,TORINO - Porta Nuova,6:45,TORINO - Porta Susa,6:53,TORINO - c.so Umbria/via Livorno,6:58,TO – via Stradella,7:03,TO - Via Stampini,7:07,BORGARO T.SE - via Lanzo/via Martiri,7:18,"CASELLE T.SE - via Torino, 99",7:25,"CASELLE T.SE - str. Aeroporto, 44",7:27,TORINO - Aeroporto (Caselle),7:30,,,,,,,,,,,,,,,,,,,,,,,,,,,,,,,,,,,,,,,,,,,,,,,,,,,,,,,,,,,,,,,,
C0902,268,12345,FER,EXPRESS,TORINO - Porta Nuova,7:00,TORINO - Porta Susa,7:08,TORINO - c.so Umbria/via Livorno,-,TO – via Stradella,-,TO - Via Stampini,-,BORGARO T.SE - via Lanzo/via Martiri,-,"CASELLE T.SE - via Torino, 99",-,"CASELLE T.SE - str. Aeroporto, 44",-,TORINO - Aeroporto (Caselle),7:37,,,,,,,,,,,,,,,,,,,,,,,,,,,,,,,,,,,,,,,,,,,,,,,,,,,,,,,,,,,,,,,,
C0903,268,12345,FER,,TORINO - Porta Nuova,7:15,TORINO - Porta Susa,7:23,TORINO - c.so Umbria/via Livorno,7:28,TO – via Stradella,7:33,TO - Via Stampini,7:37,BORGARO T.SE - via Lanzo/via Martiri,7:48,"CASELLE T.SE - via Torino, 99",7:55,"CASELLE T.SE - str. Aeroporto, 44",7:57,TORINO - Aeroporto (Caselle),8:00,,,,,,,,,,,,,,,,,,,,,,,,,,,,,,,,,,,,,,,,,,,,,,,,,,,,,,,,,,,,,,,,
C0904,268,12345,FER,EXPRESS,TORINO - Porta Nuova,7:30,TORINO - Porta Susa,7:38,TORINO - c.so Umbria/via Livorno,-,TO – via Stradella,-,TO - Via Stampini,-,BORGARO T.SE - via Lanzo/via Martiri,-,"CASELLE T.SE - via Torino, 99",-,"CASELLE T.SE - str. Aeroporto, 44",-,TORINO - Aeroporto (Caselle),8:07,,,,,,,,,,,,,,,,,,,,,,,,,,,,,,,,,,,,,,,,,,,,,,,,,,,,,,,,,,,,,,,,
C0905,268,12345,FER,,TORINO - Porta Nuova,7:45,TORINO - Porta Susa,7:53,TORINO - c.so Umbria/via Livorno,7:58,TO – via Stradella,8:03,TO - Via Stampini,8:07,BORGARO T.SE - via Lanzo/via Martiri,8:18,"CASELLE T.SE - via Torino, 99",8:25,"CASELLE T.SE - str. Aeroporto, 44",8:27,TORINO - Aeroporto (Caselle),8:30,,,,,,,,,,,,,,,,,,,,,,,,,,,,,,,,,,,,,,,,,,,,,,,,,,,,,,,,,,,,,,,,
C0906,268,12345,FER,EXPRESS,TORINO - Porta Nuova,8:00,TORINO - Porta Susa,8:08,TORINO - c.so Umbria/via Livorno,-,TO – via Stradella,-,TO - Via Stampini,-,BORGARO T.SE - via Lanzo/via Martiri,-,"CASELLE T.SE - via Torino, 99",-,"CASELLE T.SE - str. Aeroporto, 44",-,TORINO - Aeroporto (Caselle),8:37,,,,,,,,,,,,,,,,,,,,,,,,,,,,,,,,,,,,,,,,,,,,,,,,,,,,,,,,,,,,,,,,
C0907,268,12345,FER,,TORINO - Porta Nuova,8:15,TORINO - Porta Susa,8:23,TORINO - c.so Umbria/via Livorno,8:28,TO – via Stradella,8:33,TO - Via Stampini,8:37,BORGARO T.SE - via Lanzo/via Martiri,8:48,"CASELLE T.SE - via Torino, 99",8:55,"CASELLE T.SE - str. Aeroporto, 44",8:57,TORINO - Aeroporto (Caselle),9:00,,,,,,,,,,,,,,,,,,,,,,,,,,,,,,,,,,,,,,,,,,,,,,,,,,,,,,,,,,,,,,,,
C0908,268,12345,FER,EXPRESS,TORINO - Porta Nuova,8:30,TORINO - Porta Susa,8:38,TORINO - c.so Umbria/via Livorno,-,TO – via Stradella,-,TO - Via Stampini,-,BORGARO T.SE - via Lanzo/via Martiri,-,"CASELLE T.SE - via Torino, 99",-,"CASELLE T.SE - str. Aeroporto, 44",-,TORINO - Aeroporto (Caselle),9:07,,,,,,,,,,,,,,,,,,,,,,,,,,,,,,,,,,,,,,,,,,,,,,,,,,,,,,,,,,,,,,,,
C0909,268,12345,FER,,TORINO - Porta Nuova,8:45,TORINO - Porta Susa,8:53,TORINO - c.so Umbria/via Livorno,8:58,TO – via Stradella,9:03,TO - Via Stampini,9:07,BORGARO T.SE - via Lanzo/via Martiri,9:18,"CASELLE T.SE - via Torino, 99",9:25,"CASELLE T.SE - str. Aeroporto, 44",9:27,TORINO - Aeroporto (Caselle),9:30,,,,,,,,,,,,,,,,,,,,,,,,,,,,,,,,,,,,,,,,,,,,,,,,,,,,,,,,,,,,,,,,
C0910,268,12345,FER,EXPRESS,TORINO - Porta Nuova,9:00,TORINO - Porta Susa,9:08,TORINO - c.so Umbria/via Livorno,-,TO – via Stradella,-,TO - Via Stampini,-,BORGARO T.SE - via Lanzo/via Martiri,-,"CASELLE T.SE - via Torino, 99",-,"CASELLE T.SE - str. Aeroporto, 44",-,TORINO - Aeroporto (Caselle),9:37,,,,,,,,,,,,,,,,,,,,,,,,,,,,,,,,,,,,,,,,,,,,,,,,,,,,,,,,,,,,,,,,
C0911,268,12345,FER,,TORINO - Porta Nuova,9:15,TORINO - Porta Susa,9:23,TORINO - c.so Umbria/via Livorno,9:28,TO – via Stradella,9:33,TO - Via Stampini,9:37,BORGARO T.SE - via Lanzo/via Martiri,9:48,"CASELLE T.SE - via Torino, 99",9:55,"CASELLE T.SE - str. Aeroporto, 44",9:57,TORINO - Aeroporto (Caselle),10:00,,,,,,,,,,,,,,,,,,,,,,,,,,,,,,,,,,,,,,,,,,,,,,,,,,,,,,,,,,,,,,,,
C0912,268,12345,FER,EXPRESS,TORINO - Porta Nuova,9:30,TORINO - Porta Susa,9:38,TORINO - c.so Umbria/via Livorno,-,TO – via Stradella,-,TO - Via Stampini,-,BORGARO T.SE - via Lanzo/via Martiri,-,"CASELLE T.SE - via Torino, 99",-,"CASELLE T.SE - str. Aeroporto, 44",-,TORINO - Aeroporto (Caselle),10:07,,,,,,,,,,,,,,,,,,,,,,,,,,,,,,,,,,,,,,,,,,,,,,,,,,,,,,,,,,,,,,,,
C0913,268,12345,FER,,TORINO - Porta Nuova,9:45,TORINO - Porta Susa,9:53,TORINO - c.so Umbria/via Livorno,9:58,TO – via Stradella,10:03,TO - Via Stampini,10:07,BORGARO T.SE - via Lanzo/via Martiri,10:18,"CASELLE T.SE - via Torino, 99",10:25,"CASELLE T.SE - str. Aeroporto, 44",10:27,TORINO - Aeroporto (Caselle),10:30,,,,,,,,,,,,,,,,,,,,,,,,,,,,,,,,,,,,,,,,,,,,,,,,,,,,,,,,,,,,,,,,
C0914,268,12345,FER,EXPRESS,TORINO - Porta Nuova,10:00,TORINO - Porta Susa,10:08,TORINO - c.so Umbria/via Livorno,-,TO – via Stradella,-,TO - Via Stampini,-,BORGARO T.SE - via Lanzo/via Martiri,-,"CASELLE T.SE - via Torino, 99",-,"CASELLE T.SE - str. Aeroporto, 44",-,TORINO - Aeroporto (Caselle),10:37,,,,,,,,,,,,,,,,,,,,,,,,,,,,,,,,,,,,,,,,,,,,,,,,,,,,,,,,,,,,,,,,
C0915,268,12345,FER,,TORINO - Porta Nuova,10:15,TORINO - Porta Susa,10:23,TORINO - c.so Umbria/via Livorno,10:28,TO – via Stradella,10:33,TO - Via Stampini,10:37,BORGARO T.SE - via Lanzo/via Martiri,10:48,"CASELLE T.SE - via Torino, 99",10:55,"CASELLE T.SE - str. Aeroporto, 44",10:57,TORINO - Aeroporto (Caselle),11:00,,,,,,,,,,,,,,,,,,,,,,,,,,,,,,,,,,,,,,,,,,,,,,,,,,,,,,,,,,,,,,,,
C0916,268,12345,FER,EXPRESS,TORINO - Porta Nuova,10:30,TORINO - Porta Susa,10:38,TORINO - c.so Umbria/via Livorno,-,TO – via Stradella,-,TO - Via Stampini,-,BORGARO T.SE - via Lanzo/via Martiri,-,"CASELLE T.SE - via Torino, 99",-,"CASELLE T.SE - str. Aeroporto, 44",-,TORINO - Aeroporto (Caselle),11:07,,,,,,,,,,,,,,,,,,,,,,,,,,,,,,,,,,,,,,,,,,,,,,,,,,,,,,,,,,,,,,,,
C0917,268,12345,FER,,TORINO - Porta Nuova,10:45,TORINO - Porta Susa,10:53,TORINO - c.so Umbria/via Livorno,10:58,TO – via Stradella,11:03,TO - Via Stampini,11:07,BORGARO T.SE - via Lanzo/via Martiri,11:18,"CASELLE T.SE - via Torino, 99",11:25,"CASELLE T.SE - str. Aeroporto, 44",11:27,TORINO - Aeroporto (Caselle),11:30,,,,,,,,,,,,,,,,,,,,,,,,,,,,,,,,,,,,,,,,,,,,,,,,,,,,,,,,,,,,,,,,
C0918,268,12345,FER,EXPRESS,TORINO - Porta Nuova,11:00,TORINO - Porta Susa,11:08,TORINO - c.so Umbria/via Livorno,-,TO – via Stradella,-,TO - Via Stampini,-,BORGARO T.SE - via Lanzo/via Martiri,-,"CASELLE T.SE - via Torino, 99",-,"CASELLE T.SE - str. Aeroporto, 44",-,TORINO - Aeroporto (Caselle),11:37,,,,,,,,,,,,,,,,,,,,,,,,,,,,,,,,,,,,,,,,,,,,,,,,,,,,,,,,,,,,,,,,
C0919,268,12345,FER,,TORINO - Porta Nuova,11:15,TORINO - Porta Susa,11:23,TORINO - c.so Umbria/via Livorno,11:28,TO – via Stradella,11:33,TO - Via Stampini,11:37,BORGARO T.SE - via Lanzo/via Martiri,11:48,"CASELLE T.SE - via Torino, 99",11:55,"CASELLE T.SE - str. Aeroporto, 44",11:57,TORINO - Aeroporto (Caselle),12:00,,,,,,,,,,,,,,,,,,,,,,,,,,,,,,,,,,,,,,,,,,,,,,,,,,,,,,,,,,,,,,,,
C0920,268,12345,FER,EXPRESS,TORINO - Porta Nuova,11:30,TORINO - Porta Susa,11:38,TORINO - c.so Umbria/via Livorno,-,TO – via Stradella,-,TO - Via Stampini,-,BORGARO T.SE - via Lanzo/via Martiri,-,"CASELLE T.SE - via Torino, 99",-,"CASELLE T.SE - str. Aeroporto, 44",-,TORINO - Aeroporto (Caselle),12:07,,,,,,,,,,,,,,,,,,,,,,,,,,,,,,,,,,,,,,,,,,,,,,,,,,,,,,,,,,,,,,,,
C0921,268,12345,FER,,TORINO - Porta Nuova,11:45,TORINO - Porta Susa,11:53,TORINO - c.so Umbria/via Livorno,11:58,TO – via Stradella,12:03,TO - Via Stampini,12:07,BORGARO T.SE - via Lanzo/via Martiri,12:18,"CASELLE T.SE - via Torino, 99",12:25,"CASELLE T.SE - str. Aeroporto, 44",12:27,TORINO - Aeroporto (Caselle),12:30,,,,,,,,,,,,,,,,,,,,,,,,,,,,,,,,,,,,,,,,,,,,,,,,,,,,,,,,,,,,,,,,
C0922,268,12345,FER,EXPRESS,TORINO - Porta Nuova,12:00,TORINO - Porta Susa,12:08,TORINO - c.so Umbria/via Livorno,-,TO – via Stradella,-,TO - Via Stampini,-,BORGARO T.SE - via Lanzo/via Martiri,-,"CASELLE T.SE - via Torino, 99",-,"CASELLE T.SE - str. Aeroporto, 44",-,TORINO - Aeroporto (Caselle),12:37,,,,,,,,,,,,,,,,,,,,,,,,,,,,,,,,,,,,,,,,,,,,,,,,,,,,,,,,,,,,,,,,
C0923,268,12345,FER,,TORINO - Porta Nuova,12:15,TORINO - Porta Susa,12:23,TORINO - c.so Umbria/via Livorno,12:28,TO – via Stradella,12:33,TO - Via Stampini,12:37,BORGARO T.SE - via Lanzo/via Martiri,12:48,"CASELLE T.SE - via Torino, 99",12:55,"CASELLE T.SE - str. Aeroporto, 44",12:57,TORINO - Aeroporto (Caselle),13:00,,,,,,,,,,,,,,,,,,,,,,,,,,,,,,,,,,,,,,,,,,,,,,,,,,,,,,,,,,,,,,,,
C0924,268,12345,FER,EXPRESS,TORINO - Porta Nuova,12:30,TORINO - Porta Susa,12:38,TORINO - c.so Umbria/via Livorno,-,TO – via Stradella,-,TO - Via Stampini,-,BORGARO T.SE - via Lanzo/via Martiri,-,"CASELLE T.SE - via Torino, 99",-,"CASELLE T.SE - str. Aeroporto, 44",-,TORINO - Aeroporto (Caselle),13:07,,,,,,,,,,,,,,,,,,,,,,,,,,,,,,,,,,,,,,,,,,,,,,,,,,,,,,,,,,,,,,,,
C0925,268,12345,FER,,TORINO - Porta Nuova,12:45,TORINO - Porta Susa,12:53,TORINO - c.so Umbria/via Livorno,12:58,TO – via Stradella,13:03,TO - Via Stampini,13:07,BORGARO T.SE - via Lanzo/via Martiri,13:18,"CASELLE T.SE - via Torino, 99",13:25,"CASELLE T.SE - str. Aeroporto, 44",13:27,TORINO - Aeroporto (Caselle),13:30,,,,,,,,,,,,,,,,,,,,,,,,,,,,,,,,,,,,,,,,,,,,,,,,,,,,,,,,,,,,,,,,
C0926,268,12345,FER,EXPRESS,TORINO - Porta Nuova,13:00,TORINO - Porta Susa,13:08,TORINO - c.so Umbria/via Livorno,-,TO – via Stradella,-,TO - Via Stampini,-,BORGARO T.SE - via Lanzo/via Martiri,-,"CASELLE T.SE - via Torino, 99",-,"CASELLE T.SE - str. Aeroporto, 44",-,TORINO - Aeroporto (Caselle),13:37,,,,,,,,,,,,,,,,,,,,,,,,,,,,,,,,,,,,,,,,,,,,,,,,,,,,,,,,,,,,,,,,
C0927,268,12345,FER,,TORINO - Porta Nuova,13:15,TORINO - Porta Susa,13:23,TORINO - c.so Umbria/via Livorno,13:28,TO – via Stradella,13:33,TO - Via Stampini,13:37,BORGARO T.SE - via Lanzo/via Martiri,13:48,"CASELLE T.SE - via Torino, 99",13:55,"CASELLE T.SE - str. Aeroporto, 44",13:57,TORINO - Aeroporto (Caselle),14:00,,,,,,,,,,,,,,,,,,,,,,,,,,,,,,,,,,,,,,,,,,,,,,,,,,,,,,,,,,,,,,,,
C0928,268,12345,FER,,TORINO - Porta Nuova,13:30,TORINO - Porta Susa,13:38,TORINO - c.so Umbria/via Livorno,13:43,TO – via Stradella,13:48,TO - Via Stampini,13:52,BORGARO T.SE - via Lanzo/via Martiri,14:03,"CASELLE T.SE - via Torino, 99",14:10,"CASELLE T.SE - str. Aeroporto, 44",14:12,TORINO - Aeroporto (Caselle),14:15,,,,,,,,,,,,,,,,,,,,,,,,,,,,,,,,,,,,,,,,,,,,,,,,,,,,,,,,,,,,,,,,
C0929,268,12345,FER,,TORINO - Porta Nuova,13:45,TORINO - Porta Susa,13:53,TORINO - c.so Umbria/via Livorno,13:58,TO – via Stradella,14:03,TO - Via Stampini,14:07,BORGARO T.SE - via Lanzo/via Martiri,14:18,"CASELLE T.SE - via Torino, 99",14:25,"CASELLE T.SE - str. Aeroporto, 44",14:27,TORINO - Aeroporto (Caselle),14:30,,,,,,,,,,,,,,,,,,,,,,,,,,,,,,,,,,,,,,,,,,,,,,,,,,,,,,,,,,,,,,,,
C0930,268,12345,FER,EXPRESS,TORINO - Porta Nuova,14:00,TORINO - Porta Susa,14:08,TORINO - c.so Umbria/via Livorno,-,TO – via Stradella,-,TO - Via Stampini,-,BORGARO T.SE - via Lanzo/via Martiri,-,"CASELLE T.SE - via Torino, 99",-,"CASELLE T.SE - str. Aeroporto, 44",-,TORINO - Aeroporto (Caselle),14:37,,,,,,,,,,,,,,,,,,,,,,,,,,,,,,,,,,,,,,,,,,,,,,,,,,,,,,,,,,,,,,,,
C0931,268,12345,FER,,TORINO - Porta Nuova,14:15,TORINO - Porta Susa,14:23,TORINO - c.so Umbria/via Livorno,14:28,TO – via Stradella,14:33,TO - Via Stampini,14:37,BORGARO T.SE - via Lanzo/via Martiri,14:48,"CASELLE T.SE - via Torino, 99",14:55,"CASELLE T.SE - str. Aeroporto, 44",14:57,TORINO - Aeroporto (Caselle),15:00,,,,,,,,,,,,,,,,,,,,,,,,,,,,,,,,,,,,,,,,,,,,,,,,,,,,,,,,,,,,,,,,
C0932,268,12345,FER,EXPRESS,TORINO - Porta Nuova,14:30,TORINO - Porta Susa,14:38,TORINO - c.so Umbria/via Livorno,-,TO – via Stradella,-,TO - Via Stampini,-,BORGARO T.SE - via Lanzo/via Martiri,-,"CASELLE T.SE - via Torino, 99",-,"CASELLE T.SE - str. Aeroporto, 44",-,TORINO - Aeroporto (Caselle),15:07,,,,,,,,,,,,,,,,,,,,,,,,,,,,,,,,,,,,,,,,,,,,,,,,,,,,,,,,,,,,,,,,
C0933,268,12345,FER,,TORINO - Porta Nuova,14:45,TORINO - Porta Susa,14:53,TORINO - c.so Umbria/via Livorno,14:58,TO – via Stradella,15:03,TO - Via Stampini,15:07,BORGARO T.SE - via Lanzo/via Martiri,15:18,"CASELLE T.SE - via Torino, 99",15:25,"CASELLE T.SE - str. Aeroporto, 44",15:27,TORINO - Aeroporto (Caselle),15:30,,,,,,,,,,,,,,,,,,,,,,,,,,,,,,,,,,,,,,,,,,,,,,,,,,,,,,,,,,,,,,,,
C0934,268,12345,FER,EXPRESS,TORINO - Porta Nuova,15:00,TORINO - Porta Susa,15:08,TORINO - c.so Umbria/via Livorno,-,TO – via Stradella,-,TO - Via Stampini,-,BORGARO T.SE - via Lanzo/via Martiri,-,"CASELLE T.SE - via Torino, 99",-,"CASELLE T.SE - str. Aeroporto, 44",-,TORINO - Aeroporto (Caselle),15:37,,,,,,,,,,,,,,,,,,,,,,,,,,,,,,,,,,,,,,,,,,,,,,,,,,,,,,,,,,,,,,,,
C0935,268,12345,FER,,TORINO - Porta Nuova,15:15,TORINO - Porta Susa,15:23,TORINO - c.so Umbria/via Livorno,15:28,TO – via Stradella,15:33,TO - Via Stampini,15:37,BORGARO T.SE - via Lanzo/via Martiri,15:48,"CASELLE T.SE - via Torino, 99",15:55,"CASELLE T.SE - str. Aeroporto, 44",15:57,TORINO - Aeroporto (Caselle),16:00,,,,,,,,,,,,,,,,,,,,,,,,,,,,,,,,,,,,,,,,,,,,,,,,,,,,,,,,,,,,,,,,
C0936,268,12345,FER,EXPRESS,TORINO - Porta Nuova,15:30,TORINO - Porta Susa,15:38,TORINO - c.so Umbria/via Livorno,-,TO – via Stradella,-,TO - Via Stampini,-,BORGARO T.SE - via Lanzo/via Martiri,-,"CASELLE T.SE - via Torino, 99",-,"CASELLE T.SE - str. Aeroporto, 44",-,TORINO - Aeroporto (Caselle),16:07,,,,,,,,,,,,,,,,,,,,,,,,,,,,,,,,,,,,,,,,,,,,,,,,,,,,,,,,,,,,,,,,
C0937,268,12345,FER,,TORINO - Porta Nuova,15:45,TORINO - Porta Susa,15:53,TORINO - c.so Umbria/via Livorno,15:58,TO – via Stradella,16:03,TO - Via Stampini,16:07,BORGARO T.SE - via Lanzo/via Martiri,16:18,"CASELLE T.SE - via Torino, 99",16:25,"CASELLE T.SE - str. Aeroporto, 44",16:27,TORINO - Aeroporto (Caselle),16:30,,,,,,,,,,,,,,,,,,,,,,,,,,,,,,,,,,,,,,,,,,,,,,,,,,,,,,,,,,,,,,,,
C0938,268,12345,FER,EXPRESS,TORINO - Porta Nuova,16:00,TORINO - Porta Susa,16:08,TORINO - c.so Umbria/via Livorno,-,TO – via Stradella,-,TO - Via Stampini,-,BORGARO T.SE - via Lanzo/via Martiri,-,"CASELLE T.SE - via Torino, 99",-,"CASELLE T.SE - str. Aeroporto, 44",-,TORINO - Aeroporto (Caselle),16:37,,,,,,,,,,,,,,,,,,,,,,,,,,,,,,,,,,,,,,,,,,,,,,,,,,,,,,,,,,,,,,,,
C0939,268,12345,FER,,TORINO - Porta Nuova,16:15,TORINO - Porta Susa,16:23,TORINO - c.so Umbria/via Livorno,16:28,TO – via Stradella,16:33,TO - Via Stampini,16:37,BORGARO T.SE - via Lanzo/via Martiri,16:48,"CASELLE T.SE - via Torino, 99",16:55,"CASELLE T.SE - str. Aeroporto, 44",16:57,TORINO - Aeroporto (Caselle),17:00,,,,,,,,,,,,,,,,,,,,,,,,,,,,,,,,,,,,,,,,,,,,,,,,,,,,,,,,,,,,,,,,
C0940,268,12345,FER,EXPRESS,TORINO - Porta Nuova,16:30,TORINO - Porta Susa,16:38,TORINO - c.so Umbria/via Livorno,-,TO – via Stradella,-,TO - Via Stampini,-,BORGARO T.SE - via Lanzo/via Martiri,-,"CASELLE T.SE - via Torino, 99",-,"CASELLE T.SE - str. Aeroporto, 44",-,TORINO - Aeroporto (Caselle),17:07,,,,,,,,,,,,,,,,,,,,,,,,,,,,,,,,,,,,,,,,,,,,,,,,,,,,,,,,,,,,,,,,
C0941,268,12345,FER,,TORINO - Porta Nuova,16:45,TORINO - Porta Susa,16:53,TORINO - c.so Umbria/via Livorno,16:58,TO – via Stradella,17:03,TO - Via Stampini,17:07,BORGARO T.SE - via Lanzo/via Martiri,17:18,"CASELLE T.SE - via Torino, 99",17:25,"CASELLE T.SE - str. Aeroporto, 44",17:27,TORINO - Aeroporto (Caselle),17:30,,,,,,,,,,,,,,,,,,,,,,,,,,,,,,,,,,,,,,,,,,,,,,,,,,,,,,,,,,,,,,,,
C0942,268,12345,FER,EXPRESS,TORINO - Porta Nuova,17:00,TORINO - Porta Susa,17:08,TORINO - c.so Umbria/via Livorno,-,TO – via Stradella,-,TO - Via Stampini,-,BORGARO T.SE - via Lanzo/via Martiri,-,"CASELLE T.SE - via Torino, 99",-,"CASELLE T.SE - str. Aeroporto, 44",-,TORINO - Aeroporto (Caselle),17:37,,,,,,,,,,,,,,,,,,,,,,,,,,,,,,,,,,,,,,,,,,,,,,,,,,,,,,,,,,,,,,,,
C0943,268,12345,FER,,TORINO - Porta Nuova,17:15,TORINO - Porta Susa,17:23,TORINO - c.so Umbria/via Livorno,17:28,TO – via Stradella,17:33,TO - Via Stampini,17:37,BORGARO T.SE - via Lanzo/via Martiri,17:48,"CASELLE T.SE - via Torino, 99",17:55,"CASELLE T.SE - str. Aeroporto, 44",17:57,TORINO - Aeroporto (Caselle),18:00,,,,,,,,,,,,,,,,,,,,,,,,,,,,,,,,,,,,,,,,,,,,,,,,,,,,,,,,,,,,,,,,
C0944,268,12345,FER,,TORINO - Porta Nuova,17:30,TORINO - Porta Susa,17:38,TORINO - c.so Umbria/via Livorno,17:43,TO – via Stradella,17:48,TO - Via Stampini,17:52,BORGARO T.SE - via Lanzo/via Martiri,18:03,"CASELLE T.SE - via Torino, 99",18:10,"CASELLE T.SE - str. Aeroporto, 44",18:12,TORINO - Aeroporto (Caselle),18:15,,,,,,,,,,,,,,,,,,,,,,,,,,,,,,,,,,,,,,,,,,,,,,,,,,,,,,,,,,,,,,,,
C0945,268,12345,FER,,TORINO - Porta Nuova,17:45,TORINO - Porta Susa,17:53,TORINO - c.so Umbria/via Livorno,17:58,TO – via Stradella,18:03,TO - Via Stampini,18:07,BORGARO T.SE - via Lanzo/via Martiri,18:18,"CASELLE T.SE - via Torino, 99",18:25,"CASELLE T.SE - str. Aeroporto, 44",18:27,TORINO - Aeroporto (Caselle),18:30,,,,,,,,,,,,,,,,,,,,,,,,,,,,,,,,,,,,,,,,,,,,,,,,,,,,,,,,,,,,,,,,
C0946,268,12345,FER,,TORINO - Porta Nuova,18:00,TORINO - Porta Susa,18:08,TORINO - c.so Umbria/via Livorno,18:13,TO – via Stradella,18:18,TO - Via Stampini,18:22,BORGARO T.SE - via Lanzo/via Martiri,18:33,"CASELLE T.SE - via Torino, 99",18:40,"CASELLE T.SE - str. Aeroporto, 44",18:42,TORINO - Aeroporto (Caselle),18:45,,,,,,,,,,,,,,,,,,,,,,,,,,,,,,,,,,,,,,,,,,,,,,,,,,,,,,,,,,,,,,,,
C0947,268,12345,FER,,TORINO - Porta Nuova,18:15,TORINO - Porta Susa,18:23,TORINO - c.so Umbria/via Livorno,18:28,TO – via Stradella,18:33,TO - Via Stampini,18:37,BORGARO T.SE - via Lanzo/via Martiri,18:48,"CASELLE T.SE - via Torino, 99",18:55,"CASELLE T.SE - str. Aeroporto, 44",18:57,TORINO - Aeroporto (Caselle),19:00,,,,,,,,,,,,,,,,,,,,,,,,,,,,,,,,,,,,,,,,,,,,,,,,,,,,,,,,,,,,,,,,
C0948,268,12345,FER,,TORINO - Porta Nuova,18:30,TORINO - Porta Susa,18:38,TORINO - c.so Umbria/via Livorno,18:43,TO – via Stradella,18:48,TO - Via Stampini,18:52,BORGARO T.SE - via Lanzo/via Martiri,19:03,"CASELLE T.SE - via Torino, 99",19:10,"CASELLE T.SE - str. Aeroporto, 44",19:12,TORINO - Aeroporto (Caselle),19:15,,,,,,,,,,,,,,,,,,,,,,,,,,,,,,,,,,,,,,,,,,,,,,,,,,,,,,,,,,,,,,,,
C0949,268,12345,FER,,TORINO - Porta Nuova,18:45,TORINO - Porta Susa,18:53,TORINO - c.so Umbria/via Livorno,18:58,TO – via Stradella,19:03,TO - Via Stampini,19:07,BORGARO T.SE - via Lanzo/via Martiri,19:18,"CASELLE T.SE - via Torino, 99",19:25,"CASELLE T.SE - str. Aeroporto, 44",19:27,TORINO - Aeroporto (Caselle),19:30,,,,,,,,,,,,,,,,,,,,,,,,,,,,,,,,,,,,,,,,,,,,,,,,,,,,,,,,,,,,,,,,
C0950,268,12345,FER,,TORINO - Porta Nuova,19:00,TORINO - Porta Susa,19:08,TORINO - c.so Umbria/via Livorno,19:13,TO – via Stradella,19:18,TO - Via Stampini,19:22,BORGARO T.SE - via Lanzo/via Martiri,19:33,"CASELLE T.SE - via Torino, 99",19:40,"CASELLE T.SE - str. Aeroporto, 44",19:42,TORINO - Aeroporto (Caselle),19:45,,,,,,,,,,,,,,,,,,,,,,,,,,,,,,,,,,,,,,,,,,,,,,,,,,,,,,,,,,,,,,,,
C0951,268,12345,FER,,TORINO - Porta Nuova,19:20,TORINO - Porta Susa,19:28,TORINO - c.so Umbria/via Livorno,19:33,TO – via Stradella,19:38,TO - Via Stampini,19:42,BORGARO T.SE - via Lanzo/via Martiri,19:53,"CASELLE T.SE - via Torino, 99",20:00,"CASELLE T.SE - str. Aeroporto, 44",20:02,TORINO - Aeroporto (Caselle),20:05,,,,,,,,,,,,,,,,,,,,,,,,,,,,,,,,,,,,,,,,,,,,,,,,,,,,,,,,,,,,,,,,
C0952,268,12345,FER,,TORINO - Porta Nuova,19:40,TORINO - Porta Susa,19:48,TORINO - c.so Umbria/via Livorno,19:53,TO – via Stradella,19:58,TO - Via Stampini,20:02,BORGARO T.SE - via Lanzo/via Martiri,20:13,"CASELLE T.SE - via Torino, 99",20:20,"CASELLE T.SE - str. Aeroporto, 44",20:22,TORINO - Aeroporto (Caselle),20:25,,,,,,,,,,,,,,,,,,,,,,,,,,,,,,,,,,,,,,,,,,,,,,,,,,,,,,,,,,,,,,,,
C0953,268,12345,FER,EXPRESS,TORINO - Porta Nuova,20:00,TORINO - Porta Susa,20:08,TORINO - c.so Umbria/via Livorno,-,TO – via Stradella,-,TO - Via Stampini,-,BORGARO T.SE - via Lanzo/via Martiri,-,"CASELLE T.SE - via Torino, 99",-,"CASELLE T.SE - str. Aeroporto, 44",-,TORINO - Aeroporto (Caselle),20:37,,,,,,,,,,,,,,,,,,,,,,,,,,,,,,,,,,,,,,,,,,,,,,,,,,,,,,,,,,,,,,,,
C0954,268,12345,FER,,TORINO - Porta Nuova,20:30,TORINO - Porta Susa,20:38,TORINO - c.so Umbria/via Livorno,20:43,TO – via Stradella,20:48,TO - Via Stampini,20:52,BORGARO T.SE - via Lanzo/via Martiri,21:03,"CASELLE T.SE - via Torino, 99",21:10,"CASELLE T.SE - str. Aeroporto, 44",21:12,TORINO - Aeroporto (Caselle),21:15,,,,,,,,,,,,,,,,,,,,,,,,,,,,,,,,,,,,,,,,,,,,,,,,,,,,,,,,,,,,,,,,
C0955,268,12345,FER,EXPRESS,TORINO - Porta Nuova,21:00,TORINO - Porta Susa,21:08,TORINO - c.so Umbria/via Livorno,-,TO – via Stradella,-,TO - Via Stampini,-,BORGARO T.SE - via Lanzo/via Martiri,-,"CASELLE T.SE - via Torino, 99",-,"CASELLE T.SE - str. Aeroporto, 44",-,TORINO - Aeroporto (Caselle),21:37,,,,,,,,,,,,,,,,,,,,,,,,,,,,,,,,,,,,,,,,,,,,,,,,,,,,,,,,,,,,,,,,
C0956,268,12345,FER,,TORINO - Porta Nuova,21:30,TORINO - Porta Susa,21:38,TORINO - c.so Umbria/via Livorno,21:43,TO – via Stradella,21:48,TO - Via Stampini,21:52,BORGARO T.SE - via Lanzo/via Martiri,22:03,"CASELLE T.SE - via Torino, 99",22:10,"CASELLE T.SE - str. Aeroporto, 44",22:12,TORINO - Aeroporto (Caselle),22:15,,,,,,,,,,,,,,,,,,,,,,,,,,,,,,,,,,,,,,,,,,,,,,,,,,,,,,,,,,,,,,,,
C0957,268,12345,FER,,TORINO - Porta Nuova,22:00,TORINO - Porta Susa,22:08,TORINO - c.so Umbria/via Livorno,-,TO – via Stradella,-,TO - Via Stampini,-,BORGARO T.SE - via Lanzo/via Martiri,-,"CASELLE T.SE - via Torino, 99",-,"CASELLE T.SE - str. Aeroporto, 44",-,TORINO - Aeroporto (Caselle),22:37,,,,,,,,,,,,,,,,,,,,,,,,,,,,,,,,,,,,,,,,,,,,,,,,,,,,,,,,,,,,,,,,
C0958,268,12345,FER,K,TORINO - Porta Nuova,22:30,TORINO - Porta Susa,22:38,TORINO - c.so Umbria/via Livorno,22:43,TO – via Stradella,22:48,TO - Via Stampini,22:52,BORGARO T.SE - via Lanzo/via Martiri,23:03,"CASELLE T.SE - via Torino, 99",23:10,"CASELLE T.SE - str. Aeroporto, 44",23:12,TORINO - Aeroporto (Caselle),23:15,,,,,,,,,,,,,,,,,,,,,,,,,,,,,,,,,,,,,,,,,,,,,,,,,,,,,,,,,,,,,,,,
C0959,268,12345,FER,,TORINO - Porta Nuova,23:00,TORINO - Porta Susa,23:08,TORINO - c.so Umbria/via Livorno,-,TO – via Stradella,-,TO - Via Stampini,-,BORGARO T.SE - via Lanzo/via Martiri,-,"CASELLE T.SE - via Torino, 99",-,"CASELLE T.SE - str. Aeroporto, 44",-,TORINO - Aeroporto (Caselle),23:37,,,,,,,,,,,,,,,,,,,,,,,,,,,,,,,,,,,,,,,,,,,,,,,,,,,,,,,,,,,,,,,,
C0960,268,12345,FER,K,TORINO - Porta Nuova,23:30,TORINO - Porta Susa,23:38,TORINO - c.so Umbria/via Livorno,23:43,TO – via Stradella,23:48,TO - Via Stampini,23:52,BORGARO T.SE - via Lanzo/via Martiri,0:03,"CASELLE T.SE - via Torino, 99",0:10,"CASELLE T.SE - str. Aeroporto, 44",0:12,TORINO - Aeroporto (Caselle),0:15,,,,,,,,,,,,,,,,,,,,,,,,,,,,,,,,,,,,,,,,,,,,,,,,,,,,,,,,,,,,,,,,
C0961,268,6,FER,,TORINO - Porta Nuova,5:15,TORINO - Porta Susa,5:23,TORINO - c.so Umbria/via Livorno,5:28,TO – via Stradella,5:33,TO - Via Stampini,5:37,BORGARO T.SE - via Lanzo/via Martiri,5:48,"CASELLE T.SE - via Torino, 99",5:55,"CASELLE T.SE - str. Aeroporto, 44",5:57,TORINO - Aeroporto (Caselle),6:00,,,,,,,,,,,,,,,,,,,,,,,,,,,,,,,,,,,,,,,,,,,,,,,,,,,,,,,,,,,,,,,,
C0962,268,8,FEST,#,TORINO - Porta Nuova,5:30,TORINO - Porta Susa,5:38,TORINO - c.so Umbria/via Livorno,5:43,TO – via Stradella,5:48,TO - Via Stampini,5:52,BORGARO T.SE - via Lanzo/via Martiri,6:03,"CASELLE T.SE - via Torino, 99",6:10,"CASELLE T.SE - str. Aeroporto, 44",6:12,TORINO - Aeroporto (Caselle),6:15,,,,,,,,,,,,,,,,,,,,,,,,,,,,,,,,,,,,,,,,,,,,,,,,,,,,,,,,,,,,,,,,
C0963,268,6,FER,,TORINO - Porta Nuova,5:45,TORINO - Porta Susa,5:53,TORINO - c.so Umbria/via Livorno,5:58,TO – via Stradella,6:03,TO - Via Stampini,6:07,BORGARO T.SE - via Lanzo/via Martiri,6:18,"CASELLE T.SE - via Torino, 99",6:25,"CASELLE T.SE - str. Aeroporto, 44",6:27,TORINO - Aeroporto (Caselle),6:30,,,,,,,,,,,,,,,,,,,,,,,,,,,,,,,,,,,,,,,,,,,,,,,,,,,,,,,,,,,,,,,,
C0964,268,8,FEST,,TORINO - Porta Nuova,6:15,TORINO - Porta Susa,6:23,TORINO - c.so Umbria/via Livorno,6:28,TO – via Stradella,6:33,TO - Via Stampini,6:37,BORGARO T.SE - via Lanzo/via Martiri,6:48,"CASELLE T.SE - via Torino, 99",6:55,"CASELLE T.SE - str. Aeroporto, 44",6:57,TORINO - Aeroporto (Caselle),7:00,,,,,,,,,,,,,,,,,,,,,,,,,,,,,,,,,,,,,,,,,,,,,,,,,,,,,,,,,,,,,,,,
C0965,268,6,FER,,TORINO - Porta Nuova,6:30,TORINO - Porta Susa,6:38,TORINO - c.so Umbria/via Livorno,6:43,TO – via Stradella,6:48,TO - Via Stampini,6:52,BORGARO T.SE - via Lanzo/via Martiri,7:03,"CASELLE T.SE - via Torino, 99",7:10,"CASELLE T.SE - str. Aeroporto, 44",7:12,TORINO - Aeroporto (Caselle),7:15,,,,,,,,,,,,,,,,,,,,,,,,,,,,,,,,,,,,,,,,,,,,,,,,,,,,,,,,,,,,,,,,
C0966,268,8,,,TORINO - Porta Nuova,4:15,TORINO - Porta Susa,4:23,TORINO - c.so Umbria/via Livorno,4:28,TO – via Stradella,4:33,TO - Via Stampini,4:37,BORGARO T.SE - via Lanzo/via Martiri,4:48,"CASELLE T.SE - via Torino, 99",4:55,"CASELLE T.SE - str. Aeroporto, 44",4:57,TORINO - Aeroporto (Caselle),5:00,,,,,,,,,,,,,,,,,,,,,,,,,,,,,,,,,,,,,,,,,,,,,,,,,,,,,,,,,,,,,,,,
C0967,268,8,,,TORINO - Porta Nuova,7:00,TORINO - Porta Susa,7:08,TORINO - c.so Umbria/via Livorno,7:13,TO – via Stradella,7:18,TO - Via Stampini,7:22,BORGARO T.SE - via Lanzo/via Martiri,7:33,"CASELLE T.SE - via Torino, 99",7:40,"CASELLE T.SE - str. Aeroporto, 44",7:42,TORINO - Aeroporto (Caselle),7:45,,,,,,,,,,,,,,,,,,,,,,,,,,,,,,,,,,,,,,,,,,,,,,,,,,,,,,,,,,,,,,,,
C0968,268,8,,EXPRESS,TORINO - Porta Nuova,7:30,TORINO - Porta Susa,7:38,TORINO - c.so Umbria/via Livorno,-,TO – via Stradella,-,TO - Via Stampini,-,BORGARO T.SE - via Lanzo/via Martiri,-,"CASELLE T.SE - via Torino, 99",-,"CASELLE T.SE - str. Aeroporto, 44",-,TORINO - Aeroporto (Caselle),8:07,,,,,,,,,,,,,,,,,,,,,,,,,,,,,,,,,,,,,,,,,,,,,,,,,,,,,,,,,,,,,,,,
C0969,268,8,,#,TORINO - Porta Nuova,8:00,TORINO - Porta Susa,8:08,TORINO - c.so Umbria/via Livorno,8:13,TO – via Stradella,8:18,TO - Via Stampini,8:22,BORGARO T.SE - via Lanzo/via Martiri,8:33,"CASELLE T.SE - via Torino, 99",8:40,"CASELLE T.SE - str. Aeroporto, 44",8:42,TORINO - Aeroporto (Caselle),8:45,,,,,,,,,,,,,,,,,,,,,,,,,,,,,,,,,,,,,,,,,,,,,,,,,,,,,,,,,,,,,,,,
C0970,268,8,,EXPRESS,TORINO - Porta Nuova,8:30,TORINO - Porta Susa,8:38,TORINO - c.so Umbria/via Livorno,-,TO – via Stradella,-,TO - Via Stampini,-,BORGARO T.SE - via Lanzo/via Martiri,-,"CASELLE T.SE - via Torino, 99",-,"CASELLE T.SE - str. Aeroporto, 44",-,TORINO - Aeroporto (Caselle),9:07,,,,,,,,,,,,,,,,,,,,,,,,,,,,,,,,,,,,,,,,,,,,,,,,,,,,,,,,,,,,,,,,
C0971,268,8,,,TORINO - Porta Nuova,9:00,TORINO - Porta Susa,9:08,TORINO - c.so Umbria/via Livorno,9:13,TO – via Stradella,9:18,TO - Via Stampini,9:22,BORGARO T.SE - via Lanzo/via Martiri,9:33,"CASELLE T.SE - via Torino, 99",9:40,"CASELLE T.SE - str. Aeroporto, 44",9:42,TORINO - Aeroporto (Caselle),9:45,,,,,,,,,,,,,,,,,,,,,,,,,,,,,,,,,,,,,,,,,,,,,,,,,,,,,,,,,,,,,,,,
C0972,268,8,,EXPRESS,TORINO - Porta Nuova,9:30,TORINO - Porta Susa,9:38,TORINO - c.so Umbria/via Livorno,-,TO – via Stradella,-,TO - Via Stampini,-,BORGARO T.SE - via Lanzo/via Martiri,-,"CASELLE T.SE - via Torino, 99",-,"CASELLE T.SE - str. Aeroporto, 44",-,TORINO - Aeroporto (Caselle),10:07,,,,,,,,,,,,,,,,,,,,,,,,,,,,,,,,,,,,,,,,,,,,,,,,,,,,,,,,,,,,,,,,
C0973,268,8,,#,TORINO - Porta Nuova,10:00,TORINO - Porta Susa,10:08,TORINO - c.so Umbria/via Livorno,10:13,TO – via Stradella,10:18,TO - Via Stampini,10:22,BORGARO T.SE - via Lanzo/via Martiri,10:33,"CASELLE T.SE - via Torino, 99",10:40,"CASELLE T.SE - str. Aeroporto, 44",10:42,TORINO - Aeroporto (Caselle),10:45,,,,,,,,,,,,,,,,,,,,,,,,,,,,,,,,,,,,,,,,,,,,,,,,,,,,,,,,,,,,,,,,
C0974,268,8,,EXPRESS,TORINO - Porta Nuova,10:30,TORINO - Porta Susa,10:38,TORINO - c.so Umbria/via Livorno,-,TO – via Stradella,-,TO - Via Stampini,-,BORGARO T.SE - via Lanzo/via Martiri,-,"CASELLE T.SE - via Torino, 99",-,"CASELLE T.SE - str. Aeroporto, 44",-,TORINO - Aeroporto (Caselle),11:07,,,,,,,,,,,,,,,,,,,,,,,,,,,,,,,,,,,,,,,,,,,,,,,,,,,,,,,,,,,,,,,,
C0975,268,8,,,TORINO - Porta Nuova,11:00,TORINO - Porta Susa,11:08,TORINO - c.so Umbria/via Livorno,11:13,TO – via Stradella,11:18,TO - Via Stampini,11:22,BORGARO T.SE - via Lanzo/via Martiri,11:33,"CASELLE T.SE - via Torino, 99",11:40,"CASELLE T.SE - str. Aeroporto, 44",11:42,TORINO - Aeroporto (Caselle),11:45,,,,,,,,,,,,,,,,,,,,,,,,,,,,,,,,,,,,,,,,,,,,,,,,,,,,,,,,,,,,,,,,
C0976,268,8,,EXPRESS,TORINO - Porta Nuova,11:30,TORINO - Porta Susa,11:38,TORINO - c.so Umbria/via Livorno,-,TO – via Stradella,-,TO - Via Stampini,-,BORGARO T.SE - via Lanzo/via Martiri,-,"CASELLE T.SE - via Torino, 99",-,"CASELLE T.SE - str. Aeroporto, 44",-,TORINO - Aeroporto (Caselle),12:07,,,,,,,,,,,,,,,,,,,,,,,,,,,,,,,,,,,,,,,,,,,,,,,,,,,,,,,,,,,,,,,,
C0977,268,8,,#,TORINO - Porta Nuova,12:00,TORINO - Porta Susa,12:08,TORINO - c.so Umbria/via Livorno,12:13,TO – via Stradella,12:18,TO - Via Stampini,12:22,BORGARO T.SE - via Lanzo/via Martiri,12:33,"CASELLE T.SE - via Torino, 99",12:40,"CASELLE T.SE - str. Aeroporto, 44",12:42,TORINO - Aeroporto (Caselle),12:45,,,,,,,,,,,,,,,,,,,,,,,,,,,,,,,,,,,,,,,,,,,,,,,,,,,,,,,,,,,,,,,,
C0978,268,8,,EXPRESS,TORINO - Porta Nuova,12:30,TORINO - Porta Susa,12:38,TORINO - c.so Umbria/via Livorno,-,TO – via Stradella,-,TO - Via Stampini,-,BORGARO T.SE - via Lanzo/via Martiri,-,"CASELLE T.SE - via Torino, 99",-,"CASELLE T.SE - str. Aeroporto, 44",-,TORINO - Aeroporto (Caselle),13:07,,,,,,,,,,,,,,,,,,,,,,,,,,,,,,,,,,,,,,,,,,,,,,,,,,,,,,,,,,,,,,,,
C0979,268,8,,,TORINO - Porta Nuova,13:00,TORINO - Porta Susa,13:08,TORINO - c.so Umbria/via Livorno,13:13,TO – via Stradella,13:18,TO - Via Stampini,13:22,BORGARO T.SE - via Lanzo/via Martiri,13:33,"CASELLE T.SE - via Torino, 99",13:40,"CASELLE T.SE - str. Aeroporto, 44",13:42,TORINO - Aeroporto (Caselle),13:45,,,,,,,,,,,,,,,,,,,,,,,,,,,,,,,,,,,,,,,,,,,,,,,,,,,,,,,,,,,,,,,,
C0980,268,8,,EXPRESS,TORINO - Porta Nuova,13:30,TORINO - Porta Susa,13:38,TORINO - c.so Umbria/via Livorno,-,TO – via Stradella,-,TO - Via Stampini,-,BORGARO T.SE - via Lanzo/via Martiri,-,"CASELLE T.SE - via Torino, 99",-,"CASELLE T.SE - str. Aeroporto, 44",-,TORINO - Aeroporto (Caselle),14:07,,,,,,,,,,,,,,,,,,,,,,,,,,,,,,,,,,,,,,,,,,,,,,,,,,,,,,,,,,,,,,,,
C0981,268,8,,#,TORINO - Porta Nuova,14:00,TORINO - Porta Susa,14:08,TORINO - c.so Umbria/via Livorno,14:13,TO – via Stradella,14:18,TO - Via Stampini,14:22,BORGARO T.SE - via Lanzo/via Martiri,14:33,"CASELLE T.SE - via Torino, 99",14:40,"CASELLE T.SE - str. Aeroporto, 44",14:42,TORINO - Aeroporto (Caselle),14:45,,,,,,,,,,,,,,,,,,,,,,,,,,,,,,,,,,,,,,,,,,,,,,,,,,,,,,,,,,,,,,,,
C0982,268,8,,EXPRESS,TORINO - Porta Nuova,14:30,TORINO - Porta Susa,14:38,TORINO - c.so Umbria/via Livorno,-,TO – via Stradella,-,TO - Via Stampini,-,BORGARO T.SE - via Lanzo/via Martiri,-,"CASELLE T.SE - via Torino, 99",-,"CASELLE T.SE - str. Aeroporto, 44",-,TORINO - Aeroporto (Caselle),15:07,,,,,,,,,,,,,,,,,,,,,,,,,,,,,,,,,,,,,,,,,,,,,,,,,,,,,,,,,,,,,,,,
C0983,268,8,,,TORINO - Porta Nuova,15:00,TORINO - Porta Susa,15:08,TORINO - c.so Umbria/via Livorno,15:13,TO – via Stradella,15:18,TO - Via Stampini,15:22,BORGARO T.SE - via Lanzo/via Martiri,15:33,"CASELLE T.SE - via Torino, 99",15:40,"CASELLE T.SE - str. Aeroporto, 44",15:42,TORINO - Aeroporto (Caselle),15:45,,,,,,,,,,,,,,,,,,,,,,,,,,,,,,,,,,,,,,,,,,,,,,,,,,,,,,,,,,,,,,,,
C0984,268,8,,EXPRESS,TORINO - Porta Nuova,15:30,TORINO - Porta Susa,15:38,TORINO - c.so Umbria/via Livorno,-,TO – via Stradella,-,TO - Via Stampini,-,BORGARO T.SE - via Lanzo/via Martiri,-,"CASELLE T.SE - via Torino, 99",-,"CASELLE T.SE - str. Aeroporto, 44",-,TORINO - Aeroporto (Caselle),16:07,,,,,,,,,,,,,,,,,,,,,,,,,,,,,,,,,,,,,,,,,,,,,,,,,,,,,,,,,,,,,,,,
C0985,268,8,,#,TORINO - Porta Nuova,16:00,TORINO - Porta Susa,16:08,TORINO - c.so Umbria/via Livorno,16:13,TO – via Stradella,16:18,TO - Via Stampini,16:22,BORGARO T.SE - via Lanzo/via Martiri,16:33,"CASELLE T.SE - via Torino, 99",16:40,"CASELLE T.SE - str. Aeroporto, 44",16:42,TORINO - Aeroporto (Caselle),16:45,,,,,,,,,,,,,,,,,,,,,,,,,,,,,,,,,,,,,,,,,,,,,,,,,,,,,,,,,,,,,,,,
C0986,268,8,,EXPRESS,TORINO - Porta Nuova,16:30,TORINO - Porta Susa,16:38,TORINO - c.so Umbria/via Livorno,-,TO – via Stradella,-,TO - Via Stampini,-,BORGARO T.SE - via Lanzo/via Martiri,-,"CASELLE T.SE - via Torino, 99",-,"CASELLE T.SE - str. Aeroporto, 44",-,TORINO - Aeroporto (Caselle),17:07,,,,,,,,,,,,,,,,,,,,,,,,,,,,,,,,,,,,,,,,,,,,,,,,,,,,,,,,,,,,,,,,
C0987,268,8,,,TORINO - Porta Nuova,17:00,TORINO - Porta Susa,17:08,TORINO - c.so Umbria/via Livorno,17:13,TO – via Stradella,17:18,TO - Via Stampini,17:22,BORGARO T.SE - via Lanzo/via Martiri,17:33,"CASELLE T.SE - via Torino, 99",17:40,"CASELLE T.SE - str. Aeroporto, 44",17:42,TORINO - Aeroporto (Caselle),17:45,,,,,,,,,,,,,,,,,,,,,,,,,,,,,,,,,,,,,,,,,,,,,,,,,,,,,,,,,,,,,,,,
C0988,268,6,FER,K,TORINO - Porta Nuova,23:30,TORINO - Porta Susa,23:38,TORINO - c.so Umbria/via Livorno,23:43,TO – via Stradella,23:48,TO - Via Stampini,23:52,BORGARO T.SE - via Lanzo/via Martiri,0:03,"CASELLE T.SE - via Torino, 99",0:10,"CASELLE T.SE - str. Aeroporto, 44",0:12,TORINO - Aeroporto (Caselle),0:15,,,,,,,,,,,,,,,,,,,,,,,,,,,,,,,,,,,,,,,,,,,,,,,,,,,,,,,,,,,,,,,,
C0989,268,8,,EXPRESS,TORINO - Porta Nuova,17:30,TORINO - Porta Susa,17:38,TORINO - c.so Umbria/via Livorno,-,TO – via Stradella,-,TO - Via Stampini,-,BORGARO T.SE - via Lanzo/via Martiri,-,"CASELLE T.SE - via Torino, 99",-,"CASELLE T.SE - str. Aeroporto, 44",-,TORINO - Aeroporto (Caselle),18:07,,,,,,,,,,,,,,,,,,,,,,,,,,,,,,,,,,,,,,,,,,,,,,,,,,,,,,,,,,,,,,,,
C0990,268,8,,#,TORINO - Porta Nuova,18:00,TORINO - Porta Susa,18:08,TORINO - c.so Umbria/via Livorno,18:13,TO – via Stradella,18:18,TO - Via Stampini,18:22,BORGARO T.SE - via Lanzo/via Martiri,18:33,"CASELLE T.SE - via Torino, 99",18:40,"CASELLE T.SE - str. Aeroporto, 44",18:42,TORINO - Aeroporto (Caselle),18:45,,,,,,,,,,,,,,,,,,,,,,,,,,,,,,,,,,,,,,,,,,,,,,,,,,,,,,,,,,,,,,,,
C0991,268,8,,EXPRESS,TORINO - Porta Nuova,18:30,TORINO - Porta Susa,18:38,TORINO - c.so Umbria/via Livorno,-,TO – via Stradella,-,TO - Via Stampini,-,BORGARO T.SE - via Lanzo/via Martiri,-,"CASELLE T.SE - via Torino, 99",-,"CASELLE T.SE - str. Aeroporto, 44",-,TORINO - Aeroporto (Caselle),19:07,,,,,,,,,,,,,,,,,,,,,,,,,,,,,,,,,,,,,,,,,,,,,,,,,,,,,,,,,,,,,,,,
C0992,268,8,,,TORINO - Porta Nuova,19:00,TORINO - Porta Susa,19:08,TORINO - c.so Umbria/via Livorno,19:13,TO – via Stradella,19:18,TO - Via Stampini,19:22,BORGARO T.SE - via Lanzo/via Martiri,19:33,"CASELLE T.SE - via Torino, 99",19:40,"CASELLE T.SE - str. Aeroporto, 44",19:42,TORINO - Aeroporto (Caselle),19:45,,,,,,,,,,,,,,,,,,,,,,,,,,,,,,,,,,,,,,,,,,,,,,,,,,,,,,,,,,,,,,,,
C0993,268,8,,EXPRESS,TORINO - Porta Nuova,19:30,TORINO - Porta Susa,19:38,TORINO - c.so Umbria/via Livorno,-,TO – via Stradella,-,TO - Via Stampini,-,BORGARO T.SE - via Lanzo/via Martiri,-,"CASELLE T.SE - via Torino, 99",-,"CASELLE T.SE - str. Aeroporto, 44",-,TORINO - Aeroporto (Caselle),20:07,,,,,,,,,,,,,,,,,,,,,,,,,,,,,,,,,,,,,,,,,,,,,,,,,,,,,,,,,,,,,,,,
C0994,268,8,,#,TORINO - Porta Nuova,20:00,TORINO - Porta Susa,20:08,TORINO - c.so Umbria/via Livorno,20:13,TO – via Stradella,20:18,TO - Via Stampini,20:22,BORGARO T.SE - via Lanzo/via Martiri,20:33,"CASELLE T.SE - via Torino, 99",20:40,"CASELLE T.SE - str. Aeroporto, 44",20:42,TORINO - Aeroporto (Caselle),20:45,,,,,,,,,,,,,,,,,,,,,,,,,,,,,,,,,,,,,,,,,,,,,,,,,,,,,,,,,,,,,,,,
C0995,268,8,,EXPRESS,TORINO - Porta Nuova,20:30,TORINO - Porta Susa,20:38,TORINO - c.so Umbria/via Livorno,-,TO – via Stradella,-,TO - Via Stampini,-,BORGARO T.SE - via Lanzo/via Martiri,-,"CASELLE T.SE - via Torino, 99",-,"CASELLE T.SE - str. Aeroporto, 44",-,TORINO - Aeroporto (Caselle),21:07,,,,,,,,,,,,,,,,,,,,,,,,,,,,,,,,,,,,,,,,,,,,,,,,,,,,,,,,,,,,,,,,
C0996,268,8,,,TORINO - Porta Nuova,21:00,TORINO - Porta Susa,21:08,TORINO - c.so Umbria/via Livorno,21:13,TO – via Stradella,21:18,TO - Via Stampini,21:22,BORGARO T.SE - via Lanzo/via Martiri,21:33,"CASELLE T.SE - via Torino, 99",21:40,"CASELLE T.SE - str. Aeroporto, 44",21:42,TORINO - Aeroporto (Caselle),21:45,,,,,,,,,,,,,,,,,,,,,,,,,,,,,,,,,,,,,,,,,,,,,,,,,,,,,,,,,,,,,,,,
C0997,268,8,,EXPRESS,TORINO - Porta Nuova,21:30,TORINO - Porta Susa,21:38,TORINO - c.so Umbria/via Livorno,-,TO – via Stradella,-,TO - Via Stampini,-,BORGARO T.SE - via Lanzo/via Martiri,-,"CASELLE T.SE - via Torino, 99",-,"CASELLE T.SE - str. Aeroporto, 44",-,TORINO - Aeroporto (Caselle),22:07,,,,,,,,,,,,,,,,,,,,,,,,,,,,,,,,,,,,,,,,,,,,,,,,,,,,,,,,,,,,,,,,
C0998,268,8,,K,TORINO - Porta Nuova,22:00,TORINO - Porta Susa,22:08,TORINO - c.so Umbria/via Livorno,22:13,TO – via Stradella,22:18,TO - Via Stampini,22:22,BORGARO T.SE - via Lanzo/via Martiri,22:33,"CASELLE T.SE - via Torino, 99",22:40,"CASELLE T.SE - str. Aeroporto, 44",22:42,TORINO - Aeroporto (Caselle),22:45,,,,,,,,,,,,,,,,,,,,,,,,,,,,,,,,,,,,,,,,,,,,,,,,,,,,,,,,,,,,,,,,
C0999,268,8,,,TORINO - Porta Nuova,22:30,TORINO - Porta Susa,22:38,TORINO - c.so Umbria/via Livorno,-,TO – via Stradella,-,TO - Via Stampini,-,BORGARO T.SE - via Lanzo/via Martiri,-,"CASELLE T.SE - via Torino, 99",-,"CASELLE T.SE - str. Aeroporto, 44",-,TORINO - Aeroporto (Caselle),23:07,,,,,,,,,,,,,,,,,,,,,,,,,,,,,,,,,,,,,,,,,,,,,,,,,,,,,,,,,,,,,,,,
C1000,268,8,,K,TORINO - Porta Nuova,23:00,TORINO - Porta Susa,23:08,TORINO - c.so Umbria/via Livorno,23:13,TO – via Stradella,23:18,TO - Via Stampini,23:22,BORGARO T.SE - via Lanzo/via Martiri,23:33,"CASELLE T.SE - via Torino, 99",23:40,"CASELLE T.SE - str. Aeroporto, 44",23:42,TORINO - Aeroporto (Caselle),23:45,,,,,,,,,,,,,,,,,,,,,,,,,,,,,,,,,,,,,,,,,,,,,,,,,,,,,,,,,,,,,,,,
C1001,268,12345,FER,,TORINO - Aeroporto (Caselle),6:10,CASELLE T.SE - str.Aerop. (fronte n° 36),6:13,CASELLE T.SE - via Torino (fronte n° 99),6:15,"BORGARO T.SE - via Lanzo, 157",6:22,"TO - Str Aeroporto (Ferm.""VERONESE"")",6:32,TO – via Stradella,6:35,TORINO - c.so Umbria/via Livorno,6:40,TORINO - Porta Susa,6:45,TORINO - Porta Nuova,6:55,,,,,,,,,,,,,,,,,,,,,,,,,,,,,,,,,,,,,,,,,,,,,,,,,,,,,,,,,,,,,,,,
C1002,268,12345,FER,,TORINO - Aeroporto (Caselle),6:30,CASELLE T.SE - str.Aerop. (fronte n° 36),6:33,CASELLE T.SE - via Torino (fronte n° 99),6:35,"BORGARO T.SE - via Lanzo, 157",6:42,"TO - Str Aeroporto (Ferm.""VERONESE"")",6:52,TO – via Stradella,6:55,TORINO - c.so Umbria/via Livorno,7:00,TORINO - Porta Susa,7:05,TORINO - Porta Nuova,7:15,,,,,,,,,,,,,,,,,,,,,,,,,,,,,,,,,,,,,,,,,,,,,,,,,,,,,,,,,,,,,,,,
C1003,268,12345,FER,,TORINO - Aeroporto (Caselle),6:45,CASELLE T.SE - str.Aerop. (fronte n° 36),6:48,CASELLE T.SE - via Torino (fronte n° 99),6:50,"BORGARO T.SE - via Lanzo, 157",6:57,"TO - Str Aeroporto (Ferm.""VERONESE"")",7:07,TO – via Stradella,7:10,TORINO - c.so Umbria/via Livorno,7:15,TORINO - Porta Susa,7:20,TORINO - Porta Nuova,7:30,,,,,,,,,,,,,,,,,,,,,,,,,,,,,,,,,,,,,,,,,,,,,,,,,,,,,,,,,,,,,,,,
C1004,268,12345,SCO,Scol,TORINO - Aeroporto (Caselle),7:00,CASELLE T.SE - str.Aerop. (fronte n° 36),7:03,CASELLE T.SE - via Torino (fronte n° 99),7:05,"BORGARO T.SE - via Lanzo, 157",7:12,"TO - Str Aeroporto (Ferm.""VERONESE"")",7:22,TO – via Stradella,7:25,TORINO - c.so Umbria/via Livorno,7:30,TORINO - Porta Susa,7:35,TORINO - Porta Nuova,7:45,,,,,,,,,,,,,,,,,,,,,,,,,,,,,,,,,,,,,,,,,,,,,,,,,,,,,,,,,,,,,,,,
C1005,268,12345,FER,,TORINO - Aeroporto (Caselle),7:05,CASELLE T.SE - str.Aerop. (fronte n° 36),7:08,CASELLE T.SE - via Torino (fronte n° 99),7:10,"BORGARO T.SE - via Lanzo, 157",7:17,"TO - Str Aeroporto (Ferm.""VERONESE"")",7:27,TO – via Stradella,7:30,TORINO - c.so Umbria/via Livorno,7:35,TORINO - Porta Susa,7:40,TORINO - Porta Nuova,7:50,,,,,,,,,,,,,,,,,,,,,,,,,,,,,,,,,,,,,,,,,,,,,,,,,,,,,,,,,,,,,,,,
C1006,268,12345,SCO,Scol,TORINO - Aeroporto (Caselle),7:10,CASELLE T.SE - str.Aerop. (fronte n° 36),7:13,CASELLE T.SE - via Torino (fronte n° 99),7:15,"BORGARO T.SE - via Lanzo, 157",7:22,"TO - Str Aeroporto (Ferm.""VERONESE"")",7:32,TO – via Stradella,7:35,TORINO - c.so Umbria/via Livorno,7:40,TORINO - Porta Susa,7:45,TORINO - Porta Nuova,7:55,,,,,,,,,,,,,,,,,,,,,,,,,,,,,,,,,,,,,,,,,,,,,,,,,,,,,,,,,,,,,,,,
C1007,268,12345,FER,,TORINO - Aeroporto (Caselle),7:25,CASELLE T.SE - str.Aerop. (fronte n° 36),7:28,CASELLE T.SE - via Torino (fronte n° 99),7:30,"BORGARO T.SE - via Lanzo, 157",7:37,"TO - Str Aeroporto (Ferm.""VERONESE"")",7:47,TO – via Stradella,7:50,TORINO - c.so Umbria/via Livorno,7:55,TORINO - Porta Susa,8:00,TORINO - Porta Nuova,8:10,,,,,,,,,,,,,,,,,,,,,,,,,,,,,,,,,,,,,,,,,,,,,,,,,,,,,,,,,,,,,,,,
C1008,268,12345,FER,,CASELLE T.SE - str.Aerop. (fronte n° 36),7:38,CASELLE T.SE - via Torino (fronte n° 99),7:40,"BORGARO T.SE - via Lanzo, 157",7:47,"TO - Str Aeroporto (Ferm.""VERONESE"")",7:57,TO – via Stradella,8:00,TORINO - c.so Umbria/via Livorno,8:05,TORINO - Porta Susa,8:10,TORINO - Porta Nuova,8:20,,,,,,,,,,,,,,,,,,,,,,,,,,,,,,,,,,,,,,,,,,,,,,,,,,,,,,,,,,,,,,,,,,
C1009,268,12345,FER,,TORINO - Aeroporto (Caselle),7:45,CASELLE T.SE - str.Aerop. (fronte n° 36),7:48,CASELLE T.SE - via Torino (fronte n° 99),7:50,"BORGARO T.SE - via Lanzo, 157",7:57,"TO - Str Aeroporto (Ferm.""VERONESE"")",8:07,TO – via Stradella,8:10,TORINO - c.so Umbria/via Livorno,8:15,TORINO - Porta Susa,8:20,TORINO - Porta Nuova,8:30,,,,,,,,,,,,,,,,,,,,,,,,,,,,,,,,,,,,,,,,,,,,,,,,,,,,,,,,,,,,,,,,
C1010,268,12345,FER,,TORINO - Aeroporto (Caselle),8:00,CASELLE T.SE - str.Aerop. (fronte n° 36),8:03,CASELLE T.SE - via Torino (fronte n° 99),8:05,"BORGARO T.SE - via Lanzo, 157",8:12,"TO - Str Aeroporto (Ferm.""VERONESE"")",8:22,TO – via Stradella,8:25,TORINO - c.so Umbria/via Livorno,8:30,TORINO - Porta Susa,8:35,TORINO - Porta Nuova,8:45,,,,,,,,,,,,,,,,,,,,,,,,,,,,,,,,,,,,,,,,,,,,,,,,,,,,,,,,,,,,,,,,
C1011,268,12345,FER,,TORINO - Aeroporto (Caselle),8:15,CASELLE T.SE - str.Aerop. (fronte n° 36),8:18,CASELLE T.SE - via Torino (fronte n° 99),8:20,"BORGARO T.SE - via Lanzo, 157",8:27,"TO - Str Aeroporto (Ferm.""VERONESE"")",8:37,TO – via Stradella,8:40,TORINO - c.so Umbria/via Livorno,8:45,TORINO - Porta Susa,8:50,TORINO - Porta Nuova,9:00,,,,,,,,,,,,,,,,,,,,,,,,,,,,,,,,,,,,,,,,,,,,,,,,,,,,,,,,,,,,,,,,
C1012,268,12345,FER,,TORINO - Aeroporto (Caselle),8:30,CASELLE T.SE - str.Aerop. (fronte n° 36),8:33,CASELLE T.SE - via Torino (fronte n° 99),8:35,"BORGARO T.SE - via Lanzo, 157",8:42,"TO - Str Aeroporto (Ferm.""VERONESE"")",8:52,TO – via Stradella,8:55,TORINO - c.so Umbria/via Livorno,9:00,TORINO - Porta Susa,9:05,TORINO - Porta Nuova,9:15,,,,,,,,,,,,,,,,,,,,,,,,,,,,,,,,,,,,,,,,,,,,,,,,,,,,,,,,,,,,,,,,
C1013,268,12345,FER,EXPRESS,TORINO - Aeroporto (Caselle),8:45,CASELLE T.SE - str.Aerop. (fronte n° 36),-,CASELLE T.SE - via Torino (fronte n° 99),-,"BORGARO T.SE - via Lanzo, 157",-,"TO - Str Aeroporto (Ferm.""VERONESE"")",-,TO – via Stradella,-,TORINO - c.so Umbria/via Livorno,-,TORINO - Porta Susa,9:14,TORINO - Porta Nuova,9:24,,,,,,,,,,,,,,,,,,,,,,,,,,,,,,,,,,,,,,,,,,,,,,,,,,,,,,,,,,,,,,,,
C1014,268,12345,FER,,TORINO - Aeroporto (Caselle),9:00,CASELLE T.SE - str.Aerop. (fronte n° 36),9:03,CASELLE T.SE - via Torino (fronte n° 99),9:05,"BORGARO T.SE - via Lanzo, 157",9:12,"TO - Str Aeroporto (Ferm.""VERONESE"")",9:22,TO – via Stradella,9:25,TORINO - c.so Umbria/via Livorno,9:30,TORINO - Porta Susa,9:35,TORINO - Porta Nuova,9:45,,,,,,,,,,,,,,,,,,,,,,,,,,,,,,,,,,,,,,,,,,,,,,,,,,,,,,,,,,,,,,,,
C1015,268,12345,FER,EXPRESS,TORINO - Aeroporto (Caselle),9:15,CASELLE T.SE - str.Aerop. (fronte n° 36),-,CASELLE T.SE - via Torino (fronte n° 99),-,"BORGARO T.SE - via Lanzo, 157",-,"TO - Str Aeroporto (Ferm.""VERONESE"")",-,TO – via Stradella,-,TORINO - c.so Umbria/via Livorno,-,TORINO - Porta Susa,9:44,TORINO - Porta Nuova,9:54,,,,,,,,,,,,,,,,,,,,,,,,,,,,,,,,,,,,,,,,,,,,,,,,,,,,,,,,,,,,,,,,
C1016,268,12345,FER,,TORINO - Aeroporto (Caselle),9:30,CASELLE T.SE - str.Aerop. (fronte n° 36),9:33,CASELLE T.SE - via Torino (fronte n° 99),9:35,"BORGARO T.SE - via Lanzo, 157",9:42,"TO - Str Aeroporto (Ferm.""VERONESE"")",9:52,TO – via Stradella,9:55,TORINO - c.so Umbria/via Livorno,10:00,TORINO - Porta Susa,10:05,TORINO - Porta Nuova,10:15,,,,,,,,,,,,,,,,,,,,,,,,,,,,,,,,,,,,,,,,,,,,,,,,,,,,,,,,,,,,,,,,
C1017,268,12345,FER,EXPRESS,TORINO - Aeroporto (Caselle),9:45,CASELLE T.SE - str.Aerop. (fronte n° 36),-,CASELLE T.SE - via Torino (fronte n° 99),-,"BORGARO T.SE - via Lanzo, 157",-,"TO - Str Aeroporto (Ferm.""VERONESE"")",-,TO – via Stradella,-,TORINO - c.so Umbria/via Livorno,-,TORINO - Porta Susa,10:14,TORINO - Porta Nuova,10:24,,,,,,,,,,,,,,,,,,,,,,,,,,,,,,,,,,,,,,,,,,,,,,,,,,,,,,,,,,,,,,,,
C1018,268,12345,FER,,TORINO - Aeroporto (Caselle),10:00,CASELLE T.SE - str.Aerop. (fronte n° 36),10:03,CASELLE T.SE - via Torino (fronte n° 99),10:05,"BORGARO T.SE - via Lanzo, 157",10:12,"TO - Str Aeroporto (Ferm.""VERONESE"")",10:22,TO – via Stradella,10:25,TORINO - c.so Umbria/via Livorno,10:30,TORINO - Porta Susa,10:35,TORINO - Porta Nuova,10:45,,,,,,,,,,,,,,,,,,,,,,,,,,,,,,,,,,,,,,,,,,,,,,,,,,,,,,,,,,,,,,,,
C1019,268,12345,FER,EXPRESS,TORINO - Aeroporto (Caselle),10:15,CASELLE T.SE - str.Aerop. (fronte n° 36),-,CASELLE T.SE - via Torino (fronte n° 99),-,"BORGARO T.SE - via Lanzo, 157",-,"TO - Str Aeroporto (Ferm.""VERONESE"")",-,TO – via Stradella,-,TORINO - c.so Umbria/via Livorno,-,TORINO - Porta Susa,10:44,TORINO - Porta Nuova,10:54,,,,,,,,,,,,,,,,,,,,,,,,,,,,,,,,,,,,,,,,,,,,,,,,,,,,,,,,,,,,,,,,
C1020,268,12345,FER,,TORINO - Aeroporto (Caselle),10:30,CASELLE T.SE - str.Aerop. (fronte n° 36),10:33,CASELLE T.SE - via Torino (fronte n° 99),10:35,"BORGARO T.SE - via Lanzo, 157",10:42,"TO - Str Aeroporto (Ferm.""VERONESE"")",10:52,TO – via Stradella,10:55,TORINO - c.so Umbria/via Livorno,11:00,TORINO - Porta Susa,11:05,TORINO - Porta Nuova,11:15,,,,,,,,,,,,,,,,,,,,,,,,,,,,,,,,,,,,,,,,,,,,,,,,,,,,,,,,,,,,,,,,
C1021,268,12345,FER,EXPRESS,TORINO - Aeroporto (Caselle),10:45,CASELLE T.SE - str.Aerop. (fronte n° 36),-,CASELLE T.SE - via Torino (fronte n° 99),-,"BORGARO T.SE - via Lanzo, 157",-,"TO - Str Aeroporto (Ferm.""VERONESE"")",-,TO – via Stradella,-,TORINO - c.so Umbria/via Livorno,-,TORINO - Porta Susa,11:14,TORINO - Porta Nuova,11:24,,,,,,,,,,,,,,,,,,,,,,,,,,,,,,,,,,,,,,,,,,,,,,,,,,,,,,,,,,,,,,,,
C1022,268,12345,FER,,TORINO - Aeroporto (Caselle),11:00,CASELLE T.SE - str.Aerop. (fronte n° 36),11:03,CASELLE T.SE - via Torino (fronte n° 99),11:05,"BORGARO T.SE - via Lanzo, 157",11:12,"TO - Str Aeroporto (Ferm.""VERONESE"")",11:22,TO – via Stradella,11:25,TORINO - c.so Umbria/via Livorno,11:30,TORINO - Porta Susa,11:35,TORINO - Porta Nuova,11:45,,,,,,,,,,,,,,,,,,,,,,,,,,,,,,,,,,,,,,,,,,,,,,,,,,,,,,,,,,,,,,,,
C1023,268,12345,FER,EXPRESS,TORINO - Aeroporto (Caselle),11:15,CASELLE T.SE - str.Aerop. (fronte n° 36),-,CASELLE T.SE - via Torino (fronte n° 99),-,"BORGARO T.SE - via Lanzo, 157",-,"TO - Str Aeroporto (Ferm.""VERONESE"")",-,TO – via Stradella,-,TORINO - c.so Umbria/via Livorno,-,TORINO - Porta Susa,11:44,TORINO - Porta Nuova,11:54,,,,,,,,,,,,,,,,,,,,,,,,,,,,,,,,,,,,,,,,,,,,,,,,,,,,,,,,,,,,,,,,
C1024,268,12345,FER,,TORINO - Aeroporto (Caselle),11:30,CASELLE T.SE - str.Aerop. (fronte n° 36),11:33,CASELLE T.SE - via Torino (fronte n° 99),11:35,"BORGARO T.SE - via Lanzo, 157",11:42,"TO - Str Aeroporto (Ferm.""VERONESE"")",11:52,TO – via Stradella,11:55,TORINO - c.so Umbria/via Livorno,12:00,TORINO - Porta Susa,12:05,TORINO - Porta Nuova,12:15,,,,,,,,,,,,,,,,,,,,,,,,,,,,,,,,,,,,,,,,,,,,,,,,,,,,,,,,,,,,,,,,
C1025,268,12345,FER,EXPRESS,TORINO - Aeroporto (Caselle),11:45,CASELLE T.SE - str.Aerop. (fronte n° 36),-,CASELLE T.SE - via Torino (fronte n° 99),-,"BORGARO T.SE - via Lanzo, 157",-,"TO - Str Aeroporto (Ferm.""VERONESE"")",-,TO – via Stradella,-,TORINO - c.so Umbria/via Livorno,-,TORINO - Porta Susa,12:14,TORINO - Porta Nuova,12:24,,,,,,,,,,,,,,,,,,,,,,,,,,,,,,,,,,,,,,,,,,,,,,,,,,,,,,,,,,,,,,,,
C1026,268,12345,FER,,TORINO - Aeroporto (Caselle),12:00,CASELLE T.SE - str.Aerop. (fronte n° 36),12:03,CASELLE T.SE - via Torino (fronte n° 99),12:05,"BORGARO T.SE - via Lanzo, 157",12:12,"TO - Str Aeroporto (Ferm.""VERONESE"")",12:22,TO – via Stradella,12:25,TORINO - c.so Umbria/via Livorno,12:30,TORINO - Porta Susa,12:35,TORINO - Porta Nuova,12:45,,,,,,,,,,,,,,,,,,,,,,,,,,,,,,,,,,,,,,,,,,,,,,,,,,,,,,,,,,,,,,,,
C1027,268,12345,FER,EXPRESS,TORINO - Aeroporto (Caselle),12:15,CASELLE T.SE - str.Aerop. (fronte n° 36),-,CASELLE T.SE - via Torino (fronte n° 99),-,"BORGARO T.SE - via Lanzo, 157",-,"TO - Str Aeroporto (Ferm.""VERONESE"")",-,TO – via Stradella,-,TORINO - c.so Umbria/via Livorno,-,TORINO - Porta Susa,12:44,TORINO - Porta Nuova,12:54,,,,,,,,,,,,,,,,,,,,,,,,,,,,,,,,,,,,,,,,,,,,,,,,,,,,,,,,,,,,,,,,
C1028,268,12345,FER,,TORINO - Aeroporto (Caselle),12:30,CASELLE T.SE - str.Aerop. (fronte n° 36),12:33,CASELLE T.SE - via Torino (fronte n° 99),12:35,"BORGARO T.SE - via Lanzo, 157",12:42,"TO - Str Aeroporto (Ferm.""VERONESE"")",12:52,TO – via Stradella,12:55,TORINO - c.so Umbria/via Livorno,13:00,TORINO - Porta Susa,13:05,TORINO - Porta Nuova,13:15,,,,,,,,,,,,,,,,,,,,,,,,,,,,,,,,,,,,,,,,,,,,,,,,,,,,,,,,,,,,,,,,
C1029,268,12345,FER,EXPRESS,TORINO - Aeroporto (Caselle),12:45,CASELLE T.SE - str.Aerop. (fronte n° 36),-,CASELLE T.SE - via Torino (fronte n° 99),-,"BORGARO T.SE - via Lanzo, 157",-,"TO - Str Aeroporto (Ferm.""VERONESE"")",-,TO – via Stradella,-,TORINO - c.so Umbria/via Livorno,-,TORINO - Porta Susa,13:14,TORINO - Porta Nuova,13:24,,,,,,,,,,,,,,,,,,,,,,,,,,,,,,,,,,,,,,,,,,,,,,,,,,,,,,,,,,,,,,,,
C1030,268,12345,FER,,TORINO - Aeroporto (Caselle),13:00,CASELLE T.SE - str.Aerop. (fronte n° 36),13:03,CASELLE T.SE - via Torino (fronte n° 99),13:05,"BORGARO T.SE - via Lanzo, 157",13:12,"TO - Str Aeroporto (Ferm.""VERONESE"")",13:22,TO – via Stradella,13:25,TORINO - c.so Umbria/via Livorno,13:30,TORINO - Porta Susa,13:35,TORINO - Porta Nuova,13:45,,,,,,,,,,,,,,,,,,,,,,,,,,,,,,,,,,,,,,,,,,,,,,,,,,,,,,,,,,,,,,,,
C1031,268,12345,FER,EXPRESS,TORINO - Aeroporto (Caselle),13:15,CASELLE T.SE - str.Aerop. (fronte n° 36),-,CASELLE T.SE - via Torino (fronte n° 99),-,"BORGARO T.SE - via Lanzo, 157",-,"TO - Str Aeroporto (Ferm.""VERONESE"")",-,TO – via Stradella,-,TORINO - c.so Umbria/via Livorno,-,TORINO - Porta Susa,13:44,TORINO - Porta Nuova,13:54,,,,,,,,,,,,,,,,,,,,,,,,,,,,,,,,,,,,,,,,,,,,,,,,,,,,,,,,,,,,,,,,
C1032,268,12345,FER,,TORINO - Aeroporto (Caselle),13:30,CASELLE T.SE - str.Aerop. (fronte n° 36),13:33,CASELLE T.SE - via Torino (fronte n° 99),13:35,"BORGARO T.SE - via Lanzo, 157",13:42,"TO - Str Aeroporto (Ferm.""VERONESE"")",13:52,TO – via Stradella,13:55,TORINO - c.so Umbria/via Livorno,14:00,TORINO - Porta Susa,14:05,TORINO - Porta Nuova,14:15,,,,,,,,,,,,,,,,,,,,,,,,,,,,,,,,,,,,,,,,,,,,,,,,,,,,,,,,,,,,,,,,
C1033,268,12345,FER,EXPRESS,TORINO - Aeroporto (Caselle),13:45,CASELLE T.SE - str.Aerop. (fronte n° 36),-,CASELLE T.SE - via Torino (fronte n° 99),-,"BORGARO T.SE - via Lanzo, 157",-,"TO - Str Aeroporto (Ferm.""VERONESE"")",-,TO – via Stradella,-,TORINO - c.so Umbria/via Livorno,-,TORINO - Porta Susa,14:14,TORINO - Porta Nuova,14:24,,,,,,,,,,,,,,,,,,,,,,,,,,,,,,,,,,,,,,,,,,,,,,,,,,,,,,,,,,,,,,,,
C1034,268,12345,FER,,TORINO - Aeroporto (Caselle),14:00,CASELLE T.SE - str.Aerop. (fronte n° 36),14:03,CASELLE T.SE - via Torino (fronte n° 99),14:05,"BORGARO T.SE - via Lanzo, 157",14:12,"TO - Str Aeroporto (Ferm.""VERONESE"")",14:22,TO – via Stradella,14:25,TORINO - c.so Umbria/via Livorno,14:30,TORINO - Porta Susa,14:35,TORINO - Porta Nuova,14:45,,,,,,,,,,,,,,,,,,,,,,,,,,,,,,,,,,,,,,,,,,,,,,,,,,,,,,,,,,,,,,,,
C1035,268,12345,FER,EXPRESS,TORINO - Aeroporto (Caselle),14:15,CASELLE T.SE - str.Aerop. (fronte n° 36),-,CASELLE T.SE - via Torino (fronte n° 99),-,"BORGARO T.SE - via Lanzo, 157",-,"TO - Str Aeroporto (Ferm.""VERONESE"")",-,TO – via Stradella,-,TORINO - c.so Umbria/via Livorno,-,TORINO - Porta Susa,14:44,TORINO - Porta Nuova,14:54,,,,,,,,,,,,,,,,,,,,,,,,,,,,,,,,,,,,,,,,,,,,,,,,,,,,,,,,,,,,,,,,
C1036,268,12345,FER,,TORINO - Aeroporto (Caselle),14:30,CASELLE T.SE - str.Aerop. (fronte n° 36),14:33,CASELLE T.SE - via Torino (fronte n° 99),14:35,"BORGARO T.SE - via Lanzo, 157",14:42,"TO - Str Aeroporto (Ferm.""VERONESE"")",14:52,TO – via Stradella,14:55,TORINO - c.so Umbria/via Livorno,15:00,TORINO - Porta Susa,15:05,TORINO - Porta Nuova,15:15,,,,,,,,,,,,,,,,,,,,,,,,,,,,,,,,,,,,,,,,,,,,,,,,,,,,,,,,,,,,,,,,
C1037,268,12345,FER,EXPRESS,TORINO - Aeroporto (Caselle),14:45,CASELLE T.SE - str.Aerop. (fronte n° 36),-,CASELLE T.SE - via Torino (fronte n° 99),-,"BORGARO T.SE - via Lanzo, 157",-,"TO - Str Aeroporto (Ferm.""VERONESE"")",-,TO – via Stradella,-,TORINO - c.so Umbria/via Livorno,-,TORINO - Porta Susa,15:14,TORINO - Porta Nuova,15:24,,,,,,,,,,,,,,,,,,,,,,,,,,,,,,,,,,,,,,,,,,,,,,,,,,,,,,,,,,,,,,,,
C1038,268,12345,FER,,TORINO - Aeroporto (Caselle),15:00,CASELLE T.SE - str.Aerop. (fronte n° 36),15:03,CASELLE T.SE - via Torino (fronte n° 99),15:05,"BORGARO T.SE - via Lanzo, 157",15:12,"TO - Str Aeroporto (Ferm.""VERONESE"")",15:22,TO – via Stradella,15:25,TORINO - c.so Umbria/via Livorno,15:30,TORINO - Porta Susa,15:35,TORINO - Porta Nuova,15:45,,,,,,,,,,,,,,,,,,,,,,,,,,,,,,,,,,,,,,,,,,,,,,,,,,,,,,,,,,,,,,,,
C1039,268,12345,FER,EXPRESS,TORINO - Aeroporto (Caselle),15:15,CASELLE T.SE - str.Aerop. (fronte n° 36),-,CASELLE T.SE - via Torino (fronte n° 99),-,"BORGARO T.SE - via Lanzo, 157",-,"TO - Str Aeroporto (Ferm.""VERONESE"")",-,TO – via Stradella,-,TORINO - c.so Umbria/via Livorno,-,TORINO - Porta Susa,15:44,TORINO - Porta Nuova,15:54,,,,,,,,,,,,,,,,,,,,,,,,,,,,,,,,,,,,,,,,,,,,,,,,,,,,,,,,,,,,,,,,
C1040,268,12345,FER,,TORINO - Aeroporto (Caselle),15:30,CASELLE T.SE - str.Aerop. (fronte n° 36),15:33,CASELLE T.SE - via Torino (fronte n° 99),15:35,"BORGARO T.SE - via Lanzo, 157",15:42,"TO - Str Aeroporto (Ferm.""VERONESE"")",15:52,TO – via Stradella,15:55,TORINO - c.so Umbria/via Livorno,16:00,TORINO - Porta Susa,16:05,TORINO - Porta Nuova,16:15,,,,,,,,,,,,,,,,,,,,,,,,,,,,,,,,,,,,,,,,,,,,,,,,,,,,,,,,,,,,,,,,
C1041,268,12345,FER,EXPRESS,TORINO - Aeroporto (Caselle),15:45,CASELLE T.SE - str.Aerop. (fronte n° 36),-,CASELLE T.SE - via Torino (fronte n° 99),-,"BORGARO T.SE - via Lanzo, 157",-,"TO - Str Aeroporto (Ferm.""VERONESE"")",-,TO – via Stradella,-,TORINO - c.so Umbria/via Livorno,-,TORINO - Porta Susa,16:14,TORINO - Porta Nuova,16:24,,,,,,,,,,,,,,,,,,,,,,,,,,,,,,,,,,,,,,,,,,,,,,,,,,,,,,,,,,,,,,,,
C1042,268,12345,FER,,TORINO - Aeroporto (Caselle),16:00,CASELLE T.SE - str.Aerop. (fronte n° 36),16:03,CASELLE T.SE - via Torino (fronte n° 99),16:05,"BORGARO T.SE - via Lanzo, 157",16:12,"TO - Str Aeroporto (Ferm.""VERONESE"")",16:22,TO – via Stradella,16:25,TORINO - c.so Umbria/via Livorno,16:30,TORINO - Porta Susa,16:35,TORINO - Porta Nuova,16:45,,,,,,,,,,,,,,,,,,,,,,,,,,,,,,,,,,,,,,,,,,,,,,,,,,,,,,,,,,,,,,,,
C1043,268,12345,FER,EXPRESS,TORINO - Aeroporto (Caselle),16:15,CASELLE T.SE - str.Aerop. (fronte n° 36),-,CASELLE T.SE - via Torino (fronte n° 99),-,"BORGARO T.SE - via Lanzo, 157",-,"TO - Str Aeroporto (Ferm.""VERONESE"")",-,TO – via Stradella,-,TORINO - c.so Umbria/via Livorno,-,TORINO - Porta Susa,16:44,TORINO - Porta Nuova,16:54,,,,,,,,,,,,,,,,,,,,,,,,,,,,,,,,,,,,,,,,,,,,,,,,,,,,,,,,,,,,,,,,
C1044,268,12345,FER,,TORINO - Aeroporto (Caselle),16:30,CASELLE T.SE - str.Aerop. (fronte n° 36),16:33,CASELLE T.SE - via Torino (fronte n° 99),16:35,"BORGARO T.SE - via Lanzo, 157",16:42,"TO - Str Aeroporto (Ferm.""VERONESE"")",16:52,TO – via Stradella,16:55,TORINO - c.so Umbria/via Livorno,17:00,TORINO - Porta Susa,17:05,TORINO - Porta Nuova,17:15,,,,,,,,,,,,,,,,,,,,,,,,,,,,,,,,,,,,,,,,,,,,,,,,,,,,,,,,,,,,,,,,
C1045,268,12345,FER,EXPRESS,TORINO - Aeroporto (Caselle),16:45,CASELLE T.SE - str.Aerop. (fronte n° 36),-,CASELLE T.SE - via Torino (fronte n° 99),-,"BORGARO T.SE - via Lanzo, 157",-,"TO - Str Aeroporto (Ferm.""VERONESE"")",-,TO – via Stradella,-,TORINO - c.so Umbria/via Livorno,-,TORINO - Porta Susa,17:14,TORINO - Porta Nuova,17:24,,,,,,,,,,,,,,,,,,,,,,,,,,,,,,,,,,,,,,,,,,,,,,,,,,,,,,,,,,,,,,,,
C1046,268,12345,FER,,TORINO - Aeroporto (Caselle),17:00,CASELLE T.SE - str.Aerop. (fronte n° 36),17:03,CASELLE T.SE - via Torino (fronte n° 99),17:05,"BORGARO T.SE - via Lanzo, 157",17:12,"TO - Str Aeroporto (Ferm.""VERONESE"")",17:22,TO – via Stradella,17:25,TORINO - c.so Umbria/via Livorno,17:30,TORINO - Porta Susa,17:35,TORINO - Porta Nuova,17:45,,,,,,,,,,,,,,,,,,,,,,,,,,,,,,,,,,,,,,,,,,,,,,,,,,,,,,,,,,,,,,,,
C1047,268,12345,FER,EXPRESS,TORINO - Aeroporto (Caselle),17:15,CASELLE T.SE - str.Aerop. (fronte n° 36),-,CASELLE T.SE - via Torino (fronte n° 99),-,"BORGARO T.SE - via Lanzo, 157",-,"TO - Str Aeroporto (Ferm.""VERONESE"")",-,TO – via Stradella,-,TORINO - c.so Umbria/via Livorno,-,TORINO - Porta Susa,17:44,TORINO - Porta Nuova,17:54,,,,,,,,,,,,,,,,,,,,,,,,,,,,,,,,,,,,,,,,,,,,,,,,,,,,,,,,,,,,,,,,
C1048,268,12345,FER,,TORINO - Aeroporto (Caselle),17:30,CASELLE T.SE - str.Aerop. (fronte n° 36),17:33,CASELLE T.SE - via Torino (fronte n° 99),17:35,"BORGARO T.SE - via Lanzo, 157",17:42,"TO - Str Aeroporto (Ferm.""VERONESE"")",17:52,TO – via Stradella,17:55,TORINO - c.so Umbria/via Livorno,18:00,TORINO - Porta Susa,18:05,TORINO - Porta Nuova,18:15,,,,,,,,,,,,,,,,,,,,,,,,,,,,,,,,,,,,,,,,,,,,,,,,,,,,,,,,,,,,,,,,
C1049,268,12345,FER,EXPRESS,TORINO - Aeroporto (Caselle),17:45,CASELLE T.SE - str.Aerop. (fronte n° 36),-,CASELLE T.SE - via Torino (fronte n° 99),-,"BORGARO T.SE - via Lanzo, 157",-,"TO - Str Aeroporto (Ferm.""VERONESE"")",-,TO – via Stradella,-,TORINO - c.so Umbria/via Livorno,-,TORINO - Porta Susa,18:14,TORINO - Porta Nuova,18:24,,,,,,,,,,,,,,,,,,,,,,,,,,,,,,,,,,,,,,,,,,,,,,,,,,,,,,,,,,,,,,,,
C1050,268,12345,FER,,TORINO - Aeroporto (Caselle),18:00,CASELLE T.SE - str.Aerop. (fronte n° 36),18:03,CASELLE T.SE - via Torino (fronte n° 99),18:05,"BORGARO T.SE - via Lanzo, 157",18:12,"TO - Str Aeroporto (Ferm.""VERONESE"")",18:22,TO – via Stradella,18:25,TORINO - c.so Umbria/via Livorno,18:30,TORINO - Porta Susa,18:35,TORINO - Porta Nuova,18:45,,,,,,,,,,,,,,,,,,,,,,,,,,,,,,,,,,,,,,,,,,,,,,,,,,,,,,,,,,,,,,,,
C1051,268,12345,FER,EXPRESS,TORINO - Aeroporto (Caselle),18:15,CASELLE T.SE - str.Aerop. (fronte n° 36),-,CASELLE T.SE - via Torino (fronte n° 99),-,"BORGARO T.SE - via Lanzo, 157",-,"TO - Str Aeroporto (Ferm.""VERONESE"")",-,TO – via Stradella,-,TORINO - c.so Umbria/via Livorno,-,TORINO - Porta Susa,18:44,TORINO - Porta Nuova,18:54,,,,,,,,,,,,,,,,,,,,,,,,,,,,,,,,,,,,,,,,,,,,,,,,,,,,,,,,,,,,,,,,
C1052,268,12345,FER,,TORINO - Aeroporto (Caselle),18:30,CASELLE T.SE - str.Aerop. (fronte n° 36),18:33,CASELLE T.SE - via Torino (fronte n° 99),18:35,"BORGARO T.SE - via Lanzo, 157",18:42,"TO - Str Aeroporto (Ferm.""VERONESE"")",18:52,TO – via Stradella,18:55,TORINO - c.so Umbria/via Livorno,19:00,TORINO - Porta Susa,19:05,TORINO - Porta Nuova,19:15,,,,,,,,,,,,,,,,,,,,,,,,,,,,,,,,,,,,,,,,,,,,,,,,,,,,,,,,,,,,,,,,
C1053,268,12345,FER,EXPRESS,TORINO - Aeroporto (Caselle),18:45,CASELLE T.SE - str.Aerop. (fronte n° 36),-,CASELLE T.SE - via Torino (fronte n° 99),-,"BORGARO T.SE - via Lanzo, 157",-,"TO - Str Aeroporto (Ferm.""VERONESE"")",-,TO – via Stradella,-,TORINO - c.so Umbria/via Livorno,-,TORINO - Porta Susa,19:14,TORINO - Porta Nuova,19:24,,,,,,,,,,,,,,,,,,,,,,,,,,,,,,,,,,,,,,,,,,,,,,,,,,,,,,,,,,,,,,,,
C1054,268,12345,FER,,TORINO - Aeroporto (Caselle),19:00,CASELLE T.SE - str.Aerop. (fronte n° 36),19:03,CASELLE T.SE - via Torino (fronte n° 99),19:05,"BORGARO T.SE - via Lanzo, 157",19:12,"TO - Str Aeroporto (Ferm.""VERONESE"")",19:22,TO – via Stradella,19:25,TORINO - c.so Umbria/via Livorno,19:30,TORINO - Porta Susa,19:35,TORINO - Porta Nuova,19:45,,,,,,,,,,,,,,,,,,,,,,,,,,,,,,,,,,,,,,,,,,,,,,,,,,,,,,,,,,,,,,,,
C1055,268,12345,FER,EXPRESS,TORINO - Aeroporto (Caselle),19:20,CASELLE T.SE - str.Aerop. (fronte n° 36),-,CASELLE T.SE - via Torino (fronte n° 99),-,"BORGARO T.SE - via Lanzo, 157",-,"TO - Str Aeroporto (Ferm.""VERONESE"")",-,TO – via Stradella,-,TORINO - c.so Umbria/via Livorno,-,TORINO - Porta Susa,19:49,TORINO - Porta Nuova,19:59,,,,,,,,,,,,,,,,,,,,,,,,,,,,,,,,,,,,,,,,,,,,,,,,,,,,,,,,,,,,,,,,
C1056,268,12345,FER,,TORINO - Aeroporto (Caselle),19:40,CASELLE T.SE - str.Aerop. (fronte n° 36),19:43,CASELLE T.SE - via Torino (fronte n° 99),19:45,"BORGARO T.SE - via Lanzo, 157",19:52,"TO - Str Aeroporto (Ferm.""VERONESE"")",20:02,TO – via Stradella,20:05,TORINO - c.so Umbria/via Livorno,20:10,TORINO - Porta Susa,20:15,TORINO - Porta Nuova,20:25,,,,,,,,,,,,,,,,,,,,,,,,,,,,,,,,,,,,,,,,,,,,,,,,,,,,,,,,,,,,,,,,
C1057,268,12345,FER,EXPRESS,TORINO - Aeroporto (Caselle),20:00,CASELLE T.SE - str.Aerop. (fronte n° 36),-,CASELLE T.SE - via Torino (fronte n° 99),-,"BORGARO T.SE - via Lanzo, 157",-,"TO - Str Aeroporto (Ferm.""VERONESE"")",-,TO – via Stradella,-,TORINO - c.so Umbria/via Livorno,-,TORINO - Porta Susa,20:29,TORINO - Porta Nuova,20:39,,,,,,,,,,,,,,,,,,,,,,,,,,,,,,,,,,,,,,,,,,,,,,,,,,,,,,,,,,,,,,,,
C1058,268,12345,FER,,TORINO - Aeroporto (Caselle),20:30,CASELLE T.SE - str.Aerop. (fronte n° 36),20:33,CASELLE T.SE - via Torino (fronte n° 99),20:35,"BORGARO T.SE - via Lanzo, 157",20:42,"TO - Str Aeroporto (Ferm.""VERONESE"")",20:52,TO – via Stradella,20:55,TORINO - c.so Umbria/via Livorno,21:00,TORINO - Porta Susa,21:05,TORINO - Porta Nuova,21:15,,,,,,,,,,,,,,,,,,,,,,,,,,,,,,,,,,,,,,,,,,,,,,,,,,,,,,,,,,,,,,,,
C1059,268,12345,FER,EXPRESS,TORINO - Aeroporto (Caselle),21:00,CASELLE T.SE - str.Aerop. (fronte n° 36),-,CASELLE T.SE - via Torino (fronte n° 99),-,"BORGARO T.SE - via Lanzo, 157",-,"TO - Str Aeroporto (Ferm.""VERONESE"")",-,TO – via Stradella,-,TORINO - c.so Umbria/via Livorno,-,TORINO - Porta Susa,21:29,TORINO - Porta Nuova,21:39,,,,,,,,,,,,,,,,,,,,,,,,,,,,,,,,,,,,,,,,,,,,,,,,,,,,,,,,,,,,,,,,
C1060,268,12345,FER,,TORINO - Aeroporto (Caselle),21:30,CASELLE T.SE - str.Aerop. (fronte n° 36),21:33,CASELLE T.SE - via Torino (fronte n° 99),21:35,"BORGARO T.SE - via Lanzo, 157",21:42,"TO - Str Aeroporto (Ferm.""VERONESE"")",21:52,TO – via Stradella,21:55,TORINO - c.so Umbria/via Livorno,22:00,TORINO - Porta Susa,22:05,TORINO - Porta Nuova,22:15,,,,,,,,,,,,,,,,,,,,,,,,,,,,,,,,,,,,,,,,,,,,,,,,,,,,,,,,,,,,,,,,
C1061,268,12345,FER,EXPRESS,TORINO - Aeroporto (Caselle),22:00,CASELLE T.SE - str.Aerop. (fronte n° 36),-,CASELLE T.SE - via Torino (fronte n° 99),-,"BORGARO T.SE - via Lanzo, 157",-,"TO - Str Aeroporto (Ferm.""VERONESE"")",-,TO – via Stradella,-,TORINO - c.so Umbria/via Livorno,-,TORINO - Porta Susa,22:29,TORINO - Porta Nuova,22:39,,,,,,,,,,,,,,,,,,,,,,,,,,,,,,,,,,,,,,,,,,,,,,,,,,,,,,,,,,,,,,,,
C1062,268,12345,FER,,TORINO - Aeroporto (Caselle),22:30,CASELLE T.SE - str.Aerop. (fronte n° 36),22:33,CASELLE T.SE - via Torino (fronte n° 99),22:35,"BORGARO T.SE - via Lanzo, 157",22:42,"TO - Str Aeroporto (Ferm.""VERONESE"")",22:52,TO – via Stradella,22:55,TORINO - c.so Umbria/via Livorno,23:00,TORINO - Porta Susa,23:05,TORINO - Porta Nuova,23:15,,,,,,,,,,,,,,,,,,,,,,,,,,,,,,,,,,,,,,,,,,,,,,,,,,,,,,,,,,,,,,,,
C1063,268,12345,FER,EXPRESS,TORINO - Aeroporto (Caselle),23:00,CASELLE T.SE - str.Aerop. (fronte n° 36),-,CASELLE T.SE - via Torino (fronte n° 99),-,"BORGARO T.SE - via Lanzo, 157",-,"TO - Str Aeroporto (Ferm.""VERONESE"")",-,TO – via Stradella,-,TORINO - c.so Umbria/via Livorno,-,TORINO - Porta Susa,23:29,TORINO - Porta Nuova,23:39,,,,,,,,,,,,,,,,,,,,,,,,,,,,,,,,,,,,,,,,,,,,,,,,,,,,,,,,,,,,,,,,
C1064,268,12345,FER,K,TORINO - Aeroporto (Caselle),23:30,CASELLE T.SE - str.Aerop. (fronte n° 36),23:33,CASELLE T.SE - via Torino (fronte n° 99),23:35,"BORGARO T.SE - via Lanzo, 157",23:42,"TO - Str Aeroporto (Ferm.""VERONESE"")",23:52,TO – via Stradella,23:55,TORINO - c.so Umbria/via Livorno,0:00,TORINO - Porta Susa,0:05,TORINO - Porta Nuova,0:15,,,,,,,,,,,,,,,,,,,,,,,,,,,,,,,,,,,,,,,,,,,,,,,,,,,,,,,,,,,,,,,,
C1065,268,2345,FER,NFF,TORINO - Aeroporto (Caselle),0:00,CASELLE T.SE - str.Aerop. (fronte n° 36),0:03,CASELLE T.SE - via Torino (fronte n° 99),0:05,"BORGARO T.SE - via Lanzo, 157",0:12,"TO - Str Aeroporto (Ferm.""VERONESE"")",0:22,TO – via Stradella,0:25,TORINO - c.so Umbria/via Livorno,0:30,TORINO - Porta Susa,0:35,TORINO - Porta Nuova,0:45,,,,,,,,,,,,,,,,,,,,,,,,,,,,,,,,,,,,,,,,,,,,,,,,,,,,,,,,,,,,,,,,
C1066,268,6,FER,,TORINO - Aeroporto (Caselle),6:10,CASELLE T.SE - str.Aerop. (fronte n° 36),6:13,CASELLE T.SE - via Torino (fronte n° 99),6:15,"BORGARO T.SE - via Lanzo, 157",6:22,"TO - Str Aeroporto (Ferm.""VERONESE"")",6:32,TO – via Stradella,6:35,TORINO - c.so Umbria/via Livorno,6:40,TORINO - Porta Susa,6:45,TORINO - Porta Nuova,6:55,,,,,,,,,,,,,,,,,,,,,,,,,,,,,,,,,,,,,,,,,,,,,,,,,,,,,,,,,,,,,,,,
C1067,268,6,FER,,TORINO - Aeroporto (Caselle),6:50,CASELLE T.SE - str.Aerop. (fronte n° 36),6:53,CASELLE T.SE - via Torino (fronte n° 99),6:55,"BORGARO T.SE - via Lanzo, 157",7:02,"TO - Str Aeroporto (Ferm.""VERONESE"")",7:12,TO – via Stradella,7:15,TORINO - c.so Umbria/via Livorno,7:20,TORINO - Porta Susa,7:25,TORINO - Porta Nuova,7:35,,,,,,,,,,,,,,,,,,,,,,,,,,,,,,,,,,,,,,,,,,,,,,,,,,,,,,,,,,,,,,,,
C1068,268,8,FEST,,TORINO - Aeroporto (Caselle),7:00,CASELLE T.SE - str.Aerop. (fronte n° 36),7:03,CASELLE T.SE - via Torino (fronte n° 99),7:05,"BORGARO T.SE - via Lanzo, 157",7:12,"TO - Str Aeroporto (Ferm.""VERONESE"")",7:22,TO – via Stradella,7:25,TORINO - c.so Umbria/via Livorno,7:30,TORINO - Porta Susa,7:35,TORINO - Porta Nuova,7:45,,,,,,,,,,,,,,,,,,,,,,,,,,,,,,,,,,,,,,,,,,,,,,,,,,,,,,,,,,,,,,,,
C1069,268,6,FER,,TORINO - Aeroporto (Caselle),7:05,CASELLE T.SE - str.Aerop. (fronte n° 36),7:08,CASELLE T.SE - via Torino (fronte n° 99),7:10,"BORGARO T.SE - via Lanzo, 157",7:17,"TO - Str Aeroporto (Ferm.""VERONESE"")",7:27,TO – via Stradella,7:30,TORINO - c.so Umbria/via Livorno,7:35,TORINO - Porta Susa,7:40,TORINO - Porta Nuova,7:50,,,,,,,,,,,,,,,,,,,,,,,,,,,,,,,,,,,,,,,,,,,,,,,,,,,,,,,,,,,,,,,,
C1070,268,8,,,TORINO - Aeroporto (Caselle),5:10,CASELLE T.SE - str.Aerop. (fronte n° 36),5:13,CASELLE T.SE - via Torino (fronte n° 99),5:15,"BORGARO T.SE - via Lanzo, 157",5:22,"TO - Str Aeroporto (Ferm.""VERONESE"")",5:32,TO – via Stradella,5:35,TORINO - c.so Umbria/via Livorno,5:40,TORINO - Porta Susa,5:45,TORINO - Porta Nuova,5:55,,,,,,,,,,,,,,,,,,,,,,,,,,,,,,,,,,,,,,,,,,,,,,,,,,,,,,,,,,,,,,,,
C1071,268,8,,#,TORINO - Aeroporto (Caselle),6:35,CASELLE T.SE - str.Aerop. (fronte n° 36),6:38,CASELLE T.SE - via Torino (fronte n° 99),6:40,"BORGARO T.SE - via Lanzo, 157",6:47,"TO - Str Aeroporto (Ferm.""VERONESE"")",6:57,TO – via Stradella,7:00,TORINO - c.so Umbria/via Livorno,7:05,TORINO - Porta Susa,7:10,TORINO - Porta Nuova,7:20,,,,,,,,,,,,,,,,,,,,,,,,,,,,,,,,,,,,,,,,,,,,,,,,,,,,,,,,,,,,,,,,
C1072,268,8,,EXPRESS,TORINO - Aeroporto (Caselle),7:30,CASELLE T.SE - str.Aerop. (fronte n° 36),-,CASELLE T.SE - via Torino (fronte n° 99),-,"BORGARO T.SE - via Lanzo, 157",-,"TO - Str Aeroporto (Ferm.""VERONESE"")",-,TO – via Stradella,-,TORINO - c.so Umbria/via Livorno,-,TORINO - Porta Susa,7:59,TORINO - Porta Nuova,8:09,,,,,,,,,,,,,,,,,,,,,,,,,,,,,,,,,,,,,,,,,,,,,,,,,,,,,,,,,,,,,,,,
C1073,268,8,,,TORINO - Aeroporto (Caselle),8:00,CASELLE T.SE - str.Aerop. (fronte n° 36),8:03,CASELLE T.SE - via Torino (fronte n° 99),8:05,"BORGARO T.SE - via Lanzo, 157",8:12,"TO - Str Aeroporto (Ferm.""VERONESE"")",8:22,TO – via Stradella,8:25,TORINO - c.so Umbria/via Livorno,8:30,TORINO - Porta Susa,8:35,TORINO - Porta Nuova,8:45,,,,,,,,,,,,,,,,,,,,,,,,,,,,,,,,,,,,,,,,,,,,,,,,,,,,,,,,,,,,,,,,
C1074,268,8,,EXPRESS,TORINO - Aeroporto (Caselle),8:30,CASELLE T.SE - str.Aerop. (fronte n° 36),-,CASELLE T.SE - via Torino (fronte n° 99),-,"BORGARO T.SE - via Lanzo, 157",-,"TO - Str Aeroporto (Ferm.""VERONESE"")",-,TO – via Stradella,-,TORINO - c.so Umbria/via Livorno,-,TORINO - Porta Susa,8:59,TORINO - Porta Nuova,9:09,,,,,,,,,,,,,,,,,,,,,,,,,,,,,,,,,,,,,,,,,,,,,,,,,,,,,,,,,,,,,,,,
C1075,268,8,,#,TORINO - Aeroporto (Caselle),9:00,CASELLE T.SE - str.Aerop. (fronte n° 36),9:03,CASELLE T.SE - via Torino (fronte n° 99),9:05,"BORGARO T.SE - via Lanzo, 157",9:12,"TO - Str Aeroporto (Ferm.""VERONESE"")",9:22,TO – via Stradella,9:25,TORINO - c.so Umbria/via Livorno,9:30,TORINO - Porta Susa,9:35,TORINO - Porta Nuova,9:45,,,,,,,,,,,,,,,,,,,,,,,,,,,,,,,,,,,,,,,,,,,,,,,,,,,,,,,,,,,,,,,,
C1076,268,8,,EXPRESS,TORINO - Aeroporto (Caselle),9:30,CASELLE T.SE - str.Aerop. (fronte n° 36),-,CASELLE T.SE - via Torino (fronte n° 99),-,"BORGARO T.SE - via Lanzo, 157",-,"TO - Str Aeroporto (Ferm.""VERONESE"")",-,TO – via Stradella,-,TORINO - c.so Umbria/via Livorno,-,TORINO - Porta Susa,9:59,TORINO - Porta Nuova,10:09,,,,,,,,,,,,,,,,,,,,,,,,,,,,,,,,,,,,,,,,,,,,,,,,,,,,,,,,,,,,,,,,
C1077,268,8,,,TORINO - Aeroporto (Caselle),10:00,CASELLE T.SE - str.Aerop. (fronte n° 36),10:03,CASELLE T.SE - via Torino (fronte n° 99),10:05,"BORGARO T.SE - via Lanzo, 157",10:12,"TO - Str Aeroporto (Ferm.""VERONESE"")",10:22,TO – via Stradella,10:25,TORINO - c.so Umbria/via Livorno,10:30,TORINO - Porta Susa,10:35,TORINO - Porta Nuova,10:45,,,,,,,,,,,,,,,,,,,,,,,,,,,,,,,,,,,,,,,,,,,,,,,,,,,,,,,,,,,,,,,,
C1078,268,8,,EXPRESS,TORINO - Aeroporto (Caselle),10:30,CASELLE T.SE - str.Aerop. (fronte n° 36),-,CASELLE T.SE - via Torino (fronte n° 99),-,"BORGARO T.SE - via Lanzo, 157",-,"TO - Str Aeroporto (Ferm.""VERONESE"")",-,TO – via Stradella,-,TORINO - c.so Umbria/via Livorno,-,TORINO - Porta Susa,10:59,TORINO - Porta Nuova,11:09,,,,,,,,,,,,,,,,,,,,,,,,,,,,,,,,,,,,,,,,,,,,,,,,,,,,,,,,,,,,,,,,
C1079,268,8,,#,TORINO - Aeroporto (Caselle),11:00,CASELLE T.SE - str.Aerop. (fronte n° 36),11:03,CASELLE T.SE - via Torino (fronte n° 99),11:05,"BORGARO T.SE - via Lanzo, 157",11:12,"TO - Str Aeroporto (Ferm.""VERONESE"")",11:22,TO – via Stradella,11:25,TORINO - c.so Umbria/via Livorno,11:30,TORINO - Porta Susa,11:35,TORINO - Porta Nuova,11:45,,,,,,,,,,,,,,,,,,,,,,,,,,,,,,,,,,,,,,,,,,,,,,,,,,,,,,,,,,,,,,,,
C1080,268,8,,EXPRESS,TORINO - Aeroporto (Caselle),11:30,CASELLE T.SE - str.Aerop. (fronte n° 36),-,CASELLE T.SE - via Torino (fronte n° 99),-,"BORGARO T.SE - via Lanzo, 157",-,"TO - Str Aeroporto (Ferm.""VERONESE"")",-,TO – via Stradella,-,TORINO - c.so Umbria/via Livorno,-,TORINO - Porta Susa,11:59,TORINO - Porta Nuova,12:09,,,,,,,,,,,,,,,,,,,,,,,,,,,,,,,,,,,,,,,,,,,,,,,,,,,,,,,,,,,,,,,,
C1081,268,8,,,TORINO - Aeroporto (Caselle),12:00,CASELLE T.SE - str.Aerop. (fronte n° 36),12:03,CASELLE T.SE - via Torino (fronte n° 99),12:05,"BORGARO T.SE - via Lanzo, 157",12:12,"TO - Str Aeroporto (Ferm.""VERONESE"")",12:22,TO – via Stradella,12:25,TORINO - c.so Umbria/via Livorno,12:30,TORINO - Porta Susa,12:35,TORINO - Porta Nuova,12:45,,,,,,,,,,,,,,,,,,,,,,,,,,,,,,,,,,,,,,,,,,,,,,,,,,,,,,,,,,,,,,,,
C1082,268,8,,EXPRESS,TORINO - Aeroporto (Caselle),12:30,CASELLE T.SE - str.Aerop. (fronte n° 36),-,CASELLE T.SE - via Torino (fronte n° 99),-,"BORGARO T.SE - via Lanzo, 157",-,"TO - Str Aeroporto (Ferm.""VERONESE"")",-,TO – via Stradella,-,TORINO - c.so Umbria/via Livorno,-,TORINO - Porta Susa,12:59,TORINO - Porta Nuova,13:09,,,,,,,,,,,,,,,,,,,,,,,,,,,,,,,,,,,,,,,,,,,,,,,,,,,,,,,,,,,,,,,,
C1083,268,8,,#,TORINO - Aeroporto (Caselle),13:00,CASELLE T.SE - str.Aerop. (fronte n° 36),13:03,CASELLE T.SE - via Torino (fronte n° 99),13:05,"BORGARO T.SE - via Lanzo, 157",13:12,"TO - Str Aeroporto (Ferm.""VERONESE"")",13:22,TO – via Stradella,13:25,TORINO - c.so Umbria/via Livorno,13:30,TORINO - Porta Susa,13:35,TORINO - Porta Nuova,13:45,,,,,,,,,,,,,,,,,,,,,,,,,,,,,,,,,,,,,,,,,,,,,,,,,,,,,,,,,,,,,,,,
C1084,268,8,,EXPRESS,TORINO - Aeroporto (Caselle),13:30,CASELLE T.SE - str.Aerop. (fronte n° 36),-,CASELLE T.SE - via Torino (fronte n° 99),-,"BORGARO T.SE - via Lanzo, 157",-,"TO - Str Aeroporto (Ferm.""VERONESE"")",-,TO – via Stradella,-,TORINO - c.so Umbria/via Livorno,-,TORINO - Porta Susa,13:59,TORINO - Porta Nuova,14:09,,,,,,,,,,,,,,,,,,,,,,,,,,,,,,,,,,,,,,,,,,,,,,,,,,,,,,,,,,,,,,,,
C1085,268,8,,,TORINO - Aeroporto (Caselle),14:00,CASELLE T.SE - str.Aerop. (fronte n° 36),14:03,CASELLE T.SE - via Torino (fronte n° 99),14:05,"BORGARO T.SE - via Lanzo, 157",14:12,"TO - Str Aeroporto (Ferm.""VERONESE"")",14:22,TO – via Stradella,14:25,TORINO - c.so Umbria/via Livorno,14:30,TORINO - Porta Susa,14:35,TORINO - Porta Nuova,14:45,,,,,,,,,,,,,,,,,,,,,,,,,,,,,,,,,,,,,,,,,,,,,,,,,,,,,,,,,,,,,,,,
C1086,268,8,,EXPRESS,TORINO - Aeroporto (Caselle),14:30,CASELLE T.SE - str.Aerop. (fronte n° 36),-,CASELLE T.SE - via Torino (fronte n° 99),-,"BORGARO T.SE - via Lanzo, 157",-,"TO - Str Aeroporto (Ferm.""VERONESE"")",-,TO – via Stradella,-,TORINO - c.so Umbria/via Livorno,-,TORINO - Porta Susa,14:59,TORINO - Porta Nuova,15:09,,,,,,,,,,,,,,,,,,,,,,,,,,,,,,,,,,,,,,,,,,,,,,,,,,,,,,,,,,,,,,,,
C1087,268,8,,#,TORINO - Aeroporto (Caselle),15:00,CASELLE T.SE - str.Aerop. (fronte n° 36),15:03,CASELLE T.SE - via Torino (fronte n° 99),15:05,"BORGARO T.SE - via Lanzo, 157",15:12,"TO - Str Aeroporto (Ferm.""VERONESE"")",15:22,TO – via Stradella,15:25,TORINO - c.so Umbria/via Livorno,15:30,TORINO - Porta Susa,15:35,TORINO - Porta Nuova,15:45,,,,,,,,,,,,,,,,,,,,,,,,,,,,,,,,,,,,,,,,,,,,,,,,,,,,,,,,,,,,,,,,
C1088,268,8,,EXPRESS,TORINO - Aeroporto (Caselle),15:30,CASELLE T.SE - str.Aerop. (fronte n° 36),-,CASELLE T.SE - via Torino (fronte n° 99),-,"BORGARO T.SE - via Lanzo, 157",-,"TO - Str Aeroporto (Ferm.""VERONESE"")",-,TO – via Stradella,-,TORINO - c.so Umbria/via Livorno,-,TORINO - Porta Susa,15:59,TORINO - Porta Nuova,16:09,,,,,,,,,,,,,,,,,,,,,,,,,,,,,,,,,,,,,,,,,,,,,,,,,,,,,,,,,,,,,,,,
C1089,268,8,,,TORINO - Aeroporto (Caselle),16:00,CASELLE T.SE - str.Aerop. (fronte n° 36),16:03,CASELLE T.SE - via Torino (fronte n° 99),16:05,"BORGARO T.SE - via Lanzo, 157",16:12,"TO - Str Aeroporto (Ferm.""VERONESE"")",16:22,TO – via Stradella,16:25,TORINO - c.so Umbria/via Livorno,16:30,TORINO - Porta Susa,16:35,TORINO - Porta Nuova,16:45,,,,,,,,,,,,,,,,,,,,,,,,,,,,,,,,,,,,,,,,,,,,,,,,,,,,,,,,,,,,,,,,
C1090,268,8,,EXPRESS,TORINO - Aeroporto (Caselle),16:30,CASELLE T.SE - str.Aerop. (fronte n° 36),-,CASELLE T.SE - via Torino (fronte n° 99),-,"BORGARO T.SE - via Lanzo, 157",-,"TO - Str Aeroporto (Ferm.""VERONESE"")",-,TO – via Stradella,-,TORINO - c.so Umbria/via Livorno,-,TORINO - Porta Susa,16:59,TORINO - Porta Nuova,17:09,,,,,,,,,,,,,,,,,,,,,,,,,,,,,,,,,,,,,,,,,,,,,,,,,,,,,,,,,,,,,,,,
C1091,268,8,,#,TORINO - Aeroporto (Caselle),17:00,CASELLE T.SE - str.Aerop. (fronte n° 36),17:03,CASELLE T.SE - via Torino (fronte n° 99),17:05,"BORGARO T.SE - via Lanzo, 157",17:12,"TO - Str Aeroporto (Ferm.""VERONESE"")",17:22,TO – via Stradella,17:25,TORINO - c.so Umbria/via Livorno,17:30,TORINO - Porta Susa,17:35,TORINO - Porta Nuova,17:45,,,,,,,,,,,,,,,,,,,,,,,,,,,,,,,,,,,,,,,,,,,,,,,,,,,,,,,,,,,,,,,,
C1092,268,8,,EXPRESS,TORINO - Aeroporto (Caselle),17:30,CASELLE T.SE - str.Aerop. (fronte n° 36),-,CASELLE T.SE - via Torino (fronte n° 99),-,"BORGARO T.SE - via Lanzo, 157",-,"TO - Str Aeroporto (Ferm.""VERONESE"")",-,TO – via Stradella,-,TORINO - c.so Umbria/via Livorno,-,TORINO - Porta Susa,17:59,TORINO - Porta Nuova,18:09,,,,,,,,,,,,,,,,,,,,,,,,,,,,,,,,,,,,,,,,,,,,,,,,,,,,,,,,,,,,,,,,
C1093,268,6,FER,K,TORINO - Aeroporto (Caselle),0:00,CASELLE T.SE - str.Aerop. (fronte n° 36),0:03,CASELLE T.SE - via Torino (fronte n° 99),0:05,"BORGARO T.SE - via Lanzo, 157",0:12,"TO - Str Aeroporto (Ferm.""VERONESE"")",0:22,TO – via Stradella,0:25,TORINO - c.so Umbria/via Livorno,0:30,TORINO - Porta Susa,0:35,TORINO - Porta Nuova,0:45,,,,,,,,,,,,,,,,,,,,,,,,,,,,,,,,,,,,,,,,,,,,,,,,,,,,,,,,,,,,,,,,
C1094,268,8,,,TORINO - Aeroporto (Caselle),18:00,CASELLE T.SE - str.Aerop. (fronte n° 36),18:03,CASELLE T.SE - via Torino (fronte n° 99),18:05,"BORGARO T.SE - via Lanzo, 157",18:12,"TO - Str Aeroporto (Ferm.""VERONESE"")",18:22,TO – via Stradella,18:25,TORINO - c.so Umbria/via Livorno,18:30,TORINO - Porta Susa,18:35,TORINO - Porta Nuova,18:45,,,,,,,,,,,,,,,,,,,,,,,,,,,,,,,,,,,,,,,,,,,,,,,,,,,,,,,,,,,,,,,,
C1095,268,8,,EXPRESS,TORINO - Aeroporto (Caselle),18:30,CASELLE T.SE - str.Aerop. (fronte n° 36),-,CASELLE T.SE - via Torino (fronte n° 99),-,"BORGARO T.SE - via Lanzo, 157",-,"TO - Str Aeroporto (Ferm.""VERONESE"")",-,TO – via Stradella,-,TORINO - c.so Umbria/via Livorno,-,TORINO - Porta Susa,18:59,TORINO - Porta Nuova,19:09,,,,,,,,,,,,,,,,,,,,,,,,,,,,,,,,,,,,,,,,,,,,,,,,,,,,,,,,,,,,,,,,
C1096,268,8,,#,TORINO - Aeroporto (Caselle),19:00,CASELLE T.SE - str.Aerop. (fronte n° 36),19:03,CASELLE T.SE - via Torino (fronte n° 99),19:05,"BORGARO T.SE - via Lanzo, 157",19:12,"TO - Str Aeroporto (Ferm.""VERONESE"")",19:22,TO – via Stradella,19:25,TORINO - c.so Umbria/via Livorno,19:30,TORINO - Porta Susa,19:35,TORINO - Porta Nuova,19:45,,,,,,,,,,,,,,,,,,,,,,,,,,,,,,,,,,,,,,,,,,,,,,,,,,,,,,,,,,,,,,,,
C1097,268,8,,EXPRESS,TORINO - Aeroporto (Caselle),19:30,CASELLE T.SE - str.Aerop. (fronte n° 36),-,CASELLE T.SE - via Torino (fronte n° 99),-,"BORGARO T.SE - via Lanzo, 157",-,"TO - Str Aeroporto (Ferm.""VERONESE"")",-,TO – via Stradella,-,TORINO - c.so Umbria/via Livorno,-,TORINO - Porta Susa,19:59,TORINO - Porta Nuova,20:09,,,,,,,,,,,,,,,,,,,,,,,,,,,,,,,,,,,,,,,,,,,,,,,,,,,,,,,,,,,,,,,,
C1098,268,8,,,TORINO - Aeroporto (Caselle),20:00,CASELLE T.SE - str.Aerop. (fronte n° 36),20:03,CASELLE T.SE - via Torino (fronte n° 99),20:05,"BORGARO T.SE - via Lanzo, 157",20:12,"TO - Str Aeroporto (Ferm.""VERONESE"")",20:22,TO – via Stradella,20:25,TORINO - c.so Umbria/via Livorno,20:30,TORINO - Porta Susa,20:35,TORINO - Porta Nuova,20:45,,,,,,,,,,,,,,,,,,,,,,,,,,,,,,,,,,,,,,,,,,,,,,,,,,,,,,,,,,,,,,,,
C1099,268,8,,EXPRESS,TORINO - Aeroporto (Caselle),20:30,CASELLE T.SE - str.Aerop. (fronte n° 36),-,CASELLE T.SE - via Torino (fronte n° 99),-,"BORGARO T.SE - via Lanzo, 157",-,"TO - Str Aeroporto (Ferm.""VERONESE"")",-,TO – via Stradella,-,TORINO - c.so Umbria/via Livorno,-,TORINO - Porta Susa,20:59,TORINO - Porta Nuova,21:09,,,,,,,,,,,,,,,,,,,,,,,,,,,,,,,,,,,,,,,,,,,,,,,,,,,,,,,,,,,,,,,,
C1100,268,8,,#,TORINO - Aeroporto (Caselle),21:00,CASELLE T.SE - str.Aerop. (fronte n° 36),21:03,CASELLE T.SE - via Torino (fronte n° 99),21:05,"BORGARO T.SE - via Lanzo, 157",21:12,"TO - Str Aeroporto (Ferm.""VERONESE"")",21:22,TO – via Stradella,21:25,TORINO - c.so Umbria/via Livorno,21:30,TORINO - Porta Susa,21:35,TORINO - Porta Nuova,21:45,,,,,,,,,,,,,,,,,,,,,,,,,,,,,,,,,,,,,,,,,,,,,,,,,,,,,,,,,,,,,,,,
C1101,268,8,,EXPRESS,TORINO - Aeroporto (Caselle),21:30,CASELLE T.SE - str.Aerop. (fronte n° 36),-,CASELLE T.SE - via Torino (fronte n° 99),-,"BORGARO T.SE - via Lanzo, 157",-,"TO - Str Aeroporto (Ferm.""VERONESE"")",-,TO – via Stradella,-,TORINO - c.so Umbria/via Livorno,-,TORINO - Porta Susa,21:59,TORINO - Porta Nuova,22:09,,,,,,,,,,,,,,,,,,,,,,,,,,,,,,,,,,,,,,,,,,,,,,,,,,,,,,,,,,,,,,,,
C1102,268,8,,,TORINO - Aeroporto (Caselle),22:00,CASELLE T.SE - str.Aerop. (fronte n° 36),22:03,CASELLE T.SE - via Torino (fronte n° 99),22:05,"BORGARO T.SE - via Lanzo, 157",22:12,"TO - Str Aeroporto (Ferm.""VERONESE"")",22:22,TO – via Stradella,22:25,TORINO - c.so Umbria/via Livorno,22:30,TORINO - Porta Susa,22:35,TORINO - Porta Nuova,22:45,,,,,,,,,,,,,,,,,,,,,,,,,,,,,,,,,,,,,,,,,,,,,,,,,,,,,,,,,,,,,,,,
C1103,268,8,,,TORINO - Aeroporto (Caselle),22:30,CASELLE T.SE - str.Aerop. (fronte n° 36),-,CASELLE T.SE - via Torino (fronte n° 99),-,"BORGARO T.SE - via Lanzo, 157",-,"TO - Str Aeroporto (Ferm.""VERONESE"")",-,TO – via Stradella,-,TORINO - c.so Umbria/via Livorno,-,TORINO - Porta Susa,22:59,TORINO - Porta Nuova,23:09,,,,,,,,,,,,,,,,,,,,,,,,,,,,,,,,,,,,,,,,,,,,,,,,,,,,,,,,,,,,,,,,
C1104,268,8,,K,TORINO - Aeroporto (Caselle),23:15,CASELLE T.SE - str.Aerop. (fronte n° 36),23:18,CASELLE T.SE - via Torino (fronte n° 99),23:20,"BORGARO T.SE - via Lanzo, 157",23:27,"TO - Str Aeroporto (Ferm.""VERONESE"")",23:37,TO – via Stradella,23:40,TORINO - c.so Umbria/via Livorno,23:45,TORINO - Porta Susa,23:50,TORINO - Porta Nuova,0:00,,,,,,,,,,,,,,,,,,,,,,,,,,,,,,,,,,,,,,,,,,,,,,,,,,,,,,,,,,,,,,,,
C1105,268,8,,K,TORINO - Aeroporto (Caselle),23:45,CASELLE T.SE - str.Aerop. (fronte n° 36),23:48,CASELLE T.SE - via Torino (fronte n° 99),23:50,"BORGARO T.SE - via Lanzo, 157",23:57,"TO - Str Aeroporto (Ferm.""VERONESE"")",0:07,TO – via Stradella,0:10,TORINO - c.so Umbria/via Livorno,0:15,TORINO - Porta Susa,0:20,TORINO - Porta Nuova,0:30,,,,,,,,,,,,,,,,,,,,,,,,,,,,,,,,,,,,,,,,,,,,,,,,,,,,,,,,,,,,,,,,
C1106,274,123456,FER,S,SUSA - Stazione FS,5:00,Bivio FORESTO,5:05,Bivio S.GIORIO,5:14,BRUZOLO,5:16,Bivio S.DIDERO,5:17,S.AMBROGIO,5:35,LUTHER KING - TEKFOR,5:45,,,,,,,,,,,,,,,,,,,,,,,,,,,,,,,,,,,,,,,,,,,,,,,,,,,,,,,,,,,,,,,,,,,,
C1107,274,123456,FER,S,SUSA - Stazione FS,5:00,Bivio VILLAR FOCCHIARDO,5:22,SANT'ANTONINO - Stazione FS,5:25,Bivio VAIE,5:31,Bivio CONDOVE,5:33,AVIGLIANA - Stazione FS,5:42,LUTHER KING - TEKFOR,5:45,,,,,,,,,,,,,,,,,,,,,,,,,,,,,,,,,,,,,,,,,,,,,,,,,,,,,,,,,,,,,,,,,,,,
C1108,274,12345,FER,,SUSA - Stazione FS,6:05,Bivio FORESTO,6.14,Bivio S.GIORIO,6.22,BRUZOLO,6.23,Bivio S.DIDERO,6.25,Bivio VILLAR FOCCHIARDO,6.29,SANT'ANTONINO - Stazione FS,6.33,Bivio VAIE,6.35,Bivio CONDOVE,6.37,S.AMBROGIO,6.42,AVIGLIANA - Stazione FS,6:48,LUTHER KING - TEKFOR,6.50,CASCINE VICA,7:10,,,,,,,,,,,,,,,,,,,,,,,,,,,,,,,,,,,,,,,,,,,,,,,,,,,,,,,,
C1109,274,12345,FER,S,SUSA - Stazione FS,6:30,Bivio FORESTO,6:38,Bivio S.GIORIO,6:46,BRUZOLO,6:48,Bivio S.DIDERO,6:49,Bivio VILLAR FOCCHIARDO,6:54,SANT'ANTONINO - Stazione FS,6:57,Bivio VAIE,7:00,Bivio CONDOVE,7:01,S.AMBROGIO,7:06,AVIGLIANA - Stazione FS,7:11,LUTHER KING - TEKFOR,7:15,,,,,,,,,,,,,,,,,,,,,,,,,,,,,,,,,,,,,,,,,,,,,,,,,,,,,,,,,,
C1110,274,12345,SCO,SCOL,SUSA - Stazione FS,7:05,Bivio FORESTO,7:13,Bivio S.GIORIO,7:20,BRUZOLO,7:23,Bivio S.DIDERO,7:24,Bivio VILLAR FOCCHIARDO,7:29,SANT'ANTONINO - Stazione FS,7:33,Bivio VAIE,7:36,Bivio CONDOVE,7:38,S.AMBROGIO,7:43,AVIGLIANA - Stazione FS,7:48,,,,,,,,,,,,,,,,,,,,,,,,,,,,,,,,,,,,,,,,,,,,,,,,,,,,,,,,,,,,
C1111,274,12345,SCO,SCOL,SUSA - Stazione FS,7:05,Bivio VILLAR FOCCHIARDO,7:29,SANT'ANTONINO - Stazione FS,7:33,Bivio VAIE,7:37,Bivio CONDOVE,7:39,S.AMBROGIO,7:44,AVIGLIANA - Stazione FS,7:49,,,,,,,,,,,,,,,,,,,,,,,,,,,,,,,,,,,,,,,,,,,,,,,,,,,,,,,,,,,,,,,,,,,,
C1112,274,12345,FER,S,SUSA - Stazione FS,7:05,Bivio FORESTO,7.12,Bivio S.GIORIO,7:19,BRUZOLO,7:21,Bivio S.DIDERO,7:22,Bivio VILLAR FOCCHIARDO,7.26,SANT'ANTONINO - Stazione FS,7.30,Bivio VAIE,7.33,Bivio CONDOVE,7.34,S.AMBROGIO,7.39,AVIGLIANA - Stazione FS,7.44,,,,,,,,,,,,,,,,,,,,,,,,,,,,,,,,,,,,,,,,,,,,,,,,,,,,,,,,,,,,
C1113,274,2,FER,,SUSA - Stazione FS,10:50,Bivio FORESTO,11:00,FORESTO,11:01,,,,,,,,,,,,,,,,,,,,,,,,,,,,,,,,,,,,,,,,,,,,,,,,,,,,,,,,,,,,,,,,,,,,,,,,,,,,
C1114,274,12345,SCO,SCOL,SUSA - Stazione FS,12:20,Bivio VILLAR FOCCHIARDO,12:43,SANT'ANTONINO - Stazione FS,12:51,Bivio VAIE,12:55,,,,,,,,,,,,,,,,,,,,,,,,,,,,,,,,,,,,,,,,,,,,,,,,,,,,,,,,,,,,,,,,,,,,,,,,,,
C1115,274,12345,FER,S,SUSA - Stazione FS,13:00,Bivio FORESTO,13:05,BRUZOLO,13:15,Bivio VILLAR FOCCHIARDO,13:18,SANT'ANTONINO - Stazione FS,13:20,Bivio CONDOVE,13:30,LUTHER KING - TEKFOR,13:45,,,,,,,,,,,,,,,,,,,,,,,,,,,,,,,,,,,,,,,,,,,,,,,,,,,,,,,,,,,,,,,,,,,,
C1116,274,12345,FER,S,SUSA - Stazione FS,13:05,Bivio VILLAR FOCCHIARDO,13:28,SANT'ANTONINO - Stazione FS,13:31,Bivio VAIE,13:34,Bivio CONDOVE,13:35,AVIGLIANA - Stazione FS,13:43,LUTHER KING - TEKFOR,13:45,,,,,,,,,,,,,,,,,,,,,,,,,,,,,,,,,,,,,,,,,,,,,,,,,,,,,,,,,,,,,,,,,,,,
C1117,274,12345,SCO,SCOL,SUSA - Stazione FS,14:10,Bivio VILLAR FOCCHIARDO,14:34,SANT'ANTONINO - Stazione FS,14:37,,,,,,,,,,,,,,,,,,,,,,,,,,,,,,,,,,,,,,,,,,,,,,,,,,,,,,,,,,,,,,,,,,,,,,,,,,,,
C1118,274,12345,FER,S,SUSA - Stazione FS,16:35,Bivio VILLAR FOCCHIARDO,16:58,SANT'ANTONINO - Stazione FS,17:01,Bivio VAIE,17:05,Bivio CONDOVE,17:06,S.AMBROGIO,17:11,AVIGLIANA - Stazione FS,17:18,LUTHER KING - TEKFOR,17:20,,,,,,,,,,,,,,,,,,,,,,,,,,,,,,,,,,,,,,,,,,,,,,,,,,,,,,,,,,,,,,,,,,
C1119,274,12345,FER,S,SUSA - Stazione FS,21:00,Bivio FORESTO,21:07,Bivio S.GIORIO,21:15,BRUZOLO,21.17,Bivio S.DIDERO,21.19,Bivio VILLAR FOCCHIARDO,21.23,SANT'ANTONINO - Stazione FS,21:27,Bivio VAIE,21:30,Bivio CONDOVE,21.31,S.AMBROGIO,21.35,AVIGLIANA - Stazione FS,21:42,LUTHER KING - TEKFOR,21:45,,,,,,,,,,,,,,,,,,,,,,,,,,,,,,,,,,,,,,,,,,,,,,,,,,,,,,,,,,
C1120,274,123456,FER,S,LUTHER KING - TEKFOR,6:15,AVIGLIANA - Stazione FS,6:19,S.AMBROGIO,6:24,Bivio CONDOVE,6:29,Bivio VAIE,6:30,SANT'ANTONINO - Stazione FS,6:33,Bivio VILLAR FOCCHIARDO,6:36,BRUZOLO,6:44,SUSA - Stazione FS,7:00,,,,,,,,,,,,,,,,,,,,,,,,,,,,,,,,,,,,,,,,,,,,,,,,,,,,,,,,,,,,,,,,
C1121,274,123456,FER,S,LUTHER KING - TEKFOR,6:15,AVIGLIANA - Stazione FS,6:20,S.AMBROGIO,6:25,Bivio CONDOVE,6:29,Bivio VAIE,6:30,SANT'ANTONINO - Stazione FS,6:33,Bivio VILLAR FOCCHIARDO,6:36,Bivio S.DIDERO,6:42,BRUZOLO,6:43,Bivio S.GIORIO,6:45,Bivio FORESTO,6:52,SUSA - Stazione FS,7:00,,,,,,,,,,,,,,,,,,,,,,,,,,,,,,,,,,,,,,,,,,,,,,,,,,,,,,,,,,
C1122,274,12345,FER,S,LUTHER KING - TEKFOR,7:15,AVIGLIANA - Stazione FS,7:20,S.AMBROGIO,7:24,Bivio CONDOVE,7:28,Bivio VAIE,7:30,SANT'ANTONINO - Stazione FS,7:39,,,,,,,,,,,,,,,,,,,,,,,,,,,,,,,,,,,,,,,,,,,,,,,,,,,,,,,,,,,,,,,,,,,,,,
C1123,274,12345,SCO,SCOL,Bivio VILLAR FOCCHIARDO,7:43,BRUZOLO,7:55,SUSA - Stazione FS,8:10,,,,,,,,,,,,,,,,,,,,,,,,,,,,,,,,,,,,,,,,,,,,,,,,,,,,,,,,,,,,,,,,,,,,,,,,,,,,
C1124,274,12345,FER,S,Bivio VILLAR FOCCHIARDO,7:43,BRUZOLO,7:55,SUSA - Stazione FS,8:10,,,,,,,,,,,,,,,,,,,,,,,,,,,,,,,,,,,,,,,,,,,,,,,,,,,,,,,,,,,,,,,,,,,,,,,,,,,,
C1125,274,2,FER,,FORESTO,8:05,SUSA - Stazione FS,8:15,,,,,,,,,,,,,,,,,,,,,,,,,,,,,,,,,,,,,,,,,,,,,,,,,,,,,,,,,,,,,,,,,,,,,,,,,,,,,,
C1126,274,2,FER,,BRUZOLO,8:40,SUSA - Stazione FS,9:00,,,,,,,,,,,,,,,,,,,,,,,,,,,,,,,,,,,,,,,,,,,,,,,,,,,,,,,,,,,,,,,,,,,,,,,,,,,,,,
C1127,274,5,SCO,SCOL,Bivio VAIE,13:40,SANT'ANTONINO - Stazione FS,13:44,Bivio VILLAR FOCCHIARDO,13:52,BRUZOLO,13:58,SUSA - Stazione FS,14:15,,,,,,,,,,,,,,,,,,,,,,,,,,,,,,,,,,,,,,,,,,,,,,,,,,,,,,,,,,,,,,,,,,,,,,,,
C1128,274,5,SCO,SCOL,AVIGLIANA - Stazione FS,13:53,S.AMBROGIO,13:58,Bivio CONDOVE,14:04,Bivio VAIE,14:06,SANT'ANTONINO - Stazione FS,14:09,Bivio VILLAR FOCCHIARDO,14:12,BRUZOLO,14:18,SUSA - Stazione FS,14:35,,,,,,,,,,,,,,,,,,,,,,,,,,,,,,,,,,,,,,,,,,,,,,,,,,,,,,,,,,,,,,,,,,
C1129,274,3,SCO,SCOL,AVIGLIANA - Stazione FS,14:38,S.AMBROGIO,14:43,Bivio CONDOVE,14:49,Bivio VAIE,14:51,SANT'ANTONINO - Stazione FS,14:54,Bivio VILLAR FOCCHIARDO,14:57,Bivio S.DIDERO,15:02,BRUZOLO,15:03,Bivio S.GIORIO,15:04,SUSA - Stazione FS,15:23,,,,,,,,,,,,,,,,,,,,,,,,,,,,,,,,,,,,,,,,,,,,,,,,,,,,,,,,,,,,,,
C1130,274,4,SCO,SCOL,AVIGLIANA - Stazione FS,14:43,S.AMBROGIO,14:48,Bivio CONDOVE,14:54,Bivio VAIE,14:56,SANT'ANTONINO - Stazione FS,14:59,Bivio VILLAR FOCCHIARDO,15:02,BRUZOLO,15:08,SUSA - Stazione FS,15:25,,,,,,,,,,,,,,,,,,,,,,,,,,,,,,,,,,,,,,,,,,,,,,,,,,,,,,,,,,,,,,,,,,
C1131,274,5,SCO,SCOL,AVIGLIANA - Stazione FS,13:53,S.AMBROGIO,13:58,Bivio CONDOVE,14:07,Bivio VAIE,14:09,SANT'ANTONINO - Stazione FS,14:11,Bivio VILLAR FOCCHIARDO,14:12,Bivio S.DIDERO,14:15,BRUZOLO,14:16,Bivio S.GIORIO,14:17,Bivio FORESTO,14:25,SUSA - Stazione FS,14:35,,,,,,,,,,,,,,,,,,,,,,,,,,,,,,,,,,,,,,,,,,,,,,,,,,,,,,,,,,,,
C1132,274,4,SCO,SCOL,AVIGLIANA - Stazione FS,14:43,S.AMBROGIO,14:48,Bivio CONDOVE,14:57,Bivio VAIE,14:59,SANT'ANTONINO - Stazione FS,15:01,Bivio VILLAR FOCCHIARDO,15:02,Bivio S.DIDERO,15:05,BRUZOLO,15:06,Bivio S.GIORIO,15:07,Bivio FORESTO,15:15,SUSA - Stazione FS,15:25,,,,,,,,,,,,,,,,,,,,,,,,,,,,,,,,,,,,,,,,,,,,,,,,,,,,,,,,,,,,
C1133,274,4,FER,S,LUTHER KING - TEKFOR,14:15,AVIGLIANA - Stazione FS,14:20,Bivio CONDOVE,14:30,Bivio VAIE,14:32,Bivio VILLAR FOCCHIARDO,14:38,BRUZOLO,14:46,SUSA - Stazione FS,15:00,,,,,,,,,,,,,,,,,,,,,,,,,,,,,,,,,,,,,,,,,,,,,,,,,,,,,,,,,,,,,,,,,,,,
C1134,274,5,FER,NS-S,LUTHER KING - TEKFOR,14:15,AVIGLIANA - Stazione FS,14:20,Bivio CONDOVE,14:30,Bivio VAIE,14:32,Bivio VILLAR FOCCHIARDO,14:38,BRUZOLO,14:46,SUSA - Stazione FS,15:00,,,,,,,,,,,,,,,,,,,,,,,,,,,,,,,,,,,,,,,,,,,,,,,,,,,,,,,,,,,,,,,,,,,,
C1135,274,12345,FER,S,LUTHER KING - TEKFOR,14:15,Bivio CONDOVE,14.24,SANT'ANTONINO - Stazione FS,14.29,BRUZOLO,14.41,Bivio S.GIORIO,14.44,Bivio FORESTO,14.52,SUSA - Stazione FS,15.00,,,,,,,,,,,,,,,,,,,,,,,,,,,,,,,,,,,,,,,,,,,,,,,,,,,,,,,,,,,,,,,,,,,,
C1136,274,12345,FER,,CASCINE VICA,16:30,LUTHER KING - TEKFOR,16:50,AVIGLIANA - Stazione FS,16:56,S.AMBROGIO,17:00,Bivio CONDOVE,17:05,Bivio VAIE,17:07,SANT'ANTONINO - Stazione FS,17:10,Bivio VILLAR FOCCHIARDO,17:13,Bivio S.DIDERO,17:17,BRUZOLO,17:19,Bivio S.GIORIO,17:21,Bivio FORESTO,17:30,SUSA - Stazione FS,17:35,,,,,,,,,,,,,,,,,,,,,,,,,,,,,,,,,,,,,,,,,,,,,,,,,,,,,,,,
C1137,274,12345,FER,S,LUTHER KING - TEKFOR,17:20,AVIGLIANA - Stazione FS,17:23,S.AMBROGIO,17:25,Bivio CONDOVE,17:29,Bivio VAIE,17:31,SANT'ANTONINO - Stazione FS,17:35,Bivio VILLAR FOCCHIARDO,17:37,Bivio S.DIDERO,17:44,BRUZOLO,17:45,Bivio S.GIORIO,17:47,Bivio FORESTO,17:52,SUSA - Stazione FS,18:05,,,,,,,,,,,,,,,,,,,,,,,,,,,,,,,,,,,,,,,,,,,,,,,,,,,,,,,,,,
C1138,274,12345,FER,S,LUTHER KING - TEKFOR,22:15,Bivio CONDOVE,22:25,SANT'ANTONINO - Stazione FS,22:30,BRUZOLO,22:40,Bivio S.GIORIO,22:42,Bivio FORESTO,22:47,SUSA - Stazione FS,22:55,,,,,,,,,,,,,,,,,,,,,,,,,,,,,,,,,,,,,,,,,,,,,,,,,,,,,,,,,,,,,,,,,,,,
